# Exported from LeRobot table.usd
# source=/home/zxro/arena/lerobot/src/lerobot/assets/openarm_use/table.usd
# root_prim=/table
# meters_per_unit=1.0
o table_visual
v -0.798665089 -0.499810533 -0.016558283
v -0.008668282 -0.497562117 -0.016467819
v -0.011513979 0.502428225 -0.019817159
v -0.801510786 0.500179809 -0.019907623
v -0.798666950 -0.499760298 -0.001558381
v -0.008670143 -0.497511882 -0.001467918
v -0.011515839 0.502478460 -0.004817258
v -0.801512647 0.500230044 -0.004907721
v 0.011331636 -0.497505195 -0.016465529
v 0.801328444 -0.495256779 -0.016375065
v 0.798482747 0.504733563 -0.019724405
v 0.008485940 0.502485147 -0.019814869
v 0.011329776 -0.497454960 -0.001465628
v 0.801326583 -0.495206544 -0.001375164
v 0.798480887 0.504783798 -0.004724504
v 0.008484079 0.502535382 -0.004814967
v -0.742451731 -0.399600465 -0.001886845
v -0.742953823 -0.397114894 -0.001895232
v -0.744368813 -0.395009933 -0.001902457
v -0.746481805 -0.393606925 -0.001907418
v -0.748970208 -0.393119022 -0.001909360
v -0.751455793 -0.393621082 -0.001907987
v -0.753560766 -0.395036095 -0.001903510
v -0.754963753 -0.397149076 -0.001896607
v -0.755451690 -0.399637464 -0.001888334
v -0.754949598 -0.402123035 -0.001879948
v -0.753534608 -0.404227996 -0.001872722
v -0.751421616 -0.405630974 -0.001867762
v -0.748933213 -0.406118907 -0.001865819
v -0.746447628 -0.405616817 -0.001867192
v -0.744342655 -0.404201834 -0.001871670
v -0.742939668 -0.402088854 -0.001878572
v -0.742452227 -0.399587069 0.002113140
v -0.742954319 -0.397101498 0.002104754
v -0.744369309 -0.394996537 0.002097529
v -0.746482301 -0.393593529 0.002092568
v -0.748970704 -0.393105626 0.002090625
v -0.751456289 -0.393607686 0.002091998
v -0.753561262 -0.395022699 0.002096476
v -0.754964249 -0.397135679 0.002103378
v -0.755452186 -0.399624068 0.002111652
v -0.754950094 -0.402109639 0.002120038
v -0.753535104 -0.404214600 0.002127263
v -0.751422112 -0.405617578 0.002132224
v -0.748933710 -0.406105511 0.002134167
v -0.746448125 -0.405603421 0.002132793
v -0.744343152 -0.404188438 0.002128316
v -0.742940165 -0.402075457 0.002121413
v -0.742736301 -0.299601437 -0.002221779
v -0.743238393 -0.297115866 -0.002230166
v -0.744653383 -0.295010875 -0.002237391
v -0.746766375 -0.293607897 -0.002242352
v -0.749254777 -0.293119993 -0.002244294
v -0.751740362 -0.293622054 -0.002242921
v -0.753845335 -0.295037037 -0.002238444
v -0.755248322 -0.297150047 -0.002231541
v -0.755736259 -0.299638436 -0.002223268
v -0.755234168 -0.302123977 -0.002214882
v -0.753819178 -0.304228967 -0.002207656
v -0.751706185 -0.305631946 -0.002202696
v -0.749217783 -0.306119849 -0.002200753
v -0.746732198 -0.305617789 -0.002202126
v -0.744627225 -0.304202806 -0.002206604
v -0.743224238 -0.302089795 -0.002213506
v -0.742736797 -0.299588041 0.001778206
v -0.743238889 -0.297102470 0.001769820
v -0.744653879 -0.294997479 0.001762595
v -0.746766871 -0.293594501 0.001757634
v -0.749255273 -0.293106597 0.001755691
v -0.751740858 -0.293608658 0.001757064
v -0.753845831 -0.295023641 0.001761542
v -0.755248818 -0.297136651 0.001768445
v -0.755736756 -0.299625040 0.001776718
v -0.755234664 -0.302110581 0.001785104
v -0.753819674 -0.304215571 0.001792329
v -0.751706682 -0.305618550 0.001797290
v -0.749218279 -0.306106453 0.001799233
v -0.746732694 -0.305604393 0.001797860
v -0.744627721 -0.304189410 0.001793382
v -0.743224734 -0.302076399 0.001786479
v -0.743020870 -0.199602394 -0.002556713
v -0.743522962 -0.197116823 -0.002565100
v -0.744937952 -0.195011847 -0.002572325
v -0.747050945 -0.193608869 -0.002577286
v -0.749539347 -0.193120950 -0.002579228
v -0.752024932 -0.193623025 -0.002577855
v -0.754129905 -0.195038008 -0.002573378
v -0.755532892 -0.197151004 -0.002566475
v -0.756020829 -0.199639393 -0.002558202
v -0.755518737 -0.202124964 -0.002549815
v -0.754103747 -0.204229924 -0.002542590
v -0.751990755 -0.205632917 -0.002537630
v -0.749502353 -0.206120821 -0.002535687
v -0.747016768 -0.205618761 -0.002537060
v -0.744911795 -0.204203763 -0.002541538
v -0.743508808 -0.202090782 -0.002548440
v -0.743021367 -0.199588997 0.001443272
v -0.743523458 -0.197103427 0.001434886
v -0.744938449 -0.194998451 0.001427661
v -0.747051441 -0.193595473 0.001422700
v -0.749539843 -0.193107554 0.001420757
v -0.752025428 -0.193609629 0.001422130
v -0.754130401 -0.195024612 0.001426608
v -0.755533388 -0.197137608 0.001433511
v -0.756021325 -0.199625997 0.001441784
v -0.755519233 -0.202111568 0.001450170
v -0.754104243 -0.204216528 0.001457395
v -0.751991251 -0.205619521 0.001462356
v -0.749502849 -0.206107425 0.001464299
v -0.747017264 -0.205605365 0.001462926
v -0.744912291 -0.204190367 0.001458448
v -0.743509304 -0.202077386 0.001451545
v -0.743305440 -0.099603358 -0.002891647
v -0.743807532 -0.097117787 -0.002900034
v -0.745222522 -0.095012819 -0.002907259
v -0.747335514 -0.093609833 -0.002912220
v -0.749823916 -0.093121922 -0.002914162
v -0.752309502 -0.093623990 -0.002912789
v -0.754414475 -0.095038980 -0.002908312
v -0.755817462 -0.097151968 -0.002901409
v -0.756305399 -0.099640357 -0.002893136
v -0.755803307 -0.102125921 -0.002884750
v -0.754388317 -0.104230889 -0.002877524
v -0.752275325 -0.105633874 -0.002872564
v -0.749786922 -0.106121793 -0.002870621
v -0.747301337 -0.105619718 -0.002871994
v -0.745196364 -0.104204727 -0.002876472
v -0.743793377 -0.102091739 -0.002883374
v -0.743305936 -0.099589962 0.001108338
v -0.743808028 -0.097104391 0.001099952
v -0.745223018 -0.094999423 0.001092727
v -0.747336010 -0.093596437 0.001087766
v -0.749824413 -0.093108526 0.001085823
v -0.752309998 -0.093610594 0.001087196
v -0.754414971 -0.095025584 0.001091674
v -0.755817958 -0.097138572 0.001098577
v -0.756305895 -0.099626961 0.001106850
v -0.755803803 -0.102112525 0.001115236
v -0.754388813 -0.104217493 0.001122461
v -0.752275821 -0.105620478 0.001127422
v -0.749787419 -0.106108397 0.001129365
v -0.747301834 -0.105606322 0.001127992
v -0.745196861 -0.104191331 0.001123514
v -0.743793874 -0.102078343 0.001116611
v -0.743590010 0.000395678 -0.003226581
v -0.744092102 0.002881245 -0.003234968
v -0.745507092 0.004986215 -0.003242193
v -0.747620084 0.006389198 -0.003247154
v -0.750108486 0.006877116 -0.003249096
v -0.752594071 0.006375042 -0.003247723
v -0.754699044 0.004960053 -0.003243246
v -0.756102031 0.002847063 -0.003236343
v -0.756589968 0.000358679 -0.003228070
v -0.756087877 -0.002126889 -0.003219683
v -0.754672887 -0.004231858 -0.003212458
v -0.752559894 -0.005634842 -0.003207498
v -0.750071492 -0.006122759 -0.003205555
v -0.747585907 -0.005620685 -0.003206928
v -0.745480934 -0.004205697 -0.003211406
v -0.744077947 -0.002092707 -0.003218308
v -0.743590506 0.000409074 0.000773404
v -0.744092598 0.002894641 0.000765018
v -0.745507588 0.004999611 0.000757793
v -0.747620580 0.006402594 0.000752832
v -0.750108982 0.006890512 0.000750889
v -0.752594567 0.006388438 0.000752262
v -0.754699540 0.004973449 0.000756740
v -0.756102527 0.002860460 0.000763643
v -0.756590465 0.000372075 0.000771916
v -0.756088373 -0.002113493 0.000780302
v -0.754673383 -0.004218462 0.000787527
v -0.752560391 -0.005621446 0.000792488
v -0.750071988 -0.006109363 0.000794431
v -0.747586403 -0.005607289 0.000793058
v -0.745481430 -0.004192301 0.000788580
v -0.744078443 -0.002079311 0.000781677
v -0.743874579 0.100394714 -0.003561515
v -0.744376671 0.102880277 -0.003569902
v -0.745791661 0.104985245 -0.003577127
v -0.747904653 0.106388231 -0.003582088
v -0.750393056 0.106876149 -0.003584030
v -0.752878641 0.106374074 -0.003582657
v -0.754983614 0.104959084 -0.003578179
v -0.756386601 0.102846095 -0.003571277
v -0.756874538 0.100357714 -0.003563004
v -0.756372446 0.097872143 -0.003554617
v -0.754957456 0.095767175 -0.003547392
v -0.752844464 0.094364190 -0.003542432
v -0.750356062 0.093876278 -0.003540489
v -0.747870477 0.094378346 -0.003541862
v -0.745765504 0.095793337 -0.003546340
v -0.744362517 0.097906325 -0.003553242
v -0.743875076 0.100408110 0.000438470
v -0.744377167 0.102893673 0.000430084
v -0.745792157 0.104998641 0.000422859
v -0.747905150 0.106401627 0.000417898
v -0.750393552 0.106889545 0.000415955
v -0.752879137 0.106387470 0.000417328
v -0.754984110 0.104972480 0.000421806
v -0.756387097 0.102859491 0.000428709
v -0.756875034 0.100371110 0.000436982
v -0.756372943 0.097885539 0.000445368
v -0.754957952 0.095780571 0.000452593
v -0.752844960 0.094377586 0.000457554
v -0.750356558 0.093889674 0.000459497
v -0.747870973 0.094391742 0.000458124
v -0.745766000 0.095806733 0.000453646
v -0.744363013 0.097919721 0.000446743
v -0.744159149 0.200393749 -0.003896449
v -0.744661241 0.202879320 -0.003904836
v -0.746076231 0.204984281 -0.003912061
v -0.748189223 0.206387274 -0.003917022
v -0.750677625 0.206875178 -0.003918964
v -0.753163211 0.206373117 -0.003917591
v -0.755268184 0.204958119 -0.003913113
v -0.756671171 0.202845139 -0.003906211
v -0.757159108 0.200356750 -0.003897938
v -0.756657016 0.197871179 -0.003889551
v -0.755242026 0.195766203 -0.003882326
v -0.753129034 0.194363225 -0.003877366
v -0.750640631 0.193875307 -0.003875423
v -0.748155046 0.194377382 -0.003876796
v -0.746050073 0.195792365 -0.003881274
v -0.744647086 0.197905361 -0.003888176
v -0.744159645 0.200407145 0.000103536
v -0.744661737 0.202892716 0.000095150
v -0.746076727 0.204997677 0.000087925
v -0.748189719 0.206400670 0.000082964
v -0.750678122 0.206888574 0.000081021
v -0.753163707 0.206386513 0.000082394
v -0.755268680 0.204971516 0.000086872
v -0.756671667 0.202858535 0.000093775
v -0.757159604 0.200370146 0.000102048
v -0.756657512 0.197884575 0.000110434
v -0.755242522 0.195779600 0.000117659
v -0.753129530 0.194376621 0.000122620
v -0.750641128 0.193888703 0.000124563
v -0.748155543 0.194390778 0.000123190
v -0.746050569 0.195805761 0.000118712
v -0.744647583 0.197918757 0.000111809
v -0.744443719 0.300392792 -0.004231383
v -0.744945811 0.302878333 -0.004239770
v -0.746360801 0.304983324 -0.004246995
v -0.748473793 0.306386302 -0.004251956
v -0.750962195 0.306874206 -0.004253898
v -0.753447780 0.306372146 -0.004252525
v -0.755552753 0.304957163 -0.004248047
v -0.756955740 0.302844152 -0.004241145
v -0.757443678 0.300355793 -0.004232872
v -0.756941586 0.297870222 -0.004224485
v -0.755526596 0.295765232 -0.004217260
v -0.753413603 0.294362254 -0.004212300
v -0.750925201 0.293874350 -0.004210357
v -0.748439616 0.294376410 -0.004211730
v -0.746334643 0.295791393 -0.004216208
v -0.744931656 0.297904404 -0.004223110
v -0.744444215 0.300406188 -0.000231398
v -0.744946307 0.302891729 -0.000239784
v -0.746361297 0.304996720 -0.000247009
v -0.748474289 0.306399698 -0.000251970
v -0.750962691 0.306887602 -0.000253913
v -0.753448276 0.306385542 -0.000252540
v -0.755553249 0.304970559 -0.000248062
v -0.756956236 0.302857548 -0.000241159
v -0.757444174 0.300369189 -0.000232886
v -0.756942082 0.297883618 -0.000224500
v -0.755527092 0.295778628 -0.000217275
v -0.753414100 0.294375650 -0.000212314
v -0.750925697 0.293887746 -0.000210371
v -0.748440112 0.294389806 -0.000211744
v -0.746335139 0.295804789 -0.000216222
v -0.744932152 0.297917800 -0.000223125
v -0.744728288 0.400391821 -0.004566317
v -0.745230380 0.402877392 -0.004574704
v -0.746645370 0.404982352 -0.004581929
v -0.748758362 0.406385330 -0.004586890
v -0.751246765 0.406873264 -0.004588832
v -0.753732350 0.406371174 -0.004587459
v -0.755837323 0.404956191 -0.004582981
v -0.757240310 0.402843210 -0.004576079
v -0.757728247 0.400354821 -0.004567806
v -0.757226155 0.397869250 -0.004559419
v -0.755811165 0.395764290 -0.004552194
v -0.753698173 0.394361282 -0.004547234
v -0.751209771 0.393873378 -0.004545291
v -0.748724186 0.394375438 -0.004546664
v -0.746619213 0.395790451 -0.004551142
v -0.745216226 0.397903432 -0.004558044
v -0.744728785 0.400405217 -0.000566332
v -0.745230876 0.402890788 -0.000574718
v -0.746645866 0.404995748 -0.000581943
v -0.748758859 0.406398726 -0.000586904
v -0.751247261 0.406886660 -0.000588847
v -0.753732846 0.406384570 -0.000587474
v -0.755837819 0.404969587 -0.000582996
v -0.757240806 0.402856606 -0.000576093
v -0.757728743 0.400368217 -0.000567820
v -0.757226652 0.397882646 -0.000559434
v -0.755811661 0.395777686 -0.000552209
v -0.753698669 0.394374678 -0.000547248
v -0.751210267 0.393886774 -0.000545305
v -0.748724682 0.394388834 -0.000546678
v -0.746619709 0.395803847 -0.000551156
v -0.745216722 0.397916828 -0.000558059
v -0.642452113 -0.399315855 -0.001875394
v -0.642954205 -0.396830284 -0.001883781
v -0.644369195 -0.394725324 -0.001891006
v -0.646482187 -0.393322316 -0.001895967
v -0.648970589 -0.392834412 -0.001897909
v -0.651456174 -0.393336472 -0.001896536
v -0.653561147 -0.394751485 -0.001892058
v -0.654964194 -0.396864466 -0.001885156
v -0.655452072 -0.399352854 -0.001876883
v -0.654950039 -0.401838426 -0.001868496
v -0.653534990 -0.403943386 -0.001861271
v -0.651421998 -0.405346364 -0.001856311
v -0.648933595 -0.405834298 -0.001854368
v -0.646448010 -0.405332208 -0.001855741
v -0.644343037 -0.403917225 -0.001860219
v -0.642940050 -0.401804244 -0.001867121
v -0.642452609 -0.399302459 0.002124591
v -0.642954701 -0.396816888 0.002116205
v -0.644369691 -0.394711928 0.002108980
v -0.646482683 -0.393308920 0.002104019
v -0.648971086 -0.392821016 0.002102076
v -0.651456671 -0.393323076 0.002103449
v -0.653561644 -0.394738089 0.002107927
v -0.654964690 -0.396851070 0.002114830
v -0.655452568 -0.399339458 0.002123103
v -0.654950536 -0.401825030 0.002131489
v -0.653535486 -0.403929990 0.002138714
v -0.651422494 -0.405332968 0.002143675
v -0.648934091 -0.405820902 0.002145618
v -0.646448506 -0.405318812 0.002144245
v -0.644343533 -0.403903829 0.002139767
v -0.642940546 -0.401790848 0.002132864
v -0.642736683 -0.299316827 -0.002210328
v -0.643238774 -0.296831256 -0.002218715
v -0.644653765 -0.294726266 -0.002225940
v -0.646766757 -0.293323287 -0.002230901
v -0.649255159 -0.292835384 -0.002232843
v -0.651740744 -0.293337444 -0.002231470
v -0.653845717 -0.294752427 -0.002226993
v -0.655248764 -0.296865438 -0.002220090
v -0.655736641 -0.299353826 -0.002211817
v -0.655234609 -0.301839368 -0.002203431
v -0.653819559 -0.303944358 -0.002196205
v -0.651706567 -0.305347336 -0.002191245
v -0.649218165 -0.305835240 -0.002189302
v -0.646732580 -0.305333180 -0.002190675
v -0.644627607 -0.303918197 -0.002195153
v -0.643224620 -0.301805186 -0.002202055
v -0.642737179 -0.299303431 0.001789657
v -0.643239271 -0.296817860 0.001781271
v -0.644654261 -0.294712870 0.001774046
v -0.646767253 -0.293309891 0.001769085
v -0.649255655 -0.292821988 0.001767142
v -0.651741240 -0.293324048 0.001768515
v -0.653846213 -0.294739031 0.001772993
v -0.655249260 -0.296852042 0.001779896
v -0.655737137 -0.299340430 0.001788169
v -0.655235105 -0.301825972 0.001796555
v -0.653820056 -0.303930962 0.001803780
v -0.651707063 -0.305333940 0.001808741
v -0.649218661 -0.305821844 0.001810684
v -0.646733076 -0.305319783 0.001809311
v -0.644628103 -0.303904800 0.001804833
v -0.643225116 -0.301791790 0.001797930
v -0.643021252 -0.199317784 -0.002545262
v -0.643523344 -0.196832213 -0.002553649
v -0.644938334 -0.194727237 -0.002560874
v -0.647051326 -0.193324259 -0.002565835
v -0.649539729 -0.192836341 -0.002567777
v -0.652025314 -0.193338416 -0.002566404
v -0.654130287 -0.194753399 -0.002561926
v -0.655533333 -0.196866395 -0.002555024
v -0.656021211 -0.199354783 -0.002546751
v -0.655519179 -0.201840354 -0.002538364
v -0.654104129 -0.203945315 -0.002531139
v -0.651991137 -0.205348308 -0.002526179
v -0.649502735 -0.205836212 -0.002524236
v -0.647017149 -0.205334151 -0.002525609
v -0.644912177 -0.203919153 -0.002530087
v -0.643509190 -0.201806172 -0.002536989
v -0.643021748 -0.199304388 0.001454723
v -0.643523840 -0.196818817 0.001446337
v -0.644938830 -0.194713841 0.001439112
v -0.647051823 -0.193310863 0.001434151
v -0.649540225 -0.192822944 0.001432208
v -0.652025810 -0.193325020 0.001433581
v -0.654130783 -0.194740003 0.001438059
v -0.655533829 -0.196852999 0.001444962
v -0.656021707 -0.199341387 0.001453235
v -0.655519675 -0.201826958 0.001461621
v -0.654104625 -0.203931919 0.001468846
v -0.651991633 -0.205334912 0.001473807
v -0.649503231 -0.205822815 0.001475750
v -0.647017646 -0.205320755 0.001474377
v -0.644912673 -0.203905757 0.001469899
v -0.643509686 -0.201792776 0.001462996
v -0.643305822 -0.099318748 -0.002880196
v -0.643807914 -0.096833177 -0.002888583
v -0.645222904 -0.094728209 -0.002895808
v -0.647335896 -0.093325223 -0.002900769
v -0.649824298 -0.092837312 -0.002902711
v -0.652309883 -0.093339380 -0.002901338
v -0.654414856 -0.094754370 -0.002896860
v -0.655817903 -0.096867359 -0.002889958
v -0.656305781 -0.099355747 -0.002881685
v -0.655803748 -0.101841311 -0.002873298
v -0.654388699 -0.103946279 -0.002866073
v -0.652275707 -0.105349265 -0.002861113
v -0.649787304 -0.105837183 -0.002859170
v -0.647301719 -0.105335108 -0.002860543
v -0.645196746 -0.103920118 -0.002865021
v -0.643793759 -0.101807129 -0.002871923
v -0.643306318 -0.099305352 0.001119789
v -0.643808410 -0.096819781 0.001111403
v -0.645223400 -0.094714813 0.001104178
v -0.647336392 -0.093311827 0.001099217
v -0.649824794 -0.092823916 0.001097274
v -0.652310380 -0.093325984 0.001098647
v -0.654415353 -0.094740974 0.001103125
v -0.655818399 -0.096853963 0.001110028
v -0.656306277 -0.099342351 0.001118301
v -0.655804245 -0.101827915 0.001126687
v -0.654389195 -0.103932883 0.001133912
v -0.652276203 -0.105335869 0.001138873
v -0.649787800 -0.105823787 0.001140816
v -0.647302215 -0.105321712 0.001139443
v -0.645197242 -0.103906722 0.001134965
v -0.643794255 -0.101793733 0.001128062
v -0.643590392 0.000680288 -0.003215130
v -0.644092483 0.003165855 -0.003223517
v -0.645507473 0.005270824 -0.003230742
v -0.647620466 0.006673808 -0.003235703
v -0.650108868 0.007161725 -0.003237645
v -0.652594453 0.006659652 -0.003236272
v -0.654699426 0.005244663 -0.003231794
v -0.656102473 0.003131673 -0.003224892
v -0.656590350 0.000643288 -0.003216619
v -0.656088318 -0.001842279 -0.003208232
v -0.654673268 -0.003947248 -0.003201007
v -0.652560276 -0.005350232 -0.003196047
v -0.650071874 -0.005838149 -0.003194104
v -0.647586289 -0.005336076 -0.003195477
v -0.645481316 -0.003921087 -0.003199955
v -0.644078329 -0.001808097 -0.003206857
v -0.643590888 0.000693684 0.000784855
v -0.644092980 0.003179251 0.000776469
v -0.645507970 0.005284220 0.000769244
v -0.647620962 0.006687204 0.000764283
v -0.650109364 0.007175121 0.000762340
v -0.652594949 0.006673048 0.000763713
v -0.654699922 0.005258059 0.000768191
v -0.656102969 0.003145069 0.000775094
v -0.656590846 0.000656684 0.000783367
v -0.656088814 -0.001828883 0.000791753
v -0.654673765 -0.003933852 0.000798978
v -0.652560772 -0.005336836 0.000803939
v -0.650072370 -0.005824753 0.000805882
v -0.647586785 -0.005322680 0.000804509
v -0.645481812 -0.003907691 0.000800031
v -0.644078825 -0.001794701 0.000793129
v -0.643874961 0.100679323 -0.003550064
v -0.644377053 0.103164887 -0.003558451
v -0.645792043 0.105269855 -0.003565676
v -0.647905035 0.106672840 -0.003570637
v -0.650393438 0.107160759 -0.003572579
v -0.652879023 0.106658684 -0.003571206
v -0.654983996 0.105243693 -0.003566728
v -0.656387042 0.103130705 -0.003559826
v -0.656874920 0.100642324 -0.003551553
v -0.656372888 0.098156753 -0.003543166
v -0.654957838 0.096051785 -0.003535941
v -0.652844846 0.094648799 -0.003530981
v -0.650356444 0.094160888 -0.003529038
v -0.647870858 0.094662956 -0.003530411
v -0.645765885 0.096077946 -0.003534889
v -0.644362899 0.098190935 -0.003541791
v -0.643875457 0.100692719 0.000449921
v -0.644377549 0.103178283 0.000441535
v -0.645792539 0.105283251 0.000434310
v -0.647905531 0.106686236 0.000429349
v -0.650393934 0.107174155 0.000427406
v -0.652879519 0.106672080 0.000428780
v -0.654984492 0.105257090 0.000433257
v -0.656387538 0.103144101 0.000440160
v -0.656875416 0.100655720 0.000448433
v -0.656373384 0.098170149 0.000456819
v -0.654958334 0.096065181 0.000464044
v -0.652845342 0.094662195 0.000469005
v -0.650356940 0.094174284 0.000470948
v -0.647871355 0.094676352 0.000469575
v -0.645766382 0.096091342 0.000465097
v -0.644363395 0.098204331 0.000458195
v -0.644159531 0.200678359 -0.003884998
v -0.644661623 0.203163930 -0.003893385
v -0.646076613 0.205268890 -0.003900610
v -0.648189605 0.206671884 -0.003905571
v -0.650678007 0.207159787 -0.003907513
v -0.653163592 0.206657727 -0.003906140
v -0.655268565 0.205242729 -0.003901662
v -0.656671612 0.203129748 -0.003894760
v -0.657159490 0.200641360 -0.003886487
v -0.656657457 0.198155789 -0.003878100
v -0.655242408 0.196050813 -0.003870875
v -0.653129416 0.194647835 -0.003865915
v -0.650641013 0.194159916 -0.003863972
v -0.648155428 0.194661991 -0.003865345
v -0.646050455 0.196076974 -0.003869823
v -0.644647468 0.198189970 -0.003876725
v -0.644160027 0.200691755 0.000114987
v -0.644662119 0.203177326 0.000106601
v -0.646077109 0.205282286 0.000099376
v -0.648190101 0.206685280 0.000094415
v -0.650678503 0.207173183 0.000092472
v -0.653164089 0.206671123 0.000093845
v -0.655269062 0.205256125 0.000098323
v -0.656672108 0.203143144 0.000105226
v -0.657159986 0.200654756 0.000113499
v -0.656657954 0.198169185 0.000121885
v -0.655242904 0.196064209 0.000129110
v -0.653129912 0.194661231 0.000134071
v -0.650641509 0.194173312 0.000136014
v -0.648155924 0.194675387 0.000134641
v -0.646050951 0.196090370 0.000130163
v -0.644647964 0.198203366 0.000123261
v -0.644444101 0.300677402 -0.004219932
v -0.644946192 0.303162943 -0.004228319
v -0.646361182 0.305267934 -0.004235544
v -0.648474175 0.306670912 -0.004240505
v -0.650962577 0.307158816 -0.004242447
v -0.653448162 0.306656755 -0.004241074
v -0.655553135 0.305241772 -0.004236596
v -0.656956182 0.303128761 -0.004229694
v -0.657444059 0.300640403 -0.004221421
v -0.656942027 0.298154832 -0.004213034
v -0.655526977 0.296049841 -0.004205809
v -0.653413985 0.294646863 -0.004200849
v -0.650925583 0.294158959 -0.004198906
v -0.648439998 0.294661020 -0.004200279
v -0.646335025 0.296076003 -0.004204757
v -0.644932038 0.298189013 -0.004211659
v -0.644444597 0.300690798 -0.000219947
v -0.644946689 0.303176339 -0.000228333
v -0.646361679 0.305281330 -0.000235558
v -0.648474671 0.306684308 -0.000240519
v -0.650963073 0.307172212 -0.000242462
v -0.653448658 0.306670151 -0.000241088
v -0.655553631 0.305255168 -0.000236611
v -0.656956678 0.303142157 -0.000229708
v -0.657444556 0.300653799 -0.000221435
v -0.656942523 0.298168228 -0.000213049
v -0.655527474 0.296063237 -0.000205824
v -0.653414481 0.294660259 -0.000200863
v -0.650926079 0.294172355 -0.000198920
v -0.648440494 0.294674416 -0.000200293
v -0.646335521 0.296089399 -0.000204771
v -0.644932534 0.298202409 -0.000211673
v -0.644728670 0.400676430 -0.004554866
v -0.645230762 0.403162001 -0.004563253
v -0.646645752 0.405266962 -0.004570478
v -0.648758744 0.406669940 -0.004575439
v -0.651247147 0.407157874 -0.004577381
v -0.653732732 0.406655784 -0.004576008
v -0.655837705 0.405240801 -0.004571530
v -0.657240751 0.403127819 -0.004564628
v -0.657728629 0.400639431 -0.004556355
v -0.657226597 0.398153860 -0.004547968
v -0.655811547 0.396048899 -0.004540743
v -0.653698555 0.394645891 -0.004535782
v -0.651210153 0.394157988 -0.004533840
v -0.648724567 0.394660048 -0.004535213
v -0.646619595 0.396075061 -0.004539691
v -0.645216608 0.398188042 -0.004546593
v -0.644729166 0.400689826 -0.000554881
v -0.645231258 0.403175397 -0.000563267
v -0.646646248 0.405280358 -0.000570492
v -0.648759240 0.406683336 -0.000575453
v -0.651247643 0.407171270 -0.000577396
v -0.653733228 0.406669180 -0.000576022
v -0.655838201 0.405254197 -0.000571545
v -0.657241247 0.403141215 -0.000564642
v -0.657729125 0.400652827 -0.000556369
v -0.657227093 0.398167256 -0.000547983
v -0.655812043 0.396062295 -0.000540758
v -0.653699051 0.394659287 -0.000535797
v -0.651210649 0.394171384 -0.000533854
v -0.648725064 0.394673444 -0.000535227
v -0.646620091 0.396088457 -0.000539705
v -0.645217104 0.398201438 -0.000546607
v -0.542452554 -0.399031246 -0.001863943
v -0.542954646 -0.396545675 -0.001872330
v -0.544369636 -0.394440714 -0.001879555
v -0.546482628 -0.393037706 -0.001884516
v -0.548971031 -0.392549802 -0.001886458
v -0.551456616 -0.393051863 -0.001885085
v -0.553561589 -0.394466875 -0.001880607
v -0.554964576 -0.396579856 -0.001873705
v -0.555452513 -0.399068245 -0.001865432
v -0.554950421 -0.401553816 -0.001857045
v -0.553535431 -0.403658777 -0.001849820
v -0.551422439 -0.405061755 -0.001844860
v -0.548934037 -0.405549688 -0.001842917
v -0.546448452 -0.405047598 -0.001844290
v -0.544343479 -0.403632615 -0.001848768
v -0.542940492 -0.401519634 -0.001855670
v -0.542453051 -0.399017850 0.002136042
v -0.542955142 -0.396532279 0.002127656
v -0.544370132 -0.394427318 0.002120431
v -0.546483125 -0.393024310 0.002115470
v -0.548971527 -0.392536406 0.002113527
v -0.551457112 -0.393038467 0.002114900
v -0.553562085 -0.394453479 0.002119378
v -0.554965072 -0.396566460 0.002126281
v -0.555453009 -0.399054849 0.002134554
v -0.554950917 -0.401540420 0.002142940
v -0.553535927 -0.403645381 0.002150165
v -0.551422935 -0.405048359 0.002155126
v -0.548934533 -0.405536292 0.002157069
v -0.546448948 -0.405034202 0.002155696
v -0.544343975 -0.403619219 0.002151218
v -0.542940988 -0.401506238 0.002144316
v -0.542737124 -0.299032217 -0.002198877
v -0.543239216 -0.296546647 -0.002207264
v -0.544654206 -0.294441656 -0.002214489
v -0.546767198 -0.293038678 -0.002219450
v -0.549255600 -0.292550774 -0.002221392
v -0.551741186 -0.293052834 -0.002220019
v -0.553846159 -0.294467817 -0.002215541
v -0.555249145 -0.296580828 -0.002208639
v -0.555737083 -0.299069217 -0.002200366
v -0.555234991 -0.301554758 -0.002191979
v -0.553820001 -0.303659748 -0.002184754
v -0.551707009 -0.305062726 -0.002179794
v -0.549218606 -0.305550630 -0.002177851
v -0.546733021 -0.305048570 -0.002179224
v -0.544628048 -0.303633587 -0.002183702
v -0.543225061 -0.301520576 -0.002190604
v -0.542737620 -0.299018821 0.001801108
v -0.543239712 -0.296533251 0.001792722
v -0.544654702 -0.294428260 0.001785497
v -0.546767694 -0.293025282 0.001780536
v -0.549256097 -0.292537378 0.001778593
v -0.551741682 -0.293039438 0.001779966
v -0.553846655 -0.294454421 0.001784444
v -0.555249642 -0.296567432 0.001791347
v -0.555737579 -0.299055821 0.001799620
v -0.555235487 -0.301541362 0.001808006
v -0.553820497 -0.303646352 0.001815231
v -0.551707505 -0.305049330 0.001820192
v -0.549219103 -0.305537234 0.001822135
v -0.546733517 -0.305035174 0.001820762
v -0.544628544 -0.303620191 0.001816284
v -0.543225558 -0.301507180 0.001809381
v -0.543021694 -0.199033174 -0.002533811
v -0.543523786 -0.196547603 -0.002542198
v -0.544938776 -0.194442628 -0.002549423
v -0.547051768 -0.193039650 -0.002554384
v -0.549540170 -0.192551731 -0.002556326
v -0.552025755 -0.193053806 -0.002554953
v -0.554130728 -0.194468789 -0.002550475
v -0.555533715 -0.196581785 -0.002543573
v -0.556021652 -0.199070174 -0.002535300
v -0.555519561 -0.201555745 -0.002526913
v -0.554104571 -0.203660705 -0.002519688
v -0.551991578 -0.205063698 -0.002514728
v -0.549503176 -0.205551602 -0.002512785
v -0.547017591 -0.205049542 -0.002514158
v -0.544912618 -0.203634544 -0.002518636
v -0.543509631 -0.201521563 -0.002525538
v -0.543022190 -0.199019778 0.001466174
v -0.543524282 -0.196534207 0.001457788
v -0.544939272 -0.194429232 0.001450563
v -0.547052264 -0.193026254 0.001445602
v -0.549540666 -0.192538335 0.001443659
v -0.552026251 -0.193040410 0.001445033
v -0.554131224 -0.194455393 0.001449510
v -0.555534211 -0.196568389 0.001456413
v -0.556022149 -0.199056778 0.001464686
v -0.555520057 -0.201542348 0.001473072
v -0.554105067 -0.203647309 0.001480297
v -0.551992075 -0.205050302 0.001485258
v -0.549503672 -0.205538206 0.001487201
v -0.547018087 -0.205036146 0.001485828
v -0.544913114 -0.203621148 0.001481350
v -0.543510127 -0.201508167 0.001474448
v -0.543306263 -0.099034139 -0.002868745
v -0.543808355 -0.096548568 -0.002877132
v -0.545223345 -0.094443600 -0.002884357
v -0.547336337 -0.093040614 -0.002889318
v -0.549824740 -0.092552703 -0.002891260
v -0.552310325 -0.093054770 -0.002889887
v -0.554415298 -0.094469761 -0.002885409
v -0.555818285 -0.096582749 -0.002878507
v -0.556306222 -0.099071138 -0.002870234
v -0.555804130 -0.101556701 -0.002861847
v -0.554389140 -0.103661669 -0.002854622
v -0.552276148 -0.105064655 -0.002849662
v -0.549787746 -0.105552574 -0.002847719
v -0.547302161 -0.105050499 -0.002849092
v -0.545197188 -0.103635508 -0.002853570
v -0.543794201 -0.101522520 -0.002860472
v -0.543306760 -0.099020743 0.001131240
v -0.543808851 -0.096535172 0.001122854
v -0.545223841 -0.094430204 0.001115629
v -0.547336834 -0.093027218 0.001110668
v -0.549825236 -0.092539307 0.001108725
v -0.552310821 -0.093041374 0.001110099
v -0.554415794 -0.094456365 0.001114576
v -0.555818781 -0.096569353 0.001121479
v -0.556306718 -0.099057742 0.001129752
v -0.555804626 -0.101543305 0.001138138
v -0.554389636 -0.103648273 0.001145363
v -0.552276644 -0.105051259 0.001150324
v -0.549788242 -0.105539178 0.001152267
v -0.547302657 -0.105037103 0.001150894
v -0.545197684 -0.103622112 0.001146416
v -0.543794697 -0.101509124 0.001139514
v -0.543590833 0.000964897 -0.003203679
v -0.544092925 0.003450464 -0.003212066
v -0.545507915 0.005555434 -0.003219291
v -0.547620907 0.006958418 -0.003224252
v -0.550109309 0.007446335 -0.003226194
v -0.552594895 0.006944261 -0.003224821
v -0.554699868 0.005529272 -0.003220343
v -0.556102854 0.003416283 -0.003213441
v -0.556590792 0.000927898 -0.003205168
v -0.556088700 -0.001557669 -0.003196781
v -0.554673710 -0.003662639 -0.003189556
v -0.552560718 -0.005065623 -0.003184596
v -0.550072315 -0.005553540 -0.003182653
v -0.547586730 -0.005051466 -0.003184026
v -0.545481757 -0.003636478 -0.003188504
v -0.544078770 -0.001523488 -0.003195406
v -0.543591329 0.000978293 0.000796306
v -0.544093421 0.003463860 0.000787920
v -0.545508411 0.005568830 0.000780695
v -0.547621403 0.006971814 0.000775734
v -0.550109806 0.007459731 0.000773791
v -0.552595391 0.006957657 0.000775165
v -0.554700364 0.005542668 0.000779642
v -0.556103351 0.003429679 0.000786545
v -0.556591288 0.000941294 0.000794818
v -0.556089196 -0.001544273 0.000803204
v -0.554674206 -0.003649243 0.000810429
v -0.552561214 -0.005052227 0.000815390
v -0.550072812 -0.005540144 0.000817333
v -0.547587226 -0.005038070 0.000815960
v -0.545482253 -0.003623082 0.000811482
v -0.544079267 -0.001510092 0.000804580
v -0.543875403 0.100963933 -0.003538613
v -0.544377495 0.103449496 -0.003547000
v -0.545792485 0.105554464 -0.003554225
v -0.547905477 0.106957450 -0.003559185
v -0.550393879 0.107445369 -0.003561128
v -0.552879464 0.106943293 -0.003559755
v -0.554984437 0.105528303 -0.003555277
v -0.556387424 0.103415315 -0.003548375
v -0.556875361 0.100926933 -0.003540102
v -0.556373270 0.098441363 -0.003531715
v -0.554958280 0.096336394 -0.003524490
v -0.552845287 0.094933409 -0.003519529
v -0.550356885 0.094445498 -0.003517587
v -0.547871300 0.094947565 -0.003518960
v -0.545766327 0.096362556 -0.003523438
v -0.544363340 0.098475544 -0.003530340
v -0.543875899 0.100977329 0.000461372
v -0.544377991 0.103462892 0.000452986
v -0.545792981 0.105567860 0.000445761
v -0.547905973 0.106970846 0.000440800
v -0.550394375 0.107458765 0.000438857
v -0.552879960 0.106956689 0.000440231
v -0.554984933 0.105541699 0.000444708
v -0.556387920 0.103428711 0.000451611
v -0.556875858 0.100940329 0.000459884
v -0.556373766 0.098454759 0.000468270
v -0.554958776 0.096349790 0.000475495
v -0.552845784 0.094946805 0.000480456
v -0.550357381 0.094458894 0.000482399
v -0.547871796 0.094960961 0.000481026
v -0.545766823 0.096375952 0.000476548
v -0.544363836 0.098488940 0.000469646
v -0.544159972 0.200962968 -0.003873547
v -0.544662064 0.203448539 -0.003881934
v -0.546077054 0.205553500 -0.003889159
v -0.548190046 0.206956493 -0.003894119
v -0.550678449 0.207444397 -0.003896062
v -0.553164034 0.206942337 -0.003894689
v -0.555269007 0.205527339 -0.003890211
v -0.556671994 0.203414358 -0.003883309
v -0.557159931 0.200925969 -0.003875036
v -0.556657839 0.198440398 -0.003866649
v -0.555242849 0.196335423 -0.003859424
v -0.553129857 0.194932444 -0.003854463
v -0.550641455 0.194444526 -0.003852521
v -0.548155870 0.194946601 -0.003853894
v -0.546050897 0.196361584 -0.003858372
v -0.544647910 0.198474580 -0.003865274
v -0.544160469 0.200976364 0.000126438
v -0.544662560 0.203461935 0.000118052
v -0.546077550 0.205566896 0.000110827
v -0.548190543 0.206969889 0.000105866
v -0.550678945 0.207457793 0.000103923
v -0.553164530 0.206955733 0.000105297
v -0.555269503 0.205540735 0.000109774
v -0.556672490 0.203427754 0.000116677
v -0.557160427 0.200939365 0.000124950
v -0.556658335 0.198453794 0.000133336
v -0.555243345 0.196348819 0.000140561
v -0.553130353 0.194945840 0.000145522
v -0.550641951 0.194457922 0.000147465
v -0.548156366 0.194959997 0.000146092
v -0.546051393 0.196374980 0.000141614
v -0.544648406 0.198487976 0.000134712
v -0.544444542 0.300962012 -0.004208481
v -0.544946634 0.303447553 -0.004216868
v -0.546361624 0.305552543 -0.004224093
v -0.548474616 0.306955521 -0.004229053
v -0.550963018 0.307443425 -0.004230996
v -0.553448604 0.306941365 -0.004229623
v -0.555553577 0.305526382 -0.004225145
v -0.556956563 0.303413371 -0.004218243
v -0.557444501 0.300925012 -0.004209970
v -0.556942409 0.298439441 -0.004201583
v -0.555527419 0.296334451 -0.004194358
v -0.553414427 0.294931473 -0.004189397
v -0.550926024 0.294443569 -0.004187455
v -0.548440439 0.294945629 -0.004188828
v -0.546335466 0.296360612 -0.004193306
v -0.544932479 0.298473623 -0.004200208
v -0.544445038 0.300975408 -0.000208496
v -0.544947130 0.303460949 -0.000216882
v -0.546362120 0.305565939 -0.000224107
v -0.548475112 0.306968917 -0.000229068
v -0.550963515 0.307456821 -0.000231010
v -0.553449100 0.306954761 -0.000229637
v -0.555554073 0.305539778 -0.000225160
v -0.556957060 0.303426767 -0.000218257
v -0.557444997 0.300938408 -0.000209984
v -0.556942905 0.298452837 -0.000201598
v -0.555527915 0.296347847 -0.000194373
v -0.553414923 0.294944869 -0.000189412
v -0.550926521 0.294456965 -0.000187469
v -0.548440935 0.294959025 -0.000188842
v -0.546335962 0.296374008 -0.000193320
v -0.544932976 0.298487019 -0.000200222
v -0.544729112 0.400961040 -0.004543415
v -0.545231204 0.403446611 -0.004551802
v -0.546646194 0.405551571 -0.004559027
v -0.548759186 0.406954550 -0.004563987
v -0.551247588 0.407442483 -0.004565930
v -0.553733173 0.406940393 -0.004564557
v -0.555838146 0.405525410 -0.004560079
v -0.557241133 0.403412429 -0.004553177
v -0.557729070 0.400924040 -0.004544904
v -0.557226979 0.398438470 -0.004536517
v -0.555811989 0.396333509 -0.004529292
v -0.553698996 0.394930501 -0.004524331
v -0.551210594 0.394442597 -0.004522389
v -0.548725009 0.394944657 -0.004523762
v -0.546620036 0.396359670 -0.004528240
v -0.545217049 0.398472651 -0.004535142
v -0.544729608 0.400974436 -0.000543430
v -0.545231700 0.403460007 -0.000551816
v -0.546646690 0.405564967 -0.000559041
v -0.548759682 0.406967946 -0.000564002
v -0.551248084 0.407455879 -0.000565945
v -0.553733669 0.406953789 -0.000564571
v -0.555838642 0.405538806 -0.000560094
v -0.557241629 0.403425825 -0.000553191
v -0.557729567 0.400937437 -0.000544918
v -0.557227475 0.398451866 -0.000536532
v -0.555812485 0.396346905 -0.000529307
v -0.553699492 0.394943897 -0.000524346
v -0.551211090 0.394455993 -0.000522403
v -0.548725505 0.394958053 -0.000523776
v -0.546620532 0.396373066 -0.000528254
v -0.545217545 0.398486047 -0.000535156
v -0.442452966 -0.398746636 -0.001852492
v -0.442955028 -0.396261065 -0.001860879
v -0.444370018 -0.394156104 -0.001868104
v -0.446483040 -0.392753097 -0.001873065
v -0.448971413 -0.392265193 -0.001875007
v -0.451456998 -0.392767253 -0.001873634
v -0.453562000 -0.394182266 -0.001869156
v -0.454964987 -0.396295247 -0.001862254
v -0.455452895 -0.398783635 -0.001853981
v -0.454950833 -0.401269206 -0.001845594
v -0.453535843 -0.403374167 -0.001838369
v -0.451422821 -0.404777145 -0.001833409
v -0.448934419 -0.405265079 -0.001831466
v -0.446448863 -0.404762989 -0.001832839
v -0.444343860 -0.403348006 -0.001837317
v -0.442940874 -0.401235025 -0.001844219
v -0.442453462 -0.398733240 0.002147493
v -0.442955524 -0.396247669 0.002139107
v -0.444370514 -0.394142708 0.002131882
v -0.446483536 -0.392739700 0.002126921
v -0.448971909 -0.392251797 0.002124978
v -0.451457494 -0.392753857 0.002126352
v -0.453562497 -0.394168870 0.002130829
v -0.454965484 -0.396281851 0.002137732
v -0.455453391 -0.398770239 0.002146005
v -0.454951329 -0.401255810 0.002154391
v -0.453536339 -0.403360771 0.002161616
v -0.451423317 -0.404763749 0.002166577
v -0.448934915 -0.405251683 0.002168520
v -0.446449359 -0.404749593 0.002167147
v -0.444344357 -0.403334610 0.002162669
v -0.442941370 -0.401221629 0.002155767
v -0.442737536 -0.298747608 -0.002187426
v -0.443239598 -0.296262037 -0.002195813
v -0.444654588 -0.294157046 -0.002203038
v -0.446767610 -0.292754068 -0.002207998
v -0.449255982 -0.292266164 -0.002209941
v -0.451741567 -0.292768225 -0.002208568
v -0.453846570 -0.294183208 -0.002204090
v -0.455249557 -0.296296218 -0.002197188
v -0.455737465 -0.298784607 -0.002188915
v -0.455235403 -0.301270148 -0.002180528
v -0.453820413 -0.303375139 -0.002173303
v -0.451707391 -0.304778117 -0.002168342
v -0.449218988 -0.305266021 -0.002166400
v -0.446733433 -0.304763960 -0.002167773
v -0.444628430 -0.303348977 -0.002172251
v -0.443225443 -0.301235967 -0.002179153
v -0.442738032 -0.298734212 0.001812560
v -0.443240094 -0.296248641 0.001804173
v -0.444655084 -0.294143650 0.001796948
v -0.446768106 -0.292740672 0.001791987
v -0.449256478 -0.292252768 0.001790044
v -0.451742064 -0.292754829 0.001791418
v -0.453847066 -0.294169812 0.001795895
v -0.455250053 -0.296282822 0.001802798
v -0.455737961 -0.298771211 0.001811071
v -0.455235899 -0.301256752 0.001819457
v -0.453820909 -0.303361743 0.001826682
v -0.451707887 -0.304764721 0.001831643
v -0.449219484 -0.305252625 0.001833586
v -0.446733929 -0.304750564 0.001832213
v -0.444628926 -0.303335581 0.001827735
v -0.443225939 -0.301222571 0.001820833
v -0.443022105 -0.198748565 -0.002522360
v -0.443524167 -0.196262994 -0.002530747
v -0.444939157 -0.194158018 -0.002537972
v -0.447052179 -0.192755040 -0.002542932
v -0.449540552 -0.192267121 -0.002544875
v -0.452026137 -0.192769196 -0.002543502
v -0.454131140 -0.194184180 -0.002539024
v -0.455534127 -0.196297175 -0.002532122
v -0.456022034 -0.198785564 -0.002523849
v -0.455519972 -0.201271135 -0.002515462
v -0.454104982 -0.203376096 -0.002508237
v -0.451991960 -0.204779089 -0.002503276
v -0.449503558 -0.205266992 -0.002501334
v -0.447018003 -0.204764932 -0.002502707
v -0.444913000 -0.203349934 -0.002507185
v -0.443510013 -0.201236953 -0.002514087
v -0.443022602 -0.198735169 0.001477626
v -0.443524664 -0.196249598 0.001469239
v -0.444939654 -0.194144622 0.001462014
v -0.447052676 -0.192741644 0.001457053
v -0.449541048 -0.192253725 0.001455110
v -0.452026633 -0.192755800 0.001456484
v -0.454131636 -0.194170784 0.001460961
v -0.455534623 -0.196283779 0.001467864
v -0.456022530 -0.198772168 0.001476137
v -0.455520468 -0.201257739 0.001484523
v -0.454105478 -0.203362700 0.001491748
v -0.451992456 -0.204765693 0.001496709
v -0.449504054 -0.205253596 0.001498652
v -0.447018499 -0.204751536 0.001497279
v -0.444913496 -0.203336538 0.001492801
v -0.443510509 -0.201223557 0.001485899
v -0.443306675 -0.098749529 -0.002857294
v -0.443808737 -0.096263958 -0.002865681
v -0.445223727 -0.094158990 -0.002872906
v -0.447336749 -0.092756004 -0.002877866
v -0.449825122 -0.092268093 -0.002879809
v -0.452310707 -0.092770161 -0.002878436
v -0.454415709 -0.094185151 -0.002873958
v -0.455818696 -0.096298140 -0.002867056
v -0.456306604 -0.098786528 -0.002858783
v -0.455804542 -0.101272092 -0.002850396
v -0.454389552 -0.103377060 -0.002843171
v -0.452276530 -0.104780045 -0.002838210
v -0.449788128 -0.105267964 -0.002836268
v -0.447302572 -0.104765889 -0.002837641
v -0.445197569 -0.103350899 -0.002842119
v -0.443794583 -0.101237910 -0.002849021
v -0.443307171 -0.098736133 0.001142692
v -0.443809233 -0.096250562 0.001134305
v -0.445224223 -0.094145594 0.001127080
v -0.447337245 -0.092742608 0.001122119
v -0.449825618 -0.092254697 0.001120177
v -0.452311203 -0.092756765 0.001121550
v -0.454416206 -0.094171755 0.001126027
v -0.455819193 -0.096284744 0.001132930
v -0.456307100 -0.098773132 0.001141203
v -0.455805038 -0.101258696 0.001149589
v -0.454390048 -0.103363664 0.001156814
v -0.452277026 -0.104766649 0.001161775
v -0.449788624 -0.105254568 0.001163718
v -0.447303068 -0.104752493 0.001162345
v -0.445198066 -0.103337502 0.001157867
v -0.443795079 -0.101224514 0.001150965
v -0.443591245 0.001249507 -0.003192228
v -0.444093307 0.003735074 -0.003200615
v -0.445508297 0.005840043 -0.003207840
v -0.447621319 0.007243027 -0.003212800
v -0.450109691 0.007730944 -0.003214743
v -0.452595276 0.007228871 -0.003213370
v -0.454700279 0.005813882 -0.003208892
v -0.456103266 0.003700892 -0.003201990
v -0.456591174 0.001212507 -0.003193717
v -0.456089112 -0.001273060 -0.003185330
v -0.454674122 -0.003378029 -0.003178105
v -0.452561100 -0.004781013 -0.003173144
v -0.450072697 -0.005268930 -0.003171202
v -0.447587142 -0.004766857 -0.003172575
v -0.445482139 -0.003351868 -0.003177053
v -0.444079152 -0.001238878 -0.003183955
v -0.443591741 0.001262903 0.000807758
v -0.444093803 0.003748470 0.000799371
v -0.445508793 0.005853439 0.000792146
v -0.447621815 0.007256423 0.000787185
v -0.450110187 0.007744340 0.000785243
v -0.452595773 0.007242267 0.000786616
v -0.454700775 0.005827278 0.000791093
v -0.456103762 0.003714288 0.000797996
v -0.456591670 0.001225903 0.000806269
v -0.456089608 -0.001259664 0.000814655
v -0.454674618 -0.003364633 0.000821880
v -0.452561596 -0.004767617 0.000826841
v -0.450073193 -0.005255534 0.000828784
v -0.447587638 -0.004753461 0.000827411
v -0.445482635 -0.003338472 0.000822933
v -0.444079648 -0.001225482 0.000816031
v -0.443875814 0.101248542 -0.003527162
v -0.444377876 0.103734106 -0.003535549
v -0.445792866 0.105839074 -0.003542774
v -0.447905888 0.107242060 -0.003547734
v -0.450394261 0.107729978 -0.003549677
v -0.452879846 0.107227903 -0.003548304
v -0.454984849 0.105812913 -0.003543826
v -0.456387836 0.103699924 -0.003536924
v -0.456875743 0.101211543 -0.003528651
v -0.456373681 0.098725972 -0.003520264
v -0.454958691 0.096621004 -0.003513039
v -0.452845669 0.095218018 -0.003508078
v -0.450357267 0.094730107 -0.003506136
v -0.447871712 0.095232175 -0.003507509
v -0.445766709 0.096647165 -0.003511987
v -0.444363722 0.098760154 -0.003518889
v -0.443876311 0.101261938 0.000472824
v -0.444378373 0.103747502 0.000464437
v -0.445793363 0.105852470 0.000457212
v -0.447906385 0.107255456 0.000452251
v -0.450394757 0.107743374 0.000450309
v -0.452880342 0.107241299 0.000451682
v -0.454985345 0.105826309 0.000456159
v -0.456388332 0.103713320 0.000463062
v -0.456876239 0.101224939 0.000471335
v -0.456374177 0.098739368 0.000479721
v -0.454959187 0.096634400 0.000486947
v -0.452846165 0.095231414 0.000491907
v -0.450357763 0.094743503 0.000493850
v -0.447872208 0.095245571 0.000492477
v -0.445767205 0.096660561 0.000487999
v -0.444364218 0.098773550 0.000481097
v -0.444160384 0.201247578 -0.003862096
v -0.444662446 0.203733149 -0.003870483
v -0.446077436 0.205838110 -0.003877708
v -0.448190458 0.207241103 -0.003882668
v -0.450678831 0.207729006 -0.003884611
v -0.453164416 0.207226946 -0.003883238
v -0.455269418 0.205811948 -0.003878760
v -0.456672405 0.203698967 -0.003871858
v -0.457160313 0.201210579 -0.003863585
v -0.456658251 0.198725008 -0.003855198
v -0.455243261 0.196620032 -0.003847973
v -0.453130239 0.195217054 -0.003843012
v -0.450641837 0.194729136 -0.003841070
v -0.448156281 0.195231211 -0.003842443
v -0.446051278 0.196646194 -0.003846921
v -0.444648292 0.198759189 -0.003853823
v -0.444160880 0.201260974 0.000137890
v -0.444662942 0.203746545 0.000129503
v -0.446077932 0.205851506 0.000122278
v -0.448190954 0.207254499 0.000117317
v -0.450679327 0.207742403 0.000115375
v -0.453164912 0.207240342 0.000116748
v -0.455269915 0.205825344 0.000121225
v -0.456672902 0.203712363 0.000128128
v -0.457160809 0.201223975 0.000136401
v -0.456658747 0.198738404 0.000144787
v -0.455243757 0.196633428 0.000152013
v -0.453130735 0.195230450 0.000156973
v -0.450642333 0.194742532 0.000158916
v -0.448156777 0.195244607 0.000157543
v -0.446051775 0.196659590 0.000153065
v -0.444648788 0.198772585 0.000146163
v -0.444444954 0.301246621 -0.004197030
v -0.444947016 0.303732162 -0.004205417
v -0.446362006 0.305837153 -0.004212642
v -0.448475028 0.307240131 -0.004217602
v -0.450963400 0.307728035 -0.004219545
v -0.453448985 0.307225974 -0.004218172
v -0.455553988 0.305810991 -0.004213694
v -0.456956975 0.303697981 -0.004206792
v -0.457444883 0.301209622 -0.004198519
v -0.456942821 0.298724051 -0.004190132
v -0.455527830 0.296619060 -0.004182907
v -0.453414808 0.295216082 -0.004177946
v -0.450926406 0.294728179 -0.004176004
v -0.448440851 0.295230239 -0.004177377
v -0.446335848 0.296645222 -0.004181854
v -0.444932861 0.298758233 -0.004188757
v -0.444445450 0.301260017 -0.000197044
v -0.444947512 0.303745558 -0.000205431
v -0.446362502 0.305850549 -0.000212656
v -0.448475524 0.307253527 -0.000217617
v -0.450963896 0.307741431 -0.000219559
v -0.453449482 0.307239371 -0.000218186
v -0.455554484 0.305824387 -0.000213709
v -0.456957471 0.303711377 -0.000206806
v -0.457445379 0.301223018 -0.000198533
v -0.456943317 0.298737447 -0.000190147
v -0.455528327 0.296632457 -0.000182921
v -0.453415305 0.295229478 -0.000177961
v -0.450926902 0.294741575 -0.000176018
v -0.448441347 0.295243635 -0.000177391
v -0.446336344 0.296658618 -0.000181869
v -0.444933357 0.298771629 -0.000188771
v -0.444729523 0.401245649 -0.004531964
v -0.445231585 0.403731220 -0.004540351
v -0.446646575 0.405836181 -0.004547576
v -0.448759597 0.407239159 -0.004552536
v -0.451247970 0.407727093 -0.004554479
v -0.453733555 0.407225003 -0.004553106
v -0.455838558 0.405810020 -0.004548628
v -0.457241545 0.403697039 -0.004541726
v -0.457729452 0.401208650 -0.004533453
v -0.457227390 0.398723079 -0.004525066
v -0.455812400 0.396618119 -0.004517841
v -0.453699378 0.395215111 -0.004512880
v -0.451210976 0.394727207 -0.004510938
v -0.448725421 0.395229267 -0.004512311
v -0.446620418 0.396644280 -0.004516789
v -0.445217431 0.398757261 -0.004523691
v -0.444730020 0.401259045 -0.000531978
v -0.445232082 0.403744616 -0.000540365
v -0.446647072 0.405849577 -0.000547590
v -0.448760094 0.407252555 -0.000552551
v -0.451248466 0.407740489 -0.000554493
v -0.453734051 0.407238399 -0.000553120
v -0.455839054 0.405823416 -0.000548643
v -0.457242041 0.403710435 -0.000541740
v -0.457729948 0.401222046 -0.000533467
v -0.457227886 0.398736475 -0.000525081
v -0.455812896 0.396631515 -0.000517855
v -0.453699874 0.395228507 -0.000512895
v -0.451211472 0.394740603 -0.000510952
v -0.448725917 0.395242663 -0.000512325
v -0.446620914 0.396657676 -0.000516803
v -0.445217927 0.398770657 -0.000523705
v -0.342453348 -0.398462026 -0.001841041
v -0.342955440 -0.395976455 -0.001849428
v -0.344370430 -0.393871495 -0.001856653
v -0.346483422 -0.392468487 -0.001861613
v -0.348971824 -0.391980583 -0.001863556
v -0.351457409 -0.392482643 -0.001862183
v -0.353562382 -0.393897656 -0.001857705
v -0.354965399 -0.396010637 -0.001850803
v -0.355453307 -0.398499026 -0.001842530
v -0.354951245 -0.400984597 -0.001834143
v -0.353536225 -0.403089557 -0.001826918
v -0.351423233 -0.404492535 -0.001821957
v -0.348934830 -0.404980469 -0.001820015
v -0.346449245 -0.404478379 -0.001821388
v -0.344344272 -0.403063396 -0.001825866
v -0.342941285 -0.400950415 -0.001832768
v -0.342453844 -0.398448630 0.002158945
v -0.342955936 -0.395963059 0.002150558
v -0.344370926 -0.393858099 0.002143333
v -0.346483918 -0.392455091 0.002138372
v -0.348972320 -0.391967187 0.002136430
v -0.351457906 -0.392469247 0.002137803
v -0.353562878 -0.393884260 0.002142280
v -0.354965895 -0.395997241 0.002149183
v -0.355453803 -0.398485630 0.002157456
v -0.354951741 -0.400971201 0.002165842
v -0.353536721 -0.403076161 0.002173068
v -0.351423729 -0.404479139 0.002178028
v -0.348935326 -0.404967073 0.002179971
v -0.346449741 -0.404464983 0.002178598
v -0.344344768 -0.403050000 0.002174120
v -0.342941781 -0.400937019 0.002167218
v -0.342737917 -0.298462998 -0.002175975
v -0.343240009 -0.295977427 -0.002184362
v -0.344654999 -0.293872437 -0.002191587
v -0.346767992 -0.292469459 -0.002196547
v -0.349256394 -0.291981555 -0.002198490
v -0.351741979 -0.292483615 -0.002197117
v -0.353846952 -0.293898598 -0.002192639
v -0.355249969 -0.296011609 -0.002185737
v -0.355737876 -0.298499997 -0.002177464
v -0.355235814 -0.300985539 -0.002169077
v -0.353820794 -0.303090529 -0.002161852
v -0.351707802 -0.304493507 -0.002156891
v -0.349219400 -0.304981411 -0.002154949
v -0.346733815 -0.304479351 -0.002156322
v -0.344628842 -0.303064368 -0.002160800
v -0.343225855 -0.300951357 -0.002167702
v -0.342738414 -0.298449602 0.001824011
v -0.343240505 -0.295964031 0.001815624
v -0.344655496 -0.293859041 0.001808399
v -0.346768488 -0.292456063 0.001803438
v -0.349256890 -0.291968159 0.001801496
v -0.351742475 -0.292470219 0.001802869
v -0.353847448 -0.293885202 0.001807346
v -0.355250465 -0.295998213 0.001814249
v -0.355738372 -0.298486601 0.001822522
v -0.355236310 -0.300972143 0.001830908
v -0.353821290 -0.303077133 0.001838134
v -0.351708298 -0.304480111 0.001843094
v -0.349219896 -0.304968015 0.001845037
v -0.346734311 -0.304465955 0.001843664
v -0.344629338 -0.303050972 0.001839186
v -0.343226351 -0.300937961 0.001832284
v -0.343022487 -0.198463955 -0.002510909
v -0.343524579 -0.195978384 -0.002519296
v -0.344939569 -0.193873409 -0.002526521
v -0.347052561 -0.192470430 -0.002531481
v -0.349540964 -0.191982512 -0.002533424
v -0.352026549 -0.192484587 -0.002532051
v -0.354131522 -0.193899570 -0.002527573
v -0.355534538 -0.196012566 -0.002520671
v -0.356022446 -0.198500954 -0.002512398
v -0.355520384 -0.200986525 -0.002504011
v -0.354105364 -0.203091486 -0.002496786
v -0.351992372 -0.204494479 -0.002491825
v -0.349503970 -0.204982383 -0.002489883
v -0.347018384 -0.204480322 -0.002491256
v -0.344913411 -0.203065325 -0.002495734
v -0.343510424 -0.200952344 -0.002502636
v -0.343022983 -0.198450559 0.001489077
v -0.343525075 -0.195964988 0.001480690
v -0.344940065 -0.193860013 0.001473465
v -0.347053057 -0.192457034 0.001468504
v -0.349541460 -0.191969116 0.001466562
v -0.352027045 -0.192471191 0.001467935
v -0.354132018 -0.193886174 0.001472412
v -0.355535035 -0.195999170 0.001479315
v -0.356022942 -0.198487558 0.001487588
v -0.355520880 -0.200973129 0.001495974
v -0.354105860 -0.203078090 0.001503200
v -0.351992868 -0.204481083 0.001508160
v -0.349504466 -0.204968987 0.001510103
v -0.347018881 -0.204466926 0.001508730
v -0.344913908 -0.203051929 0.001504252
v -0.343510921 -0.200938948 0.001497350
v -0.343307057 -0.098464919 -0.002845843
v -0.343809149 -0.095979348 -0.002854230
v -0.345224139 -0.093874380 -0.002861455
v -0.347337131 -0.092471395 -0.002866415
v -0.349825533 -0.091983484 -0.002868358
v -0.352311118 -0.092485551 -0.002866985
v -0.354416091 -0.093900542 -0.002862507
v -0.355819108 -0.096013530 -0.002855605
v -0.356307016 -0.098501919 -0.002847332
v -0.355804954 -0.100987482 -0.002838945
v -0.354389934 -0.103092450 -0.002831720
v -0.352276942 -0.104495436 -0.002826759
v -0.349788539 -0.104983355 -0.002824817
v -0.347302954 -0.104481279 -0.002826190
v -0.345197981 -0.103066289 -0.002830668
v -0.343794994 -0.100953301 -0.002837570
v -0.343307553 -0.098451523 0.001154143
v -0.343809645 -0.095965952 0.001145756
v -0.345224635 -0.093860984 0.001138531
v -0.347337627 -0.092457999 0.001133570
v -0.349826029 -0.091970087 0.001131628
v -0.352311614 -0.092472155 0.001133001
v -0.354416587 -0.093887146 0.001137478
v -0.355819604 -0.096000134 0.001144381
v -0.356307512 -0.098488523 0.001152654
v -0.355805450 -0.100974086 0.001161040
v -0.354390430 -0.103079054 0.001168266
v -0.352277438 -0.104482040 0.001173226
v -0.349789035 -0.104969958 0.001175169
v -0.347303450 -0.104467883 0.001173796
v -0.345198477 -0.103052893 0.001169318
v -0.343795490 -0.100939905 0.001162416
v -0.343591627 0.001534116 -0.003180777
v -0.344093718 0.004019684 -0.003189164
v -0.345508708 0.006124653 -0.003196389
v -0.347621701 0.007527637 -0.003201349
v -0.350110103 0.008015554 -0.003203292
v -0.352595688 0.007513480 -0.003201919
v -0.354700661 0.006098492 -0.003197441
v -0.356103678 0.003985502 -0.003190539
v -0.356591585 0.001497117 -0.003182266
v -0.356089523 -0.000988450 -0.003173879
v -0.354674503 -0.003093420 -0.003166654
v -0.352561511 -0.004496403 -0.003161693
v -0.350073109 -0.004984321 -0.003159751
v -0.347587524 -0.004482247 -0.003161124
v -0.345482551 -0.003067258 -0.003165601
v -0.344079564 -0.000954269 -0.003172504
v -0.343592123 0.001547512 0.000819209
v -0.344094214 0.004033080 0.000810822
v -0.345509205 0.006138049 0.000803597
v -0.347622197 0.007541033 0.000798636
v -0.350110599 0.008028950 0.000796694
v -0.352596184 0.007526876 0.000798067
v -0.354701157 0.006111888 0.000802544
v -0.356104174 0.003998898 0.000809447
v -0.356592081 0.001510513 0.000817720
v -0.356090019 -0.000975054 0.000826106
v -0.354675000 -0.003080024 0.000833332
v -0.352562007 -0.004483007 0.000838292
v -0.350073605 -0.004970925 0.000840235
v -0.347588020 -0.004468851 0.000838862
v -0.345483047 -0.003053862 0.000834384
v -0.344080060 -0.000940873 0.000827482
v -0.343876196 0.101533152 -0.003515711
v -0.344378288 0.104018715 -0.003524098
v -0.345793278 0.106123684 -0.003531323
v -0.347906270 0.107526669 -0.003536283
v -0.350394673 0.108014588 -0.003538226
v -0.352880258 0.107512513 -0.003536853
v -0.354985231 0.106097522 -0.003532375
v -0.356388247 0.103984534 -0.003525473
v -0.356876155 0.101496153 -0.003517200
v -0.356374093 0.099010582 -0.003508813
v -0.354959073 0.096905614 -0.003501588
v -0.352846081 0.095502628 -0.003496627
v -0.350357678 0.095014717 -0.003494685
v -0.347872093 0.095516785 -0.003496058
v -0.345767120 0.096931775 -0.003500535
v -0.344364133 0.099044763 -0.003507438
v -0.343876692 0.101546548 0.000484275
v -0.344378784 0.104032111 0.000475888
v -0.345793774 0.106137080 0.000468663
v -0.347906766 0.107540065 0.000463702
v -0.350395169 0.108027984 0.000461760
v -0.352880754 0.107525909 0.000463133
v -0.354985727 0.106110918 0.000467610
v -0.356388744 0.103997930 0.000474513
v -0.356876651 0.101509549 0.000482786
v -0.356374589 0.099023978 0.000491172
v -0.354959569 0.096919010 0.000498398
v -0.352846577 0.095516024 0.000503358
v -0.350358175 0.095028113 0.000505301
v -0.347872590 0.095530181 0.000503928
v -0.345767617 0.096945171 0.000499450
v -0.344364630 0.099058159 0.000492548
v -0.344160766 0.201532188 -0.003850645
v -0.344662858 0.204017759 -0.003859032
v -0.346077848 0.206122719 -0.003866257
v -0.348190840 0.207525712 -0.003871217
v -0.350679242 0.208013616 -0.003873160
v -0.353164827 0.207511556 -0.003871787
v -0.355269800 0.206096558 -0.003867309
v -0.356672817 0.203983577 -0.003860407
v -0.357160725 0.201495188 -0.003852134
v -0.356658663 0.199009617 -0.003843747
v -0.355243643 0.196904642 -0.003836522
v -0.353130650 0.195501664 -0.003831561
v -0.350642248 0.195013745 -0.003829619
v -0.348156663 0.195515820 -0.003830992
v -0.346051690 0.196930803 -0.003835469
v -0.344648703 0.199043799 -0.003842372
v -0.344161262 0.201545584 0.000149341
v -0.344663354 0.204031155 0.000140954
v -0.346078344 0.206136115 0.000133729
v -0.348191336 0.207539108 0.000128768
v -0.350679738 0.208027012 0.000126826
v -0.353165323 0.207524952 0.000128199
v -0.355270296 0.206109954 0.000132676
v -0.356673313 0.203996973 0.000139579
v -0.357161221 0.201508584 0.000147852
v -0.356659159 0.199023013 0.000156238
v -0.355244139 0.196918038 0.000163464
v -0.353131147 0.195515060 0.000168424
v -0.350642744 0.195027141 0.000170367
v -0.348157159 0.195529216 0.000168994
v -0.346052186 0.196944199 0.000164516
v -0.344649199 0.199057195 0.000157614
v -0.344445336 0.301531231 -0.004185579
v -0.344947427 0.304016772 -0.004193965
v -0.346362417 0.306121762 -0.004201191
v -0.348475410 0.307524741 -0.004206151
v -0.350963812 0.308012644 -0.004208094
v -0.353449397 0.307510584 -0.004206721
v -0.355554370 0.306095601 -0.004202243
v -0.356957387 0.303982590 -0.004195341
v -0.357445294 0.301494232 -0.004187068
v -0.356943232 0.299008661 -0.004178681
v -0.355528212 0.296903670 -0.004171456
v -0.353415220 0.295500692 -0.004166495
v -0.350926818 0.295012788 -0.004164553
v -0.348441233 0.295514848 -0.004165926
v -0.346336260 0.296929831 -0.004170403
v -0.344933273 0.299042842 -0.004177306
v -0.344445832 0.301544627 -0.000185593
v -0.344947923 0.304030168 -0.000193980
v -0.346362914 0.306135158 -0.000201205
v -0.348475906 0.307538137 -0.000206166
v -0.350964308 0.308026040 -0.000208108
v -0.353449893 0.307523980 -0.000206735
v -0.355554866 0.306108997 -0.000202258
v -0.356957883 0.303995986 -0.000195355
v -0.357445790 0.301507628 -0.000187082
v -0.356943728 0.299022057 -0.000178696
v -0.355528708 0.296917066 -0.000171470
v -0.353415716 0.295514088 -0.000166510
v -0.350927314 0.295026184 -0.000164567
v -0.348441729 0.295528245 -0.000165940
v -0.346336756 0.296943227 -0.000170418
v -0.344933769 0.299056238 -0.000177320
v -0.344729905 0.401530259 -0.004520513
v -0.345231997 0.404015830 -0.004528899
v -0.346646987 0.406120791 -0.004536125
v -0.348759979 0.407523769 -0.004541085
v -0.351248382 0.408011702 -0.004543028
v -0.353733967 0.407509612 -0.004541655
v -0.355838940 0.406094629 -0.004537177
v -0.357241956 0.403981648 -0.004530275
v -0.357729864 0.401493260 -0.004522002
v -0.357227802 0.399007689 -0.004513615
v -0.355812782 0.396902728 -0.004506390
v -0.353699790 0.395499720 -0.004501429
v -0.351211387 0.395011816 -0.004499487
v -0.348725802 0.395513877 -0.004500860
v -0.346620829 0.396928889 -0.004505337
v -0.345217842 0.399041870 -0.004512240
v -0.344730401 0.401543655 -0.000520527
v -0.345232493 0.404029226 -0.000528914
v -0.346647483 0.406134187 -0.000536139
v -0.348760475 0.407537165 -0.000541100
v -0.351248878 0.408025098 -0.000543042
v -0.353734463 0.407523008 -0.000541669
v -0.355839436 0.406108025 -0.000537192
v -0.357242453 0.403995044 -0.000530289
v -0.357730360 0.401506656 -0.000522016
v -0.357228298 0.399021085 -0.000513629
v -0.355813278 0.396916124 -0.000506404
v -0.353700286 0.395513116 -0.000501444
v -0.351211884 0.395025212 -0.000499501
v -0.348726299 0.395527273 -0.000500874
v -0.346621326 0.396942286 -0.000505352
v -0.345218339 0.399055266 -0.000512254
v -0.242453759 -0.398177417 -0.001829590
v -0.242955836 -0.395691846 -0.001837976
v -0.244370841 -0.393586885 -0.001845202
v -0.246483834 -0.392183877 -0.001850162
v -0.248972236 -0.391695974 -0.001852105
v -0.251457821 -0.392198034 -0.001850732
v -0.253562794 -0.393613047 -0.001846254
v -0.254965781 -0.395726027 -0.001839352
v -0.255453718 -0.398214416 -0.001831079
v -0.254951626 -0.400699987 -0.001822692
v -0.253536636 -0.402804948 -0.001815467
v -0.251423644 -0.404207926 -0.001810506
v -0.248935242 -0.404695859 -0.001808564
v -0.246449657 -0.404193769 -0.001809937
v -0.244344684 -0.402778786 -0.001814414
v -0.242941682 -0.400665805 -0.001821317
v -0.242454256 -0.398164021 0.002170396
v -0.242956333 -0.395678450 0.002162009
v -0.244371337 -0.393573489 0.002154784
v -0.246484330 -0.392170481 0.002149823
v -0.248972732 -0.391682577 0.002147881
v -0.251458317 -0.392184638 0.002149254
v -0.253563290 -0.393599651 0.002153731
v -0.254966277 -0.395712631 0.002160634
v -0.255454214 -0.398201020 0.002168907
v -0.254952123 -0.400686591 0.002177294
v -0.253537132 -0.402791552 0.002184519
v -0.251424140 -0.404194530 0.002189479
v -0.248935738 -0.404682463 0.002191422
v -0.246450153 -0.404180373 0.002190049
v -0.244345180 -0.402765390 0.002185571
v -0.242942178 -0.400652409 0.002178669
v -0.242738329 -0.298178389 -0.002164524
v -0.243240406 -0.295692818 -0.002172910
v -0.244655411 -0.293587827 -0.002180136
v -0.246768403 -0.292184849 -0.002185096
v -0.249256806 -0.291696945 -0.002187039
v -0.251742391 -0.292199006 -0.002185666
v -0.253847364 -0.293613989 -0.002181188
v -0.255250351 -0.295726999 -0.002174286
v -0.255738288 -0.298215388 -0.002166013
v -0.255236196 -0.300700929 -0.002157626
v -0.253821206 -0.302805919 -0.002150401
v -0.251708214 -0.304208898 -0.002145440
v -0.249219812 -0.304696801 -0.002143498
v -0.246734226 -0.304194741 -0.002144871
v -0.244629253 -0.302779758 -0.002149348
v -0.243226252 -0.300666747 -0.002156251
v -0.242738825 -0.298164993 0.001835462
v -0.243240902 -0.295679422 0.001827075
v -0.244655907 -0.293574431 0.001819850
v -0.246768899 -0.292171453 0.001814889
v -0.249257302 -0.291683549 0.001812947
v -0.251742887 -0.292185609 0.001814320
v -0.253847860 -0.293600592 0.001818797
v -0.255250847 -0.295713603 0.001825700
v -0.255738784 -0.298201992 0.001833973
v -0.255236692 -0.300687533 0.001842359
v -0.253821702 -0.302792523 0.001849585
v -0.251708710 -0.304195502 0.001854545
v -0.249220308 -0.304683405 0.001856488
v -0.246734723 -0.304181345 0.001855115
v -0.244629750 -0.302766362 0.001850637
v -0.243226748 -0.300653351 0.001843735
v -0.243022899 -0.198179345 -0.002499458
v -0.243524976 -0.195693774 -0.002507844
v -0.244939981 -0.193588799 -0.002515070
v -0.247052973 -0.192185821 -0.002520030
v -0.249541375 -0.191697902 -0.002521973
v -0.252026960 -0.192199977 -0.002520600
v -0.254131933 -0.193614960 -0.002516122
v -0.255534920 -0.195727956 -0.002509220
v -0.256022858 -0.198216345 -0.002500947
v -0.255520766 -0.200701916 -0.002492560
v -0.254105776 -0.202806876 -0.002485335
v -0.251992783 -0.204209869 -0.002480374
v -0.249504381 -0.204697773 -0.002478432
v -0.247018796 -0.204195713 -0.002479805
v -0.244913823 -0.202780715 -0.002484282
v -0.243510821 -0.200667734 -0.002491185
v -0.243023395 -0.198165949 0.001500528
v -0.243525472 -0.195680378 0.001492141
v -0.244940477 -0.193575403 0.001484916
v -0.247053469 -0.192172425 0.001479955
v -0.249541871 -0.191684506 0.001478013
v -0.252027456 -0.192186581 0.001479386
v -0.254132429 -0.193601564 0.001483863
v -0.255535416 -0.195714560 0.001490766
v -0.256023354 -0.198202949 0.001499039
v -0.255521262 -0.200688520 0.001507426
v -0.254106272 -0.202793480 0.001514651
v -0.251993280 -0.204196473 0.001519611
v -0.249504877 -0.204684377 0.001521554
v -0.247019292 -0.204182317 0.001520181
v -0.244914319 -0.202767319 0.001515703
v -0.243511317 -0.200654338 0.001508801
v -0.243307468 -0.098180310 -0.002834392
v -0.243809545 -0.095694739 -0.002842778
v -0.245224550 -0.093589771 -0.002850004
v -0.247337543 -0.092186785 -0.002854964
v -0.249825945 -0.091698874 -0.002856907
v -0.252311530 -0.092200942 -0.002855534
v -0.254416503 -0.093615932 -0.002851056
v -0.255819490 -0.095728920 -0.002844154
v -0.256307427 -0.098217309 -0.002835881
v -0.255805335 -0.100702873 -0.002827494
v -0.254390345 -0.102807841 -0.002820269
v -0.252277353 -0.104210826 -0.002815308
v -0.249788951 -0.104698745 -0.002813366
v -0.247303366 -0.104196670 -0.002814739
v -0.245198393 -0.102781679 -0.002819216
v -0.243795391 -0.100668691 -0.002826119
v -0.243307965 -0.098166914 0.001165594
v -0.243810042 -0.095681343 0.001157207
v -0.245225047 -0.093576375 0.001149982
v -0.247338039 -0.092173389 0.001145021
v -0.249826441 -0.091685478 0.001143079
v -0.252312026 -0.092187546 0.001144452
v -0.254416999 -0.093602536 0.001148929
v -0.255819986 -0.095715524 0.001155832
v -0.256307923 -0.098203913 0.001164105
v -0.255805832 -0.100689476 0.001172492
v -0.254390841 -0.102794445 0.001179717
v -0.252277849 -0.104197430 0.001184677
v -0.249789447 -0.104685349 0.001186620
v -0.247303862 -0.104183274 0.001185247
v -0.245198889 -0.102768283 0.001180769
v -0.243795887 -0.100655295 0.001173867
v -0.243592038 0.001818726 -0.003169326
v -0.244094115 0.004304293 -0.003177712
v -0.245509120 0.006409263 -0.003184938
v -0.247622112 0.007812246 -0.003189898
v -0.250110515 0.008300164 -0.003191841
v -0.252596100 0.007798090 -0.003190468
v -0.254701073 0.006383101 -0.003185990
v -0.256104060 0.004270112 -0.003179088
v -0.256591997 0.001781727 -0.003170815
v -0.256089905 -0.000703841 -0.003162428
v -0.254674915 -0.002808810 -0.003155203
v -0.252561923 -0.004211794 -0.003150242
v -0.250073520 -0.004699711 -0.003148300
v -0.247587935 -0.004197637 -0.003149673
v -0.245482962 -0.002782649 -0.003154150
v -0.244079961 -0.000669659 -0.003161053
v -0.243592534 0.001832122 0.000830660
v -0.244094611 0.004317689 0.000822273
v -0.245509616 0.006422659 0.000815048
v -0.247622608 0.007825642 0.000810087
v -0.250111011 0.008313560 0.000808145
v -0.252596596 0.007811486 0.000809518
v -0.254701569 0.006396497 0.000813996
v -0.256104556 0.004283508 0.000820898
v -0.256592493 0.001795123 0.000829171
v -0.256090401 -0.000690445 0.000837558
v -0.254675411 -0.002795414 0.000844783
v -0.252562419 -0.004198398 0.000849743
v -0.250074017 -0.004686315 0.000851686
v -0.247588432 -0.004184241 0.000850313
v -0.245483459 -0.002769253 0.000845835
v -0.244080457 -0.000656263 0.000838933
v -0.243876608 0.101817762 -0.003504260
v -0.244378685 0.104303325 -0.003512646
v -0.245793690 0.106408293 -0.003519872
v -0.247906682 0.107811279 -0.003524832
v -0.250395084 0.108299197 -0.003526775
v -0.252880669 0.107797122 -0.003525402
v -0.254985642 0.106382132 -0.003520924
v -0.256388629 0.104269144 -0.003514022
v -0.256876567 0.101780762 -0.003505749
v -0.256374475 0.099295191 -0.003497362
v -0.254959485 0.097190223 -0.003490137
v -0.252846492 0.095787238 -0.003485176
v -0.250358090 0.095299326 -0.003483234
v -0.247872505 0.095801394 -0.003484607
v -0.245767532 0.097216385 -0.003489084
v -0.244364530 0.099329373 -0.003495987
v -0.243877104 0.101831158 0.000495726
v -0.244379181 0.104316721 0.000487339
v -0.245794186 0.106421689 0.000480114
v -0.247907178 0.107824675 0.000475153
v -0.250395580 0.108312593 0.000473211
v -0.252881165 0.107810518 0.000474584
v -0.254986138 0.106395528 0.000479062
v -0.256389125 0.104282540 0.000485964
v -0.256877063 0.101794158 0.000494237
v -0.256374971 0.099308587 0.000502624
v -0.254959981 0.097203619 0.000509849
v -0.252846989 0.095800634 0.000514809
v -0.250358586 0.095312722 0.000516752
v -0.247873001 0.095814790 0.000515379
v -0.245768028 0.097229781 0.000510901
v -0.244365026 0.099342769 0.000503999
v -0.244161177 0.201816797 -0.003839194
v -0.244663254 0.204302368 -0.003847580
v -0.246078259 0.206407329 -0.003854806
v -0.248191252 0.207810322 -0.003859766
v -0.250679654 0.208298226 -0.003861709
v -0.253165239 0.207796165 -0.003860336
v -0.255270212 0.206381168 -0.003855858
v -0.256673199 0.204268187 -0.003848956
v -0.257161136 0.201779798 -0.003840683
v -0.256659044 0.199294227 -0.003832296
v -0.255244054 0.197189252 -0.003825071
v -0.253131062 0.195786273 -0.003820110
v -0.250642660 0.195298355 -0.003818168
v -0.248157075 0.195800430 -0.003819541
v -0.246052102 0.197215413 -0.003824018
v -0.244649100 0.199328409 -0.003830921
v -0.244161674 0.201830193 0.000160792
v -0.244663751 0.204315764 0.000152405
v -0.246078755 0.206420725 0.000145180
v -0.248191748 0.207823718 0.000140219
v -0.250680150 0.208311622 0.000138277
v -0.253165735 0.207809561 0.000139650
v -0.255270708 0.206394564 0.000144128
v -0.256673695 0.204281583 0.000151030
v -0.257161632 0.201793194 0.000159303
v -0.256659541 0.199307623 0.000167690
v -0.255244550 0.197202648 0.000174915
v -0.253131558 0.195799669 0.000179875
v -0.250643156 0.195311751 0.000181818
v -0.248157571 0.195813826 0.000180445
v -0.246052598 0.197228809 0.000175967
v -0.244649596 0.199341805 0.000169065
v -0.244445747 0.301815840 -0.004174128
v -0.244947824 0.304301382 -0.004182514
v -0.246362829 0.306406372 -0.004189740
v -0.248475821 0.307809350 -0.004194700
v -0.250964223 0.308297254 -0.004196643
v -0.253449809 0.307795194 -0.004195270
v -0.255554782 0.306380211 -0.004190792
v -0.256957768 0.304267200 -0.004183890
v -0.257445706 0.301778841 -0.004175617
v -0.256943614 0.299293270 -0.004167230
v -0.255528624 0.297188280 -0.004160005
v -0.253415632 0.295785302 -0.004155044
v -0.250927229 0.295297398 -0.004153102
v -0.248441644 0.295799458 -0.004154475
v -0.246336671 0.297214441 -0.004158952
v -0.244933670 0.299327452 -0.004165855
v -0.244446243 0.301829236 -0.000174142
v -0.244948320 0.304314778 -0.000182529
v -0.246363325 0.306419768 -0.000189754
v -0.248476317 0.307822746 -0.000194715
v -0.250964720 0.308310650 -0.000196657
v -0.253450305 0.307808590 -0.000195284
v -0.255555278 0.306393607 -0.000190806
v -0.256958265 0.304280596 -0.000183904
v -0.257446202 0.301792237 -0.000175631
v -0.256944110 0.299306666 -0.000167244
v -0.255529120 0.297201676 -0.000160019
v -0.253416128 0.295798698 -0.000155059
v -0.250927726 0.295310794 -0.000153116
v -0.248442141 0.295812854 -0.000154489
v -0.246337167 0.297227837 -0.000158967
v -0.244934166 0.299340848 -0.000165869
v -0.244730317 0.401814869 -0.004509062
v -0.245232394 0.404300440 -0.004517448
v -0.246647399 0.406405400 -0.004524673
v -0.248760391 0.407808378 -0.004529634
v -0.251248793 0.408296312 -0.004531577
v -0.253734378 0.407794222 -0.004530204
v -0.255839351 0.406379239 -0.004525726
v -0.257242338 0.404266258 -0.004518824
v -0.257730276 0.401777869 -0.004510551
v -0.257228184 0.399292298 -0.004502164
v -0.255813194 0.397187338 -0.004494939
v -0.253700201 0.395784330 -0.004489978
v -0.251211799 0.395296426 -0.004488036
v -0.248726214 0.395798486 -0.004489409
v -0.246621241 0.397213499 -0.004493886
v -0.245218239 0.399326480 -0.004500789
v -0.244730813 0.401828265 -0.000509076
v -0.245232890 0.404313836 -0.000517463
v -0.246647895 0.406418796 -0.000524688
v -0.248760887 0.407821774 -0.000529649
v -0.251249289 0.408309708 -0.000531591
v -0.253734874 0.407807618 -0.000530218
v -0.255839847 0.406392635 -0.000525740
v -0.257242834 0.404279654 -0.000518838
v -0.257730772 0.401791265 -0.000510565
v -0.257228680 0.399305694 -0.000502178
v -0.255813690 0.397200734 -0.000494953
v -0.253700698 0.395797726 -0.000489993
v -0.251212295 0.395309822 -0.000488050
v -0.248726710 0.395811882 -0.000489423
v -0.246621737 0.397226895 -0.000493901
v -0.245218735 0.399339876 -0.000500803
v -0.142454171 -0.397892807 -0.001818139
v -0.142956248 -0.395407236 -0.001826525
v -0.144371238 -0.393302276 -0.001833750
v -0.146484245 -0.391899268 -0.001838711
v -0.148972647 -0.391411364 -0.001840654
v -0.151458218 -0.391913424 -0.001839281
v -0.153563206 -0.393328437 -0.001834803
v -0.154966192 -0.395441418 -0.001827901
v -0.155454115 -0.397929806 -0.001819628
v -0.154952038 -0.400415377 -0.001811241
v -0.153537048 -0.402520338 -0.001804016
v -0.151424041 -0.403923316 -0.001799055
v -0.148935653 -0.404411250 -0.001797113
v -0.146450068 -0.403909160 -0.001798486
v -0.144345080 -0.402494177 -0.001802963
v -0.142942093 -0.400381196 -0.001809866
v -0.142454667 -0.397879411 0.002181847
v -0.142956744 -0.395393840 0.002173460
v -0.144371734 -0.393288880 0.002166235
v -0.146484741 -0.391885872 0.002161274
v -0.148973144 -0.391397968 0.002159332
v -0.151458714 -0.391900028 0.002160705
v -0.153563702 -0.393315041 0.002165183
v -0.154966689 -0.395428022 0.002172085
v -0.155454611 -0.397916410 0.002180358
v -0.154952534 -0.400401981 0.002188745
v -0.153537544 -0.402506942 0.002195970
v -0.151424537 -0.403909920 0.002200930
v -0.148936150 -0.404397854 0.002202873
v -0.146450565 -0.403895764 0.002201500
v -0.144345577 -0.402480781 0.002197022
v -0.142942590 -0.400367800 0.002190120
v -0.142738741 -0.297893779 -0.002153073
v -0.143240818 -0.295408208 -0.002161459
v -0.144655808 -0.293303218 -0.002168685
v -0.146768815 -0.291900239 -0.002173645
v -0.149257217 -0.291412336 -0.002175588
v -0.151742787 -0.291914396 -0.002174215
v -0.153847775 -0.293329379 -0.002169737
v -0.155250762 -0.295442390 -0.002162835
v -0.155738685 -0.297930778 -0.002154562
v -0.155236608 -0.300416319 -0.002146175
v -0.153821618 -0.302521310 -0.002138950
v -0.151708611 -0.303924288 -0.002133989
v -0.149220223 -0.304412192 -0.002132047
v -0.146734638 -0.303910132 -0.002133420
v -0.144629650 -0.302495149 -0.002137897
v -0.143226663 -0.300382138 -0.002144800
v -0.142739237 -0.297880383 0.001846913
v -0.143241314 -0.295394812 0.001838526
v -0.144656304 -0.293289822 0.001831301
v -0.146769311 -0.291886843 0.001826340
v -0.149257713 -0.291398940 0.001824398
v -0.151743284 -0.291901000 0.001825771
v -0.153848271 -0.293315983 0.001830248
v -0.155251258 -0.295428994 0.001837151
v -0.155739181 -0.297917382 0.001845424
v -0.155237104 -0.300402923 0.001853811
v -0.153822114 -0.302507914 0.001861036
v -0.151709107 -0.303910892 0.001865996
v -0.149220719 -0.304398796 0.001867939
v -0.146735134 -0.303896736 0.001866566
v -0.144630146 -0.302481752 0.001862088
v -0.143227159 -0.300368742 0.001855186
v -0.143023310 -0.197894736 -0.002488007
v -0.143525387 -0.195409165 -0.002496393
v -0.144940377 -0.193304189 -0.002503619
v -0.147053384 -0.191901211 -0.002508579
v -0.149541787 -0.191413293 -0.002510522
v -0.152027357 -0.191915368 -0.002509149
v -0.154132345 -0.193330351 -0.002504671
v -0.155535332 -0.195443346 -0.002497769
v -0.156023254 -0.197931735 -0.002489496
v -0.155521177 -0.200417306 -0.002481109
v -0.154106187 -0.202522267 -0.002473884
v -0.151993180 -0.203925260 -0.002468923
v -0.149504793 -0.204413164 -0.002466981
v -0.147019208 -0.203911103 -0.002468354
v -0.144914220 -0.202496105 -0.002472831
v -0.143511233 -0.200383124 -0.002479734
v -0.143023807 -0.197881340 0.001511979
v -0.143525884 -0.195395769 0.001503592
v -0.144940874 -0.193290793 0.001496367
v -0.147053881 -0.191887815 0.001491406
v -0.149542283 -0.191399897 0.001489464
v -0.152027853 -0.191901972 0.001490837
v -0.154132841 -0.193316955 0.001495315
v -0.155535828 -0.195429950 0.001502217
v -0.156023750 -0.197918339 0.001510490
v -0.155521673 -0.200403910 0.001518877
v -0.154106683 -0.202508871 0.001526102
v -0.151993676 -0.203911864 0.001531062
v -0.149505289 -0.204399768 0.001533005
v -0.147019704 -0.203897707 0.001531632
v -0.144914716 -0.202482709 0.001527154
v -0.143511729 -0.200369728 0.001520252
v -0.143307880 -0.097895700 -0.002822941
v -0.143809957 -0.095410129 -0.002831327
v -0.145224947 -0.093305161 -0.002838552
v -0.147337954 -0.091902176 -0.002843513
v -0.149826356 -0.091414264 -0.002845456
v -0.152311927 -0.091916332 -0.002844083
v -0.154416915 -0.093331322 -0.002839605
v -0.155819901 -0.095444311 -0.002832703
v -0.156307824 -0.097932699 -0.002824430
v -0.155805747 -0.100418263 -0.002816043
v -0.154390757 -0.102523231 -0.002808818
v -0.152277750 -0.103926217 -0.002803857
v -0.149789362 -0.104414135 -0.002801915
v -0.147303777 -0.103912060 -0.002803288
v -0.145198789 -0.102497070 -0.002807765
v -0.143795803 -0.100384081 -0.002814668
v -0.143308376 -0.097882304 0.001177045
v -0.143810453 -0.095396733 0.001168658
v -0.145225443 -0.093291765 0.001161433
v -0.147338450 -0.091888779 0.001156472
v -0.149826853 -0.091400868 0.001154530
v -0.152312423 -0.091902936 0.001155903
v -0.154417411 -0.093317926 0.001160381
v -0.155820398 -0.095430915 0.001167283
v -0.156308320 -0.097919303 0.001175556
v -0.155806243 -0.100404867 0.001183943
v -0.154391253 -0.102509835 0.001191168
v -0.152278246 -0.103912821 0.001196128
v -0.149789859 -0.104400739 0.001198071
v -0.147304274 -0.103898664 0.001196698
v -0.145199286 -0.102483674 0.001192220
v -0.143796299 -0.100370685 0.001185318
v -0.143592450 0.002103336 -0.003157875
v -0.144094527 0.004588903 -0.003166261
v -0.145509517 0.006693872 -0.003173486
v -0.147622524 0.008096856 -0.003178447
v -0.150110926 0.008584773 -0.003180390
v -0.152596496 0.008082700 -0.003179017
v -0.154701484 0.006667711 -0.003174539
v -0.156104471 0.004554721 -0.003167637
v -0.156592394 0.002066336 -0.003159364
v -0.156090317 -0.000419231 -0.003150977
v -0.154675327 -0.002524200 -0.003143752
v -0.152562320 -0.003927184 -0.003138791
v -0.150073932 -0.004415101 -0.003136848
v -0.147588347 -0.003913028 -0.003138222
v -0.145483359 -0.002498039 -0.003142699
v -0.144080372 -0.000385049 -0.003149602
v -0.143592946 0.002116732 0.000842111
v -0.144095023 0.004602299 0.000833724
v -0.145510013 0.006707268 0.000826499
v -0.147623020 0.008110252 0.000821538
v -0.150111422 0.008598169 0.000819596
v -0.152596993 0.008096096 0.000820969
v -0.154701980 0.006681107 0.000825447
v -0.156104967 0.004568117 0.000832349
v -0.156592890 0.002079732 0.000840622
v -0.156090813 -0.000405835 0.000849009
v -0.154675823 -0.002510804 0.000856234
v -0.152562816 -0.003913788 0.000861194
v -0.150074428 -0.004401705 0.000863137
v -0.147588843 -0.003899632 0.000861764
v -0.145483855 -0.002484643 0.000857286
v -0.144080868 -0.000371653 0.000850384
v -0.143877019 0.102102371 -0.003492809
v -0.144379096 0.104587935 -0.003501195
v -0.145794086 0.106692903 -0.003508420
v -0.147907093 0.108095888 -0.003513381
v -0.150395496 0.108583807 -0.003515324
v -0.152881066 0.108081732 -0.003513951
v -0.154986054 0.106666741 -0.003509473
v -0.156389041 0.104553753 -0.003502571
v -0.156876963 0.102065372 -0.003494298
v -0.156374886 0.099579801 -0.003485911
v -0.154959896 0.097474833 -0.003478686
v -0.152846889 0.096071847 -0.003473725
v -0.150358502 0.095583936 -0.003471782
v -0.147872917 0.096086004 -0.003473156
v -0.145767929 0.097500994 -0.003477633
v -0.144364942 0.099613983 -0.003484536
v -0.143877516 0.102115767 0.000507177
v -0.144379593 0.104601331 0.000498790
v -0.145794583 0.106706299 0.000491565
v -0.147907590 0.108109284 0.000486604
v -0.150395992 0.108597203 0.000484662
v -0.152881562 0.108095128 0.000486035
v -0.154986550 0.106680137 0.000490513
v -0.156389537 0.104567149 0.000497415
v -0.156877459 0.102078768 0.000505688
v -0.156375382 0.099593197 0.000514075
v -0.154960392 0.097488229 0.000521300
v -0.152847385 0.096085243 0.000526260
v -0.150358998 0.095597332 0.000528203
v -0.147873413 0.096099400 0.000526830
v -0.145768425 0.097514390 0.000522352
v -0.144365438 0.099627379 0.000515450
v -0.144161589 0.202101407 -0.003827743
v -0.144663666 0.204586978 -0.003836129
v -0.146078656 0.206691938 -0.003843354
v -0.148191663 0.208094932 -0.003848315
v -0.150680065 0.208582835 -0.003850258
v -0.153165636 0.208080775 -0.003848885
v -0.155270624 0.206665777 -0.003844407
v -0.156673610 0.204552796 -0.003837505
v -0.157161533 0.202064408 -0.003829231
v -0.156659456 0.199578837 -0.003820845
v -0.155244466 0.197473861 -0.003813620
v -0.153131459 0.196070883 -0.003808659
v -0.150643071 0.195582964 -0.003806716
v -0.148157486 0.196085039 -0.003808090
v -0.146052498 0.197500022 -0.003812567
v -0.144649512 0.199613018 -0.003819470
v -0.144162085 0.202114803 0.000172243
v -0.144664162 0.204600374 0.000163856
v -0.146079152 0.206705335 0.000156631
v -0.148192159 0.208108328 0.000151670
v -0.150680562 0.208596231 0.000149728
v -0.153166132 0.208094171 0.000151101
v -0.155271120 0.206679173 0.000155579
v -0.156674107 0.204566192 0.000162481
v -0.157162029 0.202077804 0.000170754
v -0.156659952 0.199592233 0.000179141
v -0.155244962 0.197487257 0.000186366
v -0.153131955 0.196084279 0.000191326
v -0.150643568 0.195596360 0.000193269
v -0.148157982 0.196098435 0.000191896
v -0.146052995 0.197513418 0.000187418
v -0.144650008 0.199626414 0.000180516
v -0.144446159 0.302100450 -0.004162677
v -0.144948236 0.304585991 -0.004171063
v -0.146363226 0.306690982 -0.004178288
v -0.148476233 0.308093960 -0.004183249
v -0.150964635 0.308581864 -0.004185192
v -0.153450205 0.308079803 -0.004183819
v -0.155555193 0.306664820 -0.004179341
v -0.156958180 0.304551810 -0.004172439
v -0.157446103 0.302063451 -0.004164166
v -0.156944026 0.299577880 -0.004155779
v -0.155529036 0.297472889 -0.004148554
v -0.153416028 0.296069911 -0.004143593
v -0.150927641 0.295582007 -0.004141650
v -0.148442056 0.296084068 -0.004143024
v -0.146337068 0.297499051 -0.004147501
v -0.144934081 0.299612061 -0.004154404
v -0.144446655 0.302113846 -0.000162691
v -0.144948732 0.304599387 -0.000171078
v -0.146363722 0.306704378 -0.000178303
v -0.148476729 0.308107356 -0.000183264
v -0.150965131 0.308595260 -0.000185206
v -0.153450701 0.308093199 -0.000183833
v -0.155555689 0.306678216 -0.000179355
v -0.156958676 0.304565206 -0.000172453
v -0.157446599 0.302076847 -0.000164180
v -0.156944522 0.299591276 -0.000155793
v -0.155529532 0.297486285 -0.000148568
v -0.153416525 0.296083307 -0.000143607
v -0.150928137 0.295595403 -0.000141665
v -0.148442552 0.296097464 -0.000143038
v -0.146337564 0.297512447 -0.000147516
v -0.144934577 0.299625457 -0.000154418
v -0.144730728 0.402099478 -0.004497611
v -0.145232805 0.404585049 -0.004505997
v -0.146647795 0.406690010 -0.004513222
v -0.148760802 0.408092988 -0.004518183
v -0.151249205 0.408580922 -0.004520126
v -0.153734775 0.408078832 -0.004518753
v -0.155839763 0.406663849 -0.004514275
v -0.157242750 0.404550868 -0.004507373
v -0.157730672 0.402062479 -0.004499099
v -0.157228595 0.399576908 -0.004490713
v -0.155813605 0.397471947 -0.004483488
v -0.153700598 0.396068939 -0.004478527
v -0.151212211 0.395581036 -0.004476584
v -0.148726626 0.396083096 -0.004477958
v -0.146621638 0.397498109 -0.004482435
v -0.145218651 0.399611090 -0.004489338
v -0.144731225 0.402112874 -0.000497625
v -0.145233302 0.404598445 -0.000506012
v -0.146648292 0.406703406 -0.000513237
v -0.148761299 0.408106384 -0.000518197
v -0.151249701 0.408594318 -0.000520140
v -0.153735271 0.408092228 -0.000518767
v -0.155840259 0.406677245 -0.000514289
v -0.157243246 0.404564264 -0.000507387
v -0.157731168 0.402075875 -0.000499114
v -0.157229091 0.399590304 -0.000490727
v -0.155814101 0.397485343 -0.000483502
v -0.153701094 0.396082335 -0.000478541
v -0.151212707 0.395594432 -0.000476599
v -0.148727122 0.396096492 -0.000477972
v -0.146622134 0.397511505 -0.000482450
v -0.145219147 0.399624486 -0.000489352
v -0.042454575 -0.397608198 -0.001806688
v -0.042956652 -0.395122627 -0.001815074
v -0.044371646 -0.393017666 -0.001822299
v -0.046484649 -0.391614658 -0.001827260
v -0.048973048 -0.391126754 -0.001829203
v -0.051458629 -0.391628815 -0.001827830
v -0.053563610 -0.393043827 -0.001823352
v -0.054966604 -0.395156808 -0.001816450
v -0.055454523 -0.397645197 -0.001808176
v -0.054952450 -0.400130768 -0.001799790
v -0.053537452 -0.402235728 -0.001792565
v -0.051424453 -0.403638707 -0.001787604
v -0.048936054 -0.404126640 -0.001785661
v -0.046450473 -0.403624550 -0.001787035
v -0.044345488 -0.402209567 -0.001791512
v -0.042942498 -0.400096586 -0.001798415
v -0.042455071 -0.397594802 0.002193298
v -0.042957148 -0.395109231 0.002184911
v -0.044372142 -0.393004270 0.002177686
v -0.046485146 -0.391601262 0.002172725
v -0.048973544 -0.391113358 0.002170783
v -0.051459126 -0.391615418 0.002172156
v -0.053564106 -0.393030431 0.002176634
v -0.054967100 -0.395143412 0.002183536
v -0.055455019 -0.397631801 0.002191809
v -0.054952946 -0.400117372 0.002200196
v -0.053537948 -0.402222332 0.002207421
v -0.051424949 -0.403625311 0.002212381
v -0.048936550 -0.404113244 0.002214324
v -0.046450969 -0.403611154 0.002212951
v -0.044345985 -0.402196171 0.002208473
v -0.042942994 -0.400083190 0.002201571
v -0.042739145 -0.297609169 -0.002141622
v -0.043241222 -0.295123598 -0.002150008
v -0.044656216 -0.293018608 -0.002157233
v -0.046769219 -0.291615630 -0.002162194
v -0.049257618 -0.291127726 -0.002164137
v -0.051743199 -0.291629786 -0.002162764
v -0.053848179 -0.293044769 -0.002158286
v -0.055251174 -0.295157780 -0.002151384
v -0.055739092 -0.297646169 -0.002143110
v -0.055237019 -0.300131710 -0.002134724
v -0.053822022 -0.302236700 -0.002127499
v -0.051709022 -0.303639678 -0.002122538
v -0.049220624 -0.304127582 -0.002120595
v -0.046735042 -0.303625522 -0.002121969
v -0.044630058 -0.302210539 -0.002126446
v -0.043227067 -0.300097528 -0.002133349
v -0.042739641 -0.297595773 0.001858364
v -0.043241718 -0.295110202 0.001849977
v -0.044656712 -0.293005212 0.001842752
v -0.046769715 -0.291602234 0.001837791
v -0.049258114 -0.291114330 0.001835849
v -0.051743695 -0.291616390 0.001837222
v -0.053848676 -0.293031373 0.001841700
v -0.055251670 -0.295144384 0.001848602
v -0.055739589 -0.297632773 0.001856875
v -0.055237516 -0.300118314 0.001865262
v -0.053822518 -0.302223304 0.001872487
v -0.051709518 -0.303626282 0.001877447
v -0.049221120 -0.304114186 0.001879390
v -0.046735538 -0.303612126 0.001878017
v -0.044630554 -0.302197143 0.001873539
v -0.043227564 -0.300084132 0.001866637
v -0.043023715 -0.197610126 -0.002476556
v -0.043525792 -0.195124555 -0.002484942
v -0.044940785 -0.193019580 -0.002492167
v -0.047053789 -0.191616602 -0.002497128
v -0.049542187 -0.191128683 -0.002499071
v -0.052027769 -0.191630758 -0.002497698
v -0.054132749 -0.193045741 -0.002493220
v -0.055535743 -0.195158737 -0.002486318
v -0.056023662 -0.197647125 -0.002478044
v -0.055521589 -0.200132696 -0.002469658
v -0.054106591 -0.202237657 -0.002462433
v -0.051993592 -0.203640650 -0.002457472
v -0.049505193 -0.204128554 -0.002455529
v -0.047019612 -0.203626494 -0.002456903
v -0.044914628 -0.202211496 -0.002461380
v -0.043511637 -0.200098515 -0.002468283
v -0.043024211 -0.197596730 0.001523430
v -0.043526288 -0.195111159 0.001515043
v -0.044941281 -0.193006184 0.001507818
v -0.047054285 -0.191603206 0.001502857
v -0.049542683 -0.191115287 0.001500915
v -0.052028265 -0.191617362 0.001502288
v -0.054133245 -0.193032345 0.001506766
v -0.055536240 -0.195145341 0.001513668
v -0.056024158 -0.197633729 0.001521941
v -0.055522085 -0.200119300 0.001530328
v -0.054107088 -0.202224261 0.001537553
v -0.051994088 -0.203627254 0.001542514
v -0.049505689 -0.204115158 0.001544456
v -0.047020108 -0.203613098 0.001543083
v -0.044915124 -0.202198100 0.001538605
v -0.043512133 -0.200085119 0.001531703
v -0.043308284 -0.097611091 -0.002811490
v -0.043810361 -0.095125520 -0.002819876
v -0.045225355 -0.093020552 -0.002827101
v -0.047338358 -0.091617566 -0.002832062
v -0.049826757 -0.091129655 -0.002834005
v -0.052312338 -0.091631722 -0.002832632
v -0.054417319 -0.093046713 -0.002828154
v -0.055820313 -0.095159701 -0.002821252
v -0.056308232 -0.097648090 -0.002812978
v -0.055806159 -0.100133653 -0.002804592
v -0.054391161 -0.102238621 -0.002797367
v -0.052278161 -0.103641607 -0.002792406
v -0.049789763 -0.104129526 -0.002790463
v -0.047304182 -0.103627451 -0.002791837
v -0.045199197 -0.102212460 -0.002796314
v -0.043796207 -0.100099472 -0.002803217
v -0.043308780 -0.097597695 0.001188496
v -0.043810857 -0.095112124 0.001180109
v -0.045225851 -0.093007155 0.001172884
v -0.047338855 -0.091604170 0.001167924
v -0.049827253 -0.091116259 0.001165981
v -0.052312834 -0.091618326 0.001167354
v -0.054417815 -0.093033317 0.001171832
v -0.055820809 -0.095146305 0.001178734
v -0.056308728 -0.097634694 0.001187007
v -0.055806655 -0.100120257 0.001195394
v -0.054391657 -0.102225225 0.001202619
v -0.052278658 -0.103628211 0.001207579
v -0.049790259 -0.104116130 0.001209522
v -0.047304678 -0.103614055 0.001208149
v -0.045199694 -0.102199064 0.001203671
v -0.043796703 -0.100086076 0.001196769
v -0.043592854 0.002387945 -0.003146424
v -0.044094931 0.004873512 -0.003154810
v -0.045509925 0.006978482 -0.003162035
v -0.047622928 0.008381466 -0.003166996
v -0.050111327 0.008869383 -0.003168939
v -0.052596908 0.008367309 -0.003167566
v -0.054701888 0.006952321 -0.003163088
v -0.056104883 0.004839331 -0.003156186
v -0.056592801 0.002350946 -0.003147912
v -0.056090728 -0.000134621 -0.003139526
v -0.054675731 -0.002239591 -0.003132301
v -0.052562731 -0.003642575 -0.003127340
v -0.050074333 -0.004130492 -0.003125397
v -0.047588751 -0.003628418 -0.003126771
v -0.045483767 -0.002213430 -0.003131248
v -0.044080776 -0.000100440 -0.003138151
v -0.043593350 0.002401341 0.000853562
v -0.044095427 0.004886908 0.000845175
v -0.045510421 0.006991878 0.000837950
v -0.047623424 0.008394862 0.000832990
v -0.050111823 0.008882779 0.000831047
v -0.052597404 0.008380705 0.000832420
v -0.054702385 0.006965717 0.000836898
v -0.056105379 0.004852727 0.000843800
v -0.056593298 0.002364342 0.000852073
v -0.056091224 -0.000121225 0.000860460
v -0.054676227 -0.002226195 0.000867685
v -0.052563227 -0.003629179 0.000872646
v -0.050074829 -0.004117096 0.000874588
v -0.047589247 -0.003615022 0.000873215
v -0.045484263 -0.002200033 0.000868737
v -0.044081273 -0.000087044 0.000861835
v -0.043877424 0.102386981 -0.003481358
v -0.044379501 0.104872544 -0.003489744
v -0.045794494 0.106977512 -0.003496969
v -0.047907498 0.108380498 -0.003501930
v -0.050395896 0.108868417 -0.003503873
v -0.052881478 0.108366342 -0.003502500
v -0.054986458 0.106951351 -0.003498022
v -0.056389452 0.104838363 -0.003491120
v -0.056877371 0.102349982 -0.003482846
v -0.056375298 0.099864411 -0.003474460
v -0.054960300 0.097759443 -0.003467235
v -0.052847301 0.096356457 -0.003462274
v -0.050358902 0.095868546 -0.003460331
v -0.047873321 0.096370613 -0.003461705
v -0.045768337 0.097785604 -0.003466182
v -0.044365346 0.099898592 -0.003473085
v -0.043877920 0.102400377 0.000518628
v -0.044379997 0.104885940 0.000510241
v -0.045794990 0.106990908 0.000503016
v -0.047907994 0.108393894 0.000498056
v -0.050396392 0.108881813 0.000496113
v -0.052881974 0.108379738 0.000497486
v -0.054986954 0.106964747 0.000501964
v -0.056389949 0.104851759 0.000508866
v -0.056877867 0.102363378 0.000517139
v -0.056375794 0.099877807 0.000525526
v -0.054960797 0.097772839 0.000532751
v -0.052847797 0.096369853 0.000537712
v -0.050359398 0.095881942 0.000539654
v -0.047873817 0.096384009 0.000538281
v -0.045768833 0.097799000 0.000533803
v -0.044365842 0.099911988 0.000526901
v -0.044161993 0.202386016 -0.003816292
v -0.044664070 0.204871587 -0.003824678
v -0.046079064 0.206976548 -0.003831903
v -0.048192067 0.208379541 -0.003836864
v -0.050680466 0.208867445 -0.003838807
v -0.053166047 0.208365385 -0.003837434
v -0.055271028 0.206950387 -0.003832956
v -0.056674022 0.204837406 -0.003826054
v -0.057161941 0.202349017 -0.003817780
v -0.056659868 0.199863446 -0.003809394
v -0.055244870 0.197758471 -0.003802169
v -0.053131870 0.196355493 -0.003797208
v -0.050643472 0.195867574 -0.003795265
v -0.048157890 0.196369649 -0.003796639
v -0.046052906 0.197784632 -0.003801116
v -0.044649916 0.199897628 -0.003808019
v -0.044162489 0.202399413 0.000183694
v -0.044664566 0.204884983 0.000175307
v -0.046079560 0.206989944 0.000168082
v -0.048192564 0.208392937 0.000163122
v -0.050680962 0.208880841 0.000161179
v -0.053166543 0.208378781 0.000162552
v -0.055271524 0.206963783 0.000167030
v -0.056674518 0.204850802 0.000173932
v -0.057162437 0.202362413 0.000182205
v -0.056660364 0.199876842 0.000190592
v -0.055245366 0.197771867 0.000197817
v -0.053132367 0.196368889 0.000202778
v -0.050643968 0.195880970 0.000204720
v -0.048158387 0.196383045 0.000203347
v -0.046053402 0.197798028 0.000198869
v -0.044650412 0.199911024 0.000191967
v -0.044446563 0.302385060 -0.004151226
v -0.044948640 0.304870601 -0.004159612
v -0.046363634 0.306975591 -0.004166837
v -0.048476637 0.308378569 -0.004171798
v -0.050965036 0.308866473 -0.004173741
v -0.053450617 0.308364413 -0.004172368
v -0.055555597 0.306949430 -0.004167890
v -0.056958592 0.304836419 -0.004160987
v -0.057446510 0.302348060 -0.004152714
v -0.056944437 0.299862489 -0.004144328
v -0.055529440 0.297757499 -0.004137103
v -0.053416440 0.296354521 -0.004132142
v -0.050928042 0.295866617 -0.004130199
v -0.048442460 0.296368677 -0.004131572
v -0.046337476 0.297783660 -0.004136050
v -0.044934485 0.299896671 -0.004142953
v -0.044447059 0.302398456 -0.000151240
v -0.044949136 0.304883997 -0.000159627
v -0.046364130 0.306988987 -0.000166852
v -0.048477133 0.308391965 -0.000171812
v -0.050965532 0.308879869 -0.000173755
v -0.053451113 0.308377809 -0.000172382
v -0.055556094 0.306962826 -0.000167904
v -0.056959088 0.304849815 -0.000161002
v -0.057447007 0.302361456 -0.000152729
v -0.056944933 0.299875885 -0.000144342
v -0.055529936 0.297770895 -0.000137117
v -0.053416936 0.296367917 -0.000132156
v -0.050928538 0.295880013 -0.000130214
v -0.048442956 0.296382073 -0.000131587
v -0.046337972 0.297797056 -0.000136065
v -0.044934982 0.299910067 -0.000142967
v -0.044731133 0.402384088 -0.004486160
v -0.045233210 0.404869659 -0.004494546
v -0.046648203 0.406974619 -0.004501771
v -0.048761207 0.408377598 -0.004506732
v -0.051249605 0.408865531 -0.004508675
v -0.053735187 0.408363441 -0.004507302
v -0.055840167 0.406948458 -0.004502824
v -0.057243161 0.404835477 -0.004495922
v -0.057731080 0.402347089 -0.004487648
v -0.057229007 0.399861518 -0.004479262
v -0.055814009 0.397756557 -0.004472037
v -0.053701010 0.396353549 -0.004467076
v -0.051212611 0.395865645 -0.004465133
v -0.048727030 0.396367706 -0.004466506
v -0.046622046 0.397782718 -0.004470984
v -0.045219055 0.399895699 -0.004477887
v -0.044731629 0.402397484 -0.000486174
v -0.045233706 0.404883055 -0.000494561
v -0.046648699 0.406988015 -0.000501786
v -0.048761703 0.408390994 -0.000506746
v -0.051250101 0.408878927 -0.000508689
v -0.053735683 0.408376837 -0.000507316
v -0.055840663 0.406961854 -0.000502838
v -0.057243658 0.404848873 -0.000495936
v -0.057731576 0.402360485 -0.000487663
v -0.057229503 0.399874914 -0.000479276
v -0.055814506 0.397769953 -0.000472051
v -0.053701506 0.396366945 -0.000467090
v -0.051213107 0.395879041 -0.000465148
v -0.048727526 0.396381102 -0.000466521
v -0.046622542 0.397796114 -0.000470999
v -0.045219551 0.399909095 -0.000477901
v 0.057545017 -0.397323588 -0.001795237
v 0.057042944 -0.394838017 -0.001803623
v 0.055627946 -0.392733056 -0.001810848
v 0.053514946 -0.391330048 -0.001815809
v 0.051026548 -0.390842145 -0.001817752
v 0.048540966 -0.391344205 -0.001816379
v 0.046435982 -0.392759218 -0.001811901
v 0.045032992 -0.394872199 -0.001804999
v 0.044545069 -0.397360587 -0.001796725
v 0.045047146 -0.399846158 -0.001788339
v 0.046462140 -0.401951119 -0.001781114
v 0.048575143 -0.403354097 -0.001776153
v 0.051063542 -0.403842031 -0.001774210
v 0.053549123 -0.403339941 -0.001775584
v 0.055654104 -0.401924958 -0.001780061
v 0.057057098 -0.399811977 -0.001786964
v 0.057544521 -0.397310192 0.002204749
v 0.057042447 -0.394824621 0.002196362
v 0.055627450 -0.392719660 0.002189137
v 0.053514450 -0.391316652 0.002184176
v 0.051026052 -0.390828749 0.002182234
v 0.048540470 -0.391330809 0.002183607
v 0.046435486 -0.392745822 0.002188085
v 0.045032496 -0.394858803 0.002194987
v 0.044544573 -0.397347191 0.002203260
v 0.045046650 -0.399832762 0.002211647
v 0.046461644 -0.401937723 0.002218872
v 0.048574647 -0.403340701 0.002223833
v 0.051063046 -0.403828635 0.002225775
v 0.053548627 -0.403326545 0.002224402
v 0.055653608 -0.401911562 0.002219924
v 0.057056602 -0.399798581 0.002213022
v 0.057260447 -0.297324560 -0.002130171
v 0.056758374 -0.294838989 -0.002138557
v 0.055343376 -0.292733998 -0.002145782
v 0.053230377 -0.291331020 -0.002150743
v 0.050741978 -0.290843116 -0.002152686
v 0.048256397 -0.291345177 -0.002151313
v 0.046151413 -0.292760160 -0.002146835
v 0.044748422 -0.294873170 -0.002139933
v 0.044260500 -0.297361559 -0.002131659
v 0.044762576 -0.299847100 -0.002123273
v 0.046177570 -0.301952091 -0.002116048
v 0.048290574 -0.303355069 -0.002111087
v 0.050778972 -0.303842973 -0.002109144
v 0.053264554 -0.303340912 -0.002110518
v 0.055369534 -0.301925929 -0.002114995
v 0.056772528 -0.299812919 -0.002121898
v 0.057259951 -0.297311164 0.001869815
v 0.056757878 -0.294825593 0.001861428
v 0.055342880 -0.292720602 0.001854203
v 0.053229881 -0.291317624 0.001849243
v 0.050741482 -0.290829720 0.001847300
v 0.048255901 -0.291331781 0.001848673
v 0.046150916 -0.292746764 0.001853151
v 0.044747926 -0.294859774 0.001860053
v 0.044260003 -0.297348163 0.001868326
v 0.044762080 -0.299833704 0.001876713
v 0.046177074 -0.301938695 0.001883938
v 0.048290077 -0.303341673 0.001888899
v 0.050778476 -0.303829577 0.001890841
v 0.053264057 -0.303327516 0.001889468
v 0.055369038 -0.301912533 0.001884990
v 0.056772032 -0.299799523 0.001878088
v 0.056975877 -0.197325517 -0.002465105
v 0.056473804 -0.194839946 -0.002473491
v 0.055058807 -0.192734970 -0.002480716
v 0.052945807 -0.191331992 -0.002485677
v 0.050457409 -0.190844073 -0.002487620
v 0.047971827 -0.191346148 -0.002486247
v 0.045866843 -0.192761131 -0.002481769
v 0.044463852 -0.194874127 -0.002474867
v 0.043975930 -0.197362516 -0.002466593
v 0.044478007 -0.199848087 -0.002458207
v 0.045893001 -0.201953047 -0.002450982
v 0.048006004 -0.203356041 -0.002446021
v 0.050494403 -0.203843944 -0.002444078
v 0.052979984 -0.203341884 -0.002445451
v 0.055084964 -0.201926886 -0.002449929
v 0.056487959 -0.199813905 -0.002456832
v 0.056975381 -0.197312121 0.001534881
v 0.056473308 -0.194826550 0.001526494
v 0.055058311 -0.192721574 0.001519269
v 0.052945311 -0.191318596 0.001514309
v 0.050456912 -0.190830677 0.001512366
v 0.047971331 -0.191332752 0.001513739
v 0.045866347 -0.192747735 0.001518217
v 0.044463356 -0.194860731 0.001525119
v 0.043975434 -0.197349120 0.001533392
v 0.044477511 -0.199834691 0.001541779
v 0.045892504 -0.201939651 0.001549004
v 0.048005508 -0.203342645 0.001553965
v 0.050493906 -0.203830548 0.001555907
v 0.052979488 -0.203328488 0.001554534
v 0.055084468 -0.201913490 0.001550056
v 0.056487463 -0.199800509 0.001543154
v 0.056691308 -0.097326481 -0.002800039
v 0.056189235 -0.094840910 -0.002808425
v 0.054774237 -0.092735942 -0.002815650
v 0.052661237 -0.091332956 -0.002820611
v 0.050172839 -0.090845045 -0.002822554
v 0.047687258 -0.091347113 -0.002821181
v 0.045582273 -0.092762103 -0.002816703
v 0.044179283 -0.094875092 -0.002809801
v 0.043691360 -0.097363480 -0.002801527
v 0.044193437 -0.099849044 -0.002793141
v 0.045608431 -0.101954012 -0.002785916
v 0.047721434 -0.103356997 -0.002780955
v 0.050209833 -0.103844916 -0.002779012
v 0.052695414 -0.103342841 -0.002780385
v 0.054800395 -0.101927850 -0.002784863
v 0.056203389 -0.099814862 -0.002791766
v 0.056690812 -0.097313085 0.001199947
v 0.056188738 -0.094827514 0.001191560
v 0.054773741 -0.092722546 0.001184335
v 0.052660741 -0.091319560 0.001179375
v 0.050172343 -0.090831649 0.001177432
v 0.047686761 -0.091333717 0.001178805
v 0.045581777 -0.092748707 0.001183283
v 0.044178787 -0.094861696 0.001190185
v 0.043690864 -0.097350084 0.001198458
v 0.044192941 -0.099835648 0.001206845
v 0.045607935 -0.101940616 0.001214070
v 0.047720938 -0.103343601 0.001219031
v 0.050209337 -0.103831520 0.001220973
v 0.052694918 -0.103329445 0.001219600
v 0.054799899 -0.101914454 0.001215122
v 0.056202893 -0.099801466 0.001208220
v 0.056406738 0.002672555 -0.003134973
v 0.055904665 0.005158122 -0.003143359
v 0.054489667 0.007263091 -0.003150584
v 0.052376668 0.008666075 -0.003155545
v 0.049888269 0.009153992 -0.003157488
v 0.047402688 0.008651919 -0.003156115
v 0.045297704 0.007236930 -0.003151637
v 0.043894713 0.005123940 -0.003144734
v 0.043406791 0.002635555 -0.003136461
v 0.043908868 0.000149988 -0.003128075
v 0.045323861 -0.001954981 -0.003120850
v 0.047436865 -0.003357965 -0.003115889
v 0.049925263 -0.003845882 -0.003113946
v 0.052410845 -0.003343809 -0.003115319
v 0.054515825 -0.001928820 -0.003119797
v 0.055918819 0.000184170 -0.003126700
v 0.056406242 0.002685951 0.000865013
v 0.055904169 0.005171518 0.000856626
v 0.054489171 0.007276487 0.000849401
v 0.052376172 0.008679471 0.000844441
v 0.049887773 0.009167388 0.000842498
v 0.047402192 0.008665315 0.000843871
v 0.045297208 0.007250326 0.000848349
v 0.043894217 0.005137336 0.000855251
v 0.043406294 0.002648952 0.000863524
v 0.043908371 0.000163384 0.000871911
v 0.045323365 -0.001941585 0.000879136
v 0.047436369 -0.003344569 0.000884097
v 0.049924767 -0.003832486 0.000886039
v 0.052410348 -0.003330412 0.000884666
v 0.054515329 -0.001915424 0.000880188
v 0.055918323 0.000197566 0.000873286
v 0.056122168 0.102671590 -0.003469907
v 0.055620095 0.105157154 -0.003478293
v 0.054205098 0.107262122 -0.003485518
v 0.052092098 0.108665108 -0.003490479
v 0.049603700 0.109153026 -0.003492422
v 0.047118118 0.108650951 -0.003491049
v 0.045013134 0.107235961 -0.003486571
v 0.043610143 0.105122972 -0.003479668
v 0.043122221 0.102634591 -0.003471395
v 0.043624298 0.100149020 -0.003463009
v 0.045039292 0.098044052 -0.003455784
v 0.047152295 0.096641066 -0.003450823
v 0.049640694 0.096153155 -0.003448880
v 0.052126275 0.096655223 -0.003450253
v 0.054231255 0.098070213 -0.003454731
v 0.055634250 0.100183202 -0.003461634
v 0.056121672 0.102684986 0.000530079
v 0.055619599 0.105170550 0.000521692
v 0.054204602 0.107275518 0.000514467
v 0.052091602 0.108678504 0.000509507
v 0.049603203 0.109166422 0.000507564
v 0.047117622 0.108664347 0.000508937
v 0.045012638 0.107249357 0.000513415
v 0.043609647 0.105136368 0.000520317
v 0.043121725 0.102647987 0.000528590
v 0.043623802 0.100162416 0.000536977
v 0.045038795 0.098057448 0.000544202
v 0.047151799 0.096654463 0.000549163
v 0.049640197 0.096166551 0.000551105
v 0.052125779 0.096668619 0.000549732
v 0.054230759 0.098083609 0.000545254
v 0.055633754 0.100196598 0.000538352
v 0.055837599 0.202670626 -0.003804841
v 0.055335526 0.205156197 -0.003813227
v 0.053920528 0.207261158 -0.003820452
v 0.051807528 0.208664151 -0.003825413
v 0.049319130 0.209152055 -0.003827356
v 0.046833549 0.208649994 -0.003825983
v 0.044728564 0.207234996 -0.003821505
v 0.043325574 0.205122015 -0.003814602
v 0.042837651 0.202633627 -0.003806329
v 0.043339728 0.200148056 -0.003797943
v 0.044754722 0.198043080 -0.003790718
v 0.046867725 0.196640102 -0.003785757
v 0.049356124 0.196152184 -0.003783814
v 0.051841705 0.196654259 -0.003785187
v 0.053946686 0.198069242 -0.003789665
v 0.055349680 0.200182237 -0.003796568
v 0.055837103 0.202684022 0.000195145
v 0.055335029 0.205169593 0.000186758
v 0.053920032 0.207274554 0.000179533
v 0.051807032 0.208677547 0.000174573
v 0.049318634 0.209165451 0.000172630
v 0.046833052 0.208663390 0.000174003
v 0.044728068 0.207248392 0.000178481
v 0.043325078 0.205135411 0.000185383
v 0.042837155 0.202647023 0.000193656
v 0.043339232 0.200161452 0.000202043
v 0.044754226 0.198056476 0.000209268
v 0.046867229 0.196653498 0.000214229
v 0.049355628 0.196165580 0.000216171
v 0.051841209 0.196667655 0.000214798
v 0.053946190 0.198082638 0.000210321
v 0.055349184 0.200195634 0.000203418
v 0.055553029 0.302669669 -0.004139775
v 0.055050956 0.305155210 -0.004148161
v 0.053635958 0.307260201 -0.004155386
v 0.051522959 0.308663179 -0.004160347
v 0.049034560 0.309151083 -0.004162290
v 0.046548979 0.308649023 -0.004160917
v 0.044443995 0.307234039 -0.004156439
v 0.043041004 0.305121029 -0.004149536
v 0.042553082 0.302632670 -0.004141263
v 0.043055159 0.300147099 -0.004132877
v 0.044470152 0.298042109 -0.004125652
v 0.046583156 0.296639130 -0.004120691
v 0.049071554 0.296151227 -0.004118748
v 0.051557136 0.296653287 -0.004120121
v 0.053662116 0.298068270 -0.004124599
v 0.055065110 0.300181281 -0.004131502
v 0.055552533 0.302683065 -0.000139789
v 0.055050460 0.305168606 -0.000148175
v 0.053635462 0.307273597 -0.000155401
v 0.051522463 0.308676575 -0.000160361
v 0.049034064 0.309164479 -0.000162304
v 0.046548483 0.308662419 -0.000160931
v 0.044443498 0.307247436 -0.000156453
v 0.043040508 0.305134425 -0.000149551
v 0.042552585 0.302646066 -0.000141278
v 0.043054662 0.300160495 -0.000132891
v 0.044469656 0.298055505 -0.000125666
v 0.046582660 0.296652526 -0.000120705
v 0.049071058 0.296164623 -0.000118763
v 0.051556640 0.296666683 -0.000120136
v 0.053661620 0.298081666 -0.000124613
v 0.055064614 0.300194677 -0.000131516
v 0.055268459 0.402668697 -0.004474709
v 0.054766386 0.405154268 -0.004483095
v 0.053351389 0.407259229 -0.004490320
v 0.051238389 0.408662207 -0.004495281
v 0.048749991 0.409150141 -0.004497224
v 0.046264409 0.408648051 -0.004495851
v 0.044159425 0.407233068 -0.004491373
v 0.042756434 0.405120087 -0.004484470
v 0.042268512 0.402631698 -0.004476197
v 0.042770589 0.400146127 -0.004467811
v 0.044185583 0.398041167 -0.004460586
v 0.046298586 0.396638159 -0.004455625
v 0.048786985 0.396150255 -0.004453682
v 0.051272566 0.396652315 -0.004455055
v 0.053377546 0.398067328 -0.004459533
v 0.054780541 0.400180309 -0.004466436
v 0.055267963 0.402682093 -0.000474723
v 0.054765890 0.405167664 -0.000483110
v 0.053350893 0.407272625 -0.000490335
v 0.051237893 0.408675603 -0.000495295
v 0.048749494 0.409163537 -0.000497238
v 0.046263913 0.408661447 -0.000495865
v 0.044158929 0.407246464 -0.000491387
v 0.042755938 0.405133483 -0.000484485
v 0.042268016 0.402645094 -0.000476212
v 0.042770093 0.400159523 -0.000467825
v 0.044185086 0.398054563 -0.000460600
v 0.046298090 0.396651555 -0.000455639
v 0.048786488 0.396163651 -0.000453697
v 0.051272070 0.396665711 -0.000455070
v 0.053377050 0.398080724 -0.000459548
v 0.054780045 0.400193705 -0.000466450
v 0.157544609 -0.397038978 -0.001783786
v 0.157042532 -0.394553407 -0.001792172
v 0.155627542 -0.392448447 -0.001799397
v 0.153514535 -0.391045439 -0.001804358
v 0.151026147 -0.390557535 -0.001806301
v 0.148540562 -0.391059595 -0.001804928
v 0.146435574 -0.392474608 -0.001800450
v 0.145032588 -0.394587589 -0.001793547
v 0.144544665 -0.397075978 -0.001785274
v 0.145046742 -0.399561549 -0.001776888
v 0.146461732 -0.401666509 -0.001769663
v 0.148574739 -0.403069487 -0.001764702
v 0.151063142 -0.403557421 -0.001762759
v 0.153548712 -0.403055331 -0.001764132
v 0.155653700 -0.401640348 -0.001768610
v 0.157056687 -0.399527367 -0.001775513
v 0.157544113 -0.397025582 0.002216200
v 0.157042036 -0.394540011 0.002207813
v 0.155627046 -0.392435051 0.002200588
v 0.153514039 -0.391032043 0.002195628
v 0.151025651 -0.390544139 0.002193685
v 0.148540066 -0.391046199 0.002195058
v 0.146435078 -0.392461212 0.002199536
v 0.145032091 -0.394574193 0.002206438
v 0.144544169 -0.397062582 0.002214711
v 0.145046246 -0.399548153 0.002223098
v 0.146461236 -0.401653113 0.002230323
v 0.148574243 -0.403056091 0.002235284
v 0.151062645 -0.403544025 0.002237226
v 0.153548215 -0.403041935 0.002235853
v 0.155653203 -0.401626952 0.002231375
v 0.157056190 -0.399513971 0.002224473
v 0.157260039 -0.297039950 -0.002118720
v 0.156757962 -0.294554379 -0.002127106
v 0.155342972 -0.292449389 -0.002134331
v 0.153229965 -0.291046411 -0.002139292
v 0.150741578 -0.290558507 -0.002141235
v 0.148255993 -0.291060567 -0.002139862
v 0.146151005 -0.292475550 -0.002135384
v 0.144748018 -0.294588561 -0.002128481
v 0.144260095 -0.297076949 -0.002120208
v 0.144762172 -0.299562491 -0.002111822
v 0.146177162 -0.301667481 -0.002104597
v 0.148290169 -0.303070459 -0.002099636
v 0.150778572 -0.303558363 -0.002097693
v 0.153264142 -0.303056303 -0.002099066
v 0.155369130 -0.301641320 -0.002103544
v 0.156772117 -0.299528309 -0.002110447
v 0.157259543 -0.297026554 0.001881266
v 0.156757466 -0.294540983 0.001872879
v 0.155342476 -0.292435993 0.001865654
v 0.153229469 -0.291033015 0.001860694
v 0.150741082 -0.290545111 0.001858751
v 0.148255496 -0.291047171 0.001860124
v 0.146150509 -0.292462154 0.001864602
v 0.144747522 -0.294575165 0.001871504
v 0.144259599 -0.297063553 0.001879777
v 0.144761676 -0.299549095 0.001888164
v 0.146176666 -0.301654085 0.001895389
v 0.148289673 -0.303057063 0.001900350
v 0.150778076 -0.303544967 0.001902292
v 0.153263646 -0.303042907 0.001900919
v 0.155368634 -0.301627924 0.001896442
v 0.156771621 -0.299514913 0.001889539
v 0.156975470 -0.197040907 -0.002453654
v 0.156473393 -0.194555336 -0.002462040
v 0.155058403 -0.192450361 -0.002469265
v 0.152945396 -0.191047382 -0.002474226
v 0.150457008 -0.190559464 -0.002476169
v 0.147971423 -0.191061539 -0.002474796
v 0.145866435 -0.192476522 -0.002470318
v 0.144463448 -0.194589518 -0.002463415
v 0.143975526 -0.197077906 -0.002455142
v 0.144477603 -0.199563477 -0.002446756
v 0.145892593 -0.201668438 -0.002439531
v 0.148005600 -0.203071431 -0.002434570
v 0.150494002 -0.203559335 -0.002432627
v 0.152979572 -0.203057274 -0.002434000
v 0.155084560 -0.201642277 -0.002438478
v 0.156487547 -0.199529296 -0.002445381
v 0.156974973 -0.197027511 0.001546332
v 0.156472896 -0.194541940 0.001537945
v 0.155057906 -0.192436964 0.001530720
v 0.152944899 -0.191033986 0.001525760
v 0.150456512 -0.190546068 0.001523817
v 0.147970927 -0.191048143 0.001525190
v 0.145865939 -0.192463126 0.001529668
v 0.144462952 -0.194576122 0.001536570
v 0.143975030 -0.197064510 0.001544843
v 0.144477107 -0.199550081 0.001553230
v 0.145892097 -0.201655042 0.001560455
v 0.148005104 -0.203058035 0.001565416
v 0.150493506 -0.203545939 0.001567358
v 0.152979076 -0.203043878 0.001565985
v 0.155084064 -0.201628881 0.001561507
v 0.156487051 -0.199515900 0.001554605
v 0.156690900 -0.097041871 -0.002788588
v 0.156188823 -0.094556300 -0.002796974
v 0.154773833 -0.092451332 -0.002804199
v 0.152660826 -0.091048347 -0.002809160
v 0.150172438 -0.090560435 -0.002811103
v 0.147686853 -0.091062503 -0.002809730
v 0.145581865 -0.092477494 -0.002805252
v 0.144178879 -0.094590482 -0.002798349
v 0.143690956 -0.097078871 -0.002790076
v 0.144193033 -0.099564434 -0.002781690
v 0.145608023 -0.101669402 -0.002774465
v 0.147721030 -0.103072388 -0.002769504
v 0.150209432 -0.103560306 -0.002767561
v 0.152695003 -0.103058231 -0.002768934
v 0.154799991 -0.101643241 -0.002773412
v 0.156202977 -0.099530253 -0.002780315
v 0.156690404 -0.097028475 0.001211398
v 0.156188327 -0.094542904 0.001203011
v 0.154773337 -0.092437936 0.001195786
v 0.152660330 -0.091034951 0.001190826
v 0.150171942 -0.090547039 0.001188883
v 0.147686357 -0.091049107 0.001190256
v 0.145581369 -0.092464098 0.001194734
v 0.144178382 -0.094577086 0.001201636
v 0.143690460 -0.097065475 0.001209909
v 0.144192537 -0.099551038 0.001218296
v 0.145607527 -0.101656006 0.001225521
v 0.147720534 -0.103058992 0.001230482
v 0.150208936 -0.103546910 0.001232424
v 0.152694507 -0.103044835 0.001231051
v 0.154799494 -0.101629845 0.001226574
v 0.156202481 -0.099516856 0.001219671
v 0.156406330 0.002957164 -0.003123522
v 0.155904253 0.005442732 -0.003131908
v 0.154489263 0.007547701 -0.003139133
v 0.152376256 0.008950685 -0.003144094
v 0.149887869 0.009438602 -0.003146037
v 0.147402284 0.008936528 -0.003144664
v 0.145297296 0.007521540 -0.003140186
v 0.143894309 0.005408550 -0.003133283
v 0.143406386 0.002920165 -0.003125010
v 0.143908463 0.000434598 -0.003116624
v 0.145323453 -0.001670372 -0.003109399
v 0.147436460 -0.003073355 -0.003104438
v 0.149924863 -0.003561273 -0.003102495
v 0.152410433 -0.003059199 -0.003103868
v 0.154515421 -0.001644210 -0.003108346
v 0.155918408 0.000468779 -0.003115249
v 0.156405834 0.002970560 0.000876464
v 0.155903757 0.005456128 0.000868078
v 0.154488767 0.007561097 0.000860852
v 0.152375760 0.008964081 0.000855892
v 0.149887373 0.009451998 0.000853949
v 0.147401788 0.008949924 0.000855322
v 0.145296800 0.007534936 0.000859800
v 0.143893813 0.005421946 0.000866702
v 0.143405890 0.002933561 0.000874975
v 0.143907967 0.000447994 0.000883362
v 0.145322957 -0.001656976 0.000890587
v 0.147435964 -0.003059959 0.000895548
v 0.149924367 -0.003547877 0.000897490
v 0.152409937 -0.003045803 0.000896117
v 0.154514925 -0.001630814 0.000891640
v 0.155917912 0.000482175 0.000884737
v 0.156121761 0.102956200 -0.003458456
v 0.155619684 0.105441764 -0.003466842
v 0.154204694 0.107546732 -0.003474067
v 0.152091687 0.108949717 -0.003479028
v 0.149603299 0.109437636 -0.003480971
v 0.147117714 0.108935561 -0.003479598
v 0.145012726 0.107520570 -0.003475120
v 0.143609739 0.105407582 -0.003468217
v 0.143121817 0.102919201 -0.003459944
v 0.143623894 0.100433630 -0.003451558
v 0.145038884 0.098328662 -0.003444333
v 0.147151891 0.096925676 -0.003439372
v 0.149640293 0.096437765 -0.003437429
v 0.152125863 0.096939833 -0.003438802
v 0.154230851 0.098354823 -0.003443280
v 0.155633838 0.100467811 -0.003450182
v 0.156121264 0.102969596 0.000541530
v 0.155619188 0.105455160 0.000533144
v 0.154204197 0.107560128 0.000525918
v 0.152091190 0.108963113 0.000520958
v 0.149602803 0.109451032 0.000519015
v 0.147117218 0.108948957 0.000520388
v 0.145012230 0.107533966 0.000524866
v 0.143609243 0.105420978 0.000531768
v 0.143121321 0.102932597 0.000540041
v 0.143623398 0.100447026 0.000548428
v 0.145038388 0.098342058 0.000555653
v 0.147151395 0.096939072 0.000560614
v 0.149639797 0.096451161 0.000562556
v 0.152125367 0.096953229 0.000561183
v 0.154230355 0.098368219 0.000556706
v 0.155633342 0.100481207 0.000549803
v 0.155837191 0.202955236 -0.003793390
v 0.155335114 0.205440807 -0.003801776
v 0.153920124 0.207545767 -0.003809001
v 0.151807117 0.208948760 -0.003813962
v 0.149318729 0.209436664 -0.003815905
v 0.146833144 0.208934604 -0.003814532
v 0.144728156 0.207519606 -0.003810054
v 0.143325170 0.205406625 -0.003803151
v 0.142837247 0.202918236 -0.003794878
v 0.143339324 0.200432665 -0.003786492
v 0.144754314 0.198327690 -0.003779267
v 0.146867321 0.196924712 -0.003774306
v 0.149355724 0.196436793 -0.003772363
v 0.151841294 0.196938868 -0.003773736
v 0.153946282 0.198353851 -0.003778214
v 0.155349269 0.200466847 -0.003785116
v 0.155836695 0.202968632 0.000206596
v 0.155334618 0.205454203 0.000198210
v 0.153919628 0.207559163 0.000190984
v 0.151806621 0.208962156 0.000186024
v 0.149318233 0.209450060 0.000184081
v 0.146832648 0.208948000 0.000185454
v 0.144727660 0.207533002 0.000189932
v 0.143324673 0.205420021 0.000196834
v 0.142836751 0.202931632 0.000205107
v 0.143338828 0.200446062 0.000213494
v 0.144753818 0.198341086 0.000220719
v 0.146866825 0.196938108 0.000225680
v 0.149355227 0.196450189 0.000227622
v 0.151840798 0.196952264 0.000226249
v 0.153945785 0.198367247 0.000221772
v 0.155348772 0.200480243 0.000214869
v 0.155552621 0.302954279 -0.004128324
v 0.155050544 0.305439820 -0.004136710
v 0.153635554 0.307544810 -0.004143935
v 0.151522547 0.308947789 -0.004148896
v 0.149034160 0.309435692 -0.004150839
v 0.146548575 0.308933632 -0.004149465
v 0.144443587 0.307518649 -0.004144988
v 0.143040600 0.305405638 -0.004138085
v 0.142552677 0.302917280 -0.004129812
v 0.143054754 0.300431709 -0.004121426
v 0.144469744 0.298326718 -0.004114201
v 0.146582752 0.296923740 -0.004109240
v 0.149071154 0.296435836 -0.004107297
v 0.151556724 0.296937896 -0.004108670
v 0.153661712 0.298352880 -0.004113148
v 0.155064699 0.300465890 -0.004120051
v 0.155552125 0.302967675 -0.000128338
v 0.155050048 0.305453216 -0.000136724
v 0.153635058 0.307558206 -0.000143950
v 0.151522051 0.308961185 -0.000148910
v 0.149033664 0.309449088 -0.000150853
v 0.146548079 0.308947028 -0.000149480
v 0.144443091 0.307532045 -0.000145002
v 0.143040104 0.305419034 -0.000138100
v 0.142552181 0.302930676 -0.000129827
v 0.143054258 0.300445105 -0.000121440
v 0.144469248 0.298340114 -0.000114215
v 0.146582255 0.296937136 -0.000109254
v 0.149070658 0.296449232 -0.000107312
v 0.151556228 0.296951293 -0.000108685
v 0.153661216 0.298366276 -0.000113162
v 0.155064203 0.300479286 -0.000120065
v 0.155268052 0.402953307 -0.004463258
v 0.154765975 0.405438878 -0.004471644
v 0.153350985 0.407543839 -0.004478869
v 0.151237978 0.408946817 -0.004483830
v 0.148749590 0.409434750 -0.004485773
v 0.146264005 0.408932660 -0.004484399
v 0.144159017 0.407517677 -0.004479922
v 0.142756030 0.405404696 -0.004473019
v 0.142268108 0.402916308 -0.004464746
v 0.142770185 0.400430737 -0.004456360
v 0.144185175 0.398325776 -0.004449135
v 0.146298182 0.396922768 -0.004444174
v 0.148786584 0.396434865 -0.004442231
v 0.151272154 0.396936925 -0.004443604
v 0.153377142 0.398351938 -0.004448082
v 0.154780129 0.400464918 -0.004454984
v 0.155267555 0.402966703 -0.000463272
v 0.154765478 0.405452274 -0.000471658
v 0.153350488 0.407557235 -0.000478884
v 0.151237481 0.408960213 -0.000483844
v 0.148749094 0.409448146 -0.000485787
v 0.146263509 0.408946056 -0.000484414
v 0.144158521 0.407531073 -0.000479936
v 0.142755534 0.405418092 -0.000473034
v 0.142267612 0.402929704 -0.000464761
v 0.142769689 0.400444133 -0.000456374
v 0.144184679 0.398339172 -0.000449149
v 0.146297686 0.396936164 -0.000444188
v 0.148786088 0.396448261 -0.000442246
v 0.151271658 0.396950321 -0.000443619
v 0.153376646 0.398365334 -0.000448096
v 0.154779633 0.400478314 -0.000454999
v 0.257544212 -0.396754369 -0.001772335
v 0.257042120 -0.394268798 -0.001780721
v 0.255627130 -0.392163837 -0.001787946
v 0.253514138 -0.390760829 -0.001792907
v 0.251025736 -0.390272925 -0.001794850
v 0.248540151 -0.390774986 -0.001793477
v 0.246435178 -0.392189998 -0.001788999
v 0.245032176 -0.394302979 -0.001782096
v 0.244544253 -0.396791368 -0.001773823
v 0.245046330 -0.399276939 -0.001765437
v 0.246461335 -0.401381900 -0.001758212
v 0.248574328 -0.402784878 -0.001753251
v 0.251062730 -0.403272811 -0.001751308
v 0.253548315 -0.402770721 -0.001752681
v 0.255653288 -0.401355738 -0.001757159
v 0.257056275 -0.399242757 -0.001764061
v 0.257543716 -0.396740973 0.002227651
v 0.257041624 -0.394255402 0.002219265
v 0.255626634 -0.392150441 0.002212039
v 0.253513642 -0.390747433 0.002207079
v 0.251025240 -0.390259529 0.002205136
v 0.248539654 -0.390761590 0.002206509
v 0.246434682 -0.392176602 0.002210987
v 0.245031680 -0.394289583 0.002217889
v 0.244543757 -0.396777972 0.002226162
v 0.245045834 -0.399263543 0.002234549
v 0.246460839 -0.401368504 0.002241774
v 0.248573831 -0.402771482 0.002246735
v 0.251062234 -0.403259415 0.002248677
v 0.253547819 -0.402757325 0.002247304
v 0.255652792 -0.401342342 0.002242827
v 0.257055779 -0.399229361 0.002235924
v 0.257259643 -0.296755341 -0.002107269
v 0.256757551 -0.294269770 -0.002115655
v 0.255342561 -0.292164779 -0.002122880
v 0.253229568 -0.290761801 -0.002127841
v 0.250741166 -0.290273897 -0.002129784
v 0.248255581 -0.290775957 -0.002128411
v 0.246150608 -0.292190940 -0.002123933
v 0.244747606 -0.294303951 -0.002117030
v 0.244259684 -0.296792340 -0.002108757
v 0.244761761 -0.299277881 -0.002100371
v 0.246176766 -0.301382871 -0.002093146
v 0.248289758 -0.302785850 -0.002088185
v 0.250778160 -0.303273753 -0.002086242
v 0.253263745 -0.302771693 -0.002087615
v 0.255368718 -0.301356710 -0.002092093
v 0.256771705 -0.299243699 -0.002098996
v 0.257259146 -0.296741945 0.001892717
v 0.256757055 -0.294256374 0.001884331
v 0.255342064 -0.292151383 0.001877105
v 0.253229072 -0.290748405 0.001872145
v 0.250740670 -0.290260501 0.001870202
v 0.248255085 -0.290762561 0.001871575
v 0.246150112 -0.292177544 0.001876053
v 0.244747110 -0.294290555 0.001882955
v 0.244259188 -0.296778944 0.001891228
v 0.244761265 -0.299264485 0.001899615
v 0.246176270 -0.301369475 0.001906840
v 0.248289262 -0.302772454 0.001911801
v 0.250777664 -0.303260357 0.001913743
v 0.253263249 -0.302758297 0.001912370
v 0.255368222 -0.301343314 0.001907893
v 0.256771209 -0.299230303 0.001900990
v 0.256975073 -0.196756297 -0.002442203
v 0.256472981 -0.194270726 -0.002450589
v 0.255057991 -0.192165751 -0.002457814
v 0.252944999 -0.190762773 -0.002462775
v 0.250456596 -0.190274854 -0.002464718
v 0.247971011 -0.190776929 -0.002463344
v 0.245866038 -0.192191912 -0.002458867
v 0.244463037 -0.194304908 -0.002451964
v 0.243975114 -0.196793297 -0.002443691
v 0.244477191 -0.199278868 -0.002435305
v 0.245892196 -0.201383828 -0.002428080
v 0.248005188 -0.202786821 -0.002423119
v 0.250493591 -0.203274725 -0.002421176
v 0.252979176 -0.202772665 -0.002422549
v 0.255084149 -0.201357667 -0.002427027
v 0.256487136 -0.199244686 -0.002433929
v 0.256974577 -0.196742901 0.001557783
v 0.256472485 -0.194257330 0.001549397
v 0.255057495 -0.192152355 0.001542171
v 0.252944503 -0.190749377 0.001537211
v 0.250456100 -0.190261458 0.001535268
v 0.247970515 -0.190763533 0.001536641
v 0.245865542 -0.192178516 0.001541119
v 0.244462540 -0.194291512 0.001548021
v 0.243974618 -0.196779901 0.001556294
v 0.244476695 -0.199265472 0.001564681
v 0.245891700 -0.201370432 0.001571906
v 0.248004692 -0.202773425 0.001576867
v 0.250493094 -0.203261329 0.001578809
v 0.252978679 -0.202759269 0.001577436
v 0.255083652 -0.201344271 0.001572959
v 0.256486639 -0.199231290 0.001566056
v 0.256690503 -0.096757262 -0.002777137
v 0.256188411 -0.094271691 -0.002785523
v 0.254773421 -0.092166723 -0.002792748
v 0.252660429 -0.090763737 -0.002797709
v 0.250172027 -0.090275826 -0.002799652
v 0.247686442 -0.090777894 -0.002798278
v 0.245581469 -0.092192884 -0.002793801
v 0.244178467 -0.094305872 -0.002786898
v 0.243690544 -0.096794261 -0.002778625
v 0.244192621 -0.099279825 -0.002770239
v 0.245607626 -0.101384793 -0.002763014
v 0.247720619 -0.102787778 -0.002758053
v 0.250209021 -0.103275697 -0.002756110
v 0.252694606 -0.102773622 -0.002757483
v 0.254799579 -0.101358631 -0.002761961
v 0.256202566 -0.099245643 -0.002768863
v 0.256690007 -0.096743866 0.001222849
v 0.256187915 -0.094258295 0.001214463
v 0.254772925 -0.092153327 0.001207237
v 0.252659933 -0.090750341 0.001202277
v 0.250171531 -0.090262430 0.001200334
v 0.247685946 -0.090764498 0.001201707
v 0.245580973 -0.092179488 0.001206185
v 0.244177971 -0.094292476 0.001213087
v 0.243690048 -0.096780865 0.001221360
v 0.244192125 -0.099266428 0.001229747
v 0.245607130 -0.101371397 0.001236972
v 0.247720122 -0.102774382 0.001241933
v 0.250208525 -0.103262301 0.001243875
v 0.252694110 -0.102760226 0.001242502
v 0.254799083 -0.101345235 0.001238025
v 0.256202070 -0.099232247 0.001231122
v 0.256405934 0.003241774 -0.003112071
v 0.255903842 0.005727341 -0.003120457
v 0.254488852 0.007832311 -0.003127682
v 0.252375859 0.009235294 -0.003132643
v 0.249887457 0.009723212 -0.003134586
v 0.247401872 0.009221138 -0.003133212
v 0.245296899 0.007806149 -0.003128735
v 0.243893897 0.005693160 -0.003121832
v 0.243405975 0.003204775 -0.003113559
v 0.243908052 0.000719207 -0.003105173
v 0.245323057 -0.001385762 -0.003097948
v 0.247436049 -0.002788746 -0.003092987
v 0.249924451 -0.003276663 -0.003091044
v 0.252410036 -0.002774589 -0.003092417
v 0.254515009 -0.001359601 -0.003096895
v 0.255917996 0.000753389 -0.003103797
v 0.256405437 0.003255170 0.000887915
v 0.255903346 0.005740737 0.000879529
v 0.254488355 0.007845707 0.000872303
v 0.252375363 0.009248690 0.000867343
v 0.249886961 0.009736608 0.000865400
v 0.247401376 0.009234534 0.000866773
v 0.245296403 0.007819545 0.000871251
v 0.243893401 0.005706556 0.000878153
v 0.243405479 0.003218171 0.000886426
v 0.243907556 0.000732603 0.000894813
v 0.245322561 -0.001372366 0.000902038
v 0.247435553 -0.002775350 0.000906999
v 0.249923955 -0.003263267 0.000908941
v 0.252409540 -0.002761193 0.000907568
v 0.254514513 -0.001346205 0.000903091
v 0.255917500 0.000766785 0.000896188
v 0.256121364 0.103240810 -0.003447005
v 0.255619272 0.105726373 -0.003455391
v 0.254204282 0.107831341 -0.003462616
v 0.252091290 0.109234327 -0.003467577
v 0.249602887 0.109722246 -0.003469520
v 0.247117302 0.109220170 -0.003468146
v 0.245012329 0.107805180 -0.003463669
v 0.243609328 0.105692192 -0.003456766
v 0.243121405 0.103203810 -0.003448493
v 0.243623482 0.100718239 -0.003440107
v 0.245038487 0.098613271 -0.003432882
v 0.247151479 0.097210286 -0.003427921
v 0.249639882 0.096722375 -0.003425978
v 0.252125467 0.097224442 -0.003427351
v 0.254230440 0.098639433 -0.003431829
v 0.255633427 0.100752421 -0.003438731
v 0.256120868 0.103254206 0.000552981
v 0.255618776 0.105739769 0.000544595
v 0.254203786 0.107844737 0.000537370
v 0.252090794 0.109247723 0.000532409
v 0.249602391 0.109735642 0.000530466
v 0.247116806 0.109233566 0.000531839
v 0.245011833 0.107818576 0.000536317
v 0.243608831 0.105705588 0.000543219
v 0.243120909 0.103217206 0.000551492
v 0.243622986 0.100731635 0.000559879
v 0.245037991 0.098626667 0.000567104
v 0.247150983 0.097223682 0.000572065
v 0.249639385 0.096735771 0.000574007
v 0.252124970 0.097237838 0.000572634
v 0.254229943 0.098652829 0.000568157
v 0.255632930 0.100765817 0.000561254
v 0.255836794 0.203239845 -0.003781939
v 0.255334702 0.205725416 -0.003790325
v 0.253919712 0.207830377 -0.003797550
v 0.251806720 0.209233370 -0.003802511
v 0.249318318 0.209721274 -0.003804454
v 0.246832733 0.209219213 -0.003803080
v 0.244727760 0.207804216 -0.003798603
v 0.243324758 0.205691235 -0.003791700
v 0.242836835 0.203202846 -0.003783427
v 0.243338912 0.200717275 -0.003775041
v 0.244753917 0.198612300 -0.003767816
v 0.246866910 0.197209321 -0.003762855
v 0.249355312 0.196721403 -0.003760912
v 0.251840897 0.197223478 -0.003762285
v 0.253945870 0.198638461 -0.003766763
v 0.255348857 0.200751457 -0.003773665
v 0.255836298 0.203253241 0.000218047
v 0.255334206 0.205738812 0.000209661
v 0.253919216 0.207843773 0.000202436
v 0.251806224 0.209246766 0.000197475
v 0.249317822 0.209734670 0.000195532
v 0.246832237 0.209232610 0.000196905
v 0.244727264 0.207817612 0.000201383
v 0.243324262 0.205704631 0.000208285
v 0.242836339 0.203216242 0.000216558
v 0.243338416 0.200730671 0.000224945
v 0.244753421 0.198625696 0.000232170
v 0.246866413 0.197222717 0.000237131
v 0.249354816 0.196734799 0.000239074
v 0.251840401 0.197236874 0.000237700
v 0.253945374 0.198651857 0.000233223
v 0.255348361 0.200764853 0.000226320
v 0.255552224 0.303238888 -0.004116873
v 0.255050133 0.305724430 -0.004125259
v 0.253635143 0.307829420 -0.004132484
v 0.251522150 0.309232398 -0.004137445
v 0.249033748 0.309720302 -0.004139388
v 0.246548163 0.309218242 -0.004138014
v 0.244443190 0.307803259 -0.004133537
v 0.243040188 0.305690248 -0.004126634
v 0.242552266 0.303201889 -0.004118361
v 0.243054343 0.300716318 -0.004109975
v 0.244469348 0.298611328 -0.004102750
v 0.246582340 0.297208350 -0.004097789
v 0.249070742 0.296720446 -0.004095846
v 0.251556327 0.297222506 -0.004097219
v 0.253661300 0.298637489 -0.004101697
v 0.255064287 0.300750500 -0.004108599
v 0.255551728 0.303252284 -0.000116887
v 0.255049637 0.305737826 -0.000125273
v 0.253634646 0.307842816 -0.000132498
v 0.251521654 0.309245794 -0.000137459
v 0.249033252 0.309733698 -0.000139402
v 0.246547667 0.309231638 -0.000138029
v 0.244442694 0.307816655 -0.000133551
v 0.243039692 0.305703644 -0.000126649
v 0.242551770 0.303215285 -0.000118376
v 0.243053847 0.300729714 -0.000109989
v 0.244468852 0.298624724 -0.000102764
v 0.246581844 0.297221746 -0.000097803
v 0.249070246 0.296733842 -0.000095861
v 0.251555831 0.297235902 -0.000097234
v 0.253660804 0.298650885 -0.000101711
v 0.255063791 0.300763896 -0.000108614
v 0.255267655 0.403237917 -0.004451807
v 0.254765563 0.405723488 -0.004460193
v 0.253350573 0.407828448 -0.004467418
v 0.251237581 0.409231426 -0.004472379
v 0.248749178 0.409719360 -0.004474322
v 0.246263593 0.409217270 -0.004472948
v 0.244158620 0.407802287 -0.004468471
v 0.242755619 0.405689306 -0.004461568
v 0.242267696 0.403200917 -0.004453295
v 0.242769773 0.400715346 -0.004444909
v 0.244184778 0.398610386 -0.004437684
v 0.246297770 0.397207378 -0.004432723
v 0.248786173 0.396719474 -0.004430780
v 0.251271758 0.397221534 -0.004432153
v 0.253376731 0.398636547 -0.004436631
v 0.254779718 0.400749528 -0.004443533
v 0.255267159 0.403251313 -0.000451821
v 0.254765067 0.405736884 -0.000460207
v 0.253350077 0.407841844 -0.000467432
v 0.251237085 0.409244822 -0.000472393
v 0.248748682 0.409732756 -0.000474336
v 0.246263097 0.409230666 -0.000472963
v 0.244158124 0.407815683 -0.000468485
v 0.242755122 0.405702702 -0.000461583
v 0.242267200 0.403214313 -0.000453310
v 0.242769277 0.400728742 -0.000444923
v 0.244184282 0.398623782 -0.000437698
v 0.246297274 0.397220774 -0.000432737
v 0.248785676 0.396732870 -0.000430794
v 0.251271262 0.397234930 -0.000432168
v 0.253376234 0.398649943 -0.000436645
v 0.254779221 0.400762924 -0.000443548
v 0.357543801 -0.396469759 -0.001760884
v 0.357041739 -0.393984188 -0.001769270
v 0.355626719 -0.391879228 -0.001776495
v 0.353513726 -0.390476220 -0.001781456
v 0.351025324 -0.389988316 -0.001783399
v 0.348539739 -0.390490376 -0.001782025
v 0.346434766 -0.391905389 -0.001777548
v 0.345031779 -0.394018370 -0.001770645
v 0.344543842 -0.396506758 -0.001762372
v 0.345045934 -0.398992329 -0.001753986
v 0.346460924 -0.401097290 -0.001746761
v 0.348573916 -0.402500268 -0.001741800
v 0.351062318 -0.402988202 -0.001739857
v 0.353547903 -0.402486112 -0.001741230
v 0.355652876 -0.401071129 -0.001745708
v 0.357055893 -0.398958148 -0.001752610
v 0.357543304 -0.396456363 0.002239102
v 0.357041242 -0.393970792 0.002230716
v 0.355626223 -0.391865832 0.002223491
v 0.353513230 -0.390462824 0.002218530
v 0.351024828 -0.389974920 0.002216587
v 0.348539243 -0.390476980 0.002217960
v 0.346434270 -0.391891993 0.002222438
v 0.345031283 -0.394004974 0.002229340
v 0.344543346 -0.396493362 0.002237613
v 0.345045438 -0.398978933 0.002246000
v 0.346460428 -0.401083894 0.002253225
v 0.348573420 -0.402486872 0.002258186
v 0.351061822 -0.402974806 0.002260129
v 0.353547407 -0.402472716 0.002258755
v 0.355652380 -0.401057733 0.002254278
v 0.357055397 -0.398944752 0.002247375
v 0.357259231 -0.296470731 -0.002095817
v 0.356757169 -0.293985160 -0.002104204
v 0.355342149 -0.291880170 -0.002111429
v 0.353229157 -0.290477191 -0.002116390
v 0.350740755 -0.289989288 -0.002118333
v 0.348255169 -0.290491348 -0.002116959
v 0.346150196 -0.291906331 -0.002112482
v 0.344747210 -0.294019342 -0.002105579
v 0.344259272 -0.296507730 -0.002097306
v 0.344761364 -0.298993271 -0.002088920
v 0.346176354 -0.301098262 -0.002081695
v 0.348289346 -0.302501240 -0.002076734
v 0.350777749 -0.302989144 -0.002074791
v 0.353263334 -0.302487083 -0.002076164
v 0.355368307 -0.301072100 -0.002080642
v 0.356771323 -0.298959090 -0.002087544
v 0.357258735 -0.296457335 0.001904168
v 0.356756673 -0.293971764 0.001895782
v 0.355341653 -0.291866774 0.001888556
v 0.353228661 -0.290463795 0.001883596
v 0.350740258 -0.289975892 0.001881653
v 0.348254673 -0.290477952 0.001883026
v 0.346149700 -0.291892935 0.001887504
v 0.344746713 -0.294005946 0.001894406
v 0.344258776 -0.296494334 0.001902680
v 0.344760868 -0.298979875 0.001911066
v 0.346175858 -0.301084866 0.001918291
v 0.348288850 -0.302487844 0.001923252
v 0.350777252 -0.302975748 0.001925194
v 0.353262837 -0.302473687 0.001923821
v 0.355367811 -0.301058704 0.001919344
v 0.356770827 -0.298945694 0.001912441
v 0.356974661 -0.196471688 -0.002430752
v 0.356472599 -0.193986117 -0.002439138
v 0.355057579 -0.191881141 -0.002446363
v 0.352944587 -0.190478163 -0.002451324
v 0.350456185 -0.189990245 -0.002453267
v 0.347970600 -0.190492320 -0.002451893
v 0.345865627 -0.191907303 -0.002447416
v 0.344462640 -0.194020298 -0.002440513
v 0.343974703 -0.196508687 -0.002432240
v 0.344476794 -0.198994258 -0.002423854
v 0.345891784 -0.201099219 -0.002416629
v 0.348004777 -0.202502212 -0.002411668
v 0.350493179 -0.202990115 -0.002409725
v 0.352978764 -0.202488055 -0.002411098
v 0.355083737 -0.201073057 -0.002415576
v 0.356486754 -0.198960076 -0.002422478
v 0.356974165 -0.196458292 0.001569234
v 0.356472103 -0.193972721 0.001560848
v 0.355057083 -0.191867745 0.001553623
v 0.352944091 -0.190464767 0.001548662
v 0.350455689 -0.189976848 0.001546719
v 0.347970104 -0.190478924 0.001548092
v 0.345865131 -0.191893907 0.001552570
v 0.344462144 -0.194006902 0.001559472
v 0.343974206 -0.196495291 0.001567745
v 0.344476298 -0.198980862 0.001576132
v 0.345891288 -0.201085823 0.001583357
v 0.348004280 -0.202488816 0.001588318
v 0.350492683 -0.202976719 0.001590260
v 0.352978268 -0.202474659 0.001588887
v 0.355083241 -0.201059661 0.001584410
v 0.356486258 -0.198946680 0.001577507
v 0.356690092 -0.096472652 -0.002765686
v 0.356188030 -0.093987081 -0.002774072
v 0.354773010 -0.091882113 -0.002781297
v 0.352660017 -0.090479127 -0.002786258
v 0.350171615 -0.089991216 -0.002788201
v 0.347686030 -0.090493284 -0.002786827
v 0.345581057 -0.091908274 -0.002782350
v 0.344178070 -0.094021263 -0.002775447
v 0.343690133 -0.096509651 -0.002767174
v 0.344192225 -0.098995215 -0.002758788
v 0.345607215 -0.101100183 -0.002751563
v 0.347720207 -0.102503169 -0.002746602
v 0.350208609 -0.102991087 -0.002744659
v 0.352694194 -0.102489012 -0.002746032
v 0.354799167 -0.101074022 -0.002750510
v 0.356202184 -0.098961033 -0.002757412
v 0.356689595 -0.096459256 0.001234300
v 0.356187533 -0.093973685 0.001225914
v 0.354772514 -0.091868717 0.001218689
v 0.352659521 -0.090465731 0.001213728
v 0.350171119 -0.089977820 0.001211785
v 0.347685534 -0.090479888 0.001213158
v 0.345580561 -0.091894878 0.001217636
v 0.344177574 -0.094007867 0.001224538
v 0.343689637 -0.096496255 0.001232812
v 0.344191728 -0.098981819 0.001241198
v 0.345606719 -0.101086787 0.001248423
v 0.347719711 -0.102489773 0.001253384
v 0.350208113 -0.102977691 0.001255327
v 0.352693698 -0.102475616 0.001253953
v 0.354798671 -0.101060626 0.001249476
v 0.356201688 -0.098947637 0.001242573
v 0.356405522 0.003526384 -0.003100619
v 0.355903460 0.006011951 -0.003109006
v 0.354488440 0.008116920 -0.003116231
v 0.352375448 0.009519904 -0.003121192
v 0.349887046 0.010007821 -0.003123135
v 0.347401460 0.009505748 -0.003121761
v 0.345296487 0.008090759 -0.003117284
v 0.343893501 0.005977769 -0.003110381
v 0.343405563 0.003489384 -0.003102108
v 0.343907655 0.001003817 -0.003093722
v 0.345322645 -0.001101152 -0.003086497
v 0.347435637 -0.002504136 -0.003081536
v 0.349924040 -0.002992053 -0.003079593
v 0.352409625 -0.002489980 -0.003080966
v 0.354514598 -0.001074991 -0.003085444
v 0.355917614 0.001037999 -0.003092346
v 0.356405026 0.003539780 0.000899366
v 0.355902964 0.006025347 0.000890980
v 0.354487944 0.008130316 0.000883755
v 0.352374952 0.009533300 0.000878794
v 0.349886549 0.010021217 0.000876851
v 0.347400964 0.009519144 0.000878224
v 0.345295991 0.008104155 0.000882702
v 0.343893004 0.005991165 0.000889604
v 0.343405067 0.003502780 0.000897878
v 0.343907159 0.001017213 0.000906264
v 0.345322149 -0.001087756 0.000913489
v 0.347435141 -0.002490740 0.000918450
v 0.349923543 -0.002978657 0.000920393
v 0.352409128 -0.002476584 0.000919019
v 0.354514101 -0.001061595 0.000914542
v 0.355917118 0.001051395 0.000907639
v 0.356120952 0.103525419 -0.003435553
v 0.355618890 0.106010983 -0.003443940
v 0.354203870 0.108115951 -0.003451165
v 0.352090878 0.109518936 -0.003456126
v 0.349602476 0.110006855 -0.003458069
v 0.347116891 0.109504780 -0.003456695
v 0.345011918 0.108089790 -0.003452218
v 0.343608931 0.105976801 -0.003445315
v 0.343120994 0.103488420 -0.003437042
v 0.343623085 0.101002849 -0.003428656
v 0.345038075 0.098897881 -0.003421431
v 0.347151068 0.097494895 -0.003416470
v 0.349639470 0.097006984 -0.003414527
v 0.352125055 0.097509052 -0.003415900
v 0.354230028 0.098924042 -0.003420378
v 0.355633045 0.101037031 -0.003427280
v 0.356120456 0.103538815 0.000564432
v 0.355618394 0.106024379 0.000556046
v 0.354203374 0.108129347 0.000548821
v 0.352090382 0.109532332 0.000543860
v 0.349601980 0.110020251 0.000541917
v 0.347116395 0.109518176 0.000543290
v 0.345011422 0.108103186 0.000547768
v 0.343608435 0.105990197 0.000554670
v 0.343120497 0.103501816 0.000562944
v 0.343622589 0.101016245 0.000571330
v 0.345037579 0.098911277 0.000578555
v 0.347150571 0.097508291 0.000583516
v 0.349638974 0.097020380 0.000585459
v 0.352124559 0.097522448 0.000584085
v 0.354229532 0.098937438 0.000579608
v 0.355632549 0.101050427 0.000572705
v 0.355836383 0.203524455 -0.003770487
v 0.355334321 0.206010026 -0.003778874
v 0.353919301 0.208114986 -0.003786099
v 0.351806308 0.209517980 -0.003791060
v 0.349317906 0.210005883 -0.003793002
v 0.346832321 0.209503823 -0.003791629
v 0.344727348 0.208088825 -0.003787152
v 0.343324361 0.205975844 -0.003780249
v 0.342836424 0.203487456 -0.003771976
v 0.343338516 0.201001885 -0.003763590
v 0.344753506 0.198896909 -0.003756364
v 0.346866498 0.197493931 -0.003751404
v 0.349354900 0.197006012 -0.003749461
v 0.351840485 0.197508087 -0.003750834
v 0.353945458 0.198923070 -0.003755312
v 0.355348475 0.201036066 -0.003762214
v 0.355835886 0.203537851 0.000229498
v 0.355333824 0.206023422 0.000221112
v 0.353918805 0.208128383 0.000213887
v 0.351805812 0.209531376 0.000208926
v 0.349317410 0.210019279 0.000206983
v 0.346831825 0.209517219 0.000208356
v 0.344726852 0.208102221 0.000212834
v 0.343323865 0.205989240 0.000219736
v 0.342835928 0.203500852 0.000228010
v 0.343338020 0.201015281 0.000236396
v 0.344753010 0.198910305 0.000243621
v 0.346866002 0.197507327 0.000248582
v 0.349354404 0.197019408 0.000250525
v 0.351839989 0.197521484 0.000249151
v 0.353944962 0.198936466 0.000244674
v 0.355347979 0.201049462 0.000237771
v 0.355551813 0.303523498 -0.004105421
v 0.355049751 0.306009039 -0.004113808
v 0.353634731 0.308114030 -0.004121033
v 0.351521739 0.309517008 -0.004125994
v 0.349033337 0.310004912 -0.004127936
v 0.346547751 0.309502851 -0.004126563
v 0.344442778 0.308087868 -0.004122086
v 0.343039792 0.305974858 -0.004115183
v 0.342551854 0.303486499 -0.004106910
v 0.343053946 0.301000928 -0.004098524
v 0.344468936 0.298895937 -0.004091298
v 0.346581928 0.297492959 -0.004086338
v 0.349070331 0.297005055 -0.004084395
v 0.351555916 0.297507116 -0.004085768
v 0.353660889 0.298922099 -0.004090246
v 0.355063905 0.301035109 -0.004097148
v 0.355551317 0.303536894 -0.000105436
v 0.355049255 0.306022435 -0.000113822
v 0.353634235 0.308127426 -0.000121047
v 0.351521243 0.309530404 -0.000126008
v 0.349032840 0.310018308 -0.000127951
v 0.346547255 0.309516247 -0.000126578
v 0.344442282 0.308101264 -0.000122100
v 0.343039295 0.305988254 -0.000115198
v 0.342551358 0.303499895 -0.000106924
v 0.343053450 0.301014324 -0.000098538
v 0.344468440 0.298909333 -0.000091313
v 0.346581432 0.297506355 -0.000086352
v 0.349069834 0.297018452 -0.000084409
v 0.351555420 0.297520512 -0.000085783
v 0.353660393 0.298935495 -0.000090260
v 0.355063409 0.301048506 -0.000097163
v 0.355267243 0.403522526 -0.004440355
v 0.354765181 0.406008097 -0.004448742
v 0.353350161 0.408113058 -0.004455967
v 0.351237169 0.409516036 -0.004460928
v 0.348748767 0.410003970 -0.004462870
v 0.346263182 0.409501880 -0.004461497
v 0.344158209 0.408086897 -0.004457020
v 0.342755222 0.405973916 -0.004450117
v 0.342267285 0.403485527 -0.004441844
v 0.342769376 0.400999956 -0.004433458
v 0.344184366 0.398894995 -0.004426233
v 0.346297359 0.397491987 -0.004421272
v 0.348785761 0.397004084 -0.004419329
v 0.351271346 0.397506144 -0.004420702
v 0.353376319 0.398921157 -0.004425180
v 0.354779336 0.401034138 -0.004432082
v 0.355266747 0.403535922 -0.000440370
v 0.354764685 0.406021493 -0.000448756
v 0.353349665 0.408126454 -0.000455981
v 0.351236673 0.409529432 -0.000460942
v 0.348748271 0.410017366 -0.000462885
v 0.346262686 0.409515276 -0.000461512
v 0.344157713 0.408100293 -0.000457034
v 0.342754726 0.405987312 -0.000450132
v 0.342266788 0.403498923 -0.000441858
v 0.342768880 0.401013352 -0.000433472
v 0.344183870 0.398908391 -0.000426247
v 0.346296862 0.397505383 -0.000421286
v 0.348785265 0.397017480 -0.000419343
v 0.351270850 0.397519540 -0.000420716
v 0.353375823 0.398934553 -0.000425194
v 0.354778840 0.401047534 -0.000432097
v 0.457543389 -0.396185150 -0.001749432
v 0.457041327 -0.393699579 -0.001757819
v 0.455626337 -0.391594618 -0.001765044
v 0.453513315 -0.390191610 -0.001770005
v 0.451024913 -0.389703706 -0.001771948
v 0.448539357 -0.390205766 -0.001770574
v 0.446434354 -0.391620779 -0.001766097
v 0.445031368 -0.393733760 -0.001759194
v 0.444543460 -0.396222149 -0.001750921
v 0.445045522 -0.398707720 -0.001742535
v 0.446460512 -0.400812680 -0.001735310
v 0.448573534 -0.402215659 -0.001730349
v 0.451061907 -0.402703592 -0.001728406
v 0.453547492 -0.402201502 -0.001729779
v 0.455652494 -0.400786519 -0.001734257
v 0.457055481 -0.398673538 -0.001741159
v 0.457542893 -0.396171754 0.002250553
v 0.457040831 -0.393686183 0.002242167
v 0.455625841 -0.391581222 0.002234942
v 0.453512819 -0.390178214 0.002229981
v 0.451024416 -0.389690310 0.002228038
v 0.448538861 -0.390192370 0.002229411
v 0.446433858 -0.391607383 0.002233889
v 0.445030871 -0.393720364 0.002240791
v 0.444542964 -0.396208753 0.002249065
v 0.445045026 -0.398694324 0.002257451
v 0.446460016 -0.400799284 0.002264676
v 0.448573038 -0.402202263 0.002269637
v 0.451061410 -0.402690196 0.002271580
v 0.453546995 -0.402188106 0.002270206
v 0.455651998 -0.400773123 0.002265729
v 0.457054985 -0.398660142 0.002258826
v 0.457258819 -0.296186121 -0.002084366
v 0.456756757 -0.293700550 -0.002092753
v 0.455341767 -0.291595560 -0.002099978
v 0.453228745 -0.290192582 -0.002104939
v 0.450740343 -0.289704678 -0.002106881
v 0.448254788 -0.290206738 -0.002105508
v 0.446149785 -0.291621721 -0.002101031
v 0.444746798 -0.293734732 -0.002094128
v 0.444258890 -0.296223121 -0.002085855
v 0.444760952 -0.298708662 -0.002077469
v 0.446175942 -0.300813652 -0.002070243
v 0.448288964 -0.302216630 -0.002065283
v 0.450777337 -0.302704534 -0.002063340
v 0.453262922 -0.302202474 -0.002064713
v 0.455367925 -0.300787491 -0.002069191
v 0.456770912 -0.298674480 -0.002076093
v 0.457258323 -0.296172725 0.001915619
v 0.456756261 -0.293687154 0.001907233
v 0.455341271 -0.291582164 0.001900008
v 0.453228249 -0.290179186 0.001895047
v 0.450739847 -0.289691282 0.001893104
v 0.448254291 -0.290193342 0.001894477
v 0.446149289 -0.291608325 0.001898955
v 0.444746302 -0.293721336 0.001905857
v 0.444258394 -0.296209725 0.001914131
v 0.444760456 -0.298695266 0.001922517
v 0.446175446 -0.300800256 0.001929742
v 0.448288468 -0.302203234 0.001934703
v 0.450776841 -0.302691138 0.001936646
v 0.453262426 -0.302189078 0.001935272
v 0.455367429 -0.300774095 0.001930795
v 0.456770416 -0.298661084 0.001923892
v 0.456974250 -0.196187078 -0.002419300
v 0.456472188 -0.193701507 -0.002427687
v 0.455057197 -0.191596532 -0.002434912
v 0.452944176 -0.190193554 -0.002439873
v 0.450455773 -0.189705635 -0.002441815
v 0.447970218 -0.190207710 -0.002440442
v 0.445865215 -0.191622693 -0.002435965
v 0.444462228 -0.193735689 -0.002429062
v 0.443974321 -0.196224077 -0.002420789
v 0.444476383 -0.198709648 -0.002412403
v 0.445891373 -0.200814609 -0.002405177
v 0.448004395 -0.202217602 -0.002400217
v 0.450492767 -0.202705506 -0.002398274
v 0.452978352 -0.202203446 -0.002399647
v 0.455083355 -0.200788448 -0.002404125
v 0.456486342 -0.198675467 -0.002411027
v 0.456973753 -0.196173682 0.001580685
v 0.456471691 -0.193688111 0.001572299
v 0.455056701 -0.191583136 0.001565074
v 0.452943679 -0.190180158 0.001560113
v 0.450455277 -0.189692239 0.001558170
v 0.447969722 -0.190194314 0.001559543
v 0.445864719 -0.191609297 0.001564021
v 0.444461732 -0.193722293 0.001570923
v 0.443973825 -0.196210681 0.001579197
v 0.444475887 -0.198696252 0.001587583
v 0.445890877 -0.200801213 0.001594808
v 0.448003899 -0.202204206 0.001599769
v 0.450492271 -0.202692110 0.001601712
v 0.452977856 -0.202190050 0.001600338
v 0.455082859 -0.200775052 0.001595861
v 0.456485846 -0.198662071 0.001588958
v 0.456689680 -0.096188043 -0.002754234
v 0.456187618 -0.093702472 -0.002762621
v 0.454772628 -0.091597503 -0.002769846
v 0.452659606 -0.090194518 -0.002774807
v 0.450171204 -0.089706607 -0.002776749
v 0.447685648 -0.090208674 -0.002775376
v 0.445580645 -0.091623665 -0.002770899
v 0.444177659 -0.093736653 -0.002763996
v 0.443689751 -0.096225042 -0.002755723
v 0.444191813 -0.098710605 -0.002747337
v 0.445606803 -0.100815573 -0.002740111
v 0.447719825 -0.102218559 -0.002735151
v 0.450208198 -0.102706478 -0.002733208
v 0.452693783 -0.102204403 -0.002734581
v 0.454798785 -0.100789412 -0.002739059
v 0.456201772 -0.098676424 -0.002745961
v 0.456689184 -0.096174646 0.001245751
v 0.456187122 -0.093689075 0.001237365
v 0.454772132 -0.091584107 0.001230140
v 0.452659110 -0.090181122 0.001225179
v 0.450170707 -0.089693211 0.001223236
v 0.447685152 -0.090195278 0.001224609
v 0.445580149 -0.091610269 0.001229087
v 0.444177162 -0.093723257 0.001235989
v 0.443689255 -0.096211646 0.001244263
v 0.444191317 -0.098697209 0.001252649
v 0.445606307 -0.100802177 0.001259874
v 0.447719329 -0.102205163 0.001264835
v 0.450207701 -0.102693082 0.001266778
v 0.452693287 -0.102191006 0.001265404
v 0.454798289 -0.100776016 0.001260927
v 0.456201276 -0.098663028 0.001254024
v 0.456405110 0.003810993 -0.003089168
v 0.455903048 0.006296560 -0.003097555
v 0.454488058 0.008401530 -0.003104780
v 0.452375036 0.009804514 -0.003109741
v 0.449886634 0.010292431 -0.003111683
v 0.447401079 0.009790357 -0.003110310
v 0.445296076 0.008375369 -0.003105833
v 0.443893089 0.006262379 -0.003098930
v 0.443405181 0.003773994 -0.003090657
v 0.443907243 0.001288427 -0.003082271
v 0.445322233 -0.000816543 -0.003075045
v 0.447435255 -0.002219527 -0.003070085
v 0.449923628 -0.002707444 -0.003068142
v 0.452409213 -0.002205370 -0.003069515
v 0.454514216 -0.000790381 -0.003073993
v 0.455917203 0.001322608 -0.003080895
v 0.456404614 0.003824389 0.000910817
v 0.455902552 0.006309956 0.000902431
v 0.454487562 0.008414926 0.000895206
v 0.452374540 0.009817910 0.000890245
v 0.449886138 0.010305827 0.000888302
v 0.447400582 0.009803753 0.000889675
v 0.445295580 0.008388765 0.000894153
v 0.443892593 0.006275775 0.000901055
v 0.443404685 0.003787390 0.000909329
v 0.443906747 0.001301823 0.000917715
v 0.445321737 -0.000803147 0.000924940
v 0.447434759 -0.002206130 0.000929901
v 0.449923132 -0.002694048 0.000931844
v 0.452408717 -0.002191974 0.000930470
v 0.454513720 -0.000776985 0.000925993
v 0.455916707 0.001336004 0.000919090
v 0.456120541 0.103810029 -0.003424102
v 0.455618479 0.106295592 -0.003432489
v 0.454203489 0.108400560 -0.003439714
v 0.452090467 0.109803546 -0.003444675
v 0.449602064 0.110291465 -0.003446617
v 0.447116509 0.109789390 -0.003445244
v 0.445011506 0.108374399 -0.003440767
v 0.443608519 0.106261411 -0.003433864
v 0.443120612 0.103773030 -0.003425591
v 0.443622674 0.101287459 -0.003417205
v 0.445037664 0.099182491 -0.003409979
v 0.447150686 0.097779505 -0.003405019
v 0.449639058 0.097291594 -0.003403076
v 0.452124643 0.097793661 -0.003404449
v 0.454229646 0.099208652 -0.003408927
v 0.455632633 0.101321640 -0.003415829
v 0.456120044 0.103823425 0.000575883
v 0.455617982 0.106308988 0.000567497
v 0.454202992 0.108413957 0.000560272
v 0.452089970 0.109816942 0.000555311
v 0.449601568 0.110304861 0.000553368
v 0.447116013 0.109802786 0.000554741
v 0.445011010 0.108387795 0.000559219
v 0.443608023 0.106274807 0.000566121
v 0.443120116 0.103786426 0.000574395
v 0.443622178 0.101300855 0.000582781
v 0.445037168 0.099195887 0.000590006
v 0.447150190 0.097792901 0.000594967
v 0.449638562 0.097304990 0.000596910
v 0.452124147 0.097807057 0.000595537
v 0.454229150 0.099222048 0.000591059
v 0.455632137 0.101335036 0.000584156
v 0.455835971 0.203809065 -0.003759036
v 0.455333909 0.206294636 -0.003767423
v 0.453918919 0.208399596 -0.003774648
v 0.451805897 0.209802589 -0.003779609
v 0.449317495 0.210290493 -0.003781551
v 0.446831939 0.209788433 -0.003780178
v 0.444726936 0.208373435 -0.003775701
v 0.443323950 0.206260454 -0.003768798
v 0.442836042 0.203772065 -0.003760525
v 0.443338104 0.201286494 -0.003752139
v 0.444753094 0.199181519 -0.003744913
v 0.446866116 0.197778541 -0.003739953
v 0.449354489 0.197290622 -0.003738010
v 0.451840074 0.197792697 -0.003739383
v 0.453945077 0.199207680 -0.003743861
v 0.455348063 0.201320676 -0.003750763
v 0.455835475 0.203822461 0.000240949
v 0.455333413 0.206308032 0.000232563
v 0.453918423 0.208412992 0.000225338
v 0.451805401 0.209815985 0.000220377
v 0.449316998 0.210303889 0.000218434
v 0.446831443 0.209801829 0.000219807
v 0.444726440 0.208386831 0.000224285
v 0.443323453 0.206273850 0.000231187
v 0.442835546 0.203785461 0.000239461
v 0.443337608 0.201299890 0.000247847
v 0.444752598 0.199194915 0.000255072
v 0.446865620 0.197791937 0.000260033
v 0.449353992 0.197304018 0.000261976
v 0.451839578 0.197806093 0.000260603
v 0.453944580 0.199221076 0.000256125
v 0.455347567 0.201334072 0.000249222
v 0.455551401 0.303808108 -0.004093970
v 0.455049339 0.306293649 -0.004102357
v 0.453634349 0.308398639 -0.004109582
v 0.451521327 0.309801617 -0.004114543
v 0.449032925 0.310289521 -0.004116485
v 0.446547370 0.309787461 -0.004115112
v 0.444442367 0.308372478 -0.004110635
v 0.443039380 0.306259467 -0.004103732
v 0.442551472 0.303771108 -0.004095459
v 0.443053534 0.301285537 -0.004087073
v 0.444468524 0.299180547 -0.004079847
v 0.446581546 0.297777569 -0.004074887
v 0.449069919 0.297289665 -0.004072944
v 0.451555504 0.297791725 -0.004074317
v 0.453660507 0.299206708 -0.004078795
v 0.455063494 0.301319719 -0.004085697
v 0.455550905 0.303821504 -0.000093985
v 0.455048843 0.306307045 -0.000102371
v 0.453633853 0.308412035 -0.000109596
v 0.451520831 0.309815013 -0.000114557
v 0.449032429 0.310302917 -0.000116500
v 0.446546873 0.309800857 -0.000115127
v 0.444441871 0.308385874 -0.000110649
v 0.443038884 0.306272863 -0.000103746
v 0.442550976 0.303784504 -0.000095473
v 0.443053038 0.301298933 -0.000087087
v 0.444468028 0.299193943 -0.000079862
v 0.446581050 0.297790965 -0.000074901
v 0.449069423 0.297303061 -0.000072958
v 0.451555008 0.297805121 -0.000074331
v 0.453660011 0.299220104 -0.000078809
v 0.455062998 0.301333115 -0.000085712
v 0.455266832 0.403807136 -0.004428904
v 0.454764770 0.406292707 -0.004437291
v 0.453349780 0.408397668 -0.004444516
v 0.451236758 0.409800646 -0.004449477
v 0.448748355 0.410288579 -0.004451419
v 0.446262800 0.409786489 -0.004450046
v 0.444157797 0.408371506 -0.004445569
v 0.442754810 0.406258525 -0.004438666
v 0.442266903 0.403770137 -0.004430393
v 0.442768965 0.401284566 -0.004422007
v 0.444183955 0.399179605 -0.004414781
v 0.446296977 0.397776597 -0.004409821
v 0.448785349 0.397288693 -0.004407878
v 0.451270934 0.397790754 -0.004409251
v 0.453375937 0.399205766 -0.004413729
v 0.454778924 0.401318747 -0.004420631
v 0.455266335 0.403820532 -0.000428919
v 0.454764273 0.406306103 -0.000437305
v 0.453349283 0.408411064 -0.000444530
v 0.451236261 0.409814042 -0.000449491
v 0.448747859 0.410301975 -0.000451434
v 0.446262304 0.409799885 -0.000450061
v 0.444157301 0.408384902 -0.000445583
v 0.442754314 0.406271921 -0.000438681
v 0.442266407 0.403783533 -0.000430407
v 0.442768469 0.401297962 -0.000422021
v 0.444183459 0.399193001 -0.000414796
v 0.446296481 0.397789993 -0.000409835
v 0.448784853 0.397302089 -0.000407892
v 0.451270438 0.397804150 -0.000409265
v 0.453375441 0.399219162 -0.000413743
v 0.454778428 0.401332143 -0.000420646
v 0.557543007 -0.395900540 -0.001737981
v 0.557040915 -0.393414969 -0.001746368
v 0.555625925 -0.391310008 -0.001753593
v 0.553512933 -0.389907000 -0.001758554
v 0.551024531 -0.389419097 -0.001760496
v 0.548538946 -0.389921157 -0.001759123
v 0.546433973 -0.391336170 -0.001754646
v 0.545030986 -0.393449151 -0.001747743
v 0.544543048 -0.395937539 -0.001739470
v 0.545045140 -0.398423110 -0.001731084
v 0.546460130 -0.400528071 -0.001723858
v 0.548573122 -0.401931049 -0.001718898
v 0.551061525 -0.402418982 -0.001716955
v 0.553547110 -0.401916892 -0.001718328
v 0.555652083 -0.400501909 -0.001722806
v 0.557055070 -0.398388929 -0.001729708
v 0.557542511 -0.395887144 0.002262004
v 0.557040419 -0.393401573 0.002253618
v 0.555625429 -0.391296612 0.002246393
v 0.553512437 -0.389893604 0.002241432
v 0.551024035 -0.389405701 0.002239489
v 0.548538449 -0.389907761 0.002240862
v 0.546433476 -0.391322774 0.002245340
v 0.545030490 -0.393435755 0.002252242
v 0.544542552 -0.395924143 0.002260516
v 0.545044644 -0.398409714 0.002268902
v 0.546459634 -0.400514675 0.002276127
v 0.548572626 -0.401917653 0.002281088
v 0.551061029 -0.402405586 0.002283031
v 0.553546614 -0.401903496 0.002281657
v 0.555651587 -0.400488513 0.002277180
v 0.557054574 -0.398375533 0.002270277
v 0.557258437 -0.295901512 -0.002072915
v 0.556756346 -0.293415941 -0.002081302
v 0.555341356 -0.291310950 -0.002088527
v 0.553228363 -0.289907972 -0.002093488
v 0.550739961 -0.289420068 -0.002095430
v 0.548254376 -0.289922129 -0.002094057
v 0.546149403 -0.291337112 -0.002089580
v 0.544746416 -0.293450122 -0.002082677
v 0.544258479 -0.295938511 -0.002074404
v 0.544760570 -0.298424052 -0.002066018
v 0.546175561 -0.300529043 -0.002058792
v 0.548288553 -0.301932021 -0.002053832
v 0.550776955 -0.302419924 -0.002051889
v 0.553262540 -0.301917864 -0.002053262
v 0.555367513 -0.300502881 -0.002057740
v 0.556770500 -0.298389871 -0.002064642
v 0.557257941 -0.295888116 0.001927070
v 0.556755849 -0.293402545 0.001918684
v 0.555340859 -0.291297554 0.001911459
v 0.553227867 -0.289894576 0.001906498
v 0.550739465 -0.289406672 0.001904555
v 0.548253880 -0.289908733 0.001905928
v 0.546148907 -0.291323716 0.001910406
v 0.544745920 -0.293436726 0.001917309
v 0.544257983 -0.295925115 0.001925582
v 0.544760074 -0.298410656 0.001933968
v 0.546175064 -0.300515646 0.001941193
v 0.548288057 -0.301918625 0.001946154
v 0.550776459 -0.302406528 0.001948097
v 0.553262044 -0.301904468 0.001946724
v 0.555367017 -0.300489485 0.001942246
v 0.556770004 -0.298376474 0.001935343
v 0.556973868 -0.195902469 -0.002407849
v 0.556471776 -0.193416898 -0.002416236
v 0.555056786 -0.191311922 -0.002423461
v 0.552943794 -0.189908944 -0.002428422
v 0.550455391 -0.189421025 -0.002430364
v 0.547969806 -0.189923100 -0.002428991
v 0.545864833 -0.191338083 -0.002424514
v 0.544461846 -0.193451079 -0.002417611
v 0.543973909 -0.195939468 -0.002409338
v 0.544476001 -0.198425039 -0.002400951
v 0.545890991 -0.200529999 -0.002393726
v 0.548003983 -0.201932992 -0.002388766
v 0.550492385 -0.202420896 -0.002386823
v 0.552977971 -0.201918836 -0.002388196
v 0.555082944 -0.200503838 -0.002392674
v 0.556485930 -0.198390857 -0.002399576
v 0.556973372 -0.195889073 0.001592136
v 0.556471280 -0.193403502 0.001583750
v 0.555056290 -0.191298526 0.001576525
v 0.552943298 -0.189895548 0.001571564
v 0.550454895 -0.189407629 0.001569621
v 0.547969310 -0.189909704 0.001570994
v 0.545864337 -0.191324687 0.001575472
v 0.544461350 -0.193437683 0.001582375
v 0.543973413 -0.195926072 0.001590648
v 0.544475505 -0.198411643 0.001599034
v 0.545890495 -0.200516603 0.001606259
v 0.548003487 -0.201919596 0.001611220
v 0.550491889 -0.202407500 0.001613163
v 0.552977474 -0.201905440 0.001611790
v 0.555082447 -0.200490442 0.001607312
v 0.556485434 -0.198377461 0.001600409
v 0.556689298 -0.095903433 -0.002742783
v 0.556187206 -0.093417862 -0.002751170
v 0.554772216 -0.091312894 -0.002758395
v 0.552659224 -0.089909908 -0.002763356
v 0.550170822 -0.089421997 -0.002765298
v 0.547685237 -0.089924065 -0.002763925
v 0.545580264 -0.091339055 -0.002759448
v 0.544177277 -0.093452043 -0.002752545
v 0.543689339 -0.095940432 -0.002744272
v 0.544191431 -0.098425996 -0.002735886
v 0.545606421 -0.100530964 -0.002728660
v 0.547719413 -0.101933949 -0.002723700
v 0.550207816 -0.102421868 -0.002721757
v 0.552693401 -0.101919793 -0.002723130
v 0.554798374 -0.100504802 -0.002727608
v 0.556201361 -0.098391814 -0.002734510
v 0.556688802 -0.095890037 0.001257202
v 0.556186710 -0.093404466 0.001248816
v 0.554771720 -0.091299498 0.001241591
v 0.552658728 -0.089896512 0.001236630
v 0.550170326 -0.089408601 0.001234687
v 0.547684740 -0.089910669 0.001236060
v 0.545579767 -0.091325659 0.001240538
v 0.544176781 -0.093438647 0.001247441
v 0.543688843 -0.095927036 0.001255714
v 0.544190935 -0.098412600 0.001264100
v 0.545605925 -0.100517568 0.001271325
v 0.547718917 -0.101920553 0.001276286
v 0.550207320 -0.102408472 0.001278229
v 0.552692905 -0.101906397 0.001276856
v 0.554797878 -0.100491406 0.001272378
v 0.556200865 -0.098378418 0.001265475
v 0.556404728 0.004095603 -0.003077717
v 0.555902637 0.006581170 -0.003086104
v 0.554487647 0.008686140 -0.003093329
v 0.552374654 0.010089123 -0.003098290
v 0.549886252 0.010577041 -0.003100232
v 0.547400667 0.010074967 -0.003098859
v 0.545295694 0.008659978 -0.003094382
v 0.543892707 0.006546988 -0.003087479
v 0.543404770 0.004058604 -0.003079206
v 0.543906862 0.001573036 -0.003070819
v 0.545321852 -0.000531933 -0.003063594
v 0.547434844 -0.001934917 -0.003058634
v 0.549923246 -0.002422834 -0.003056691
v 0.552408831 -0.001920760 -0.003058064
v 0.554513804 -0.000505772 -0.003062542
v 0.555916791 0.001607218 -0.003069444
v 0.556404232 0.004108999 0.000922268
v 0.555902140 0.006594566 0.000913882
v 0.554487150 0.008699536 0.000906657
v 0.552374158 0.010102519 0.000901696
v 0.549885756 0.010590437 0.000899753
v 0.547400171 0.010088363 0.000901126
v 0.545295198 0.008673374 0.000905604
v 0.543892211 0.006560385 0.000912507
v 0.543404274 0.004072000 0.000920780
v 0.543906365 0.001586432 0.000929166
v 0.545321355 -0.000518537 0.000936391
v 0.547434348 -0.001921521 0.000941352
v 0.549922750 -0.002409438 0.000943295
v 0.552408335 -0.001907364 0.000941922
v 0.554513308 -0.000492376 0.000937444
v 0.555916295 0.001620614 0.000930541
v 0.556120159 0.104094639 -0.003412651
v 0.555618067 0.106580202 -0.003421038
v 0.554203077 0.108685170 -0.003428263
v 0.552090085 0.110088156 -0.003433224
v 0.549601682 0.110576074 -0.003435166
v 0.547116097 0.110073999 -0.003433793
v 0.545011124 0.108659009 -0.003429315
v 0.543608137 0.106546020 -0.003422413
v 0.543120200 0.104057639 -0.003414140
v 0.543622292 0.101572068 -0.003405753
v 0.545037282 0.099467100 -0.003398528
v 0.547150274 0.098064115 -0.003393568
v 0.549638676 0.097576203 -0.003391625
v 0.552124262 0.098078271 -0.003392998
v 0.554229235 0.099493262 -0.003397476
v 0.555632221 0.101606250 -0.003404378
v 0.556119663 0.104108035 0.000587334
v 0.555617571 0.106593598 0.000578948
v 0.554202581 0.108698566 0.000571723
v 0.552089589 0.110101552 0.000566762
v 0.549601186 0.110589470 0.000564819
v 0.547115601 0.110087395 0.000566192
v 0.545010628 0.108672405 0.000570670
v 0.543607641 0.106559416 0.000577573
v 0.543119704 0.104071035 0.000585846
v 0.543621796 0.101585464 0.000594232
v 0.545036786 0.099480496 0.000601457
v 0.547149778 0.098077511 0.000606418
v 0.549638180 0.097589599 0.000608361
v 0.552123765 0.098091667 0.000606988
v 0.554228738 0.099506658 0.000602510
v 0.555631725 0.101619646 0.000595607
v 0.555835589 0.204093674 -0.003747585
v 0.555333497 0.206579245 -0.003755972
v 0.553918507 0.208684206 -0.003763197
v 0.551805515 0.210087199 -0.003768158
v 0.549317113 0.210575103 -0.003770100
v 0.546831528 0.210073042 -0.003768727
v 0.544726555 0.208658044 -0.003764249
v 0.543323568 0.206545064 -0.003757347
v 0.542835630 0.204056675 -0.003749074
v 0.543337722 0.201571104 -0.003740687
v 0.544752712 0.199466128 -0.003733462
v 0.546865704 0.198063150 -0.003728502
v 0.549354107 0.197575232 -0.003726559
v 0.551839692 0.198077307 -0.003727932
v 0.553944665 0.199492290 -0.003732410
v 0.555347652 0.201605286 -0.003739312
v 0.555835093 0.204107070 0.000252400
v 0.555333001 0.206592641 0.000244014
v 0.553918011 0.208697602 0.000236789
v 0.551805019 0.210100595 0.000231828
v 0.549316617 0.210588499 0.000229885
v 0.546831031 0.210086438 0.000231258
v 0.544726058 0.208671441 0.000235736
v 0.543323072 0.206558460 0.000242639
v 0.542835134 0.204070071 0.000250912
v 0.543337226 0.201584500 0.000259298
v 0.544752216 0.199479524 0.000266523
v 0.546865208 0.198076546 0.000271484
v 0.549353611 0.197588628 0.000273427
v 0.551839196 0.198090703 0.000272054
v 0.553944169 0.199505686 0.000267576
v 0.555347156 0.201618682 0.000260673
v 0.555551019 0.304092717 -0.004082519
v 0.555048928 0.306578258 -0.004090906
v 0.553633938 0.308683249 -0.004098131
v 0.551520945 0.310086227 -0.004103092
v 0.549032543 0.310574131 -0.004105034
v 0.546546958 0.310072071 -0.004103661
v 0.544441985 0.308657088 -0.004099183
v 0.543038998 0.306544077 -0.004092281
v 0.542551061 0.304055718 -0.004084008
v 0.543053153 0.301570147 -0.004075621
v 0.544468143 0.299465157 -0.004068396
v 0.546581135 0.298062178 -0.004063436
v 0.549069537 0.297574275 -0.004061493
v 0.551555122 0.298076335 -0.004062866
v 0.553660095 0.299491318 -0.004067344
v 0.555063082 0.301604329 -0.004074246
v 0.555550523 0.304106113 -0.000082534
v 0.555048431 0.306591654 -0.000090920
v 0.553633441 0.308696645 -0.000098145
v 0.551520449 0.310099623 -0.000103106
v 0.549032047 0.310587527 -0.000105049
v 0.546546462 0.310085467 -0.000103676
v 0.544441489 0.308670484 -0.000099198
v 0.543038502 0.306557473 -0.000092295
v 0.542550565 0.304069114 -0.000084022
v 0.543052656 0.301583543 -0.000075636
v 0.544467646 0.299478553 -0.000068411
v 0.546580639 0.298075575 -0.000063450
v 0.549069041 0.297587671 -0.000061507
v 0.551554626 0.298089731 -0.000062880
v 0.553659599 0.299504714 -0.000067358
v 0.555062586 0.301617725 -0.000074261
v 0.555266450 0.404091746 -0.004417453
v 0.554764358 0.406577316 -0.004425840
v 0.553349368 0.408682277 -0.004433065
v 0.551236376 0.410085255 -0.004438026
v 0.548747973 0.410573189 -0.004439968
v 0.546262388 0.410071099 -0.004438595
v 0.544157415 0.408656116 -0.004434117
v 0.542754428 0.406543135 -0.004427215
v 0.542266491 0.404054746 -0.004418942
v 0.542768583 0.401569175 -0.004410555
v 0.544183573 0.399464215 -0.004403330
v 0.546296565 0.398061207 -0.004398370
v 0.548784967 0.397573303 -0.004396427
v 0.551270553 0.398075363 -0.004397800
v 0.553375526 0.399490376 -0.004402278
v 0.554778512 0.401603357 -0.004409180
v 0.555265954 0.404105142 -0.000417468
v 0.554763862 0.406590713 -0.000425854
v 0.553348872 0.408695673 -0.000433079
v 0.551235880 0.410098651 -0.000438040
v 0.548747477 0.410586585 -0.000439983
v 0.546261892 0.410084495 -0.000438610
v 0.544156919 0.408669512 -0.000434132
v 0.542753932 0.406556531 -0.000427229
v 0.542265995 0.404068142 -0.000418956
v 0.542768087 0.401582571 -0.000410570
v 0.544183077 0.399477611 -0.000403345
v 0.546296069 0.398074603 -0.000398384
v 0.548784471 0.397586699 -0.000396441
v 0.551270056 0.398088759 -0.000397814
v 0.553375029 0.399503772 -0.000402292
v 0.554778016 0.401616753 -0.000409195
v 0.657542566 -0.395615930 -0.001726530
v 0.657040533 -0.393130359 -0.001734917
v 0.655625484 -0.391025399 -0.001742142
v 0.653512492 -0.389622391 -0.001747103
v 0.651024089 -0.389134487 -0.001749045
v 0.648538504 -0.389636547 -0.001747672
v 0.646433531 -0.391051560 -0.001743194
v 0.645030544 -0.393164541 -0.001736292
v 0.644542607 -0.395652930 -0.001728019
v 0.645044699 -0.398138501 -0.001719632
v 0.646459689 -0.400243461 -0.001712407
v 0.648572681 -0.401646439 -0.001707447
v 0.651061083 -0.402134373 -0.001705504
v 0.653546668 -0.401632283 -0.001706877
v 0.655651641 -0.400217300 -0.001711355
v 0.657054688 -0.398104319 -0.001718257
v 0.657542070 -0.395602534 0.002273455
v 0.657040037 -0.393116963 0.002265069
v 0.655624988 -0.391012003 0.002257844
v 0.653511995 -0.389608995 0.002252883
v 0.651023593 -0.389121091 0.002250940
v 0.648538008 -0.389623151 0.002252313
v 0.646433035 -0.391038164 0.002256791
v 0.645030048 -0.393151145 0.002263694
v 0.644542111 -0.395639534 0.002271967
v 0.645044203 -0.398125105 0.002280353
v 0.646459193 -0.400230065 0.002287578
v 0.648572185 -0.401633043 0.002292539
v 0.651060587 -0.402120977 0.002294482
v 0.653546172 -0.401618887 0.002293109
v 0.655651145 -0.400203904 0.002288631
v 0.657054192 -0.398090923 0.002281728
v 0.657257996 -0.295616902 -0.002061464
v 0.656755964 -0.293131331 -0.002069851
v 0.655340914 -0.291026341 -0.002077076
v 0.653227922 -0.289623363 -0.002082037
v 0.650739520 -0.289135459 -0.002083979
v 0.648253934 -0.289637519 -0.002082606
v 0.646148961 -0.291052502 -0.002078129
v 0.644745975 -0.293165513 -0.002071226
v 0.644258037 -0.295653901 -0.002062953
v 0.644760129 -0.298139443 -0.002054567
v 0.646175119 -0.300244433 -0.002047341
v 0.648288111 -0.301647411 -0.002042381
v 0.650776514 -0.302135315 -0.002040438
v 0.653262099 -0.301633255 -0.002041811
v 0.655367072 -0.300218272 -0.002046289
v 0.656770118 -0.298105261 -0.002053191
v 0.657257500 -0.295603506 0.001938521
v 0.656755468 -0.293117935 0.001930135
v 0.655340418 -0.291012945 0.001922910
v 0.653227426 -0.289609967 0.001917949
v 0.650739023 -0.289122063 0.001916006
v 0.648253438 -0.289624123 0.001917379
v 0.646148465 -0.291039106 0.001921857
v 0.644745478 -0.293152117 0.001928760
v 0.644257541 -0.295640505 0.001937033
v 0.644759633 -0.298126047 0.001945419
v 0.646174623 -0.300231037 0.001952644
v 0.648287615 -0.301634015 0.001957605
v 0.650776017 -0.302121919 0.001959548
v 0.653261603 -0.301619859 0.001958175
v 0.655366576 -0.300204876 0.001953697
v 0.656769622 -0.298091865 0.001946794
v 0.656973426 -0.195617859 -0.002396398
v 0.656471394 -0.193132288 -0.002404785
v 0.655056344 -0.191027313 -0.002412010
v 0.652943352 -0.189624334 -0.002416971
v 0.650454950 -0.189136416 -0.002418913
v 0.647969365 -0.189638491 -0.002417540
v 0.645864392 -0.191053474 -0.002413062
v 0.644461405 -0.193166470 -0.002406160
v 0.643973468 -0.195654858 -0.002397887
v 0.644475559 -0.198140429 -0.002389500
v 0.645890549 -0.200245390 -0.002382275
v 0.648003542 -0.201648383 -0.002377315
v 0.650491944 -0.202136287 -0.002375372
v 0.652977529 -0.201634226 -0.002376745
v 0.655082502 -0.200219229 -0.002381223
v 0.656485549 -0.198106248 -0.002388125
v 0.656972930 -0.195604463 0.001603587
v 0.656470898 -0.193118892 0.001595201
v 0.655055848 -0.191013917 0.001587976
v 0.652942856 -0.189610938 0.001583015
v 0.650454454 -0.189123020 0.001581072
v 0.647968869 -0.189625095 0.001582445
v 0.645863896 -0.191040078 0.001586923
v 0.644460909 -0.193153074 0.001593826
v 0.643972971 -0.195641462 0.001602099
v 0.644475063 -0.198127033 0.001610485
v 0.645890053 -0.200231994 0.001617710
v 0.648003046 -0.201634987 0.001622671
v 0.650491448 -0.202122891 0.001624614
v 0.652977033 -0.201620830 0.001623241
v 0.655082006 -0.200205833 0.001618763
v 0.656485052 -0.198092851 0.001611861
v 0.656688857 -0.095618823 -0.002731332
v 0.656186824 -0.093133252 -0.002739719
v 0.654771775 -0.091028284 -0.002746944
v 0.652658783 -0.089625299 -0.002751905
v 0.650170380 -0.089137387 -0.002753847
v 0.647684795 -0.089639455 -0.002752474
v 0.645579822 -0.091054446 -0.002747996
v 0.644176835 -0.093167434 -0.002741094
v 0.643688898 -0.095655823 -0.002732821
v 0.644190990 -0.098141386 -0.002724434
v 0.645605980 -0.100246354 -0.002717209
v 0.647718972 -0.101649340 -0.002712249
v 0.650207374 -0.102137258 -0.002710306
v 0.652692959 -0.101635183 -0.002711679
v 0.654797932 -0.100220193 -0.002716157
v 0.656200979 -0.098107204 -0.002723059
v 0.656688360 -0.095605427 0.001268653
v 0.656186328 -0.093119856 0.001260267
v 0.654771279 -0.091014888 0.001253042
v 0.652658286 -0.089611903 0.001248081
v 0.650169884 -0.089123991 0.001246138
v 0.647684299 -0.089626059 0.001247511
v 0.645579326 -0.091041050 0.001251989
v 0.644176339 -0.093154038 0.001258892
v 0.643688402 -0.095642427 0.001267165
v 0.644190494 -0.098127990 0.001275551
v 0.645605484 -0.100232958 0.001282776
v 0.647718476 -0.101635944 0.001287737
v 0.650206878 -0.102123862 0.001289680
v 0.652692463 -0.101621787 0.001288307
v 0.654797436 -0.100206797 0.001283829
v 0.656200483 -0.098093808 0.001276926
v 0.656404287 0.004380212 -0.003066266
v 0.655902255 0.006865780 -0.003074653
v 0.654487205 0.008970749 -0.003081878
v 0.652374213 0.010373733 -0.003086839
v 0.649885811 0.010861650 -0.003088781
v 0.647400226 0.010359576 -0.003087408
v 0.645295253 0.008944588 -0.003082930
v 0.643892266 0.006831598 -0.003076028
v 0.643404328 0.004343213 -0.003067755
v 0.643906420 0.001857646 -0.003059368
v 0.645321410 -0.000247324 -0.003052143
v 0.647434402 -0.001650307 -0.003047183
v 0.649922805 -0.002138225 -0.003045240
v 0.652408390 -0.001636151 -0.003046613
v 0.654513363 -0.000221162 -0.003051091
v 0.655916409 0.001891828 -0.003057993
v 0.656403791 0.004393608 0.000933719
v 0.655901759 0.006879176 0.000925333
v 0.654486709 0.008984145 0.000918108
v 0.652373717 0.010387129 0.000913147
v 0.649885314 0.010875046 0.000911204
v 0.647399729 0.010372972 0.000912577
v 0.645294756 0.008957984 0.000917055
v 0.643891769 0.006844994 0.000923958
v 0.643403832 0.004356609 0.000932231
v 0.643905924 0.001871042 0.000940617
v 0.645320914 -0.000233928 0.000947842
v 0.647433906 -0.001636911 0.000952803
v 0.649922309 -0.002124829 0.000954746
v 0.652407894 -0.001622755 0.000953373
v 0.654512867 -0.000207766 0.000948895
v 0.655915913 0.001905224 0.000941993
v 0.656119717 0.104379248 -0.003401200
v 0.655617685 0.106864812 -0.003409587
v 0.654202635 0.108969780 -0.003416812
v 0.652089643 0.110372765 -0.003421773
v 0.649601241 0.110860684 -0.003423715
v 0.647115656 0.110358609 -0.003422342
v 0.645010683 0.108943618 -0.003417864
v 0.643607696 0.106830630 -0.003410962
v 0.643119759 0.104342249 -0.003402689
v 0.643621850 0.101856678 -0.003394302
v 0.645036841 0.099751710 -0.003387077
v 0.647149833 0.098348724 -0.003382117
v 0.649638235 0.097860813 -0.003380174
v 0.652123820 0.098362881 -0.003381547
v 0.654228793 0.099777871 -0.003386025
v 0.655631840 0.101890860 -0.003392927
v 0.656119221 0.104392644 0.000598785
v 0.655617189 0.106878208 0.000590399
v 0.654202139 0.108983176 0.000583174
v 0.652089147 0.110386161 0.000578213
v 0.649600745 0.110874080 0.000576270
v 0.647115160 0.110372005 0.000577644
v 0.645010187 0.108957014 0.000582121
v 0.643607200 0.106844026 0.000589024
v 0.643119262 0.104355645 0.000597297
v 0.643621354 0.101870074 0.000605683
v 0.645036344 0.099765106 0.000612908
v 0.647149337 0.098362120 0.000617869
v 0.649637739 0.097874209 0.000619812
v 0.652123324 0.098376277 0.000618439
v 0.654228297 0.099791267 0.000613961
v 0.655631343 0.101904256 0.000607059
v 0.655835148 0.204378284 -0.003736134
v 0.655333115 0.206863855 -0.003744521
v 0.653918066 0.208968815 -0.003751746
v 0.651805074 0.210371808 -0.003756707
v 0.649316671 0.210859712 -0.003758649
v 0.646831086 0.210357652 -0.003757276
v 0.644726113 0.208942654 -0.003752798
v 0.643323126 0.206829673 -0.003745896
v 0.642835189 0.204341284 -0.003737623
v 0.643337281 0.201855714 -0.003729236
v 0.644752271 0.199750738 -0.003722011
v 0.646865263 0.198347760 -0.003717051
v 0.649353665 0.197859841 -0.003715108
v 0.651839250 0.198361916 -0.003716481
v 0.653944223 0.199776899 -0.003720959
v 0.655347270 0.201889895 -0.003727861
v 0.655834651 0.204391680 0.000263851
v 0.655332619 0.206877251 0.000255465
v 0.653917570 0.208982211 0.000248240
v 0.651804577 0.210385204 0.000243279
v 0.649316175 0.210873108 0.000241336
v 0.646830590 0.210371048 0.000242709
v 0.644725617 0.208956050 0.000247187
v 0.643322630 0.206843069 0.000254090
v 0.642834693 0.204354680 0.000262363
v 0.643336785 0.201869110 0.000270749
v 0.644751775 0.199764134 0.000277974
v 0.646864767 0.198361156 0.000282935
v 0.649353169 0.197873237 0.000284878
v 0.651838754 0.198375312 0.000283505
v 0.653943727 0.199790295 0.000279027
v 0.655346774 0.201903291 0.000272125
v 0.655550578 0.304377327 -0.004071068
v 0.655048546 0.306862868 -0.004079455
v 0.653633496 0.308967858 -0.004086680
v 0.651520504 0.310370837 -0.004091641
v 0.649032102 0.310858740 -0.004093583
v 0.646546517 0.310356680 -0.004092210
v 0.644441544 0.308941697 -0.004087732
v 0.643038557 0.306828686 -0.004080830
v 0.642550619 0.304340328 -0.004072557
v 0.643052711 0.301854757 -0.004064170
v 0.644467701 0.299749766 -0.004056945
v 0.646580693 0.298346788 -0.004051985
v 0.649069096 0.297858884 -0.004050042
v 0.651554681 0.298360944 -0.004051415
v 0.653659654 0.299775927 -0.004055893
v 0.655062700 0.301888938 -0.004062795
v 0.655550082 0.304390723 -0.000071083
v 0.655048050 0.306876264 -0.000079469
v 0.653633000 0.308981254 -0.000086694
v 0.651520008 0.310384233 -0.000091655
v 0.649031605 0.310872136 -0.000093598
v 0.646546020 0.310370076 -0.000092224
v 0.644441047 0.308955093 -0.000087747
v 0.643038060 0.306842082 -0.000080844
v 0.642550123 0.304353724 -0.000072571
v 0.643052215 0.301868153 -0.000064185
v 0.644467205 0.299763162 -0.000056960
v 0.646580197 0.298360184 -0.000051999
v 0.649068599 0.297872280 -0.000050056
v 0.651554185 0.298374341 -0.000051429
v 0.653659158 0.299789324 -0.000055907
v 0.655062204 0.301902334 -0.000062809
v 0.655266008 0.404376355 -0.004406002
v 0.654763976 0.406861926 -0.004414389
v 0.653348926 0.408966887 -0.004421614
v 0.651235934 0.410369865 -0.004426575
v 0.648747532 0.410857798 -0.004428517
v 0.646261947 0.410355708 -0.004427144
v 0.644156974 0.408940725 -0.004422666
v 0.642753987 0.406827744 -0.004415764
v 0.642266050 0.404339356 -0.004407491
v 0.642768141 0.401853785 -0.004399104
v 0.644183131 0.399748824 -0.004391879
v 0.646296124 0.398345816 -0.004386918
v 0.648784526 0.397857912 -0.004384976
v 0.651270111 0.398359973 -0.004386349
v 0.653375084 0.399774986 -0.004390827
v 0.654778131 0.401887967 -0.004397729
v 0.655265512 0.404389751 -0.000406017
v 0.654763480 0.406875322 -0.000414403
v 0.653348430 0.408980283 -0.000421628
v 0.651235438 0.410383261 -0.000426589
v 0.648747036 0.410871194 -0.000428532
v 0.646261451 0.410369104 -0.000427158
v 0.644156478 0.408954121 -0.000422681
v 0.642753491 0.406841140 -0.000415778
v 0.642265553 0.404352752 -0.000407505
v 0.642767645 0.401867181 -0.000399119
v 0.644182635 0.399762220 -0.000391894
v 0.646295628 0.398359212 -0.000386933
v 0.648784030 0.397871309 -0.000384990
v 0.651269615 0.398373369 -0.000386363
v 0.653374588 0.399788382 -0.000390841
v 0.654777634 0.401901363 -0.000397743
v 0.757542184 -0.395331321 -0.001715079
v 0.757040092 -0.392845750 -0.001723466
v 0.755625102 -0.390740789 -0.001730691
v 0.753512110 -0.389337781 -0.001735652
v 0.751023707 -0.388849877 -0.001737594
v 0.748538122 -0.389351938 -0.001736221
v 0.746433149 -0.390766950 -0.001731743
v 0.745030162 -0.392879931 -0.001724841
v 0.744542225 -0.395368320 -0.001716568
v 0.745044317 -0.397853891 -0.001708181
v 0.746459307 -0.399958852 -0.001700956
v 0.748572299 -0.401361830 -0.001695996
v 0.751060702 -0.401849763 -0.001694053
v 0.753546287 -0.401347673 -0.001695426
v 0.755651260 -0.399932690 -0.001699904
v 0.757054247 -0.397819709 -0.001706806
v 0.757541688 -0.395317925 0.002284906
v 0.757039596 -0.392832354 0.002276520
v 0.755624606 -0.390727393 0.002269295
v 0.753511614 -0.389324385 0.002264334
v 0.751023211 -0.388836481 0.002262391
v 0.748537626 -0.389338542 0.002263764
v 0.746432653 -0.390753554 0.002268242
v 0.745029666 -0.392866535 0.002275145
v 0.744541729 -0.395354924 0.002283418
v 0.745043821 -0.397840495 0.002291804
v 0.746458811 -0.399945456 0.002299029
v 0.748571803 -0.401348434 0.002303990
v 0.751060205 -0.401836367 0.002305933
v 0.753545790 -0.401334277 0.002304560
v 0.755650763 -0.399919294 0.002300082
v 0.757053750 -0.397806313 0.002293180
v 0.757257614 -0.295332292 -0.002050013
v 0.756755522 -0.292846722 -0.002058400
v 0.755340532 -0.290741731 -0.002065625
v 0.753227540 -0.289338753 -0.002070586
v 0.750739138 -0.288850849 -0.002072528
v 0.748253553 -0.289352909 -0.002071155
v 0.746148580 -0.290767892 -0.002066677
v 0.744745593 -0.292880903 -0.002059775
v 0.744257655 -0.295369292 -0.002051502
v 0.744759747 -0.297854833 -0.002043115
v 0.746174737 -0.299959823 -0.002035890
v 0.748287730 -0.301362802 -0.002030930
v 0.750776132 -0.301850705 -0.002028987
v 0.753261717 -0.301348645 -0.002030360
v 0.755366690 -0.299933662 -0.002034838
v 0.756769677 -0.297820651 -0.002041740
v 0.757257118 -0.295318896 0.001949972
v 0.756755026 -0.292833326 0.001941586
v 0.755340036 -0.290728335 0.001934361
v 0.753227044 -0.289325357 0.001929400
v 0.750738642 -0.288837453 0.001927457
v 0.748253056 -0.289339513 0.001928830
v 0.746148083 -0.290754496 0.001933308
v 0.744745097 -0.292867507 0.001940211
v 0.744257159 -0.295355896 0.001948484
v 0.744759251 -0.297841437 0.001956870
v 0.746174241 -0.299946427 0.001964095
v 0.748287233 -0.301349405 0.001969056
v 0.750775636 -0.301837309 0.001970999
v 0.753261221 -0.301335249 0.001969626
v 0.755366194 -0.299920266 0.001965148
v 0.756769181 -0.297807255 0.001958245
v 0.756973045 -0.195333249 -0.002384947
v 0.756470953 -0.192847678 -0.002393334
v 0.755055963 -0.190742703 -0.002400559
v 0.752942970 -0.189339725 -0.002405520
v 0.750454568 -0.188851806 -0.002407462
v 0.747968983 -0.189353881 -0.002406089
v 0.745864010 -0.190768864 -0.002401611
v 0.744461023 -0.192881860 -0.002394709
v 0.743973086 -0.195370249 -0.002386436
v 0.744475178 -0.197855820 -0.002378049
v 0.745890168 -0.199960780 -0.002370824
v 0.748003160 -0.201363773 -0.002365864
v 0.750491562 -0.201851677 -0.002363921
v 0.752977147 -0.201349617 -0.002365294
v 0.755082120 -0.199934619 -0.002369772
v 0.756485107 -0.197821638 -0.002376674
v 0.756972548 -0.195319853 0.001615038
v 0.756470457 -0.192834282 0.001606652
v 0.755055466 -0.190729307 0.001599427
v 0.752942474 -0.189326329 0.001594466
v 0.750454072 -0.188838410 0.001592523
v 0.747968487 -0.189340485 0.001593897
v 0.745863514 -0.190755468 0.001598374
v 0.744460527 -0.192868464 0.001605277
v 0.743972590 -0.195356853 0.001613550
v 0.744474681 -0.197842424 0.001621936
v 0.745889671 -0.199947384 0.001629161
v 0.748002664 -0.201350377 0.001634122
v 0.750491066 -0.201838281 0.001636065
v 0.752976651 -0.201336221 0.001634692
v 0.755081624 -0.199921223 0.001630214
v 0.756484611 -0.197808242 0.001623312
v 0.756688475 -0.095334214 -0.002719881
v 0.756186383 -0.092848643 -0.002728268
v 0.754771393 -0.090743675 -0.002735493
v 0.752658401 -0.089340689 -0.002740454
v 0.750169998 -0.088852778 -0.002742396
v 0.747684413 -0.089354846 -0.002741023
v 0.745579440 -0.090769836 -0.002736545
v 0.744176453 -0.092882824 -0.002729643
v 0.743688516 -0.095371213 -0.002721370
v 0.744190608 -0.097856776 -0.002712983
v 0.745605598 -0.099961745 -0.002705758
v 0.747718590 -0.101364730 -0.002700798
v 0.750206993 -0.101852649 -0.002698855
v 0.752692578 -0.101350574 -0.002700228
v 0.754797551 -0.099935583 -0.002704706
v 0.756200538 -0.097822595 -0.002711608
v 0.756687979 -0.095320818 0.001280104
v 0.756185887 -0.092835247 0.001271718
v 0.754770897 -0.090730279 0.001264493
v 0.752657905 -0.089327293 0.001259532
v 0.750169502 -0.088839382 0.001257589
v 0.747683917 -0.089341449 0.001258963
v 0.745578944 -0.090756440 0.001263440
v 0.744175957 -0.092869428 0.001270343
v 0.743688020 -0.095357817 0.001278616
v 0.744190112 -0.097843380 0.001287002
v 0.745605102 -0.099948348 0.001294227
v 0.747718094 -0.101351334 0.001299188
v 0.750206496 -0.101839253 0.001301131
v 0.752692081 -0.101337178 0.001299758
v 0.754797054 -0.099922187 0.001295280
v 0.756200041 -0.097809199 0.001288378
v 0.756403905 0.004664822 -0.003054815
v 0.755901813 0.007150389 -0.003063202
v 0.754486823 0.009255359 -0.003070427
v 0.752373831 0.010658342 -0.003075387
v 0.749885429 0.011146260 -0.003077330
v 0.747399844 0.010644186 -0.003075957
v 0.745294871 0.009229197 -0.003071479
v 0.743891884 0.007116208 -0.003064577
v 0.743403946 0.004627823 -0.003056304
v 0.743906038 0.002142256 -0.003047917
v 0.745321028 0.000037286 -0.003040692
v 0.747434021 -0.001365698 -0.003035732
v 0.749922423 -0.001853615 -0.003033789
v 0.752408008 -0.001351541 -0.003035162
v 0.754512981 0.000063447 -0.003039640
v 0.755915968 0.002176437 -0.003046542
v 0.756403409 0.004678218 0.000945170
v 0.755901317 0.007163785 0.000936784
v 0.754486327 0.009268755 0.000929559
v 0.752373335 0.010671739 0.000924598
v 0.749884933 0.011159656 0.000922655
v 0.747399348 0.010657582 0.000924029
v 0.745294375 0.009242593 0.000928506
v 0.743891388 0.007129604 0.000935409
v 0.743403450 0.004641219 0.000943682
v 0.743905542 0.002155652 0.000952068
v 0.745320532 0.000050682 0.000959293
v 0.747433524 -0.001352302 0.000964254
v 0.749921927 -0.001840219 0.000966197
v 0.752407512 -0.001338145 0.000964824
v 0.754512485 0.000076843 0.000960346
v 0.755915472 0.002189833 0.000953444
v 0.756119336 0.104663858 -0.003389749
v 0.755617244 0.107149421 -0.003398136
v 0.754202254 0.109254389 -0.003405361
v 0.752089261 0.110657375 -0.003410321
v 0.749600859 0.111145294 -0.003412264
v 0.747115274 0.110643218 -0.003410891
v 0.745010301 0.109228228 -0.003406413
v 0.743607314 0.107115240 -0.003399511
v 0.743119377 0.104626858 -0.003391238
v 0.743621469 0.102141288 -0.003382851
v 0.745036459 0.100036319 -0.003375626
v 0.747149451 0.098633334 -0.003370665
v 0.749637853 0.098145423 -0.003368723
v 0.752123438 0.098647490 -0.003370096
v 0.754228411 0.100062481 -0.003374574
v 0.755631398 0.102175469 -0.003381476
v 0.756118839 0.104677254 0.000610236
v 0.755616748 0.107162817 0.000601850
v 0.754201757 0.109267785 0.000594625
v 0.752088765 0.110670771 0.000589664
v 0.749600363 0.111158690 0.000587721
v 0.747114778 0.110656614 0.000589095
v 0.745009805 0.109241624 0.000593572
v 0.743606818 0.107128636 0.000600475
v 0.743118881 0.104640254 0.000608748
v 0.743620972 0.102154684 0.000617134
v 0.745035963 0.100049715 0.000624359
v 0.747148955 0.098646730 0.000629320
v 0.749637357 0.098158819 0.000631263
v 0.752122942 0.098660886 0.000629890
v 0.754227915 0.100075877 0.000625412
v 0.755630902 0.102188865 0.000618510
v 0.755834766 0.204662893 -0.003724683
v 0.755332674 0.207148464 -0.003733070
v 0.753917684 0.209253425 -0.003740295
v 0.751804692 0.210656418 -0.003745255
v 0.749316289 0.211144322 -0.003747198
v 0.746830704 0.210642262 -0.003745825
v 0.744725731 0.209227264 -0.003741347
v 0.743322744 0.207114283 -0.003734445
v 0.742834807 0.204625894 -0.003726172
v 0.743336899 0.202140323 -0.003717785
v 0.744751889 0.200035348 -0.003710560
v 0.746864881 0.198632369 -0.003705599
v 0.749353284 0.198144451 -0.003703657
v 0.751838869 0.198646526 -0.003705030
v 0.753943842 0.200061509 -0.003709508
v 0.755346829 0.202174505 -0.003716410
v 0.755834270 0.204676289 0.000275302
v 0.755332178 0.207161860 0.000266916
v 0.753917188 0.209266821 0.000259691
v 0.751804196 0.210669814 0.000254730
v 0.749315793 0.211157718 0.000252787
v 0.746830208 0.210655658 0.000254161
v 0.744725235 0.209240660 0.000258638
v 0.743322248 0.207127679 0.000265541
v 0.742834311 0.204639290 0.000273814
v 0.743336403 0.202153719 0.000282200
v 0.744751393 0.200048744 0.000289425
v 0.746864385 0.198645765 0.000294386
v 0.749352787 0.198157847 0.000296329
v 0.751838372 0.198659922 0.000294956
v 0.753943345 0.200074905 0.000290478
v 0.755346332 0.202187901 0.000283576
v 0.755550196 0.304661937 -0.004059617
v 0.755048104 0.307147478 -0.004068004
v 0.753633114 0.309252468 -0.004075229
v 0.751520122 0.310655446 -0.004080189
v 0.749031720 0.311143350 -0.004082132
v 0.746546135 0.310641290 -0.004080759
v 0.744441162 0.309226307 -0.004076281
v 0.743038175 0.307113296 -0.004069379
v 0.742550237 0.304624937 -0.004061106
v 0.743052329 0.302139366 -0.004052719
v 0.744467319 0.300034376 -0.004045494
v 0.746580312 0.298631398 -0.004040533
v 0.749068714 0.298143494 -0.004038591
v 0.751554299 0.298645554 -0.004039964
v 0.753659272 0.300060537 -0.004044442
v 0.755062259 0.302173548 -0.004051344
v 0.755549700 0.304675333 -0.000059632
v 0.755047608 0.307160874 -0.000068018
v 0.753632618 0.309265864 -0.000075243
v 0.751519626 0.310668842 -0.000080204
v 0.749031224 0.311156746 -0.000082146
v 0.746545639 0.310654686 -0.000080773
v 0.744440666 0.309239703 -0.000076296
v 0.743037679 0.307126692 -0.000069393
v 0.742549741 0.304638333 -0.000061120
v 0.743051833 0.302152762 -0.000052734
v 0.744466823 0.300047772 -0.000045508
v 0.746579815 0.298644794 -0.000040548
v 0.749068218 0.298156890 -0.000038605
v 0.751553803 0.298658950 -0.000039978
v 0.753658776 0.300073933 -0.000044456
v 0.755061763 0.302186944 -0.000051358
v 0.755265627 0.404660965 -0.004394551
v 0.754763535 0.407146536 -0.004402938
v 0.753348545 0.409251496 -0.004410163
v 0.751235552 0.410654475 -0.004415123
v 0.748747150 0.411142408 -0.004417066
v 0.746261565 0.410640318 -0.004415693
v 0.744156592 0.409225335 -0.004411215
v 0.742753605 0.407112354 -0.004404313
v 0.742265668 0.404623965 -0.004396040
v 0.742767760 0.402138395 -0.004387653
v 0.744182750 0.400033434 -0.004380428
v 0.746295742 0.398630426 -0.004375467
v 0.748784144 0.398142522 -0.004373525
v 0.751269729 0.398644582 -0.004374898
v 0.753374702 0.400059595 -0.004379376
v 0.754777689 0.402172576 -0.004386278
v 0.755265130 0.404674361 -0.000394565
v 0.754763039 0.407159932 -0.000402952
v 0.753348048 0.409264892 -0.000410177
v 0.751235056 0.410667871 -0.000415138
v 0.748746654 0.411155804 -0.000417081
v 0.746261069 0.410653714 -0.000415707
v 0.744156096 0.409238731 -0.000411230
v 0.742753109 0.407125750 -0.000404327
v 0.742265172 0.404637361 -0.000396054
v 0.742767263 0.402151791 -0.000387668
v 0.744182253 0.400046830 -0.000380443
v 0.746295246 0.398643822 -0.000375482
v 0.748783648 0.398155918 -0.000373539
v 0.751269233 0.398657978 -0.000374912
v 0.753374206 0.400072991 -0.000379390
v 0.754777193 0.402185972 -0.000386292
v -0.008668282 -0.497562117 -0.016467819
v 0.011331636 -0.497505195 -0.016465529
v 0.008485940 0.502485147 -0.019814869
v -0.011513979 0.502428225 -0.019817159
v -0.008670391 -0.497505184 0.000532045
v 0.011329528 -0.497448262 0.000534335
v 0.008483831 0.502542080 -0.002815004
v -0.011516087 0.502485158 -0.002817295
v -0.798573918 -0.502272048 -0.751554170
v -0.718574259 -0.502044360 -0.751545009
v -0.718801915 -0.422045120 -0.751812956
v -0.798801574 -0.422272807 -0.751822117
v -0.798665089 -0.499810533 -0.016558283
v -0.718665431 -0.499582845 -0.016549122
v -0.718893086 -0.419583604 -0.016817069
v -0.798892745 -0.419811292 -0.016826230
v -0.801191959 0.417719054 -0.754635562
v -0.721192300 0.417946741 -0.754626401
v -0.721419956 0.497945982 -0.754894349
v -0.801419615 0.497718294 -0.754903509
v -0.801283130 0.420180569 -0.019639675
v -0.721283471 0.420408257 -0.019630514
v -0.721511127 0.500407497 -0.019898462
v -0.801510786 0.500179809 -0.019907623
v 0.721419956 -0.497945982 -0.751380113
v 0.801419615 -0.497718294 -0.751370952
v 0.801191959 -0.417719054 -0.751638900
v 0.721192300 -0.417946741 -0.751648060
v 0.721328785 -0.495484466 -0.016384226
v 0.801328444 -0.495256779 -0.016375065
v 0.801100788 -0.415257538 -0.016643013
v 0.721101129 -0.415485226 -0.016652174
v 0.718801915 0.422045120 -0.754461506
v 0.798801574 0.422272807 -0.754452345
v 0.798573918 0.502272048 -0.754720292
v 0.718574259 0.502044360 -0.754729453
v 0.718710744 0.424506635 -0.019465619
v 0.798710403 0.424734323 -0.019456458
v 0.798482747 0.504733563 -0.019724405
v 0.718483088 0.504505876 -0.019733566
v -0.798655166 -0.500078453 -0.096557876
v 0.801338367 -0.495524699 -0.096374659
v 0.801110711 -0.415525458 -0.096642606
v -0.798882822 -0.420079212 -0.096825824
v -0.798665089 -0.499810533 -0.016558283
v 0.801328444 -0.495256779 -0.016375065
v 0.801100788 -0.415257538 -0.016643013
v -0.798892745 -0.419811292 -0.016826230
v -0.801273207 0.419912649 -0.099639269
v 0.798720326 0.424466403 -0.099456052
v 0.798492671 0.504465643 -0.099723999
v -0.801500863 0.499911889 -0.099907216
v -0.801283130 0.420180569 -0.019639675
v 0.798710403 0.424734323 -0.019456458
v 0.798482747 0.504733563 -0.019724405
v -0.801510786 0.500179809 -0.019907623
v -0.798655166 -0.500078453 -0.096557876
v -0.718655507 -0.499850765 -0.096548716
v -0.721501204 0.500139577 -0.099898055
v -0.801500863 0.499911889 -0.099907216
v -0.798665089 -0.499810533 -0.016558283
v -0.718665431 -0.499582845 -0.016549122
v -0.721511127 0.500407497 -0.019898462
v -0.801510786 0.500179809 -0.019907623
v 0.721338708 -0.495752387 -0.096383820
v 0.801338367 -0.495524699 -0.096374659
v 0.798492671 0.504465643 -0.099723999
v 0.718493012 0.504237955 -0.099733160
v 0.721328785 -0.495484466 -0.016384226
v 0.801328444 -0.495256779 -0.016375065
v 0.798482747 0.504733563 -0.019724405
v 0.718483088 0.504505876 -0.019733566
v -0.798591284 -0.501803188 -0.611554955
v 0.801402249 -0.497249434 -0.611371738
v 0.801174593 -0.417250194 -0.611639685
v -0.798818940 -0.421803947 -0.611822902
v -0.798601208 -0.501535268 -0.531555406
v 0.801392326 -0.496981514 -0.531372189
v 0.801164670 -0.416982273 -0.531640136
v -0.798828863 -0.421536027 -0.531823353
v -0.801209325 0.418187914 -0.614636348
v 0.798784208 0.422741667 -0.614453131
v 0.798556552 0.502740908 -0.614721078
v -0.801436981 0.498187154 -0.614904295
v -0.801219248 0.418455834 -0.534636799
v 0.798774285 0.423009587 -0.534453582
v 0.798546629 0.503008828 -0.534721529
v -0.801446904 0.498455074 -0.534904746
v -0.798591284 -0.501803188 -0.611554955
v -0.718591625 -0.501575500 -0.611545794
v -0.721437322 0.498414842 -0.614895134
v -0.801436981 0.498187154 -0.614904295
v -0.798601208 -0.501535268 -0.531555406
v -0.718601549 -0.501307580 -0.531546245
v -0.721447245 0.498682762 -0.534895585
v -0.801446904 0.498455074 -0.534904746
v 0.721402590 -0.497477122 -0.611380899
v 0.801402249 -0.497249434 -0.611371738
v 0.798556552 0.502740908 -0.614721078
v 0.718556894 0.502513220 -0.614730239
v 0.721392667 -0.497209202 -0.531381350
v 0.801392326 -0.496981514 -0.531372189
v 0.798546629 0.503008828 -0.534721529
v 0.718546970 0.502781140 -0.534730690
v -0.720837999 -0.439538879 -0.001750410
v -0.721535283 -0.435214885 -0.001764977
v -0.723535389 -0.431317582 -0.001778278
v -0.726641187 -0.428229428 -0.001789005
v -0.730549863 -0.426251549 -0.001796114
v -0.734877781 -0.425578861 -0.001798904
v -0.739201800 -0.426276173 -0.001797105
v -0.743099155 -0.428276269 -0.001790890
v -0.746187327 -0.431382051 -0.001780872
v -0.748165219 -0.435290676 -0.001768027
v -0.748837883 -0.439618570 -0.001753616
v -0.748140598 -0.443942594 -0.001739048
v -0.746140493 -0.447839897 -0.001725748
v -0.743034694 -0.450928051 -0.001715021
v -0.739126019 -0.452905900 -0.001707912
v -0.734798101 -0.453578588 -0.001705122
v -0.730474082 -0.452881276 -0.001706921
v -0.726576727 -0.450881210 -0.001713136
v -0.723488555 -0.447775427 -0.001723154
v -0.721510662 -0.443866803 -0.001735999
v -0.720838743 -0.439518785 0.004249539
v -0.721536028 -0.435194791 0.004234971
v -0.723536133 -0.431297488 0.004221671
v -0.726641932 -0.428209334 0.004210943
v -0.730550607 -0.426231455 0.004203835
v -0.734878525 -0.425558767 0.004201045
v -0.739202544 -0.426256079 0.004202844
v -0.743099899 -0.428256175 0.004209059
v -0.746188071 -0.431361958 0.004219077
v -0.748165964 -0.435270582 0.004231922
v -0.748838627 -0.439598476 0.004246333
v -0.748141343 -0.443922500 0.004260900
v -0.746141237 -0.447819803 0.004274201
v -0.743035439 -0.450907957 0.004284928
v -0.739126763 -0.452885806 0.004292037
v -0.734798845 -0.453558494 0.004294826
v -0.730474826 -0.452861182 0.004293027
v -0.726577471 -0.450861116 0.004286813
v -0.723489299 -0.447755333 0.004276794
v -0.721511407 -0.443846709 0.004263950
v -0.723342212 0.440452617 -0.004697829
v -0.724039496 0.444776641 -0.004712397
v -0.726039602 0.448673944 -0.004725697
v -0.729145400 0.451762098 -0.004736424
v -0.733054076 0.453739947 -0.004743533
v -0.737381994 0.454412635 -0.004746323
v -0.741706013 0.453715323 -0.004744524
v -0.745603368 0.451715257 -0.004738309
v -0.748691540 0.448609474 -0.004728291
v -0.750669432 0.444700850 -0.004715446
v -0.751342096 0.440372926 -0.004701035
v -0.750644811 0.436048932 -0.004686468
v -0.748644706 0.432151629 -0.004673167
v -0.745538907 0.429063475 -0.004662440
v -0.741630232 0.427085596 -0.004655331
v -0.737302314 0.426412908 -0.004652541
v -0.732978295 0.427110220 -0.004654340
v -0.729080940 0.429110316 -0.004660555
v -0.725992768 0.432216099 -0.004670573
v -0.724014875 0.436124723 -0.004683418
v -0.723342956 0.440472711 0.001302120
v -0.724040241 0.444796735 0.001287552
v -0.726040346 0.448694038 0.001274252
v -0.729146145 0.451782192 0.001263524
v -0.733054820 0.453760041 0.001256416
v -0.737382738 0.454432729 0.001253626
v -0.741706757 0.453735417 0.001255425
v -0.745604112 0.451735351 0.001261640
v -0.748692284 0.448629568 0.001271658
v -0.750670177 0.444720944 0.001284503
v -0.751342840 0.440393020 0.001298913
v -0.750645556 0.436069026 0.001313481
v -0.748645450 0.432171723 0.001326781
v -0.745539652 0.429083569 0.001337509
v -0.741630976 0.427105690 0.001344618
v -0.737303058 0.426433002 0.001347407
v -0.732979039 0.427130314 0.001345608
v -0.729081684 0.429130410 0.001339394
v -0.725993512 0.432236193 0.001329375
v -0.724015620 0.436144817 0.001316531
v 0.751156032 -0.435349426 -0.001581850
v 0.750458748 -0.431025431 -0.001596418
v 0.748458642 -0.427128128 -0.001609718
v 0.745352844 -0.424039975 -0.001620445
v 0.741444168 -0.422062095 -0.001627554
v 0.737116251 -0.421389408 -0.001630344
v 0.732792232 -0.422086720 -0.001628545
v 0.728894876 -0.424086816 -0.001622330
v 0.725806704 -0.427192598 -0.001612312
v 0.723828812 -0.431101223 -0.001599467
v 0.723156149 -0.435429116 -0.001585056
v 0.723853433 -0.439753141 -0.001570489
v 0.725853539 -0.443650444 -0.001557188
v 0.728959337 -0.446738597 -0.001546461
v 0.732868013 -0.448716447 -0.001539352
v 0.737195930 -0.449389134 -0.001536562
v 0.741519949 -0.448691822 -0.001538361
v 0.745417305 -0.446691756 -0.001544576
v 0.748505477 -0.443585974 -0.001554594
v 0.750483369 -0.439677349 -0.001567439
v 0.751155288 -0.435329332 0.004418099
v 0.750458004 -0.431005337 0.004403531
v 0.748457898 -0.427108034 0.004390231
v 0.745352100 -0.424019881 0.004379503
v 0.741443424 -0.422042001 0.004372394
v 0.737115507 -0.421369314 0.004369605
v 0.732791488 -0.422066626 0.004371404
v 0.728894132 -0.424066722 0.004377619
v 0.725805960 -0.427172504 0.004387637
v 0.723828068 -0.431081129 0.004400482
v 0.723155405 -0.435409022 0.004414892
v 0.723852689 -0.439733047 0.004429460
v 0.725852795 -0.443630350 0.004442760
v 0.728958593 -0.446718503 0.004453488
v 0.732867268 -0.448696353 0.004460597
v 0.737195186 -0.449369040 0.004463386
v 0.741519205 -0.448671728 0.004461587
v 0.745416561 -0.446671662 0.004455373
v 0.748504733 -0.443565880 0.004445354
v 0.750482625 -0.439657255 0.004432510
v 0.748651819 0.444642070 -0.004529269
v 0.747954535 0.448966095 -0.004543837
v 0.745954429 0.452863398 -0.004557137
v 0.742848631 0.455951551 -0.004567865
v 0.738939955 0.457929401 -0.004574973
v 0.734612038 0.458602088 -0.004577763
v 0.730288019 0.457904777 -0.004575964
v 0.726390663 0.455904710 -0.004569749
v 0.723302491 0.452798928 -0.004559731
v 0.721324599 0.448890303 -0.004546886
v 0.720651936 0.444562380 -0.004532475
v 0.721349220 0.440238385 -0.004517908
v 0.723349326 0.436341082 -0.004504607
v 0.726455124 0.433252929 -0.004493880
v 0.730363800 0.431275049 -0.004486771
v 0.734691717 0.430602362 -0.004483981
v 0.739015736 0.431299674 -0.004485780
v 0.742913092 0.433299770 -0.004491995
v 0.746001264 0.436405552 -0.004502014
v 0.747979156 0.440314177 -0.004514858
v 0.748651075 0.444662164 0.001470680
v 0.747953791 0.448986189 0.001456112
v 0.745953685 0.452883492 0.001442812
v 0.742847887 0.455971645 0.001432084
v 0.738939211 0.457949495 0.001424975
v 0.734611294 0.458622182 0.001422186
v 0.730287274 0.457924870 0.001423985
v 0.726389919 0.455924804 0.001430200
v 0.723301747 0.452819022 0.001440218
v 0.721323855 0.448910397 0.001453062
v 0.720651192 0.444582474 0.001467473
v 0.721348476 0.440258479 0.001482041
v 0.723348581 0.436361176 0.001495341
v 0.726454380 0.433273023 0.001506069
v 0.730363055 0.431295143 0.001513178
v 0.734690973 0.430622456 0.001515967
v 0.739014992 0.431319768 0.001514168
v 0.742912347 0.433319864 0.001507953
v 0.746000520 0.436425646 0.001497935
v 0.747978412 0.440334271 0.001485090
v -0.718829887 -0.421289920 -0.526314220
v 0.721164329 -0.417191542 -0.526149324
v 0.718773944 0.422800319 -0.528962770
v -0.721220272 0.418701941 -0.529127665
v -0.718832988 -0.421206195 -0.501314369
v 0.721161228 -0.417107817 -0.501149474
v 0.718770843 0.422884044 -0.503962919
v -0.721223373 0.418785666 -0.504127814
v -0.609690778 -0.400883892 -0.497868856
v -0.597690802 -0.400849739 -0.497867482
v -0.599967360 0.399142546 -0.500546954
v -0.611967335 0.399108393 -0.500548328
v -0.609693011 -0.400823610 -0.479868951
v -0.597693035 -0.400789457 -0.479867577
v -0.599969593 0.399202829 -0.482547049
v -0.611969568 0.399168675 -0.482548423
v -0.499727211 -0.400570924 -0.497856264
v -0.487727235 -0.400536771 -0.497854890
v -0.490003793 0.399455515 -0.500534362
v -0.502003768 0.399421361 -0.500535736
v -0.499729444 -0.400510642 -0.479856359
v -0.487729468 -0.400476489 -0.479854985
v -0.490006026 0.399515797 -0.482534456
v -0.502006001 0.399481643 -0.482535831
v -0.389764628 -0.400257959 -0.497843672
v -0.377764682 -0.400223806 -0.497842298
v -0.380041239 0.399768480 -0.500521770
v -0.392041185 0.399734327 -0.500523144
v -0.389766860 -0.400197677 -0.479843767
v -0.377766914 -0.400163524 -0.479842393
v -0.380043472 0.399828762 -0.482521865
v -0.392043418 0.399794609 -0.482523239
v -0.279801090 -0.399944991 -0.497831080
v -0.267801144 -0.399910837 -0.497829706
v -0.270077702 0.400081448 -0.500509178
v -0.282077648 0.400047295 -0.500510552
v -0.279803323 -0.399884709 -0.479831175
v -0.267803377 -0.399850555 -0.479829801
v -0.270079935 0.400141730 -0.482509272
v -0.282079880 0.400107577 -0.482510647
v -0.169837538 -0.399632023 -0.497818488
v -0.157837577 -0.399597869 -0.497817114
v -0.160114135 0.400394416 -0.500496586
v -0.172114096 0.400360263 -0.500497960
v -0.169839771 -0.399571740 -0.479818583
v -0.157839810 -0.399537587 -0.479817208
v -0.160116368 0.400454698 -0.482496680
v -0.172116328 0.400420545 -0.482498055
v -0.059874981 -0.399319057 -0.497805896
v -0.047875031 -0.399284904 -0.497804522
v -0.050151589 0.400707381 -0.500483994
v -0.062151538 0.400673228 -0.500485368
v -0.059877214 -0.399258775 -0.479805991
v -0.047877264 -0.399224622 -0.479804617
v -0.050153821 0.400767663 -0.482484088
v -0.062153771 0.400733510 -0.482485463
v 0.050088575 -0.399006089 -0.497793304
v 0.062088525 -0.398971936 -0.497791930
v 0.059811967 0.401020349 -0.500471402
v 0.047812018 0.400986196 -0.500472776
v 0.050086342 -0.398945807 -0.479793399
v 0.062086292 -0.398911654 -0.479792024
v 0.059809735 0.401080632 -0.482471496
v 0.047809785 0.401046478 -0.482472871
v 0.160051121 -0.398693124 -0.497780712
v 0.172051082 -0.398658971 -0.497779338
v 0.169774525 0.401333315 -0.500458810
v 0.157774564 0.401299162 -0.500460184
v 0.160048889 -0.398632842 -0.479780807
v 0.172048849 -0.398598689 -0.479779433
v 0.169772292 0.401393597 -0.482458904
v 0.157772331 0.401359444 -0.482460279
v 0.270014688 -0.398380156 -0.497768120
v 0.282014634 -0.398346003 -0.497766746
v 0.279738077 0.401646283 -0.500446218
v 0.267738131 0.401612130 -0.500447592
v 0.270012456 -0.398319874 -0.479768215
v 0.282012401 -0.398285721 -0.479766840
v 0.279735844 0.401706565 -0.482446312
v 0.267735898 0.401672412 -0.482447687
v 0.379978226 -0.398067188 -0.497755528
v 0.391978171 -0.398033035 -0.497754154
v 0.389701614 0.401959251 -0.500433626
v 0.377701668 0.401925098 -0.500435000
v 0.379975993 -0.398006906 -0.479755623
v 0.391975939 -0.397972752 -0.479754248
v 0.389699381 0.402019533 -0.482433720
v 0.377699435 0.401985380 -0.482435094
v 0.489940779 -0.397754222 -0.497742936
v 0.501940755 -0.397720069 -0.497741562
v 0.499664198 0.402272216 -0.500421034
v 0.487664222 0.402238063 -0.500422408
v 0.489938547 -0.397693940 -0.479743031
v 0.501938522 -0.397659787 -0.479741656
v 0.499661965 0.402332498 -0.482421128
v 0.487661989 0.402298345 -0.482422503
v 0.599904346 -0.397441254 -0.497730344
v 0.611904322 -0.397407101 -0.497728970
v 0.609627765 0.402585184 -0.500408442
v 0.597627789 0.402551031 -0.500409816
v 0.599902114 -0.397380972 -0.479730439
v 0.611902089 -0.397346819 -0.479729064
v 0.609625532 0.402645466 -0.482408536
v 0.597625556 0.402611313 -0.482409910
f 1 2 3
f 1 3 4
f 5 8 7
f 5 7 6
f 1 5 6
f 1 6 2
f 2 6 7
f 2 7 3
f 3 7 8
f 3 8 4
f 4 8 5
f 4 5 1
f 9 10 11
f 9 11 12
f 13 16 15
f 13 15 14
f 9 13 14
f 9 14 10
f 10 14 15
f 10 15 11
f 11 15 16
f 11 16 12
f 12 16 13
f 12 13 9
f 17 18 34
f 17 34 33
f 18 19 35
f 18 35 34
f 19 20 36
f 19 36 35
f 20 21 37
f 20 37 36
f 21 22 38
f 21 38 37
f 22 23 39
f 22 39 38
f 23 24 40
f 23 40 39
f 24 25 41
f 24 41 40
f 25 26 42
f 25 42 41
f 26 27 43
f 26 43 42
f 27 28 44
f 27 44 43
f 28 29 45
f 28 45 44
f 29 30 46
f 29 46 45
f 30 31 47
f 30 47 46
f 31 32 48
f 31 48 47
f 32 17 33
f 32 33 48
f 17 18 19
f 17 19 20
f 17 20 21
f 17 21 22
f 17 22 23
f 17 23 24
f 17 24 25
f 17 25 26
f 17 26 27
f 17 27 28
f 17 28 29
f 17 29 30
f 17 30 31
f 17 31 32
f 48 47 46
f 48 46 45
f 48 45 44
f 48 44 43
f 48 43 42
f 48 42 41
f 48 41 40
f 48 40 39
f 48 39 38
f 48 38 37
f 48 37 36
f 48 36 35
f 48 35 34
f 48 34 33
f 49 50 66
f 49 66 65
f 50 51 67
f 50 67 66
f 51 52 68
f 51 68 67
f 52 53 69
f 52 69 68
f 53 54 70
f 53 70 69
f 54 55 71
f 54 71 70
f 55 56 72
f 55 72 71
f 56 57 73
f 56 73 72
f 57 58 74
f 57 74 73
f 58 59 75
f 58 75 74
f 59 60 76
f 59 76 75
f 60 61 77
f 60 77 76
f 61 62 78
f 61 78 77
f 62 63 79
f 62 79 78
f 63 64 80
f 63 80 79
f 64 49 65
f 64 65 80
f 49 50 51
f 49 51 52
f 49 52 53
f 49 53 54
f 49 54 55
f 49 55 56
f 49 56 57
f 49 57 58
f 49 58 59
f 49 59 60
f 49 60 61
f 49 61 62
f 49 62 63
f 49 63 64
f 80 79 78
f 80 78 77
f 80 77 76
f 80 76 75
f 80 75 74
f 80 74 73
f 80 73 72
f 80 72 71
f 80 71 70
f 80 70 69
f 80 69 68
f 80 68 67
f 80 67 66
f 80 66 65
f 81 82 98
f 81 98 97
f 82 83 99
f 82 99 98
f 83 84 100
f 83 100 99
f 84 85 101
f 84 101 100
f 85 86 102
f 85 102 101
f 86 87 103
f 86 103 102
f 87 88 104
f 87 104 103
f 88 89 105
f 88 105 104
f 89 90 106
f 89 106 105
f 90 91 107
f 90 107 106
f 91 92 108
f 91 108 107
f 92 93 109
f 92 109 108
f 93 94 110
f 93 110 109
f 94 95 111
f 94 111 110
f 95 96 112
f 95 112 111
f 96 81 97
f 96 97 112
f 81 82 83
f 81 83 84
f 81 84 85
f 81 85 86
f 81 86 87
f 81 87 88
f 81 88 89
f 81 89 90
f 81 90 91
f 81 91 92
f 81 92 93
f 81 93 94
f 81 94 95
f 81 95 96
f 112 111 110
f 112 110 109
f 112 109 108
f 112 108 107
f 112 107 106
f 112 106 105
f 112 105 104
f 112 104 103
f 112 103 102
f 112 102 101
f 112 101 100
f 112 100 99
f 112 99 98
f 112 98 97
f 113 114 130
f 113 130 129
f 114 115 131
f 114 131 130
f 115 116 132
f 115 132 131
f 116 117 133
f 116 133 132
f 117 118 134
f 117 134 133
f 118 119 135
f 118 135 134
f 119 120 136
f 119 136 135
f 120 121 137
f 120 137 136
f 121 122 138
f 121 138 137
f 122 123 139
f 122 139 138
f 123 124 140
f 123 140 139
f 124 125 141
f 124 141 140
f 125 126 142
f 125 142 141
f 126 127 143
f 126 143 142
f 127 128 144
f 127 144 143
f 128 113 129
f 128 129 144
f 113 114 115
f 113 115 116
f 113 116 117
f 113 117 118
f 113 118 119
f 113 119 120
f 113 120 121
f 113 121 122
f 113 122 123
f 113 123 124
f 113 124 125
f 113 125 126
f 113 126 127
f 113 127 128
f 144 143 142
f 144 142 141
f 144 141 140
f 144 140 139
f 144 139 138
f 144 138 137
f 144 137 136
f 144 136 135
f 144 135 134
f 144 134 133
f 144 133 132
f 144 132 131
f 144 131 130
f 144 130 129
f 145 146 162
f 145 162 161
f 146 147 163
f 146 163 162
f 147 148 164
f 147 164 163
f 148 149 165
f 148 165 164
f 149 150 166
f 149 166 165
f 150 151 167
f 150 167 166
f 151 152 168
f 151 168 167
f 152 153 169
f 152 169 168
f 153 154 170
f 153 170 169
f 154 155 171
f 154 171 170
f 155 156 172
f 155 172 171
f 156 157 173
f 156 173 172
f 157 158 174
f 157 174 173
f 158 159 175
f 158 175 174
f 159 160 176
f 159 176 175
f 160 145 161
f 160 161 176
f 145 146 147
f 145 147 148
f 145 148 149
f 145 149 150
f 145 150 151
f 145 151 152
f 145 152 153
f 145 153 154
f 145 154 155
f 145 155 156
f 145 156 157
f 145 157 158
f 145 158 159
f 145 159 160
f 176 175 174
f 176 174 173
f 176 173 172
f 176 172 171
f 176 171 170
f 176 170 169
f 176 169 168
f 176 168 167
f 176 167 166
f 176 166 165
f 176 165 164
f 176 164 163
f 176 163 162
f 176 162 161
f 177 178 194
f 177 194 193
f 178 179 195
f 178 195 194
f 179 180 196
f 179 196 195
f 180 181 197
f 180 197 196
f 181 182 198
f 181 198 197
f 182 183 199
f 182 199 198
f 183 184 200
f 183 200 199
f 184 185 201
f 184 201 200
f 185 186 202
f 185 202 201
f 186 187 203
f 186 203 202
f 187 188 204
f 187 204 203
f 188 189 205
f 188 205 204
f 189 190 206
f 189 206 205
f 190 191 207
f 190 207 206
f 191 192 208
f 191 208 207
f 192 177 193
f 192 193 208
f 177 178 179
f 177 179 180
f 177 180 181
f 177 181 182
f 177 182 183
f 177 183 184
f 177 184 185
f 177 185 186
f 177 186 187
f 177 187 188
f 177 188 189
f 177 189 190
f 177 190 191
f 177 191 192
f 208 207 206
f 208 206 205
f 208 205 204
f 208 204 203
f 208 203 202
f 208 202 201
f 208 201 200
f 208 200 199
f 208 199 198
f 208 198 197
f 208 197 196
f 208 196 195
f 208 195 194
f 208 194 193
f 209 210 226
f 209 226 225
f 210 211 227
f 210 227 226
f 211 212 228
f 211 228 227
f 212 213 229
f 212 229 228
f 213 214 230
f 213 230 229
f 214 215 231
f 214 231 230
f 215 216 232
f 215 232 231
f 216 217 233
f 216 233 232
f 217 218 234
f 217 234 233
f 218 219 235
f 218 235 234
f 219 220 236
f 219 236 235
f 220 221 237
f 220 237 236
f 221 222 238
f 221 238 237
f 222 223 239
f 222 239 238
f 223 224 240
f 223 240 239
f 224 209 225
f 224 225 240
f 209 210 211
f 209 211 212
f 209 212 213
f 209 213 214
f 209 214 215
f 209 215 216
f 209 216 217
f 209 217 218
f 209 218 219
f 209 219 220
f 209 220 221
f 209 221 222
f 209 222 223
f 209 223 224
f 240 239 238
f 240 238 237
f 240 237 236
f 240 236 235
f 240 235 234
f 240 234 233
f 240 233 232
f 240 232 231
f 240 231 230
f 240 230 229
f 240 229 228
f 240 228 227
f 240 227 226
f 240 226 225
f 241 242 258
f 241 258 257
f 242 243 259
f 242 259 258
f 243 244 260
f 243 260 259
f 244 245 261
f 244 261 260
f 245 246 262
f 245 262 261
f 246 247 263
f 246 263 262
f 247 248 264
f 247 264 263
f 248 249 265
f 248 265 264
f 249 250 266
f 249 266 265
f 250 251 267
f 250 267 266
f 251 252 268
f 251 268 267
f 252 253 269
f 252 269 268
f 253 254 270
f 253 270 269
f 254 255 271
f 254 271 270
f 255 256 272
f 255 272 271
f 256 241 257
f 256 257 272
f 241 242 243
f 241 243 244
f 241 244 245
f 241 245 246
f 241 246 247
f 241 247 248
f 241 248 249
f 241 249 250
f 241 250 251
f 241 251 252
f 241 252 253
f 241 253 254
f 241 254 255
f 241 255 256
f 272 271 270
f 272 270 269
f 272 269 268
f 272 268 267
f 272 267 266
f 272 266 265
f 272 265 264
f 272 264 263
f 272 263 262
f 272 262 261
f 272 261 260
f 272 260 259
f 272 259 258
f 272 258 257
f 273 274 290
f 273 290 289
f 274 275 291
f 274 291 290
f 275 276 292
f 275 292 291
f 276 277 293
f 276 293 292
f 277 278 294
f 277 294 293
f 278 279 295
f 278 295 294
f 279 280 296
f 279 296 295
f 280 281 297
f 280 297 296
f 281 282 298
f 281 298 297
f 282 283 299
f 282 299 298
f 283 284 300
f 283 300 299
f 284 285 301
f 284 301 300
f 285 286 302
f 285 302 301
f 286 287 303
f 286 303 302
f 287 288 304
f 287 304 303
f 288 273 289
f 288 289 304
f 273 274 275
f 273 275 276
f 273 276 277
f 273 277 278
f 273 278 279
f 273 279 280
f 273 280 281
f 273 281 282
f 273 282 283
f 273 283 284
f 273 284 285
f 273 285 286
f 273 286 287
f 273 287 288
f 304 303 302
f 304 302 301
f 304 301 300
f 304 300 299
f 304 299 298
f 304 298 297
f 304 297 296
f 304 296 295
f 304 295 294
f 304 294 293
f 304 293 292
f 304 292 291
f 304 291 290
f 304 290 289
f 305 306 322
f 305 322 321
f 306 307 323
f 306 323 322
f 307 308 324
f 307 324 323
f 308 309 325
f 308 325 324
f 309 310 326
f 309 326 325
f 310 311 327
f 310 327 326
f 311 312 328
f 311 328 327
f 312 313 329
f 312 329 328
f 313 314 330
f 313 330 329
f 314 315 331
f 314 331 330
f 315 316 332
f 315 332 331
f 316 317 333
f 316 333 332
f 317 318 334
f 317 334 333
f 318 319 335
f 318 335 334
f 319 320 336
f 319 336 335
f 320 305 321
f 320 321 336
f 305 306 307
f 305 307 308
f 305 308 309
f 305 309 310
f 305 310 311
f 305 311 312
f 305 312 313
f 305 313 314
f 305 314 315
f 305 315 316
f 305 316 317
f 305 317 318
f 305 318 319
f 305 319 320
f 336 335 334
f 336 334 333
f 336 333 332
f 336 332 331
f 336 331 330
f 336 330 329
f 336 329 328
f 336 328 327
f 336 327 326
f 336 326 325
f 336 325 324
f 336 324 323
f 336 323 322
f 336 322 321
f 337 338 354
f 337 354 353
f 338 339 355
f 338 355 354
f 339 340 356
f 339 356 355
f 340 341 357
f 340 357 356
f 341 342 358
f 341 358 357
f 342 343 359
f 342 359 358
f 343 344 360
f 343 360 359
f 344 345 361
f 344 361 360
f 345 346 362
f 345 362 361
f 346 347 363
f 346 363 362
f 347 348 364
f 347 364 363
f 348 349 365
f 348 365 364
f 349 350 366
f 349 366 365
f 350 351 367
f 350 367 366
f 351 352 368
f 351 368 367
f 352 337 353
f 352 353 368
f 337 338 339
f 337 339 340
f 337 340 341
f 337 341 342
f 337 342 343
f 337 343 344
f 337 344 345
f 337 345 346
f 337 346 347
f 337 347 348
f 337 348 349
f 337 349 350
f 337 350 351
f 337 351 352
f 368 367 366
f 368 366 365
f 368 365 364
f 368 364 363
f 368 363 362
f 368 362 361
f 368 361 360
f 368 360 359
f 368 359 358
f 368 358 357
f 368 357 356
f 368 356 355
f 368 355 354
f 368 354 353
f 369 370 386
f 369 386 385
f 370 371 387
f 370 387 386
f 371 372 388
f 371 388 387
f 372 373 389
f 372 389 388
f 373 374 390
f 373 390 389
f 374 375 391
f 374 391 390
f 375 376 392
f 375 392 391
f 376 377 393
f 376 393 392
f 377 378 394
f 377 394 393
f 378 379 395
f 378 395 394
f 379 380 396
f 379 396 395
f 380 381 397
f 380 397 396
f 381 382 398
f 381 398 397
f 382 383 399
f 382 399 398
f 383 384 400
f 383 400 399
f 384 369 385
f 384 385 400
f 369 370 371
f 369 371 372
f 369 372 373
f 369 373 374
f 369 374 375
f 369 375 376
f 369 376 377
f 369 377 378
f 369 378 379
f 369 379 380
f 369 380 381
f 369 381 382
f 369 382 383
f 369 383 384
f 400 399 398
f 400 398 397
f 400 397 396
f 400 396 395
f 400 395 394
f 400 394 393
f 400 393 392
f 400 392 391
f 400 391 390
f 400 390 389
f 400 389 388
f 400 388 387
f 400 387 386
f 400 386 385
f 401 402 418
f 401 418 417
f 402 403 419
f 402 419 418
f 403 404 420
f 403 420 419
f 404 405 421
f 404 421 420
f 405 406 422
f 405 422 421
f 406 407 423
f 406 423 422
f 407 408 424
f 407 424 423
f 408 409 425
f 408 425 424
f 409 410 426
f 409 426 425
f 410 411 427
f 410 427 426
f 411 412 428
f 411 428 427
f 412 413 429
f 412 429 428
f 413 414 430
f 413 430 429
f 414 415 431
f 414 431 430
f 415 416 432
f 415 432 431
f 416 401 417
f 416 417 432
f 401 402 403
f 401 403 404
f 401 404 405
f 401 405 406
f 401 406 407
f 401 407 408
f 401 408 409
f 401 409 410
f 401 410 411
f 401 411 412
f 401 412 413
f 401 413 414
f 401 414 415
f 401 415 416
f 432 431 430
f 432 430 429
f 432 429 428
f 432 428 427
f 432 427 426
f 432 426 425
f 432 425 424
f 432 424 423
f 432 423 422
f 432 422 421
f 432 421 420
f 432 420 419
f 432 419 418
f 432 418 417
f 433 434 450
f 433 450 449
f 434 435 451
f 434 451 450
f 435 436 452
f 435 452 451
f 436 437 453
f 436 453 452
f 437 438 454
f 437 454 453
f 438 439 455
f 438 455 454
f 439 440 456
f 439 456 455
f 440 441 457
f 440 457 456
f 441 442 458
f 441 458 457
f 442 443 459
f 442 459 458
f 443 444 460
f 443 460 459
f 444 445 461
f 444 461 460
f 445 446 462
f 445 462 461
f 446 447 463
f 446 463 462
f 447 448 464
f 447 464 463
f 448 433 449
f 448 449 464
f 433 434 435
f 433 435 436
f 433 436 437
f 433 437 438
f 433 438 439
f 433 439 440
f 433 440 441
f 433 441 442
f 433 442 443
f 433 443 444
f 433 444 445
f 433 445 446
f 433 446 447
f 433 447 448
f 464 463 462
f 464 462 461
f 464 461 460
f 464 460 459
f 464 459 458
f 464 458 457
f 464 457 456
f 464 456 455
f 464 455 454
f 464 454 453
f 464 453 452
f 464 452 451
f 464 451 450
f 464 450 449
f 465 466 482
f 465 482 481
f 466 467 483
f 466 483 482
f 467 468 484
f 467 484 483
f 468 469 485
f 468 485 484
f 469 470 486
f 469 486 485
f 470 471 487
f 470 487 486
f 471 472 488
f 471 488 487
f 472 473 489
f 472 489 488
f 473 474 490
f 473 490 489
f 474 475 491
f 474 491 490
f 475 476 492
f 475 492 491
f 476 477 493
f 476 493 492
f 477 478 494
f 477 494 493
f 478 479 495
f 478 495 494
f 479 480 496
f 479 496 495
f 480 465 481
f 480 481 496
f 465 466 467
f 465 467 468
f 465 468 469
f 465 469 470
f 465 470 471
f 465 471 472
f 465 472 473
f 465 473 474
f 465 474 475
f 465 475 476
f 465 476 477
f 465 477 478
f 465 478 479
f 465 479 480
f 496 495 494
f 496 494 493
f 496 493 492
f 496 492 491
f 496 491 490
f 496 490 489
f 496 489 488
f 496 488 487
f 496 487 486
f 496 486 485
f 496 485 484
f 496 484 483
f 496 483 482
f 496 482 481
f 497 498 514
f 497 514 513
f 498 499 515
f 498 515 514
f 499 500 516
f 499 516 515
f 500 501 517
f 500 517 516
f 501 502 518
f 501 518 517
f 502 503 519
f 502 519 518
f 503 504 520
f 503 520 519
f 504 505 521
f 504 521 520
f 505 506 522
f 505 522 521
f 506 507 523
f 506 523 522
f 507 508 524
f 507 524 523
f 508 509 525
f 508 525 524
f 509 510 526
f 509 526 525
f 510 511 527
f 510 527 526
f 511 512 528
f 511 528 527
f 512 497 513
f 512 513 528
f 497 498 499
f 497 499 500
f 497 500 501
f 497 501 502
f 497 502 503
f 497 503 504
f 497 504 505
f 497 505 506
f 497 506 507
f 497 507 508
f 497 508 509
f 497 509 510
f 497 510 511
f 497 511 512
f 528 527 526
f 528 526 525
f 528 525 524
f 528 524 523
f 528 523 522
f 528 522 521
f 528 521 520
f 528 520 519
f 528 519 518
f 528 518 517
f 528 517 516
f 528 516 515
f 528 515 514
f 528 514 513
f 529 530 546
f 529 546 545
f 530 531 547
f 530 547 546
f 531 532 548
f 531 548 547
f 532 533 549
f 532 549 548
f 533 534 550
f 533 550 549
f 534 535 551
f 534 551 550
f 535 536 552
f 535 552 551
f 536 537 553
f 536 553 552
f 537 538 554
f 537 554 553
f 538 539 555
f 538 555 554
f 539 540 556
f 539 556 555
f 540 541 557
f 540 557 556
f 541 542 558
f 541 558 557
f 542 543 559
f 542 559 558
f 543 544 560
f 543 560 559
f 544 529 545
f 544 545 560
f 529 530 531
f 529 531 532
f 529 532 533
f 529 533 534
f 529 534 535
f 529 535 536
f 529 536 537
f 529 537 538
f 529 538 539
f 529 539 540
f 529 540 541
f 529 541 542
f 529 542 543
f 529 543 544
f 560 559 558
f 560 558 557
f 560 557 556
f 560 556 555
f 560 555 554
f 560 554 553
f 560 553 552
f 560 552 551
f 560 551 550
f 560 550 549
f 560 549 548
f 560 548 547
f 560 547 546
f 560 546 545
f 561 562 578
f 561 578 577
f 562 563 579
f 562 579 578
f 563 564 580
f 563 580 579
f 564 565 581
f 564 581 580
f 565 566 582
f 565 582 581
f 566 567 583
f 566 583 582
f 567 568 584
f 567 584 583
f 568 569 585
f 568 585 584
f 569 570 586
f 569 586 585
f 570 571 587
f 570 587 586
f 571 572 588
f 571 588 587
f 572 573 589
f 572 589 588
f 573 574 590
f 573 590 589
f 574 575 591
f 574 591 590
f 575 576 592
f 575 592 591
f 576 561 577
f 576 577 592
f 561 562 563
f 561 563 564
f 561 564 565
f 561 565 566
f 561 566 567
f 561 567 568
f 561 568 569
f 561 569 570
f 561 570 571
f 561 571 572
f 561 572 573
f 561 573 574
f 561 574 575
f 561 575 576
f 592 591 590
f 592 590 589
f 592 589 588
f 592 588 587
f 592 587 586
f 592 586 585
f 592 585 584
f 592 584 583
f 592 583 582
f 592 582 581
f 592 581 580
f 592 580 579
f 592 579 578
f 592 578 577
f 593 594 610
f 593 610 609
f 594 595 611
f 594 611 610
f 595 596 612
f 595 612 611
f 596 597 613
f 596 613 612
f 597 598 614
f 597 614 613
f 598 599 615
f 598 615 614
f 599 600 616
f 599 616 615
f 600 601 617
f 600 617 616
f 601 602 618
f 601 618 617
f 602 603 619
f 602 619 618
f 603 604 620
f 603 620 619
f 604 605 621
f 604 621 620
f 605 606 622
f 605 622 621
f 606 607 623
f 606 623 622
f 607 608 624
f 607 624 623
f 608 593 609
f 608 609 624
f 593 594 595
f 593 595 596
f 593 596 597
f 593 597 598
f 593 598 599
f 593 599 600
f 593 600 601
f 593 601 602
f 593 602 603
f 593 603 604
f 593 604 605
f 593 605 606
f 593 606 607
f 593 607 608
f 624 623 622
f 624 622 621
f 624 621 620
f 624 620 619
f 624 619 618
f 624 618 617
f 624 617 616
f 624 616 615
f 624 615 614
f 624 614 613
f 624 613 612
f 624 612 611
f 624 611 610
f 624 610 609
f 625 626 642
f 625 642 641
f 626 627 643
f 626 643 642
f 627 628 644
f 627 644 643
f 628 629 645
f 628 645 644
f 629 630 646
f 629 646 645
f 630 631 647
f 630 647 646
f 631 632 648
f 631 648 647
f 632 633 649
f 632 649 648
f 633 634 650
f 633 650 649
f 634 635 651
f 634 651 650
f 635 636 652
f 635 652 651
f 636 637 653
f 636 653 652
f 637 638 654
f 637 654 653
f 638 639 655
f 638 655 654
f 639 640 656
f 639 656 655
f 640 625 641
f 640 641 656
f 625 626 627
f 625 627 628
f 625 628 629
f 625 629 630
f 625 630 631
f 625 631 632
f 625 632 633
f 625 633 634
f 625 634 635
f 625 635 636
f 625 636 637
f 625 637 638
f 625 638 639
f 625 639 640
f 656 655 654
f 656 654 653
f 656 653 652
f 656 652 651
f 656 651 650
f 656 650 649
f 656 649 648
f 656 648 647
f 656 647 646
f 656 646 645
f 656 645 644
f 656 644 643
f 656 643 642
f 656 642 641
f 657 658 674
f 657 674 673
f 658 659 675
f 658 675 674
f 659 660 676
f 659 676 675
f 660 661 677
f 660 677 676
f 661 662 678
f 661 678 677
f 662 663 679
f 662 679 678
f 663 664 680
f 663 680 679
f 664 665 681
f 664 681 680
f 665 666 682
f 665 682 681
f 666 667 683
f 666 683 682
f 667 668 684
f 667 684 683
f 668 669 685
f 668 685 684
f 669 670 686
f 669 686 685
f 670 671 687
f 670 687 686
f 671 672 688
f 671 688 687
f 672 657 673
f 672 673 688
f 657 658 659
f 657 659 660
f 657 660 661
f 657 661 662
f 657 662 663
f 657 663 664
f 657 664 665
f 657 665 666
f 657 666 667
f 657 667 668
f 657 668 669
f 657 669 670
f 657 670 671
f 657 671 672
f 688 687 686
f 688 686 685
f 688 685 684
f 688 684 683
f 688 683 682
f 688 682 681
f 688 681 680
f 688 680 679
f 688 679 678
f 688 678 677
f 688 677 676
f 688 676 675
f 688 675 674
f 688 674 673
f 689 690 706
f 689 706 705
f 690 691 707
f 690 707 706
f 691 692 708
f 691 708 707
f 692 693 709
f 692 709 708
f 693 694 710
f 693 710 709
f 694 695 711
f 694 711 710
f 695 696 712
f 695 712 711
f 696 697 713
f 696 713 712
f 697 698 714
f 697 714 713
f 698 699 715
f 698 715 714
f 699 700 716
f 699 716 715
f 700 701 717
f 700 717 716
f 701 702 718
f 701 718 717
f 702 703 719
f 702 719 718
f 703 704 720
f 703 720 719
f 704 689 705
f 704 705 720
f 689 690 691
f 689 691 692
f 689 692 693
f 689 693 694
f 689 694 695
f 689 695 696
f 689 696 697
f 689 697 698
f 689 698 699
f 689 699 700
f 689 700 701
f 689 701 702
f 689 702 703
f 689 703 704
f 720 719 718
f 720 718 717
f 720 717 716
f 720 716 715
f 720 715 714
f 720 714 713
f 720 713 712
f 720 712 711
f 720 711 710
f 720 710 709
f 720 709 708
f 720 708 707
f 720 707 706
f 720 706 705
f 721 722 738
f 721 738 737
f 722 723 739
f 722 739 738
f 723 724 740
f 723 740 739
f 724 725 741
f 724 741 740
f 725 726 742
f 725 742 741
f 726 727 743
f 726 743 742
f 727 728 744
f 727 744 743
f 728 729 745
f 728 745 744
f 729 730 746
f 729 746 745
f 730 731 747
f 730 747 746
f 731 732 748
f 731 748 747
f 732 733 749
f 732 749 748
f 733 734 750
f 733 750 749
f 734 735 751
f 734 751 750
f 735 736 752
f 735 752 751
f 736 721 737
f 736 737 752
f 721 722 723
f 721 723 724
f 721 724 725
f 721 725 726
f 721 726 727
f 721 727 728
f 721 728 729
f 721 729 730
f 721 730 731
f 721 731 732
f 721 732 733
f 721 733 734
f 721 734 735
f 721 735 736
f 752 751 750
f 752 750 749
f 752 749 748
f 752 748 747
f 752 747 746
f 752 746 745
f 752 745 744
f 752 744 743
f 752 743 742
f 752 742 741
f 752 741 740
f 752 740 739
f 752 739 738
f 752 738 737
f 753 754 770
f 753 770 769
f 754 755 771
f 754 771 770
f 755 756 772
f 755 772 771
f 756 757 773
f 756 773 772
f 757 758 774
f 757 774 773
f 758 759 775
f 758 775 774
f 759 760 776
f 759 776 775
f 760 761 777
f 760 777 776
f 761 762 778
f 761 778 777
f 762 763 779
f 762 779 778
f 763 764 780
f 763 780 779
f 764 765 781
f 764 781 780
f 765 766 782
f 765 782 781
f 766 767 783
f 766 783 782
f 767 768 784
f 767 784 783
f 768 753 769
f 768 769 784
f 753 754 755
f 753 755 756
f 753 756 757
f 753 757 758
f 753 758 759
f 753 759 760
f 753 760 761
f 753 761 762
f 753 762 763
f 753 763 764
f 753 764 765
f 753 765 766
f 753 766 767
f 753 767 768
f 784 783 782
f 784 782 781
f 784 781 780
f 784 780 779
f 784 779 778
f 784 778 777
f 784 777 776
f 784 776 775
f 784 775 774
f 784 774 773
f 784 773 772
f 784 772 771
f 784 771 770
f 784 770 769
f 785 786 802
f 785 802 801
f 786 787 803
f 786 803 802
f 787 788 804
f 787 804 803
f 788 789 805
f 788 805 804
f 789 790 806
f 789 806 805
f 790 791 807
f 790 807 806
f 791 792 808
f 791 808 807
f 792 793 809
f 792 809 808
f 793 794 810
f 793 810 809
f 794 795 811
f 794 811 810
f 795 796 812
f 795 812 811
f 796 797 813
f 796 813 812
f 797 798 814
f 797 814 813
f 798 799 815
f 798 815 814
f 799 800 816
f 799 816 815
f 800 785 801
f 800 801 816
f 785 786 787
f 785 787 788
f 785 788 789
f 785 789 790
f 785 790 791
f 785 791 792
f 785 792 793
f 785 793 794
f 785 794 795
f 785 795 796
f 785 796 797
f 785 797 798
f 785 798 799
f 785 799 800
f 816 815 814
f 816 814 813
f 816 813 812
f 816 812 811
f 816 811 810
f 816 810 809
f 816 809 808
f 816 808 807
f 816 807 806
f 816 806 805
f 816 805 804
f 816 804 803
f 816 803 802
f 816 802 801
f 817 818 834
f 817 834 833
f 818 819 835
f 818 835 834
f 819 820 836
f 819 836 835
f 820 821 837
f 820 837 836
f 821 822 838
f 821 838 837
f 822 823 839
f 822 839 838
f 823 824 840
f 823 840 839
f 824 825 841
f 824 841 840
f 825 826 842
f 825 842 841
f 826 827 843
f 826 843 842
f 827 828 844
f 827 844 843
f 828 829 845
f 828 845 844
f 829 830 846
f 829 846 845
f 830 831 847
f 830 847 846
f 831 832 848
f 831 848 847
f 832 817 833
f 832 833 848
f 817 818 819
f 817 819 820
f 817 820 821
f 817 821 822
f 817 822 823
f 817 823 824
f 817 824 825
f 817 825 826
f 817 826 827
f 817 827 828
f 817 828 829
f 817 829 830
f 817 830 831
f 817 831 832
f 848 847 846
f 848 846 845
f 848 845 844
f 848 844 843
f 848 843 842
f 848 842 841
f 848 841 840
f 848 840 839
f 848 839 838
f 848 838 837
f 848 837 836
f 848 836 835
f 848 835 834
f 848 834 833
f 849 850 866
f 849 866 865
f 850 851 867
f 850 867 866
f 851 852 868
f 851 868 867
f 852 853 869
f 852 869 868
f 853 854 870
f 853 870 869
f 854 855 871
f 854 871 870
f 855 856 872
f 855 872 871
f 856 857 873
f 856 873 872
f 857 858 874
f 857 874 873
f 858 859 875
f 858 875 874
f 859 860 876
f 859 876 875
f 860 861 877
f 860 877 876
f 861 862 878
f 861 878 877
f 862 863 879
f 862 879 878
f 863 864 880
f 863 880 879
f 864 849 865
f 864 865 880
f 849 850 851
f 849 851 852
f 849 852 853
f 849 853 854
f 849 854 855
f 849 855 856
f 849 856 857
f 849 857 858
f 849 858 859
f 849 859 860
f 849 860 861
f 849 861 862
f 849 862 863
f 849 863 864
f 880 879 878
f 880 878 877
f 880 877 876
f 880 876 875
f 880 875 874
f 880 874 873
f 880 873 872
f 880 872 871
f 880 871 870
f 880 870 869
f 880 869 868
f 880 868 867
f 880 867 866
f 880 866 865
f 881 882 898
f 881 898 897
f 882 883 899
f 882 899 898
f 883 884 900
f 883 900 899
f 884 885 901
f 884 901 900
f 885 886 902
f 885 902 901
f 886 887 903
f 886 903 902
f 887 888 904
f 887 904 903
f 888 889 905
f 888 905 904
f 889 890 906
f 889 906 905
f 890 891 907
f 890 907 906
f 891 892 908
f 891 908 907
f 892 893 909
f 892 909 908
f 893 894 910
f 893 910 909
f 894 895 911
f 894 911 910
f 895 896 912
f 895 912 911
f 896 881 897
f 896 897 912
f 881 882 883
f 881 883 884
f 881 884 885
f 881 885 886
f 881 886 887
f 881 887 888
f 881 888 889
f 881 889 890
f 881 890 891
f 881 891 892
f 881 892 893
f 881 893 894
f 881 894 895
f 881 895 896
f 912 911 910
f 912 910 909
f 912 909 908
f 912 908 907
f 912 907 906
f 912 906 905
f 912 905 904
f 912 904 903
f 912 903 902
f 912 902 901
f 912 901 900
f 912 900 899
f 912 899 898
f 912 898 897
f 913 914 930
f 913 930 929
f 914 915 931
f 914 931 930
f 915 916 932
f 915 932 931
f 916 917 933
f 916 933 932
f 917 918 934
f 917 934 933
f 918 919 935
f 918 935 934
f 919 920 936
f 919 936 935
f 920 921 937
f 920 937 936
f 921 922 938
f 921 938 937
f 922 923 939
f 922 939 938
f 923 924 940
f 923 940 939
f 924 925 941
f 924 941 940
f 925 926 942
f 925 942 941
f 926 927 943
f 926 943 942
f 927 928 944
f 927 944 943
f 928 913 929
f 928 929 944
f 913 914 915
f 913 915 916
f 913 916 917
f 913 917 918
f 913 918 919
f 913 919 920
f 913 920 921
f 913 921 922
f 913 922 923
f 913 923 924
f 913 924 925
f 913 925 926
f 913 926 927
f 913 927 928
f 944 943 942
f 944 942 941
f 944 941 940
f 944 940 939
f 944 939 938
f 944 938 937
f 944 937 936
f 944 936 935
f 944 935 934
f 944 934 933
f 944 933 932
f 944 932 931
f 944 931 930
f 944 930 929
f 945 946 962
f 945 962 961
f 946 947 963
f 946 963 962
f 947 948 964
f 947 964 963
f 948 949 965
f 948 965 964
f 949 950 966
f 949 966 965
f 950 951 967
f 950 967 966
f 951 952 968
f 951 968 967
f 952 953 969
f 952 969 968
f 953 954 970
f 953 970 969
f 954 955 971
f 954 971 970
f 955 956 972
f 955 972 971
f 956 957 973
f 956 973 972
f 957 958 974
f 957 974 973
f 958 959 975
f 958 975 974
f 959 960 976
f 959 976 975
f 960 945 961
f 960 961 976
f 945 946 947
f 945 947 948
f 945 948 949
f 945 949 950
f 945 950 951
f 945 951 952
f 945 952 953
f 945 953 954
f 945 954 955
f 945 955 956
f 945 956 957
f 945 957 958
f 945 958 959
f 945 959 960
f 976 975 974
f 976 974 973
f 976 973 972
f 976 972 971
f 976 971 970
f 976 970 969
f 976 969 968
f 976 968 967
f 976 967 966
f 976 966 965
f 976 965 964
f 976 964 963
f 976 963 962
f 976 962 961
f 977 978 994
f 977 994 993
f 978 979 995
f 978 995 994
f 979 980 996
f 979 996 995
f 980 981 997
f 980 997 996
f 981 982 998
f 981 998 997
f 982 983 999
f 982 999 998
f 983 984 1000
f 983 1000 999
f 984 985 1001
f 984 1001 1000
f 985 986 1002
f 985 1002 1001
f 986 987 1003
f 986 1003 1002
f 987 988 1004
f 987 1004 1003
f 988 989 1005
f 988 1005 1004
f 989 990 1006
f 989 1006 1005
f 990 991 1007
f 990 1007 1006
f 991 992 1008
f 991 1008 1007
f 992 977 993
f 992 993 1008
f 977 978 979
f 977 979 980
f 977 980 981
f 977 981 982
f 977 982 983
f 977 983 984
f 977 984 985
f 977 985 986
f 977 986 987
f 977 987 988
f 977 988 989
f 977 989 990
f 977 990 991
f 977 991 992
f 1008 1007 1006
f 1008 1006 1005
f 1008 1005 1004
f 1008 1004 1003
f 1008 1003 1002
f 1008 1002 1001
f 1008 1001 1000
f 1008 1000 999
f 1008 999 998
f 1008 998 997
f 1008 997 996
f 1008 996 995
f 1008 995 994
f 1008 994 993
f 1009 1010 1026
f 1009 1026 1025
f 1010 1011 1027
f 1010 1027 1026
f 1011 1012 1028
f 1011 1028 1027
f 1012 1013 1029
f 1012 1029 1028
f 1013 1014 1030
f 1013 1030 1029
f 1014 1015 1031
f 1014 1031 1030
f 1015 1016 1032
f 1015 1032 1031
f 1016 1017 1033
f 1016 1033 1032
f 1017 1018 1034
f 1017 1034 1033
f 1018 1019 1035
f 1018 1035 1034
f 1019 1020 1036
f 1019 1036 1035
f 1020 1021 1037
f 1020 1037 1036
f 1021 1022 1038
f 1021 1038 1037
f 1022 1023 1039
f 1022 1039 1038
f 1023 1024 1040
f 1023 1040 1039
f 1024 1009 1025
f 1024 1025 1040
f 1009 1010 1011
f 1009 1011 1012
f 1009 1012 1013
f 1009 1013 1014
f 1009 1014 1015
f 1009 1015 1016
f 1009 1016 1017
f 1009 1017 1018
f 1009 1018 1019
f 1009 1019 1020
f 1009 1020 1021
f 1009 1021 1022
f 1009 1022 1023
f 1009 1023 1024
f 1040 1039 1038
f 1040 1038 1037
f 1040 1037 1036
f 1040 1036 1035
f 1040 1035 1034
f 1040 1034 1033
f 1040 1033 1032
f 1040 1032 1031
f 1040 1031 1030
f 1040 1030 1029
f 1040 1029 1028
f 1040 1028 1027
f 1040 1027 1026
f 1040 1026 1025
f 1041 1042 1058
f 1041 1058 1057
f 1042 1043 1059
f 1042 1059 1058
f 1043 1044 1060
f 1043 1060 1059
f 1044 1045 1061
f 1044 1061 1060
f 1045 1046 1062
f 1045 1062 1061
f 1046 1047 1063
f 1046 1063 1062
f 1047 1048 1064
f 1047 1064 1063
f 1048 1049 1065
f 1048 1065 1064
f 1049 1050 1066
f 1049 1066 1065
f 1050 1051 1067
f 1050 1067 1066
f 1051 1052 1068
f 1051 1068 1067
f 1052 1053 1069
f 1052 1069 1068
f 1053 1054 1070
f 1053 1070 1069
f 1054 1055 1071
f 1054 1071 1070
f 1055 1056 1072
f 1055 1072 1071
f 1056 1041 1057
f 1056 1057 1072
f 1041 1042 1043
f 1041 1043 1044
f 1041 1044 1045
f 1041 1045 1046
f 1041 1046 1047
f 1041 1047 1048
f 1041 1048 1049
f 1041 1049 1050
f 1041 1050 1051
f 1041 1051 1052
f 1041 1052 1053
f 1041 1053 1054
f 1041 1054 1055
f 1041 1055 1056
f 1072 1071 1070
f 1072 1070 1069
f 1072 1069 1068
f 1072 1068 1067
f 1072 1067 1066
f 1072 1066 1065
f 1072 1065 1064
f 1072 1064 1063
f 1072 1063 1062
f 1072 1062 1061
f 1072 1061 1060
f 1072 1060 1059
f 1072 1059 1058
f 1072 1058 1057
f 1073 1074 1090
f 1073 1090 1089
f 1074 1075 1091
f 1074 1091 1090
f 1075 1076 1092
f 1075 1092 1091
f 1076 1077 1093
f 1076 1093 1092
f 1077 1078 1094
f 1077 1094 1093
f 1078 1079 1095
f 1078 1095 1094
f 1079 1080 1096
f 1079 1096 1095
f 1080 1081 1097
f 1080 1097 1096
f 1081 1082 1098
f 1081 1098 1097
f 1082 1083 1099
f 1082 1099 1098
f 1083 1084 1100
f 1083 1100 1099
f 1084 1085 1101
f 1084 1101 1100
f 1085 1086 1102
f 1085 1102 1101
f 1086 1087 1103
f 1086 1103 1102
f 1087 1088 1104
f 1087 1104 1103
f 1088 1073 1089
f 1088 1089 1104
f 1073 1074 1075
f 1073 1075 1076
f 1073 1076 1077
f 1073 1077 1078
f 1073 1078 1079
f 1073 1079 1080
f 1073 1080 1081
f 1073 1081 1082
f 1073 1082 1083
f 1073 1083 1084
f 1073 1084 1085
f 1073 1085 1086
f 1073 1086 1087
f 1073 1087 1088
f 1104 1103 1102
f 1104 1102 1101
f 1104 1101 1100
f 1104 1100 1099
f 1104 1099 1098
f 1104 1098 1097
f 1104 1097 1096
f 1104 1096 1095
f 1104 1095 1094
f 1104 1094 1093
f 1104 1093 1092
f 1104 1092 1091
f 1104 1091 1090
f 1104 1090 1089
f 1105 1106 1122
f 1105 1122 1121
f 1106 1107 1123
f 1106 1123 1122
f 1107 1108 1124
f 1107 1124 1123
f 1108 1109 1125
f 1108 1125 1124
f 1109 1110 1126
f 1109 1126 1125
f 1110 1111 1127
f 1110 1127 1126
f 1111 1112 1128
f 1111 1128 1127
f 1112 1113 1129
f 1112 1129 1128
f 1113 1114 1130
f 1113 1130 1129
f 1114 1115 1131
f 1114 1131 1130
f 1115 1116 1132
f 1115 1132 1131
f 1116 1117 1133
f 1116 1133 1132
f 1117 1118 1134
f 1117 1134 1133
f 1118 1119 1135
f 1118 1135 1134
f 1119 1120 1136
f 1119 1136 1135
f 1120 1105 1121
f 1120 1121 1136
f 1105 1106 1107
f 1105 1107 1108
f 1105 1108 1109
f 1105 1109 1110
f 1105 1110 1111
f 1105 1111 1112
f 1105 1112 1113
f 1105 1113 1114
f 1105 1114 1115
f 1105 1115 1116
f 1105 1116 1117
f 1105 1117 1118
f 1105 1118 1119
f 1105 1119 1120
f 1136 1135 1134
f 1136 1134 1133
f 1136 1133 1132
f 1136 1132 1131
f 1136 1131 1130
f 1136 1130 1129
f 1136 1129 1128
f 1136 1128 1127
f 1136 1127 1126
f 1136 1126 1125
f 1136 1125 1124
f 1136 1124 1123
f 1136 1123 1122
f 1136 1122 1121
f 1137 1138 1154
f 1137 1154 1153
f 1138 1139 1155
f 1138 1155 1154
f 1139 1140 1156
f 1139 1156 1155
f 1140 1141 1157
f 1140 1157 1156
f 1141 1142 1158
f 1141 1158 1157
f 1142 1143 1159
f 1142 1159 1158
f 1143 1144 1160
f 1143 1160 1159
f 1144 1145 1161
f 1144 1161 1160
f 1145 1146 1162
f 1145 1162 1161
f 1146 1147 1163
f 1146 1163 1162
f 1147 1148 1164
f 1147 1164 1163
f 1148 1149 1165
f 1148 1165 1164
f 1149 1150 1166
f 1149 1166 1165
f 1150 1151 1167
f 1150 1167 1166
f 1151 1152 1168
f 1151 1168 1167
f 1152 1137 1153
f 1152 1153 1168
f 1137 1138 1139
f 1137 1139 1140
f 1137 1140 1141
f 1137 1141 1142
f 1137 1142 1143
f 1137 1143 1144
f 1137 1144 1145
f 1137 1145 1146
f 1137 1146 1147
f 1137 1147 1148
f 1137 1148 1149
f 1137 1149 1150
f 1137 1150 1151
f 1137 1151 1152
f 1168 1167 1166
f 1168 1166 1165
f 1168 1165 1164
f 1168 1164 1163
f 1168 1163 1162
f 1168 1162 1161
f 1168 1161 1160
f 1168 1160 1159
f 1168 1159 1158
f 1168 1158 1157
f 1168 1157 1156
f 1168 1156 1155
f 1168 1155 1154
f 1168 1154 1153
f 1169 1170 1186
f 1169 1186 1185
f 1170 1171 1187
f 1170 1187 1186
f 1171 1172 1188
f 1171 1188 1187
f 1172 1173 1189
f 1172 1189 1188
f 1173 1174 1190
f 1173 1190 1189
f 1174 1175 1191
f 1174 1191 1190
f 1175 1176 1192
f 1175 1192 1191
f 1176 1177 1193
f 1176 1193 1192
f 1177 1178 1194
f 1177 1194 1193
f 1178 1179 1195
f 1178 1195 1194
f 1179 1180 1196
f 1179 1196 1195
f 1180 1181 1197
f 1180 1197 1196
f 1181 1182 1198
f 1181 1198 1197
f 1182 1183 1199
f 1182 1199 1198
f 1183 1184 1200
f 1183 1200 1199
f 1184 1169 1185
f 1184 1185 1200
f 1169 1170 1171
f 1169 1171 1172
f 1169 1172 1173
f 1169 1173 1174
f 1169 1174 1175
f 1169 1175 1176
f 1169 1176 1177
f 1169 1177 1178
f 1169 1178 1179
f 1169 1179 1180
f 1169 1180 1181
f 1169 1181 1182
f 1169 1182 1183
f 1169 1183 1184
f 1200 1199 1198
f 1200 1198 1197
f 1200 1197 1196
f 1200 1196 1195
f 1200 1195 1194
f 1200 1194 1193
f 1200 1193 1192
f 1200 1192 1191
f 1200 1191 1190
f 1200 1190 1189
f 1200 1189 1188
f 1200 1188 1187
f 1200 1187 1186
f 1200 1186 1185
f 1201 1202 1218
f 1201 1218 1217
f 1202 1203 1219
f 1202 1219 1218
f 1203 1204 1220
f 1203 1220 1219
f 1204 1205 1221
f 1204 1221 1220
f 1205 1206 1222
f 1205 1222 1221
f 1206 1207 1223
f 1206 1223 1222
f 1207 1208 1224
f 1207 1224 1223
f 1208 1209 1225
f 1208 1225 1224
f 1209 1210 1226
f 1209 1226 1225
f 1210 1211 1227
f 1210 1227 1226
f 1211 1212 1228
f 1211 1228 1227
f 1212 1213 1229
f 1212 1229 1228
f 1213 1214 1230
f 1213 1230 1229
f 1214 1215 1231
f 1214 1231 1230
f 1215 1216 1232
f 1215 1232 1231
f 1216 1201 1217
f 1216 1217 1232
f 1201 1202 1203
f 1201 1203 1204
f 1201 1204 1205
f 1201 1205 1206
f 1201 1206 1207
f 1201 1207 1208
f 1201 1208 1209
f 1201 1209 1210
f 1201 1210 1211
f 1201 1211 1212
f 1201 1212 1213
f 1201 1213 1214
f 1201 1214 1215
f 1201 1215 1216
f 1232 1231 1230
f 1232 1230 1229
f 1232 1229 1228
f 1232 1228 1227
f 1232 1227 1226
f 1232 1226 1225
f 1232 1225 1224
f 1232 1224 1223
f 1232 1223 1222
f 1232 1222 1221
f 1232 1221 1220
f 1232 1220 1219
f 1232 1219 1218
f 1232 1218 1217
f 1233 1234 1250
f 1233 1250 1249
f 1234 1235 1251
f 1234 1251 1250
f 1235 1236 1252
f 1235 1252 1251
f 1236 1237 1253
f 1236 1253 1252
f 1237 1238 1254
f 1237 1254 1253
f 1238 1239 1255
f 1238 1255 1254
f 1239 1240 1256
f 1239 1256 1255
f 1240 1241 1257
f 1240 1257 1256
f 1241 1242 1258
f 1241 1258 1257
f 1242 1243 1259
f 1242 1259 1258
f 1243 1244 1260
f 1243 1260 1259
f 1244 1245 1261
f 1244 1261 1260
f 1245 1246 1262
f 1245 1262 1261
f 1246 1247 1263
f 1246 1263 1262
f 1247 1248 1264
f 1247 1264 1263
f 1248 1233 1249
f 1248 1249 1264
f 1233 1234 1235
f 1233 1235 1236
f 1233 1236 1237
f 1233 1237 1238
f 1233 1238 1239
f 1233 1239 1240
f 1233 1240 1241
f 1233 1241 1242
f 1233 1242 1243
f 1233 1243 1244
f 1233 1244 1245
f 1233 1245 1246
f 1233 1246 1247
f 1233 1247 1248
f 1264 1263 1262
f 1264 1262 1261
f 1264 1261 1260
f 1264 1260 1259
f 1264 1259 1258
f 1264 1258 1257
f 1264 1257 1256
f 1264 1256 1255
f 1264 1255 1254
f 1264 1254 1253
f 1264 1253 1252
f 1264 1252 1251
f 1264 1251 1250
f 1264 1250 1249
f 1265 1266 1282
f 1265 1282 1281
f 1266 1267 1283
f 1266 1283 1282
f 1267 1268 1284
f 1267 1284 1283
f 1268 1269 1285
f 1268 1285 1284
f 1269 1270 1286
f 1269 1286 1285
f 1270 1271 1287
f 1270 1287 1286
f 1271 1272 1288
f 1271 1288 1287
f 1272 1273 1289
f 1272 1289 1288
f 1273 1274 1290
f 1273 1290 1289
f 1274 1275 1291
f 1274 1291 1290
f 1275 1276 1292
f 1275 1292 1291
f 1276 1277 1293
f 1276 1293 1292
f 1277 1278 1294
f 1277 1294 1293
f 1278 1279 1295
f 1278 1295 1294
f 1279 1280 1296
f 1279 1296 1295
f 1280 1265 1281
f 1280 1281 1296
f 1265 1266 1267
f 1265 1267 1268
f 1265 1268 1269
f 1265 1269 1270
f 1265 1270 1271
f 1265 1271 1272
f 1265 1272 1273
f 1265 1273 1274
f 1265 1274 1275
f 1265 1275 1276
f 1265 1276 1277
f 1265 1277 1278
f 1265 1278 1279
f 1265 1279 1280
f 1296 1295 1294
f 1296 1294 1293
f 1296 1293 1292
f 1296 1292 1291
f 1296 1291 1290
f 1296 1290 1289
f 1296 1289 1288
f 1296 1288 1287
f 1296 1287 1286
f 1296 1286 1285
f 1296 1285 1284
f 1296 1284 1283
f 1296 1283 1282
f 1296 1282 1281
f 1297 1298 1314
f 1297 1314 1313
f 1298 1299 1315
f 1298 1315 1314
f 1299 1300 1316
f 1299 1316 1315
f 1300 1301 1317
f 1300 1317 1316
f 1301 1302 1318
f 1301 1318 1317
f 1302 1303 1319
f 1302 1319 1318
f 1303 1304 1320
f 1303 1320 1319
f 1304 1305 1321
f 1304 1321 1320
f 1305 1306 1322
f 1305 1322 1321
f 1306 1307 1323
f 1306 1323 1322
f 1307 1308 1324
f 1307 1324 1323
f 1308 1309 1325
f 1308 1325 1324
f 1309 1310 1326
f 1309 1326 1325
f 1310 1311 1327
f 1310 1327 1326
f 1311 1312 1328
f 1311 1328 1327
f 1312 1297 1313
f 1312 1313 1328
f 1297 1298 1299
f 1297 1299 1300
f 1297 1300 1301
f 1297 1301 1302
f 1297 1302 1303
f 1297 1303 1304
f 1297 1304 1305
f 1297 1305 1306
f 1297 1306 1307
f 1297 1307 1308
f 1297 1308 1309
f 1297 1309 1310
f 1297 1310 1311
f 1297 1311 1312
f 1328 1327 1326
f 1328 1326 1325
f 1328 1325 1324
f 1328 1324 1323
f 1328 1323 1322
f 1328 1322 1321
f 1328 1321 1320
f 1328 1320 1319
f 1328 1319 1318
f 1328 1318 1317
f 1328 1317 1316
f 1328 1316 1315
f 1328 1315 1314
f 1328 1314 1313
f 1329 1330 1346
f 1329 1346 1345
f 1330 1331 1347
f 1330 1347 1346
f 1331 1332 1348
f 1331 1348 1347
f 1332 1333 1349
f 1332 1349 1348
f 1333 1334 1350
f 1333 1350 1349
f 1334 1335 1351
f 1334 1351 1350
f 1335 1336 1352
f 1335 1352 1351
f 1336 1337 1353
f 1336 1353 1352
f 1337 1338 1354
f 1337 1354 1353
f 1338 1339 1355
f 1338 1355 1354
f 1339 1340 1356
f 1339 1356 1355
f 1340 1341 1357
f 1340 1357 1356
f 1341 1342 1358
f 1341 1358 1357
f 1342 1343 1359
f 1342 1359 1358
f 1343 1344 1360
f 1343 1360 1359
f 1344 1329 1345
f 1344 1345 1360
f 1329 1330 1331
f 1329 1331 1332
f 1329 1332 1333
f 1329 1333 1334
f 1329 1334 1335
f 1329 1335 1336
f 1329 1336 1337
f 1329 1337 1338
f 1329 1338 1339
f 1329 1339 1340
f 1329 1340 1341
f 1329 1341 1342
f 1329 1342 1343
f 1329 1343 1344
f 1360 1359 1358
f 1360 1358 1357
f 1360 1357 1356
f 1360 1356 1355
f 1360 1355 1354
f 1360 1354 1353
f 1360 1353 1352
f 1360 1352 1351
f 1360 1351 1350
f 1360 1350 1349
f 1360 1349 1348
f 1360 1348 1347
f 1360 1347 1346
f 1360 1346 1345
f 1361 1362 1378
f 1361 1378 1377
f 1362 1363 1379
f 1362 1379 1378
f 1363 1364 1380
f 1363 1380 1379
f 1364 1365 1381
f 1364 1381 1380
f 1365 1366 1382
f 1365 1382 1381
f 1366 1367 1383
f 1366 1383 1382
f 1367 1368 1384
f 1367 1384 1383
f 1368 1369 1385
f 1368 1385 1384
f 1369 1370 1386
f 1369 1386 1385
f 1370 1371 1387
f 1370 1387 1386
f 1371 1372 1388
f 1371 1388 1387
f 1372 1373 1389
f 1372 1389 1388
f 1373 1374 1390
f 1373 1390 1389
f 1374 1375 1391
f 1374 1391 1390
f 1375 1376 1392
f 1375 1392 1391
f 1376 1361 1377
f 1376 1377 1392
f 1361 1362 1363
f 1361 1363 1364
f 1361 1364 1365
f 1361 1365 1366
f 1361 1366 1367
f 1361 1367 1368
f 1361 1368 1369
f 1361 1369 1370
f 1361 1370 1371
f 1361 1371 1372
f 1361 1372 1373
f 1361 1373 1374
f 1361 1374 1375
f 1361 1375 1376
f 1392 1391 1390
f 1392 1390 1389
f 1392 1389 1388
f 1392 1388 1387
f 1392 1387 1386
f 1392 1386 1385
f 1392 1385 1384
f 1392 1384 1383
f 1392 1383 1382
f 1392 1382 1381
f 1392 1381 1380
f 1392 1380 1379
f 1392 1379 1378
f 1392 1378 1377
f 1393 1394 1410
f 1393 1410 1409
f 1394 1395 1411
f 1394 1411 1410
f 1395 1396 1412
f 1395 1412 1411
f 1396 1397 1413
f 1396 1413 1412
f 1397 1398 1414
f 1397 1414 1413
f 1398 1399 1415
f 1398 1415 1414
f 1399 1400 1416
f 1399 1416 1415
f 1400 1401 1417
f 1400 1417 1416
f 1401 1402 1418
f 1401 1418 1417
f 1402 1403 1419
f 1402 1419 1418
f 1403 1404 1420
f 1403 1420 1419
f 1404 1405 1421
f 1404 1421 1420
f 1405 1406 1422
f 1405 1422 1421
f 1406 1407 1423
f 1406 1423 1422
f 1407 1408 1424
f 1407 1424 1423
f 1408 1393 1409
f 1408 1409 1424
f 1393 1394 1395
f 1393 1395 1396
f 1393 1396 1397
f 1393 1397 1398
f 1393 1398 1399
f 1393 1399 1400
f 1393 1400 1401
f 1393 1401 1402
f 1393 1402 1403
f 1393 1403 1404
f 1393 1404 1405
f 1393 1405 1406
f 1393 1406 1407
f 1393 1407 1408
f 1424 1423 1422
f 1424 1422 1421
f 1424 1421 1420
f 1424 1420 1419
f 1424 1419 1418
f 1424 1418 1417
f 1424 1417 1416
f 1424 1416 1415
f 1424 1415 1414
f 1424 1414 1413
f 1424 1413 1412
f 1424 1412 1411
f 1424 1411 1410
f 1424 1410 1409
f 1425 1426 1442
f 1425 1442 1441
f 1426 1427 1443
f 1426 1443 1442
f 1427 1428 1444
f 1427 1444 1443
f 1428 1429 1445
f 1428 1445 1444
f 1429 1430 1446
f 1429 1446 1445
f 1430 1431 1447
f 1430 1447 1446
f 1431 1432 1448
f 1431 1448 1447
f 1432 1433 1449
f 1432 1449 1448
f 1433 1434 1450
f 1433 1450 1449
f 1434 1435 1451
f 1434 1451 1450
f 1435 1436 1452
f 1435 1452 1451
f 1436 1437 1453
f 1436 1453 1452
f 1437 1438 1454
f 1437 1454 1453
f 1438 1439 1455
f 1438 1455 1454
f 1439 1440 1456
f 1439 1456 1455
f 1440 1425 1441
f 1440 1441 1456
f 1425 1426 1427
f 1425 1427 1428
f 1425 1428 1429
f 1425 1429 1430
f 1425 1430 1431
f 1425 1431 1432
f 1425 1432 1433
f 1425 1433 1434
f 1425 1434 1435
f 1425 1435 1436
f 1425 1436 1437
f 1425 1437 1438
f 1425 1438 1439
f 1425 1439 1440
f 1456 1455 1454
f 1456 1454 1453
f 1456 1453 1452
f 1456 1452 1451
f 1456 1451 1450
f 1456 1450 1449
f 1456 1449 1448
f 1456 1448 1447
f 1456 1447 1446
f 1456 1446 1445
f 1456 1445 1444
f 1456 1444 1443
f 1456 1443 1442
f 1456 1442 1441
f 1457 1458 1474
f 1457 1474 1473
f 1458 1459 1475
f 1458 1475 1474
f 1459 1460 1476
f 1459 1476 1475
f 1460 1461 1477
f 1460 1477 1476
f 1461 1462 1478
f 1461 1478 1477
f 1462 1463 1479
f 1462 1479 1478
f 1463 1464 1480
f 1463 1480 1479
f 1464 1465 1481
f 1464 1481 1480
f 1465 1466 1482
f 1465 1482 1481
f 1466 1467 1483
f 1466 1483 1482
f 1467 1468 1484
f 1467 1484 1483
f 1468 1469 1485
f 1468 1485 1484
f 1469 1470 1486
f 1469 1486 1485
f 1470 1471 1487
f 1470 1487 1486
f 1471 1472 1488
f 1471 1488 1487
f 1472 1457 1473
f 1472 1473 1488
f 1457 1458 1459
f 1457 1459 1460
f 1457 1460 1461
f 1457 1461 1462
f 1457 1462 1463
f 1457 1463 1464
f 1457 1464 1465
f 1457 1465 1466
f 1457 1466 1467
f 1457 1467 1468
f 1457 1468 1469
f 1457 1469 1470
f 1457 1470 1471
f 1457 1471 1472
f 1488 1487 1486
f 1488 1486 1485
f 1488 1485 1484
f 1488 1484 1483
f 1488 1483 1482
f 1488 1482 1481
f 1488 1481 1480
f 1488 1480 1479
f 1488 1479 1478
f 1488 1478 1477
f 1488 1477 1476
f 1488 1476 1475
f 1488 1475 1474
f 1488 1474 1473
f 1489 1490 1506
f 1489 1506 1505
f 1490 1491 1507
f 1490 1507 1506
f 1491 1492 1508
f 1491 1508 1507
f 1492 1493 1509
f 1492 1509 1508
f 1493 1494 1510
f 1493 1510 1509
f 1494 1495 1511
f 1494 1511 1510
f 1495 1496 1512
f 1495 1512 1511
f 1496 1497 1513
f 1496 1513 1512
f 1497 1498 1514
f 1497 1514 1513
f 1498 1499 1515
f 1498 1515 1514
f 1499 1500 1516
f 1499 1516 1515
f 1500 1501 1517
f 1500 1517 1516
f 1501 1502 1518
f 1501 1518 1517
f 1502 1503 1519
f 1502 1519 1518
f 1503 1504 1520
f 1503 1520 1519
f 1504 1489 1505
f 1504 1505 1520
f 1489 1490 1491
f 1489 1491 1492
f 1489 1492 1493
f 1489 1493 1494
f 1489 1494 1495
f 1489 1495 1496
f 1489 1496 1497
f 1489 1497 1498
f 1489 1498 1499
f 1489 1499 1500
f 1489 1500 1501
f 1489 1501 1502
f 1489 1502 1503
f 1489 1503 1504
f 1520 1519 1518
f 1520 1518 1517
f 1520 1517 1516
f 1520 1516 1515
f 1520 1515 1514
f 1520 1514 1513
f 1520 1513 1512
f 1520 1512 1511
f 1520 1511 1510
f 1520 1510 1509
f 1520 1509 1508
f 1520 1508 1507
f 1520 1507 1506
f 1520 1506 1505
f 1521 1522 1538
f 1521 1538 1537
f 1522 1523 1539
f 1522 1539 1538
f 1523 1524 1540
f 1523 1540 1539
f 1524 1525 1541
f 1524 1541 1540
f 1525 1526 1542
f 1525 1542 1541
f 1526 1527 1543
f 1526 1543 1542
f 1527 1528 1544
f 1527 1544 1543
f 1528 1529 1545
f 1528 1545 1544
f 1529 1530 1546
f 1529 1546 1545
f 1530 1531 1547
f 1530 1547 1546
f 1531 1532 1548
f 1531 1548 1547
f 1532 1533 1549
f 1532 1549 1548
f 1533 1534 1550
f 1533 1550 1549
f 1534 1535 1551
f 1534 1551 1550
f 1535 1536 1552
f 1535 1552 1551
f 1536 1521 1537
f 1536 1537 1552
f 1521 1522 1523
f 1521 1523 1524
f 1521 1524 1525
f 1521 1525 1526
f 1521 1526 1527
f 1521 1527 1528
f 1521 1528 1529
f 1521 1529 1530
f 1521 1530 1531
f 1521 1531 1532
f 1521 1532 1533
f 1521 1533 1534
f 1521 1534 1535
f 1521 1535 1536
f 1552 1551 1550
f 1552 1550 1549
f 1552 1549 1548
f 1552 1548 1547
f 1552 1547 1546
f 1552 1546 1545
f 1552 1545 1544
f 1552 1544 1543
f 1552 1543 1542
f 1552 1542 1541
f 1552 1541 1540
f 1552 1540 1539
f 1552 1539 1538
f 1552 1538 1537
f 1553 1554 1570
f 1553 1570 1569
f 1554 1555 1571
f 1554 1571 1570
f 1555 1556 1572
f 1555 1572 1571
f 1556 1557 1573
f 1556 1573 1572
f 1557 1558 1574
f 1557 1574 1573
f 1558 1559 1575
f 1558 1575 1574
f 1559 1560 1576
f 1559 1576 1575
f 1560 1561 1577
f 1560 1577 1576
f 1561 1562 1578
f 1561 1578 1577
f 1562 1563 1579
f 1562 1579 1578
f 1563 1564 1580
f 1563 1580 1579
f 1564 1565 1581
f 1564 1581 1580
f 1565 1566 1582
f 1565 1582 1581
f 1566 1567 1583
f 1566 1583 1582
f 1567 1568 1584
f 1567 1584 1583
f 1568 1553 1569
f 1568 1569 1584
f 1553 1554 1555
f 1553 1555 1556
f 1553 1556 1557
f 1553 1557 1558
f 1553 1558 1559
f 1553 1559 1560
f 1553 1560 1561
f 1553 1561 1562
f 1553 1562 1563
f 1553 1563 1564
f 1553 1564 1565
f 1553 1565 1566
f 1553 1566 1567
f 1553 1567 1568
f 1584 1583 1582
f 1584 1582 1581
f 1584 1581 1580
f 1584 1580 1579
f 1584 1579 1578
f 1584 1578 1577
f 1584 1577 1576
f 1584 1576 1575
f 1584 1575 1574
f 1584 1574 1573
f 1584 1573 1572
f 1584 1572 1571
f 1584 1571 1570
f 1584 1570 1569
f 1585 1586 1602
f 1585 1602 1601
f 1586 1587 1603
f 1586 1603 1602
f 1587 1588 1604
f 1587 1604 1603
f 1588 1589 1605
f 1588 1605 1604
f 1589 1590 1606
f 1589 1606 1605
f 1590 1591 1607
f 1590 1607 1606
f 1591 1592 1608
f 1591 1608 1607
f 1592 1593 1609
f 1592 1609 1608
f 1593 1594 1610
f 1593 1610 1609
f 1594 1595 1611
f 1594 1611 1610
f 1595 1596 1612
f 1595 1612 1611
f 1596 1597 1613
f 1596 1613 1612
f 1597 1598 1614
f 1597 1614 1613
f 1598 1599 1615
f 1598 1615 1614
f 1599 1600 1616
f 1599 1616 1615
f 1600 1585 1601
f 1600 1601 1616
f 1585 1586 1587
f 1585 1587 1588
f 1585 1588 1589
f 1585 1589 1590
f 1585 1590 1591
f 1585 1591 1592
f 1585 1592 1593
f 1585 1593 1594
f 1585 1594 1595
f 1585 1595 1596
f 1585 1596 1597
f 1585 1597 1598
f 1585 1598 1599
f 1585 1599 1600
f 1616 1615 1614
f 1616 1614 1613
f 1616 1613 1612
f 1616 1612 1611
f 1616 1611 1610
f 1616 1610 1609
f 1616 1609 1608
f 1616 1608 1607
f 1616 1607 1606
f 1616 1606 1605
f 1616 1605 1604
f 1616 1604 1603
f 1616 1603 1602
f 1616 1602 1601
f 1617 1618 1634
f 1617 1634 1633
f 1618 1619 1635
f 1618 1635 1634
f 1619 1620 1636
f 1619 1636 1635
f 1620 1621 1637
f 1620 1637 1636
f 1621 1622 1638
f 1621 1638 1637
f 1622 1623 1639
f 1622 1639 1638
f 1623 1624 1640
f 1623 1640 1639
f 1624 1625 1641
f 1624 1641 1640
f 1625 1626 1642
f 1625 1642 1641
f 1626 1627 1643
f 1626 1643 1642
f 1627 1628 1644
f 1627 1644 1643
f 1628 1629 1645
f 1628 1645 1644
f 1629 1630 1646
f 1629 1646 1645
f 1630 1631 1647
f 1630 1647 1646
f 1631 1632 1648
f 1631 1648 1647
f 1632 1617 1633
f 1632 1633 1648
f 1617 1618 1619
f 1617 1619 1620
f 1617 1620 1621
f 1617 1621 1622
f 1617 1622 1623
f 1617 1623 1624
f 1617 1624 1625
f 1617 1625 1626
f 1617 1626 1627
f 1617 1627 1628
f 1617 1628 1629
f 1617 1629 1630
f 1617 1630 1631
f 1617 1631 1632
f 1648 1647 1646
f 1648 1646 1645
f 1648 1645 1644
f 1648 1644 1643
f 1648 1643 1642
f 1648 1642 1641
f 1648 1641 1640
f 1648 1640 1639
f 1648 1639 1638
f 1648 1638 1637
f 1648 1637 1636
f 1648 1636 1635
f 1648 1635 1634
f 1648 1634 1633
f 1649 1650 1666
f 1649 1666 1665
f 1650 1651 1667
f 1650 1667 1666
f 1651 1652 1668
f 1651 1668 1667
f 1652 1653 1669
f 1652 1669 1668
f 1653 1654 1670
f 1653 1670 1669
f 1654 1655 1671
f 1654 1671 1670
f 1655 1656 1672
f 1655 1672 1671
f 1656 1657 1673
f 1656 1673 1672
f 1657 1658 1674
f 1657 1674 1673
f 1658 1659 1675
f 1658 1675 1674
f 1659 1660 1676
f 1659 1676 1675
f 1660 1661 1677
f 1660 1677 1676
f 1661 1662 1678
f 1661 1678 1677
f 1662 1663 1679
f 1662 1679 1678
f 1663 1664 1680
f 1663 1680 1679
f 1664 1649 1665
f 1664 1665 1680
f 1649 1650 1651
f 1649 1651 1652
f 1649 1652 1653
f 1649 1653 1654
f 1649 1654 1655
f 1649 1655 1656
f 1649 1656 1657
f 1649 1657 1658
f 1649 1658 1659
f 1649 1659 1660
f 1649 1660 1661
f 1649 1661 1662
f 1649 1662 1663
f 1649 1663 1664
f 1680 1679 1678
f 1680 1678 1677
f 1680 1677 1676
f 1680 1676 1675
f 1680 1675 1674
f 1680 1674 1673
f 1680 1673 1672
f 1680 1672 1671
f 1680 1671 1670
f 1680 1670 1669
f 1680 1669 1668
f 1680 1668 1667
f 1680 1667 1666
f 1680 1666 1665
f 1681 1682 1698
f 1681 1698 1697
f 1682 1683 1699
f 1682 1699 1698
f 1683 1684 1700
f 1683 1700 1699
f 1684 1685 1701
f 1684 1701 1700
f 1685 1686 1702
f 1685 1702 1701
f 1686 1687 1703
f 1686 1703 1702
f 1687 1688 1704
f 1687 1704 1703
f 1688 1689 1705
f 1688 1705 1704
f 1689 1690 1706
f 1689 1706 1705
f 1690 1691 1707
f 1690 1707 1706
f 1691 1692 1708
f 1691 1708 1707
f 1692 1693 1709
f 1692 1709 1708
f 1693 1694 1710
f 1693 1710 1709
f 1694 1695 1711
f 1694 1711 1710
f 1695 1696 1712
f 1695 1712 1711
f 1696 1681 1697
f 1696 1697 1712
f 1681 1682 1683
f 1681 1683 1684
f 1681 1684 1685
f 1681 1685 1686
f 1681 1686 1687
f 1681 1687 1688
f 1681 1688 1689
f 1681 1689 1690
f 1681 1690 1691
f 1681 1691 1692
f 1681 1692 1693
f 1681 1693 1694
f 1681 1694 1695
f 1681 1695 1696
f 1712 1711 1710
f 1712 1710 1709
f 1712 1709 1708
f 1712 1708 1707
f 1712 1707 1706
f 1712 1706 1705
f 1712 1705 1704
f 1712 1704 1703
f 1712 1703 1702
f 1712 1702 1701
f 1712 1701 1700
f 1712 1700 1699
f 1712 1699 1698
f 1712 1698 1697
f 1713 1714 1730
f 1713 1730 1729
f 1714 1715 1731
f 1714 1731 1730
f 1715 1716 1732
f 1715 1732 1731
f 1716 1717 1733
f 1716 1733 1732
f 1717 1718 1734
f 1717 1734 1733
f 1718 1719 1735
f 1718 1735 1734
f 1719 1720 1736
f 1719 1736 1735
f 1720 1721 1737
f 1720 1737 1736
f 1721 1722 1738
f 1721 1738 1737
f 1722 1723 1739
f 1722 1739 1738
f 1723 1724 1740
f 1723 1740 1739
f 1724 1725 1741
f 1724 1741 1740
f 1725 1726 1742
f 1725 1742 1741
f 1726 1727 1743
f 1726 1743 1742
f 1727 1728 1744
f 1727 1744 1743
f 1728 1713 1729
f 1728 1729 1744
f 1713 1714 1715
f 1713 1715 1716
f 1713 1716 1717
f 1713 1717 1718
f 1713 1718 1719
f 1713 1719 1720
f 1713 1720 1721
f 1713 1721 1722
f 1713 1722 1723
f 1713 1723 1724
f 1713 1724 1725
f 1713 1725 1726
f 1713 1726 1727
f 1713 1727 1728
f 1744 1743 1742
f 1744 1742 1741
f 1744 1741 1740
f 1744 1740 1739
f 1744 1739 1738
f 1744 1738 1737
f 1744 1737 1736
f 1744 1736 1735
f 1744 1735 1734
f 1744 1734 1733
f 1744 1733 1732
f 1744 1732 1731
f 1744 1731 1730
f 1744 1730 1729
f 1745 1746 1762
f 1745 1762 1761
f 1746 1747 1763
f 1746 1763 1762
f 1747 1748 1764
f 1747 1764 1763
f 1748 1749 1765
f 1748 1765 1764
f 1749 1750 1766
f 1749 1766 1765
f 1750 1751 1767
f 1750 1767 1766
f 1751 1752 1768
f 1751 1768 1767
f 1752 1753 1769
f 1752 1769 1768
f 1753 1754 1770
f 1753 1770 1769
f 1754 1755 1771
f 1754 1771 1770
f 1755 1756 1772
f 1755 1772 1771
f 1756 1757 1773
f 1756 1773 1772
f 1757 1758 1774
f 1757 1774 1773
f 1758 1759 1775
f 1758 1775 1774
f 1759 1760 1776
f 1759 1776 1775
f 1760 1745 1761
f 1760 1761 1776
f 1745 1746 1747
f 1745 1747 1748
f 1745 1748 1749
f 1745 1749 1750
f 1745 1750 1751
f 1745 1751 1752
f 1745 1752 1753
f 1745 1753 1754
f 1745 1754 1755
f 1745 1755 1756
f 1745 1756 1757
f 1745 1757 1758
f 1745 1758 1759
f 1745 1759 1760
f 1776 1775 1774
f 1776 1774 1773
f 1776 1773 1772
f 1776 1772 1771
f 1776 1771 1770
f 1776 1770 1769
f 1776 1769 1768
f 1776 1768 1767
f 1776 1767 1766
f 1776 1766 1765
f 1776 1765 1764
f 1776 1764 1763
f 1776 1763 1762
f 1776 1762 1761
f 1777 1778 1794
f 1777 1794 1793
f 1778 1779 1795
f 1778 1795 1794
f 1779 1780 1796
f 1779 1796 1795
f 1780 1781 1797
f 1780 1797 1796
f 1781 1782 1798
f 1781 1798 1797
f 1782 1783 1799
f 1782 1799 1798
f 1783 1784 1800
f 1783 1800 1799
f 1784 1785 1801
f 1784 1801 1800
f 1785 1786 1802
f 1785 1802 1801
f 1786 1787 1803
f 1786 1803 1802
f 1787 1788 1804
f 1787 1804 1803
f 1788 1789 1805
f 1788 1805 1804
f 1789 1790 1806
f 1789 1806 1805
f 1790 1791 1807
f 1790 1807 1806
f 1791 1792 1808
f 1791 1808 1807
f 1792 1777 1793
f 1792 1793 1808
f 1777 1778 1779
f 1777 1779 1780
f 1777 1780 1781
f 1777 1781 1782
f 1777 1782 1783
f 1777 1783 1784
f 1777 1784 1785
f 1777 1785 1786
f 1777 1786 1787
f 1777 1787 1788
f 1777 1788 1789
f 1777 1789 1790
f 1777 1790 1791
f 1777 1791 1792
f 1808 1807 1806
f 1808 1806 1805
f 1808 1805 1804
f 1808 1804 1803
f 1808 1803 1802
f 1808 1802 1801
f 1808 1801 1800
f 1808 1800 1799
f 1808 1799 1798
f 1808 1798 1797
f 1808 1797 1796
f 1808 1796 1795
f 1808 1795 1794
f 1808 1794 1793
f 1809 1810 1826
f 1809 1826 1825
f 1810 1811 1827
f 1810 1827 1826
f 1811 1812 1828
f 1811 1828 1827
f 1812 1813 1829
f 1812 1829 1828
f 1813 1814 1830
f 1813 1830 1829
f 1814 1815 1831
f 1814 1831 1830
f 1815 1816 1832
f 1815 1832 1831
f 1816 1817 1833
f 1816 1833 1832
f 1817 1818 1834
f 1817 1834 1833
f 1818 1819 1835
f 1818 1835 1834
f 1819 1820 1836
f 1819 1836 1835
f 1820 1821 1837
f 1820 1837 1836
f 1821 1822 1838
f 1821 1838 1837
f 1822 1823 1839
f 1822 1839 1838
f 1823 1824 1840
f 1823 1840 1839
f 1824 1809 1825
f 1824 1825 1840
f 1809 1810 1811
f 1809 1811 1812
f 1809 1812 1813
f 1809 1813 1814
f 1809 1814 1815
f 1809 1815 1816
f 1809 1816 1817
f 1809 1817 1818
f 1809 1818 1819
f 1809 1819 1820
f 1809 1820 1821
f 1809 1821 1822
f 1809 1822 1823
f 1809 1823 1824
f 1840 1839 1838
f 1840 1838 1837
f 1840 1837 1836
f 1840 1836 1835
f 1840 1835 1834
f 1840 1834 1833
f 1840 1833 1832
f 1840 1832 1831
f 1840 1831 1830
f 1840 1830 1829
f 1840 1829 1828
f 1840 1828 1827
f 1840 1827 1826
f 1840 1826 1825
f 1841 1842 1858
f 1841 1858 1857
f 1842 1843 1859
f 1842 1859 1858
f 1843 1844 1860
f 1843 1860 1859
f 1844 1845 1861
f 1844 1861 1860
f 1845 1846 1862
f 1845 1862 1861
f 1846 1847 1863
f 1846 1863 1862
f 1847 1848 1864
f 1847 1864 1863
f 1848 1849 1865
f 1848 1865 1864
f 1849 1850 1866
f 1849 1866 1865
f 1850 1851 1867
f 1850 1867 1866
f 1851 1852 1868
f 1851 1868 1867
f 1852 1853 1869
f 1852 1869 1868
f 1853 1854 1870
f 1853 1870 1869
f 1854 1855 1871
f 1854 1871 1870
f 1855 1856 1872
f 1855 1872 1871
f 1856 1841 1857
f 1856 1857 1872
f 1841 1842 1843
f 1841 1843 1844
f 1841 1844 1845
f 1841 1845 1846
f 1841 1846 1847
f 1841 1847 1848
f 1841 1848 1849
f 1841 1849 1850
f 1841 1850 1851
f 1841 1851 1852
f 1841 1852 1853
f 1841 1853 1854
f 1841 1854 1855
f 1841 1855 1856
f 1872 1871 1870
f 1872 1870 1869
f 1872 1869 1868
f 1872 1868 1867
f 1872 1867 1866
f 1872 1866 1865
f 1872 1865 1864
f 1872 1864 1863
f 1872 1863 1862
f 1872 1862 1861
f 1872 1861 1860
f 1872 1860 1859
f 1872 1859 1858
f 1872 1858 1857
f 1873 1874 1890
f 1873 1890 1889
f 1874 1875 1891
f 1874 1891 1890
f 1875 1876 1892
f 1875 1892 1891
f 1876 1877 1893
f 1876 1893 1892
f 1877 1878 1894
f 1877 1894 1893
f 1878 1879 1895
f 1878 1895 1894
f 1879 1880 1896
f 1879 1896 1895
f 1880 1881 1897
f 1880 1897 1896
f 1881 1882 1898
f 1881 1898 1897
f 1882 1883 1899
f 1882 1899 1898
f 1883 1884 1900
f 1883 1900 1899
f 1884 1885 1901
f 1884 1901 1900
f 1885 1886 1902
f 1885 1902 1901
f 1886 1887 1903
f 1886 1903 1902
f 1887 1888 1904
f 1887 1904 1903
f 1888 1873 1889
f 1888 1889 1904
f 1873 1874 1875
f 1873 1875 1876
f 1873 1876 1877
f 1873 1877 1878
f 1873 1878 1879
f 1873 1879 1880
f 1873 1880 1881
f 1873 1881 1882
f 1873 1882 1883
f 1873 1883 1884
f 1873 1884 1885
f 1873 1885 1886
f 1873 1886 1887
f 1873 1887 1888
f 1904 1903 1902
f 1904 1902 1901
f 1904 1901 1900
f 1904 1900 1899
f 1904 1899 1898
f 1904 1898 1897
f 1904 1897 1896
f 1904 1896 1895
f 1904 1895 1894
f 1904 1894 1893
f 1904 1893 1892
f 1904 1892 1891
f 1904 1891 1890
f 1904 1890 1889
f 1905 1906 1922
f 1905 1922 1921
f 1906 1907 1923
f 1906 1923 1922
f 1907 1908 1924
f 1907 1924 1923
f 1908 1909 1925
f 1908 1925 1924
f 1909 1910 1926
f 1909 1926 1925
f 1910 1911 1927
f 1910 1927 1926
f 1911 1912 1928
f 1911 1928 1927
f 1912 1913 1929
f 1912 1929 1928
f 1913 1914 1930
f 1913 1930 1929
f 1914 1915 1931
f 1914 1931 1930
f 1915 1916 1932
f 1915 1932 1931
f 1916 1917 1933
f 1916 1933 1932
f 1917 1918 1934
f 1917 1934 1933
f 1918 1919 1935
f 1918 1935 1934
f 1919 1920 1936
f 1919 1936 1935
f 1920 1905 1921
f 1920 1921 1936
f 1905 1906 1907
f 1905 1907 1908
f 1905 1908 1909
f 1905 1909 1910
f 1905 1910 1911
f 1905 1911 1912
f 1905 1912 1913
f 1905 1913 1914
f 1905 1914 1915
f 1905 1915 1916
f 1905 1916 1917
f 1905 1917 1918
f 1905 1918 1919
f 1905 1919 1920
f 1936 1935 1934
f 1936 1934 1933
f 1936 1933 1932
f 1936 1932 1931
f 1936 1931 1930
f 1936 1930 1929
f 1936 1929 1928
f 1936 1928 1927
f 1936 1927 1926
f 1936 1926 1925
f 1936 1925 1924
f 1936 1924 1923
f 1936 1923 1922
f 1936 1922 1921
f 1937 1938 1954
f 1937 1954 1953
f 1938 1939 1955
f 1938 1955 1954
f 1939 1940 1956
f 1939 1956 1955
f 1940 1941 1957
f 1940 1957 1956
f 1941 1942 1958
f 1941 1958 1957
f 1942 1943 1959
f 1942 1959 1958
f 1943 1944 1960
f 1943 1960 1959
f 1944 1945 1961
f 1944 1961 1960
f 1945 1946 1962
f 1945 1962 1961
f 1946 1947 1963
f 1946 1963 1962
f 1947 1948 1964
f 1947 1964 1963
f 1948 1949 1965
f 1948 1965 1964
f 1949 1950 1966
f 1949 1966 1965
f 1950 1951 1967
f 1950 1967 1966
f 1951 1952 1968
f 1951 1968 1967
f 1952 1937 1953
f 1952 1953 1968
f 1937 1938 1939
f 1937 1939 1940
f 1937 1940 1941
f 1937 1941 1942
f 1937 1942 1943
f 1937 1943 1944
f 1937 1944 1945
f 1937 1945 1946
f 1937 1946 1947
f 1937 1947 1948
f 1937 1948 1949
f 1937 1949 1950
f 1937 1950 1951
f 1937 1951 1952
f 1968 1967 1966
f 1968 1966 1965
f 1968 1965 1964
f 1968 1964 1963
f 1968 1963 1962
f 1968 1962 1961
f 1968 1961 1960
f 1968 1960 1959
f 1968 1959 1958
f 1968 1958 1957
f 1968 1957 1956
f 1968 1956 1955
f 1968 1955 1954
f 1968 1954 1953
f 1969 1970 1986
f 1969 1986 1985
f 1970 1971 1987
f 1970 1987 1986
f 1971 1972 1988
f 1971 1988 1987
f 1972 1973 1989
f 1972 1989 1988
f 1973 1974 1990
f 1973 1990 1989
f 1974 1975 1991
f 1974 1991 1990
f 1975 1976 1992
f 1975 1992 1991
f 1976 1977 1993
f 1976 1993 1992
f 1977 1978 1994
f 1977 1994 1993
f 1978 1979 1995
f 1978 1995 1994
f 1979 1980 1996
f 1979 1996 1995
f 1980 1981 1997
f 1980 1997 1996
f 1981 1982 1998
f 1981 1998 1997
f 1982 1983 1999
f 1982 1999 1998
f 1983 1984 2000
f 1983 2000 1999
f 1984 1969 1985
f 1984 1985 2000
f 1969 1970 1971
f 1969 1971 1972
f 1969 1972 1973
f 1969 1973 1974
f 1969 1974 1975
f 1969 1975 1976
f 1969 1976 1977
f 1969 1977 1978
f 1969 1978 1979
f 1969 1979 1980
f 1969 1980 1981
f 1969 1981 1982
f 1969 1982 1983
f 1969 1983 1984
f 2000 1999 1998
f 2000 1998 1997
f 2000 1997 1996
f 2000 1996 1995
f 2000 1995 1994
f 2000 1994 1993
f 2000 1993 1992
f 2000 1992 1991
f 2000 1991 1990
f 2000 1990 1989
f 2000 1989 1988
f 2000 1988 1987
f 2000 1987 1986
f 2000 1986 1985
f 2001 2002 2018
f 2001 2018 2017
f 2002 2003 2019
f 2002 2019 2018
f 2003 2004 2020
f 2003 2020 2019
f 2004 2005 2021
f 2004 2021 2020
f 2005 2006 2022
f 2005 2022 2021
f 2006 2007 2023
f 2006 2023 2022
f 2007 2008 2024
f 2007 2024 2023
f 2008 2009 2025
f 2008 2025 2024
f 2009 2010 2026
f 2009 2026 2025
f 2010 2011 2027
f 2010 2027 2026
f 2011 2012 2028
f 2011 2028 2027
f 2012 2013 2029
f 2012 2029 2028
f 2013 2014 2030
f 2013 2030 2029
f 2014 2015 2031
f 2014 2031 2030
f 2015 2016 2032
f 2015 2032 2031
f 2016 2001 2017
f 2016 2017 2032
f 2001 2002 2003
f 2001 2003 2004
f 2001 2004 2005
f 2001 2005 2006
f 2001 2006 2007
f 2001 2007 2008
f 2001 2008 2009
f 2001 2009 2010
f 2001 2010 2011
f 2001 2011 2012
f 2001 2012 2013
f 2001 2013 2014
f 2001 2014 2015
f 2001 2015 2016
f 2032 2031 2030
f 2032 2030 2029
f 2032 2029 2028
f 2032 2028 2027
f 2032 2027 2026
f 2032 2026 2025
f 2032 2025 2024
f 2032 2024 2023
f 2032 2023 2022
f 2032 2022 2021
f 2032 2021 2020
f 2032 2020 2019
f 2032 2019 2018
f 2032 2018 2017
f 2033 2034 2050
f 2033 2050 2049
f 2034 2035 2051
f 2034 2051 2050
f 2035 2036 2052
f 2035 2052 2051
f 2036 2037 2053
f 2036 2053 2052
f 2037 2038 2054
f 2037 2054 2053
f 2038 2039 2055
f 2038 2055 2054
f 2039 2040 2056
f 2039 2056 2055
f 2040 2041 2057
f 2040 2057 2056
f 2041 2042 2058
f 2041 2058 2057
f 2042 2043 2059
f 2042 2059 2058
f 2043 2044 2060
f 2043 2060 2059
f 2044 2045 2061
f 2044 2061 2060
f 2045 2046 2062
f 2045 2062 2061
f 2046 2047 2063
f 2046 2063 2062
f 2047 2048 2064
f 2047 2064 2063
f 2048 2033 2049
f 2048 2049 2064
f 2033 2034 2035
f 2033 2035 2036
f 2033 2036 2037
f 2033 2037 2038
f 2033 2038 2039
f 2033 2039 2040
f 2033 2040 2041
f 2033 2041 2042
f 2033 2042 2043
f 2033 2043 2044
f 2033 2044 2045
f 2033 2045 2046
f 2033 2046 2047
f 2033 2047 2048
f 2064 2063 2062
f 2064 2062 2061
f 2064 2061 2060
f 2064 2060 2059
f 2064 2059 2058
f 2064 2058 2057
f 2064 2057 2056
f 2064 2056 2055
f 2064 2055 2054
f 2064 2054 2053
f 2064 2053 2052
f 2064 2052 2051
f 2064 2051 2050
f 2064 2050 2049
f 2065 2066 2082
f 2065 2082 2081
f 2066 2067 2083
f 2066 2083 2082
f 2067 2068 2084
f 2067 2084 2083
f 2068 2069 2085
f 2068 2085 2084
f 2069 2070 2086
f 2069 2086 2085
f 2070 2071 2087
f 2070 2087 2086
f 2071 2072 2088
f 2071 2088 2087
f 2072 2073 2089
f 2072 2089 2088
f 2073 2074 2090
f 2073 2090 2089
f 2074 2075 2091
f 2074 2091 2090
f 2075 2076 2092
f 2075 2092 2091
f 2076 2077 2093
f 2076 2093 2092
f 2077 2078 2094
f 2077 2094 2093
f 2078 2079 2095
f 2078 2095 2094
f 2079 2080 2096
f 2079 2096 2095
f 2080 2065 2081
f 2080 2081 2096
f 2065 2066 2067
f 2065 2067 2068
f 2065 2068 2069
f 2065 2069 2070
f 2065 2070 2071
f 2065 2071 2072
f 2065 2072 2073
f 2065 2073 2074
f 2065 2074 2075
f 2065 2075 2076
f 2065 2076 2077
f 2065 2077 2078
f 2065 2078 2079
f 2065 2079 2080
f 2096 2095 2094
f 2096 2094 2093
f 2096 2093 2092
f 2096 2092 2091
f 2096 2091 2090
f 2096 2090 2089
f 2096 2089 2088
f 2096 2088 2087
f 2096 2087 2086
f 2096 2086 2085
f 2096 2085 2084
f 2096 2084 2083
f 2096 2083 2082
f 2096 2082 2081
f 2097 2098 2114
f 2097 2114 2113
f 2098 2099 2115
f 2098 2115 2114
f 2099 2100 2116
f 2099 2116 2115
f 2100 2101 2117
f 2100 2117 2116
f 2101 2102 2118
f 2101 2118 2117
f 2102 2103 2119
f 2102 2119 2118
f 2103 2104 2120
f 2103 2120 2119
f 2104 2105 2121
f 2104 2121 2120
f 2105 2106 2122
f 2105 2122 2121
f 2106 2107 2123
f 2106 2123 2122
f 2107 2108 2124
f 2107 2124 2123
f 2108 2109 2125
f 2108 2125 2124
f 2109 2110 2126
f 2109 2126 2125
f 2110 2111 2127
f 2110 2127 2126
f 2111 2112 2128
f 2111 2128 2127
f 2112 2097 2113
f 2112 2113 2128
f 2097 2098 2099
f 2097 2099 2100
f 2097 2100 2101
f 2097 2101 2102
f 2097 2102 2103
f 2097 2103 2104
f 2097 2104 2105
f 2097 2105 2106
f 2097 2106 2107
f 2097 2107 2108
f 2097 2108 2109
f 2097 2109 2110
f 2097 2110 2111
f 2097 2111 2112
f 2128 2127 2126
f 2128 2126 2125
f 2128 2125 2124
f 2128 2124 2123
f 2128 2123 2122
f 2128 2122 2121
f 2128 2121 2120
f 2128 2120 2119
f 2128 2119 2118
f 2128 2118 2117
f 2128 2117 2116
f 2128 2116 2115
f 2128 2115 2114
f 2128 2114 2113
f 2129 2130 2146
f 2129 2146 2145
f 2130 2131 2147
f 2130 2147 2146
f 2131 2132 2148
f 2131 2148 2147
f 2132 2133 2149
f 2132 2149 2148
f 2133 2134 2150
f 2133 2150 2149
f 2134 2135 2151
f 2134 2151 2150
f 2135 2136 2152
f 2135 2152 2151
f 2136 2137 2153
f 2136 2153 2152
f 2137 2138 2154
f 2137 2154 2153
f 2138 2139 2155
f 2138 2155 2154
f 2139 2140 2156
f 2139 2156 2155
f 2140 2141 2157
f 2140 2157 2156
f 2141 2142 2158
f 2141 2158 2157
f 2142 2143 2159
f 2142 2159 2158
f 2143 2144 2160
f 2143 2160 2159
f 2144 2129 2145
f 2144 2145 2160
f 2129 2130 2131
f 2129 2131 2132
f 2129 2132 2133
f 2129 2133 2134
f 2129 2134 2135
f 2129 2135 2136
f 2129 2136 2137
f 2129 2137 2138
f 2129 2138 2139
f 2129 2139 2140
f 2129 2140 2141
f 2129 2141 2142
f 2129 2142 2143
f 2129 2143 2144
f 2160 2159 2158
f 2160 2158 2157
f 2160 2157 2156
f 2160 2156 2155
f 2160 2155 2154
f 2160 2154 2153
f 2160 2153 2152
f 2160 2152 2151
f 2160 2151 2150
f 2160 2150 2149
f 2160 2149 2148
f 2160 2148 2147
f 2160 2147 2146
f 2160 2146 2145
f 2161 2162 2178
f 2161 2178 2177
f 2162 2163 2179
f 2162 2179 2178
f 2163 2164 2180
f 2163 2180 2179
f 2164 2165 2181
f 2164 2181 2180
f 2165 2166 2182
f 2165 2182 2181
f 2166 2167 2183
f 2166 2183 2182
f 2167 2168 2184
f 2167 2184 2183
f 2168 2169 2185
f 2168 2185 2184
f 2169 2170 2186
f 2169 2186 2185
f 2170 2171 2187
f 2170 2187 2186
f 2171 2172 2188
f 2171 2188 2187
f 2172 2173 2189
f 2172 2189 2188
f 2173 2174 2190
f 2173 2190 2189
f 2174 2175 2191
f 2174 2191 2190
f 2175 2176 2192
f 2175 2192 2191
f 2176 2161 2177
f 2176 2177 2192
f 2161 2162 2163
f 2161 2163 2164
f 2161 2164 2165
f 2161 2165 2166
f 2161 2166 2167
f 2161 2167 2168
f 2161 2168 2169
f 2161 2169 2170
f 2161 2170 2171
f 2161 2171 2172
f 2161 2172 2173
f 2161 2173 2174
f 2161 2174 2175
f 2161 2175 2176
f 2192 2191 2190
f 2192 2190 2189
f 2192 2189 2188
f 2192 2188 2187
f 2192 2187 2186
f 2192 2186 2185
f 2192 2185 2184
f 2192 2184 2183
f 2192 2183 2182
f 2192 2182 2181
f 2192 2181 2180
f 2192 2180 2179
f 2192 2179 2178
f 2192 2178 2177
f 2193 2194 2210
f 2193 2210 2209
f 2194 2195 2211
f 2194 2211 2210
f 2195 2196 2212
f 2195 2212 2211
f 2196 2197 2213
f 2196 2213 2212
f 2197 2198 2214
f 2197 2214 2213
f 2198 2199 2215
f 2198 2215 2214
f 2199 2200 2216
f 2199 2216 2215
f 2200 2201 2217
f 2200 2217 2216
f 2201 2202 2218
f 2201 2218 2217
f 2202 2203 2219
f 2202 2219 2218
f 2203 2204 2220
f 2203 2220 2219
f 2204 2205 2221
f 2204 2221 2220
f 2205 2206 2222
f 2205 2222 2221
f 2206 2207 2223
f 2206 2223 2222
f 2207 2208 2224
f 2207 2224 2223
f 2208 2193 2209
f 2208 2209 2224
f 2193 2194 2195
f 2193 2195 2196
f 2193 2196 2197
f 2193 2197 2198
f 2193 2198 2199
f 2193 2199 2200
f 2193 2200 2201
f 2193 2201 2202
f 2193 2202 2203
f 2193 2203 2204
f 2193 2204 2205
f 2193 2205 2206
f 2193 2206 2207
f 2193 2207 2208
f 2224 2223 2222
f 2224 2222 2221
f 2224 2221 2220
f 2224 2220 2219
f 2224 2219 2218
f 2224 2218 2217
f 2224 2217 2216
f 2224 2216 2215
f 2224 2215 2214
f 2224 2214 2213
f 2224 2213 2212
f 2224 2212 2211
f 2224 2211 2210
f 2224 2210 2209
f 2225 2226 2242
f 2225 2242 2241
f 2226 2227 2243
f 2226 2243 2242
f 2227 2228 2244
f 2227 2244 2243
f 2228 2229 2245
f 2228 2245 2244
f 2229 2230 2246
f 2229 2246 2245
f 2230 2231 2247
f 2230 2247 2246
f 2231 2232 2248
f 2231 2248 2247
f 2232 2233 2249
f 2232 2249 2248
f 2233 2234 2250
f 2233 2250 2249
f 2234 2235 2251
f 2234 2251 2250
f 2235 2236 2252
f 2235 2252 2251
f 2236 2237 2253
f 2236 2253 2252
f 2237 2238 2254
f 2237 2254 2253
f 2238 2239 2255
f 2238 2255 2254
f 2239 2240 2256
f 2239 2256 2255
f 2240 2225 2241
f 2240 2241 2256
f 2225 2226 2227
f 2225 2227 2228
f 2225 2228 2229
f 2225 2229 2230
f 2225 2230 2231
f 2225 2231 2232
f 2225 2232 2233
f 2225 2233 2234
f 2225 2234 2235
f 2225 2235 2236
f 2225 2236 2237
f 2225 2237 2238
f 2225 2238 2239
f 2225 2239 2240
f 2256 2255 2254
f 2256 2254 2253
f 2256 2253 2252
f 2256 2252 2251
f 2256 2251 2250
f 2256 2250 2249
f 2256 2249 2248
f 2256 2248 2247
f 2256 2247 2246
f 2256 2246 2245
f 2256 2245 2244
f 2256 2244 2243
f 2256 2243 2242
f 2256 2242 2241
f 2257 2258 2274
f 2257 2274 2273
f 2258 2259 2275
f 2258 2275 2274
f 2259 2260 2276
f 2259 2276 2275
f 2260 2261 2277
f 2260 2277 2276
f 2261 2262 2278
f 2261 2278 2277
f 2262 2263 2279
f 2262 2279 2278
f 2263 2264 2280
f 2263 2280 2279
f 2264 2265 2281
f 2264 2281 2280
f 2265 2266 2282
f 2265 2282 2281
f 2266 2267 2283
f 2266 2283 2282
f 2267 2268 2284
f 2267 2284 2283
f 2268 2269 2285
f 2268 2285 2284
f 2269 2270 2286
f 2269 2286 2285
f 2270 2271 2287
f 2270 2287 2286
f 2271 2272 2288
f 2271 2288 2287
f 2272 2257 2273
f 2272 2273 2288
f 2257 2258 2259
f 2257 2259 2260
f 2257 2260 2261
f 2257 2261 2262
f 2257 2262 2263
f 2257 2263 2264
f 2257 2264 2265
f 2257 2265 2266
f 2257 2266 2267
f 2257 2267 2268
f 2257 2268 2269
f 2257 2269 2270
f 2257 2270 2271
f 2257 2271 2272
f 2288 2287 2286
f 2288 2286 2285
f 2288 2285 2284
f 2288 2284 2283
f 2288 2283 2282
f 2288 2282 2281
f 2288 2281 2280
f 2288 2280 2279
f 2288 2279 2278
f 2288 2278 2277
f 2288 2277 2276
f 2288 2276 2275
f 2288 2275 2274
f 2288 2274 2273
f 2289 2290 2306
f 2289 2306 2305
f 2290 2291 2307
f 2290 2307 2306
f 2291 2292 2308
f 2291 2308 2307
f 2292 2293 2309
f 2292 2309 2308
f 2293 2294 2310
f 2293 2310 2309
f 2294 2295 2311
f 2294 2311 2310
f 2295 2296 2312
f 2295 2312 2311
f 2296 2297 2313
f 2296 2313 2312
f 2297 2298 2314
f 2297 2314 2313
f 2298 2299 2315
f 2298 2315 2314
f 2299 2300 2316
f 2299 2316 2315
f 2300 2301 2317
f 2300 2317 2316
f 2301 2302 2318
f 2301 2318 2317
f 2302 2303 2319
f 2302 2319 2318
f 2303 2304 2320
f 2303 2320 2319
f 2304 2289 2305
f 2304 2305 2320
f 2289 2290 2291
f 2289 2291 2292
f 2289 2292 2293
f 2289 2293 2294
f 2289 2294 2295
f 2289 2295 2296
f 2289 2296 2297
f 2289 2297 2298
f 2289 2298 2299
f 2289 2299 2300
f 2289 2300 2301
f 2289 2301 2302
f 2289 2302 2303
f 2289 2303 2304
f 2320 2319 2318
f 2320 2318 2317
f 2320 2317 2316
f 2320 2316 2315
f 2320 2315 2314
f 2320 2314 2313
f 2320 2313 2312
f 2320 2312 2311
f 2320 2311 2310
f 2320 2310 2309
f 2320 2309 2308
f 2320 2308 2307
f 2320 2307 2306
f 2320 2306 2305
f 2321 2322 2338
f 2321 2338 2337
f 2322 2323 2339
f 2322 2339 2338
f 2323 2324 2340
f 2323 2340 2339
f 2324 2325 2341
f 2324 2341 2340
f 2325 2326 2342
f 2325 2342 2341
f 2326 2327 2343
f 2326 2343 2342
f 2327 2328 2344
f 2327 2344 2343
f 2328 2329 2345
f 2328 2345 2344
f 2329 2330 2346
f 2329 2346 2345
f 2330 2331 2347
f 2330 2347 2346
f 2331 2332 2348
f 2331 2348 2347
f 2332 2333 2349
f 2332 2349 2348
f 2333 2334 2350
f 2333 2350 2349
f 2334 2335 2351
f 2334 2351 2350
f 2335 2336 2352
f 2335 2352 2351
f 2336 2321 2337
f 2336 2337 2352
f 2321 2322 2323
f 2321 2323 2324
f 2321 2324 2325
f 2321 2325 2326
f 2321 2326 2327
f 2321 2327 2328
f 2321 2328 2329
f 2321 2329 2330
f 2321 2330 2331
f 2321 2331 2332
f 2321 2332 2333
f 2321 2333 2334
f 2321 2334 2335
f 2321 2335 2336
f 2352 2351 2350
f 2352 2350 2349
f 2352 2349 2348
f 2352 2348 2347
f 2352 2347 2346
f 2352 2346 2345
f 2352 2345 2344
f 2352 2344 2343
f 2352 2343 2342
f 2352 2342 2341
f 2352 2341 2340
f 2352 2340 2339
f 2352 2339 2338
f 2352 2338 2337
f 2353 2354 2370
f 2353 2370 2369
f 2354 2355 2371
f 2354 2371 2370
f 2355 2356 2372
f 2355 2372 2371
f 2356 2357 2373
f 2356 2373 2372
f 2357 2358 2374
f 2357 2374 2373
f 2358 2359 2375
f 2358 2375 2374
f 2359 2360 2376
f 2359 2376 2375
f 2360 2361 2377
f 2360 2377 2376
f 2361 2362 2378
f 2361 2378 2377
f 2362 2363 2379
f 2362 2379 2378
f 2363 2364 2380
f 2363 2380 2379
f 2364 2365 2381
f 2364 2381 2380
f 2365 2366 2382
f 2365 2382 2381
f 2366 2367 2383
f 2366 2383 2382
f 2367 2368 2384
f 2367 2384 2383
f 2368 2353 2369
f 2368 2369 2384
f 2353 2354 2355
f 2353 2355 2356
f 2353 2356 2357
f 2353 2357 2358
f 2353 2358 2359
f 2353 2359 2360
f 2353 2360 2361
f 2353 2361 2362
f 2353 2362 2363
f 2353 2363 2364
f 2353 2364 2365
f 2353 2365 2366
f 2353 2366 2367
f 2353 2367 2368
f 2384 2383 2382
f 2384 2382 2381
f 2384 2381 2380
f 2384 2380 2379
f 2384 2379 2378
f 2384 2378 2377
f 2384 2377 2376
f 2384 2376 2375
f 2384 2375 2374
f 2384 2374 2373
f 2384 2373 2372
f 2384 2372 2371
f 2384 2371 2370
f 2384 2370 2369
f 2385 2386 2402
f 2385 2402 2401
f 2386 2387 2403
f 2386 2403 2402
f 2387 2388 2404
f 2387 2404 2403
f 2388 2389 2405
f 2388 2405 2404
f 2389 2390 2406
f 2389 2406 2405
f 2390 2391 2407
f 2390 2407 2406
f 2391 2392 2408
f 2391 2408 2407
f 2392 2393 2409
f 2392 2409 2408
f 2393 2394 2410
f 2393 2410 2409
f 2394 2395 2411
f 2394 2411 2410
f 2395 2396 2412
f 2395 2412 2411
f 2396 2397 2413
f 2396 2413 2412
f 2397 2398 2414
f 2397 2414 2413
f 2398 2399 2415
f 2398 2415 2414
f 2399 2400 2416
f 2399 2416 2415
f 2400 2385 2401
f 2400 2401 2416
f 2385 2386 2387
f 2385 2387 2388
f 2385 2388 2389
f 2385 2389 2390
f 2385 2390 2391
f 2385 2391 2392
f 2385 2392 2393
f 2385 2393 2394
f 2385 2394 2395
f 2385 2395 2396
f 2385 2396 2397
f 2385 2397 2398
f 2385 2398 2399
f 2385 2399 2400
f 2416 2415 2414
f 2416 2414 2413
f 2416 2413 2412
f 2416 2412 2411
f 2416 2411 2410
f 2416 2410 2409
f 2416 2409 2408
f 2416 2408 2407
f 2416 2407 2406
f 2416 2406 2405
f 2416 2405 2404
f 2416 2404 2403
f 2416 2403 2402
f 2416 2402 2401
f 2417 2418 2434
f 2417 2434 2433
f 2418 2419 2435
f 2418 2435 2434
f 2419 2420 2436
f 2419 2436 2435
f 2420 2421 2437
f 2420 2437 2436
f 2421 2422 2438
f 2421 2438 2437
f 2422 2423 2439
f 2422 2439 2438
f 2423 2424 2440
f 2423 2440 2439
f 2424 2425 2441
f 2424 2441 2440
f 2425 2426 2442
f 2425 2442 2441
f 2426 2427 2443
f 2426 2443 2442
f 2427 2428 2444
f 2427 2444 2443
f 2428 2429 2445
f 2428 2445 2444
f 2429 2430 2446
f 2429 2446 2445
f 2430 2431 2447
f 2430 2447 2446
f 2431 2432 2448
f 2431 2448 2447
f 2432 2417 2433
f 2432 2433 2448
f 2417 2418 2419
f 2417 2419 2420
f 2417 2420 2421
f 2417 2421 2422
f 2417 2422 2423
f 2417 2423 2424
f 2417 2424 2425
f 2417 2425 2426
f 2417 2426 2427
f 2417 2427 2428
f 2417 2428 2429
f 2417 2429 2430
f 2417 2430 2431
f 2417 2431 2432
f 2448 2447 2446
f 2448 2446 2445
f 2448 2445 2444
f 2448 2444 2443
f 2448 2443 2442
f 2448 2442 2441
f 2448 2441 2440
f 2448 2440 2439
f 2448 2439 2438
f 2448 2438 2437
f 2448 2437 2436
f 2448 2436 2435
f 2448 2435 2434
f 2448 2434 2433
f 2449 2450 2466
f 2449 2466 2465
f 2450 2451 2467
f 2450 2467 2466
f 2451 2452 2468
f 2451 2468 2467
f 2452 2453 2469
f 2452 2469 2468
f 2453 2454 2470
f 2453 2470 2469
f 2454 2455 2471
f 2454 2471 2470
f 2455 2456 2472
f 2455 2472 2471
f 2456 2457 2473
f 2456 2473 2472
f 2457 2458 2474
f 2457 2474 2473
f 2458 2459 2475
f 2458 2475 2474
f 2459 2460 2476
f 2459 2476 2475
f 2460 2461 2477
f 2460 2477 2476
f 2461 2462 2478
f 2461 2478 2477
f 2462 2463 2479
f 2462 2479 2478
f 2463 2464 2480
f 2463 2480 2479
f 2464 2449 2465
f 2464 2465 2480
f 2449 2450 2451
f 2449 2451 2452
f 2449 2452 2453
f 2449 2453 2454
f 2449 2454 2455
f 2449 2455 2456
f 2449 2456 2457
f 2449 2457 2458
f 2449 2458 2459
f 2449 2459 2460
f 2449 2460 2461
f 2449 2461 2462
f 2449 2462 2463
f 2449 2463 2464
f 2480 2479 2478
f 2480 2478 2477
f 2480 2477 2476
f 2480 2476 2475
f 2480 2475 2474
f 2480 2474 2473
f 2480 2473 2472
f 2480 2472 2471
f 2480 2471 2470
f 2480 2470 2469
f 2480 2469 2468
f 2480 2468 2467
f 2480 2467 2466
f 2480 2466 2465
f 2481 2482 2498
f 2481 2498 2497
f 2482 2483 2499
f 2482 2499 2498
f 2483 2484 2500
f 2483 2500 2499
f 2484 2485 2501
f 2484 2501 2500
f 2485 2486 2502
f 2485 2502 2501
f 2486 2487 2503
f 2486 2503 2502
f 2487 2488 2504
f 2487 2504 2503
f 2488 2489 2505
f 2488 2505 2504
f 2489 2490 2506
f 2489 2506 2505
f 2490 2491 2507
f 2490 2507 2506
f 2491 2492 2508
f 2491 2508 2507
f 2492 2493 2509
f 2492 2509 2508
f 2493 2494 2510
f 2493 2510 2509
f 2494 2495 2511
f 2494 2511 2510
f 2495 2496 2512
f 2495 2512 2511
f 2496 2481 2497
f 2496 2497 2512
f 2481 2482 2483
f 2481 2483 2484
f 2481 2484 2485
f 2481 2485 2486
f 2481 2486 2487
f 2481 2487 2488
f 2481 2488 2489
f 2481 2489 2490
f 2481 2490 2491
f 2481 2491 2492
f 2481 2492 2493
f 2481 2493 2494
f 2481 2494 2495
f 2481 2495 2496
f 2512 2511 2510
f 2512 2510 2509
f 2512 2509 2508
f 2512 2508 2507
f 2512 2507 2506
f 2512 2506 2505
f 2512 2505 2504
f 2512 2504 2503
f 2512 2503 2502
f 2512 2502 2501
f 2512 2501 2500
f 2512 2500 2499
f 2512 2499 2498
f 2512 2498 2497
f 2513 2514 2530
f 2513 2530 2529
f 2514 2515 2531
f 2514 2531 2530
f 2515 2516 2532
f 2515 2532 2531
f 2516 2517 2533
f 2516 2533 2532
f 2517 2518 2534
f 2517 2534 2533
f 2518 2519 2535
f 2518 2535 2534
f 2519 2520 2536
f 2519 2536 2535
f 2520 2521 2537
f 2520 2537 2536
f 2521 2522 2538
f 2521 2538 2537
f 2522 2523 2539
f 2522 2539 2538
f 2523 2524 2540
f 2523 2540 2539
f 2524 2525 2541
f 2524 2541 2540
f 2525 2526 2542
f 2525 2542 2541
f 2526 2527 2543
f 2526 2543 2542
f 2527 2528 2544
f 2527 2544 2543
f 2528 2513 2529
f 2528 2529 2544
f 2513 2514 2515
f 2513 2515 2516
f 2513 2516 2517
f 2513 2517 2518
f 2513 2518 2519
f 2513 2519 2520
f 2513 2520 2521
f 2513 2521 2522
f 2513 2522 2523
f 2513 2523 2524
f 2513 2524 2525
f 2513 2525 2526
f 2513 2526 2527
f 2513 2527 2528
f 2544 2543 2542
f 2544 2542 2541
f 2544 2541 2540
f 2544 2540 2539
f 2544 2539 2538
f 2544 2538 2537
f 2544 2537 2536
f 2544 2536 2535
f 2544 2535 2534
f 2544 2534 2533
f 2544 2533 2532
f 2544 2532 2531
f 2544 2531 2530
f 2544 2530 2529
f 2545 2546 2562
f 2545 2562 2561
f 2546 2547 2563
f 2546 2563 2562
f 2547 2548 2564
f 2547 2564 2563
f 2548 2549 2565
f 2548 2565 2564
f 2549 2550 2566
f 2549 2566 2565
f 2550 2551 2567
f 2550 2567 2566
f 2551 2552 2568
f 2551 2568 2567
f 2552 2553 2569
f 2552 2569 2568
f 2553 2554 2570
f 2553 2570 2569
f 2554 2555 2571
f 2554 2571 2570
f 2555 2556 2572
f 2555 2572 2571
f 2556 2557 2573
f 2556 2573 2572
f 2557 2558 2574
f 2557 2574 2573
f 2558 2559 2575
f 2558 2575 2574
f 2559 2560 2576
f 2559 2576 2575
f 2560 2545 2561
f 2560 2561 2576
f 2545 2546 2547
f 2545 2547 2548
f 2545 2548 2549
f 2545 2549 2550
f 2545 2550 2551
f 2545 2551 2552
f 2545 2552 2553
f 2545 2553 2554
f 2545 2554 2555
f 2545 2555 2556
f 2545 2556 2557
f 2545 2557 2558
f 2545 2558 2559
f 2545 2559 2560
f 2576 2575 2574
f 2576 2574 2573
f 2576 2573 2572
f 2576 2572 2571
f 2576 2571 2570
f 2576 2570 2569
f 2576 2569 2568
f 2576 2568 2567
f 2576 2567 2566
f 2576 2566 2565
f 2576 2565 2564
f 2576 2564 2563
f 2576 2563 2562
f 2576 2562 2561
f 2577 2578 2594
f 2577 2594 2593
f 2578 2579 2595
f 2578 2595 2594
f 2579 2580 2596
f 2579 2596 2595
f 2580 2581 2597
f 2580 2597 2596
f 2581 2582 2598
f 2581 2598 2597
f 2582 2583 2599
f 2582 2599 2598
f 2583 2584 2600
f 2583 2600 2599
f 2584 2585 2601
f 2584 2601 2600
f 2585 2586 2602
f 2585 2602 2601
f 2586 2587 2603
f 2586 2603 2602
f 2587 2588 2604
f 2587 2604 2603
f 2588 2589 2605
f 2588 2605 2604
f 2589 2590 2606
f 2589 2606 2605
f 2590 2591 2607
f 2590 2607 2606
f 2591 2592 2608
f 2591 2608 2607
f 2592 2577 2593
f 2592 2593 2608
f 2577 2578 2579
f 2577 2579 2580
f 2577 2580 2581
f 2577 2581 2582
f 2577 2582 2583
f 2577 2583 2584
f 2577 2584 2585
f 2577 2585 2586
f 2577 2586 2587
f 2577 2587 2588
f 2577 2588 2589
f 2577 2589 2590
f 2577 2590 2591
f 2577 2591 2592
f 2608 2607 2606
f 2608 2606 2605
f 2608 2605 2604
f 2608 2604 2603
f 2608 2603 2602
f 2608 2602 2601
f 2608 2601 2600
f 2608 2600 2599
f 2608 2599 2598
f 2608 2598 2597
f 2608 2597 2596
f 2608 2596 2595
f 2608 2595 2594
f 2608 2594 2593
f 2609 2610 2626
f 2609 2626 2625
f 2610 2611 2627
f 2610 2627 2626
f 2611 2612 2628
f 2611 2628 2627
f 2612 2613 2629
f 2612 2629 2628
f 2613 2614 2630
f 2613 2630 2629
f 2614 2615 2631
f 2614 2631 2630
f 2615 2616 2632
f 2615 2632 2631
f 2616 2617 2633
f 2616 2633 2632
f 2617 2618 2634
f 2617 2634 2633
f 2618 2619 2635
f 2618 2635 2634
f 2619 2620 2636
f 2619 2636 2635
f 2620 2621 2637
f 2620 2637 2636
f 2621 2622 2638
f 2621 2638 2637
f 2622 2623 2639
f 2622 2639 2638
f 2623 2624 2640
f 2623 2640 2639
f 2624 2609 2625
f 2624 2625 2640
f 2609 2610 2611
f 2609 2611 2612
f 2609 2612 2613
f 2609 2613 2614
f 2609 2614 2615
f 2609 2615 2616
f 2609 2616 2617
f 2609 2617 2618
f 2609 2618 2619
f 2609 2619 2620
f 2609 2620 2621
f 2609 2621 2622
f 2609 2622 2623
f 2609 2623 2624
f 2640 2639 2638
f 2640 2638 2637
f 2640 2637 2636
f 2640 2636 2635
f 2640 2635 2634
f 2640 2634 2633
f 2640 2633 2632
f 2640 2632 2631
f 2640 2631 2630
f 2640 2630 2629
f 2640 2629 2628
f 2640 2628 2627
f 2640 2627 2626
f 2640 2626 2625
f 2641 2642 2658
f 2641 2658 2657
f 2642 2643 2659
f 2642 2659 2658
f 2643 2644 2660
f 2643 2660 2659
f 2644 2645 2661
f 2644 2661 2660
f 2645 2646 2662
f 2645 2662 2661
f 2646 2647 2663
f 2646 2663 2662
f 2647 2648 2664
f 2647 2664 2663
f 2648 2649 2665
f 2648 2665 2664
f 2649 2650 2666
f 2649 2666 2665
f 2650 2651 2667
f 2650 2667 2666
f 2651 2652 2668
f 2651 2668 2667
f 2652 2653 2669
f 2652 2669 2668
f 2653 2654 2670
f 2653 2670 2669
f 2654 2655 2671
f 2654 2671 2670
f 2655 2656 2672
f 2655 2672 2671
f 2656 2641 2657
f 2656 2657 2672
f 2641 2642 2643
f 2641 2643 2644
f 2641 2644 2645
f 2641 2645 2646
f 2641 2646 2647
f 2641 2647 2648
f 2641 2648 2649
f 2641 2649 2650
f 2641 2650 2651
f 2641 2651 2652
f 2641 2652 2653
f 2641 2653 2654
f 2641 2654 2655
f 2641 2655 2656
f 2672 2671 2670
f 2672 2670 2669
f 2672 2669 2668
f 2672 2668 2667
f 2672 2667 2666
f 2672 2666 2665
f 2672 2665 2664
f 2672 2664 2663
f 2672 2663 2662
f 2672 2662 2661
f 2672 2661 2660
f 2672 2660 2659
f 2672 2659 2658
f 2672 2658 2657
f 2673 2674 2690
f 2673 2690 2689
f 2674 2675 2691
f 2674 2691 2690
f 2675 2676 2692
f 2675 2692 2691
f 2676 2677 2693
f 2676 2693 2692
f 2677 2678 2694
f 2677 2694 2693
f 2678 2679 2695
f 2678 2695 2694
f 2679 2680 2696
f 2679 2696 2695
f 2680 2681 2697
f 2680 2697 2696
f 2681 2682 2698
f 2681 2698 2697
f 2682 2683 2699
f 2682 2699 2698
f 2683 2684 2700
f 2683 2700 2699
f 2684 2685 2701
f 2684 2701 2700
f 2685 2686 2702
f 2685 2702 2701
f 2686 2687 2703
f 2686 2703 2702
f 2687 2688 2704
f 2687 2704 2703
f 2688 2673 2689
f 2688 2689 2704
f 2673 2674 2675
f 2673 2675 2676
f 2673 2676 2677
f 2673 2677 2678
f 2673 2678 2679
f 2673 2679 2680
f 2673 2680 2681
f 2673 2681 2682
f 2673 2682 2683
f 2673 2683 2684
f 2673 2684 2685
f 2673 2685 2686
f 2673 2686 2687
f 2673 2687 2688
f 2704 2703 2702
f 2704 2702 2701
f 2704 2701 2700
f 2704 2700 2699
f 2704 2699 2698
f 2704 2698 2697
f 2704 2697 2696
f 2704 2696 2695
f 2704 2695 2694
f 2704 2694 2693
f 2704 2693 2692
f 2704 2692 2691
f 2704 2691 2690
f 2704 2690 2689
f 2705 2706 2722
f 2705 2722 2721
f 2706 2707 2723
f 2706 2723 2722
f 2707 2708 2724
f 2707 2724 2723
f 2708 2709 2725
f 2708 2725 2724
f 2709 2710 2726
f 2709 2726 2725
f 2710 2711 2727
f 2710 2727 2726
f 2711 2712 2728
f 2711 2728 2727
f 2712 2713 2729
f 2712 2729 2728
f 2713 2714 2730
f 2713 2730 2729
f 2714 2715 2731
f 2714 2731 2730
f 2715 2716 2732
f 2715 2732 2731
f 2716 2717 2733
f 2716 2733 2732
f 2717 2718 2734
f 2717 2734 2733
f 2718 2719 2735
f 2718 2735 2734
f 2719 2720 2736
f 2719 2736 2735
f 2720 2705 2721
f 2720 2721 2736
f 2705 2706 2707
f 2705 2707 2708
f 2705 2708 2709
f 2705 2709 2710
f 2705 2710 2711
f 2705 2711 2712
f 2705 2712 2713
f 2705 2713 2714
f 2705 2714 2715
f 2705 2715 2716
f 2705 2716 2717
f 2705 2717 2718
f 2705 2718 2719
f 2705 2719 2720
f 2736 2735 2734
f 2736 2734 2733
f 2736 2733 2732
f 2736 2732 2731
f 2736 2731 2730
f 2736 2730 2729
f 2736 2729 2728
f 2736 2728 2727
f 2736 2727 2726
f 2736 2726 2725
f 2736 2725 2724
f 2736 2724 2723
f 2736 2723 2722
f 2736 2722 2721
f 2737 2738 2754
f 2737 2754 2753
f 2738 2739 2755
f 2738 2755 2754
f 2739 2740 2756
f 2739 2756 2755
f 2740 2741 2757
f 2740 2757 2756
f 2741 2742 2758
f 2741 2758 2757
f 2742 2743 2759
f 2742 2759 2758
f 2743 2744 2760
f 2743 2760 2759
f 2744 2745 2761
f 2744 2761 2760
f 2745 2746 2762
f 2745 2762 2761
f 2746 2747 2763
f 2746 2763 2762
f 2747 2748 2764
f 2747 2764 2763
f 2748 2749 2765
f 2748 2765 2764
f 2749 2750 2766
f 2749 2766 2765
f 2750 2751 2767
f 2750 2767 2766
f 2751 2752 2768
f 2751 2768 2767
f 2752 2737 2753
f 2752 2753 2768
f 2737 2738 2739
f 2737 2739 2740
f 2737 2740 2741
f 2737 2741 2742
f 2737 2742 2743
f 2737 2743 2744
f 2737 2744 2745
f 2737 2745 2746
f 2737 2746 2747
f 2737 2747 2748
f 2737 2748 2749
f 2737 2749 2750
f 2737 2750 2751
f 2737 2751 2752
f 2768 2767 2766
f 2768 2766 2765
f 2768 2765 2764
f 2768 2764 2763
f 2768 2763 2762
f 2768 2762 2761
f 2768 2761 2760
f 2768 2760 2759
f 2768 2759 2758
f 2768 2758 2757
f 2768 2757 2756
f 2768 2756 2755
f 2768 2755 2754
f 2768 2754 2753
f 2769 2770 2786
f 2769 2786 2785
f 2770 2771 2787
f 2770 2787 2786
f 2771 2772 2788
f 2771 2788 2787
f 2772 2773 2789
f 2772 2789 2788
f 2773 2774 2790
f 2773 2790 2789
f 2774 2775 2791
f 2774 2791 2790
f 2775 2776 2792
f 2775 2792 2791
f 2776 2777 2793
f 2776 2793 2792
f 2777 2778 2794
f 2777 2794 2793
f 2778 2779 2795
f 2778 2795 2794
f 2779 2780 2796
f 2779 2796 2795
f 2780 2781 2797
f 2780 2797 2796
f 2781 2782 2798
f 2781 2798 2797
f 2782 2783 2799
f 2782 2799 2798
f 2783 2784 2800
f 2783 2800 2799
f 2784 2769 2785
f 2784 2785 2800
f 2769 2770 2771
f 2769 2771 2772
f 2769 2772 2773
f 2769 2773 2774
f 2769 2774 2775
f 2769 2775 2776
f 2769 2776 2777
f 2769 2777 2778
f 2769 2778 2779
f 2769 2779 2780
f 2769 2780 2781
f 2769 2781 2782
f 2769 2782 2783
f 2769 2783 2784
f 2800 2799 2798
f 2800 2798 2797
f 2800 2797 2796
f 2800 2796 2795
f 2800 2795 2794
f 2800 2794 2793
f 2800 2793 2792
f 2800 2792 2791
f 2800 2791 2790
f 2800 2790 2789
f 2800 2789 2788
f 2800 2788 2787
f 2800 2787 2786
f 2800 2786 2785
f 2801 2802 2818
f 2801 2818 2817
f 2802 2803 2819
f 2802 2819 2818
f 2803 2804 2820
f 2803 2820 2819
f 2804 2805 2821
f 2804 2821 2820
f 2805 2806 2822
f 2805 2822 2821
f 2806 2807 2823
f 2806 2823 2822
f 2807 2808 2824
f 2807 2824 2823
f 2808 2809 2825
f 2808 2825 2824
f 2809 2810 2826
f 2809 2826 2825
f 2810 2811 2827
f 2810 2827 2826
f 2811 2812 2828
f 2811 2828 2827
f 2812 2813 2829
f 2812 2829 2828
f 2813 2814 2830
f 2813 2830 2829
f 2814 2815 2831
f 2814 2831 2830
f 2815 2816 2832
f 2815 2832 2831
f 2816 2801 2817
f 2816 2817 2832
f 2801 2802 2803
f 2801 2803 2804
f 2801 2804 2805
f 2801 2805 2806
f 2801 2806 2807
f 2801 2807 2808
f 2801 2808 2809
f 2801 2809 2810
f 2801 2810 2811
f 2801 2811 2812
f 2801 2812 2813
f 2801 2813 2814
f 2801 2814 2815
f 2801 2815 2816
f 2832 2831 2830
f 2832 2830 2829
f 2832 2829 2828
f 2832 2828 2827
f 2832 2827 2826
f 2832 2826 2825
f 2832 2825 2824
f 2832 2824 2823
f 2832 2823 2822
f 2832 2822 2821
f 2832 2821 2820
f 2832 2820 2819
f 2832 2819 2818
f 2832 2818 2817
f 2833 2834 2850
f 2833 2850 2849
f 2834 2835 2851
f 2834 2851 2850
f 2835 2836 2852
f 2835 2852 2851
f 2836 2837 2853
f 2836 2853 2852
f 2837 2838 2854
f 2837 2854 2853
f 2838 2839 2855
f 2838 2855 2854
f 2839 2840 2856
f 2839 2856 2855
f 2840 2841 2857
f 2840 2857 2856
f 2841 2842 2858
f 2841 2858 2857
f 2842 2843 2859
f 2842 2859 2858
f 2843 2844 2860
f 2843 2860 2859
f 2844 2845 2861
f 2844 2861 2860
f 2845 2846 2862
f 2845 2862 2861
f 2846 2847 2863
f 2846 2863 2862
f 2847 2848 2864
f 2847 2864 2863
f 2848 2833 2849
f 2848 2849 2864
f 2833 2834 2835
f 2833 2835 2836
f 2833 2836 2837
f 2833 2837 2838
f 2833 2838 2839
f 2833 2839 2840
f 2833 2840 2841
f 2833 2841 2842
f 2833 2842 2843
f 2833 2843 2844
f 2833 2844 2845
f 2833 2845 2846
f 2833 2846 2847
f 2833 2847 2848
f 2864 2863 2862
f 2864 2862 2861
f 2864 2861 2860
f 2864 2860 2859
f 2864 2859 2858
f 2864 2858 2857
f 2864 2857 2856
f 2864 2856 2855
f 2864 2855 2854
f 2864 2854 2853
f 2864 2853 2852
f 2864 2852 2851
f 2864 2851 2850
f 2864 2850 2849
f 2865 2866 2882
f 2865 2882 2881
f 2866 2867 2883
f 2866 2883 2882
f 2867 2868 2884
f 2867 2884 2883
f 2868 2869 2885
f 2868 2885 2884
f 2869 2870 2886
f 2869 2886 2885
f 2870 2871 2887
f 2870 2887 2886
f 2871 2872 2888
f 2871 2888 2887
f 2872 2873 2889
f 2872 2889 2888
f 2873 2874 2890
f 2873 2890 2889
f 2874 2875 2891
f 2874 2891 2890
f 2875 2876 2892
f 2875 2892 2891
f 2876 2877 2893
f 2876 2893 2892
f 2877 2878 2894
f 2877 2894 2893
f 2878 2879 2895
f 2878 2895 2894
f 2879 2880 2896
f 2879 2896 2895
f 2880 2865 2881
f 2880 2881 2896
f 2865 2866 2867
f 2865 2867 2868
f 2865 2868 2869
f 2865 2869 2870
f 2865 2870 2871
f 2865 2871 2872
f 2865 2872 2873
f 2865 2873 2874
f 2865 2874 2875
f 2865 2875 2876
f 2865 2876 2877
f 2865 2877 2878
f 2865 2878 2879
f 2865 2879 2880
f 2896 2895 2894
f 2896 2894 2893
f 2896 2893 2892
f 2896 2892 2891
f 2896 2891 2890
f 2896 2890 2889
f 2896 2889 2888
f 2896 2888 2887
f 2896 2887 2886
f 2896 2886 2885
f 2896 2885 2884
f 2896 2884 2883
f 2896 2883 2882
f 2896 2882 2881
f 2897 2898 2914
f 2897 2914 2913
f 2898 2899 2915
f 2898 2915 2914
f 2899 2900 2916
f 2899 2916 2915
f 2900 2901 2917
f 2900 2917 2916
f 2901 2902 2918
f 2901 2918 2917
f 2902 2903 2919
f 2902 2919 2918
f 2903 2904 2920
f 2903 2920 2919
f 2904 2905 2921
f 2904 2921 2920
f 2905 2906 2922
f 2905 2922 2921
f 2906 2907 2923
f 2906 2923 2922
f 2907 2908 2924
f 2907 2924 2923
f 2908 2909 2925
f 2908 2925 2924
f 2909 2910 2926
f 2909 2926 2925
f 2910 2911 2927
f 2910 2927 2926
f 2911 2912 2928
f 2911 2928 2927
f 2912 2897 2913
f 2912 2913 2928
f 2897 2898 2899
f 2897 2899 2900
f 2897 2900 2901
f 2897 2901 2902
f 2897 2902 2903
f 2897 2903 2904
f 2897 2904 2905
f 2897 2905 2906
f 2897 2906 2907
f 2897 2907 2908
f 2897 2908 2909
f 2897 2909 2910
f 2897 2910 2911
f 2897 2911 2912
f 2928 2927 2926
f 2928 2926 2925
f 2928 2925 2924
f 2928 2924 2923
f 2928 2923 2922
f 2928 2922 2921
f 2928 2921 2920
f 2928 2920 2919
f 2928 2919 2918
f 2928 2918 2917
f 2928 2917 2916
f 2928 2916 2915
f 2928 2915 2914
f 2928 2914 2913
f 2929 2930 2946
f 2929 2946 2945
f 2930 2931 2947
f 2930 2947 2946
f 2931 2932 2948
f 2931 2948 2947
f 2932 2933 2949
f 2932 2949 2948
f 2933 2934 2950
f 2933 2950 2949
f 2934 2935 2951
f 2934 2951 2950
f 2935 2936 2952
f 2935 2952 2951
f 2936 2937 2953
f 2936 2953 2952
f 2937 2938 2954
f 2937 2954 2953
f 2938 2939 2955
f 2938 2955 2954
f 2939 2940 2956
f 2939 2956 2955
f 2940 2941 2957
f 2940 2957 2956
f 2941 2942 2958
f 2941 2958 2957
f 2942 2943 2959
f 2942 2959 2958
f 2943 2944 2960
f 2943 2960 2959
f 2944 2929 2945
f 2944 2945 2960
f 2929 2930 2931
f 2929 2931 2932
f 2929 2932 2933
f 2929 2933 2934
f 2929 2934 2935
f 2929 2935 2936
f 2929 2936 2937
f 2929 2937 2938
f 2929 2938 2939
f 2929 2939 2940
f 2929 2940 2941
f 2929 2941 2942
f 2929 2942 2943
f 2929 2943 2944
f 2960 2959 2958
f 2960 2958 2957
f 2960 2957 2956
f 2960 2956 2955
f 2960 2955 2954
f 2960 2954 2953
f 2960 2953 2952
f 2960 2952 2951
f 2960 2951 2950
f 2960 2950 2949
f 2960 2949 2948
f 2960 2948 2947
f 2960 2947 2946
f 2960 2946 2945
f 2961 2962 2978
f 2961 2978 2977
f 2962 2963 2979
f 2962 2979 2978
f 2963 2964 2980
f 2963 2980 2979
f 2964 2965 2981
f 2964 2981 2980
f 2965 2966 2982
f 2965 2982 2981
f 2966 2967 2983
f 2966 2983 2982
f 2967 2968 2984
f 2967 2984 2983
f 2968 2969 2985
f 2968 2985 2984
f 2969 2970 2986
f 2969 2986 2985
f 2970 2971 2987
f 2970 2987 2986
f 2971 2972 2988
f 2971 2988 2987
f 2972 2973 2989
f 2972 2989 2988
f 2973 2974 2990
f 2973 2990 2989
f 2974 2975 2991
f 2974 2991 2990
f 2975 2976 2992
f 2975 2992 2991
f 2976 2961 2977
f 2976 2977 2992
f 2961 2962 2963
f 2961 2963 2964
f 2961 2964 2965
f 2961 2965 2966
f 2961 2966 2967
f 2961 2967 2968
f 2961 2968 2969
f 2961 2969 2970
f 2961 2970 2971
f 2961 2971 2972
f 2961 2972 2973
f 2961 2973 2974
f 2961 2974 2975
f 2961 2975 2976
f 2992 2991 2990
f 2992 2990 2989
f 2992 2989 2988
f 2992 2988 2987
f 2992 2987 2986
f 2992 2986 2985
f 2992 2985 2984
f 2992 2984 2983
f 2992 2983 2982
f 2992 2982 2981
f 2992 2981 2980
f 2992 2980 2979
f 2992 2979 2978
f 2992 2978 2977
f 2993 2994 3010
f 2993 3010 3009
f 2994 2995 3011
f 2994 3011 3010
f 2995 2996 3012
f 2995 3012 3011
f 2996 2997 3013
f 2996 3013 3012
f 2997 2998 3014
f 2997 3014 3013
f 2998 2999 3015
f 2998 3015 3014
f 2999 3000 3016
f 2999 3016 3015
f 3000 3001 3017
f 3000 3017 3016
f 3001 3002 3018
f 3001 3018 3017
f 3002 3003 3019
f 3002 3019 3018
f 3003 3004 3020
f 3003 3020 3019
f 3004 3005 3021
f 3004 3021 3020
f 3005 3006 3022
f 3005 3022 3021
f 3006 3007 3023
f 3006 3023 3022
f 3007 3008 3024
f 3007 3024 3023
f 3008 2993 3009
f 3008 3009 3024
f 2993 2994 2995
f 2993 2995 2996
f 2993 2996 2997
f 2993 2997 2998
f 2993 2998 2999
f 2993 2999 3000
f 2993 3000 3001
f 2993 3001 3002
f 2993 3002 3003
f 2993 3003 3004
f 2993 3004 3005
f 2993 3005 3006
f 2993 3006 3007
f 2993 3007 3008
f 3024 3023 3022
f 3024 3022 3021
f 3024 3021 3020
f 3024 3020 3019
f 3024 3019 3018
f 3024 3018 3017
f 3024 3017 3016
f 3024 3016 3015
f 3024 3015 3014
f 3024 3014 3013
f 3024 3013 3012
f 3024 3012 3011
f 3024 3011 3010
f 3024 3010 3009
f 3025 3026 3042
f 3025 3042 3041
f 3026 3027 3043
f 3026 3043 3042
f 3027 3028 3044
f 3027 3044 3043
f 3028 3029 3045
f 3028 3045 3044
f 3029 3030 3046
f 3029 3046 3045
f 3030 3031 3047
f 3030 3047 3046
f 3031 3032 3048
f 3031 3048 3047
f 3032 3033 3049
f 3032 3049 3048
f 3033 3034 3050
f 3033 3050 3049
f 3034 3035 3051
f 3034 3051 3050
f 3035 3036 3052
f 3035 3052 3051
f 3036 3037 3053
f 3036 3053 3052
f 3037 3038 3054
f 3037 3054 3053
f 3038 3039 3055
f 3038 3055 3054
f 3039 3040 3056
f 3039 3056 3055
f 3040 3025 3041
f 3040 3041 3056
f 3025 3026 3027
f 3025 3027 3028
f 3025 3028 3029
f 3025 3029 3030
f 3025 3030 3031
f 3025 3031 3032
f 3025 3032 3033
f 3025 3033 3034
f 3025 3034 3035
f 3025 3035 3036
f 3025 3036 3037
f 3025 3037 3038
f 3025 3038 3039
f 3025 3039 3040
f 3056 3055 3054
f 3056 3054 3053
f 3056 3053 3052
f 3056 3052 3051
f 3056 3051 3050
f 3056 3050 3049
f 3056 3049 3048
f 3056 3048 3047
f 3056 3047 3046
f 3056 3046 3045
f 3056 3045 3044
f 3056 3044 3043
f 3056 3043 3042
f 3056 3042 3041
f 3057 3058 3074
f 3057 3074 3073
f 3058 3059 3075
f 3058 3075 3074
f 3059 3060 3076
f 3059 3076 3075
f 3060 3061 3077
f 3060 3077 3076
f 3061 3062 3078
f 3061 3078 3077
f 3062 3063 3079
f 3062 3079 3078
f 3063 3064 3080
f 3063 3080 3079
f 3064 3065 3081
f 3064 3081 3080
f 3065 3066 3082
f 3065 3082 3081
f 3066 3067 3083
f 3066 3083 3082
f 3067 3068 3084
f 3067 3084 3083
f 3068 3069 3085
f 3068 3085 3084
f 3069 3070 3086
f 3069 3086 3085
f 3070 3071 3087
f 3070 3087 3086
f 3071 3072 3088
f 3071 3088 3087
f 3072 3057 3073
f 3072 3073 3088
f 3057 3058 3059
f 3057 3059 3060
f 3057 3060 3061
f 3057 3061 3062
f 3057 3062 3063
f 3057 3063 3064
f 3057 3064 3065
f 3057 3065 3066
f 3057 3066 3067
f 3057 3067 3068
f 3057 3068 3069
f 3057 3069 3070
f 3057 3070 3071
f 3057 3071 3072
f 3088 3087 3086
f 3088 3086 3085
f 3088 3085 3084
f 3088 3084 3083
f 3088 3083 3082
f 3088 3082 3081
f 3088 3081 3080
f 3088 3080 3079
f 3088 3079 3078
f 3088 3078 3077
f 3088 3077 3076
f 3088 3076 3075
f 3088 3075 3074
f 3088 3074 3073
f 3089 3090 3106
f 3089 3106 3105
f 3090 3091 3107
f 3090 3107 3106
f 3091 3092 3108
f 3091 3108 3107
f 3092 3093 3109
f 3092 3109 3108
f 3093 3094 3110
f 3093 3110 3109
f 3094 3095 3111
f 3094 3111 3110
f 3095 3096 3112
f 3095 3112 3111
f 3096 3097 3113
f 3096 3113 3112
f 3097 3098 3114
f 3097 3114 3113
f 3098 3099 3115
f 3098 3115 3114
f 3099 3100 3116
f 3099 3116 3115
f 3100 3101 3117
f 3100 3117 3116
f 3101 3102 3118
f 3101 3118 3117
f 3102 3103 3119
f 3102 3119 3118
f 3103 3104 3120
f 3103 3120 3119
f 3104 3089 3105
f 3104 3105 3120
f 3089 3090 3091
f 3089 3091 3092
f 3089 3092 3093
f 3089 3093 3094
f 3089 3094 3095
f 3089 3095 3096
f 3089 3096 3097
f 3089 3097 3098
f 3089 3098 3099
f 3089 3099 3100
f 3089 3100 3101
f 3089 3101 3102
f 3089 3102 3103
f 3089 3103 3104
f 3120 3119 3118
f 3120 3118 3117
f 3120 3117 3116
f 3120 3116 3115
f 3120 3115 3114
f 3120 3114 3113
f 3120 3113 3112
f 3120 3112 3111
f 3120 3111 3110
f 3120 3110 3109
f 3120 3109 3108
f 3120 3108 3107
f 3120 3107 3106
f 3120 3106 3105
f 3121 3122 3138
f 3121 3138 3137
f 3122 3123 3139
f 3122 3139 3138
f 3123 3124 3140
f 3123 3140 3139
f 3124 3125 3141
f 3124 3141 3140
f 3125 3126 3142
f 3125 3142 3141
f 3126 3127 3143
f 3126 3143 3142
f 3127 3128 3144
f 3127 3144 3143
f 3128 3129 3145
f 3128 3145 3144
f 3129 3130 3146
f 3129 3146 3145
f 3130 3131 3147
f 3130 3147 3146
f 3131 3132 3148
f 3131 3148 3147
f 3132 3133 3149
f 3132 3149 3148
f 3133 3134 3150
f 3133 3150 3149
f 3134 3135 3151
f 3134 3151 3150
f 3135 3136 3152
f 3135 3152 3151
f 3136 3121 3137
f 3136 3137 3152
f 3121 3122 3123
f 3121 3123 3124
f 3121 3124 3125
f 3121 3125 3126
f 3121 3126 3127
f 3121 3127 3128
f 3121 3128 3129
f 3121 3129 3130
f 3121 3130 3131
f 3121 3131 3132
f 3121 3132 3133
f 3121 3133 3134
f 3121 3134 3135
f 3121 3135 3136
f 3152 3151 3150
f 3152 3150 3149
f 3152 3149 3148
f 3152 3148 3147
f 3152 3147 3146
f 3152 3146 3145
f 3152 3145 3144
f 3152 3144 3143
f 3152 3143 3142
f 3152 3142 3141
f 3152 3141 3140
f 3152 3140 3139
f 3152 3139 3138
f 3152 3138 3137
f 3153 3154 3170
f 3153 3170 3169
f 3154 3155 3171
f 3154 3171 3170
f 3155 3156 3172
f 3155 3172 3171
f 3156 3157 3173
f 3156 3173 3172
f 3157 3158 3174
f 3157 3174 3173
f 3158 3159 3175
f 3158 3175 3174
f 3159 3160 3176
f 3159 3176 3175
f 3160 3161 3177
f 3160 3177 3176
f 3161 3162 3178
f 3161 3178 3177
f 3162 3163 3179
f 3162 3179 3178
f 3163 3164 3180
f 3163 3180 3179
f 3164 3165 3181
f 3164 3181 3180
f 3165 3166 3182
f 3165 3182 3181
f 3166 3167 3183
f 3166 3183 3182
f 3167 3168 3184
f 3167 3184 3183
f 3168 3153 3169
f 3168 3169 3184
f 3153 3154 3155
f 3153 3155 3156
f 3153 3156 3157
f 3153 3157 3158
f 3153 3158 3159
f 3153 3159 3160
f 3153 3160 3161
f 3153 3161 3162
f 3153 3162 3163
f 3153 3163 3164
f 3153 3164 3165
f 3153 3165 3166
f 3153 3166 3167
f 3153 3167 3168
f 3184 3183 3182
f 3184 3182 3181
f 3184 3181 3180
f 3184 3180 3179
f 3184 3179 3178
f 3184 3178 3177
f 3184 3177 3176
f 3184 3176 3175
f 3184 3175 3174
f 3184 3174 3173
f 3184 3173 3172
f 3184 3172 3171
f 3184 3171 3170
f 3184 3170 3169
f 3185 3186 3202
f 3185 3202 3201
f 3186 3187 3203
f 3186 3203 3202
f 3187 3188 3204
f 3187 3204 3203
f 3188 3189 3205
f 3188 3205 3204
f 3189 3190 3206
f 3189 3206 3205
f 3190 3191 3207
f 3190 3207 3206
f 3191 3192 3208
f 3191 3208 3207
f 3192 3193 3209
f 3192 3209 3208
f 3193 3194 3210
f 3193 3210 3209
f 3194 3195 3211
f 3194 3211 3210
f 3195 3196 3212
f 3195 3212 3211
f 3196 3197 3213
f 3196 3213 3212
f 3197 3198 3214
f 3197 3214 3213
f 3198 3199 3215
f 3198 3215 3214
f 3199 3200 3216
f 3199 3216 3215
f 3200 3185 3201
f 3200 3201 3216
f 3185 3186 3187
f 3185 3187 3188
f 3185 3188 3189
f 3185 3189 3190
f 3185 3190 3191
f 3185 3191 3192
f 3185 3192 3193
f 3185 3193 3194
f 3185 3194 3195
f 3185 3195 3196
f 3185 3196 3197
f 3185 3197 3198
f 3185 3198 3199
f 3185 3199 3200
f 3216 3215 3214
f 3216 3214 3213
f 3216 3213 3212
f 3216 3212 3211
f 3216 3211 3210
f 3216 3210 3209
f 3216 3209 3208
f 3216 3208 3207
f 3216 3207 3206
f 3216 3206 3205
f 3216 3205 3204
f 3216 3204 3203
f 3216 3203 3202
f 3216 3202 3201
f 3217 3218 3234
f 3217 3234 3233
f 3218 3219 3235
f 3218 3235 3234
f 3219 3220 3236
f 3219 3236 3235
f 3220 3221 3237
f 3220 3237 3236
f 3221 3222 3238
f 3221 3238 3237
f 3222 3223 3239
f 3222 3239 3238
f 3223 3224 3240
f 3223 3240 3239
f 3224 3225 3241
f 3224 3241 3240
f 3225 3226 3242
f 3225 3242 3241
f 3226 3227 3243
f 3226 3243 3242
f 3227 3228 3244
f 3227 3244 3243
f 3228 3229 3245
f 3228 3245 3244
f 3229 3230 3246
f 3229 3246 3245
f 3230 3231 3247
f 3230 3247 3246
f 3231 3232 3248
f 3231 3248 3247
f 3232 3217 3233
f 3232 3233 3248
f 3217 3218 3219
f 3217 3219 3220
f 3217 3220 3221
f 3217 3221 3222
f 3217 3222 3223
f 3217 3223 3224
f 3217 3224 3225
f 3217 3225 3226
f 3217 3226 3227
f 3217 3227 3228
f 3217 3228 3229
f 3217 3229 3230
f 3217 3230 3231
f 3217 3231 3232
f 3248 3247 3246
f 3248 3246 3245
f 3248 3245 3244
f 3248 3244 3243
f 3248 3243 3242
f 3248 3242 3241
f 3248 3241 3240
f 3248 3240 3239
f 3248 3239 3238
f 3248 3238 3237
f 3248 3237 3236
f 3248 3236 3235
f 3248 3235 3234
f 3248 3234 3233
f 3249 3250 3266
f 3249 3266 3265
f 3250 3251 3267
f 3250 3267 3266
f 3251 3252 3268
f 3251 3268 3267
f 3252 3253 3269
f 3252 3269 3268
f 3253 3254 3270
f 3253 3270 3269
f 3254 3255 3271
f 3254 3271 3270
f 3255 3256 3272
f 3255 3272 3271
f 3256 3257 3273
f 3256 3273 3272
f 3257 3258 3274
f 3257 3274 3273
f 3258 3259 3275
f 3258 3275 3274
f 3259 3260 3276
f 3259 3276 3275
f 3260 3261 3277
f 3260 3277 3276
f 3261 3262 3278
f 3261 3278 3277
f 3262 3263 3279
f 3262 3279 3278
f 3263 3264 3280
f 3263 3280 3279
f 3264 3249 3265
f 3264 3265 3280
f 3249 3250 3251
f 3249 3251 3252
f 3249 3252 3253
f 3249 3253 3254
f 3249 3254 3255
f 3249 3255 3256
f 3249 3256 3257
f 3249 3257 3258
f 3249 3258 3259
f 3249 3259 3260
f 3249 3260 3261
f 3249 3261 3262
f 3249 3262 3263
f 3249 3263 3264
f 3280 3279 3278
f 3280 3278 3277
f 3280 3277 3276
f 3280 3276 3275
f 3280 3275 3274
f 3280 3274 3273
f 3280 3273 3272
f 3280 3272 3271
f 3280 3271 3270
f 3280 3270 3269
f 3280 3269 3268
f 3280 3268 3267
f 3280 3267 3266
f 3280 3266 3265
f 3281 3282 3298
f 3281 3298 3297
f 3282 3283 3299
f 3282 3299 3298
f 3283 3284 3300
f 3283 3300 3299
f 3284 3285 3301
f 3284 3301 3300
f 3285 3286 3302
f 3285 3302 3301
f 3286 3287 3303
f 3286 3303 3302
f 3287 3288 3304
f 3287 3304 3303
f 3288 3289 3305
f 3288 3305 3304
f 3289 3290 3306
f 3289 3306 3305
f 3290 3291 3307
f 3290 3307 3306
f 3291 3292 3308
f 3291 3308 3307
f 3292 3293 3309
f 3292 3309 3308
f 3293 3294 3310
f 3293 3310 3309
f 3294 3295 3311
f 3294 3311 3310
f 3295 3296 3312
f 3295 3312 3311
f 3296 3281 3297
f 3296 3297 3312
f 3281 3282 3283
f 3281 3283 3284
f 3281 3284 3285
f 3281 3285 3286
f 3281 3286 3287
f 3281 3287 3288
f 3281 3288 3289
f 3281 3289 3290
f 3281 3290 3291
f 3281 3291 3292
f 3281 3292 3293
f 3281 3293 3294
f 3281 3294 3295
f 3281 3295 3296
f 3312 3311 3310
f 3312 3310 3309
f 3312 3309 3308
f 3312 3308 3307
f 3312 3307 3306
f 3312 3306 3305
f 3312 3305 3304
f 3312 3304 3303
f 3312 3303 3302
f 3312 3302 3301
f 3312 3301 3300
f 3312 3300 3299
f 3312 3299 3298
f 3312 3298 3297
f 3313 3314 3330
f 3313 3330 3329
f 3314 3315 3331
f 3314 3331 3330
f 3315 3316 3332
f 3315 3332 3331
f 3316 3317 3333
f 3316 3333 3332
f 3317 3318 3334
f 3317 3334 3333
f 3318 3319 3335
f 3318 3335 3334
f 3319 3320 3336
f 3319 3336 3335
f 3320 3321 3337
f 3320 3337 3336
f 3321 3322 3338
f 3321 3338 3337
f 3322 3323 3339
f 3322 3339 3338
f 3323 3324 3340
f 3323 3340 3339
f 3324 3325 3341
f 3324 3341 3340
f 3325 3326 3342
f 3325 3342 3341
f 3326 3327 3343
f 3326 3343 3342
f 3327 3328 3344
f 3327 3344 3343
f 3328 3313 3329
f 3328 3329 3344
f 3313 3314 3315
f 3313 3315 3316
f 3313 3316 3317
f 3313 3317 3318
f 3313 3318 3319
f 3313 3319 3320
f 3313 3320 3321
f 3313 3321 3322
f 3313 3322 3323
f 3313 3323 3324
f 3313 3324 3325
f 3313 3325 3326
f 3313 3326 3327
f 3313 3327 3328
f 3344 3343 3342
f 3344 3342 3341
f 3344 3341 3340
f 3344 3340 3339
f 3344 3339 3338
f 3344 3338 3337
f 3344 3337 3336
f 3344 3336 3335
f 3344 3335 3334
f 3344 3334 3333
f 3344 3333 3332
f 3344 3332 3331
f 3344 3331 3330
f 3344 3330 3329
f 3345 3346 3362
f 3345 3362 3361
f 3346 3347 3363
f 3346 3363 3362
f 3347 3348 3364
f 3347 3364 3363
f 3348 3349 3365
f 3348 3365 3364
f 3349 3350 3366
f 3349 3366 3365
f 3350 3351 3367
f 3350 3367 3366
f 3351 3352 3368
f 3351 3368 3367
f 3352 3353 3369
f 3352 3369 3368
f 3353 3354 3370
f 3353 3370 3369
f 3354 3355 3371
f 3354 3371 3370
f 3355 3356 3372
f 3355 3372 3371
f 3356 3357 3373
f 3356 3373 3372
f 3357 3358 3374
f 3357 3374 3373
f 3358 3359 3375
f 3358 3375 3374
f 3359 3360 3376
f 3359 3376 3375
f 3360 3345 3361
f 3360 3361 3376
f 3345 3346 3347
f 3345 3347 3348
f 3345 3348 3349
f 3345 3349 3350
f 3345 3350 3351
f 3345 3351 3352
f 3345 3352 3353
f 3345 3353 3354
f 3345 3354 3355
f 3345 3355 3356
f 3345 3356 3357
f 3345 3357 3358
f 3345 3358 3359
f 3345 3359 3360
f 3376 3375 3374
f 3376 3374 3373
f 3376 3373 3372
f 3376 3372 3371
f 3376 3371 3370
f 3376 3370 3369
f 3376 3369 3368
f 3376 3368 3367
f 3376 3367 3366
f 3376 3366 3365
f 3376 3365 3364
f 3376 3364 3363
f 3376 3363 3362
f 3376 3362 3361
f 3377 3378 3394
f 3377 3394 3393
f 3378 3379 3395
f 3378 3395 3394
f 3379 3380 3396
f 3379 3396 3395
f 3380 3381 3397
f 3380 3397 3396
f 3381 3382 3398
f 3381 3398 3397
f 3382 3383 3399
f 3382 3399 3398
f 3383 3384 3400
f 3383 3400 3399
f 3384 3385 3401
f 3384 3401 3400
f 3385 3386 3402
f 3385 3402 3401
f 3386 3387 3403
f 3386 3403 3402
f 3387 3388 3404
f 3387 3404 3403
f 3388 3389 3405
f 3388 3405 3404
f 3389 3390 3406
f 3389 3406 3405
f 3390 3391 3407
f 3390 3407 3406
f 3391 3392 3408
f 3391 3408 3407
f 3392 3377 3393
f 3392 3393 3408
f 3377 3378 3379
f 3377 3379 3380
f 3377 3380 3381
f 3377 3381 3382
f 3377 3382 3383
f 3377 3383 3384
f 3377 3384 3385
f 3377 3385 3386
f 3377 3386 3387
f 3377 3387 3388
f 3377 3388 3389
f 3377 3389 3390
f 3377 3390 3391
f 3377 3391 3392
f 3408 3407 3406
f 3408 3406 3405
f 3408 3405 3404
f 3408 3404 3403
f 3408 3403 3402
f 3408 3402 3401
f 3408 3401 3400
f 3408 3400 3399
f 3408 3399 3398
f 3408 3398 3397
f 3408 3397 3396
f 3408 3396 3395
f 3408 3395 3394
f 3408 3394 3393
f 3409 3410 3426
f 3409 3426 3425
f 3410 3411 3427
f 3410 3427 3426
f 3411 3412 3428
f 3411 3428 3427
f 3412 3413 3429
f 3412 3429 3428
f 3413 3414 3430
f 3413 3430 3429
f 3414 3415 3431
f 3414 3431 3430
f 3415 3416 3432
f 3415 3432 3431
f 3416 3417 3433
f 3416 3433 3432
f 3417 3418 3434
f 3417 3434 3433
f 3418 3419 3435
f 3418 3435 3434
f 3419 3420 3436
f 3419 3436 3435
f 3420 3421 3437
f 3420 3437 3436
f 3421 3422 3438
f 3421 3438 3437
f 3422 3423 3439
f 3422 3439 3438
f 3423 3424 3440
f 3423 3440 3439
f 3424 3409 3425
f 3424 3425 3440
f 3409 3410 3411
f 3409 3411 3412
f 3409 3412 3413
f 3409 3413 3414
f 3409 3414 3415
f 3409 3415 3416
f 3409 3416 3417
f 3409 3417 3418
f 3409 3418 3419
f 3409 3419 3420
f 3409 3420 3421
f 3409 3421 3422
f 3409 3422 3423
f 3409 3423 3424
f 3440 3439 3438
f 3440 3438 3437
f 3440 3437 3436
f 3440 3436 3435
f 3440 3435 3434
f 3440 3434 3433
f 3440 3433 3432
f 3440 3432 3431
f 3440 3431 3430
f 3440 3430 3429
f 3440 3429 3428
f 3440 3428 3427
f 3440 3427 3426
f 3440 3426 3425
f 3441 3442 3458
f 3441 3458 3457
f 3442 3443 3459
f 3442 3459 3458
f 3443 3444 3460
f 3443 3460 3459
f 3444 3445 3461
f 3444 3461 3460
f 3445 3446 3462
f 3445 3462 3461
f 3446 3447 3463
f 3446 3463 3462
f 3447 3448 3464
f 3447 3464 3463
f 3448 3449 3465
f 3448 3465 3464
f 3449 3450 3466
f 3449 3466 3465
f 3450 3451 3467
f 3450 3467 3466
f 3451 3452 3468
f 3451 3468 3467
f 3452 3453 3469
f 3452 3469 3468
f 3453 3454 3470
f 3453 3470 3469
f 3454 3455 3471
f 3454 3471 3470
f 3455 3456 3472
f 3455 3472 3471
f 3456 3441 3457
f 3456 3457 3472
f 3441 3442 3443
f 3441 3443 3444
f 3441 3444 3445
f 3441 3445 3446
f 3441 3446 3447
f 3441 3447 3448
f 3441 3448 3449
f 3441 3449 3450
f 3441 3450 3451
f 3441 3451 3452
f 3441 3452 3453
f 3441 3453 3454
f 3441 3454 3455
f 3441 3455 3456
f 3472 3471 3470
f 3472 3470 3469
f 3472 3469 3468
f 3472 3468 3467
f 3472 3467 3466
f 3472 3466 3465
f 3472 3465 3464
f 3472 3464 3463
f 3472 3463 3462
f 3472 3462 3461
f 3472 3461 3460
f 3472 3460 3459
f 3472 3459 3458
f 3472 3458 3457
f 3473 3474 3490
f 3473 3490 3489
f 3474 3475 3491
f 3474 3491 3490
f 3475 3476 3492
f 3475 3492 3491
f 3476 3477 3493
f 3476 3493 3492
f 3477 3478 3494
f 3477 3494 3493
f 3478 3479 3495
f 3478 3495 3494
f 3479 3480 3496
f 3479 3496 3495
f 3480 3481 3497
f 3480 3497 3496
f 3481 3482 3498
f 3481 3498 3497
f 3482 3483 3499
f 3482 3499 3498
f 3483 3484 3500
f 3483 3500 3499
f 3484 3485 3501
f 3484 3501 3500
f 3485 3486 3502
f 3485 3502 3501
f 3486 3487 3503
f 3486 3503 3502
f 3487 3488 3504
f 3487 3504 3503
f 3488 3473 3489
f 3488 3489 3504
f 3473 3474 3475
f 3473 3475 3476
f 3473 3476 3477
f 3473 3477 3478
f 3473 3478 3479
f 3473 3479 3480
f 3473 3480 3481
f 3473 3481 3482
f 3473 3482 3483
f 3473 3483 3484
f 3473 3484 3485
f 3473 3485 3486
f 3473 3486 3487
f 3473 3487 3488
f 3504 3503 3502
f 3504 3502 3501
f 3504 3501 3500
f 3504 3500 3499
f 3504 3499 3498
f 3504 3498 3497
f 3504 3497 3496
f 3504 3496 3495
f 3504 3495 3494
f 3504 3494 3493
f 3504 3493 3492
f 3504 3492 3491
f 3504 3491 3490
f 3504 3490 3489
f 3505 3506 3522
f 3505 3522 3521
f 3506 3507 3523
f 3506 3523 3522
f 3507 3508 3524
f 3507 3524 3523
f 3508 3509 3525
f 3508 3525 3524
f 3509 3510 3526
f 3509 3526 3525
f 3510 3511 3527
f 3510 3527 3526
f 3511 3512 3528
f 3511 3528 3527
f 3512 3513 3529
f 3512 3529 3528
f 3513 3514 3530
f 3513 3530 3529
f 3514 3515 3531
f 3514 3531 3530
f 3515 3516 3532
f 3515 3532 3531
f 3516 3517 3533
f 3516 3533 3532
f 3517 3518 3534
f 3517 3534 3533
f 3518 3519 3535
f 3518 3535 3534
f 3519 3520 3536
f 3519 3536 3535
f 3520 3505 3521
f 3520 3521 3536
f 3505 3506 3507
f 3505 3507 3508
f 3505 3508 3509
f 3505 3509 3510
f 3505 3510 3511
f 3505 3511 3512
f 3505 3512 3513
f 3505 3513 3514
f 3505 3514 3515
f 3505 3515 3516
f 3505 3516 3517
f 3505 3517 3518
f 3505 3518 3519
f 3505 3519 3520
f 3536 3535 3534
f 3536 3534 3533
f 3536 3533 3532
f 3536 3532 3531
f 3536 3531 3530
f 3536 3530 3529
f 3536 3529 3528
f 3536 3528 3527
f 3536 3527 3526
f 3536 3526 3525
f 3536 3525 3524
f 3536 3524 3523
f 3536 3523 3522
f 3536 3522 3521
f 3537 3538 3554
f 3537 3554 3553
f 3538 3539 3555
f 3538 3555 3554
f 3539 3540 3556
f 3539 3556 3555
f 3540 3541 3557
f 3540 3557 3556
f 3541 3542 3558
f 3541 3558 3557
f 3542 3543 3559
f 3542 3559 3558
f 3543 3544 3560
f 3543 3560 3559
f 3544 3545 3561
f 3544 3561 3560
f 3545 3546 3562
f 3545 3562 3561
f 3546 3547 3563
f 3546 3563 3562
f 3547 3548 3564
f 3547 3564 3563
f 3548 3549 3565
f 3548 3565 3564
f 3549 3550 3566
f 3549 3566 3565
f 3550 3551 3567
f 3550 3567 3566
f 3551 3552 3568
f 3551 3568 3567
f 3552 3537 3553
f 3552 3553 3568
f 3537 3538 3539
f 3537 3539 3540
f 3537 3540 3541
f 3537 3541 3542
f 3537 3542 3543
f 3537 3543 3544
f 3537 3544 3545
f 3537 3545 3546
f 3537 3546 3547
f 3537 3547 3548
f 3537 3548 3549
f 3537 3549 3550
f 3537 3550 3551
f 3537 3551 3552
f 3568 3567 3566
f 3568 3566 3565
f 3568 3565 3564
f 3568 3564 3563
f 3568 3563 3562
f 3568 3562 3561
f 3568 3561 3560
f 3568 3560 3559
f 3568 3559 3558
f 3568 3558 3557
f 3568 3557 3556
f 3568 3556 3555
f 3568 3555 3554
f 3568 3554 3553
f 3569 3570 3586
f 3569 3586 3585
f 3570 3571 3587
f 3570 3587 3586
f 3571 3572 3588
f 3571 3588 3587
f 3572 3573 3589
f 3572 3589 3588
f 3573 3574 3590
f 3573 3590 3589
f 3574 3575 3591
f 3574 3591 3590
f 3575 3576 3592
f 3575 3592 3591
f 3576 3577 3593
f 3576 3593 3592
f 3577 3578 3594
f 3577 3594 3593
f 3578 3579 3595
f 3578 3595 3594
f 3579 3580 3596
f 3579 3596 3595
f 3580 3581 3597
f 3580 3597 3596
f 3581 3582 3598
f 3581 3598 3597
f 3582 3583 3599
f 3582 3599 3598
f 3583 3584 3600
f 3583 3600 3599
f 3584 3569 3585
f 3584 3585 3600
f 3569 3570 3571
f 3569 3571 3572
f 3569 3572 3573
f 3569 3573 3574
f 3569 3574 3575
f 3569 3575 3576
f 3569 3576 3577
f 3569 3577 3578
f 3569 3578 3579
f 3569 3579 3580
f 3569 3580 3581
f 3569 3581 3582
f 3569 3582 3583
f 3569 3583 3584
f 3600 3599 3598
f 3600 3598 3597
f 3600 3597 3596
f 3600 3596 3595
f 3600 3595 3594
f 3600 3594 3593
f 3600 3593 3592
f 3600 3592 3591
f 3600 3591 3590
f 3600 3590 3589
f 3600 3589 3588
f 3600 3588 3587
f 3600 3587 3586
f 3600 3586 3585
f 3601 3602 3618
f 3601 3618 3617
f 3602 3603 3619
f 3602 3619 3618
f 3603 3604 3620
f 3603 3620 3619
f 3604 3605 3621
f 3604 3621 3620
f 3605 3606 3622
f 3605 3622 3621
f 3606 3607 3623
f 3606 3623 3622
f 3607 3608 3624
f 3607 3624 3623
f 3608 3609 3625
f 3608 3625 3624
f 3609 3610 3626
f 3609 3626 3625
f 3610 3611 3627
f 3610 3627 3626
f 3611 3612 3628
f 3611 3628 3627
f 3612 3613 3629
f 3612 3629 3628
f 3613 3614 3630
f 3613 3630 3629
f 3614 3615 3631
f 3614 3631 3630
f 3615 3616 3632
f 3615 3632 3631
f 3616 3601 3617
f 3616 3617 3632
f 3601 3602 3603
f 3601 3603 3604
f 3601 3604 3605
f 3601 3605 3606
f 3601 3606 3607
f 3601 3607 3608
f 3601 3608 3609
f 3601 3609 3610
f 3601 3610 3611
f 3601 3611 3612
f 3601 3612 3613
f 3601 3613 3614
f 3601 3614 3615
f 3601 3615 3616
f 3632 3631 3630
f 3632 3630 3629
f 3632 3629 3628
f 3632 3628 3627
f 3632 3627 3626
f 3632 3626 3625
f 3632 3625 3624
f 3632 3624 3623
f 3632 3623 3622
f 3632 3622 3621
f 3632 3621 3620
f 3632 3620 3619
f 3632 3619 3618
f 3632 3618 3617
f 3633 3634 3650
f 3633 3650 3649
f 3634 3635 3651
f 3634 3651 3650
f 3635 3636 3652
f 3635 3652 3651
f 3636 3637 3653
f 3636 3653 3652
f 3637 3638 3654
f 3637 3654 3653
f 3638 3639 3655
f 3638 3655 3654
f 3639 3640 3656
f 3639 3656 3655
f 3640 3641 3657
f 3640 3657 3656
f 3641 3642 3658
f 3641 3658 3657
f 3642 3643 3659
f 3642 3659 3658
f 3643 3644 3660
f 3643 3660 3659
f 3644 3645 3661
f 3644 3661 3660
f 3645 3646 3662
f 3645 3662 3661
f 3646 3647 3663
f 3646 3663 3662
f 3647 3648 3664
f 3647 3664 3663
f 3648 3633 3649
f 3648 3649 3664
f 3633 3634 3635
f 3633 3635 3636
f 3633 3636 3637
f 3633 3637 3638
f 3633 3638 3639
f 3633 3639 3640
f 3633 3640 3641
f 3633 3641 3642
f 3633 3642 3643
f 3633 3643 3644
f 3633 3644 3645
f 3633 3645 3646
f 3633 3646 3647
f 3633 3647 3648
f 3664 3663 3662
f 3664 3662 3661
f 3664 3661 3660
f 3664 3660 3659
f 3664 3659 3658
f 3664 3658 3657
f 3664 3657 3656
f 3664 3656 3655
f 3664 3655 3654
f 3664 3654 3653
f 3664 3653 3652
f 3664 3652 3651
f 3664 3651 3650
f 3664 3650 3649
f 3665 3666 3682
f 3665 3682 3681
f 3666 3667 3683
f 3666 3683 3682
f 3667 3668 3684
f 3667 3684 3683
f 3668 3669 3685
f 3668 3685 3684
f 3669 3670 3686
f 3669 3686 3685
f 3670 3671 3687
f 3670 3687 3686
f 3671 3672 3688
f 3671 3688 3687
f 3672 3673 3689
f 3672 3689 3688
f 3673 3674 3690
f 3673 3690 3689
f 3674 3675 3691
f 3674 3691 3690
f 3675 3676 3692
f 3675 3692 3691
f 3676 3677 3693
f 3676 3693 3692
f 3677 3678 3694
f 3677 3694 3693
f 3678 3679 3695
f 3678 3695 3694
f 3679 3680 3696
f 3679 3696 3695
f 3680 3665 3681
f 3680 3681 3696
f 3665 3666 3667
f 3665 3667 3668
f 3665 3668 3669
f 3665 3669 3670
f 3665 3670 3671
f 3665 3671 3672
f 3665 3672 3673
f 3665 3673 3674
f 3665 3674 3675
f 3665 3675 3676
f 3665 3676 3677
f 3665 3677 3678
f 3665 3678 3679
f 3665 3679 3680
f 3696 3695 3694
f 3696 3694 3693
f 3696 3693 3692
f 3696 3692 3691
f 3696 3691 3690
f 3696 3690 3689
f 3696 3689 3688
f 3696 3688 3687
f 3696 3687 3686
f 3696 3686 3685
f 3696 3685 3684
f 3696 3684 3683
f 3696 3683 3682
f 3696 3682 3681
f 3697 3698 3714
f 3697 3714 3713
f 3698 3699 3715
f 3698 3715 3714
f 3699 3700 3716
f 3699 3716 3715
f 3700 3701 3717
f 3700 3717 3716
f 3701 3702 3718
f 3701 3718 3717
f 3702 3703 3719
f 3702 3719 3718
f 3703 3704 3720
f 3703 3720 3719
f 3704 3705 3721
f 3704 3721 3720
f 3705 3706 3722
f 3705 3722 3721
f 3706 3707 3723
f 3706 3723 3722
f 3707 3708 3724
f 3707 3724 3723
f 3708 3709 3725
f 3708 3725 3724
f 3709 3710 3726
f 3709 3726 3725
f 3710 3711 3727
f 3710 3727 3726
f 3711 3712 3728
f 3711 3728 3727
f 3712 3697 3713
f 3712 3713 3728
f 3697 3698 3699
f 3697 3699 3700
f 3697 3700 3701
f 3697 3701 3702
f 3697 3702 3703
f 3697 3703 3704
f 3697 3704 3705
f 3697 3705 3706
f 3697 3706 3707
f 3697 3707 3708
f 3697 3708 3709
f 3697 3709 3710
f 3697 3710 3711
f 3697 3711 3712
f 3728 3727 3726
f 3728 3726 3725
f 3728 3725 3724
f 3728 3724 3723
f 3728 3723 3722
f 3728 3722 3721
f 3728 3721 3720
f 3728 3720 3719
f 3728 3719 3718
f 3728 3718 3717
f 3728 3717 3716
f 3728 3716 3715
f 3728 3715 3714
f 3728 3714 3713
f 3729 3730 3746
f 3729 3746 3745
f 3730 3731 3747
f 3730 3747 3746
f 3731 3732 3748
f 3731 3748 3747
f 3732 3733 3749
f 3732 3749 3748
f 3733 3734 3750
f 3733 3750 3749
f 3734 3735 3751
f 3734 3751 3750
f 3735 3736 3752
f 3735 3752 3751
f 3736 3737 3753
f 3736 3753 3752
f 3737 3738 3754
f 3737 3754 3753
f 3738 3739 3755
f 3738 3755 3754
f 3739 3740 3756
f 3739 3756 3755
f 3740 3741 3757
f 3740 3757 3756
f 3741 3742 3758
f 3741 3758 3757
f 3742 3743 3759
f 3742 3759 3758
f 3743 3744 3760
f 3743 3760 3759
f 3744 3729 3745
f 3744 3745 3760
f 3729 3730 3731
f 3729 3731 3732
f 3729 3732 3733
f 3729 3733 3734
f 3729 3734 3735
f 3729 3735 3736
f 3729 3736 3737
f 3729 3737 3738
f 3729 3738 3739
f 3729 3739 3740
f 3729 3740 3741
f 3729 3741 3742
f 3729 3742 3743
f 3729 3743 3744
f 3760 3759 3758
f 3760 3758 3757
f 3760 3757 3756
f 3760 3756 3755
f 3760 3755 3754
f 3760 3754 3753
f 3760 3753 3752
f 3760 3752 3751
f 3760 3751 3750
f 3760 3750 3749
f 3760 3749 3748
f 3760 3748 3747
f 3760 3747 3746
f 3760 3746 3745
f 3761 3762 3778
f 3761 3778 3777
f 3762 3763 3779
f 3762 3779 3778
f 3763 3764 3780
f 3763 3780 3779
f 3764 3765 3781
f 3764 3781 3780
f 3765 3766 3782
f 3765 3782 3781
f 3766 3767 3783
f 3766 3783 3782
f 3767 3768 3784
f 3767 3784 3783
f 3768 3769 3785
f 3768 3785 3784
f 3769 3770 3786
f 3769 3786 3785
f 3770 3771 3787
f 3770 3787 3786
f 3771 3772 3788
f 3771 3788 3787
f 3772 3773 3789
f 3772 3789 3788
f 3773 3774 3790
f 3773 3790 3789
f 3774 3775 3791
f 3774 3791 3790
f 3775 3776 3792
f 3775 3792 3791
f 3776 3761 3777
f 3776 3777 3792
f 3761 3762 3763
f 3761 3763 3764
f 3761 3764 3765
f 3761 3765 3766
f 3761 3766 3767
f 3761 3767 3768
f 3761 3768 3769
f 3761 3769 3770
f 3761 3770 3771
f 3761 3771 3772
f 3761 3772 3773
f 3761 3773 3774
f 3761 3774 3775
f 3761 3775 3776
f 3792 3791 3790
f 3792 3790 3789
f 3792 3789 3788
f 3792 3788 3787
f 3792 3787 3786
f 3792 3786 3785
f 3792 3785 3784
f 3792 3784 3783
f 3792 3783 3782
f 3792 3782 3781
f 3792 3781 3780
f 3792 3780 3779
f 3792 3779 3778
f 3792 3778 3777
f 3793 3794 3810
f 3793 3810 3809
f 3794 3795 3811
f 3794 3811 3810
f 3795 3796 3812
f 3795 3812 3811
f 3796 3797 3813
f 3796 3813 3812
f 3797 3798 3814
f 3797 3814 3813
f 3798 3799 3815
f 3798 3815 3814
f 3799 3800 3816
f 3799 3816 3815
f 3800 3801 3817
f 3800 3817 3816
f 3801 3802 3818
f 3801 3818 3817
f 3802 3803 3819
f 3802 3819 3818
f 3803 3804 3820
f 3803 3820 3819
f 3804 3805 3821
f 3804 3821 3820
f 3805 3806 3822
f 3805 3822 3821
f 3806 3807 3823
f 3806 3823 3822
f 3807 3808 3824
f 3807 3824 3823
f 3808 3793 3809
f 3808 3809 3824
f 3793 3794 3795
f 3793 3795 3796
f 3793 3796 3797
f 3793 3797 3798
f 3793 3798 3799
f 3793 3799 3800
f 3793 3800 3801
f 3793 3801 3802
f 3793 3802 3803
f 3793 3803 3804
f 3793 3804 3805
f 3793 3805 3806
f 3793 3806 3807
f 3793 3807 3808
f 3824 3823 3822
f 3824 3822 3821
f 3824 3821 3820
f 3824 3820 3819
f 3824 3819 3818
f 3824 3818 3817
f 3824 3817 3816
f 3824 3816 3815
f 3824 3815 3814
f 3824 3814 3813
f 3824 3813 3812
f 3824 3812 3811
f 3824 3811 3810
f 3824 3810 3809
f 3825 3826 3842
f 3825 3842 3841
f 3826 3827 3843
f 3826 3843 3842
f 3827 3828 3844
f 3827 3844 3843
f 3828 3829 3845
f 3828 3845 3844
f 3829 3830 3846
f 3829 3846 3845
f 3830 3831 3847
f 3830 3847 3846
f 3831 3832 3848
f 3831 3848 3847
f 3832 3833 3849
f 3832 3849 3848
f 3833 3834 3850
f 3833 3850 3849
f 3834 3835 3851
f 3834 3851 3850
f 3835 3836 3852
f 3835 3852 3851
f 3836 3837 3853
f 3836 3853 3852
f 3837 3838 3854
f 3837 3854 3853
f 3838 3839 3855
f 3838 3855 3854
f 3839 3840 3856
f 3839 3856 3855
f 3840 3825 3841
f 3840 3841 3856
f 3825 3826 3827
f 3825 3827 3828
f 3825 3828 3829
f 3825 3829 3830
f 3825 3830 3831
f 3825 3831 3832
f 3825 3832 3833
f 3825 3833 3834
f 3825 3834 3835
f 3825 3835 3836
f 3825 3836 3837
f 3825 3837 3838
f 3825 3838 3839
f 3825 3839 3840
f 3856 3855 3854
f 3856 3854 3853
f 3856 3853 3852
f 3856 3852 3851
f 3856 3851 3850
f 3856 3850 3849
f 3856 3849 3848
f 3856 3848 3847
f 3856 3847 3846
f 3856 3846 3845
f 3856 3845 3844
f 3856 3844 3843
f 3856 3843 3842
f 3856 3842 3841
f 3857 3858 3874
f 3857 3874 3873
f 3858 3859 3875
f 3858 3875 3874
f 3859 3860 3876
f 3859 3876 3875
f 3860 3861 3877
f 3860 3877 3876
f 3861 3862 3878
f 3861 3878 3877
f 3862 3863 3879
f 3862 3879 3878
f 3863 3864 3880
f 3863 3880 3879
f 3864 3865 3881
f 3864 3881 3880
f 3865 3866 3882
f 3865 3882 3881
f 3866 3867 3883
f 3866 3883 3882
f 3867 3868 3884
f 3867 3884 3883
f 3868 3869 3885
f 3868 3885 3884
f 3869 3870 3886
f 3869 3886 3885
f 3870 3871 3887
f 3870 3887 3886
f 3871 3872 3888
f 3871 3888 3887
f 3872 3857 3873
f 3872 3873 3888
f 3857 3858 3859
f 3857 3859 3860
f 3857 3860 3861
f 3857 3861 3862
f 3857 3862 3863
f 3857 3863 3864
f 3857 3864 3865
f 3857 3865 3866
f 3857 3866 3867
f 3857 3867 3868
f 3857 3868 3869
f 3857 3869 3870
f 3857 3870 3871
f 3857 3871 3872
f 3888 3887 3886
f 3888 3886 3885
f 3888 3885 3884
f 3888 3884 3883
f 3888 3883 3882
f 3888 3882 3881
f 3888 3881 3880
f 3888 3880 3879
f 3888 3879 3878
f 3888 3878 3877
f 3888 3877 3876
f 3888 3876 3875
f 3888 3875 3874
f 3888 3874 3873
f 3889 3890 3906
f 3889 3906 3905
f 3890 3891 3907
f 3890 3907 3906
f 3891 3892 3908
f 3891 3908 3907
f 3892 3893 3909
f 3892 3909 3908
f 3893 3894 3910
f 3893 3910 3909
f 3894 3895 3911
f 3894 3911 3910
f 3895 3896 3912
f 3895 3912 3911
f 3896 3897 3913
f 3896 3913 3912
f 3897 3898 3914
f 3897 3914 3913
f 3898 3899 3915
f 3898 3915 3914
f 3899 3900 3916
f 3899 3916 3915
f 3900 3901 3917
f 3900 3917 3916
f 3901 3902 3918
f 3901 3918 3917
f 3902 3903 3919
f 3902 3919 3918
f 3903 3904 3920
f 3903 3920 3919
f 3904 3889 3905
f 3904 3905 3920
f 3889 3890 3891
f 3889 3891 3892
f 3889 3892 3893
f 3889 3893 3894
f 3889 3894 3895
f 3889 3895 3896
f 3889 3896 3897
f 3889 3897 3898
f 3889 3898 3899
f 3889 3899 3900
f 3889 3900 3901
f 3889 3901 3902
f 3889 3902 3903
f 3889 3903 3904
f 3920 3919 3918
f 3920 3918 3917
f 3920 3917 3916
f 3920 3916 3915
f 3920 3915 3914
f 3920 3914 3913
f 3920 3913 3912
f 3920 3912 3911
f 3920 3911 3910
f 3920 3910 3909
f 3920 3909 3908
f 3920 3908 3907
f 3920 3907 3906
f 3920 3906 3905
f 3921 3922 3938
f 3921 3938 3937
f 3922 3923 3939
f 3922 3939 3938
f 3923 3924 3940
f 3923 3940 3939
f 3924 3925 3941
f 3924 3941 3940
f 3925 3926 3942
f 3925 3942 3941
f 3926 3927 3943
f 3926 3943 3942
f 3927 3928 3944
f 3927 3944 3943
f 3928 3929 3945
f 3928 3945 3944
f 3929 3930 3946
f 3929 3946 3945
f 3930 3931 3947
f 3930 3947 3946
f 3931 3932 3948
f 3931 3948 3947
f 3932 3933 3949
f 3932 3949 3948
f 3933 3934 3950
f 3933 3950 3949
f 3934 3935 3951
f 3934 3951 3950
f 3935 3936 3952
f 3935 3952 3951
f 3936 3921 3937
f 3936 3937 3952
f 3921 3922 3923
f 3921 3923 3924
f 3921 3924 3925
f 3921 3925 3926
f 3921 3926 3927
f 3921 3927 3928
f 3921 3928 3929
f 3921 3929 3930
f 3921 3930 3931
f 3921 3931 3932
f 3921 3932 3933
f 3921 3933 3934
f 3921 3934 3935
f 3921 3935 3936
f 3952 3951 3950
f 3952 3950 3949
f 3952 3949 3948
f 3952 3948 3947
f 3952 3947 3946
f 3952 3946 3945
f 3952 3945 3944
f 3952 3944 3943
f 3952 3943 3942
f 3952 3942 3941
f 3952 3941 3940
f 3952 3940 3939
f 3952 3939 3938
f 3952 3938 3937
f 3953 3954 3970
f 3953 3970 3969
f 3954 3955 3971
f 3954 3971 3970
f 3955 3956 3972
f 3955 3972 3971
f 3956 3957 3973
f 3956 3973 3972
f 3957 3958 3974
f 3957 3974 3973
f 3958 3959 3975
f 3958 3975 3974
f 3959 3960 3976
f 3959 3976 3975
f 3960 3961 3977
f 3960 3977 3976
f 3961 3962 3978
f 3961 3978 3977
f 3962 3963 3979
f 3962 3979 3978
f 3963 3964 3980
f 3963 3980 3979
f 3964 3965 3981
f 3964 3981 3980
f 3965 3966 3982
f 3965 3982 3981
f 3966 3967 3983
f 3966 3983 3982
f 3967 3968 3984
f 3967 3984 3983
f 3968 3953 3969
f 3968 3969 3984
f 3953 3954 3955
f 3953 3955 3956
f 3953 3956 3957
f 3953 3957 3958
f 3953 3958 3959
f 3953 3959 3960
f 3953 3960 3961
f 3953 3961 3962
f 3953 3962 3963
f 3953 3963 3964
f 3953 3964 3965
f 3953 3965 3966
f 3953 3966 3967
f 3953 3967 3968
f 3984 3983 3982
f 3984 3982 3981
f 3984 3981 3980
f 3984 3980 3979
f 3984 3979 3978
f 3984 3978 3977
f 3984 3977 3976
f 3984 3976 3975
f 3984 3975 3974
f 3984 3974 3973
f 3984 3973 3972
f 3984 3972 3971
f 3984 3971 3970
f 3984 3970 3969
f 3985 3986 4002
f 3985 4002 4001
f 3986 3987 4003
f 3986 4003 4002
f 3987 3988 4004
f 3987 4004 4003
f 3988 3989 4005
f 3988 4005 4004
f 3989 3990 4006
f 3989 4006 4005
f 3990 3991 4007
f 3990 4007 4006
f 3991 3992 4008
f 3991 4008 4007
f 3992 3993 4009
f 3992 4009 4008
f 3993 3994 4010
f 3993 4010 4009
f 3994 3995 4011
f 3994 4011 4010
f 3995 3996 4012
f 3995 4012 4011
f 3996 3997 4013
f 3996 4013 4012
f 3997 3998 4014
f 3997 4014 4013
f 3998 3999 4015
f 3998 4015 4014
f 3999 4000 4016
f 3999 4016 4015
f 4000 3985 4001
f 4000 4001 4016
f 3985 3986 3987
f 3985 3987 3988
f 3985 3988 3989
f 3985 3989 3990
f 3985 3990 3991
f 3985 3991 3992
f 3985 3992 3993
f 3985 3993 3994
f 3985 3994 3995
f 3985 3995 3996
f 3985 3996 3997
f 3985 3997 3998
f 3985 3998 3999
f 3985 3999 4000
f 4016 4015 4014
f 4016 4014 4013
f 4016 4013 4012
f 4016 4012 4011
f 4016 4011 4010
f 4016 4010 4009
f 4016 4009 4008
f 4016 4008 4007
f 4016 4007 4006
f 4016 4006 4005
f 4016 4005 4004
f 4016 4004 4003
f 4016 4003 4002
f 4016 4002 4001
f 4017 4018 4034
f 4017 4034 4033
f 4018 4019 4035
f 4018 4035 4034
f 4019 4020 4036
f 4019 4036 4035
f 4020 4021 4037
f 4020 4037 4036
f 4021 4022 4038
f 4021 4038 4037
f 4022 4023 4039
f 4022 4039 4038
f 4023 4024 4040
f 4023 4040 4039
f 4024 4025 4041
f 4024 4041 4040
f 4025 4026 4042
f 4025 4042 4041
f 4026 4027 4043
f 4026 4043 4042
f 4027 4028 4044
f 4027 4044 4043
f 4028 4029 4045
f 4028 4045 4044
f 4029 4030 4046
f 4029 4046 4045
f 4030 4031 4047
f 4030 4047 4046
f 4031 4032 4048
f 4031 4048 4047
f 4032 4017 4033
f 4032 4033 4048
f 4017 4018 4019
f 4017 4019 4020
f 4017 4020 4021
f 4017 4021 4022
f 4017 4022 4023
f 4017 4023 4024
f 4017 4024 4025
f 4017 4025 4026
f 4017 4026 4027
f 4017 4027 4028
f 4017 4028 4029
f 4017 4029 4030
f 4017 4030 4031
f 4017 4031 4032
f 4048 4047 4046
f 4048 4046 4045
f 4048 4045 4044
f 4048 4044 4043
f 4048 4043 4042
f 4048 4042 4041
f 4048 4041 4040
f 4048 4040 4039
f 4048 4039 4038
f 4048 4038 4037
f 4048 4037 4036
f 4048 4036 4035
f 4048 4035 4034
f 4048 4034 4033
f 4049 4050 4066
f 4049 4066 4065
f 4050 4051 4067
f 4050 4067 4066
f 4051 4052 4068
f 4051 4068 4067
f 4052 4053 4069
f 4052 4069 4068
f 4053 4054 4070
f 4053 4070 4069
f 4054 4055 4071
f 4054 4071 4070
f 4055 4056 4072
f 4055 4072 4071
f 4056 4057 4073
f 4056 4073 4072
f 4057 4058 4074
f 4057 4074 4073
f 4058 4059 4075
f 4058 4075 4074
f 4059 4060 4076
f 4059 4076 4075
f 4060 4061 4077
f 4060 4077 4076
f 4061 4062 4078
f 4061 4078 4077
f 4062 4063 4079
f 4062 4079 4078
f 4063 4064 4080
f 4063 4080 4079
f 4064 4049 4065
f 4064 4065 4080
f 4049 4050 4051
f 4049 4051 4052
f 4049 4052 4053
f 4049 4053 4054
f 4049 4054 4055
f 4049 4055 4056
f 4049 4056 4057
f 4049 4057 4058
f 4049 4058 4059
f 4049 4059 4060
f 4049 4060 4061
f 4049 4061 4062
f 4049 4062 4063
f 4049 4063 4064
f 4080 4079 4078
f 4080 4078 4077
f 4080 4077 4076
f 4080 4076 4075
f 4080 4075 4074
f 4080 4074 4073
f 4080 4073 4072
f 4080 4072 4071
f 4080 4071 4070
f 4080 4070 4069
f 4080 4069 4068
f 4080 4068 4067
f 4080 4067 4066
f 4080 4066 4065
f 4081 4082 4098
f 4081 4098 4097
f 4082 4083 4099
f 4082 4099 4098
f 4083 4084 4100
f 4083 4100 4099
f 4084 4085 4101
f 4084 4101 4100
f 4085 4086 4102
f 4085 4102 4101
f 4086 4087 4103
f 4086 4103 4102
f 4087 4088 4104
f 4087 4104 4103
f 4088 4089 4105
f 4088 4105 4104
f 4089 4090 4106
f 4089 4106 4105
f 4090 4091 4107
f 4090 4107 4106
f 4091 4092 4108
f 4091 4108 4107
f 4092 4093 4109
f 4092 4109 4108
f 4093 4094 4110
f 4093 4110 4109
f 4094 4095 4111
f 4094 4111 4110
f 4095 4096 4112
f 4095 4112 4111
f 4096 4081 4097
f 4096 4097 4112
f 4081 4082 4083
f 4081 4083 4084
f 4081 4084 4085
f 4081 4085 4086
f 4081 4086 4087
f 4081 4087 4088
f 4081 4088 4089
f 4081 4089 4090
f 4081 4090 4091
f 4081 4091 4092
f 4081 4092 4093
f 4081 4093 4094
f 4081 4094 4095
f 4081 4095 4096
f 4112 4111 4110
f 4112 4110 4109
f 4112 4109 4108
f 4112 4108 4107
f 4112 4107 4106
f 4112 4106 4105
f 4112 4105 4104
f 4112 4104 4103
f 4112 4103 4102
f 4112 4102 4101
f 4112 4101 4100
f 4112 4100 4099
f 4112 4099 4098
f 4112 4098 4097
f 4113 4114 4130
f 4113 4130 4129
f 4114 4115 4131
f 4114 4131 4130
f 4115 4116 4132
f 4115 4132 4131
f 4116 4117 4133
f 4116 4133 4132
f 4117 4118 4134
f 4117 4134 4133
f 4118 4119 4135
f 4118 4135 4134
f 4119 4120 4136
f 4119 4136 4135
f 4120 4121 4137
f 4120 4137 4136
f 4121 4122 4138
f 4121 4138 4137
f 4122 4123 4139
f 4122 4139 4138
f 4123 4124 4140
f 4123 4140 4139
f 4124 4125 4141
f 4124 4141 4140
f 4125 4126 4142
f 4125 4142 4141
f 4126 4127 4143
f 4126 4143 4142
f 4127 4128 4144
f 4127 4144 4143
f 4128 4113 4129
f 4128 4129 4144
f 4113 4114 4115
f 4113 4115 4116
f 4113 4116 4117
f 4113 4117 4118
f 4113 4118 4119
f 4113 4119 4120
f 4113 4120 4121
f 4113 4121 4122
f 4113 4122 4123
f 4113 4123 4124
f 4113 4124 4125
f 4113 4125 4126
f 4113 4126 4127
f 4113 4127 4128
f 4144 4143 4142
f 4144 4142 4141
f 4144 4141 4140
f 4144 4140 4139
f 4144 4139 4138
f 4144 4138 4137
f 4144 4137 4136
f 4144 4136 4135
f 4144 4135 4134
f 4144 4134 4133
f 4144 4133 4132
f 4144 4132 4131
f 4144 4131 4130
f 4144 4130 4129
f 4145 4146 4162
f 4145 4162 4161
f 4146 4147 4163
f 4146 4163 4162
f 4147 4148 4164
f 4147 4164 4163
f 4148 4149 4165
f 4148 4165 4164
f 4149 4150 4166
f 4149 4166 4165
f 4150 4151 4167
f 4150 4167 4166
f 4151 4152 4168
f 4151 4168 4167
f 4152 4153 4169
f 4152 4169 4168
f 4153 4154 4170
f 4153 4170 4169
f 4154 4155 4171
f 4154 4171 4170
f 4155 4156 4172
f 4155 4172 4171
f 4156 4157 4173
f 4156 4173 4172
f 4157 4158 4174
f 4157 4174 4173
f 4158 4159 4175
f 4158 4175 4174
f 4159 4160 4176
f 4159 4176 4175
f 4160 4145 4161
f 4160 4161 4176
f 4145 4146 4147
f 4145 4147 4148
f 4145 4148 4149
f 4145 4149 4150
f 4145 4150 4151
f 4145 4151 4152
f 4145 4152 4153
f 4145 4153 4154
f 4145 4154 4155
f 4145 4155 4156
f 4145 4156 4157
f 4145 4157 4158
f 4145 4158 4159
f 4145 4159 4160
f 4176 4175 4174
f 4176 4174 4173
f 4176 4173 4172
f 4176 4172 4171
f 4176 4171 4170
f 4176 4170 4169
f 4176 4169 4168
f 4176 4168 4167
f 4176 4167 4166
f 4176 4166 4165
f 4176 4165 4164
f 4176 4164 4163
f 4176 4163 4162
f 4176 4162 4161
f 4177 4178 4194
f 4177 4194 4193
f 4178 4179 4195
f 4178 4195 4194
f 4179 4180 4196
f 4179 4196 4195
f 4180 4181 4197
f 4180 4197 4196
f 4181 4182 4198
f 4181 4198 4197
f 4182 4183 4199
f 4182 4199 4198
f 4183 4184 4200
f 4183 4200 4199
f 4184 4185 4201
f 4184 4201 4200
f 4185 4186 4202
f 4185 4202 4201
f 4186 4187 4203
f 4186 4203 4202
f 4187 4188 4204
f 4187 4204 4203
f 4188 4189 4205
f 4188 4205 4204
f 4189 4190 4206
f 4189 4206 4205
f 4190 4191 4207
f 4190 4207 4206
f 4191 4192 4208
f 4191 4208 4207
f 4192 4177 4193
f 4192 4193 4208
f 4177 4178 4179
f 4177 4179 4180
f 4177 4180 4181
f 4177 4181 4182
f 4177 4182 4183
f 4177 4183 4184
f 4177 4184 4185
f 4177 4185 4186
f 4177 4186 4187
f 4177 4187 4188
f 4177 4188 4189
f 4177 4189 4190
f 4177 4190 4191
f 4177 4191 4192
f 4208 4207 4206
f 4208 4206 4205
f 4208 4205 4204
f 4208 4204 4203
f 4208 4203 4202
f 4208 4202 4201
f 4208 4201 4200
f 4208 4200 4199
f 4208 4199 4198
f 4208 4198 4197
f 4208 4197 4196
f 4208 4196 4195
f 4208 4195 4194
f 4208 4194 4193
f 4209 4210 4226
f 4209 4226 4225
f 4210 4211 4227
f 4210 4227 4226
f 4211 4212 4228
f 4211 4228 4227
f 4212 4213 4229
f 4212 4229 4228
f 4213 4214 4230
f 4213 4230 4229
f 4214 4215 4231
f 4214 4231 4230
f 4215 4216 4232
f 4215 4232 4231
f 4216 4217 4233
f 4216 4233 4232
f 4217 4218 4234
f 4217 4234 4233
f 4218 4219 4235
f 4218 4235 4234
f 4219 4220 4236
f 4219 4236 4235
f 4220 4221 4237
f 4220 4237 4236
f 4221 4222 4238
f 4221 4238 4237
f 4222 4223 4239
f 4222 4239 4238
f 4223 4224 4240
f 4223 4240 4239
f 4224 4209 4225
f 4224 4225 4240
f 4209 4210 4211
f 4209 4211 4212
f 4209 4212 4213
f 4209 4213 4214
f 4209 4214 4215
f 4209 4215 4216
f 4209 4216 4217
f 4209 4217 4218
f 4209 4218 4219
f 4209 4219 4220
f 4209 4220 4221
f 4209 4221 4222
f 4209 4222 4223
f 4209 4223 4224
f 4240 4239 4238
f 4240 4238 4237
f 4240 4237 4236
f 4240 4236 4235
f 4240 4235 4234
f 4240 4234 4233
f 4240 4233 4232
f 4240 4232 4231
f 4240 4231 4230
f 4240 4230 4229
f 4240 4229 4228
f 4240 4228 4227
f 4240 4227 4226
f 4240 4226 4225
f 4241 4242 4258
f 4241 4258 4257
f 4242 4243 4259
f 4242 4259 4258
f 4243 4244 4260
f 4243 4260 4259
f 4244 4245 4261
f 4244 4261 4260
f 4245 4246 4262
f 4245 4262 4261
f 4246 4247 4263
f 4246 4263 4262
f 4247 4248 4264
f 4247 4264 4263
f 4248 4249 4265
f 4248 4265 4264
f 4249 4250 4266
f 4249 4266 4265
f 4250 4251 4267
f 4250 4267 4266
f 4251 4252 4268
f 4251 4268 4267
f 4252 4253 4269
f 4252 4269 4268
f 4253 4254 4270
f 4253 4270 4269
f 4254 4255 4271
f 4254 4271 4270
f 4255 4256 4272
f 4255 4272 4271
f 4256 4241 4257
f 4256 4257 4272
f 4241 4242 4243
f 4241 4243 4244
f 4241 4244 4245
f 4241 4245 4246
f 4241 4246 4247
f 4241 4247 4248
f 4241 4248 4249
f 4241 4249 4250
f 4241 4250 4251
f 4241 4251 4252
f 4241 4252 4253
f 4241 4253 4254
f 4241 4254 4255
f 4241 4255 4256
f 4272 4271 4270
f 4272 4270 4269
f 4272 4269 4268
f 4272 4268 4267
f 4272 4267 4266
f 4272 4266 4265
f 4272 4265 4264
f 4272 4264 4263
f 4272 4263 4262
f 4272 4262 4261
f 4272 4261 4260
f 4272 4260 4259
f 4272 4259 4258
f 4272 4258 4257
f 4273 4274 4290
f 4273 4290 4289
f 4274 4275 4291
f 4274 4291 4290
f 4275 4276 4292
f 4275 4292 4291
f 4276 4277 4293
f 4276 4293 4292
f 4277 4278 4294
f 4277 4294 4293
f 4278 4279 4295
f 4278 4295 4294
f 4279 4280 4296
f 4279 4296 4295
f 4280 4281 4297
f 4280 4297 4296
f 4281 4282 4298
f 4281 4298 4297
f 4282 4283 4299
f 4282 4299 4298
f 4283 4284 4300
f 4283 4300 4299
f 4284 4285 4301
f 4284 4301 4300
f 4285 4286 4302
f 4285 4302 4301
f 4286 4287 4303
f 4286 4303 4302
f 4287 4288 4304
f 4287 4304 4303
f 4288 4273 4289
f 4288 4289 4304
f 4273 4274 4275
f 4273 4275 4276
f 4273 4276 4277
f 4273 4277 4278
f 4273 4278 4279
f 4273 4279 4280
f 4273 4280 4281
f 4273 4281 4282
f 4273 4282 4283
f 4273 4283 4284
f 4273 4284 4285
f 4273 4285 4286
f 4273 4286 4287
f 4273 4287 4288
f 4304 4303 4302
f 4304 4302 4301
f 4304 4301 4300
f 4304 4300 4299
f 4304 4299 4298
f 4304 4298 4297
f 4304 4297 4296
f 4304 4296 4295
f 4304 4295 4294
f 4304 4294 4293
f 4304 4293 4292
f 4304 4292 4291
f 4304 4291 4290
f 4304 4290 4289
f 4305 4306 4322
f 4305 4322 4321
f 4306 4307 4323
f 4306 4323 4322
f 4307 4308 4324
f 4307 4324 4323
f 4308 4309 4325
f 4308 4325 4324
f 4309 4310 4326
f 4309 4326 4325
f 4310 4311 4327
f 4310 4327 4326
f 4311 4312 4328
f 4311 4328 4327
f 4312 4313 4329
f 4312 4329 4328
f 4313 4314 4330
f 4313 4330 4329
f 4314 4315 4331
f 4314 4331 4330
f 4315 4316 4332
f 4315 4332 4331
f 4316 4317 4333
f 4316 4333 4332
f 4317 4318 4334
f 4317 4334 4333
f 4318 4319 4335
f 4318 4335 4334
f 4319 4320 4336
f 4319 4336 4335
f 4320 4305 4321
f 4320 4321 4336
f 4305 4306 4307
f 4305 4307 4308
f 4305 4308 4309
f 4305 4309 4310
f 4305 4310 4311
f 4305 4311 4312
f 4305 4312 4313
f 4305 4313 4314
f 4305 4314 4315
f 4305 4315 4316
f 4305 4316 4317
f 4305 4317 4318
f 4305 4318 4319
f 4305 4319 4320
f 4336 4335 4334
f 4336 4334 4333
f 4336 4333 4332
f 4336 4332 4331
f 4336 4331 4330
f 4336 4330 4329
f 4336 4329 4328
f 4336 4328 4327
f 4336 4327 4326
f 4336 4326 4325
f 4336 4325 4324
f 4336 4324 4323
f 4336 4323 4322
f 4336 4322 4321
f 4337 4338 4354
f 4337 4354 4353
f 4338 4339 4355
f 4338 4355 4354
f 4339 4340 4356
f 4339 4356 4355
f 4340 4341 4357
f 4340 4357 4356
f 4341 4342 4358
f 4341 4358 4357
f 4342 4343 4359
f 4342 4359 4358
f 4343 4344 4360
f 4343 4360 4359
f 4344 4345 4361
f 4344 4361 4360
f 4345 4346 4362
f 4345 4362 4361
f 4346 4347 4363
f 4346 4363 4362
f 4347 4348 4364
f 4347 4364 4363
f 4348 4349 4365
f 4348 4365 4364
f 4349 4350 4366
f 4349 4366 4365
f 4350 4351 4367
f 4350 4367 4366
f 4351 4352 4368
f 4351 4368 4367
f 4352 4337 4353
f 4352 4353 4368
f 4337 4338 4339
f 4337 4339 4340
f 4337 4340 4341
f 4337 4341 4342
f 4337 4342 4343
f 4337 4343 4344
f 4337 4344 4345
f 4337 4345 4346
f 4337 4346 4347
f 4337 4347 4348
f 4337 4348 4349
f 4337 4349 4350
f 4337 4350 4351
f 4337 4351 4352
f 4368 4367 4366
f 4368 4366 4365
f 4368 4365 4364
f 4368 4364 4363
f 4368 4363 4362
f 4368 4362 4361
f 4368 4361 4360
f 4368 4360 4359
f 4368 4359 4358
f 4368 4358 4357
f 4368 4357 4356
f 4368 4356 4355
f 4368 4355 4354
f 4368 4354 4353
f 4369 4370 4386
f 4369 4386 4385
f 4370 4371 4387
f 4370 4387 4386
f 4371 4372 4388
f 4371 4388 4387
f 4372 4373 4389
f 4372 4389 4388
f 4373 4374 4390
f 4373 4390 4389
f 4374 4375 4391
f 4374 4391 4390
f 4375 4376 4392
f 4375 4392 4391
f 4376 4377 4393
f 4376 4393 4392
f 4377 4378 4394
f 4377 4394 4393
f 4378 4379 4395
f 4378 4395 4394
f 4379 4380 4396
f 4379 4396 4395
f 4380 4381 4397
f 4380 4397 4396
f 4381 4382 4398
f 4381 4398 4397
f 4382 4383 4399
f 4382 4399 4398
f 4383 4384 4400
f 4383 4400 4399
f 4384 4369 4385
f 4384 4385 4400
f 4369 4370 4371
f 4369 4371 4372
f 4369 4372 4373
f 4369 4373 4374
f 4369 4374 4375
f 4369 4375 4376
f 4369 4376 4377
f 4369 4377 4378
f 4369 4378 4379
f 4369 4379 4380
f 4369 4380 4381
f 4369 4381 4382
f 4369 4382 4383
f 4369 4383 4384
f 4400 4399 4398
f 4400 4398 4397
f 4400 4397 4396
f 4400 4396 4395
f 4400 4395 4394
f 4400 4394 4393
f 4400 4393 4392
f 4400 4392 4391
f 4400 4391 4390
f 4400 4390 4389
f 4400 4389 4388
f 4400 4388 4387
f 4400 4387 4386
f 4400 4386 4385
f 4401 4402 4418
f 4401 4418 4417
f 4402 4403 4419
f 4402 4419 4418
f 4403 4404 4420
f 4403 4420 4419
f 4404 4405 4421
f 4404 4421 4420
f 4405 4406 4422
f 4405 4422 4421
f 4406 4407 4423
f 4406 4423 4422
f 4407 4408 4424
f 4407 4424 4423
f 4408 4409 4425
f 4408 4425 4424
f 4409 4410 4426
f 4409 4426 4425
f 4410 4411 4427
f 4410 4427 4426
f 4411 4412 4428
f 4411 4428 4427
f 4412 4413 4429
f 4412 4429 4428
f 4413 4414 4430
f 4413 4430 4429
f 4414 4415 4431
f 4414 4431 4430
f 4415 4416 4432
f 4415 4432 4431
f 4416 4401 4417
f 4416 4417 4432
f 4401 4402 4403
f 4401 4403 4404
f 4401 4404 4405
f 4401 4405 4406
f 4401 4406 4407
f 4401 4407 4408
f 4401 4408 4409
f 4401 4409 4410
f 4401 4410 4411
f 4401 4411 4412
f 4401 4412 4413
f 4401 4413 4414
f 4401 4414 4415
f 4401 4415 4416
f 4432 4431 4430
f 4432 4430 4429
f 4432 4429 4428
f 4432 4428 4427
f 4432 4427 4426
f 4432 4426 4425
f 4432 4425 4424
f 4432 4424 4423
f 4432 4423 4422
f 4432 4422 4421
f 4432 4421 4420
f 4432 4420 4419
f 4432 4419 4418
f 4432 4418 4417
f 4433 4434 4450
f 4433 4450 4449
f 4434 4435 4451
f 4434 4451 4450
f 4435 4436 4452
f 4435 4452 4451
f 4436 4437 4453
f 4436 4453 4452
f 4437 4438 4454
f 4437 4454 4453
f 4438 4439 4455
f 4438 4455 4454
f 4439 4440 4456
f 4439 4456 4455
f 4440 4441 4457
f 4440 4457 4456
f 4441 4442 4458
f 4441 4458 4457
f 4442 4443 4459
f 4442 4459 4458
f 4443 4444 4460
f 4443 4460 4459
f 4444 4445 4461
f 4444 4461 4460
f 4445 4446 4462
f 4445 4462 4461
f 4446 4447 4463
f 4446 4463 4462
f 4447 4448 4464
f 4447 4464 4463
f 4448 4433 4449
f 4448 4449 4464
f 4433 4434 4435
f 4433 4435 4436
f 4433 4436 4437
f 4433 4437 4438
f 4433 4438 4439
f 4433 4439 4440
f 4433 4440 4441
f 4433 4441 4442
f 4433 4442 4443
f 4433 4443 4444
f 4433 4444 4445
f 4433 4445 4446
f 4433 4446 4447
f 4433 4447 4448
f 4464 4463 4462
f 4464 4462 4461
f 4464 4461 4460
f 4464 4460 4459
f 4464 4459 4458
f 4464 4458 4457
f 4464 4457 4456
f 4464 4456 4455
f 4464 4455 4454
f 4464 4454 4453
f 4464 4453 4452
f 4464 4452 4451
f 4464 4451 4450
f 4464 4450 4449
f 4465 4466 4482
f 4465 4482 4481
f 4466 4467 4483
f 4466 4483 4482
f 4467 4468 4484
f 4467 4484 4483
f 4468 4469 4485
f 4468 4485 4484
f 4469 4470 4486
f 4469 4486 4485
f 4470 4471 4487
f 4470 4487 4486
f 4471 4472 4488
f 4471 4488 4487
f 4472 4473 4489
f 4472 4489 4488
f 4473 4474 4490
f 4473 4490 4489
f 4474 4475 4491
f 4474 4491 4490
f 4475 4476 4492
f 4475 4492 4491
f 4476 4477 4493
f 4476 4493 4492
f 4477 4478 4494
f 4477 4494 4493
f 4478 4479 4495
f 4478 4495 4494
f 4479 4480 4496
f 4479 4496 4495
f 4480 4465 4481
f 4480 4481 4496
f 4465 4466 4467
f 4465 4467 4468
f 4465 4468 4469
f 4465 4469 4470
f 4465 4470 4471
f 4465 4471 4472
f 4465 4472 4473
f 4465 4473 4474
f 4465 4474 4475
f 4465 4475 4476
f 4465 4476 4477
f 4465 4477 4478
f 4465 4478 4479
f 4465 4479 4480
f 4496 4495 4494
f 4496 4494 4493
f 4496 4493 4492
f 4496 4492 4491
f 4496 4491 4490
f 4496 4490 4489
f 4496 4489 4488
f 4496 4488 4487
f 4496 4487 4486
f 4496 4486 4485
f 4496 4485 4484
f 4496 4484 4483
f 4496 4483 4482
f 4496 4482 4481
f 4497 4498 4514
f 4497 4514 4513
f 4498 4499 4515
f 4498 4515 4514
f 4499 4500 4516
f 4499 4516 4515
f 4500 4501 4517
f 4500 4517 4516
f 4501 4502 4518
f 4501 4518 4517
f 4502 4503 4519
f 4502 4519 4518
f 4503 4504 4520
f 4503 4520 4519
f 4504 4505 4521
f 4504 4521 4520
f 4505 4506 4522
f 4505 4522 4521
f 4506 4507 4523
f 4506 4523 4522
f 4507 4508 4524
f 4507 4524 4523
f 4508 4509 4525
f 4508 4525 4524
f 4509 4510 4526
f 4509 4526 4525
f 4510 4511 4527
f 4510 4527 4526
f 4511 4512 4528
f 4511 4528 4527
f 4512 4497 4513
f 4512 4513 4528
f 4497 4498 4499
f 4497 4499 4500
f 4497 4500 4501
f 4497 4501 4502
f 4497 4502 4503
f 4497 4503 4504
f 4497 4504 4505
f 4497 4505 4506
f 4497 4506 4507
f 4497 4507 4508
f 4497 4508 4509
f 4497 4509 4510
f 4497 4510 4511
f 4497 4511 4512
f 4528 4527 4526
f 4528 4526 4525
f 4528 4525 4524
f 4528 4524 4523
f 4528 4523 4522
f 4528 4522 4521
f 4528 4521 4520
f 4528 4520 4519
f 4528 4519 4518
f 4528 4518 4517
f 4528 4517 4516
f 4528 4516 4515
f 4528 4515 4514
f 4528 4514 4513
f 4529 4530 4546
f 4529 4546 4545
f 4530 4531 4547
f 4530 4547 4546
f 4531 4532 4548
f 4531 4548 4547
f 4532 4533 4549
f 4532 4549 4548
f 4533 4534 4550
f 4533 4550 4549
f 4534 4535 4551
f 4534 4551 4550
f 4535 4536 4552
f 4535 4552 4551
f 4536 4537 4553
f 4536 4553 4552
f 4537 4538 4554
f 4537 4554 4553
f 4538 4539 4555
f 4538 4555 4554
f 4539 4540 4556
f 4539 4556 4555
f 4540 4541 4557
f 4540 4557 4556
f 4541 4542 4558
f 4541 4558 4557
f 4542 4543 4559
f 4542 4559 4558
f 4543 4544 4560
f 4543 4560 4559
f 4544 4529 4545
f 4544 4545 4560
f 4529 4530 4531
f 4529 4531 4532
f 4529 4532 4533
f 4529 4533 4534
f 4529 4534 4535
f 4529 4535 4536
f 4529 4536 4537
f 4529 4537 4538
f 4529 4538 4539
f 4529 4539 4540
f 4529 4540 4541
f 4529 4541 4542
f 4529 4542 4543
f 4529 4543 4544
f 4560 4559 4558
f 4560 4558 4557
f 4560 4557 4556
f 4560 4556 4555
f 4560 4555 4554
f 4560 4554 4553
f 4560 4553 4552
f 4560 4552 4551
f 4560 4551 4550
f 4560 4550 4549
f 4560 4549 4548
f 4560 4548 4547
f 4560 4547 4546
f 4560 4546 4545
f 4561 4562 4578
f 4561 4578 4577
f 4562 4563 4579
f 4562 4579 4578
f 4563 4564 4580
f 4563 4580 4579
f 4564 4565 4581
f 4564 4581 4580
f 4565 4566 4582
f 4565 4582 4581
f 4566 4567 4583
f 4566 4583 4582
f 4567 4568 4584
f 4567 4584 4583
f 4568 4569 4585
f 4568 4585 4584
f 4569 4570 4586
f 4569 4586 4585
f 4570 4571 4587
f 4570 4587 4586
f 4571 4572 4588
f 4571 4588 4587
f 4572 4573 4589
f 4572 4589 4588
f 4573 4574 4590
f 4573 4590 4589
f 4574 4575 4591
f 4574 4591 4590
f 4575 4576 4592
f 4575 4592 4591
f 4576 4561 4577
f 4576 4577 4592
f 4561 4562 4563
f 4561 4563 4564
f 4561 4564 4565
f 4561 4565 4566
f 4561 4566 4567
f 4561 4567 4568
f 4561 4568 4569
f 4561 4569 4570
f 4561 4570 4571
f 4561 4571 4572
f 4561 4572 4573
f 4561 4573 4574
f 4561 4574 4575
f 4561 4575 4576
f 4592 4591 4590
f 4592 4590 4589
f 4592 4589 4588
f 4592 4588 4587
f 4592 4587 4586
f 4592 4586 4585
f 4592 4585 4584
f 4592 4584 4583
f 4592 4583 4582
f 4592 4582 4581
f 4592 4581 4580
f 4592 4580 4579
f 4592 4579 4578
f 4592 4578 4577
f 4593 4594 4610
f 4593 4610 4609
f 4594 4595 4611
f 4594 4611 4610
f 4595 4596 4612
f 4595 4612 4611
f 4596 4597 4613
f 4596 4613 4612
f 4597 4598 4614
f 4597 4614 4613
f 4598 4599 4615
f 4598 4615 4614
f 4599 4600 4616
f 4599 4616 4615
f 4600 4601 4617
f 4600 4617 4616
f 4601 4602 4618
f 4601 4618 4617
f 4602 4603 4619
f 4602 4619 4618
f 4603 4604 4620
f 4603 4620 4619
f 4604 4605 4621
f 4604 4621 4620
f 4605 4606 4622
f 4605 4622 4621
f 4606 4607 4623
f 4606 4623 4622
f 4607 4608 4624
f 4607 4624 4623
f 4608 4593 4609
f 4608 4609 4624
f 4593 4594 4595
f 4593 4595 4596
f 4593 4596 4597
f 4593 4597 4598
f 4593 4598 4599
f 4593 4599 4600
f 4593 4600 4601
f 4593 4601 4602
f 4593 4602 4603
f 4593 4603 4604
f 4593 4604 4605
f 4593 4605 4606
f 4593 4606 4607
f 4593 4607 4608
f 4624 4623 4622
f 4624 4622 4621
f 4624 4621 4620
f 4624 4620 4619
f 4624 4619 4618
f 4624 4618 4617
f 4624 4617 4616
f 4624 4616 4615
f 4624 4615 4614
f 4624 4614 4613
f 4624 4613 4612
f 4624 4612 4611
f 4624 4611 4610
f 4624 4610 4609
f 4625 4626 4627
f 4625 4627 4628
f 4629 4632 4631
f 4629 4631 4630
f 4625 4629 4630
f 4625 4630 4626
f 4626 4630 4631
f 4626 4631 4627
f 4627 4631 4632
f 4627 4632 4628
f 4628 4632 4629
f 4628 4629 4625
f 4633 4634 4635
f 4633 4635 4636
f 4637 4640 4639
f 4637 4639 4638
f 4633 4637 4638
f 4633 4638 4634
f 4634 4638 4639
f 4634 4639 4635
f 4635 4639 4640
f 4635 4640 4636
f 4636 4640 4637
f 4636 4637 4633
f 4641 4642 4643
f 4641 4643 4644
f 4645 4648 4647
f 4645 4647 4646
f 4641 4645 4646
f 4641 4646 4642
f 4642 4646 4647
f 4642 4647 4643
f 4643 4647 4648
f 4643 4648 4644
f 4644 4648 4645
f 4644 4645 4641
f 4649 4650 4651
f 4649 4651 4652
f 4653 4656 4655
f 4653 4655 4654
f 4649 4653 4654
f 4649 4654 4650
f 4650 4654 4655
f 4650 4655 4651
f 4651 4655 4656
f 4651 4656 4652
f 4652 4656 4653
f 4652 4653 4649
f 4657 4658 4659
f 4657 4659 4660
f 4661 4664 4663
f 4661 4663 4662
f 4657 4661 4662
f 4657 4662 4658
f 4658 4662 4663
f 4658 4663 4659
f 4659 4663 4664
f 4659 4664 4660
f 4660 4664 4661
f 4660 4661 4657
f 4665 4666 4667
f 4665 4667 4668
f 4669 4672 4671
f 4669 4671 4670
f 4665 4669 4670
f 4665 4670 4666
f 4666 4670 4671
f 4666 4671 4667
f 4667 4671 4672
f 4667 4672 4668
f 4668 4672 4669
f 4668 4669 4665
f 4673 4674 4675
f 4673 4675 4676
f 4677 4680 4679
f 4677 4679 4678
f 4673 4677 4678
f 4673 4678 4674
f 4674 4678 4679
f 4674 4679 4675
f 4675 4679 4680
f 4675 4680 4676
f 4676 4680 4677
f 4676 4677 4673
f 4681 4682 4683
f 4681 4683 4684
f 4685 4688 4687
f 4685 4687 4686
f 4681 4685 4686
f 4681 4686 4682
f 4682 4686 4687
f 4682 4687 4683
f 4683 4687 4688
f 4683 4688 4684
f 4684 4688 4685
f 4684 4685 4681
f 4689 4690 4691
f 4689 4691 4692
f 4693 4696 4695
f 4693 4695 4694
f 4689 4693 4694
f 4689 4694 4690
f 4690 4694 4695
f 4690 4695 4691
f 4691 4695 4696
f 4691 4696 4692
f 4692 4696 4693
f 4692 4693 4689
f 4697 4698 4699
f 4697 4699 4700
f 4701 4704 4703
f 4701 4703 4702
f 4697 4701 4702
f 4697 4702 4698
f 4698 4702 4703
f 4698 4703 4699
f 4699 4703 4704
f 4699 4704 4700
f 4700 4704 4701
f 4700 4701 4697
f 4705 4706 4707
f 4705 4707 4708
f 4709 4712 4711
f 4709 4711 4710
f 4705 4709 4710
f 4705 4710 4706
f 4706 4710 4711
f 4706 4711 4707
f 4707 4711 4712
f 4707 4712 4708
f 4708 4712 4709
f 4708 4709 4705
f 4713 4714 4715
f 4713 4715 4716
f 4717 4720 4719
f 4717 4719 4718
f 4713 4717 4718
f 4713 4718 4714
f 4714 4718 4719
f 4714 4719 4715
f 4715 4719 4720
f 4715 4720 4716
f 4716 4720 4717
f 4716 4717 4713
f 4721 4722 4723
f 4721 4723 4724
f 4725 4728 4727
f 4725 4727 4726
f 4721 4725 4726
f 4721 4726 4722
f 4722 4726 4727
f 4722 4727 4723
f 4723 4727 4728
f 4723 4728 4724
f 4724 4728 4725
f 4724 4725 4721
f 4729 4730 4750
f 4729 4750 4749
f 4730 4731 4751
f 4730 4751 4750
f 4731 4732 4752
f 4731 4752 4751
f 4732 4733 4753
f 4732 4753 4752
f 4733 4734 4754
f 4733 4754 4753
f 4734 4735 4755
f 4734 4755 4754
f 4735 4736 4756
f 4735 4756 4755
f 4736 4737 4757
f 4736 4757 4756
f 4737 4738 4758
f 4737 4758 4757
f 4738 4739 4759
f 4738 4759 4758
f 4739 4740 4760
f 4739 4760 4759
f 4740 4741 4761
f 4740 4761 4760
f 4741 4742 4762
f 4741 4762 4761
f 4742 4743 4763
f 4742 4763 4762
f 4743 4744 4764
f 4743 4764 4763
f 4744 4745 4765
f 4744 4765 4764
f 4745 4746 4766
f 4745 4766 4765
f 4746 4747 4767
f 4746 4767 4766
f 4747 4748 4768
f 4747 4768 4767
f 4748 4729 4749
f 4748 4749 4768
f 4729 4730 4731
f 4729 4731 4732
f 4729 4732 4733
f 4729 4733 4734
f 4729 4734 4735
f 4729 4735 4736
f 4729 4736 4737
f 4729 4737 4738
f 4729 4738 4739
f 4729 4739 4740
f 4729 4740 4741
f 4729 4741 4742
f 4729 4742 4743
f 4729 4743 4744
f 4729 4744 4745
f 4729 4745 4746
f 4729 4746 4747
f 4729 4747 4748
f 4768 4767 4766
f 4768 4766 4765
f 4768 4765 4764
f 4768 4764 4763
f 4768 4763 4762
f 4768 4762 4761
f 4768 4761 4760
f 4768 4760 4759
f 4768 4759 4758
f 4768 4758 4757
f 4768 4757 4756
f 4768 4756 4755
f 4768 4755 4754
f 4768 4754 4753
f 4768 4753 4752
f 4768 4752 4751
f 4768 4751 4750
f 4768 4750 4749
f 4769 4770 4790
f 4769 4790 4789
f 4770 4771 4791
f 4770 4791 4790
f 4771 4772 4792
f 4771 4792 4791
f 4772 4773 4793
f 4772 4793 4792
f 4773 4774 4794
f 4773 4794 4793
f 4774 4775 4795
f 4774 4795 4794
f 4775 4776 4796
f 4775 4796 4795
f 4776 4777 4797
f 4776 4797 4796
f 4777 4778 4798
f 4777 4798 4797
f 4778 4779 4799
f 4778 4799 4798
f 4779 4780 4800
f 4779 4800 4799
f 4780 4781 4801
f 4780 4801 4800
f 4781 4782 4802
f 4781 4802 4801
f 4782 4783 4803
f 4782 4803 4802
f 4783 4784 4804
f 4783 4804 4803
f 4784 4785 4805
f 4784 4805 4804
f 4785 4786 4806
f 4785 4806 4805
f 4786 4787 4807
f 4786 4807 4806
f 4787 4788 4808
f 4787 4808 4807
f 4788 4769 4789
f 4788 4789 4808
f 4769 4770 4771
f 4769 4771 4772
f 4769 4772 4773
f 4769 4773 4774
f 4769 4774 4775
f 4769 4775 4776
f 4769 4776 4777
f 4769 4777 4778
f 4769 4778 4779
f 4769 4779 4780
f 4769 4780 4781
f 4769 4781 4782
f 4769 4782 4783
f 4769 4783 4784
f 4769 4784 4785
f 4769 4785 4786
f 4769 4786 4787
f 4769 4787 4788
f 4808 4807 4806
f 4808 4806 4805
f 4808 4805 4804
f 4808 4804 4803
f 4808 4803 4802
f 4808 4802 4801
f 4808 4801 4800
f 4808 4800 4799
f 4808 4799 4798
f 4808 4798 4797
f 4808 4797 4796
f 4808 4796 4795
f 4808 4795 4794
f 4808 4794 4793
f 4808 4793 4792
f 4808 4792 4791
f 4808 4791 4790
f 4808 4790 4789
f 4809 4810 4830
f 4809 4830 4829
f 4810 4811 4831
f 4810 4831 4830
f 4811 4812 4832
f 4811 4832 4831
f 4812 4813 4833
f 4812 4833 4832
f 4813 4814 4834
f 4813 4834 4833
f 4814 4815 4835
f 4814 4835 4834
f 4815 4816 4836
f 4815 4836 4835
f 4816 4817 4837
f 4816 4837 4836
f 4817 4818 4838
f 4817 4838 4837
f 4818 4819 4839
f 4818 4839 4838
f 4819 4820 4840
f 4819 4840 4839
f 4820 4821 4841
f 4820 4841 4840
f 4821 4822 4842
f 4821 4842 4841
f 4822 4823 4843
f 4822 4843 4842
f 4823 4824 4844
f 4823 4844 4843
f 4824 4825 4845
f 4824 4845 4844
f 4825 4826 4846
f 4825 4846 4845
f 4826 4827 4847
f 4826 4847 4846
f 4827 4828 4848
f 4827 4848 4847
f 4828 4809 4829
f 4828 4829 4848
f 4809 4810 4811
f 4809 4811 4812
f 4809 4812 4813
f 4809 4813 4814
f 4809 4814 4815
f 4809 4815 4816
f 4809 4816 4817
f 4809 4817 4818
f 4809 4818 4819
f 4809 4819 4820
f 4809 4820 4821
f 4809 4821 4822
f 4809 4822 4823
f 4809 4823 4824
f 4809 4824 4825
f 4809 4825 4826
f 4809 4826 4827
f 4809 4827 4828
f 4848 4847 4846
f 4848 4846 4845
f 4848 4845 4844
f 4848 4844 4843
f 4848 4843 4842
f 4848 4842 4841
f 4848 4841 4840
f 4848 4840 4839
f 4848 4839 4838
f 4848 4838 4837
f 4848 4837 4836
f 4848 4836 4835
f 4848 4835 4834
f 4848 4834 4833
f 4848 4833 4832
f 4848 4832 4831
f 4848 4831 4830
f 4848 4830 4829
f 4849 4850 4870
f 4849 4870 4869
f 4850 4851 4871
f 4850 4871 4870
f 4851 4852 4872
f 4851 4872 4871
f 4852 4853 4873
f 4852 4873 4872
f 4853 4854 4874
f 4853 4874 4873
f 4854 4855 4875
f 4854 4875 4874
f 4855 4856 4876
f 4855 4876 4875
f 4856 4857 4877
f 4856 4877 4876
f 4857 4858 4878
f 4857 4878 4877
f 4858 4859 4879
f 4858 4879 4878
f 4859 4860 4880
f 4859 4880 4879
f 4860 4861 4881
f 4860 4881 4880
f 4861 4862 4882
f 4861 4882 4881
f 4862 4863 4883
f 4862 4883 4882
f 4863 4864 4884
f 4863 4884 4883
f 4864 4865 4885
f 4864 4885 4884
f 4865 4866 4886
f 4865 4886 4885
f 4866 4867 4887
f 4866 4887 4886
f 4867 4868 4888
f 4867 4888 4887
f 4868 4849 4869
f 4868 4869 4888
f 4849 4850 4851
f 4849 4851 4852
f 4849 4852 4853
f 4849 4853 4854
f 4849 4854 4855
f 4849 4855 4856
f 4849 4856 4857
f 4849 4857 4858
f 4849 4858 4859
f 4849 4859 4860
f 4849 4860 4861
f 4849 4861 4862
f 4849 4862 4863
f 4849 4863 4864
f 4849 4864 4865
f 4849 4865 4866
f 4849 4866 4867
f 4849 4867 4868
f 4888 4887 4886
f 4888 4886 4885
f 4888 4885 4884
f 4888 4884 4883
f 4888 4883 4882
f 4888 4882 4881
f 4888 4881 4880
f 4888 4880 4879
f 4888 4879 4878
f 4888 4878 4877
f 4888 4877 4876
f 4888 4876 4875
f 4888 4875 4874
f 4888 4874 4873
f 4888 4873 4872
f 4888 4872 4871
f 4888 4871 4870
f 4888 4870 4869
f 4889 4890 4891
f 4889 4891 4892
f 4893 4896 4895
f 4893 4895 4894
f 4889 4893 4894
f 4889 4894 4890
f 4890 4894 4895
f 4890 4895 4891
f 4891 4895 4896
f 4891 4896 4892
f 4892 4896 4893
f 4892 4893 4889
f 4897 4898 4899
f 4897 4899 4900
f 4901 4904 4903
f 4901 4903 4902
f 4897 4901 4902
f 4897 4902 4898
f 4898 4902 4903
f 4898 4903 4899
f 4899 4903 4904
f 4899 4904 4900
f 4900 4904 4901
f 4900 4901 4897
f 4905 4906 4907
f 4905 4907 4908
f 4909 4912 4911
f 4909 4911 4910
f 4905 4909 4910
f 4905 4910 4906
f 4906 4910 4911
f 4906 4911 4907
f 4907 4911 4912
f 4907 4912 4908
f 4908 4912 4909
f 4908 4909 4905
f 4913 4914 4915
f 4913 4915 4916
f 4917 4920 4919
f 4917 4919 4918
f 4913 4917 4918
f 4913 4918 4914
f 4914 4918 4919
f 4914 4919 4915
f 4915 4919 4920
f 4915 4920 4916
f 4916 4920 4917
f 4916 4917 4913
f 4921 4922 4923
f 4921 4923 4924
f 4925 4928 4927
f 4925 4927 4926
f 4921 4925 4926
f 4921 4926 4922
f 4922 4926 4927
f 4922 4927 4923
f 4923 4927 4928
f 4923 4928 4924
f 4924 4928 4925
f 4924 4925 4921
f 4929 4930 4931
f 4929 4931 4932
f 4933 4936 4935
f 4933 4935 4934
f 4929 4933 4934
f 4929 4934 4930
f 4930 4934 4935
f 4930 4935 4931
f 4931 4935 4936
f 4931 4936 4932
f 4932 4936 4933
f 4932 4933 4929
f 4937 4938 4939
f 4937 4939 4940
f 4941 4944 4943
f 4941 4943 4942
f 4937 4941 4942
f 4937 4942 4938
f 4938 4942 4943
f 4938 4943 4939
f 4939 4943 4944
f 4939 4944 4940
f 4940 4944 4941
f 4940 4941 4937
f 4945 4946 4947
f 4945 4947 4948
f 4949 4952 4951
f 4949 4951 4950
f 4945 4949 4950
f 4945 4950 4946
f 4946 4950 4951
f 4946 4951 4947
f 4947 4951 4952
f 4947 4952 4948
f 4948 4952 4949
f 4948 4949 4945
f 4953 4954 4955
f 4953 4955 4956
f 4957 4960 4959
f 4957 4959 4958
f 4953 4957 4958
f 4953 4958 4954
f 4954 4958 4959
f 4954 4959 4955
f 4955 4959 4960
f 4955 4960 4956
f 4956 4960 4957
f 4956 4957 4953
f 4961 4962 4963
f 4961 4963 4964
f 4965 4968 4967
f 4965 4967 4966
f 4961 4965 4966
f 4961 4966 4962
f 4962 4966 4967
f 4962 4967 4963
f 4963 4967 4968
f 4963 4968 4964
f 4964 4968 4965
f 4964 4965 4961
f 4969 4970 4971
f 4969 4971 4972
f 4973 4976 4975
f 4973 4975 4974
f 4969 4973 4974
f 4969 4974 4970
f 4970 4974 4975
f 4970 4975 4971
f 4971 4975 4976
f 4971 4976 4972
f 4972 4976 4973
f 4972 4973 4969
f 4977 4978 4979
f 4977 4979 4980
f 4981 4984 4983
f 4981 4983 4982
f 4977 4981 4982
f 4977 4982 4978
f 4978 4982 4983
f 4978 4983 4979
f 4979 4983 4984
f 4979 4984 4980
f 4980 4984 4981
f 4980 4981 4977
f 4985 4986 4987
f 4985 4987 4988
f 4989 4992 4991
f 4989 4991 4990
f 4985 4989 4990
f 4985 4990 4986
f 4986 4990 4991
f 4986 4991 4987
f 4987 4991 4992
f 4987 4992 4988
f 4988 4992 4989
f 4988 4989 4985
