mtllib rl_dg_base_c_node_STL_BINARY__mesh.mtl
v -0.012749999761581421 -0.03550000116229057 0.017902886494994164
v -0.011095145717263222 -0.03350000083446503 0.01733952946960926
v -0.011095145717263222 -0.03550000116229057 0.01733952946960926
v -0.011095145717263222 -0.03550000116229057 0.01754138432443142
v -0.012749999761581421 -0.03550000116229057 0.017902886494994164
v -0.011095145717263222 -0.03550000116229057 0.01733952946960926
v -0.011095145717263222 -0.03449999913573265 0.01754138432443142
v -0.011095145717263222 -0.03550000116229057 0.01754138432443142
v -0.011095145717263222 -0.03550000116229057 0.01733952946960926
v -0.011095145717263222 -0.03350000083446503 0.01733952946960926
v -0.011095145717263222 -0.03449999913573265 0.01754138432443142
v -0.011095145717263222 -0.03550000116229057 0.01733952946960926
v -0.008249999955296516 -0.02850000001490116 0.017902886494994164
v -0.008249999955296516 -0.03550000116229057 0.017902886494994164
v -0.009904853999614716 -0.03550000116229057 0.01733952946960926
v -0.009904853999614716 -0.03350000083446503 0.01733952946960926
v -0.008249999955296516 -0.02850000001490116 0.017902886494994164
v -0.009904853999614716 -0.03550000116229057 0.01733952946960926
v -0.007934444583952427 -0.03550000116229057 0.018349213525652885
v -0.009904853999614716 -0.03550000116229057 0.01754138432443142
v -0.009904853999614716 -0.03550000116229057 0.01733952946960926
v -0.008249999955296516 -0.03550000116229057 0.017902886494994164
v -0.007934444583952427 -0.03550000116229057 0.018349213525652885
v -0.009904853999614716 -0.03550000116229057 0.01733952946960926
v -0.009904853999614716 -0.03550000116229057 0.01754138432443142
v -0.009904853999614716 -0.03449999913573265 0.01754138432443142
v -0.009904853999614716 -0.03550000116229057 0.01733952946960926
v -0.009904853999614716 -0.03449999913573265 0.01754138432443142
v -0.009904853999614716 -0.03350000083446503 0.01733952946960926
v -0.009904853999614716 -0.03550000116229057 0.01733952946960926
v -0.01306555513292551 -0.03550000116229057 0.018349213525652885
v -0.012749999761581421 -0.03550000116229057 0.017902886494994164
v -0.011095145717263222 -0.03550000116229057 0.01754138432443142
v -0.011095145717263222 -0.03449999913573265 0.01754138432443142
v -0.01306555513292551 -0.03550000116229057 0.018349213525652885
v -0.011095145717263222 -0.03550000116229057 0.01754138432443142
v -0.007934444583952427 -0.03449999913573265 0.018349213525652885
v -0.009904853999614716 -0.03449999913573265 0.01754138432443142
v -0.009904853999614716 -0.03550000116229057 0.01754138432443142
v -0.007934444583952427 -0.03550000116229057 0.018349213525652885
v -0.007934444583952427 -0.03449999913573265 0.018349213525652885
v -0.009904853999614716 -0.03550000116229057 0.01754138432443142
v -0.011095145717263222 -0.03550000116229057 0.01848038099706173
v -0.011560659855604172 -0.03550000116229057 0.017937684431672096
v -0.011095145717263222 -0.03550000116229057 0.0177434254437685
v -0.011095145717263222 -0.03449999913573265 0.0177434254437685
v -0.011095145717263222 -0.03350000083446503 0.01848038099706173
v -0.011095145717263222 -0.03550000116229057 0.0177434254437685
v -0.011095145717263222 -0.03350000083446503 0.01848038099706173
v -0.011095145717263222 -0.03550000116229057 0.01848038099706173
v -0.011095145717263222 -0.03550000116229057 0.0177434254437685
v -0.011560659855604172 -0.03550000116229057 0.017937684431672096
v -0.011095145717263222 -0.03449999913573265 0.0177434254437685
v -0.011095145717263222 -0.03550000116229057 0.0177434254437685
v -0.009439339861273766 -0.03550000116229057 0.017937684431672096
v -0.009904853999614716 -0.03550000116229057 0.01848038099706173
v -0.009904853999614716 -0.03550000116229057 0.0177434254437685
v -0.009904853999614716 -0.03550000116229057 0.01848038099706173
v -0.009904853999614716 -0.03449999913573265 0.0177434254437685
v -0.009904853999614716 -0.03550000116229057 0.0177434254437685
v -0.009904853999614716 -0.03449999913573265 0.0177434254437685
v -0.009439339861273766 -0.03550000116229057 0.017937684431672096
v -0.009904853999614716 -0.03550000116229057 0.0177434254437685
v -0.012749999761581421 -0.02850000001490116 0.017902886494994164
v -0.011095145717263222 -0.03350000083446503 0.01733952946960926
v -0.012749999761581421 -0.03550000116229057 0.017902886494994164
v -0.014397114515304565 -0.03550000116229057 0.01954999938607216
v -0.012749999761581421 -0.02850000001490116 0.017902886494994164
v -0.012749999761581421 -0.03550000116229057 0.017902886494994164
v -0.01306555513292551 -0.03550000116229057 0.018349213525652885
v -0.014397114515304565 -0.03550000116229057 0.01954999938607216
v -0.012749999761581421 -0.03550000116229057 0.017902886494994164
v -0.006602885667234659 -0.02850000001490116 0.01954999938607216
v -0.006602885667234659 -0.03550000116229057 0.01954999938607216
v -0.008249999955296516 -0.03550000116229057 0.017902886494994164
v -0.008249999955296516 -0.02850000001490116 0.017902886494994164
v -0.006602885667234659 -0.02850000001490116 0.01954999938607216
v -0.008249999955296516 -0.03550000116229057 0.017902886494994164
v -0.006602885667234659 -0.03550000116229057 0.01954999938607216
v -0.007934444583952427 -0.03550000116229057 0.018349213525652885
v -0.008249999955296516 -0.03550000116229057 0.017902886494994164
v -0.011560659855604172 -0.03550000116229057 0.020739339292049408
v -0.012121320702135563 -0.03550000116229057 0.01967868022620678
v -0.011560659855604172 -0.03550000116229057 0.017937684431672096
v -0.011095145717263222 -0.03550000116229057 0.01848038099706173
v -0.011560659855604172 -0.03550000116229057 0.020739339292049408
v -0.011560659855604172 -0.03550000116229057 0.017937684431672096
v -0.012121320702135563 -0.03550000116229057 0.01967868022620678
v -0.01218830794095993 -0.03550000116229057 0.0194286797195673
v -0.011560659855604172 -0.03550000116229057 0.017937684431672096
v -0.01218830794095993 -0.03550000116229057 0.0194286797195673
v -0.012371320277452469 -0.03550000116229057 0.01924566738307476
v -0.011560659855604172 -0.03550000116229057 0.017937684431672096
v -0.012371320277452469 -0.03550000116229057 0.01924566738307476
v -0.012964888475835323 -0.03550000116229057 0.018523672595620155
v -0.011560659855604172 -0.03550000116229057 0.017937684431672096
v -0.012964888475835323 -0.03449999913573265 0.018523672595620155
v -0.011095145717263222 -0.03449999913573265 0.0177434254437685
v -0.011560659855604172 -0.03550000116229057 0.017937684431672096
v -0.012964888475835323 -0.03550000116229057 0.018523672595620155
v -0.012964888475835323 -0.03449999913573265 0.018523672595620155
v -0.011560659855604172 -0.03550000116229057 0.017937684431672096
v -0.009920078329741955 -0.03550000116229057 0.01855691708624363
v -0.009904853999614716 -0.03550000116229057 0.01848038099706173
v -0.009439339861273766 -0.03550000116229057 0.017937684431672096
v -0.008035112172365189 -0.03550000116229057 0.018523672595620155
v -0.008378679864108562 -0.03550000116229057 0.01917867921292782
v -0.009439339861273766 -0.03550000116229057 0.017937684431672096
v -0.008378679864108562 -0.03550000116229057 0.01917867921292782
v -0.008628679439425468 -0.03550000116229057 0.01924566738307476
v -0.009439339861273766 -0.03550000116229057 0.017937684431672096
v -0.008628679439425468 -0.03550000116229057 0.01924566738307476
v -0.008811692707240582 -0.03550000116229057 0.0194286797195673
v -0.009439339861273766 -0.03550000116229057 0.017937684431672096
v -0.009439339861273766 -0.03550000116229057 0.020739339292049408
v -0.009920078329741955 -0.03550000116229057 0.01855691708624363
v -0.009439339861273766 -0.03550000116229057 0.017937684431672096
v -0.008878679946064949 -0.03550000116229057 0.01967868022620678
v -0.009439339861273766 -0.03550000116229057 0.020739339292049408
v -0.009439339861273766 -0.03550000116229057 0.017937684431672096
v -0.008811692707240582 -0.03550000116229057 0.0194286797195673
v -0.008878679946064949 -0.03550000116229057 0.01967868022620678
v -0.009439339861273766 -0.03550000116229057 0.017937684431672096
v -0.009904853999614716 -0.03449999913573265 0.0177434254437685
v -0.008035112172365189 -0.03449999913573265 0.018523672595620155
v -0.009439339861273766 -0.03550000116229057 0.017937684431672096
v -0.008035112172365189 -0.03449999913573265 0.018523672595620155
v -0.008035112172365189 -0.03550000116229057 0.018523672595620155
v -0.009439339861273766 -0.03550000116229057 0.017937684431672096
v -0.014406702481210232 -0.03550000116229057 0.02000342682003975
v -0.014397114515304565 -0.03550000116229057 0.01954999938607216
v -0.01306555513292551 -0.03550000116229057 0.018349213525652885
v -0.01306555513292551 -0.03449999913573265 0.018349213525652885
v -0.014406702481210232 -0.03550000116229057 0.02000342682003975
v -0.01306555513292551 -0.03550000116229057 0.018349213525652885
v -0.011095145717263222 -0.03449999913573265 0.01754138432443142
v -0.01306555513292551 -0.03449999913573265 0.018349213525652885
v -0.01306555513292551 -0.03550000116229057 0.018349213525652885
v -0.006602885667234659 -0.03550000116229057 0.01954999938607216
v -0.0065932972356677055 -0.03550000116229057 0.02000342682003975
v -0.007934444583952427 -0.03550000116229057 0.018349213525652885
v -0.0065932972356677055 -0.03449999913573265 0.02000342682003975
v -0.007934444583952427 -0.03449999913573265 0.018349213525652885
v -0.007934444583952427 -0.03550000116229057 0.018349213525652885
v -0.0065932972356677055 -0.03550000116229057 0.02000342682003975
v -0.0065932972356677055 -0.03449999913573265 0.02000342682003975
v -0.007934444583952427 -0.03550000116229057 0.018349213525652885
v -0.011079921387135983 -0.03550000116229057 0.01855691708624363
v -0.011560659855604172 -0.03550000116229057 0.020739339292049408
v -0.011095145717263222 -0.03550000116229057 0.01848038099706173
v -0.011095145717263222 -0.03350000083446503 0.01848038099706173
v -0.011079921387135983 -0.03550000116229057 0.01855691708624363
v -0.011095145717263222 -0.03550000116229057 0.01848038099706173
v -0.009904853999614716 -0.03350000083446503 0.01848038099706173
v -0.009904853999614716 -0.03449999913573265 0.0177434254437685
v -0.009904853999614716 -0.03550000116229057 0.01848038099706173
v -0.009920078329741955 -0.03350000083446503 0.01855691708624363
v -0.009904853999614716 -0.03350000083446503 0.01848038099706173
v -0.009904853999614716 -0.03550000116229057 0.01848038099706173
v -0.009920078329741955 -0.03550000116229057 0.01855691708624363
v -0.009920078329741955 -0.03350000083446503 0.01855691708624363
v -0.009904853999614716 -0.03550000116229057 0.01848038099706173
v -0.012871320359408855 -0.03550000116229057 0.01924566738307476
v -0.013560660183429718 -0.03550000116229057 0.019266247749328613
v -0.012964888475835323 -0.03550000116229057 0.018523672595620155
v -0.012371320277452469 -0.03550000116229057 0.01924566738307476
v -0.01262132078409195 -0.03550000116229057 0.01917867921292782
v -0.012964888475835323 -0.03550000116229057 0.018523672595620155
v -0.01262132078409195 -0.03550000116229057 0.01917867921292782
v -0.012871320359408855 -0.03550000116229057 0.01924566738307476
v -0.012964888475835323 -0.03550000116229057 0.018523672595620155
v -0.013560660183429718 -0.03550000116229057 0.019266247749328613
v -0.012964888475835323 -0.03449999913573265 0.018523672595620155
v -0.012964888475835323 -0.03550000116229057 0.018523672595620155
v -0.007439339999109507 -0.03550000116229057 0.019266247749328613
v -0.007945667020976543 -0.03550000116229057 0.0194286797195673
v -0.008035112172365189 -0.03550000116229057 0.018523672595620155
v -0.007945667020976543 -0.03550000116229057 0.0194286797195673
v -0.008128679357469082 -0.03550000116229057 0.01924566738307476
v -0.008035112172365189 -0.03550000116229057 0.018523672595620155
v -0.008128679357469082 -0.03550000116229057 0.01924566738307476
v -0.008378679864108562 -0.03550000116229057 0.01917867921292782
v -0.008035112172365189 -0.03550000116229057 0.018523672595620155
v -0.008035112172365189 -0.03449999913573265 0.018523672595620155
v -0.007439339999109507 -0.03550000116229057 0.019266247749328613
v -0.008035112172365189 -0.03550000116229057 0.018523672595620155
v -0.011036567389965057 -0.03550000116229057 0.01862180233001709
v -0.011560659855604172 -0.03550000116229057 0.020739339292049408
v -0.011079921387135983 -0.03550000116229057 0.01855691708624363
v -0.011079921387135983 -0.03350000083446503 0.01855691708624363
v -0.011036567389965057 -0.03550000116229057 0.01862180233001709
v -0.011079921387135983 -0.03550000116229057 0.01855691708624363
v -0.011095145717263222 -0.03350000083446503 0.01848038099706173
v -0.011079921387135983 -0.03350000083446503 0.01855691708624363
v -0.011079921387135983 -0.03550000116229057 0.01855691708624363
v -0.009439339861273766 -0.03550000116229057 0.020739339292049408
v -0.00996343232691288 -0.03550000116229057 0.01862180233001709
v -0.009920078329741955 -0.03550000116229057 0.01855691708624363
v -0.00996343232691288 -0.03350000083446503 0.01862180233001709
v -0.009920078329741955 -0.03350000083446503 0.01855691708624363
v -0.009920078329741955 -0.03550000116229057 0.01855691708624363
v -0.00996343232691288 -0.03550000116229057 0.01862180233001709
v -0.00996343232691288 -0.03350000083446503 0.01862180233001709
v -0.009920078329741955 -0.03550000116229057 0.01855691708624363
v -0.010971682146191597 -0.03550000116229057 0.01866515539586544
v -0.011560659855604172 -0.03550000116229057 0.020739339292049408
v -0.011036567389965057 -0.03550000116229057 0.01862180233001709
v -0.011036567389965057 -0.03350000083446503 0.01862180233001709
v -0.010971682146191597 -0.03550000116229057 0.01866515539586544
v -0.011036567389965057 -0.03550000116229057 0.01862180233001709
v -0.011079921387135983 -0.03350000083446503 0.01855691708624363
v -0.011036567389965057 -0.03350000083446503 0.01862180233001709
v -0.011036567389965057 -0.03550000116229057 0.01862180233001709
v -0.009439339861273766 -0.03550000116229057 0.020739339292049408
v -0.01002831757068634 -0.03550000116229057 0.01866515539586544
v -0.00996343232691288 -0.03550000116229057 0.01862180233001709
v -0.01002831757068634 -0.03350000083446503 0.01866515539586544
v -0.00996343232691288 -0.03350000083446503 0.01862180233001709
v -0.00996343232691288 -0.03550000116229057 0.01862180233001709
v -0.01002831757068634 -0.03550000116229057 0.01866515539586544
v -0.01002831757068634 -0.03350000083446503 0.01866515539586544
v -0.00996343232691288 -0.03550000116229057 0.01862180233001709
v -0.010895146057009697 -0.03550000116229057 0.018680380657315254
v -0.011560659855604172 -0.03550000116229057 0.020739339292049408
v -0.010971682146191597 -0.03550000116229057 0.01866515539586544
v -0.010971682146191597 -0.03350000083446503 0.01866515539586544
v -0.010895146057009697 -0.03550000116229057 0.018680380657315254
v -0.010971682146191597 -0.03550000116229057 0.01866515539586544
v -0.011036567389965057 -0.03350000083446503 0.01862180233001709
v -0.010971682146191597 -0.03350000083446503 0.01866515539586544
v -0.010971682146191597 -0.03550000116229057 0.01866515539586544
v -0.009439339861273766 -0.03550000116229057 0.020739339292049408
v -0.010104854591190815 -0.03550000116229057 0.018680380657315254
v -0.01002831757068634 -0.03550000116229057 0.01866515539586544
v -0.010104854591190815 -0.03350000083446503 0.018680380657315254
v -0.01002831757068634 -0.03350000083446503 0.01866515539586544
v -0.01002831757068634 -0.03550000116229057 0.01866515539586544
v -0.010104854591190815 -0.03550000116229057 0.018680380657315254
v -0.010104854591190815 -0.03350000083446503 0.018680380657315254
v -0.01002831757068634 -0.03550000116229057 0.01866515539586544
v -0.009439339861273766 -0.03550000116229057 0.020739339292049408
v -0.011560659855604172 -0.03550000116229057 0.020739339292049408
v -0.010895146057009697 -0.03550000116229057 0.018680380657315254
v -0.010104854591190815 -0.03550000116229057 0.018680380657315254
v -0.009439339861273766 -0.03550000116229057 0.020739339292049408
v -0.010895146057009697 -0.03550000116229057 0.018680380657315254
v -0.010971682146191597 -0.03350000083446503 0.01866515539586544
v -0.010895146057009697 -0.03350000083446503 0.018680380657315254
v -0.010895146057009697 -0.03550000116229057 0.018680380657315254
v -0.010895146057009697 -0.03350000083446503 0.018680380657315254
v -0.010104854591190815 -0.03350000083446503 0.018680380657315254
v -0.010895146057009697 -0.03550000116229057 0.018680380657315254
v -0.010104854591190815 -0.03350000083446503 0.018680380657315254
v -0.010104854591190815 -0.03550000116229057 0.018680380657315254
v -0.010895146057009697 -0.03550000116229057 0.018680380657315254
v -0.01262132078409195 -0.030500000342726707 0.01917867921292782
v -0.012871320359408855 -0.03550000116229057 0.01924566738307476
v -0.01262132078409195 -0.03550000116229057 0.01917867921292782
v -0.012371320277452469 -0.030500000342726707 0.01924566738307476
v -0.01262132078409195 -0.030500000342726707 0.01917867921292782
v -0.01262132078409195 -0.03550000116229057 0.01917867921292782
v -0.012371320277452469 -0.03550000116229057 0.01924566738307476
v -0.012371320277452469 -0.030500000342726707 0.01924566738307476
v -0.01262132078409195 -0.03550000116229057 0.01917867921292782
v -0.008378679864108562 -0.030500000342726707 0.01917867921292782
v -0.008628679439425468 -0.03550000116229057 0.01924566738307476
v -0.008378679864108562 -0.03550000116229057 0.01917867921292782
v -0.008128679357469082 -0.030500000342726707 0.01924566738307476
v -0.008378679864108562 -0.030500000342726707 0.01917867921292782
v -0.008378679864108562 -0.03550000116229057 0.01917867921292782
v -0.008128679357469082 -0.03550000116229057 0.01924566738307476
v -0.008128679357469082 -0.030500000342726707 0.01924566738307476
v -0.008378679864108562 -0.03550000116229057 0.01917867921292782
v -0.013054332695901394 -0.03550000116229057 0.0194286797195673
v -0.013560660183429718 -0.03550000116229057 0.019266247749328613
v -0.012871320359408855 -0.03550000116229057 0.01924566738307476
v -0.012871320359408855 -0.030500000342726707 0.01924566738307476
v -0.013054332695901394 -0.03550000116229057 0.0194286797195673
v -0.012871320359408855 -0.03550000116229057 0.01924566738307476
v -0.01262132078409195 -0.030500000342726707 0.01917867921292782
v -0.012871320359408855 -0.030500000342726707 0.01924566738307476
v -0.012871320359408855 -0.03550000116229057 0.01924566738307476
v -0.01218830794095993 -0.030500000342726707 0.0194286797195673
v -0.012371320277452469 -0.030500000342726707 0.01924566738307476
v -0.012371320277452469 -0.03550000116229057 0.01924566738307476
v -0.01218830794095993 -0.03550000116229057 0.0194286797195673
v -0.01218830794095993 -0.030500000342726707 0.0194286797195673
v -0.012371320277452469 -0.03550000116229057 0.01924566738307476
v -0.008628679439425468 -0.030500000342726707 0.01924566738307476
v -0.008811692707240582 -0.03550000116229057 0.0194286797195673
v -0.008628679439425468 -0.03550000116229057 0.01924566738307476
v -0.008378679864108562 -0.030500000342726707 0.01917867921292782
v -0.008628679439425468 -0.030500000342726707 0.01924566738307476
v -0.008628679439425468 -0.03550000116229057 0.01924566738307476
v -0.007945667020976543 -0.030500000342726707 0.0194286797195673
v -0.008128679357469082 -0.030500000342726707 0.01924566738307476
v -0.008128679357469082 -0.03550000116229057 0.01924566738307476
v -0.007945667020976543 -0.03550000116229057 0.0194286797195673
v -0.007945667020976543 -0.030500000342726707 0.0194286797195673
v -0.008128679357469082 -0.03550000116229057 0.01924566738307476
v -0.013121319934725761 -0.03550000116229057 0.01967868022620678
v -0.013560660183429718 -0.03550000116229057 0.020739339292049408
v -0.013560660183429718 -0.03550000116229057 0.019266247749328613
v -0.013054332695901394 -0.03550000116229057 0.0194286797195673
v -0.013121319934725761 -0.03550000116229057 0.01967868022620678
v -0.013560660183429718 -0.03550000116229057 0.019266247749328613
v -0.013560660183429718 -0.03550000116229057 0.020739339292049408
v -0.014346284791827202 -0.03550000116229057 0.020739339292049408
v -0.013560660183429718 -0.03550000116229057 0.019266247749328613
v -0.014346284791827202 -0.03550000116229057 0.020739339292049408
v -0.014232746325433254 -0.03550000116229057 0.020103944465517998
v -0.013560660183429718 -0.03550000116229057 0.019266247749328613
v -0.014232746325433254 -0.03449999913573265 0.020103944465517998
v -0.012964888475835323 -0.03449999913573265 0.018523672595620155
v -0.013560660183429718 -0.03550000116229057 0.019266247749328613
v -0.014232746325433254 -0.03550000116229057 0.020103944465517998
v -0.014232746325433254 -0.03449999913573265 0.020103944465517998
v -0.013560660183429718 -0.03550000116229057 0.019266247749328613
v -0.00676725385710597 -0.03550000116229057 0.020103944465517998
v -0.0066537149250507355 -0.03550000116229057 0.020739339292049408
v -0.007439339999109507 -0.03550000116229057 0.019266247749328613
v -0.007878679782152176 -0.03550000116229057 0.01967868022620678
v -0.007945667020976543 -0.03550000116229057 0.0194286797195673
v -0.007439339999109507 -0.03550000116229057 0.019266247749328613
v -0.0066537149250507355 -0.03550000116229057 0.020739339292049408
v -0.007439339999109507 -0.03550000116229057 0.020739339292049408
v -0.007439339999109507 -0.03550000116229057 0.019266247749328613
v -0.007439339999109507 -0.03550000116229057 0.020739339292049408
v -0.007945667020976543 -0.03550000116229057 0.01992867887020111
v -0.007439339999109507 -0.03550000116229057 0.019266247749328613
v -0.007945667020976543 -0.03550000116229057 0.01992867887020111
v -0.007878679782152176 -0.03550000116229057 0.01967868022620678
v -0.007439339999109507 -0.03550000116229057 0.019266247749328613
v -0.008035112172365189 -0.03449999913573265 0.018523672595620155
v -0.00676725385710597 -0.03550000116229057 0.020103944465517998
v -0.007439339999109507 -0.03550000116229057 0.019266247749328613
v -0.013054332695901394 -0.030500000342726707 0.0194286797195673
v -0.013121319934725761 -0.03550000116229057 0.01967868022620678
v -0.013054332695901394 -0.03550000116229057 0.0194286797195673
v -0.012871320359408855 -0.030500000342726707 0.01924566738307476
v -0.013054332695901394 -0.030500000342726707 0.0194286797195673
v -0.013054332695901394 -0.03550000116229057 0.0194286797195673
v -0.012121320702135563 -0.030500000342726707 0.01967868022620678
v -0.01218830794095993 -0.030500000342726707 0.0194286797195673
v -0.01218830794095993 -0.03550000116229057 0.0194286797195673
v -0.012121320702135563 -0.03550000116229057 0.01967868022620678
v -0.012121320702135563 -0.030500000342726707 0.01967868022620678
v -0.01218830794095993 -0.03550000116229057 0.0194286797195673
v -0.008811692707240582 -0.030500000342726707 0.0194286797195673
v -0.008878679946064949 -0.03550000116229057 0.01967868022620678
v -0.008811692707240582 -0.03550000116229057 0.0194286797195673
v -0.008628679439425468 -0.030500000342726707 0.01924566738307476
v -0.008811692707240582 -0.030500000342726707 0.0194286797195673
v -0.008811692707240582 -0.03550000116229057 0.0194286797195673
v -0.007878679782152176 -0.030500000342726707 0.01967868022620678
v -0.007945667020976543 -0.030500000342726707 0.0194286797195673
v -0.007945667020976543 -0.03550000116229057 0.0194286797195673
v -0.007878679782152176 -0.03550000116229057 0.01967868022620678
v -0.007878679782152176 -0.030500000342726707 0.01967868022620678
v -0.007945667020976543 -0.03550000116229057 0.0194286797195673
v -0.014397114515304565 -0.02850000001490116 0.01954999938607216
v -0.012749999761581421 -0.02850000001490116 0.017902886494994164
v -0.014397114515304565 -0.03550000116229057 0.01954999938607216
v -0.014999999664723873 -0.03550000116229057 0.021800000220537186
v -0.014397114515304565 -0.02850000001490116 0.01954999938607216
v -0.014397114515304565 -0.03550000116229057 0.01954999938607216
v -0.014406702481210232 -0.03550000116229057 0.02000342682003975
v -0.014999999664723873 -0.03550000116229057 0.021800000220537186
v -0.014397114515304565 -0.03550000116229057 0.01954999938607216
v -0.006000000052154064 -0.02850000001490116 0.021800000220537186
v -0.006000000052154064 -0.03550000116229057 0.021800000220537186
v -0.006602885667234659 -0.03550000116229057 0.01954999938607216
v -0.006602885667234659 -0.02850000001490116 0.01954999938607216
v -0.006000000052154064 -0.02850000001490116 0.021800000220537186
v -0.006602885667234659 -0.03550000116229057 0.01954999938607216
v -0.006000000052154064 -0.03550000116229057 0.021800000220537186
v -0.0065932972356677055 -0.03550000116229057 0.02000342682003975
v -0.006602885667234659 -0.03550000116229057 0.01954999938607216
v -0.013054332695901394 -0.03550000116229057 0.01992867887020111
v -0.013560660183429718 -0.03550000116229057 0.020739339292049408
v -0.013121319934725761 -0.03550000116229057 0.01967868022620678
v -0.013121319934725761 -0.030500000342726707 0.01967868022620678
v -0.013054332695901394 -0.03550000116229057 0.01992867887020111
v -0.013121319934725761 -0.03550000116229057 0.01967868022620678
v -0.013054332695901394 -0.030500000342726707 0.0194286797195673
v -0.013121319934725761 -0.030500000342726707 0.01967868022620678
v -0.013121319934725761 -0.03550000116229057 0.01967868022620678
v -0.011560659855604172 -0.03550000116229057 0.020739339292049408
v -0.01218830794095993 -0.03550000116229057 0.01992867887020111
v -0.012121320702135563 -0.03550000116229057 0.01967868022620678
v -0.01218830794095993 -0.030500000342726707 0.01992867887020111
v -0.012121320702135563 -0.030500000342726707 0.01967868022620678
v -0.012121320702135563 -0.03550000116229057 0.01967868022620678
v -0.01218830794095993 -0.03550000116229057 0.01992867887020111
v -0.01218830794095993 -0.030500000342726707 0.01992867887020111
v -0.012121320702135563 -0.03550000116229057 0.01967868022620678
v -0.008811692707240582 -0.03550000116229057 0.01992867887020111
v -0.009439339861273766 -0.03550000116229057 0.020739339292049408
v -0.008878679946064949 -0.03550000116229057 0.01967868022620678
v -0.008878679946064949 -0.030500000342726707 0.01967868022620678
v -0.008811692707240582 -0.03550000116229057 0.01992867887020111
v -0.008878679946064949 -0.03550000116229057 0.01967868022620678
v -0.008811692707240582 -0.030500000342726707 0.0194286797195673
v -0.008878679946064949 -0.030500000342726707 0.01967868022620678
v -0.008878679946064949 -0.03550000116229057 0.01967868022620678
v -0.007945667020976543 -0.030500000342726707 0.01992867887020111
v -0.007878679782152176 -0.030500000342726707 0.01967868022620678
v -0.007878679782152176 -0.03550000116229057 0.01967868022620678
v -0.007945667020976543 -0.03550000116229057 0.01992867887020111
v -0.007945667020976543 -0.030500000342726707 0.01992867887020111
v -0.007878679782152176 -0.03550000116229057 0.01967868022620678
v -0.012871320359408855 -0.03550000116229057 0.0201116930693388
v -0.013560660183429718 -0.03550000116229057 0.020739339292049408
v -0.013054332695901394 -0.03550000116229057 0.01992867887020111
v -0.013054332695901394 -0.030500000342726707 0.01992867887020111
v -0.012871320359408855 -0.03550000116229057 0.0201116930693388
v -0.013054332695901394 -0.03550000116229057 0.01992867887020111
v -0.013121319934725761 -0.030500000342726707 0.01967868022620678
v -0.013054332695901394 -0.030500000342726707 0.01992867887020111
v -0.013054332695901394 -0.03550000116229057 0.01992867887020111
v -0.011560659855604172 -0.03550000116229057 0.020739339292049408
v -0.012371320277452469 -0.03550000116229057 0.0201116930693388
v -0.01218830794095993 -0.03550000116229057 0.01992867887020111
v -0.012371320277452469 -0.030500000342726707 0.0201116930693388
v -0.01218830794095993 -0.030500000342726707 0.01992867887020111
v -0.01218830794095993 -0.03550000116229057 0.01992867887020111
v -0.012371320277452469 -0.03550000116229057 0.0201116930693388
v -0.012371320277452469 -0.030500000342726707 0.0201116930693388
v -0.01218830794095993 -0.03550000116229057 0.01992867887020111
v -0.008628679439425468 -0.03550000116229057 0.0201116930693388
v -0.009439339861273766 -0.03550000116229057 0.020739339292049408
v -0.008811692707240582 -0.03550000116229057 0.01992867887020111
v -0.008811692707240582 -0.030500000342726707 0.01992867887020111
v -0.008628679439425468 -0.03550000116229057 0.0201116930693388
v -0.008811692707240582 -0.03550000116229057 0.01992867887020111
v -0.008878679946064949 -0.030500000342726707 0.01967868022620678
v -0.008811692707240582 -0.030500000342726707 0.01992867887020111
v -0.008811692707240582 -0.03550000116229057 0.01992867887020111
v -0.007439339999109507 -0.03550000116229057 0.020739339292049408
v -0.008128679357469082 -0.03550000116229057 0.0201116930693388
v -0.007945667020976543 -0.03550000116229057 0.01992867887020111
v -0.008128679357469082 -0.030500000342726707 0.0201116930693388
v -0.007945667020976543 -0.030500000342726707 0.01992867887020111
v -0.007945667020976543 -0.03550000116229057 0.01992867887020111
v -0.008128679357469082 -0.03550000116229057 0.0201116930693388
v -0.008128679357469082 -0.030500000342726707 0.0201116930693388
v -0.007945667020976543 -0.03550000116229057 0.01992867887020111
v -0.0147896409034729 -0.03550000116229057 0.022098291665315628
v -0.014999999664723873 -0.03550000116229057 0.021800000220537186
v -0.014406702481210232 -0.03550000116229057 0.02000342682003975
v -0.014406702481210232 -0.03449999913573265 0.02000342682003975
v -0.0147896409034729 -0.03550000116229057 0.022098291665315628
v -0.014406702481210232 -0.03550000116229057 0.02000342682003975
v -0.01306555513292551 -0.03449999913573265 0.018349213525652885
v -0.014406702481210232 -0.03449999913573265 0.02000342682003975
v -0.014406702481210232 -0.03550000116229057 0.02000342682003975
v -0.006000000052154064 -0.03550000116229057 0.021800000220537186
v -0.006210358813405037 -0.03550000116229057 0.022098291665315628
v -0.0065932972356677055 -0.03550000116229057 0.02000342682003975
v -0.006210358813405037 -0.03449999913573265 0.022098291665315628
v -0.0065932972356677055 -0.03449999913573265 0.02000342682003975
v -0.0065932972356677055 -0.03550000116229057 0.02000342682003975
v -0.006210358813405037 -0.03550000116229057 0.022098291665315628
v -0.006210358813405037 -0.03449999913573265 0.022098291665315628
v -0.0065932972356677055 -0.03550000116229057 0.02000342682003975
v -0.014346284791827202 -0.03550000116229057 0.020739339292049408
v -0.014232746325433254 -0.03449999913573265 0.020103944465517998
v -0.014232746325433254 -0.03550000116229057 0.020103944465517998
v -0.00676725385710597 -0.03449999913573265 0.020103944465517998
v -0.0066537149250507355 -0.03550000116229057 0.020739339292049408
v -0.00676725385710597 -0.03550000116229057 0.020103944465517998
v -0.008035112172365189 -0.03449999913573265 0.018523672595620155
v -0.00676725385710597 -0.03449999913573265 0.020103944465517998
v -0.00676725385710597 -0.03550000116229057 0.020103944465517998
v -0.01262132078409195 -0.03550000116229057 0.02017867937684059
v -0.013560660183429718 -0.03550000116229057 0.020739339292049408
v -0.012871320359408855 -0.03550000116229057 0.0201116930693388
v -0.012871320359408855 -0.030500000342726707 0.0201116930693388
v -0.01262132078409195 -0.03550000116229057 0.02017867937684059
v -0.012871320359408855 -0.03550000116229057 0.0201116930693388
v -0.013054332695901394 -0.030500000342726707 0.01992867887020111
v -0.012871320359408855 -0.030500000342726707 0.0201116930693388
v -0.012871320359408855 -0.03550000116229057 0.0201116930693388
v -0.011560659855604172 -0.03550000116229057 0.020739339292049408
v -0.01262132078409195 -0.03550000116229057 0.02017867937684059
v -0.012371320277452469 -0.03550000116229057 0.0201116930693388
v -0.01262132078409195 -0.030500000342726707 0.02017867937684059
v -0.012371320277452469 -0.030500000342726707 0.0201116930693388
v -0.012371320277452469 -0.03550000116229057 0.0201116930693388
v -0.01262132078409195 -0.03550000116229057 0.02017867937684059
v -0.01262132078409195 -0.030500000342726707 0.02017867937684059
v -0.012371320277452469 -0.03550000116229057 0.0201116930693388
v -0.008378679864108562 -0.03550000116229057 0.02017867937684059
v -0.009439339861273766 -0.03550000116229057 0.020739339292049408
v -0.008628679439425468 -0.03550000116229057 0.0201116930693388
v -0.008628679439425468 -0.030500000342726707 0.0201116930693388
v -0.008378679864108562 -0.03550000116229057 0.02017867937684059
v -0.008628679439425468 -0.03550000116229057 0.0201116930693388
v -0.008811692707240582 -0.030500000342726707 0.01992867887020111
v -0.008628679439425468 -0.030500000342726707 0.0201116930693388
v -0.008628679439425468 -0.03550000116229057 0.0201116930693388
v -0.007439339999109507 -0.03550000116229057 0.020739339292049408
v -0.008378679864108562 -0.03550000116229057 0.02017867937684059
v -0.008128679357469082 -0.03550000116229057 0.0201116930693388
v -0.008378679864108562 -0.030500000342726707 0.02017867937684059
v -0.008128679357469082 -0.030500000342726707 0.0201116930693388
v -0.008128679357469082 -0.03550000116229057 0.0201116930693388
v -0.008378679864108562 -0.03550000116229057 0.02017867937684059
v -0.008378679864108562 -0.030500000342726707 0.02017867937684059
v -0.008128679357469082 -0.03550000116229057 0.0201116930693388
v -0.011560659855604172 -0.03550000116229057 0.020739339292049408
v -0.013560660183429718 -0.03550000116229057 0.020739339292049408
v -0.01262132078409195 -0.03550000116229057 0.02017867937684059
v -0.012871320359408855 -0.030500000342726707 0.0201116930693388
v -0.01262132078409195 -0.030500000342726707 0.02017867937684059
v -0.01262132078409195 -0.03550000116229057 0.02017867937684059
v -0.007439339999109507 -0.03550000116229057 0.020739339292049408
v -0.009439339861273766 -0.03550000116229057 0.020739339292049408
v -0.008378679864108562 -0.03550000116229057 0.02017867937684059
v -0.008628679439425468 -0.030500000342726707 0.0201116930693388
v -0.008378679864108562 -0.030500000342726707 0.02017867937684059
v -0.008378679864108562 -0.03550000116229057 0.02017867937684059
v -0.013560660183429718 -0.03550000116229057 0.021316254511475563
v -0.013749999925494194 -0.03550000116229057 0.021366987377405167
v -0.014346284791827202 -0.03550000116229057 0.020739339292049408
v -0.013749999925494194 -0.03550000116229057 0.021366987377405167
v -0.013933012261986732 -0.03550000116229057 0.021549999713897705
v -0.014346284791827202 -0.03550000116229057 0.020739339292049408
v -0.013933012261986732 -0.03550000116229057 0.021549999713897705
v -0.014589129015803337 -0.03550000116229057 0.022098364308476448
v -0.014346284791827202 -0.03550000116229057 0.020739339292049408
v -0.013560660183429718 -0.03550000116229057 0.020739339292049408
v -0.013560660183429718 -0.03550000116229057 0.021316254511475563
v -0.014346284791827202 -0.03550000116229057 0.020739339292049408
v -0.014589129015803337 -0.03449999913573265 0.022098364308476448
v -0.014232746325433254 -0.03449999913573265 0.020103944465517998
v -0.014346284791827202 -0.03550000116229057 0.020739339292049408
v -0.014589129015803337 -0.03550000116229057 0.022098364308476448
v -0.014589129015803337 -0.03449999913573265 0.022098364308476448
v -0.014346284791827202 -0.03550000116229057 0.020739339292049408
v -0.013249999843537807 -0.03550000116229057 0.021366987377405167
v -0.013500000350177288 -0.03550000116229057 0.021299999207258224
v -0.013560660183429718 -0.03550000116229057 0.020739339292049408
v -0.011560659855604172 -0.03550000116229057 0.020739339292049408
v -0.013249999843537807 -0.03550000116229057 0.021366987377405167
v -0.013560660183429718 -0.03550000116229057 0.020739339292049408
v -0.013500000350177288 -0.03550000116229057 0.021299999207258224
v -0.013560660183429718 -0.03550000116229057 0.021316254511475563
v -0.013560660183429718 -0.03550000116229057 0.020739339292049408
v -0.011560659855604172 -0.03550000116229057 0.022860659286379814
v -0.013000000268220901 -0.03550000116229057 0.021800000220537186
v -0.011560659855604172 -0.03550000116229057 0.020739339292049408
v -0.013066987507045269 -0.03550000116229057 0.021549999713897705
v -0.013249999843537807 -0.03550000116229057 0.021366987377405167
v -0.011560659855604172 -0.03550000116229057 0.020739339292049408
v -0.013000000268220901 -0.03550000116229057 0.021800000220537186
v -0.013066987507045269 -0.03550000116229057 0.021549999713897705
v -0.011560659855604172 -0.03550000116229057 0.020739339292049408
v -0.009439339861273766 -0.03550000116229057 0.020739339292049408
v -0.010499999858438969 -0.03550000116229057 0.021299999207258224
v -0.011560659855604172 -0.03550000116229057 0.020739339292049408
v -0.010499999858438969 -0.03550000116229057 0.021299999207258224
v -0.01075000036507845 -0.03550000116229057 0.021366987377405167
v -0.011560659855604172 -0.03550000116229057 0.020739339292049408
v -0.01075000036507845 -0.03550000116229057 0.021366987377405167
v -0.010933012701570988 -0.03550000116229057 0.021549999713897705
v -0.011560659855604172 -0.03550000116229057 0.020739339292049408
v -0.010933012701570988 -0.03550000116229057 0.021549999713897705
v -0.010999999940395355 -0.03550000116229057 0.021800000220537186
v -0.011560659855604172 -0.03550000116229057 0.020739339292049408
v -0.010999999940395355 -0.03550000116229057 0.021800000220537186
v -0.011560659855604172 -0.03550000116229057 0.022860659286379814
v -0.011560659855604172 -0.03550000116229057 0.020739339292049408
v -0.007439339999109507 -0.03550000116229057 0.020739339292049408
v -0.007499999832361937 -0.03550000116229057 0.021299999207258224
v -0.009439339861273766 -0.03550000116229057 0.020739339292049408
v -0.007499999832361937 -0.03550000116229057 0.021299999207258224
v -0.00774999987334013 -0.03550000116229057 0.021366987377405167
v -0.009439339861273766 -0.03550000116229057 0.020739339292049408
v -0.00774999987334013 -0.03550000116229057 0.021366987377405167
v -0.007933013141155243 -0.03550000116229057 0.021549999713897705
v -0.009439339861273766 -0.03550000116229057 0.020739339292049408
v -0.007933013141155243 -0.03550000116229057 0.021549999713897705
v -0.009439339861273766 -0.03550000116229057 0.022860659286379814
v -0.009439339861273766 -0.03550000116229057 0.020739339292049408
v -0.009999999776482582 -0.03550000116229057 0.021800000220537186
v -0.01006698701530695 -0.03550000116229057 0.021549999713897705
v -0.009439339861273766 -0.03550000116229057 0.020739339292049408
v -0.009439339861273766 -0.03550000116229057 0.022860659286379814
v -0.009999999776482582 -0.03550000116229057 0.021800000220537186
v -0.009439339861273766 -0.03550000116229057 0.020739339292049408
v -0.01006698701530695 -0.03550000116229057 0.021549999713897705
v -0.010250000283122063 -0.03550000116229057 0.021366987377405167
v -0.009439339861273766 -0.03550000116229057 0.020739339292049408
v -0.010250000283122063 -0.03550000116229057 0.021366987377405167
v -0.010499999858438969 -0.03550000116229057 0.021299999207258224
v -0.009439339861273766 -0.03550000116229057 0.020739339292049408
v -0.007249999791383743 -0.03550000116229057 0.021366987377405167
v -0.007439339999109507 -0.03550000116229057 0.021316254511475563
v -0.007439339999109507 -0.03550000116229057 0.020739339292049408
v -0.007439339999109507 -0.03550000116229057 0.021316254511475563
v -0.007499999832361937 -0.03550000116229057 0.021299999207258224
v -0.007439339999109507 -0.03550000116229057 0.020739339292049408
v -0.0066537149250507355 -0.03550000116229057 0.020739339292049408
v -0.007249999791383743 -0.03550000116229057 0.021366987377405167
v -0.007439339999109507 -0.03550000116229057 0.020739339292049408
v -0.0064108707010746 -0.03550000116229057 0.022098364308476448
v -0.007000000216066837 -0.03550000116229057 0.021800000220537186
v -0.0066537149250507355 -0.03550000116229057 0.020739339292049408
v -0.007000000216066837 -0.03550000116229057 0.021800000220537186
v -0.007066987454891205 -0.03550000116229057 0.021549999713897705
v -0.0066537149250507355 -0.03550000116229057 0.020739339292049408
v -0.007066987454891205 -0.03550000116229057 0.021549999713897705
v -0.007249999791383743 -0.03550000116229057 0.021366987377405167
v -0.0066537149250507355 -0.03550000116229057 0.020739339292049408
v -0.00676725385710597 -0.03449999913573265 0.020103944465517998
v -0.0064108707010746 -0.03550000116229057 0.022098364308476448
v -0.0066537149250507355 -0.03550000116229057 0.020739339292049408
v -0.013500000350177288 -0.030500000342726707 0.021299999207258224
v -0.013560660183429718 -0.03550000116229057 0.021316254511475563
v -0.013500000350177288 -0.03550000116229057 0.021299999207258224
v -0.013249999843537807 -0.030500000342726707 0.021366987377405167
v -0.013500000350177288 -0.030500000342726707 0.021299999207258224
v -0.013500000350177288 -0.03550000116229057 0.021299999207258224
v -0.013249999843537807 -0.03550000116229057 0.021366987377405167
v -0.013249999843537807 -0.030500000342726707 0.021366987377405167
v -0.013500000350177288 -0.03550000116229057 0.021299999207258224
v -0.010499999858438969 -0.030500000342726707 0.021299999207258224
v -0.01075000036507845 -0.03550000116229057 0.021366987377405167
v -0.010499999858438969 -0.03550000116229057 0.021299999207258224
v -0.010250000283122063 -0.030500000342726707 0.021366987377405167
v -0.010499999858438969 -0.030500000342726707 0.021299999207258224
v -0.010499999858438969 -0.03550000116229057 0.021299999207258224
v -0.010250000283122063 -0.03550000116229057 0.021366987377405167
v -0.010250000283122063 -0.030500000342726707 0.021366987377405167
v -0.010499999858438969 -0.03550000116229057 0.021299999207258224
v -0.007499999832361937 -0.030500000342726707 0.021299999207258224
v -0.00774999987334013 -0.03550000116229057 0.021366987377405167
v -0.007499999832361937 -0.03550000116229057 0.021299999207258224
v -0.007439339999109507 -0.03550000116229057 0.021316254511475563
v -0.007499999832361937 -0.030500000342726707 0.021299999207258224
v -0.007499999832361937 -0.03550000116229057 0.021299999207258224
v -0.013749999925494194 -0.030500000342726707 0.021366987377405167
v -0.013749999925494194 -0.03550000116229057 0.021366987377405167
v -0.013560660183429718 -0.03550000116229057 0.021316254511475563
v -0.013500000350177288 -0.030500000342726707 0.021299999207258224
v -0.013749999925494194 -0.030500000342726707 0.021366987377405167
v -0.013560660183429718 -0.03550000116229057 0.021316254511475563
v -0.007249999791383743 -0.030500000342726707 0.021366987377405167
v -0.007499999832361937 -0.030500000342726707 0.021299999207258224
v -0.007439339999109507 -0.03550000116229057 0.021316254511475563
v -0.007249999791383743 -0.03550000116229057 0.021366987377405167
v -0.007249999791383743 -0.030500000342726707 0.021366987377405167
v -0.007439339999109507 -0.03550000116229057 0.021316254511475563
v -0.013749999925494194 -0.030500000342726707 0.021366987377405167
v -0.013933012261986732 -0.03550000116229057 0.021549999713897705
v -0.013749999925494194 -0.03550000116229057 0.021366987377405167
v -0.013066987507045269 -0.030500000342726707 0.021549999713897705
v -0.013249999843537807 -0.030500000342726707 0.021366987377405167
v -0.013249999843537807 -0.03550000116229057 0.021366987377405167
v -0.013066987507045269 -0.03550000116229057 0.021549999713897705
v -0.013066987507045269 -0.030500000342726707 0.021549999713897705
v -0.013249999843537807 -0.03550000116229057 0.021366987377405167
v -0.01075000036507845 -0.030500000342726707 0.021366987377405167
v -0.010933012701570988 -0.03550000116229057 0.021549999713897705
v -0.01075000036507845 -0.03550000116229057 0.021366987377405167
v -0.010499999858438969 -0.030500000342726707 0.021299999207258224
v -0.01075000036507845 -0.030500000342726707 0.021366987377405167
v -0.01075000036507845 -0.03550000116229057 0.021366987377405167
v -0.01006698701530695 -0.030500000342726707 0.021549999713897705
v -0.010250000283122063 -0.030500000342726707 0.021366987377405167
v -0.010250000283122063 -0.03550000116229057 0.021366987377405167
v -0.01006698701530695 -0.03550000116229057 0.021549999713897705
v -0.01006698701530695 -0.030500000342726707 0.021549999713897705
v -0.010250000283122063 -0.03550000116229057 0.021366987377405167
v -0.00774999987334013 -0.030500000342726707 0.021366987377405167
v -0.007933013141155243 -0.03550000116229057 0.021549999713897705
v -0.00774999987334013 -0.03550000116229057 0.021366987377405167
v -0.007499999832361937 -0.030500000342726707 0.021299999207258224
v -0.00774999987334013 -0.030500000342726707 0.021366987377405167
v -0.00774999987334013 -0.03550000116229057 0.021366987377405167
v -0.007066987454891205 -0.030500000342726707 0.021549999713897705
v -0.007249999791383743 -0.030500000342726707 0.021366987377405167
v -0.007249999791383743 -0.03550000116229057 0.021366987377405167
v -0.007066987454891205 -0.03550000116229057 0.021549999713897705
v -0.007066987454891205 -0.030500000342726707 0.021549999713897705
v -0.007249999791383743 -0.03550000116229057 0.021366987377405167
v -0.014000000432133675 -0.03550000116229057 0.021800000220537186
v -0.014589129015803337 -0.03550000116229057 0.022098364308476448
v -0.013933012261986732 -0.03550000116229057 0.021549999713897705
v -0.013933012261986732 -0.030500000342726707 0.021549999713897705
v -0.014000000432133675 -0.03550000116229057 0.021800000220537186
v -0.013933012261986732 -0.03550000116229057 0.021549999713897705
v -0.013749999925494194 -0.030500000342726707 0.021366987377405167
v -0.013933012261986732 -0.030500000342726707 0.021549999713897705
v -0.013933012261986732 -0.03550000116229057 0.021549999713897705
v -0.013000000268220901 -0.030500000342726707 0.021800000220537186
v -0.013066987507045269 -0.030500000342726707 0.021549999713897705
v -0.013066987507045269 -0.03550000116229057 0.021549999713897705
v -0.013000000268220901 -0.03550000116229057 0.021800000220537186
v -0.013000000268220901 -0.030500000342726707 0.021800000220537186
v -0.013066987507045269 -0.03550000116229057 0.021549999713897705
v -0.010933012701570988 -0.030500000342726707 0.021549999713897705
v -0.010999999940395355 -0.03550000116229057 0.021800000220537186
v -0.010933012701570988 -0.03550000116229057 0.021549999713897705
v -0.01075000036507845 -0.030500000342726707 0.021366987377405167
v -0.010933012701570988 -0.030500000342726707 0.021549999713897705
v -0.010933012701570988 -0.03550000116229057 0.021549999713897705
v -0.009999999776482582 -0.030500000342726707 0.021800000220537186
v -0.01006698701530695 -0.030500000342726707 0.021549999713897705
v -0.01006698701530695 -0.03550000116229057 0.021549999713897705
v -0.009999999776482582 -0.03550000116229057 0.021800000220537186
v -0.009999999776482582 -0.030500000342726707 0.021800000220537186
v -0.01006698701530695 -0.03550000116229057 0.021549999713897705
v -0.00800000037997961 -0.03550000116229057 0.021800000220537186
v -0.009439339861273766 -0.03550000116229057 0.022860659286379814
v -0.007933013141155243 -0.03550000116229057 0.021549999713897705
v -0.007933013141155243 -0.030500000342726707 0.021549999713897705
v -0.00800000037997961 -0.03550000116229057 0.021800000220537186
v -0.007933013141155243 -0.03550000116229057 0.021549999713897705
v -0.00774999987334013 -0.030500000342726707 0.021366987377405167
v -0.007933013141155243 -0.030500000342726707 0.021549999713897705
v -0.007933013141155243 -0.03550000116229057 0.021549999713897705
v -0.007000000216066837 -0.030500000342726707 0.021800000220537186
v -0.007066987454891205 -0.030500000342726707 0.021549999713897705
v -0.007066987454891205 -0.03550000116229057 0.021549999713897705
v -0.007000000216066837 -0.03550000116229057 0.021800000220537186
v -0.007000000216066837 -0.030500000342726707 0.021800000220537186
v -0.007066987454891205 -0.03550000116229057 0.021549999713897705
v -0.014999999664723873 -0.02850000001490116 0.021800000220537186
v -0.014397114515304565 -0.02850000001490116 0.01954999938607216
v -0.014999999664723873 -0.03550000116229057 0.021800000220537186
v -0.014397114515304565 -0.03550000116229057 0.024049999192357063
v -0.014999999664723873 -0.02850000001490116 0.021800000220537186
v -0.014999999664723873 -0.03550000116229057 0.021800000220537186
v -0.0147896409034729 -0.03550000116229057 0.022098291665315628
v -0.014397114515304565 -0.03550000116229057 0.024049999192357063
v -0.014999999664723873 -0.03550000116229057 0.021800000220537186
v -0.013933012261986732 -0.03550000116229057 0.022050000727176666
v -0.014589129015803337 -0.03550000116229057 0.022098364308476448
v -0.014000000432133675 -0.03550000116229057 0.021800000220537186
v -0.014000000432133675 -0.030500000342726707 0.021800000220537186
v -0.013933012261986732 -0.03550000116229057 0.022050000727176666
v -0.014000000432133675 -0.03550000116229057 0.021800000220537186
v -0.013933012261986732 -0.030500000342726707 0.021549999713897705
v -0.014000000432133675 -0.030500000342726707 0.021800000220537186
v -0.014000000432133675 -0.03550000116229057 0.021800000220537186
v -0.011560659855604172 -0.03550000116229057 0.022860659286379814
v -0.013066987507045269 -0.03550000116229057 0.022050000727176666
v -0.013000000268220901 -0.03550000116229057 0.021800000220537186
v -0.013066987507045269 -0.030500000342726707 0.022050000727176666
v -0.013000000268220901 -0.030500000342726707 0.021800000220537186
v -0.013000000268220901 -0.03550000116229057 0.021800000220537186
v -0.013066987507045269 -0.03550000116229057 0.022050000727176666
v -0.013066987507045269 -0.030500000342726707 0.022050000727176666
v -0.013000000268220901 -0.03550000116229057 0.021800000220537186
v -0.010933012701570988 -0.03550000116229057 0.022050000727176666
v -0.011560659855604172 -0.03550000116229057 0.022860659286379814
v -0.010999999940395355 -0.03550000116229057 0.021800000220537186
v -0.010999999940395355 -0.030500000342726707 0.021800000220537186
v -0.010933012701570988 -0.03550000116229057 0.022050000727176666
v -0.010999999940395355 -0.03550000116229057 0.021800000220537186
v -0.010933012701570988 -0.030500000342726707 0.021549999713897705
v -0.010999999940395355 -0.030500000342726707 0.021800000220537186
v -0.010999999940395355 -0.03550000116229057 0.021800000220537186
v -0.009439339861273766 -0.03550000116229057 0.022860659286379814
v -0.01006698701530695 -0.03550000116229057 0.022050000727176666
v -0.009999999776482582 -0.03550000116229057 0.021800000220537186
v -0.01006698701530695 -0.030500000342726707 0.022050000727176666
v -0.009999999776482582 -0.030500000342726707 0.021800000220537186
v -0.009999999776482582 -0.03550000116229057 0.021800000220537186
v -0.01006698701530695 -0.03550000116229057 0.022050000727176666
v -0.01006698701530695 -0.030500000342726707 0.022050000727176666
v -0.009999999776482582 -0.03550000116229057 0.021800000220537186
v -0.007933013141155243 -0.03550000116229057 0.022050000727176666
v -0.009439339861273766 -0.03550000116229057 0.022860659286379814
v -0.00800000037997961 -0.03550000116229057 0.021800000220537186
v -0.00800000037997961 -0.030500000342726707 0.021800000220537186
v -0.007933013141155243 -0.03550000116229057 0.022050000727176666
v -0.00800000037997961 -0.03550000116229057 0.021800000220537186
v -0.007933013141155243 -0.030500000342726707 0.021549999713897705
v -0.00800000037997961 -0.030500000342726707 0.021800000220537186
v -0.00800000037997961 -0.03550000116229057 0.021800000220537186
v -0.0064108707010746 -0.03550000116229057 0.022098364308476448
v -0.007066987454891205 -0.03550000116229057 0.022050000727176666
v -0.007000000216066837 -0.03550000116229057 0.021800000220537186
v -0.007066987454891205 -0.030500000342726707 0.022050000727176666
v -0.007000000216066837 -0.030500000342726707 0.021800000220537186
v -0.007000000216066837 -0.03550000116229057 0.021800000220537186
v -0.007066987454891205 -0.03550000116229057 0.022050000727176666
v -0.007066987454891205 -0.030500000342726707 0.022050000727176666
v -0.007000000216066837 -0.03550000116229057 0.021800000220537186
v -0.006602885667234659 -0.02850000001490116 0.024049999192357063
v -0.006602885667234659 -0.03550000116229057 0.024049999192357063
v -0.006000000052154064 -0.03550000116229057 0.021800000220537186
v -0.006000000052154064 -0.02850000001490116 0.021800000220537186
v -0.006602885667234659 -0.02850000001490116 0.024049999192357063
v -0.006000000052154064 -0.03550000116229057 0.021800000220537186
v -0.006602885667234659 -0.03550000116229057 0.024049999192357063
v -0.006210358813405037 -0.03550000116229057 0.022098291665315628
v -0.006000000052154064 -0.03550000116229057 0.021800000220537186
v -0.014334399253129959 -0.03550000116229057 0.022860659286379814
v -0.014589129015803337 -0.03550000116229057 0.022098364308476448
v -0.013933012261986732 -0.03550000116229057 0.022050000727176666
v -0.013749999925494194 -0.03550000116229057 0.022233013063669205
v -0.014334399253129959 -0.03550000116229057 0.022860659286379814
v -0.013933012261986732 -0.03550000116229057 0.022050000727176666
v -0.013933012261986732 -0.030500000342726707 0.022050000727176666
v -0.013749999925494194 -0.03550000116229057 0.022233013063669205
v -0.013933012261986732 -0.03550000116229057 0.022050000727176666
v -0.014000000432133675 -0.030500000342726707 0.021800000220537186
v -0.013933012261986732 -0.030500000342726707 0.022050000727176666
v -0.013933012261986732 -0.03550000116229057 0.022050000727176666
v -0.011560659855604172 -0.03550000116229057 0.022860659286379814
v -0.013249999843537807 -0.03550000116229057 0.022233013063669205
v -0.013066987507045269 -0.03550000116229057 0.022050000727176666
v -0.013249999843537807 -0.030500000342726707 0.022233013063669205
v -0.013066987507045269 -0.030500000342726707 0.022050000727176666
v -0.013066987507045269 -0.03550000116229057 0.022050000727176666
v -0.013249999843537807 -0.03550000116229057 0.022233013063669205
v -0.013249999843537807 -0.030500000342726707 0.022233013063669205
v -0.013066987507045269 -0.03550000116229057 0.022050000727176666
v -0.01075000036507845 -0.03550000116229057 0.022233013063669205
v -0.011560659855604172 -0.03550000116229057 0.022860659286379814
v -0.010933012701570988 -0.03550000116229057 0.022050000727176666
v -0.010933012701570988 -0.030500000342726707 0.022050000727176666
v -0.01075000036507845 -0.03550000116229057 0.022233013063669205
v -0.010933012701570988 -0.03550000116229057 0.022050000727176666
v -0.010999999940395355 -0.030500000342726707 0.021800000220537186
v -0.010933012701570988 -0.030500000342726707 0.022050000727176666
v -0.010933012701570988 -0.03550000116229057 0.022050000727176666
v -0.009439339861273766 -0.03550000116229057 0.022860659286379814
v -0.010250000283122063 -0.03550000116229057 0.022233013063669205
v -0.01006698701530695 -0.03550000116229057 0.022050000727176666
v -0.010250000283122063 -0.030500000342726707 0.022233013063669205
v -0.01006698701530695 -0.030500000342726707 0.022050000727176666
v -0.01006698701530695 -0.03550000116229057 0.022050000727176666
v -0.010250000283122063 -0.03550000116229057 0.022233013063669205
v -0.010250000283122063 -0.030500000342726707 0.022233013063669205
v -0.01006698701530695 -0.03550000116229057 0.022050000727176666
v -0.00774999987334013 -0.03550000116229057 0.022233013063669205
v -0.009439339861273766 -0.03550000116229057 0.022860659286379814
v -0.007933013141155243 -0.03550000116229057 0.022050000727176666
v -0.007933013141155243 -0.030500000342726707 0.022050000727176666
v -0.00774999987334013 -0.03550000116229057 0.022233013063669205
v -0.007933013141155243 -0.03550000116229057 0.022050000727176666
v -0.00800000037997961 -0.030500000342726707 0.021800000220537186
v -0.007933013141155243 -0.030500000342726707 0.022050000727176666
v -0.007933013141155243 -0.03550000116229057 0.022050000727176666
v -0.0064108707010746 -0.03550000116229057 0.022098364308476448
v -0.007249999791383743 -0.03550000116229057 0.022233013063669205
v -0.007066987454891205 -0.03550000116229057 0.022050000727176666
v -0.007249999791383743 -0.030500000342726707 0.022233013063669205
v -0.007066987454891205 -0.030500000342726707 0.022050000727176666
v -0.007066987454891205 -0.03550000116229057 0.022050000727176666
v -0.007249999791383743 -0.03550000116229057 0.022233013063669205
v -0.007249999791383743 -0.030500000342726707 0.022233013063669205
v -0.007066987454891205 -0.03550000116229057 0.022050000727176666
v -0.014120446518063545 -0.03550000116229057 0.024119993671774864
v -0.014397114515304565 -0.03550000116229057 0.024049999192357063
v -0.0147896409034729 -0.03550000116229057 0.022098291665315628
v -0.0147896409034729 -0.03449999913573265 0.022098291665315628
v -0.014120446518063545 -0.03550000116229057 0.024119993671774864
v -0.0147896409034729 -0.03550000116229057 0.022098291665315628
v -0.014406702481210232 -0.03449999913573265 0.02000342682003975
v -0.0147896409034729 -0.03449999913573265 0.022098291665315628
v -0.0147896409034729 -0.03550000116229057 0.022098291665315628
v -0.006602885667234659 -0.03550000116229057 0.024049999192357063
v -0.006879553664475679 -0.03550000116229057 0.024119993671774864
v -0.006210358813405037 -0.03550000116229057 0.022098291665315628
v -0.006879553664475679 -0.03449999913573265 0.024119993671774864
v -0.006210358813405037 -0.03449999913573265 0.022098291665315628
v -0.006210358813405037 -0.03550000116229057 0.022098291665315628
v -0.006879553664475679 -0.03550000116229057 0.024119993671774864
v -0.006879553664475679 -0.03449999913573265 0.024119993671774864
v -0.006210358813405037 -0.03550000116229057 0.022098291665315628
v -0.014334399253129959 -0.03550000116229057 0.022860659286379814
v -0.014589129015803337 -0.03449999913573265 0.022098364308476448
v -0.014589129015803337 -0.03550000116229057 0.022098364308476448
v -0.0066656009294092655 -0.03550000116229057 0.022860659286379814
v -0.007249999791383743 -0.03550000116229057 0.022233013063669205
v -0.0064108707010746 -0.03550000116229057 0.022098364308476448
v -0.0064108707010746 -0.03449999913573265 0.022098364308476448
v -0.0066656009294092655 -0.03550000116229057 0.022860659286379814
v -0.0064108707010746 -0.03550000116229057 0.022098364308476448
v -0.00676725385710597 -0.03449999913573265 0.020103944465517998
v -0.0064108707010746 -0.03449999913573265 0.022098364308476448
v -0.0064108707010746 -0.03550000116229057 0.022098364308476448
v -0.013560660183429718 -0.03550000116229057 0.02228374592959881
v -0.013560660183429718 -0.03550000116229057 0.022860659286379814
v -0.013749999925494194 -0.03550000116229057 0.022233013063669205
v -0.013560660183429718 -0.03550000116229057 0.022860659286379814
v -0.014334399253129959 -0.03550000116229057 0.022860659286379814
v -0.013749999925494194 -0.03550000116229057 0.022233013063669205
v -0.013749999925494194 -0.030500000342726707 0.022233013063669205
v -0.013560660183429718 -0.03550000116229057 0.02228374592959881
v -0.013749999925494194 -0.03550000116229057 0.022233013063669205
v -0.013933012261986732 -0.030500000342726707 0.022050000727176666
v -0.013749999925494194 -0.030500000342726707 0.022233013063669205
v -0.013749999925494194 -0.03550000116229057 0.022233013063669205
v -0.011560659855604172 -0.03550000116229057 0.022860659286379814
v -0.013500000350177288 -0.03550000116229057 0.022299999371170998
v -0.013249999843537807 -0.03550000116229057 0.022233013063669205
v -0.013500000350177288 -0.030500000342726707 0.022299999371170998
v -0.013249999843537807 -0.030500000342726707 0.022233013063669205
v -0.013249999843537807 -0.03550000116229057 0.022233013063669205
v -0.013500000350177288 -0.03550000116229057 0.022299999371170998
v -0.013500000350177288 -0.030500000342726707 0.022299999371170998
v -0.013249999843537807 -0.03550000116229057 0.022233013063669205
v -0.010499999858438969 -0.03550000116229057 0.022299999371170998
v -0.011560659855604172 -0.03550000116229057 0.022860659286379814
v -0.01075000036507845 -0.03550000116229057 0.022233013063669205
v -0.01075000036507845 -0.030500000342726707 0.022233013063669205
v -0.010499999858438969 -0.03550000116229057 0.022299999371170998
v -0.01075000036507845 -0.03550000116229057 0.022233013063669205
v -0.010933012701570988 -0.030500000342726707 0.022050000727176666
v -0.01075000036507845 -0.030500000342726707 0.022233013063669205
v -0.01075000036507845 -0.03550000116229057 0.022233013063669205
v -0.009439339861273766 -0.03550000116229057 0.022860659286379814
v -0.010499999858438969 -0.03550000116229057 0.022299999371170998
v -0.010250000283122063 -0.03550000116229057 0.022233013063669205
v -0.010499999858438969 -0.030500000342726707 0.022299999371170998
v -0.010250000283122063 -0.030500000342726707 0.022233013063669205
v -0.010250000283122063 -0.03550000116229057 0.022233013063669205
v -0.010499999858438969 -0.03550000116229057 0.022299999371170998
v -0.010499999858438969 -0.030500000342726707 0.022299999371170998
v -0.010250000283122063 -0.03550000116229057 0.022233013063669205
v -0.007499999832361937 -0.03550000116229057 0.022299999371170998
v -0.007439339999109507 -0.03550000116229057 0.022860659286379814
v -0.00774999987334013 -0.03550000116229057 0.022233013063669205
v -0.007439339999109507 -0.03550000116229057 0.022860659286379814
v -0.009439339861273766 -0.03550000116229057 0.022860659286379814
v -0.00774999987334013 -0.03550000116229057 0.022233013063669205
v -0.00774999987334013 -0.030500000342726707 0.022233013063669205
v -0.007499999832361937 -0.03550000116229057 0.022299999371170998
v -0.00774999987334013 -0.03550000116229057 0.022233013063669205
v -0.007933013141155243 -0.030500000342726707 0.022050000727176666
v -0.00774999987334013 -0.030500000342726707 0.022233013063669205
v -0.00774999987334013 -0.03550000116229057 0.022233013063669205
v -0.0066656009294092655 -0.03550000116229057 0.022860659286379814
v -0.007439339999109507 -0.03550000116229057 0.02228374592959881
v -0.007249999791383743 -0.03550000116229057 0.022233013063669205
v -0.007439339999109507 -0.03550000116229057 0.02228374592959881
v -0.007249999791383743 -0.030500000342726707 0.022233013063669205
v -0.007249999791383743 -0.03550000116229057 0.022233013063669205
v -0.013500000350177288 -0.03550000116229057 0.022299999371170998
v -0.013560660183429718 -0.03550000116229057 0.022860659286379814
v -0.013560660183429718 -0.03550000116229057 0.02228374592959881
v -0.013749999925494194 -0.030500000342726707 0.022233013063669205
v -0.013500000350177288 -0.030500000342726707 0.022299999371170998
v -0.013560660183429718 -0.03550000116229057 0.02228374592959881
v -0.013500000350177288 -0.030500000342726707 0.022299999371170998
v -0.013500000350177288 -0.03550000116229057 0.022299999371170998
v -0.013560660183429718 -0.03550000116229057 0.02228374592959881
v -0.007439339999109507 -0.03550000116229057 0.022860659286379814
v -0.007499999832361937 -0.03550000116229057 0.022299999371170998
v -0.007439339999109507 -0.03550000116229057 0.02228374592959881
v -0.0066656009294092655 -0.03550000116229057 0.022860659286379814
v -0.007439339999109507 -0.03550000116229057 0.022860659286379814
v -0.007439339999109507 -0.03550000116229057 0.02228374592959881
v -0.007499999832361937 -0.030500000342726707 0.022299999371170998
v -0.007249999791383743 -0.030500000342726707 0.022233013063669205
v -0.007439339999109507 -0.03550000116229057 0.02228374592959881
v -0.007499999832361937 -0.03550000116229057 0.022299999371170998
v -0.007499999832361937 -0.030500000342726707 0.022299999371170998
v -0.007439339999109507 -0.03550000116229057 0.02228374592959881
v -0.011560659855604172 -0.03550000116229057 0.022860659286379814
v -0.013560660183429718 -0.03550000116229057 0.022860659286379814
v -0.013500000350177288 -0.03550000116229057 0.022299999371170998
v -0.009439339861273766 -0.03550000116229057 0.022860659286379814
v -0.011560659855604172 -0.03550000116229057 0.022860659286379814
v -0.010499999858438969 -0.03550000116229057 0.022299999371170998
v -0.01075000036507845 -0.030500000342726707 0.022233013063669205
v -0.010499999858438969 -0.030500000342726707 0.022299999371170998
v -0.010499999858438969 -0.03550000116229057 0.022299999371170998
v -0.00774999987334013 -0.030500000342726707 0.022233013063669205
v -0.007499999832361937 -0.030500000342726707 0.022299999371170998
v -0.007499999832361937 -0.03550000116229057 0.022299999371170998
v -0.013560660183429718 -0.03550000116229057 0.024379121139645576
v -0.01394701562821865 -0.03550000116229057 0.02401992864906788
v -0.014334399253129959 -0.03550000116229057 0.022860659286379814
v -0.013560660183429718 -0.03550000116229057 0.022860659286379814
v -0.013560660183429718 -0.03550000116229057 0.024379121139645576
v -0.014334399253129959 -0.03550000116229057 0.022860659286379814
v -0.01394701562821865 -0.03449999913573265 0.02401992864906788
v -0.014589129015803337 -0.03449999913573265 0.022098364308476448
v -0.014334399253129959 -0.03550000116229057 0.022860659286379814
v -0.01394701562821865 -0.03550000116229057 0.02401992864906788
v -0.01394701562821865 -0.03449999913573265 0.02401992864906788
v -0.014334399253129959 -0.03550000116229057 0.022860659286379814
v -0.013054332695901394 -0.03550000116229057 0.02367131970822811
v -0.013560660183429718 -0.03550000116229057 0.024379121139645576
v -0.013560660183429718 -0.03550000116229057 0.022860659286379814
v -0.011560659855604172 -0.03550000116229057 0.022860659286379814
v -0.01262132078409195 -0.03550000116229057 0.02342132106423378
v -0.013560660183429718 -0.03550000116229057 0.022860659286379814
v -0.01262132078409195 -0.03550000116229057 0.02342132106423378
v -0.012871320359408855 -0.03550000116229057 0.023488307371735573
v -0.013560660183429718 -0.03550000116229057 0.022860659286379814
v -0.012871320359408855 -0.03550000116229057 0.023488307371735573
v -0.013054332695901394 -0.03550000116229057 0.02367131970822811
v -0.013560660183429718 -0.03550000116229057 0.022860659286379814
v -0.01075000036507845 -0.03550000116229057 0.024366987869143486
v -0.010933012701570988 -0.03550000116229057 0.024550000205636024
v -0.011560659855604172 -0.03550000116229057 0.022860659286379814
v -0.009439339861273766 -0.03550000116229057 0.022860659286379814
v -0.010250000283122063 -0.03550000116229057 0.024366987869143486
v -0.011560659855604172 -0.03550000116229057 0.022860659286379814
v -0.010250000283122063 -0.03550000116229057 0.024366987869143486
v -0.010499999858438969 -0.03550000116229057 0.024299999698996544
v -0.011560659855604172 -0.03550000116229057 0.022860659286379814
v -0.010499999858438969 -0.03550000116229057 0.024299999698996544
v -0.01075000036507845 -0.03550000116229057 0.024366987869143486
v -0.011560659855604172 -0.03550000116229057 0.022860659286379814
v -0.010933012701570988 -0.03550000116229057 0.024550000205636024
v -0.011560659855604172 -0.03550000116229057 0.02486065961420536
v -0.011560659855604172 -0.03550000116229057 0.022860659286379814
v -0.011560659855604172 -0.03550000116229057 0.02486065961420536
v -0.012121320702135563 -0.03550000116229057 0.023921320214867592
v -0.011560659855604172 -0.03550000116229057 0.022860659286379814
v -0.012121320702135563 -0.03550000116229057 0.023921320214867592
v -0.01218830794095993 -0.03550000116229057 0.02367131970822811
v -0.011560659855604172 -0.03550000116229057 0.022860659286379814
v -0.01218830794095993 -0.03550000116229057 0.02367131970822811
v -0.012371320277452469 -0.03550000116229057 0.023488307371735573
v -0.011560659855604172 -0.03550000116229057 0.022860659286379814
v -0.012371320277452469 -0.03550000116229057 0.023488307371735573
v -0.01262132078409195 -0.03550000116229057 0.02342132106423378
v -0.011560659855604172 -0.03550000116229057 0.022860659286379814
v -0.009999999776482582 -0.03550000116229057 0.024800000712275505
v -0.01006698701530695 -0.03550000116229057 0.024550000205636024
v -0.009439339861273766 -0.03550000116229057 0.022860659286379814
v -0.01006698701530695 -0.03550000116229057 0.024550000205636024
v -0.010250000283122063 -0.03550000116229057 0.024366987869143486
v -0.009439339861273766 -0.03550000116229057 0.022860659286379814
v -0.008628679439425468 -0.03550000116229057 0.023488307371735573
v -0.008811692707240582 -0.03550000116229057 0.02367131970822811
v -0.009439339861273766 -0.03550000116229057 0.022860659286379814
v -0.008378679864108562 -0.03550000116229057 0.02342132106423378
v -0.008628679439425468 -0.03550000116229057 0.023488307371735573
v -0.009439339861273766 -0.03550000116229057 0.022860659286379814
v -0.007439339999109507 -0.03550000116229057 0.022860659286379814
v -0.008378679864108562 -0.03550000116229057 0.02342132106423378
v -0.009439339861273766 -0.03550000116229057 0.022860659286379814
v -0.009439339861273766 -0.03550000116229057 0.02486065961420536
v -0.009999999776482582 -0.03550000116229057 0.024800000712275505
v -0.009439339861273766 -0.03550000116229057 0.022860659286379814
v -0.008878679946064949 -0.03550000116229057 0.023921320214867592
v -0.009439339861273766 -0.03550000116229057 0.02486065961420536
v -0.009439339861273766 -0.03550000116229057 0.022860659286379814
v -0.008811692707240582 -0.03550000116229057 0.02367131970822811
v -0.008878679946064949 -0.03550000116229057 0.023921320214867592
v -0.009439339861273766 -0.03550000116229057 0.022860659286379814
v -0.008128679357469082 -0.03550000116229057 0.023488307371735573
v -0.008378679864108562 -0.03550000116229057 0.02342132106423378
v -0.007439339999109507 -0.03550000116229057 0.022860659286379814
v -0.007439339999109507 -0.03550000116229057 0.024379121139645576
v -0.007878679782152176 -0.03550000116229057 0.023921320214867592
v -0.007439339999109507 -0.03550000116229057 0.022860659286379814
v -0.007878679782152176 -0.03550000116229057 0.023921320214867592
v -0.007945667020976543 -0.03550000116229057 0.02367131970822811
v -0.007439339999109507 -0.03550000116229057 0.022860659286379814
v -0.007945667020976543 -0.03550000116229057 0.02367131970822811
v -0.008128679357469082 -0.03550000116229057 0.023488307371735573
v -0.007439339999109507 -0.03550000116229057 0.022860659286379814
v -0.0066656009294092655 -0.03550000116229057 0.022860659286379814
v -0.007439339999109507 -0.03550000116229057 0.024379121139645576
v -0.007439339999109507 -0.03550000116229057 0.022860659286379814
v -0.007052984554320574 -0.03550000116229057 0.02401992864906788
v -0.007439339999109507 -0.03550000116229057 0.024379121139645576
v -0.0066656009294092655 -0.03550000116229057 0.022860659286379814
v -0.0064108707010746 -0.03449999913573265 0.022098364308476448
v -0.007052984554320574 -0.03550000116229057 0.02401992864906788
v -0.0066656009294092655 -0.03550000116229057 0.022860659286379814
v -0.01262132078409195 -0.030500000342726707 0.02342132106423378
v -0.012871320359408855 -0.03550000116229057 0.023488307371735573
v -0.01262132078409195 -0.03550000116229057 0.02342132106423378
v -0.012371320277452469 -0.030500000342726707 0.023488307371735573
v -0.01262132078409195 -0.030500000342726707 0.02342132106423378
v -0.01262132078409195 -0.03550000116229057 0.02342132106423378
v -0.012371320277452469 -0.03550000116229057 0.023488307371735573
v -0.012371320277452469 -0.030500000342726707 0.023488307371735573
v -0.01262132078409195 -0.03550000116229057 0.02342132106423378
v -0.008378679864108562 -0.030500000342726707 0.02342132106423378
v -0.008628679439425468 -0.03550000116229057 0.023488307371735573
v -0.008378679864108562 -0.03550000116229057 0.02342132106423378
v -0.008128679357469082 -0.030500000342726707 0.023488307371735573
v -0.008378679864108562 -0.030500000342726707 0.02342132106423378
v -0.008378679864108562 -0.03550000116229057 0.02342132106423378
v -0.008128679357469082 -0.03550000116229057 0.023488307371735573
v -0.008128679357469082 -0.030500000342726707 0.023488307371735573
v -0.008378679864108562 -0.03550000116229057 0.02342132106423378
v -0.012871320359408855 -0.030500000342726707 0.023488307371735573
v -0.013054332695901394 -0.03550000116229057 0.02367131970822811
v -0.012871320359408855 -0.03550000116229057 0.023488307371735573
v -0.01262132078409195 -0.030500000342726707 0.02342132106423378
v -0.012871320359408855 -0.030500000342726707 0.023488307371735573
v -0.012871320359408855 -0.03550000116229057 0.023488307371735573
v -0.01218830794095993 -0.030500000342726707 0.02367131970822811
v -0.012371320277452469 -0.030500000342726707 0.023488307371735573
v -0.012371320277452469 -0.03550000116229057 0.023488307371735573
v -0.01218830794095993 -0.03550000116229057 0.02367131970822811
v -0.01218830794095993 -0.030500000342726707 0.02367131970822811
v -0.012371320277452469 -0.03550000116229057 0.023488307371735573
v -0.008628679439425468 -0.030500000342726707 0.023488307371735573
v -0.008811692707240582 -0.03550000116229057 0.02367131970822811
v -0.008628679439425468 -0.03550000116229057 0.023488307371735573
v -0.008378679864108562 -0.030500000342726707 0.02342132106423378
v -0.008628679439425468 -0.030500000342726707 0.023488307371735573
v -0.008628679439425468 -0.03550000116229057 0.023488307371735573
v -0.007945667020976543 -0.030500000342726707 0.02367131970822811
v -0.008128679357469082 -0.030500000342726707 0.023488307371735573
v -0.008128679357469082 -0.03550000116229057 0.023488307371735573
v -0.007945667020976543 -0.03550000116229057 0.02367131970822811
v -0.007945667020976543 -0.030500000342726707 0.02367131970822811
v -0.008128679357469082 -0.03550000116229057 0.023488307371735573
v -0.013121319934725761 -0.03550000116229057 0.023921320214867592
v -0.013560660183429718 -0.03550000116229057 0.024379121139645576
v -0.013054332695901394 -0.03550000116229057 0.02367131970822811
v -0.013054332695901394 -0.030500000342726707 0.02367131970822811
v -0.013121319934725761 -0.03550000116229057 0.023921320214867592
v -0.013054332695901394 -0.03550000116229057 0.02367131970822811
v -0.012871320359408855 -0.030500000342726707 0.023488307371735573
v -0.013054332695901394 -0.030500000342726707 0.02367131970822811
v -0.013054332695901394 -0.03550000116229057 0.02367131970822811
v -0.012121320702135563 -0.030500000342726707 0.023921320214867592
v -0.01218830794095993 -0.030500000342726707 0.02367131970822811
v -0.01218830794095993 -0.03550000116229057 0.02367131970822811
v -0.012121320702135563 -0.03550000116229057 0.023921320214867592
v -0.012121320702135563 -0.030500000342726707 0.023921320214867592
v -0.01218830794095993 -0.03550000116229057 0.02367131970822811
v -0.008811692707240582 -0.030500000342726707 0.02367131970822811
v -0.008878679946064949 -0.03550000116229057 0.023921320214867592
v -0.008811692707240582 -0.03550000116229057 0.02367131970822811
v -0.008628679439425468 -0.030500000342726707 0.023488307371735573
v -0.008811692707240582 -0.030500000342726707 0.02367131970822811
v -0.008811692707240582 -0.03550000116229057 0.02367131970822811
v -0.007878679782152176 -0.030500000342726707 0.023921320214867592
v -0.007945667020976543 -0.030500000342726707 0.02367131970822811
v -0.007945667020976543 -0.03550000116229057 0.02367131970822811
v -0.007878679782152176 -0.03550000116229057 0.023921320214867592
v -0.007878679782152176 -0.030500000342726707 0.023921320214867592
v -0.007945667020976543 -0.03550000116229057 0.02367131970822811
v -0.013054332695901394 -0.03550000116229057 0.024171320721507072
v -0.013560660183429718 -0.03550000116229057 0.024379121139645576
v -0.013121319934725761 -0.03550000116229057 0.023921320214867592
v -0.013121319934725761 -0.030500000342726707 0.023921320214867592
v -0.013054332695901394 -0.03550000116229057 0.024171320721507072
v -0.013121319934725761 -0.03550000116229057 0.023921320214867592
v -0.013054332695901394 -0.030500000342726707 0.02367131970822811
v -0.013121319934725761 -0.030500000342726707 0.023921320214867592
v -0.013121319934725761 -0.03550000116229057 0.023921320214867592
v -0.011560659855604172 -0.03550000116229057 0.02486065961420536
v -0.01218830794095993 -0.03550000116229057 0.024171320721507072
v -0.012121320702135563 -0.03550000116229057 0.023921320214867592
v -0.01218830794095993 -0.030500000342726707 0.024171320721507072
v -0.012121320702135563 -0.030500000342726707 0.023921320214867592
v -0.012121320702135563 -0.03550000116229057 0.023921320214867592
v -0.01218830794095993 -0.03550000116229057 0.024171320721507072
v -0.01218830794095993 -0.030500000342726707 0.024171320721507072
v -0.012121320702135563 -0.03550000116229057 0.023921320214867592
v -0.008811692707240582 -0.03550000116229057 0.024171320721507072
v -0.009439339861273766 -0.03550000116229057 0.02486065961420536
v -0.008878679946064949 -0.03550000116229057 0.023921320214867592
v -0.008878679946064949 -0.030500000342726707 0.023921320214867592
v -0.008811692707240582 -0.03550000116229057 0.024171320721507072
v -0.008878679946064949 -0.03550000116229057 0.023921320214867592
v -0.008811692707240582 -0.030500000342726707 0.02367131970822811
v -0.008878679946064949 -0.030500000342726707 0.023921320214867592
v -0.008878679946064949 -0.03550000116229057 0.023921320214867592
v -0.007439339999109507 -0.03550000116229057 0.024379121139645576
v -0.007945667020976543 -0.03550000116229057 0.024171320721507072
v -0.007878679782152176 -0.03550000116229057 0.023921320214867592
v -0.007945667020976543 -0.030500000342726707 0.024171320721507072
v -0.007878679782152176 -0.030500000342726707 0.023921320214867592
v -0.007878679782152176 -0.03550000116229057 0.023921320214867592
v -0.007945667020976543 -0.03550000116229057 0.024171320721507072
v -0.007945667020976543 -0.030500000342726707 0.024171320721507072
v -0.007878679782152176 -0.03550000116229057 0.023921320214867592
v -0.013560660183429718 -0.03550000116229057 0.024379121139645576
v -0.01394701562821865 -0.03449999913573265 0.02401992864906788
v -0.01394701562821865 -0.03550000116229057 0.02401992864906788
v -0.007052984554320574 -0.03449999913573265 0.02401992864906788
v -0.007439339999109507 -0.03550000116229057 0.024379121139645576
v -0.007052984554320574 -0.03550000116229057 0.02401992864906788
v -0.0064108707010746 -0.03449999913573265 0.022098364308476448
v -0.007052984554320574 -0.03449999913573265 0.02401992864906788
v -0.007052984554320574 -0.03550000116229057 0.02401992864906788
v -0.014397114515304565 -0.02850000001490116 0.024049999192357063
v -0.014999999664723873 -0.02850000001490116 0.021800000220537186
v -0.014397114515304565 -0.03550000116229057 0.024049999192357063
v -0.012749999761581421 -0.03550000116229057 0.025697113946080208
v -0.014397114515304565 -0.02850000001490116 0.024049999192357063
v -0.014397114515304565 -0.03550000116229057 0.024049999192357063
v -0.014120446518063545 -0.03550000116229057 0.024119993671774864
v -0.012749999761581421 -0.03550000116229057 0.025697113946080208
v -0.014397114515304565 -0.03550000116229057 0.024049999192357063
v -0.008249999955296516 -0.02850000001490116 0.025697113946080208
v -0.008249999955296516 -0.03550000116229057 0.025697113946080208
v -0.006602885667234659 -0.03550000116229057 0.024049999192357063
v -0.006602885667234659 -0.02850000001490116 0.024049999192357063
v -0.008249999955296516 -0.02850000001490116 0.025697113946080208
v -0.006602885667234659 -0.03550000116229057 0.024049999192357063
v -0.008249999955296516 -0.03550000116229057 0.025697113946080208
v -0.008436746895313263 -0.03550000116229057 0.02557266317307949
v -0.006602885667234659 -0.03550000116229057 0.024049999192357063
v -0.008436746895313263 -0.03550000116229057 0.02557266317307949
v -0.006879553664475679 -0.03550000116229057 0.024119993671774864
v -0.006602885667234659 -0.03550000116229057 0.024049999192357063
v -0.012563253752887249 -0.03550000116229057 0.02557266317307949
v -0.012749999761581421 -0.03550000116229057 0.025697113946080208
v -0.014120446518063545 -0.03550000116229057 0.024119993671774864
v -0.014120446518063545 -0.03449999913573265 0.024119993671774864
v -0.012563253752887249 -0.03550000116229057 0.02557266317307949
v -0.014120446518063545 -0.03550000116229057 0.024119993671774864
v -0.0147896409034729 -0.03449999913573265 0.022098291665315628
v -0.014120446518063545 -0.03449999913573265 0.024119993671774864
v -0.014120446518063545 -0.03550000116229057 0.024119993671774864
v -0.008436746895313263 -0.03449999913573265 0.02557266317307949
v -0.006879553664475679 -0.03449999913573265 0.024119993671774864
v -0.006879553664475679 -0.03550000116229057 0.024119993671774864
v -0.008436746895313263 -0.03550000116229057 0.02557266317307949
v -0.008436746895313263 -0.03449999913573265 0.02557266317307949
v -0.006879553664475679 -0.03550000116229057 0.024119993671774864
v -0.01304270513355732 -0.03550000116229057 0.02486065961420536
v -0.013560660183429718 -0.03550000116229057 0.024379121139645576
v -0.013054332695901394 -0.03550000116229057 0.024171320721507072
v -0.012871320359408855 -0.03550000116229057 0.02435433305799961
v -0.01304270513355732 -0.03550000116229057 0.02486065961420536
v -0.013054332695901394 -0.03550000116229057 0.024171320721507072
v -0.013054332695901394 -0.030500000342726707 0.024171320721507072
v -0.012871320359408855 -0.03550000116229057 0.02435433305799961
v -0.013054332695901394 -0.03550000116229057 0.024171320721507072
v -0.013121319934725761 -0.030500000342726707 0.023921320214867592
v -0.013054332695901394 -0.030500000342726707 0.024171320721507072
v -0.013054332695901394 -0.03550000116229057 0.024171320721507072
v -0.011560659855604172 -0.03550000116229057 0.02486065961420536
v -0.012371320277452469 -0.03550000116229057 0.02435433305799961
v -0.01218830794095993 -0.03550000116229057 0.024171320721507072
v -0.012371320277452469 -0.030500000342726707 0.02435433305799961
v -0.01218830794095993 -0.030500000342726707 0.024171320721507072
v -0.01218830794095993 -0.03550000116229057 0.024171320721507072
v -0.012371320277452469 -0.03550000116229057 0.02435433305799961
v -0.012371320277452469 -0.030500000342726707 0.02435433305799961
v -0.01218830794095993 -0.03550000116229057 0.024171320721507072
v -0.008628679439425468 -0.03550000116229057 0.02435433305799961
v -0.009439339861273766 -0.03550000116229057 0.02486065961420536
v -0.008811692707240582 -0.03550000116229057 0.024171320721507072
v -0.008811692707240582 -0.030500000342726707 0.024171320721507072
v -0.008628679439425468 -0.03550000116229057 0.02435433305799961
v -0.008811692707240582 -0.03550000116229057 0.024171320721507072
v -0.008878679946064949 -0.030500000342726707 0.023921320214867592
v -0.008811692707240582 -0.030500000342726707 0.024171320721507072
v -0.008811692707240582 -0.03550000116229057 0.024171320721507072
v -0.007439339999109507 -0.03550000116229057 0.024379121139645576
v -0.008128679357469082 -0.03550000116229057 0.02435433305799961
v -0.007945667020976543 -0.03550000116229057 0.024171320721507072
v -0.008128679357469082 -0.030500000342726707 0.02435433305799961
v -0.007945667020976543 -0.030500000342726707 0.024171320721507072
v -0.007945667020976543 -0.03550000116229057 0.024171320721507072
v -0.008128679357469082 -0.03550000116229057 0.02435433305799961
v -0.008128679357469082 -0.030500000342726707 0.02435433305799961
v -0.007945667020976543 -0.03550000116229057 0.024171320721507072
v -0.010499999858438969 -0.030500000342726707 0.024299999698996544
v -0.01075000036507845 -0.03550000116229057 0.024366987869143486
v -0.010499999858438969 -0.03550000116229057 0.024299999698996544
v -0.010250000283122063 -0.030500000342726707 0.024366987869143486
v -0.010499999858438969 -0.030500000342726707 0.024299999698996544
v -0.010499999858438969 -0.03550000116229057 0.024299999698996544
v -0.010250000283122063 -0.03550000116229057 0.024366987869143486
v -0.010250000283122063 -0.030500000342726707 0.024366987869143486
v -0.010499999858438969 -0.03550000116229057 0.024299999698996544
v -0.01262132078409195 -0.03550000116229057 0.024421321228146553
v -0.01304270513355732 -0.03550000116229057 0.02486065961420536
v -0.012871320359408855 -0.03550000116229057 0.02435433305799961
v -0.012871320359408855 -0.030500000342726707 0.02435433305799961
v -0.01262132078409195 -0.03550000116229057 0.024421321228146553
v -0.012871320359408855 -0.03550000116229057 0.02435433305799961
v -0.013054332695901394 -0.030500000342726707 0.024171320721507072
v -0.012871320359408855 -0.030500000342726707 0.02435433305799961
v -0.012871320359408855 -0.03550000116229057 0.02435433305799961
v -0.011560659855604172 -0.03550000116229057 0.02486065961420536
v -0.01262132078409195 -0.03550000116229057 0.024421321228146553
v -0.012371320277452469 -0.03550000116229057 0.02435433305799961
v -0.01262132078409195 -0.030500000342726707 0.024421321228146553
v -0.012371320277452469 -0.030500000342726707 0.02435433305799961
v -0.012371320277452469 -0.03550000116229057 0.02435433305799961
v -0.01262132078409195 -0.03550000116229057 0.024421321228146553
v -0.01262132078409195 -0.030500000342726707 0.024421321228146553
v -0.012371320277452469 -0.03550000116229057 0.02435433305799961
v -0.007957294583320618 -0.03550000116229057 0.02486065961420536
v -0.009439339861273766 -0.03550000116229057 0.02486065961420536
v -0.008628679439425468 -0.03550000116229057 0.02435433305799961
v -0.008378679864108562 -0.03550000116229057 0.024421321228146553
v -0.007957294583320618 -0.03550000116229057 0.02486065961420536
v -0.008628679439425468 -0.03550000116229057 0.02435433305799961
v -0.008628679439425468 -0.030500000342726707 0.02435433305799961
v -0.008378679864108562 -0.03550000116229057 0.024421321228146553
v -0.008628679439425468 -0.03550000116229057 0.02435433305799961
v -0.008811692707240582 -0.030500000342726707 0.024171320721507072
v -0.008628679439425468 -0.030500000342726707 0.02435433305799961
v -0.008628679439425468 -0.03550000116229057 0.02435433305799961
v -0.007439339999109507 -0.03550000116229057 0.024379121139645576
v -0.007957294583320618 -0.03550000116229057 0.02486065961420536
v -0.008128679357469082 -0.03550000116229057 0.02435433305799961
v -0.007957294583320618 -0.03550000116229057 0.02486065961420536
v -0.008378679864108562 -0.03550000116229057 0.024421321228146553
v -0.008128679357469082 -0.03550000116229057 0.02435433305799961
v -0.008378679864108562 -0.030500000342726707 0.024421321228146553
v -0.008128679357469082 -0.030500000342726707 0.02435433305799961
v -0.008128679357469082 -0.03550000116229057 0.02435433305799961
v -0.008378679864108562 -0.03550000116229057 0.024421321228146553
v -0.008378679864108562 -0.030500000342726707 0.024421321228146553
v -0.008128679357469082 -0.03550000116229057 0.02435433305799961
v -0.01075000036507845 -0.030500000342726707 0.024366987869143486
v -0.010933012701570988 -0.03550000116229057 0.024550000205636024
v -0.01075000036507845 -0.03550000116229057 0.024366987869143486
v -0.010499999858438969 -0.030500000342726707 0.024299999698996544
v -0.01075000036507845 -0.030500000342726707 0.024366987869143486
v -0.01075000036507845 -0.03550000116229057 0.024366987869143486
v -0.01006698701530695 -0.030500000342726707 0.024550000205636024
v -0.010250000283122063 -0.030500000342726707 0.024366987869143486
v -0.010250000283122063 -0.03550000116229057 0.024366987869143486
v -0.01006698701530695 -0.03550000116229057 0.024550000205636024
v -0.01006698701530695 -0.030500000342726707 0.024550000205636024
v -0.010250000283122063 -0.03550000116229057 0.024366987869143486
v -0.01304270513355732 -0.03550000116229057 0.02486065961420536
v -0.01246319804340601 -0.03449999913573265 0.025399424135684967
v -0.013560660183429718 -0.03550000116229057 0.024379121139645576
v -0.01246319804340601 -0.03449999913573265 0.025399424135684967
v -0.01394701562821865 -0.03449999913573265 0.02401992864906788
v -0.013560660183429718 -0.03550000116229057 0.024379121139645576
v -0.007052984554320574 -0.03449999913573265 0.02401992864906788
v -0.007957294583320618 -0.03550000116229057 0.02486065961420536
v -0.007439339999109507 -0.03550000116229057 0.024379121139645576
v -0.011560659855604172 -0.03550000116229057 0.02486065961420536
v -0.01304270513355732 -0.03550000116229057 0.02486065961420536
v -0.01262132078409195 -0.03550000116229057 0.024421321228146553
v -0.012871320359408855 -0.030500000342726707 0.02435433305799961
v -0.01262132078409195 -0.030500000342726707 0.024421321228146553
v -0.01262132078409195 -0.03550000116229057 0.024421321228146553
v -0.008628679439425468 -0.030500000342726707 0.02435433305799961
v -0.008378679864108562 -0.030500000342726707 0.024421321228146553
v -0.008378679864108562 -0.03550000116229057 0.024421321228146553
v -0.010999999940395355 -0.03550000116229057 0.024800000712275505
v -0.011560659855604172 -0.03550000116229057 0.02486065961420536
v -0.010933012701570988 -0.03550000116229057 0.024550000205636024
v -0.010933012701570988 -0.030500000342726707 0.024550000205636024
v -0.010999999940395355 -0.03550000116229057 0.024800000712275505
v -0.010933012701570988 -0.03550000116229057 0.024550000205636024
v -0.01075000036507845 -0.030500000342726707 0.024366987869143486
v -0.010933012701570988 -0.030500000342726707 0.024550000205636024
v -0.010933012701570988 -0.03550000116229057 0.024550000205636024
v -0.009999999776482582 -0.030500000342726707 0.024800000712275505
v -0.01006698701530695 -0.030500000342726707 0.024550000205636024
v -0.01006698701530695 -0.03550000116229057 0.024550000205636024
v -0.009999999776482582 -0.03550000116229057 0.024800000712275505
v -0.009999999776482582 -0.030500000342726707 0.024800000712275505
v -0.01006698701530695 -0.03550000116229057 0.024550000205636024
v -0.010983746498823166 -0.03550000116229057 0.02486065961420536
v -0.011560659855604172 -0.03550000116229057 0.02486065961420536
v -0.010999999940395355 -0.03550000116229057 0.024800000712275505
v -0.010999999940395355 -0.030500000342726707 0.024800000712275505
v -0.010983746498823166 -0.03550000116229057 0.02486065961420536
v -0.010999999940395355 -0.03550000116229057 0.024800000712275505
v -0.010933012701570988 -0.030500000342726707 0.024550000205636024
v -0.010999999940395355 -0.030500000342726707 0.024800000712275505
v -0.010999999940395355 -0.03550000116229057 0.024800000712275505
v -0.009439339861273766 -0.03550000116229057 0.02486065961420536
v -0.010016254149377346 -0.03550000116229057 0.02486065961420536
v -0.009999999776482582 -0.03550000116229057 0.024800000712275505
v -0.010016254149377346 -0.03550000116229057 0.02486065961420536
v -0.009999999776482582 -0.030500000342726707 0.024800000712275505
v -0.009999999776482582 -0.03550000116229057 0.024800000712275505
v -0.011560659855604172 -0.03550000116229057 0.02486065961420536
v -0.011560659855604172 -0.03550000116229057 0.025629553943872452
v -0.01304270513355732 -0.03550000116229057 0.02486065961420536
v -0.011560659855604172 -0.03550000116229057 0.025629553943872452
v -0.01246319804340601 -0.03550000116229057 0.025399424135684967
v -0.01304270513355732 -0.03550000116229057 0.02486065961420536
v -0.01246319804340601 -0.03550000116229057 0.025399424135684967
v -0.01246319804340601 -0.03449999913573265 0.025399424135684967
v -0.01304270513355732 -0.03550000116229057 0.02486065961420536
v -0.010983746498823166 -0.03550000116229057 0.02486065961420536
v -0.011560659855604172 -0.03550000116229057 0.025629553943872452
v -0.011560659855604172 -0.03550000116229057 0.02486065961420536
v -0.010933012701570988 -0.03550000116229057 0.025049999356269836
v -0.011560659855604172 -0.03550000116229057 0.025629553943872452
v -0.010983746498823166 -0.03550000116229057 0.02486065961420536
v -0.010933012701570988 -0.030500000342726707 0.025049999356269836
v -0.010933012701570988 -0.03550000116229057 0.025049999356269836
v -0.010983746498823166 -0.03550000116229057 0.02486065961420536
v -0.010999999940395355 -0.030500000342726707 0.024800000712275505
v -0.010933012701570988 -0.030500000342726707 0.025049999356269836
v -0.010983746498823166 -0.03550000116229057 0.02486065961420536
v -0.009439339861273766 -0.03550000116229057 0.02486065961420536
v -0.01006698701530695 -0.03550000116229057 0.025049999356269836
v -0.010016254149377346 -0.03550000116229057 0.02486065961420536
v -0.01006698701530695 -0.030500000342726707 0.025049999356269836
v -0.009999999776482582 -0.030500000342726707 0.024800000712275505
v -0.010016254149377346 -0.03550000116229057 0.02486065961420536
v -0.01006698701530695 -0.03550000116229057 0.025049999356269836
v -0.01006698701530695 -0.030500000342726707 0.025049999356269836
v -0.010016254149377346 -0.03550000116229057 0.02486065961420536
v -0.009439339861273766 -0.03550000116229057 0.025629553943872452
v -0.01006698701530695 -0.03550000116229057 0.025049999356269836
v -0.009439339861273766 -0.03550000116229057 0.02486065961420536
v -0.007957294583320618 -0.03550000116229057 0.02486065961420536
v -0.009439339861273766 -0.03550000116229057 0.025629553943872452
v -0.009439339861273766 -0.03550000116229057 0.02486065961420536
v -0.008536802604794502 -0.03550000116229057 0.025399424135684967
v -0.009439339861273766 -0.03550000116229057 0.025629553943872452
v -0.007957294583320618 -0.03550000116229057 0.02486065961420536
v -0.008536802604794502 -0.03449999913573265 0.025399424135684967
v -0.008536802604794502 -0.03550000116229057 0.025399424135684967
v -0.007957294583320618 -0.03550000116229057 0.02486065961420536
v -0.007052984554320574 -0.03449999913573265 0.02401992864906788
v -0.008536802604794502 -0.03449999913573265 0.025399424135684967
v -0.007957294583320618 -0.03550000116229057 0.02486065961420536
v -0.01075000036507845 -0.03550000116229057 0.025233013555407524
v -0.011560659855604172 -0.03550000116229057 0.025629553943872452
v -0.010933012701570988 -0.03550000116229057 0.025049999356269836
v -0.010933012701570988 -0.030500000342726707 0.025049999356269836
v -0.01075000036507845 -0.03550000116229057 0.025233013555407524
v -0.010933012701570988 -0.03550000116229057 0.025049999356269836
v -0.009439339861273766 -0.03550000116229057 0.025629553943872452
v -0.010250000283122063 -0.03550000116229057 0.025233013555407524
v -0.01006698701530695 -0.03550000116229057 0.025049999356269836
v -0.010250000283122063 -0.030500000342726707 0.025233013555407524
v -0.01006698701530695 -0.030500000342726707 0.025049999356269836
v -0.01006698701530695 -0.03550000116229057 0.025049999356269836
v -0.010250000283122063 -0.03550000116229057 0.025233013555407524
v -0.010250000283122063 -0.030500000342726707 0.025233013555407524
v -0.01006698701530695 -0.03550000116229057 0.025049999356269836
v -0.010499999858438969 -0.03550000116229057 0.02590000070631504
v -0.011560659855604172 -0.03550000116229057 0.025629553943872452
v -0.01075000036507845 -0.03550000116229057 0.025233013555407524
v -0.010499999858438969 -0.03550000116229057 0.025299999862909317
v -0.010499999858438969 -0.03550000116229057 0.02590000070631504
v -0.01075000036507845 -0.03550000116229057 0.025233013555407524
v -0.01075000036507845 -0.030500000342726707 0.025233013555407524
v -0.010499999858438969 -0.03550000116229057 0.025299999862909317
v -0.01075000036507845 -0.03550000116229057 0.025233013555407524
v -0.010933012701570988 -0.030500000342726707 0.025049999356269836
v -0.01075000036507845 -0.030500000342726707 0.025233013555407524
v -0.01075000036507845 -0.03550000116229057 0.025233013555407524
v -0.009439339861273766 -0.03550000116229057 0.025629553943872452
v -0.010499999858438969 -0.03550000116229057 0.025299999862909317
v -0.010250000283122063 -0.03550000116229057 0.025233013555407524
v -0.010499999858438969 -0.030500000342726707 0.025299999862909317
v -0.010250000283122063 -0.030500000342726707 0.025233013555407524
v -0.010250000283122063 -0.03550000116229057 0.025233013555407524
v -0.010499999858438969 -0.03550000116229057 0.025299999862909317
v -0.010499999858438969 -0.030500000342726707 0.025299999862909317
v -0.010250000283122063 -0.03550000116229057 0.025233013555407524
v -0.009439339861273766 -0.03550000116229057 0.025629553943872452
v -0.010499999858438969 -0.03550000116229057 0.02590000070631504
v -0.010499999858438969 -0.03550000116229057 0.025299999862909317
v -0.01075000036507845 -0.030500000342726707 0.025233013555407524
v -0.010499999858438969 -0.030500000342726707 0.025299999862909317
v -0.010499999858438969 -0.03550000116229057 0.025299999862909317
v -0.011560659855604172 -0.03550000116229057 0.025629553943872452
v -0.01246319804340601 -0.03449999913573265 0.025399424135684967
v -0.01246319804340601 -0.03550000116229057 0.025399424135684967
v -0.008536802604794502 -0.03449999913573265 0.025399424135684967
v -0.009439339861273766 -0.03550000116229057 0.025629553943872452
v -0.008536802604794502 -0.03550000116229057 0.025399424135684967
v -0.010499999858438969 -0.03550000116229057 0.02630000002682209
v -0.012749999761581421 -0.03550000116229057 0.025697113946080208
v -0.012563253752887249 -0.03550000116229057 0.02557266317307949
v -0.010499999858438969 -0.03550000116229057 0.026100000366568565
v -0.010499999858438969 -0.03550000116229057 0.02630000002682209
v -0.012563253752887249 -0.03550000116229057 0.02557266317307949
v -0.012563253752887249 -0.03449999913573265 0.02557266317307949
v -0.010499999858438969 -0.03550000116229057 0.026100000366568565
v -0.012563253752887249 -0.03550000116229057 0.02557266317307949
v -0.014120446518063545 -0.03449999913573265 0.024119993671774864
v -0.012563253752887249 -0.03449999913573265 0.02557266317307949
v -0.012563253752887249 -0.03550000116229057 0.02557266317307949
v -0.008249999955296516 -0.03550000116229057 0.025697113946080208
v -0.010499999858438969 -0.03550000116229057 0.026100000366568565
v -0.008436746895313263 -0.03550000116229057 0.02557266317307949
v -0.010499999858438969 -0.03449999913573265 0.026100000366568565
v -0.008436746895313263 -0.03449999913573265 0.02557266317307949
v -0.008436746895313263 -0.03550000116229057 0.02557266317307949
v -0.010499999858438969 -0.03550000116229057 0.026100000366568565
v -0.010499999858438969 -0.03449999913573265 0.026100000366568565
v -0.008436746895313263 -0.03550000116229057 0.02557266317307949
v -0.010499999858438969 -0.03449999913573265 0.02590000070631504
v -0.01246319804340601 -0.03449999913573265 0.025399424135684967
v -0.011560659855604172 -0.03550000116229057 0.025629553943872452
v -0.010499999858438969 -0.03550000116229057 0.02590000070631504
v -0.010499999858438969 -0.03449999913573265 0.02590000070631504
v -0.011560659855604172 -0.03550000116229057 0.025629553943872452
v -0.008536802604794502 -0.03449999913573265 0.025399424135684967
v -0.010499999858438969 -0.03550000116229057 0.02590000070631504
v -0.009439339861273766 -0.03550000116229057 0.025629553943872452
v -0.012749999761581421 -0.02850000001490116 0.025697113946080208
v -0.014397114515304565 -0.02850000001490116 0.024049999192357063
v -0.012749999761581421 -0.03550000116229057 0.025697113946080208
v -0.010499999858438969 -0.03550000116229057 0.02630000002682209
v -0.012749999761581421 -0.02850000001490116 0.025697113946080208
v -0.012749999761581421 -0.03550000116229057 0.025697113946080208
v -0.010499999858438969 -0.02850000001490116 0.02630000002682209
v -0.010499999858438969 -0.03550000116229057 0.02630000002682209
v -0.008249999955296516 -0.03550000116229057 0.025697113946080208
v -0.008249999955296516 -0.02850000001490116 0.025697113946080208
v -0.010499999858438969 -0.02850000001490116 0.02630000002682209
v -0.008249999955296516 -0.03550000116229057 0.025697113946080208
v -0.010499999858438969 -0.03550000116229057 0.02630000002682209
v -0.010499999858438969 -0.03550000116229057 0.026100000366568565
v -0.008249999955296516 -0.03550000116229057 0.025697113946080208
v -0.008536802604794502 -0.03449999913573265 0.025399424135684967
v -0.010499999858438969 -0.03449999913573265 0.02590000070631504
v -0.010499999858438969 -0.03550000116229057 0.02590000070631504
v -0.012563253752887249 -0.03449999913573265 0.02557266317307949
v -0.010499999858438969 -0.03449999913573265 0.026100000366568565
v -0.010499999858438969 -0.03550000116229057 0.026100000366568565
v -0.010499999858438969 -0.02850000001490116 0.02630000002682209
v -0.012749999761581421 -0.02850000001490116 0.025697113946080208
v -0.010499999858438969 -0.03550000116229057 0.02630000002682209
v -0.0020000000949949026 -0.034942809492349625 0.0333000011742115
v -0.0020000000949949026 -0.034942809492349625 0.014299999922513962
v -0.0003000000142492354 -0.03499871492385864 0.014399999752640724
v -0.0003000000142492354 -0.03499871492385864 0.031099999323487282
v -0.0020000000949949026 -0.034942809492349625 0.0333000011742115
v -0.0003000000142492354 -0.03499871492385864 0.014399999752640724
v -0.0020000000949949026 -0.034942809492349625 0.014299999922513962
v -0.00211533484980464 -0.03493596985936165 0.013785899616777897
v -0.0003000000142492354 -0.03499871492385864 0.014399999752640724
v -0.00211533484980464 -0.03493596985936165 0.013785899616777897
v -0.002143807476386428 -0.034934282302856445 0.013658983632922173
v -0.0003000000142492354 -0.03499871492385864 0.014399999752640724
v -0.002143807476386428 -0.034934282302856445 0.013658983632922173
v -0.0024590555112808943 -0.03491310775279999 0.013254714198410511
v -0.0003000000142492354 -0.03499871492385864 0.014399999752640724
v -0.0024590555112808943 -0.03491310775279999 0.013254714198410511
v -0.002547423355281353 -0.03490717336535454 0.013141392730176449
v -0.0003000000142492354 -0.03499871492385864 0.014399999752640724
v -0.002547423355281353 -0.03490717336535454 0.013141392730176449
v 0.0016578261274844408 -0.03480205312371254 0.0005000000237487257
v -0.0003000000142492354 -0.03499871492385864 0.014399999752640724
v 0.0016578261274844408 -0.03480205312371254 0.0005000000237487257
v 0.0016653670463711023 -0.03496035560965538 0.014399999752640724
v -0.0003000000142492354 -0.03499871492385864 0.014399999752640724
v 0.0016653670463711023 -0.03496035560965538 0.014399999752640724
v -0.0003000000142492354 -0.03404898941516876 0.014399999752640724
v -0.0003000000142492354 -0.03499871492385864 0.014399999752640724
v -0.0003000000142492354 -0.03404898941516876 0.031099999323487282
v -0.0003000000142492354 -0.03499871492385864 0.031099999323487282
v -0.0003000000142492354 -0.03499871492385864 0.014399999752640724
v -0.0003000000142492354 -0.03404898941516876 0.014399999752640724
v -0.0003000000142492354 -0.03404898941516876 0.031099999323487282
v -0.0003000000142492354 -0.03499871492385864 0.014399999752640724
v -0.0003000000142492354 -0.03404898941516876 0.031099999323487282
v 0.0016653670463711023 -0.03496035560965538 0.031099999323487282
v -0.0003000000142492354 -0.03499871492385864 0.031099999323487282
v 0.0016653670463711023 -0.03496035560965538 0.031099999323487282
v -0.0023413971066474915 -0.03492159768939018 0.034252580255270004
v -0.0003000000142492354 -0.03499871492385864 0.031099999323487282
v -0.0023413971066474915 -0.03492159768939018 0.034252580255270004
v -0.0021167395170778036 -0.03493570163846016 0.03380706161260605
v -0.0003000000142492354 -0.03499871492385864 0.031099999323487282
v -0.0020445825066417456 -0.03494023159146309 0.03366396576166153
v -0.0020000000949949026 -0.034942809492349625 0.0333000011742115
v -0.0003000000142492354 -0.03499871492385864 0.031099999323487282
v -0.0021167395170778036 -0.03493570163846016 0.03380706161260605
v -0.0020445825066417456 -0.03494023159146309 0.03366396576166153
v -0.0003000000142492354 -0.03499871492385864 0.031099999323487282
v -0.0035000001080334187 -0.03482456132769585 0.012799999676644802
v -0.00495846476405859 -0.034486882388591766 0.0005000000237487257
v -0.0016653670463711023 -0.03496035560965538 0.0005000000237487257
v -0.00313557218760252 -0.03485926240682602 0.012844685465097427
v -0.0035000001080334187 -0.03482456132769585 0.012799999676644802
v -0.0016653670463711023 -0.03496035560965538 0.0005000000237487257
v 0.0016578261274844408 -0.03480205312371254 0.0005000000237487257
v -0.00313557218760252 -0.03485926240682602 0.012844685465097427
v -0.0016653670463711023 -0.03496035560965538 0.0005000000237487257
v -0.0016415760619565845 -0.034460924565792084 -1.734723475976807e-18
v 0.0016578261274844408 -0.03480205312371254 0.0005000000237487257
v -0.0016653670463711023 -0.03496035560965538 0.0005000000237487257
v -0.00495846476405859 -0.034486882388591766 0.0005000000237487257
v -0.0016415760619565845 -0.034460924565792084 -1.734723475976807e-18
v -0.0016653670463711023 -0.03496035560965538 0.0005000000237487257
v 0.0016578261274844408 -0.03480205312371254 0.0005000000237487257
v 0.004981019534170628 -0.0346437506377697 0.0005000000237487257
v 0.0016653670463711023 -0.03496035560965538 0.014399999752640724
v 0.004981019534170628 -0.0346437506377697 0.0005000000237487257
v 0.008251562714576721 -0.034013405442237854 0.014399999752640724
v 0.0016653670463711023 -0.03496035560965538 0.014399999752640724
v 0.008251562714576721 -0.034013405442237854 0.014399999752640724
v 0.005289999768137932 -0.03404898941516876 0.014399999752640724
v 0.0016653670463711023 -0.03496035560965538 0.014399999752640724
v 0.005289999768137932 -0.03404898941516876 0.014399999752640724
v -0.0003000000142492354 -0.03404898941516876 0.014399999752640724
v 0.0016653670463711023 -0.03496035560965538 0.014399999752640724
v -0.0003000000142492354 -0.03404898941516876 0.031099999323487282
v 0.008103474043309689 -0.03404898941516876 0.031099999323487282
v 0.0016653670463711023 -0.03496035560965538 0.031099999323487282
v 0.0016653670463711023 -0.03496035560965538 0.06705735623836517
v -0.0023413971066474915 -0.03492159768939018 0.034252580255270004
v 0.0016653670463711023 -0.03496035560965538 0.031099999323487282
v 0.004981019534170628 -0.0346437506377697 0.06705735623836517
v 0.0016653670463711023 -0.03496035560965538 0.06705735623836517
v 0.0016653670463711023 -0.03496035560965538 0.031099999323487282
v 0.008103474043309689 -0.03404898941516876 0.031099999323487282
v 0.004981019534170628 -0.0346437506377697 0.06705735623836517
v 0.0016653670463711023 -0.03496035560965538 0.031099999323487282
v -0.0035000001080334187 -0.03482456132769585 0.03480000048875809
v 0.0016653670463711023 -0.03496035560965538 0.06705735623836517
v -0.0016653670463711023 -0.03496035560965538 0.06705735623836517
v -0.004981019534170628 -0.0346437506377697 0.03480000048875809
v -0.0035000001080334187 -0.03482456132769585 0.03480000048875809
v -0.0016653670463711023 -0.03496035560965538 0.06705735623836517
v -0.004981019534170628 -0.0346437506377697 0.06705735623836517
v -0.004981019534170628 -0.0346437506377697 0.03480000048875809
v -0.0016653670463711023 -0.03496035560965538 0.06705735623836517
v 0.0016653670463711023 -0.03496035560965538 0.06705735623836517
v -0.0016545011894777417 -0.03473225235939026 0.06820540875196457
v -0.0016653670463711023 -0.03496035560965538 0.06705735623836517
v -0.0016545011894777417 -0.03473225235939026 0.06820540875196457
v -0.004948520101606846 -0.034417714923620224 0.06820540875196457
v -0.0016653670463711023 -0.03496035560965538 0.06705735623836517
v -0.004948520101606846 -0.034417714923620224 0.06820540875196457
v -0.004981019534170628 -0.0346437506377697 0.06705735623836517
v -0.0016653670463711023 -0.03496035560965538 0.06705735623836517
v -0.0035000001080334187 -0.03482456132769585 0.03480000048875809
v -0.0029859181959182024 -0.034871459007263184 0.03468469902873039
v 0.0016653670463711023 -0.03496035560965538 0.06705735623836517
v -0.0029859181959182024 -0.034871459007263184 0.03468469902873039
v -0.0028591176960617304 -0.03488302603363991 0.034656256437301636
v 0.0016653670463711023 -0.03496035560965538 0.06705735623836517
v -0.0028591176960617304 -0.03488302603363991 0.034656256437301636
v -0.002454722998663783 -0.03491315245628357 0.03434094041585922
v 0.0016653670463711023 -0.03496035560965538 0.06705735623836517
v -0.002454722998663783 -0.03491315245628357 0.03434094041585922
v -0.0023413971066474915 -0.03492159768939018 0.034252580255270004
v 0.0016653670463711023 -0.03496035560965538 0.06705735623836517
v 0.004981019534170628 -0.0346437506377697 0.06705735623836517
v 0.0016545011894777417 -0.03473225235939026 0.06820540875196457
v 0.0016653670463711023 -0.03496035560965538 0.06705735623836517
v 0.0016545011894777417 -0.03473225235939026 0.06820540875196457
v -0.0016545011894777417 -0.03473225235939026 0.06820540875196457
v 0.0016653670463711023 -0.03496035560965538 0.06705735623836517
v -0.0020000000949949026 -0.02250000089406967 0.014299999922513962
v -0.00211533484980464 -0.03493596985936165 0.013785899616777897
v -0.0020000000949949026 -0.034942809492349625 0.014299999922513962
v -0.0020000000949949026 -0.034942809492349625 0.0333000011742115
v -0.0020000000949949026 -0.02250000089406967 0.014299999922513962
v -0.0020000000949949026 -0.034942809492349625 0.014299999922513962
v -0.0020000000949949026 -0.02250000089406967 0.0333000011742115
v -0.0020000000949949026 -0.02250000089406967 0.014299999922513962
v -0.0020000000949949026 -0.034942809492349625 0.0333000011742115
v -0.0020445825066417456 -0.03494023159146309 0.03366396576166153
v -0.0020000000949949026 -0.02250000089406967 0.0333000011742115
v -0.0020000000949949026 -0.034942809492349625 0.0333000011742115
v -0.00209271302446723 -0.02250000089406967 0.03381917625665665
v -0.0020000000949949026 -0.02250000089406967 0.0333000011742115
v -0.0020445825066417456 -0.03494023159146309 0.03366396576166153
v -0.0021167395170778036 -0.03493570163846016 0.03380706161260605
v -0.00209271302446723 -0.02250000089406967 0.03381917625665665
v -0.0020445825066417456 -0.03494023159146309 0.03366396576166153
v -0.00215000007301569 -0.03493694216012955 0.03310000151395798
v -0.007744830101728439 -0.034143660217523575 0.03060000017285347
v -0.00215000007301569 -0.03493694216012955 0.03060000017285347
v -0.007744830101728439 -0.034143660217523575 0.03060000017285347
v -0.00215000007301569 -0.02250000089406967 0.03060000017285347
v -0.00215000007301569 -0.03493694216012955 0.03060000017285347
v -0.00215000007301569 -0.02250000089406967 0.03310000151395798
v -0.00215000007301569 -0.03493694216012955 0.03310000151395798
v -0.00215000007301569 -0.03493694216012955 0.03060000017285347
v -0.00215000007301569 -0.02250000089406967 0.03060000017285347
v -0.00215000007301569 -0.02250000089406967 0.03310000151395798
v -0.00215000007301569 -0.03493694216012955 0.03060000017285347
v -0.00226532481610775 -0.034929774701595306 0.03361410275101662
v -0.007744830101728439 -0.034143660217523575 0.03060000017285347
v -0.00215000007301569 -0.03493694216012955 0.03310000151395798
v -0.00215000007301569 -0.02250000089406967 0.03310000151395798
v -0.00226532481610775 -0.034929774701595306 0.03361410275101662
v -0.00215000007301569 -0.03493694216012955 0.03310000151395798
v -0.0020000000949949026 -0.02250000089406967 0.014299999922513962
v -0.00209271302446723 -0.02250000089406967 0.013780824840068817
v -0.00211533484980464 -0.03493596985936165 0.013785899616777897
v -0.00209271302446723 -0.02250000089406967 0.013780824840068817
v -0.002143807476386428 -0.034934282302856445 0.013658983632922173
v -0.00211533484980464 -0.03493596985936165 0.013785899616777897
v -0.0023413971066474915 -0.03492159768939018 0.034252580255270004
v -0.00209271302446723 -0.02250000089406967 0.03381917625665665
v -0.0021167395170778036 -0.03493570163846016 0.03380706161260605
v -0.00209271302446723 -0.02250000089406967 0.013780824840068817
v -0.002439339878037572 -0.02250000089406967 0.013239339925348759
v -0.002143807476386428 -0.034934282302856445 0.013658983632922173
v -0.002439339878037572 -0.02250000089406967 0.013239339925348759
v -0.0024590555112808943 -0.03491310775279999 0.013254714198410511
v -0.002143807476386428 -0.034934282302856445 0.013658983632922173
v -0.002293781843036413 -0.03492800518870354 0.03374096006155014
v -0.007744830101728439 -0.034143660217523575 0.03060000017285347
v -0.00226532481610775 -0.034929774701595306 0.03361410275101662
v -0.00215000007301569 -0.02250000089406967 0.03310000151395798
v -0.002242713002488017 -0.02250000089406967 0.03361917659640312
v -0.00226532481610775 -0.034929774701595306 0.03361410275101662
v -0.002242713002488017 -0.02250000089406967 0.03361917659640312
v -0.002293781843036413 -0.03492800518870354 0.03374096006155014
v -0.00226532481610775 -0.034929774701595306 0.03361410275101662
v -0.002609042450785637 -0.034905921667814255 0.0341452956199646
v -0.007744830101728439 -0.034143660217523575 0.03060000017285347
v -0.002293781843036413 -0.03492800518870354 0.03374096006155014
v -0.002242713002488017 -0.02250000089406967 0.03361917659640312
v -0.002589339856058359 -0.02250000089406967 0.03416065871715546
v -0.002293781843036413 -0.03492800518870354 0.03374096006155014
v -0.002589339856058359 -0.02250000089406967 0.03416065871715546
v -0.002609042450785637 -0.034905921667814255 0.0341452956199646
v -0.002293781843036413 -0.03492800518870354 0.03374096006155014
v -0.002439339878037572 -0.02250000089406967 0.03436065837740898
v -0.00209271302446723 -0.02250000089406967 0.03381917625665665
v -0.0023413971066474915 -0.03492159768939018 0.034252580255270004
v -0.002454722998663783 -0.03491315245628357 0.03434094041585922
v -0.002439339878037572 -0.02250000089406967 0.03436065837740898
v -0.0023413971066474915 -0.03492159768939018 0.034252580255270004
v -0.0028591176960617304 -0.03488302603363991 0.034656256437301636
v -0.002439339878037572 -0.02250000089406967 0.03436065837740898
v -0.002454722998663783 -0.03491315245628357 0.03434094041585922
v -0.002439339878037572 -0.02250000089406967 0.013239339925348759
v -0.002547423355281353 -0.03490717336535454 0.013141392730176449
v -0.0024590555112808943 -0.03491310775279999 0.013254714198410511
v -0.0029929105658084154 -0.03487088158726692 0.012916655279695988
v 0.0016578261274844408 -0.03480205312371254 0.0005000000237487257
v -0.002547423355281353 -0.03490717336535454 0.013141392730176449
v -0.002980824327096343 -0.02250000089406967 0.012892712838947773
v -0.0029929105658084154 -0.03487088158726692 0.012916655279695988
v -0.002547423355281353 -0.03490717336535454 0.013141392730176449
v -0.002439339878037572 -0.02250000089406967 0.013239339925348759
v -0.002980824327096343 -0.02250000089406967 0.012892712838947773
v -0.002547423355281353 -0.03490717336535454 0.013141392730176449
v -0.002697331365197897 -0.03489973768591881 0.034258533269166946
v -0.007744830101728439 -0.034143660217523575 0.03060000017285347
v -0.002609042450785637 -0.034905921667814255 0.0341452956199646
v -0.002589339856058359 -0.02250000089406967 0.03416065871715546
v -0.002697331365197897 -0.03489973768591881 0.034258533269166946
v -0.002609042450785637 -0.034905921667814255 0.0341452956199646
v -0.0031429030932486057 -0.034862156957387924 0.03448336571455002
v -0.007744830101728439 -0.034143660217523575 0.03060000017285347
v -0.002697331365197897 -0.03489973768591881 0.034258533269166946
v -0.002589339856058359 -0.02250000089406967 0.03416065871715546
v -0.0031308243051171303 -0.02250000089406967 0.03450728580355644
v -0.002697331365197897 -0.03489973768591881 0.034258533269166946
v -0.0031308243051171303 -0.02250000089406967 0.03450728580355644
v -0.0031429030932486057 -0.034862156957387924 0.03448336571455002
v -0.002697331365197897 -0.03489973768591881 0.034258533269166946
v -0.0029859181959182024 -0.034871459007263184 0.03468469902873039
v -0.002980824327096343 -0.02250000089406967 0.03470728546380997
v -0.0028591176960617304 -0.03488302603363991 0.034656256437301636
v -0.002980824327096343 -0.02250000089406967 0.03470728546380997
v -0.002439339878037572 -0.02250000089406967 0.03436065837740898
v -0.0028591176960617304 -0.03488302603363991 0.034656256437301636
v -0.0035000001080334187 -0.03482456132769585 0.03480000048875809
v -0.0035000001080334187 -0.02250000089406967 0.03480000048875809
v -0.0029859181959182024 -0.034871459007263184 0.03468469902873039
v -0.0035000001080334187 -0.02250000089406967 0.03480000048875809
v -0.002980824327096343 -0.02250000089406967 0.03470728546380997
v -0.0029859181959182024 -0.034871459007263184 0.03468469902873039
v -0.00313557218760252 -0.03485926240682602 0.012844685465097427
v 0.0016578261274844408 -0.03480205312371254 0.0005000000237487257
v -0.0029929105658084154 -0.03487088158726692 0.012916655279695988
v -0.002980824327096343 -0.02250000089406967 0.012892712838947773
v -0.00313557218760252 -0.03485926240682602 0.012844685465097427
v -0.0029929105658084154 -0.03487088158726692 0.012916655279695988
v -0.0032854049932211637 -0.034850139170885086 0.03455527126789093
v -0.007744830101728439 -0.034143660217523575 0.03060000017285347
v -0.0031429030932486057 -0.034862156957387924 0.03448336571455002
v -0.0031308243051171303 -0.02250000089406967 0.03450728580355644
v -0.0032854049932211637 -0.034850139170885086 0.03455527126789093
v -0.0031429030932486057 -0.034862156957387924 0.03448336571455002
v -0.0035000001080334187 -0.02250000089406967 0.012799999676644802
v -0.0035000001080334187 -0.03482456132769585 0.012799999676644802
v -0.00313557218760252 -0.03485926240682602 0.012844685465097427
v -0.002980824327096343 -0.02250000089406967 0.012892712838947773
v -0.0035000001080334187 -0.02250000089406967 0.012799999676644802
v -0.00313557218760252 -0.03485926240682602 0.012844685465097427
v -0.003650000086054206 -0.034814365208148956 0.03460000082850456
v -0.007744830101728439 -0.034143660217523575 0.03060000017285347
v -0.0032854049932211637 -0.034850139170885086 0.03455527126789093
v -0.0031308243051171303 -0.02250000089406967 0.03450728580355644
v -0.003650000086054206 -0.02250000089406967 0.03460000082850456
v -0.0032854049932211637 -0.034850139170885086 0.03455527126789093
v -0.003650000086054206 -0.02250000089406967 0.03460000082850456
v -0.003650000086054206 -0.034814365208148956 0.03460000082850456
v -0.0032854049932211637 -0.034850139170885086 0.03455527126789093
v -0.004981019534170628 -0.0346437506377697 0.012799999676644802
v -0.00495846476405859 -0.034486882388591766 0.0005000000237487257
v -0.0035000001080334187 -0.03482456132769585 0.012799999676644802
v -0.0035000001080334187 -0.02250000089406967 0.012799999676644802
v -0.004981019534170628 -0.0346437506377697 0.012799999676644802
v -0.0035000001080334187 -0.03482456132769585 0.012799999676644802
v -0.004981019534170628 -0.0346437506377697 0.03480000048875809
v -0.0035000001080334187 -0.02250000089406967 0.03480000048875809
v -0.0035000001080334187 -0.03482456132769585 0.03480000048875809
v -0.007744830101728439 -0.034143660217523575 0.03460000082850456
v -0.007744830101728439 -0.034143660217523575 0.03060000017285347
v -0.003650000086054206 -0.034814365208148956 0.03460000082850456
v -0.003650000086054206 -0.02250000089406967 0.03460000082850456
v -0.007744830101728439 -0.034143660217523575 0.03460000082850456
v -0.003650000086054206 -0.034814365208148956 0.03460000082850456
v 0.004909861832857132 -0.03414883837103844 -8.673617379884035e-19
v 0.004981019534170628 -0.0346437506377697 0.0005000000237487257
v 0.0016578261274844408 -0.03480205312371254 0.0005000000237487257
v -0.0016415760619565845 -0.034460924565792084 -1.734723475976807e-18
v 0.004909861832857132 -0.03414883837103844 -8.673617379884035e-19
v 0.0016578261274844408 -0.03480205312371254 0.0005000000237487257
v -0.004751050379127264 -0.03378403186798096 0.06917867809534073
v -0.004948520101606846 -0.034417714923620224 0.06820540875196457
v -0.0016545011894777417 -0.03473225235939026 0.06820540875196457
v -0.0016235577641054988 -0.034082673490047455 0.06917867809534073
v -0.004751050379127264 -0.03378403186798096 0.06917867809534073
v -0.0016545011894777417 -0.03473225235939026 0.06820540875196457
v 0.0016545011894777417 -0.03473225235939026 0.06820540875196457
v -0.0016235577641054988 -0.034082673490047455 0.06917867809534073
v -0.0016545011894777417 -0.03473225235939026 0.06820540875196457
v 0.004981019534170628 -0.0346437506377697 0.06705735623836517
v 0.004948520101606846 -0.034417714923620224 0.06820540875196457
v 0.0016545011894777417 -0.03473225235939026 0.06820540875196457
v 0.0016235577641054988 -0.034082673490047455 0.06917867809534073
v -0.0016235577641054988 -0.034082673490047455 0.06917867809534073
v 0.0016545011894777417 -0.03473225235939026 0.06820540875196457
v 0.0017564082518219948 -0.034069985151290894 0.06917867809534073
v 0.0016235577641054988 -0.034082673490047455 0.06917867809534073
v 0.0016545011894777417 -0.03473225235939026 0.06820540875196457
v 0.004948520101606846 -0.034417714923620224 0.06820540875196457
v 0.0017564082518219948 -0.034069985151290894 0.06917867809534073
v 0.0016545011894777417 -0.03473225235939026 0.06820540875196457
v 0.008214198984205723 -0.03385939076542854 0.0005000000237487257
v 0.008251562714576721 -0.034013405442237854 0.014399999752640724
v 0.004981019534170628 -0.0346437506377697 0.0005000000237487257
v 0.004909861832857132 -0.03414883837103844 -8.673617379884035e-19
v 0.008214198984205723 -0.03385939076542854 0.0005000000237487257
v 0.004981019534170628 -0.0346437506377697 0.0005000000237487257
v -0.011447378434240818 -0.03307502716779709 0.012799999676644802
v -0.008251562714576721 -0.034013405442237854 0.0005000000237487257
v -0.004981019534170628 -0.0346437506377697 0.012799999676644802
v -0.008251562714576721 -0.034013405442237854 0.0005000000237487257
v -0.00495846476405859 -0.034486882388591766 0.0005000000237487257
v -0.004981019534170628 -0.0346437506377697 0.012799999676644802
v -0.0035000001080334187 -0.02250000089406967 0.012799999676644802
v -0.011447378434240818 -0.03307502716779709 0.012799999676644802
v -0.004981019534170628 -0.0346437506377697 0.012799999676644802
v -0.004981019534170628 -0.0346437506377697 0.06705735623836517
v -0.008251562714576721 -0.034013405442237854 0.06705735623836517
v -0.004981019534170628 -0.0346437506377697 0.03480000048875809
v -0.008251562714576721 -0.034013405442237854 0.06705735623836517
v -0.011447378434240818 -0.03307502716779709 0.03480000048875809
v -0.004981019534170628 -0.0346437506377697 0.03480000048875809
v -0.011447378434240818 -0.03307502716779709 0.03480000048875809
v -0.0035000001080334187 -0.02250000089406967 0.03480000048875809
v -0.004981019534170628 -0.0346437506377697 0.03480000048875809
v -0.004948520101606846 -0.034417714923620224 0.06820540875196457
v -0.00819772481918335 -0.03379148244857788 0.06820540875196457
v -0.004981019534170628 -0.0346437506377697 0.06705735623836517
v -0.00819772481918335 -0.03379148244857788 0.06820540875196457
v -0.008251562714576721 -0.034013405442237854 0.06705735623836517
v -0.004981019534170628 -0.0346437506377697 0.06705735623836517
v 0.008103474043309689 -0.03404898941516876 0.031099999323487282
v 0.008251562714576721 -0.034013405442237854 0.06705735623836517
v 0.004981019534170628 -0.0346437506377697 0.06705735623836517
v 0.008251562714576721 -0.034013405442237854 0.06705735623836517
v 0.004948520101606846 -0.034417714923620224 0.06820540875196457
v 0.004981019534170628 -0.0346437506377697 0.06705735623836517
v -0.011095145717263222 -0.03350000083446503 0.01733952946960926
v -0.011095145717263222 -0.03449999913573265 0.0177434254437685
v -0.011095145717263222 -0.03449999913573265 0.01754138432443142
v -0.011095145717263222 -0.03449999913573265 0.0177434254437685
v -0.01306555513292551 -0.03449999913573265 0.018349213525652885
v -0.011095145717263222 -0.03449999913573265 0.01754138432443142
v -0.009904853999614716 -0.03449999913573265 0.0177434254437685
v -0.009904853999614716 -0.03350000083446503 0.01848038099706173
v -0.009904853999614716 -0.03449999913573265 0.01754138432443142
v -0.009904853999614716 -0.03350000083446503 0.01848038099706173
v -0.009904853999614716 -0.03350000083446503 0.01733952946960926
v -0.009904853999614716 -0.03449999913573265 0.01754138432443142
v -0.008035112172365189 -0.03449999913573265 0.018523672595620155
v -0.009904853999614716 -0.03449999913573265 0.0177434254437685
v -0.009904853999614716 -0.03449999913573265 0.01754138432443142
v -0.007934444583952427 -0.03449999913573265 0.018349213525652885
v -0.008035112172365189 -0.03449999913573265 0.018523672595620155
v -0.009904853999614716 -0.03449999913573265 0.01754138432443142
v -0.011095145717263222 -0.03350000083446503 0.01733952946960926
v -0.011095145717263222 -0.03350000083446503 0.01848038099706173
v -0.011095145717263222 -0.03449999913573265 0.0177434254437685
v -0.012964888475835323 -0.03449999913573265 0.018523672595620155
v -0.01306555513292551 -0.03449999913573265 0.018349213525652885
v -0.011095145717263222 -0.03449999913573265 0.0177434254437685
v -0.012964888475835323 -0.03449999913573265 0.018523672595620155
v -0.014406702481210232 -0.03449999913573265 0.02000342682003975
v -0.01306555513292551 -0.03449999913573265 0.018349213525652885
v -0.00676725385710597 -0.03449999913573265 0.020103944465517998
v -0.008035112172365189 -0.03449999913573265 0.018523672595620155
v -0.007934444583952427 -0.03449999913573265 0.018349213525652885
v -0.0065932972356677055 -0.03449999913573265 0.02000342682003975
v -0.00676725385710597 -0.03449999913573265 0.020103944465517998
v -0.007934444583952427 -0.03449999913573265 0.018349213525652885
v -0.014232746325433254 -0.03449999913573265 0.020103944465517998
v -0.014406702481210232 -0.03449999913573265 0.02000342682003975
v -0.012964888475835323 -0.03449999913573265 0.018523672595620155
v -0.014232746325433254 -0.03449999913573265 0.020103944465517998
v -0.0147896409034729 -0.03449999913573265 0.022098291665315628
v -0.014406702481210232 -0.03449999913573265 0.02000342682003975
v -0.0064108707010746 -0.03449999913573265 0.022098364308476448
v -0.00676725385710597 -0.03449999913573265 0.020103944465517998
v -0.0065932972356677055 -0.03449999913573265 0.02000342682003975
v -0.006210358813405037 -0.03449999913573265 0.022098291665315628
v -0.0064108707010746 -0.03449999913573265 0.022098364308476448
v -0.0065932972356677055 -0.03449999913573265 0.02000342682003975
v -0.014589129015803337 -0.03449999913573265 0.022098364308476448
v -0.0147896409034729 -0.03449999913573265 0.022098291665315628
v -0.014232746325433254 -0.03449999913573265 0.020103944465517998
v -0.014589129015803337 -0.03449999913573265 0.022098364308476448
v -0.014120446518063545 -0.03449999913573265 0.024119993671774864
v -0.0147896409034729 -0.03449999913573265 0.022098291665315628
v -0.007052984554320574 -0.03449999913573265 0.02401992864906788
v -0.0064108707010746 -0.03449999913573265 0.022098364308476448
v -0.006210358813405037 -0.03449999913573265 0.022098291665315628
v -0.006879553664475679 -0.03449999913573265 0.024119993671774864
v -0.007052984554320574 -0.03449999913573265 0.02401992864906788
v -0.006210358813405037 -0.03449999913573265 0.022098291665315628
v -0.01394701562821865 -0.03449999913573265 0.02401992864906788
v -0.014120446518063545 -0.03449999913573265 0.024119993671774864
v -0.014589129015803337 -0.03449999913573265 0.022098364308476448
v -0.01246319804340601 -0.03449999913573265 0.025399424135684967
v -0.012563253752887249 -0.03449999913573265 0.02557266317307949
v -0.01394701562821865 -0.03449999913573265 0.02401992864906788
v -0.012563253752887249 -0.03449999913573265 0.02557266317307949
v -0.014120446518063545 -0.03449999913573265 0.024119993671774864
v -0.01394701562821865 -0.03449999913573265 0.02401992864906788
v -0.006879553664475679 -0.03449999913573265 0.024119993671774864
v -0.008536802604794502 -0.03449999913573265 0.025399424135684967
v -0.007052984554320574 -0.03449999913573265 0.02401992864906788
v -0.008436746895313263 -0.03449999913573265 0.02557266317307949
v -0.008536802604794502 -0.03449999913573265 0.025399424135684967
v -0.006879553664475679 -0.03449999913573265 0.024119993671774864
v -0.010499999858438969 -0.03449999913573265 0.02590000070631504
v -0.010499999858438969 -0.03449999913573265 0.026100000366568565
v -0.01246319804340601 -0.03449999913573265 0.025399424135684967
v -0.010499999858438969 -0.03449999913573265 0.026100000366568565
v -0.012563253752887249 -0.03449999913573265 0.02557266317307949
v -0.01246319804340601 -0.03449999913573265 0.025399424135684967
v -0.008436746895313263 -0.03449999913573265 0.02557266317307949
v -0.010499999858438969 -0.03449999913573265 0.02590000070631504
v -0.008536802604794502 -0.03449999913573265 0.025399424135684967
v -0.010499999858438969 -0.03449999913573265 0.026100000366568565
v -0.010499999858438969 -0.03449999913573265 0.02590000070631504
v -0.008436746895313263 -0.03449999913573265 0.02557266317307949
v -0.00813368335366249 -0.03352750092744827 -1.734723475976807e-18
v -0.0016415760619565845 -0.034460924565792084 -1.734723475976807e-18
v -0.00495846476405859 -0.034486882388591766 0.0005000000237487257
v -0.008251562714576721 -0.034013405442237854 0.0005000000237487257
v -0.00813368335366249 -0.03352750092744827 -1.734723475976807e-18
v -0.00495846476405859 -0.034486882388591766 0.0005000000237487257
v -0.0013379125157371163 -0.022971071302890778 -8.673617379884035e-19
v 0.004909861832857132 -0.03414883837103844 -8.673617379884035e-19
v -0.0016415760619565845 -0.034460924565792084 -1.734723475976807e-18
v -0.006599342450499535 -0.022043338045477867 -8.673617379884035e-19
v -0.0013379125157371163 -0.022971071302890778 -8.673617379884035e-19
v -0.0016415760619565845 -0.034460924565792084 -1.734723475976807e-18
v -0.00813368335366249 -0.03352750092744827 -1.734723475976807e-18
v -0.006599342450499535 -0.022043338045477867 -8.673617379884035e-19
v -0.0016415760619565845 -0.034460924565792084 -1.734723475976807e-18
v -0.008044405840337276 -0.033159494400024414 0.06917867809534073
v -0.00819772481918335 -0.03379148244857788 0.06820540875196457
v -0.004948520101606846 -0.034417714923620224 0.06820540875196457
v -0.00485597038641572 -0.03377401456236839 0.06917867809534073
v -0.008044405840337276 -0.033159494400024414 0.06917867809534073
v -0.004948520101606846 -0.034417714923620224 0.06820540875196457
v -0.004751050379127264 -0.03378403186798096 0.06917867809534073
v -0.00485597038641572 -0.03377401456236839 0.06917867809534073
v -0.004948520101606846 -0.034417714923620224 0.06820540875196457
v 0.008251562714576721 -0.034013405442237854 0.06705735623836517
v 0.00819772481918335 -0.03379148244857788 0.06820540875196457
v 0.004948520101606846 -0.034417714923620224 0.06820540875196457
v 0.00485597038641572 -0.03377401456236839 0.06917867809534073
v 0.0017564082518219948 -0.034069985151290894 0.06917867809534073
v 0.004948520101606846 -0.034417714923620224 0.06820540875196457
v 0.00819772481918335 -0.03379148244857788 0.06820540875196457
v 0.00485597038641572 -0.03377401456236839 0.06917867809534073
v 0.004948520101606846 -0.034417714923620224 0.06820540875196457
v 0.003995644394308329 -0.022660426795482635 -8.673617379884035e-19
v 0.011283844709396362 -0.03260252997279167 -8.673617379884035e-19
v 0.004909861832857132 -0.03414883837103844 -8.673617379884035e-19
v -0.0013379125157371163 -0.022971071302890778 -8.673617379884035e-19
v 0.003995644394308329 -0.022660426795482635 -8.673617379884035e-19
v 0.004909861832857132 -0.03414883837103844 -8.673617379884035e-19
v 0.011283844709396362 -0.03260252997279167 -8.673617379884035e-19
v 0.008214198984205723 -0.03385939076542854 0.0005000000237487257
v 0.004909861832857132 -0.03414883837103844 -8.673617379884035e-19
v -0.007744830101728439 -0.034143660217523575 0.03460000082850456
v -0.013963121920824051 -0.03211580589413643 0.03460000082850456
v -0.007744830101728439 -0.034143660217523575 0.03060000017285347
v -0.013963121920824051 -0.03211580589413643 0.03460000082850456
v -0.013963121920824051 -0.03211580589413643 0.03060000017285347
v -0.007744830101728439 -0.034143660217523575 0.03060000017285347
v -0.013963121920824051 -0.03211580589413643 0.03060000017285347
v -0.00215000007301569 -0.02250000089406967 0.03060000017285347
v -0.007744830101728439 -0.034143660217523575 0.03060000017285347
v -0.003650000086054206 -0.02250000089406967 0.03460000082850456
v -0.013963121920824051 -0.03211580589413643 0.03460000082850456
v -0.007744830101728439 -0.034143660217523575 0.03460000082850456
v -0.004664991050958633 -0.03317360207438469 0.0697999969124794
v -0.004751050379127264 -0.03378403186798096 0.06917867809534073
v -0.0016235577641054988 -0.034082673490047455 0.06917867809534073
v 0.0017249943921342492 -0.033455558121204376 0.0697999969124794
v -0.004664991050958633 -0.03317360207438469 0.0697999969124794
v -0.0016235577641054988 -0.034082673490047455 0.06917867809534073
v 0.0016235577641054988 -0.034082673490047455 0.06917867809534073
v 0.0017249943921342492 -0.033455558121204376 0.0697999969124794
v -0.0016235577641054988 -0.034082673490047455 0.06917867809534073
v 0.0017564082518219948 -0.034069985151290894 0.06917867809534073
v 0.0017249943921342492 -0.033455558121204376 0.0697999969124794
v 0.0016235577641054988 -0.034082673490047455 0.06917867809534073
v 0.00485597038641572 -0.03377401456236839 0.06917867809534073
v 0.0017249943921342492 -0.033455558121204376 0.0697999969124794
v 0.0017564082518219948 -0.034069985151290894 0.06917867809534073
v 0.005289999768137932 -0.03404898941516876 0.014399999752640724
v 0.005289999768137932 -0.03404898941516876 0.015790000557899475
v -0.0003000000142492354 -0.03404898941516876 0.014399999752640724
v 0.005289999768137932 -0.03404898941516876 0.015790000557899475
v 0.0013500000350177288 -0.03404898941516876 0.015790000557899475
v -0.0003000000142492354 -0.03404898941516876 0.014399999752640724
v 0.0013500000350177288 -0.03404898941516876 0.015790000557899475
v 0.0013500000350177288 -0.03404898941516876 0.021619999781250954
v -0.0003000000142492354 -0.03404898941516876 0.014399999752640724
v 0.0013500000350177288 -0.03404898941516876 0.021619999781250954
v 0.0013500000350177288 -0.03404898941516876 0.024129999801516533
v -0.0003000000142492354 -0.03404898941516876 0.014399999752640724
v 0.0013500000350177288 -0.03404898941516876 0.024129999801516533
v -0.0003000000142492354 -0.03404898941516876 0.031099999323487282
v -0.0003000000142492354 -0.03404898941516876 0.014399999752640724
v 0.005289999768137932 -0.032048989087343216 0.015790000557899475
v 0.005289999768137932 -0.03404898941516876 0.015790000557899475
v 0.005289999768137932 -0.03404898941516876 0.014399999752640724
v 0.005289999768137932 -0.032048989087343216 0.014399999752640724
v 0.005289999768137932 -0.032048989087343216 0.015790000557899475
v 0.005289999768137932 -0.03404898941516876 0.014399999752640724
v 0.008251562714576721 -0.034013405442237854 0.014399999752640724
v 0.005289999768137932 -0.032048989087343216 0.014399999752640724
v 0.005289999768137932 -0.03404898941516876 0.014399999752640724
v 0.010209999978542328 -0.03347769379615784 0.014399999752640724
v 0.015799999237060547 -0.03404898941516876 0.014399999752640724
v 0.010209999978542328 -0.03404898941516876 0.014399999752640724
v 0.014150000177323818 -0.03404898941516876 0.015790000557899475
v 0.010209999978542328 -0.03404898941516876 0.015790000557899475
v 0.010209999978542328 -0.03404898941516876 0.014399999752640724
v 0.015799999237060547 -0.03404898941516876 0.014399999752640724
v 0.014150000177323818 -0.03404898941516876 0.015790000557899475
v 0.010209999978542328 -0.03404898941516876 0.014399999752640724
v 0.010209999978542328 -0.03404898941516876 0.015790000557899475
v 0.010209999978542328 -0.03347769379615784 0.014399999752640724
v 0.010209999978542328 -0.03404898941516876 0.014399999752640724
v 0.015799999237060547 -0.031230753287672997 0.031099999323487282
v 0.015799999237060547 -0.03404898941516876 0.031099999323487282
v 0.015799999237060547 -0.03404898941516876 0.014399999752640724
v 0.015799999237060547 -0.031230753287672997 0.014399999752640724
v 0.015799999237060547 -0.031230753287672997 0.031099999323487282
v 0.015799999237060547 -0.03404898941516876 0.014399999752640724
v 0.010209999978542328 -0.03347769379615784 0.014399999752640724
v 0.014539525844156742 -0.03183712065219879 0.014399999752640724
v 0.015799999237060547 -0.03404898941516876 0.014399999752640724
v 0.014539525844156742 -0.03183712065219879 0.014399999752640724
v 0.015799999237060547 -0.031230753287672997 0.014399999752640724
v 0.015799999237060547 -0.03404898941516876 0.014399999752640724
v 0.015799999237060547 -0.03404898941516876 0.031099999323487282
v 0.014150000177323818 -0.03404898941516876 0.024129999801516533
v 0.015799999237060547 -0.03404898941516876 0.014399999752640724
v 0.014150000177323818 -0.03404898941516876 0.024129999801516533
v 0.014150000177323818 -0.03404898941516876 0.021619999781250954
v 0.015799999237060547 -0.03404898941516876 0.014399999752640724
v 0.014150000177323818 -0.03404898941516876 0.021619999781250954
v 0.014150000177323818 -0.03404898941516876 0.015790000557899475
v 0.015799999237060547 -0.03404898941516876 0.014399999752640724
v 0.005289999768137932 -0.03404898941516876 0.015790000557899475
v 0.0013500000350177288 -0.032048989087343216 0.015790000557899475
v 0.0013500000350177288 -0.03404898941516876 0.015790000557899475
v 0.0013500000350177288 -0.032048989087343216 0.015790000557899475
v 0.0013500000350177288 -0.032048989087343216 0.021619999781250954
v 0.0013500000350177288 -0.03404898941516876 0.015790000557899475
v 0.0013500000350177288 -0.032048989087343216 0.021619999781250954
v 0.0013500000350177288 -0.03404898941516876 0.021619999781250954
v 0.0013500000350177288 -0.03404898941516876 0.015790000557899475
v 0.005289999768137932 -0.032048989087343216 0.015790000557899475
v 0.0013500000350177288 -0.032048989087343216 0.015790000557899475
v 0.005289999768137932 -0.03404898941516876 0.015790000557899475
v 0.010209999978542328 -0.032048989087343216 0.015790000557899475
v 0.010209999978542328 -0.03347769379615784 0.014399999752640724
v 0.010209999978542328 -0.03404898941516876 0.015790000557899475
v 0.014150000177323818 -0.03404898941516876 0.015790000557899475
v 0.010209999978542328 -0.032048989087343216 0.015790000557899475
v 0.010209999978542328 -0.03404898941516876 0.015790000557899475
v 0.014150000177323818 -0.03404898941516876 0.021619999781250954
v 0.014150000177323818 -0.032048989087343216 0.015790000557899475
v 0.014150000177323818 -0.03404898941516876 0.015790000557899475
v 0.014150000177323818 -0.032048989087343216 0.015790000557899475
v 0.010209999978542328 -0.032048989087343216 0.015790000557899475
v 0.014150000177323818 -0.03404898941516876 0.015790000557899475
v 0.0024500000290572643 -0.03404898941516876 0.022420000284910202
v 0.0024500000290572643 -0.03404898941516876 0.024129999801516533
v 0.0013500000350177288 -0.03404898941516876 0.021619999781250954
v 0.0024500000290572643 -0.03404898941516876 0.024129999801516533
v 0.0013500000350177288 -0.03404898941516876 0.024129999801516533
v 0.0013500000350177288 -0.03404898941516876 0.021619999781250954
v 0.0013500000350177288 -0.032048989087343216 0.021619999781250954
v 0.0024500000290572643 -0.032048989087343216 0.022420000284910202
v 0.0013500000350177288 -0.03404898941516876 0.021619999781250954
v 0.0024500000290572643 -0.032048989087343216 0.022420000284910202
v 0.0024500000290572643 -0.03404898941516876 0.022420000284910202
v 0.0013500000350177288 -0.03404898941516876 0.021619999781250954
v 0.014150000177323818 -0.03404898941516876 0.024129999801516533
v 0.013050000183284283 -0.03404898941516876 0.022420000284910202
v 0.014150000177323818 -0.03404898941516876 0.021619999781250954
v 0.013050000183284283 -0.03404898941516876 0.022420000284910202
v 0.014150000177323818 -0.032048989087343216 0.021619999781250954
v 0.014150000177323818 -0.03404898941516876 0.021619999781250954
v 0.014150000177323818 -0.032048989087343216 0.021619999781250954
v 0.014150000177323818 -0.032048989087343216 0.015790000557899475
v 0.014150000177323818 -0.03404898941516876 0.021619999781250954
v 0.0024500000290572643 -0.032048989087343216 0.022420000284910202
v 0.0024500000290572643 -0.032048989087343216 0.024129999801516533
v 0.0024500000290572643 -0.03404898941516876 0.022420000284910202
v 0.0024500000290572643 -0.032048989087343216 0.024129999801516533
v 0.0024500000290572643 -0.03404898941516876 0.024129999801516533
v 0.0024500000290572643 -0.03404898941516876 0.022420000284910202
v 0.014150000177323818 -0.03404898941516876 0.024129999801516533
v 0.013050000183284283 -0.03404898941516876 0.024129999801516533
v 0.013050000183284283 -0.03404898941516876 0.022420000284910202
v 0.013050000183284283 -0.03404898941516876 0.024129999801516533
v 0.013050000183284283 -0.032048989087343216 0.022420000284910202
v 0.013050000183284283 -0.03404898941516876 0.022420000284910202
v 0.013050000183284283 -0.032048989087343216 0.022420000284910202
v 0.014150000177323818 -0.032048989087343216 0.021619999781250954
v 0.013050000183284283 -0.03404898941516876 0.022420000284910202
v 0.0013500000350177288 -0.03404898941516876 0.025869999080896378
v -0.0003000000142492354 -0.03404898941516876 0.031099999323487282
v 0.0013500000350177288 -0.03404898941516876 0.024129999801516533
v 0.0024500000290572643 -0.03404898941516876 0.024129999801516533
v 0.0013500000350177288 -0.032048989087343216 0.024129999801516533
v 0.0013500000350177288 -0.03404898941516876 0.024129999801516533
v 0.0013500000350177288 -0.032048989087343216 0.024129999801516533
v 0.0013500000350177288 -0.032048989087343216 0.025869999080896378
v 0.0013500000350177288 -0.03404898941516876 0.024129999801516533
v 0.0013500000350177288 -0.032048989087343216 0.025869999080896378
v 0.0013500000350177288 -0.03404898941516876 0.025869999080896378
v 0.0013500000350177288 -0.03404898941516876 0.024129999801516533
v 0.0024500000290572643 -0.032048989087343216 0.024129999801516533
v 0.0013500000350177288 -0.032048989087343216 0.024129999801516533
v 0.0024500000290572643 -0.03404898941516876 0.024129999801516533
v 0.014150000177323818 -0.03404898941516876 0.024129999801516533
v 0.013050000183284283 -0.032048989087343216 0.024129999801516533
v 0.013050000183284283 -0.03404898941516876 0.024129999801516533
v 0.013050000183284283 -0.032048989087343216 0.024129999801516533
v 0.013050000183284283 -0.032048989087343216 0.022420000284910202
v 0.013050000183284283 -0.03404898941516876 0.024129999801516533
v 0.015799999237060547 -0.03404898941516876 0.031099999323487282
v 0.014150000177323818 -0.03404898941516876 0.025869999080896378
v 0.014150000177323818 -0.03404898941516876 0.024129999801516533
v 0.014150000177323818 -0.03404898941516876 0.025869999080896378
v 0.014150000177323818 -0.032048989087343216 0.024129999801516533
v 0.014150000177323818 -0.03404898941516876 0.024129999801516533
v 0.014150000177323818 -0.032048989087343216 0.024129999801516533
v 0.013050000183284283 -0.032048989087343216 0.024129999801516533
v 0.014150000177323818 -0.03404898941516876 0.024129999801516533
v 0.008103474043309689 -0.03404898941516876 0.031099999323487282
v -0.0003000000142492354 -0.03404898941516876 0.031099999323487282
v 0.0013500000350177288 -0.03404898941516876 0.025869999080896378
v 0.014150000177323818 -0.03404898941516876 0.025869999080896378
v 0.008103474043309689 -0.03404898941516876 0.031099999323487282
v 0.0013500000350177288 -0.03404898941516876 0.025869999080896378
v 0.0013500000350177288 -0.032048989087343216 0.025869999080896378
v 0.014150000177323818 -0.032048989087343216 0.025869999080896378
v 0.0013500000350177288 -0.03404898941516876 0.025869999080896378
v 0.014150000177323818 -0.032048989087343216 0.025869999080896378
v 0.014150000177323818 -0.03404898941516876 0.025869999080896378
v 0.0013500000350177288 -0.03404898941516876 0.025869999080896378
v 0.015799999237060547 -0.03404898941516876 0.031099999323487282
v 0.008103474043309689 -0.03404898941516876 0.031099999323487282
v 0.014150000177323818 -0.03404898941516876 0.025869999080896378
v 0.014150000177323818 -0.032048989087343216 0.025869999080896378
v 0.014150000177323818 -0.032048989087343216 0.024129999801516533
v 0.014150000177323818 -0.03404898941516876 0.025869999080896378
v 0.008251562714576721 -0.034013405442237854 0.031099999323487282
v 0.008251562714576721 -0.034013405442237854 0.06705735623836517
v 0.008103474043309689 -0.03404898941516876 0.031099999323487282
v 0.015799999237060547 -0.03404898941516876 0.031099999323487282
v 0.008251562714576721 -0.034013405442237854 0.031099999323487282
v 0.008103474043309689 -0.03404898941516876 0.031099999323487282
v 0.015799999237060547 -0.031230753287672997 0.031099999323487282
v 0.014539525844156742 -0.03183712065219879 0.031099999323487282
v 0.015799999237060547 -0.03404898941516876 0.031099999323487282
v 0.014539525844156742 -0.03183712065219879 0.031099999323487282
v 0.008251562714576721 -0.034013405442237854 0.031099999323487282
v 0.015799999237060547 -0.03404898941516876 0.031099999323487282
v -0.011447378434240818 -0.03307502716779709 0.012799999676644802
v -0.011395543813705444 -0.03292526304721832 0.0005000000237487257
v -0.008251562714576721 -0.034013405442237854 0.0005000000237487257
v -0.011395543813705444 -0.03292526304721832 0.0005000000237487257
v -0.00813368335366249 -0.03352750092744827 -1.734723475976807e-18
v -0.008251562714576721 -0.034013405442237854 0.0005000000237487257
v 0.008214198984205723 -0.03385939076542854 0.0005000000237487257
v 0.010209999978542328 -0.03347769379615784 0.014399999752640724
v 0.008251562714576721 -0.034013405442237854 0.014399999752640724
v 0.010209999978542328 -0.03347769379615784 0.014399999752640724
v 0.010209999978542328 -0.032048989087343216 0.014399999752640724
v 0.008251562714576721 -0.034013405442237854 0.014399999752640724
v 0.010209999978542328 -0.032048989087343216 0.014399999752640724
v 0.005289999768137932 -0.032048989087343216 0.014399999752640724
v 0.008251562714576721 -0.034013405442237854 0.014399999752640724
v 0.011447378434240818 -0.03307502716779709 0.06705735623836517
v 0.008251562714576721 -0.034013405442237854 0.06705735623836517
v 0.008251562714576721 -0.034013405442237854 0.031099999323487282
v 0.014539525844156742 -0.03183712065219879 0.031099999323487282
v 0.011447378434240818 -0.03307502716779709 0.06705735623836517
v 0.008251562714576721 -0.034013405442237854 0.031099999323487282
v -0.011447378434240818 -0.03307502716779709 0.06705735623836517
v -0.011447378434240818 -0.03307502716779709 0.03480000048875809
v -0.008251562714576721 -0.034013405442237854 0.06705735623836517
v -0.00819772481918335 -0.03379148244857788 0.06820540875196457
v -0.01137268915772438 -0.03285922855138779 0.06820540875196457
v -0.008251562714576721 -0.034013405442237854 0.06705735623836517
v -0.01137268915772438 -0.03285922855138779 0.06820540875196457
v -0.011447378434240818 -0.03307502716779709 0.06705735623836517
v -0.008251562714576721 -0.034013405442237854 0.06705735623836517
v 0.011447378434240818 -0.03307502716779709 0.06705735623836517
v 0.00819772481918335 -0.03379148244857788 0.06820540875196457
v 0.008251562714576721 -0.034013405442237854 0.06705735623836517
v 0.011447378434240818 -0.03307502716779709 0.0005000000237487257
v 0.010209999978542328 -0.03347769379615784 0.014399999752640724
v 0.008214198984205723 -0.03385939076542854 0.0005000000237487257
v 0.011283844709396362 -0.03260252997279167 -8.673617379884035e-19
v 0.011447378434240818 -0.03307502716779709 0.0005000000237487257
v 0.008214198984205723 -0.03385939076542854 0.0005000000237487257
v -0.011085783131420612 -0.032266464084386826 0.06917867809534073
v -0.01137268915772438 -0.03285922855138779 0.06820540875196457
v -0.00819772481918335 -0.03379148244857788 0.06820540875196457
v -0.008044405840337276 -0.033159494400024414 0.06917867809534073
v -0.011085783131420612 -0.032266464084386826 0.06917867809534073
v -0.00819772481918335 -0.03379148244857788 0.06820540875196457
v 0.011447378434240818 -0.03307502716779709 0.06705735623836517
v 0.01137268915772438 -0.03285922855138779 0.06820540875196457
v 0.00819772481918335 -0.03379148244857788 0.06820540875196457
v 0.008044405840337276 -0.033159494400024414 0.06917867809534073
v 0.00485597038641572 -0.03377401456236839 0.06917867809534073
v 0.00819772481918335 -0.03379148244857788 0.06820540875196457
v 0.008199376985430717 -0.0331139899790287 0.06917867809534073
v 0.008044405840337276 -0.033159494400024414 0.06917867809534073
v 0.00819772481918335 -0.03379148244857788 0.06820540875196457
v 0.01137268915772438 -0.03285922855138779 0.06820540875196457
v 0.008199376985430717 -0.0331139899790287 0.06917867809534073
v 0.00819772481918335 -0.03379148244857788 0.06820540875196457
v -0.004664991050958633 -0.03317360207438469 0.0697999969124794
v -0.00485597038641572 -0.03377401456236839 0.06917867809534073
v -0.004751050379127264 -0.03378403186798096 0.06917867809534073
v -0.004664991050958633 -0.03317360207438469 0.0697999969124794
v -0.008044405840337276 -0.033159494400024414 0.06917867809534073
v -0.00485597038641572 -0.03377401456236839 0.06917867809534073
v 0.008052095770835876 -0.032517898827791214 0.0697999969124794
v 0.0017249943921342492 -0.033455558121204376 0.0697999969124794
v 0.00485597038641572 -0.03377401456236839 0.06917867809534073
v 0.008044405840337276 -0.033159494400024414 0.06917867809534073
v 0.008052095770835876 -0.032517898827791214 0.0697999969124794
v 0.00485597038641572 -0.03377401456236839 0.06917867809534073
v -0.011395543813705444 -0.03292526304721832 0.0005000000237487257
v -0.014331817626953125 -0.031382303684949875 -8.673617379884035e-19
v -0.00813368335366249 -0.03352750092744827 -1.734723475976807e-18
v -0.011505000293254852 -0.019927244633436203 -1.734723475976807e-18
v -0.006599342450499535 -0.022043338045477867 -8.673617379884035e-19
v -0.00813368335366249 -0.03352750092744827 -1.734723475976807e-18
v -0.014331817626953125 -0.031382303684949875 -8.673617379884035e-19
v -0.011505000293254852 -0.019927244633436203 -1.734723475976807e-18
v -0.00813368335366249 -0.03352750092744827 -1.734723475976807e-18
v -0.011095145717263222 -0.03350000083446503 0.01733952946960926
v -0.012749999761581421 -0.02850000001490116 0.017902886494994164
v -0.010499999858438969 -0.03350000083446503 0.01730000041425228
v -0.012749999761581421 -0.02850000001490116 0.017902886494994164
v -0.010499999858438969 -0.02850000001490116 0.01730000041425228
v -0.010499999858438969 -0.03350000083446503 0.01730000041425228
v -0.010499999858438969 -0.02850000001490116 0.01730000041425228
v -0.009904853999614716 -0.03350000083446503 0.01733952946960926
v -0.010499999858438969 -0.03350000083446503 0.01730000041425228
v -0.010104854591190815 -0.03350000083446503 0.018680380657315254
v -0.010895146057009697 -0.03350000083446503 0.018680380657315254
v -0.010499999858438969 -0.03350000083446503 0.01730000041425228
v -0.009904853999614716 -0.03350000083446503 0.01733952946960926
v -0.010104854591190815 -0.03350000083446503 0.018680380657315254
v -0.010499999858438969 -0.03350000083446503 0.01730000041425228
v -0.011095145717263222 -0.03350000083446503 0.01848038099706173
v -0.011095145717263222 -0.03350000083446503 0.01733952946960926
v -0.010499999858438969 -0.03350000083446503 0.01730000041425228
v -0.010895146057009697 -0.03350000083446503 0.018680380657315254
v -0.011095145717263222 -0.03350000083446503 0.01848038099706173
v -0.010499999858438969 -0.03350000083446503 0.01730000041425228
v -0.010499999858438969 -0.02850000001490116 0.01730000041425228
v -0.008249999955296516 -0.02850000001490116 0.017902886494994164
v -0.009904853999614716 -0.03350000083446503 0.01733952946960926
v -0.009904853999614716 -0.03350000083446503 0.01848038099706173
v -0.010104854591190815 -0.03350000083446503 0.018680380657315254
v -0.009904853999614716 -0.03350000083446503 0.01733952946960926
v -0.010895146057009697 -0.03350000083446503 0.018680380657315254
v -0.011079921387135983 -0.03350000083446503 0.01855691708624363
v -0.011095145717263222 -0.03350000083446503 0.01848038099706173
v -0.009920078329741955 -0.03350000083446503 0.01855691708624363
v -0.00996343232691288 -0.03350000083446503 0.01862180233001709
v -0.009904853999614716 -0.03350000083446503 0.01848038099706173
v -0.00996343232691288 -0.03350000083446503 0.01862180233001709
v -0.010104854591190815 -0.03350000083446503 0.018680380657315254
v -0.009904853999614716 -0.03350000083446503 0.01848038099706173
v -0.010895146057009697 -0.03350000083446503 0.018680380657315254
v -0.011036567389965057 -0.03350000083446503 0.01862180233001709
v -0.011079921387135983 -0.03350000083446503 0.01855691708624363
v -0.010895146057009697 -0.03350000083446503 0.018680380657315254
v -0.010971682146191597 -0.03350000083446503 0.01866515539586544
v -0.011036567389965057 -0.03350000083446503 0.01862180233001709
v -0.01002831757068634 -0.03350000083446503 0.01866515539586544
v -0.010104854591190815 -0.03350000083446503 0.018680380657315254
v -0.00996343232691288 -0.03350000083446503 0.01862180233001709
v 0.011447378434240818 -0.03307502716779709 0.0005000000237487257
v 0.014539525844156742 -0.03183712065219879 0.014399999752640724
v 0.010209999978542328 -0.03347769379615784 0.014399999752640724
v 0.010209999978542328 -0.032048989087343216 0.015790000557899475
v 0.010209999978542328 -0.032048989087343216 0.014399999752640724
v 0.010209999978542328 -0.03347769379615784 0.014399999752640724
v 0.008052095770835876 -0.032517898827791214 0.0697999969124794
v -1.1932852922769549e-17 -0.011500000022351742 0.0697999969124794
v 0.0017249943921342492 -0.033455558121204376 0.0697999969124794
v -1.1932852922769549e-17 -0.011500000022351742 0.0697999969124794
v -0.004664991050958633 -0.03317360207438469 0.0697999969124794
v 0.0017249943921342492 -0.033455558121204376 0.0697999969124794
v -1.1932852922769549e-17 -0.011500000022351742 0.0697999969124794
v -0.000750000006519258 -0.01129903830587864 0.0697999969124794
v -0.004664991050958633 -0.03317360207438469 0.0697999969124794
v -0.000750000006519258 -0.01129903830587864 0.0697999969124794
v -0.010884915478527546 -0.03168230876326561 0.0697999969124794
v -0.004664991050958633 -0.03317360207438469 0.0697999969124794
v -0.010884915478527546 -0.03168230876326561 0.0697999969124794
v -0.008044405840337276 -0.033159494400024414 0.06917867809534073
v -0.004664991050958633 -0.03317360207438469 0.0697999969124794
v -0.010884915478527546 -0.03168230876326561 0.0697999969124794
v -0.011085783131420612 -0.032266464084386826 0.06917867809534073
v -0.008044405840337276 -0.033159494400024414 0.06917867809534073
v 0.008199376985430717 -0.0331139899790287 0.06917867809534073
v 0.008052095770835876 -0.032517898827791214 0.0697999969124794
v 0.008044405840337276 -0.033159494400024414 0.06917867809534073
v 0.011159990914165974 -0.03224467486143112 0.06917867809534073
v 0.008052095770835876 -0.032517898827791214 0.0697999969124794
v 0.008199376985430717 -0.0331139899790287 0.06917867809534073
v 0.01137268915772438 -0.03285922855138779 0.06820540875196457
v 0.011159990914165974 -0.03224467486143112 0.06917867809534073
v 0.008199376985430717 -0.0331139899790287 0.06917867809534073
v 0.0144736897200346 -0.03169295936822891 0.0005000000237487257
v 0.014539525844156742 -0.03183712065219879 0.014399999752640724
v 0.011447378434240818 -0.03307502716779709 0.0005000000237487257
v 0.011283844709396362 -0.03260252997279167 -8.673617379884035e-19
v 0.0144736897200346 -0.03169295936822891 0.0005000000237487257
v 0.011447378434240818 -0.03307502716779709 0.0005000000237487257
v -0.017500000074505806 -0.030310889706015587 0.012799999676644802
v -0.014539525844156742 -0.03183712065219879 0.0005000000237487257
v -0.011447378434240818 -0.03307502716779709 0.012799999676644802
v -0.014539525844156742 -0.03183712065219879 0.0005000000237487257
v -0.011395543813705444 -0.03292526304721832 0.0005000000237487257
v -0.011447378434240818 -0.03307502716779709 0.012799999676644802
v -0.0035000001080334187 -0.02250000089406967 0.012799999676644802
v -0.017500000074505806 -0.02250000089406967 0.012799999676644802
v -0.011447378434240818 -0.03307502716779709 0.012799999676644802
v -0.017500000074505806 -0.02250000089406967 0.012799999676644802
v -0.017500000074505806 -0.030310889706015587 0.012799999676644802
v -0.011447378434240818 -0.03307502716779709 0.012799999676644802
v -0.014539525844156742 -0.03183712065219879 0.06705735623836517
v -0.017500000074505806 -0.030310889706015587 0.03480000048875809
v -0.011447378434240818 -0.03307502716779709 0.03480000048875809
v -0.011447378434240818 -0.03307502716779709 0.06705735623836517
v -0.014539525844156742 -0.03183712065219879 0.06705735623836517
v -0.011447378434240818 -0.03307502716779709 0.03480000048875809
v -0.017500000074505806 -0.030310889706015587 0.03480000048875809
v -0.017500000074505806 -0.02250000089406967 0.03480000048875809
v -0.011447378434240818 -0.03307502716779709 0.03480000048875809
v -0.017500000074505806 -0.02250000089406967 0.03480000048875809
v -0.0035000001080334187 -0.02250000089406967 0.03480000048875809
v -0.011447378434240818 -0.03307502716779709 0.03480000048875809
v -0.01137268915772438 -0.03285922855138779 0.06820540875196457
v -0.014444660395383835 -0.03162939473986626 0.06820540875196457
v -0.011447378434240818 -0.03307502716779709 0.06705735623836517
v -0.014444660395383835 -0.03162939473986626 0.06820540875196457
v -0.014539525844156742 -0.03183712065219879 0.06705735623836517
v -0.011447378434240818 -0.03307502716779709 0.06705735623836517
v 0.014539525844156742 -0.03183712065219879 0.031099999323487282
v 0.014539525844156742 -0.03183712065219879 0.06705735623836517
v 0.011447378434240818 -0.03307502716779709 0.06705735623836517
v 0.014539525844156742 -0.03183712065219879 0.06705735623836517
v 0.01137268915772438 -0.03285922855138779 0.06820540875196457
v 0.011447378434240818 -0.03307502716779709 0.06705735623836517
v -0.014539525844156742 -0.03183712065219879 0.0005000000237487257
v -0.014331817626953125 -0.031382303684949875 -8.673617379884035e-19
v -0.011395543813705444 -0.03292526304721832 0.0005000000237487257
v -0.0141745088621974 -0.031037844717502594 0.06917867809534073
v -0.014444660395383835 -0.03162939473986626 0.06820540875196457
v -0.01137268915772438 -0.03285922855138779 0.06820540875196457
v -0.011159990914165974 -0.03224467486143112 0.06917867809534073
v -0.0141745088621974 -0.031037844717502594 0.06917867809534073
v -0.01137268915772438 -0.03285922855138779 0.06820540875196457
v -0.011085783131420612 -0.032266464084386826 0.06917867809534073
v -0.011159990914165974 -0.03224467486143112 0.06917867809534073
v -0.01137268915772438 -0.03285922855138779 0.06820540875196457
v 0.014539525844156742 -0.03183712065219879 0.06705735623836517
v 0.014444660395383835 -0.03162939473986626 0.06820540875196457
v 0.01137268915772438 -0.03285922855138779 0.06820540875196457
v 0.014444660395383835 -0.03162939473986626 0.06820540875196457
v 0.011159990914165974 -0.03224467486143112 0.06917867809534073
v 0.01137268915772438 -0.03285922855138779 0.06820540875196457
v 0.00911379512399435 -0.021128153428435326 0.0
v 0.017249999567866325 -0.029877876862883568 -8.673617379884035e-19
v 0.011283844709396362 -0.03260252997279167 -8.673617379884035e-19
v 0.003995644394308329 -0.022660426795482635 -8.673617379884035e-19
v 0.00911379512399435 -0.021128153428435326 0.0
v 0.011283844709396362 -0.03260252997279167 -8.673617379884035e-19
v 0.017249999567866325 -0.029877876862883568 -8.673617379884035e-19
v 0.0144736897200346 -0.03169295936822891 0.0005000000237487257
v 0.011283844709396362 -0.03260252997279167 -8.673617379884035e-19
v 0.000750000006519258 -0.01129903830587864 0.0697999969124794
v -1.1932852922769549e-17 -0.011500000022351742 0.0697999969124794
v 0.008052095770835876 -0.032517898827791214 0.0697999969124794
v 0.014085658825933933 -0.03039480559527874 0.0697999969124794
v 0.000750000006519258 -0.01129903830587864 0.0697999969124794
v 0.008052095770835876 -0.032517898827791214 0.0697999969124794
v 0.011159990914165974 -0.03224467486143112 0.06917867809534073
v 0.014085658825933933 -0.03039480559527874 0.0697999969124794
v 0.008052095770835876 -0.032517898827791214 0.0697999969124794
v -0.010884915478527546 -0.03168230876326561 0.0697999969124794
v -0.011159990914165974 -0.03224467486143112 0.06917867809534073
v -0.011085783131420612 -0.032266464084386826 0.06917867809534073
v -0.010884915478527546 -0.03168230876326561 0.0697999969124794
v -0.0141745088621974 -0.031037844717502594 0.06917867809534073
v -0.011159990914165974 -0.03224467486143112 0.06917867809534073
v 0.0141745088621974 -0.031037844717502594 0.06917867809534073
v 0.014085658825933933 -0.03039480559527874 0.0697999969124794
v 0.011159990914165974 -0.03224467486143112 0.06917867809534073
v 0.014444660395383835 -0.03162939473986626 0.06820540875196457
v 0.0141745088621974 -0.031037844717502594 0.06917867809534073
v 0.011159990914165974 -0.03224467486143112 0.06917867809534073
v -0.018950000405311584 -0.02945827506482601 0.03310000151395798
v -0.018950000405311584 -0.02945827506482601 0.03060000017285347
v -0.013963121920824051 -0.03211580589413643 0.03060000017285347
v -0.017963698133826256 -0.030066752806305885 0.03448428213596344
v -0.01849484071135521 -0.02974429912865162 0.03414088860154152
v -0.013963121920824051 -0.03211580589413643 0.03060000017285347
v -0.01849484071135521 -0.02974429912865162 0.03414088860154152
v -0.01883755438029766 -0.029529789462685585 0.03360920771956444
v -0.013963121920824051 -0.03211580589413643 0.03060000017285347
v -0.01883755438029766 -0.029529789462685585 0.03360920771956444
v -0.018898723646998405 -0.029491111636161804 0.03349003940820694
v -0.013963121920824051 -0.03211580589413643 0.03060000017285347
v -0.018898723646998405 -0.029491111636161804 0.03349003940820694
v -0.018950000405311584 -0.02945827506482601 0.03310000151395798
v -0.013963121920824051 -0.03211580589413643 0.03060000017285347
v -0.013963121920824051 -0.03211580589413643 0.03460000082850456
v -0.01744999922811985 -0.03036840446293354 0.03460000082850456
v -0.013963121920824051 -0.03211580589413643 0.03060000017285347
v -0.01744999922811985 -0.03036840446293354 0.03460000082850456
v -0.017963698133826256 -0.030066752806305885 0.03448428213596344
v -0.013963121920824051 -0.03211580589413643 0.03060000017285347
v -0.018950000405311584 -0.02945827506482601 0.03060000017285347
v -0.018950000405311584 -0.02250000089406967 0.03060000017285347
v -0.013963121920824051 -0.03211580589413643 0.03060000017285347
v -0.018950000405311584 -0.02250000089406967 0.03060000017285347
v -0.00215000007301569 -0.02250000089406967 0.03060000017285347
v -0.013963121920824051 -0.03211580589413643 0.03060000017285347
v -0.003650000086054206 -0.02250000089406967 0.03460000082850456
v -0.01744999922811985 -0.03036840446293354 0.03460000082850456
v -0.013963121920824051 -0.03211580589413643 0.03460000082850456
v 0.010209999978542328 -0.032048989087343216 0.014399999752640724
v 0.005289999768137932 -0.032048989087343216 0.015790000557899475
v 0.005289999768137932 -0.032048989087343216 0.014399999752640724
v 0.010209999978542328 -0.032048989087343216 0.015790000557899475
v 0.005289999768137932 -0.032048989087343216 0.015790000557899475
v 0.010209999978542328 -0.032048989087343216 0.014399999752640724
v 0.0024500000290572643 -0.032048989087343216 0.022420000284910202
v 0.0013500000350177288 -0.032048989087343216 0.021619999781250954
v 0.0013500000350177288 -0.032048989087343216 0.015790000557899475
v 0.005289999768137932 -0.032048989087343216 0.015790000557899475
v 0.0024500000290572643 -0.032048989087343216 0.022420000284910202
v 0.0013500000350177288 -0.032048989087343216 0.015790000557899475
v 0.010209999978542328 -0.032048989087343216 0.015790000557899475
v 0.0024500000290572643 -0.032048989087343216 0.022420000284910202
v 0.005289999768137932 -0.032048989087343216 0.015790000557899475
v 0.0024500000290572643 -0.032048989087343216 0.024129999801516533
v 0.0024500000290572643 -0.032048989087343216 0.022420000284910202
v 0.010209999978542328 -0.032048989087343216 0.015790000557899475
v 0.013050000183284283 -0.032048989087343216 0.022420000284910202
v 0.0024500000290572643 -0.032048989087343216 0.024129999801516533
v 0.010209999978542328 -0.032048989087343216 0.015790000557899475
v 0.014150000177323818 -0.032048989087343216 0.021619999781250954
v 0.013050000183284283 -0.032048989087343216 0.022420000284910202
v 0.010209999978542328 -0.032048989087343216 0.015790000557899475
v 0.014150000177323818 -0.032048989087343216 0.015790000557899475
v 0.014150000177323818 -0.032048989087343216 0.021619999781250954
v 0.010209999978542328 -0.032048989087343216 0.015790000557899475
v 0.013050000183284283 -0.032048989087343216 0.024129999801516533
v 0.0024500000290572643 -0.032048989087343216 0.024129999801516533
v 0.013050000183284283 -0.032048989087343216 0.022420000284910202
v 0.0024500000290572643 -0.032048989087343216 0.024129999801516533
v 0.0013500000350177288 -0.032048989087343216 0.025869999080896378
v 0.0013500000350177288 -0.032048989087343216 0.024129999801516533
v 0.013050000183284283 -0.032048989087343216 0.024129999801516533
v 0.0013500000350177288 -0.032048989087343216 0.025869999080896378
v 0.0024500000290572643 -0.032048989087343216 0.024129999801516533
v 0.014150000177323818 -0.032048989087343216 0.024129999801516533
v 0.014150000177323818 -0.032048989087343216 0.025869999080896378
v 0.013050000183284283 -0.032048989087343216 0.024129999801516533
v 0.014150000177323818 -0.032048989087343216 0.025869999080896378
v 0.0013500000350177288 -0.032048989087343216 0.025869999080896378
v 0.013050000183284283 -0.032048989087343216 0.024129999801516533
v -0.017500000074505806 -0.030310889706015587 0.012799999676644802
v -0.017420759424567223 -0.030173638835549355 0.0005000000237487257
v -0.014539525844156742 -0.03183712065219879 0.0005000000237487257
v -0.017420759424567223 -0.030173638835549355 0.0005000000237487257
v -0.014331817626953125 -0.031382303684949875 -8.673617379884035e-19
v -0.014539525844156742 -0.03183712065219879 0.0005000000237487257
v 0.0144736897200346 -0.03169295936822891 0.0005000000237487257
v 0.017500000074505806 -0.030310889706015587 0.0005000000237487257
v 0.014539525844156742 -0.03183712065219879 0.014399999752640724
v 0.017500000074505806 -0.030310889706015587 0.0005000000237487257
v 0.015799999237060547 -0.031230753287672997 0.014399999752640724
v 0.014539525844156742 -0.03183712065219879 0.014399999752640724
v 0.015799999237060547 -0.031230753287672997 0.031099999323487282
v 0.017500000074505806 -0.030310889706015587 0.06705735623836517
v 0.014539525844156742 -0.03183712065219879 0.031099999323487282
v 0.017500000074505806 -0.030310889706015587 0.06705735623836517
v 0.014539525844156742 -0.03183712065219879 0.06705735623836517
v 0.014539525844156742 -0.03183712065219879 0.031099999323487282
v -0.017500000074505806 -0.030310889706015587 0.06705735623836517
v -0.017500000074505806 -0.030310889706015587 0.03480000048875809
v -0.014539525844156742 -0.03183712065219879 0.06705735623836517
v -0.014444660395383835 -0.03162939473986626 0.06820540875196457
v -0.01738581992685795 -0.03011312149465084 0.06820540875196457
v -0.014539525844156742 -0.03183712065219879 0.06705735623836517
v -0.01738581992685795 -0.03011312149465084 0.06820540875196457
v -0.017500000074505806 -0.030310889706015587 0.06705735623836517
v -0.014539525844156742 -0.03183712065219879 0.06705735623836517
v 0.017500000074505806 -0.030310889706015587 0.06705735623836517
v 0.014444660395383835 -0.03162939473986626 0.06820540875196457
v 0.014539525844156742 -0.03183712065219879 0.06705735623836517
v 0.017249999567866325 -0.029877876862883568 -8.673617379884035e-19
v 0.017500000074505806 -0.030310889706015587 0.0005000000237487257
v 0.0144736897200346 -0.03169295936822891 0.0005000000237487257
v -0.000750000006519258 -0.01129903830587864 0.0697999969124794
v -0.01670803129673004 -0.029036041349172592 0.0697999969124794
v -0.010884915478527546 -0.03168230876326561 0.0697999969124794
v -0.01670803129673004 -0.029036041349172592 0.0697999969124794
v -0.0141745088621974 -0.031037844717502594 0.06917867809534073
v -0.010884915478527546 -0.03168230876326561 0.0697999969124794
v -0.017016854137182236 -0.029572512954473495 0.06917867809534073
v -0.01738581992685795 -0.03011312149465084 0.06820540875196457
v -0.014444660395383835 -0.03162939473986626 0.06820540875196457
v -0.0141745088621974 -0.031037844717502594 0.06917867809534073
v -0.017016854137182236 -0.029572512954473495 0.06917867809534073
v -0.014444660395383835 -0.03162939473986626 0.06820540875196457
v 0.017500000074505806 -0.030310889706015587 0.06705735623836517
v 0.01738581992685795 -0.03011312149465084 0.06820540875196457
v 0.014444660395383835 -0.03162939473986626 0.06820540875196457
v 0.014343008399009705 -0.03095097653567791 0.06917867809534073
v 0.0141745088621974 -0.031037844717502594 0.06917867809534073
v 0.014444660395383835 -0.03162939473986626 0.06820540875196457
v 0.01738581992685795 -0.03011312149465084 0.06820540875196457
v 0.014343008399009705 -0.03095097653567791 0.06917867809534073
v 0.014444660395383835 -0.03162939473986626 0.06820540875196457
v -0.017420759424567223 -0.030173638835549355 0.0005000000237487257
v -0.020011963322758675 -0.028102871030569077 -8.673617379884035e-19
v -0.014331817626953125 -0.031382303684949875 -8.673617379884035e-19
v -0.020011963322758675 -0.028102871030569077 -8.673617379884035e-19
v -0.011505000293254852 -0.019927244633436203 -1.734723475976807e-18
v -0.014331817626953125 -0.031382303684949875 -8.673617379884035e-19
v 0.017500000074505806 -0.030310889706015587 0.0005000000237487257
v 0.020210063084959984 -0.028381062671542168 0.0005000000237487257
v 0.015799999237060547 -0.031230753287672997 0.014399999752640724
v 0.020210063084959984 -0.028381062671542168 0.0005000000237487257
v 0.015799999237060547 -0.031230753287672997 0.031099999323487282
v 0.015799999237060547 -0.031230753287672997 0.014399999752640724
v 0.020210063084959984 -0.028381062671542168 0.0005000000237487257
v 0.02030199207365513 -0.028510158881545067 0.06705735623836517
v 0.015799999237060547 -0.031230753287672997 0.031099999323487282
v 0.02030199207365513 -0.028510158881545067 0.06705735623836517
v 0.017500000074505806 -0.030310889706015587 0.06705735623836517
v 0.015799999237060547 -0.031230753287672997 0.031099999323487282
v -0.01670803129673004 -0.029036041349172592 0.0697999969124794
v -0.017016854137182236 -0.029572512954473495 0.06917867809534073
v -0.0141745088621974 -0.031037844717502594 0.06917867809534073
v 0.014343008399009705 -0.03095097653567791 0.06917867809534073
v 0.014085658825933933 -0.03039480559527874 0.0697999969124794
v 0.0141745088621974 -0.031037844717502594 0.06917867809534073
v 0.01706065982580185 -0.02954993024468422 0.06917867809534073
v 0.014085658825933933 -0.03039480559527874 0.0697999969124794
v 0.014343008399009705 -0.03095097653567791 0.06917867809534073
v 0.01738581992685795 -0.03011312149465084 0.06820540875196457
v 0.01706065982580185 -0.02954993024468422 0.06917867809534073
v 0.014343008399009705 -0.03095097653567791 0.06917867809534073
v -0.01262132078409195 -0.030500000342726707 0.01967868022620678
v -0.012871320359408855 -0.030500000342726707 0.01924566738307476
v -0.01262132078409195 -0.030500000342726707 0.01917867921292782
v -0.012371320277452469 -0.030500000342726707 0.01924566738307476
v -0.01262132078409195 -0.030500000342726707 0.01967868022620678
v -0.01262132078409195 -0.030500000342726707 0.01917867921292782
v -0.008378679864108562 -0.030500000342726707 0.01967868022620678
v -0.008628679439425468 -0.030500000342726707 0.01924566738307476
v -0.008378679864108562 -0.030500000342726707 0.01917867921292782
v -0.008128679357469082 -0.030500000342726707 0.01924566738307476
v -0.008378679864108562 -0.030500000342726707 0.01967868022620678
v -0.008378679864108562 -0.030500000342726707 0.01917867921292782
v -0.01262132078409195 -0.030500000342726707 0.01967868022620678
v -0.013054332695901394 -0.030500000342726707 0.0194286797195673
v -0.012871320359408855 -0.030500000342726707 0.01924566738307476
v -0.01218830794095993 -0.030500000342726707 0.0194286797195673
v -0.01262132078409195 -0.030500000342726707 0.01967868022620678
v -0.012371320277452469 -0.030500000342726707 0.01924566738307476
v -0.008378679864108562 -0.030500000342726707 0.01967868022620678
v -0.008811692707240582 -0.030500000342726707 0.0194286797195673
v -0.008628679439425468 -0.030500000342726707 0.01924566738307476
v -0.007945667020976543 -0.030500000342726707 0.0194286797195673
v -0.008378679864108562 -0.030500000342726707 0.01967868022620678
v -0.008128679357469082 -0.030500000342726707 0.01924566738307476
v -0.01262132078409195 -0.030500000342726707 0.01967868022620678
v -0.013121319934725761 -0.030500000342726707 0.01967868022620678
v -0.013054332695901394 -0.030500000342726707 0.0194286797195673
v -0.012121320702135563 -0.030500000342726707 0.01967868022620678
v -0.01262132078409195 -0.030500000342726707 0.01967868022620678
v -0.01218830794095993 -0.030500000342726707 0.0194286797195673
v -0.008378679864108562 -0.030500000342726707 0.01967868022620678
v -0.008878679946064949 -0.030500000342726707 0.01967868022620678
v -0.008811692707240582 -0.030500000342726707 0.0194286797195673
v -0.007878679782152176 -0.030500000342726707 0.01967868022620678
v -0.008378679864108562 -0.030500000342726707 0.01967868022620678
v -0.007945667020976543 -0.030500000342726707 0.0194286797195673
v -0.01262132078409195 -0.030500000342726707 0.01967868022620678
v -0.013054332695901394 -0.030500000342726707 0.01992867887020111
v -0.013121319934725761 -0.030500000342726707 0.01967868022620678
v -0.012871320359408855 -0.030500000342726707 0.0201116930693388
v -0.013054332695901394 -0.030500000342726707 0.01992867887020111
v -0.01262132078409195 -0.030500000342726707 0.01967868022620678
v -0.01218830794095993 -0.030500000342726707 0.01992867887020111
v -0.012371320277452469 -0.030500000342726707 0.0201116930693388
v -0.01262132078409195 -0.030500000342726707 0.01967868022620678
v -0.012371320277452469 -0.030500000342726707 0.0201116930693388
v -0.01262132078409195 -0.030500000342726707 0.02017867937684059
v -0.01262132078409195 -0.030500000342726707 0.01967868022620678
v -0.01262132078409195 -0.030500000342726707 0.02017867937684059
v -0.012871320359408855 -0.030500000342726707 0.0201116930693388
v -0.01262132078409195 -0.030500000342726707 0.01967868022620678
v -0.012121320702135563 -0.030500000342726707 0.01967868022620678
v -0.01218830794095993 -0.030500000342726707 0.01992867887020111
v -0.01262132078409195 -0.030500000342726707 0.01967868022620678
v -0.008378679864108562 -0.030500000342726707 0.01967868022620678
v -0.008811692707240582 -0.030500000342726707 0.01992867887020111
v -0.008878679946064949 -0.030500000342726707 0.01967868022620678
v -0.007878679782152176 -0.030500000342726707 0.01967868022620678
v -0.007945667020976543 -0.030500000342726707 0.01992867887020111
v -0.008378679864108562 -0.030500000342726707 0.01967868022620678
v -0.008628679439425468 -0.030500000342726707 0.0201116930693388
v -0.008811692707240582 -0.030500000342726707 0.01992867887020111
v -0.008378679864108562 -0.030500000342726707 0.01967868022620678
v -0.007945667020976543 -0.030500000342726707 0.01992867887020111
v -0.008128679357469082 -0.030500000342726707 0.0201116930693388
v -0.008378679864108562 -0.030500000342726707 0.01967868022620678
v -0.008128679357469082 -0.030500000342726707 0.0201116930693388
v -0.008378679864108562 -0.030500000342726707 0.02017867937684059
v -0.008378679864108562 -0.030500000342726707 0.01967868022620678
v -0.008378679864108562 -0.030500000342726707 0.02017867937684059
v -0.008628679439425468 -0.030500000342726707 0.0201116930693388
v -0.008378679864108562 -0.030500000342726707 0.01967868022620678
v -0.013500000350177288 -0.030500000342726707 0.021800000220537186
v -0.013749999925494194 -0.030500000342726707 0.021366987377405167
v -0.013500000350177288 -0.030500000342726707 0.021299999207258224
v -0.013249999843537807 -0.030500000342726707 0.021366987377405167
v -0.013500000350177288 -0.030500000342726707 0.021800000220537186
v -0.013500000350177288 -0.030500000342726707 0.021299999207258224
v -0.010499999858438969 -0.030500000342726707 0.021800000220537186
v -0.01075000036507845 -0.030500000342726707 0.021366987377405167
v -0.010499999858438969 -0.030500000342726707 0.021299999207258224
v -0.010250000283122063 -0.030500000342726707 0.021366987377405167
v -0.010499999858438969 -0.030500000342726707 0.021800000220537186
v -0.010499999858438969 -0.030500000342726707 0.021299999207258224
v -0.007499999832361937 -0.030500000342726707 0.021800000220537186
v -0.00774999987334013 -0.030500000342726707 0.021366987377405167
v -0.007499999832361937 -0.030500000342726707 0.021299999207258224
v -0.007249999791383743 -0.030500000342726707 0.021366987377405167
v -0.007499999832361937 -0.030500000342726707 0.021800000220537186
v -0.007499999832361937 -0.030500000342726707 0.021299999207258224
v -0.013500000350177288 -0.030500000342726707 0.021800000220537186
v -0.013933012261986732 -0.030500000342726707 0.021549999713897705
v -0.013749999925494194 -0.030500000342726707 0.021366987377405167
v -0.013066987507045269 -0.030500000342726707 0.021549999713897705
v -0.013500000350177288 -0.030500000342726707 0.021800000220537186
v -0.013249999843537807 -0.030500000342726707 0.021366987377405167
v -0.010499999858438969 -0.030500000342726707 0.021800000220537186
v -0.010933012701570988 -0.030500000342726707 0.021549999713897705
v -0.01075000036507845 -0.030500000342726707 0.021366987377405167
v -0.01006698701530695 -0.030500000342726707 0.021549999713897705
v -0.010499999858438969 -0.030500000342726707 0.021800000220537186
v -0.010250000283122063 -0.030500000342726707 0.021366987377405167
v -0.007499999832361937 -0.030500000342726707 0.021800000220537186
v -0.007933013141155243 -0.030500000342726707 0.021549999713897705
v -0.00774999987334013 -0.030500000342726707 0.021366987377405167
v -0.007066987454891205 -0.030500000342726707 0.021549999713897705
v -0.007499999832361937 -0.030500000342726707 0.021800000220537186
v -0.007249999791383743 -0.030500000342726707 0.021366987377405167
v -0.013500000350177288 -0.030500000342726707 0.021800000220537186
v -0.014000000432133675 -0.030500000342726707 0.021800000220537186
v -0.013933012261986732 -0.030500000342726707 0.021549999713897705
v -0.013000000268220901 -0.030500000342726707 0.021800000220537186
v -0.013500000350177288 -0.030500000342726707 0.021800000220537186
v -0.013066987507045269 -0.030500000342726707 0.021549999713897705
v -0.010499999858438969 -0.030500000342726707 0.021800000220537186
v -0.010999999940395355 -0.030500000342726707 0.021800000220537186
v -0.010933012701570988 -0.030500000342726707 0.021549999713897705
v -0.009999999776482582 -0.030500000342726707 0.021800000220537186
v -0.010499999858438969 -0.030500000342726707 0.021800000220537186
v -0.01006698701530695 -0.030500000342726707 0.021549999713897705
v -0.007499999832361937 -0.030500000342726707 0.021800000220537186
v -0.00800000037997961 -0.030500000342726707 0.021800000220537186
v -0.007933013141155243 -0.030500000342726707 0.021549999713897705
v -0.007000000216066837 -0.030500000342726707 0.021800000220537186
v -0.007499999832361937 -0.030500000342726707 0.021800000220537186
v -0.007066987454891205 -0.030500000342726707 0.021549999713897705
v -0.013500000350177288 -0.030500000342726707 0.021800000220537186
v -0.013933012261986732 -0.030500000342726707 0.022050000727176666
v -0.014000000432133675 -0.030500000342726707 0.021800000220537186
v -0.013749999925494194 -0.030500000342726707 0.022233013063669205
v -0.013933012261986732 -0.030500000342726707 0.022050000727176666
v -0.013500000350177288 -0.030500000342726707 0.021800000220537186
v -0.013066987507045269 -0.030500000342726707 0.022050000727176666
v -0.013249999843537807 -0.030500000342726707 0.022233013063669205
v -0.013500000350177288 -0.030500000342726707 0.021800000220537186
v -0.013249999843537807 -0.030500000342726707 0.022233013063669205
v -0.013500000350177288 -0.030500000342726707 0.022299999371170998
v -0.013500000350177288 -0.030500000342726707 0.021800000220537186
v -0.013500000350177288 -0.030500000342726707 0.022299999371170998
v -0.013749999925494194 -0.030500000342726707 0.022233013063669205
v -0.013500000350177288 -0.030500000342726707 0.021800000220537186
v -0.013000000268220901 -0.030500000342726707 0.021800000220537186
v -0.013066987507045269 -0.030500000342726707 0.022050000727176666
v -0.013500000350177288 -0.030500000342726707 0.021800000220537186
v -0.010499999858438969 -0.030500000342726707 0.021800000220537186
v -0.010933012701570988 -0.030500000342726707 0.022050000727176666
v -0.010999999940395355 -0.030500000342726707 0.021800000220537186
v -0.009999999776482582 -0.030500000342726707 0.021800000220537186
v -0.01006698701530695 -0.030500000342726707 0.022050000727176666
v -0.010499999858438969 -0.030500000342726707 0.021800000220537186
v -0.01075000036507845 -0.030500000342726707 0.022233013063669205
v -0.010933012701570988 -0.030500000342726707 0.022050000727176666
v -0.010499999858438969 -0.030500000342726707 0.021800000220537186
v -0.01006698701530695 -0.030500000342726707 0.022050000727176666
v -0.010250000283122063 -0.030500000342726707 0.022233013063669205
v -0.010499999858438969 -0.030500000342726707 0.021800000220537186
v -0.010250000283122063 -0.030500000342726707 0.022233013063669205
v -0.010499999858438969 -0.030500000342726707 0.022299999371170998
v -0.010499999858438969 -0.030500000342726707 0.021800000220537186
v -0.010499999858438969 -0.030500000342726707 0.022299999371170998
v -0.01075000036507845 -0.030500000342726707 0.022233013063669205
v -0.010499999858438969 -0.030500000342726707 0.021800000220537186
v -0.007499999832361937 -0.030500000342726707 0.021800000220537186
v -0.007933013141155243 -0.030500000342726707 0.022050000727176666
v -0.00800000037997961 -0.030500000342726707 0.021800000220537186
v -0.007000000216066837 -0.030500000342726707 0.021800000220537186
v -0.007066987454891205 -0.030500000342726707 0.022050000727176666
v -0.007499999832361937 -0.030500000342726707 0.021800000220537186
v -0.00774999987334013 -0.030500000342726707 0.022233013063669205
v -0.007933013141155243 -0.030500000342726707 0.022050000727176666
v -0.007499999832361937 -0.030500000342726707 0.021800000220537186
v -0.007066987454891205 -0.030500000342726707 0.022050000727176666
v -0.007249999791383743 -0.030500000342726707 0.022233013063669205
v -0.007499999832361937 -0.030500000342726707 0.021800000220537186
v -0.007249999791383743 -0.030500000342726707 0.022233013063669205
v -0.007499999832361937 -0.030500000342726707 0.022299999371170998
v -0.007499999832361937 -0.030500000342726707 0.021800000220537186
v -0.007499999832361937 -0.030500000342726707 0.022299999371170998
v -0.00774999987334013 -0.030500000342726707 0.022233013063669205
v -0.007499999832361937 -0.030500000342726707 0.021800000220537186
v -0.01262132078409195 -0.030500000342726707 0.023921320214867592
v -0.012871320359408855 -0.030500000342726707 0.023488307371735573
v -0.01262132078409195 -0.030500000342726707 0.02342132106423378
v -0.012371320277452469 -0.030500000342726707 0.023488307371735573
v -0.01262132078409195 -0.030500000342726707 0.023921320214867592
v -0.01262132078409195 -0.030500000342726707 0.02342132106423378
v -0.008378679864108562 -0.030500000342726707 0.023921320214867592
v -0.008628679439425468 -0.030500000342726707 0.023488307371735573
v -0.008378679864108562 -0.030500000342726707 0.02342132106423378
v -0.008128679357469082 -0.030500000342726707 0.023488307371735573
v -0.008378679864108562 -0.030500000342726707 0.023921320214867592
v -0.008378679864108562 -0.030500000342726707 0.02342132106423378
v -0.01262132078409195 -0.030500000342726707 0.023921320214867592
v -0.013054332695901394 -0.030500000342726707 0.02367131970822811
v -0.012871320359408855 -0.030500000342726707 0.023488307371735573
v -0.01218830794095993 -0.030500000342726707 0.02367131970822811
v -0.01262132078409195 -0.030500000342726707 0.023921320214867592
v -0.012371320277452469 -0.030500000342726707 0.023488307371735573
v -0.008378679864108562 -0.030500000342726707 0.023921320214867592
v -0.008811692707240582 -0.030500000342726707 0.02367131970822811
v -0.008628679439425468 -0.030500000342726707 0.023488307371735573
v -0.007945667020976543 -0.030500000342726707 0.02367131970822811
v -0.008378679864108562 -0.030500000342726707 0.023921320214867592
v -0.008128679357469082 -0.030500000342726707 0.023488307371735573
v -0.01262132078409195 -0.030500000342726707 0.023921320214867592
v -0.013121319934725761 -0.030500000342726707 0.023921320214867592
v -0.013054332695901394 -0.030500000342726707 0.02367131970822811
v -0.012121320702135563 -0.030500000342726707 0.023921320214867592
v -0.01262132078409195 -0.030500000342726707 0.023921320214867592
v -0.01218830794095993 -0.030500000342726707 0.02367131970822811
v -0.008378679864108562 -0.030500000342726707 0.023921320214867592
v -0.008878679946064949 -0.030500000342726707 0.023921320214867592
v -0.008811692707240582 -0.030500000342726707 0.02367131970822811
v -0.007878679782152176 -0.030500000342726707 0.023921320214867592
v -0.008378679864108562 -0.030500000342726707 0.023921320214867592
v -0.007945667020976543 -0.030500000342726707 0.02367131970822811
v -0.01262132078409195 -0.030500000342726707 0.023921320214867592
v -0.013054332695901394 -0.030500000342726707 0.024171320721507072
v -0.013121319934725761 -0.030500000342726707 0.023921320214867592
v -0.012871320359408855 -0.030500000342726707 0.02435433305799961
v -0.013054332695901394 -0.030500000342726707 0.024171320721507072
v -0.01262132078409195 -0.030500000342726707 0.023921320214867592
v -0.01218830794095993 -0.030500000342726707 0.024171320721507072
v -0.012371320277452469 -0.030500000342726707 0.02435433305799961
v -0.01262132078409195 -0.030500000342726707 0.023921320214867592
v -0.012371320277452469 -0.030500000342726707 0.02435433305799961
v -0.01262132078409195 -0.030500000342726707 0.024421321228146553
v -0.01262132078409195 -0.030500000342726707 0.023921320214867592
v -0.01262132078409195 -0.030500000342726707 0.024421321228146553
v -0.012871320359408855 -0.030500000342726707 0.02435433305799961
v -0.01262132078409195 -0.030500000342726707 0.023921320214867592
v -0.012121320702135563 -0.030500000342726707 0.023921320214867592
v -0.01218830794095993 -0.030500000342726707 0.024171320721507072
v -0.01262132078409195 -0.030500000342726707 0.023921320214867592
v -0.008378679864108562 -0.030500000342726707 0.023921320214867592
v -0.008811692707240582 -0.030500000342726707 0.024171320721507072
v -0.008878679946064949 -0.030500000342726707 0.023921320214867592
v -0.007878679782152176 -0.030500000342726707 0.023921320214867592
v -0.007945667020976543 -0.030500000342726707 0.024171320721507072
v -0.008378679864108562 -0.030500000342726707 0.023921320214867592
v -0.008628679439425468 -0.030500000342726707 0.02435433305799961
v -0.008811692707240582 -0.030500000342726707 0.024171320721507072
v -0.008378679864108562 -0.030500000342726707 0.023921320214867592
v -0.007945667020976543 -0.030500000342726707 0.024171320721507072
v -0.008128679357469082 -0.030500000342726707 0.02435433305799961
v -0.008378679864108562 -0.030500000342726707 0.023921320214867592
v -0.008128679357469082 -0.030500000342726707 0.02435433305799961
v -0.008378679864108562 -0.030500000342726707 0.024421321228146553
v -0.008378679864108562 -0.030500000342726707 0.023921320214867592
v -0.008378679864108562 -0.030500000342726707 0.024421321228146553
v -0.008628679439425468 -0.030500000342726707 0.02435433305799961
v -0.008378679864108562 -0.030500000342726707 0.023921320214867592
v -0.010499999858438969 -0.030500000342726707 0.024800000712275505
v -0.01075000036507845 -0.030500000342726707 0.024366987869143486
v -0.010499999858438969 -0.030500000342726707 0.024299999698996544
v -0.010250000283122063 -0.030500000342726707 0.024366987869143486
v -0.010499999858438969 -0.030500000342726707 0.024800000712275505
v -0.010499999858438969 -0.030500000342726707 0.024299999698996544
v -0.010499999858438969 -0.030500000342726707 0.024800000712275505
v -0.010933012701570988 -0.030500000342726707 0.024550000205636024
v -0.01075000036507845 -0.030500000342726707 0.024366987869143486
v -0.01006698701530695 -0.030500000342726707 0.024550000205636024
v -0.010499999858438969 -0.030500000342726707 0.024800000712275505
v -0.010250000283122063 -0.030500000342726707 0.024366987869143486
v -0.010499999858438969 -0.030500000342726707 0.024800000712275505
v -0.010999999940395355 -0.030500000342726707 0.024800000712275505
v -0.010933012701570988 -0.030500000342726707 0.024550000205636024
v -0.009999999776482582 -0.030500000342726707 0.024800000712275505
v -0.010499999858438969 -0.030500000342726707 0.024800000712275505
v -0.01006698701530695 -0.030500000342726707 0.024550000205636024
v -0.010499999858438969 -0.030500000342726707 0.024800000712275505
v -0.010933012701570988 -0.030500000342726707 0.025049999356269836
v -0.010999999940395355 -0.030500000342726707 0.024800000712275505
v -0.009999999776482582 -0.030500000342726707 0.024800000712275505
v -0.01006698701530695 -0.030500000342726707 0.025049999356269836
v -0.010499999858438969 -0.030500000342726707 0.024800000712275505
v -0.01075000036507845 -0.030500000342726707 0.025233013555407524
v -0.010933012701570988 -0.030500000342726707 0.025049999356269836
v -0.010499999858438969 -0.030500000342726707 0.024800000712275505
v -0.01006698701530695 -0.030500000342726707 0.025049999356269836
v -0.010250000283122063 -0.030500000342726707 0.025233013555407524
v -0.010499999858438969 -0.030500000342726707 0.024800000712275505
v -0.010250000283122063 -0.030500000342726707 0.025233013555407524
v -0.010499999858438969 -0.030500000342726707 0.025299999862909317
v -0.010499999858438969 -0.030500000342726707 0.024800000712275505
v -0.010499999858438969 -0.030500000342726707 0.025299999862909317
v -0.01075000036507845 -0.030500000342726707 0.025233013555407524
v -0.010499999858438969 -0.030500000342726707 0.024800000712275505
v 0.0196057315915823 -0.0271636750549078 0.0697999969124794
v 0.000750000006519258 -0.01129903830587864 0.0697999969124794
v 0.014085658825933933 -0.03039480559527874 0.0697999969124794
v 0.01706065982580185 -0.02954993024468422 0.06917867809534073
v 0.0196057315915823 -0.0271636750549078 0.0697999969124794
v 0.014085658825933933 -0.03039480559527874 0.0697999969124794
v -0.01744999922811985 -0.02250000089406967 0.03460000082850456
v -0.017963698133826256 -0.030066752806305885 0.03448428213596344
v -0.01744999922811985 -0.03036840446293354 0.03460000082850456
v -0.003650000086054206 -0.02250000089406967 0.03460000082850456
v -0.01744999922811985 -0.02250000089406967 0.03460000082850456
v -0.01744999922811985 -0.03036840446293354 0.03460000082850456
v 0.017249999567866325 -0.029877876862883568 -8.673617379884035e-19
v 0.020210063084959984 -0.028381062671542168 0.0005000000237487257
v 0.017500000074505806 -0.030310889706015587 0.0005000000237487257
v -0.018013695254921913 -0.03000694327056408 0.012915718369185925
v -0.02030199207365513 -0.028510158881545067 0.0005000000237487257
v -0.017500000074505806 -0.030310889706015587 0.012799999676644802
v -0.02030199207365513 -0.028510158881545067 0.0005000000237487257
v -0.017420759424567223 -0.030173638835549355 0.0005000000237487257
v -0.017500000074505806 -0.030310889706015587 0.012799999676644802
v -0.017500000074505806 -0.02250000089406967 0.012799999676644802
v -0.018013695254921913 -0.03000694327056408 0.012915718369185925
v -0.017500000074505806 -0.030310889706015587 0.012799999676644802
v -0.017500000074505806 -0.030310889706015587 0.06705735623836517
v -0.018018361181020737 -0.030005378648638725 0.03470323979854584
v -0.017500000074505806 -0.030310889706015587 0.03480000048875809
v -0.018018361181020737 -0.030005378648638725 0.03470323979854584
v -0.01801917515695095 -0.02250000089406967 0.03470728546380997
v -0.017500000074505806 -0.030310889706015587 0.03480000048875809
v -0.01801917515695095 -0.02250000089406967 0.03470728546380997
v -0.017500000074505806 -0.02250000089406967 0.03480000048875809
v -0.017500000074505806 -0.030310889706015587 0.03480000048875809
v -0.02030199207365513 -0.028510158881545067 0.06705735623836517
v -0.018018361181020737 -0.030005378648638725 0.03470323979854584
v -0.017500000074505806 -0.030310889706015587 0.06705735623836517
v -0.01738581992685795 -0.03011312149465084 0.06820540875196457
v -0.02016953006386757 -0.02832414023578167 0.06820540875196457
v -0.017500000074505806 -0.030310889706015587 0.06705735623836517
v -0.02016953006386757 -0.02832414023578167 0.06820540875196457
v -0.02030199207365513 -0.028510158881545067 0.06705735623836517
v -0.017500000074505806 -0.030310889706015587 0.06705735623836517
v 0.02030199207365513 -0.028510158881545067 0.06705735623836517
v 0.01738581992685795 -0.03011312149465084 0.06820540875196457
v 0.017500000074505806 -0.030310889706015587 0.06705735623836517
v -0.02030199207365513 -0.028510158881545067 0.0005000000237487257
v -0.020011963322758675 -0.028102871030569077 -8.673617379884035e-19
v -0.017420759424567223 -0.030173638835549355 0.0005000000237487257
v -0.019792307168245316 -0.027794407680630684 0.06917867809534073
v -0.02016953006386757 -0.02832414023578167 0.06820540875196457
v -0.01738581992685795 -0.03011312149465084 0.06820540875196457
v -0.01706065982580185 -0.02954993024468422 0.06917867809534073
v -0.019792307168245316 -0.027794407680630684 0.06917867809534073
v -0.01738581992685795 -0.03011312149465084 0.06820540875196457
v -0.017016854137182236 -0.029572512954473495 0.06917867809534073
v -0.01706065982580185 -0.02954993024468422 0.06917867809534073
v -0.01738581992685795 -0.03011312149465084 0.06820540875196457
v 0.02030199207365513 -0.028510158881545067 0.06705735623836517
v 0.02016953006386757 -0.02832414023578167 0.06820540875196457
v 0.01738581992685795 -0.03011312149465084 0.06820540875196457
v 0.02016953006386757 -0.02832414023578167 0.06820540875196457
v 0.01706065982580185 -0.02954993024468422 0.06917867809534073
v 0.01738581992685795 -0.03011312149465084 0.06820540875196457
v -0.01809360645711422 -0.02999047003686428 0.03445501998066902
v -0.01849484071135521 -0.02974429912865162 0.03414088860154152
v -0.017963698133826256 -0.030066752806305885 0.03448428213596344
v -0.01744999922811985 -0.02250000089406967 0.03460000082850456
v -0.017969176173210144 -0.02250000089406967 0.03450728580355644
v -0.017963698133826256 -0.030066752806305885 0.03448428213596344
v -0.017969176173210144 -0.02250000089406967 0.03450728580355644
v -0.01809360645711422 -0.02999047003686428 0.03445501998066902
v -0.017963698133826256 -0.030066752806305885 0.03448428213596344
v -0.022816341370344162 -0.02633146196603775 0.0005000000237487257
v -0.02030199207365513 -0.028510158881545067 0.0005000000237487257
v -0.018013695254921913 -0.03000694327056408 0.012915718369185925
v -0.01814362406730652 -0.02993006631731987 0.012944987043738365
v -0.022816341370344162 -0.02633146196603775 0.0005000000237487257
v -0.018013695254921913 -0.03000694327056408 0.012915718369185925
v -0.017500000074505806 -0.02250000089406967 0.012799999676644802
v -0.01801917515695095 -0.02250000089406967 0.012892712838947773
v -0.018013695254921913 -0.03000694327056408 0.012915718369185925
v -0.01801917515695095 -0.02250000089406967 0.012892712838947773
v -0.01814362406730652 -0.02993006631731987 0.012944987043738365
v -0.018013695254921913 -0.03000694327056408 0.012915718369185925
v -0.02030199207365513 -0.028510158881545067 0.06705735623836517
v -0.018041139468550682 -0.02999195270240307 0.03469898924231529
v -0.018018361181020737 -0.030005378648638725 0.03470323979854584
v -0.018041139468550682 -0.02999195270240307 0.03469898924231529
v -0.01801917515695095 -0.02250000089406967 0.03470728546380997
v -0.018018361181020737 -0.030005378648638725 0.03470323979854584
v -0.02292012609541416 -0.02645123563706875 0.06705735623836517
v -0.01852070726454258 -0.02969820611178875 0.034399162977933884
v -0.018041139468550682 -0.02999195270240307 0.03469898924231529
v -0.02030199207365513 -0.028510158881545067 0.06705735623836517
v -0.02292012609541416 -0.02645123563706875 0.06705735623836517
v -0.018041139468550682 -0.02999195270240307 0.03469898924231529
v -0.01852070726454258 -0.02969820611178875 0.034399162977933884
v -0.01801917515695095 -0.02250000089406967 0.03470728546380997
v -0.018041139468550682 -0.02999195270240307 0.03469898924231529
v -0.017969176173210144 -0.02250000089406967 0.03450728580355644
v -0.01849484071135521 -0.02974429912865162 0.03414088860154152
v -0.01809360645711422 -0.02999047003686428 0.03445501998066902
v -0.01854483224451542 -0.029682056978344917 0.013259113766252995
v -0.022816341370344162 -0.02633146196603775 0.0005000000237487257
v -0.01814362406730652 -0.02993006631731987 0.012944987043738365
v -0.01801917515695095 -0.02250000089406967 0.012892712838947773
v -0.01854483224451542 -0.029682056978344917 0.013259113766252995
v -0.01814362406730652 -0.02993006631731987 0.012944987043738365
v 0.00911379512399435 -0.021128153428435326 0.0
v 0.013740619644522667 -0.018456853926181793 -8.673617379884035e-19
v 0.017249999567866325 -0.029877876862883568 -8.673617379884035e-19
v 0.013740619644522667 -0.018456853926181793 -8.673617379884035e-19
v 0.02259269542992115 -0.026073360815644264 1.734723475976807e-18
v 0.017249999567866325 -0.029877876862883568 -8.673617379884035e-19
v 0.02259269542992115 -0.026073360815644264 1.734723475976807e-18
v 0.020210063084959984 -0.028381062671542168 0.0005000000237487257
v 0.017249999567866325 -0.029877876862883568 -8.673617379884035e-19
v -0.018611537292599678 -0.02967270277440548 0.03404952585697174
v -0.01883755438029766 -0.029529789462685585 0.03360920771956444
v -0.01849484071135521 -0.02974429912865162 0.03414088860154152
v -0.017969176173210144 -0.02250000089406967 0.03450728580355644
v -0.018510660156607628 -0.02250000089406967 0.03416065871715546
v -0.01849484071135521 -0.02974429912865162 0.03414088860154152
v -0.018510660156607628 -0.02250000089406967 0.03416065871715546
v -0.018611537292599678 -0.02967270277440548 0.03404952585697174
v -0.01849484071135521 -0.02974429912865162 0.03414088860154152
v -0.02292012609541416 -0.02645123563706875 0.06705735623836517
v -0.01855218969285488 -0.029678307473659515 0.034354593604803085
v -0.01852070726454258 -0.02969820611178875 0.034399162977933884
v -0.018560661002993584 -0.02250000089406967 0.03436065837740898
v -0.01801917515695095 -0.02250000089406967 0.03470728546380997
v -0.01852070726454258 -0.02969820611178875 0.034399162977933884
v -0.01855218969285488 -0.029678307473659515 0.034354593604803085
v -0.018560661002993584 -0.02250000089406967 0.03436065837740898
v -0.01852070726454258 -0.02969820611178875 0.034399162977933884
v -0.018661579117178917 -0.029609888792037964 0.013350521214306355
v -0.022816341370344162 -0.02633146196603775 0.0005000000237487257
v -0.01854483224451542 -0.029682056978344917 0.013259113766252995
v -0.01801917515695095 -0.02250000089406967 0.012892712838947773
v -0.018560661002993584 -0.02250000089406967 0.013239339925348759
v -0.01854483224451542 -0.029682056978344917 0.013259113766252995
v -0.018560661002993584 -0.02250000089406967 0.013239339925348759
v -0.018661579117178917 -0.029609888792037964 0.013350521214306355
v -0.01854483224451542 -0.029682056978344917 0.013259113766252995
v -0.02292012609541416 -0.02645123563706875 0.06705735623836517
v -0.018877148628234863 -0.029472924768924713 0.03389454260468483
v -0.01855218969285488 -0.029678307473659515 0.034354593604803085
v -0.018877148628234863 -0.029472924768924713 0.03389454260468483
v -0.018560661002993584 -0.02250000089406967 0.03436065837740898
v -0.01855218969285488 -0.029678307473659515 0.034354593604803085
v -0.018510660156607628 -0.02250000089406967 0.03416065871715546
v -0.01883755438029766 -0.029529789462685585 0.03360920771956444
v -0.018611537292599678 -0.02967270277440548 0.03404952585697174
v -0.018887590616941452 -0.02946590445935726 0.013790774159133434
v -0.022816341370344162 -0.02633146196603775 0.0005000000237487257
v -0.018661579117178917 -0.029609888792037964 0.013350521214306355
v -0.018560661002993584 -0.02250000089406967 0.013239339925348759
v -0.018887590616941452 -0.02946590445935726 0.013790774159133434
v -0.018661579117178917 -0.029609888792037964 0.013350521214306355
v -0.01670803129673004 -0.029036041349172592 0.0697999969124794
v -0.01706065982580185 -0.02954993024468422 0.06917867809534073
v -0.017016854137182236 -0.029572512954473495 0.06917867809534073
v -0.01670803129673004 -0.029036041349172592 0.0697999969124794
v -0.019792307168245316 -0.027794407680630684 0.06917867809534073
v -0.01706065982580185 -0.02954993024468422 0.06917867809534073
v 0.019792307168245316 -0.027794407680630684 0.06917867809534073
v 0.0196057315915823 -0.0271636750549078 0.0697999969124794
v 0.01706065982580185 -0.02954993024468422 0.06917867809534073
v 0.02016953006386757 -0.02832414023578167 0.06820540875196457
v 0.019792307168245316 -0.027794407680630684 0.06917867809534073
v 0.01706065982580185 -0.02954993024468422 0.06917867809534073
v -0.018857287243008614 -0.02250000089406967 0.03361917659640312
v -0.018898723646998405 -0.029491111636161804 0.03349003940820694
v -0.01883755438029766 -0.029529789462685585 0.03360920771956444
v -0.018510660156607628 -0.02250000089406967 0.03416065871715546
v -0.018857287243008614 -0.02250000089406967 0.03361917659640312
v -0.01883755438029766 -0.029529789462685585 0.03360920771956444
v -0.018857287243008614 -0.02250000089406967 0.03361917659640312
v -0.018950000405311584 -0.02945827506482601 0.03310000151395798
v -0.018898723646998405 -0.029491111636161804 0.03349003940820694
v -0.02292012609541416 -0.02645123563706875 0.06705735623836517
v -0.018893320113420486 -0.02946251817047596 0.03381627798080444
v -0.018877148628234863 -0.029472924768924713 0.03389454260468483
v -0.018893320113420486 -0.02946251817047596 0.03381627798080444
v -0.01890728622674942 -0.02250000089406967 0.03381917625665665
v -0.018877148628234863 -0.029472924768924713 0.03389454260468483
v -0.01890728622674942 -0.02250000089406967 0.03381917625665665
v -0.018560661002993584 -0.02250000089406967 0.03436065837740898
v -0.018877148628234863 -0.029472924768924713 0.03389454260468483
v -0.018948666751384735 -0.029426995664834976 0.013909743167459965
v -0.022816341370344162 -0.02633146196603775 0.0005000000237487257
v -0.018887590616941452 -0.02946590445935726 0.013790774159133434
v -0.01890728622674942 -0.02250000089406967 0.013780824840068817
v -0.018948666751384735 -0.029426995664834976 0.013909743167459965
v -0.018887590616941452 -0.02946590445935726 0.013790774159133434
v -0.018560661002993584 -0.02250000089406967 0.013239339925348759
v -0.01890728622674942 -0.02250000089406967 0.013780824840068817
v -0.018887590616941452 -0.02946590445935726 0.013790774159133434
v -0.02292012609541416 -0.02645123563706875 0.06705735623836517
v -0.01899999938905239 -0.02939387783408165 0.0333000011742115
v -0.018893320113420486 -0.02946251817047596 0.03381627798080444
v -0.01899999938905239 -0.02939387783408165 0.0333000011742115
v -0.01899999938905239 -0.02250000089406967 0.0333000011742115
v -0.018893320113420486 -0.02946251817047596 0.03381627798080444
v -0.01899999938905239 -0.02250000089406967 0.0333000011742115
v -0.01890728622674942 -0.02250000089406967 0.03381917625665665
v -0.018893320113420486 -0.02946251817047596 0.03381627798080444
v -0.018950000405311584 -0.02945827506482601 0.03310000151395798
v -0.018950000405311584 -0.02250000089406967 0.03060000017285347
v -0.018950000405311584 -0.02945827506482601 0.03060000017285347
v -0.018857287243008614 -0.02250000089406967 0.03361917659640312
v -0.018950000405311584 -0.02250000089406967 0.03310000151395798
v -0.018950000405311584 -0.02945827506482601 0.03310000151395798
v -0.018950000405311584 -0.02250000089406967 0.03310000151395798
v -0.018950000405311584 -0.02250000089406967 0.03060000017285347
v -0.018950000405311584 -0.02945827506482601 0.03310000151395798
v -0.01899999938905239 -0.02939387783408165 0.014299999922513962
v -0.022816341370344162 -0.02633146196603775 0.0005000000237487257
v -0.018948666751384735 -0.029426995664834976 0.013909743167459965
v -0.01890728622674942 -0.02250000089406967 0.013780824840068817
v -0.01899999938905239 -0.02939387783408165 0.014299999922513962
v -0.018948666751384735 -0.029426995664834976 0.013909743167459965
v -0.01899999938905239 -0.02939387783408165 0.0333000011742115
v -0.022816341370344162 -0.02633146196603775 0.0005000000237487257
v -0.01899999938905239 -0.02939387783408165 0.014299999922513962
v -0.01899999938905239 -0.02250000089406967 0.0333000011742115
v -0.01899999938905239 -0.02939387783408165 0.0333000011742115
v -0.01899999938905239 -0.02939387783408165 0.014299999922513962
v -0.01899999938905239 -0.02250000089406967 0.014299999922513962
v -0.01899999938905239 -0.02250000089406967 0.0333000011742115
v -0.01899999938905239 -0.02939387783408165 0.014299999922513962
v -0.01890728622674942 -0.02250000089406967 0.013780824840068817
v -0.01899999938905239 -0.02250000089406967 0.014299999922513962
v -0.01899999938905239 -0.02939387783408165 0.014299999922513962
v -0.02292012609541416 -0.02645123563706875 0.06705735623836517
v -0.022816341370344162 -0.02633146196603775 0.0005000000237487257
v -0.01899999938905239 -0.02939387783408165 0.0333000011742115
v -0.000750000006519258 -0.01129903830587864 0.0697999969124794
v -0.0012990380637347698 -0.01075000036507845 0.0697999969124794
v -0.01670803129673004 -0.029036041349172592 0.0697999969124794
v -0.0012990380637347698 -0.01075000036507845 0.0697999969124794
v -0.02192205935716629 -0.025331269949674606 0.0697999969124794
v -0.01670803129673004 -0.029036041349172592 0.0697999969124794
v -0.02192205935716629 -0.025331269949674606 0.0697999969124794
v -0.019792307168245316 -0.027794407680630684 0.06917867809534073
v -0.01670803129673004 -0.029036041349172592 0.0697999969124794
v -0.022816341370344162 -0.02633146196603775 0.0005000000237487257
v -0.020011963322758675 -0.028102871030569077 -8.673617379884035e-19
v -0.02030199207365513 -0.028510158881545067 0.0005000000237487257
v -0.02016953006386757 -0.02832414023578167 0.06820540875196457
v -0.022770579904317856 -0.026278650388121605 0.06820540875196457
v -0.02030199207365513 -0.028510158881545067 0.06705735623836517
v -0.022770579904317856 -0.026278650388121605 0.06820540875196457
v -0.02292012609541416 -0.02645123563706875 0.06705735623836517
v -0.02030199207365513 -0.028510158881545067 0.06705735623836517
v 0.020210063084959984 -0.028381062671542168 0.0005000000237487257
v 0.02292012609541416 -0.02645123563706875 0.06705735623836517
v 0.02030199207365513 -0.028510158881545067 0.06705735623836517
v 0.02292012609541416 -0.02645123563706875 0.06705735623836517
v 0.02016953006386757 -0.02832414023578167 0.06820540875196457
v 0.02030199207365513 -0.028510158881545067 0.06705735623836517
v -0.008549673482775688 -0.02250000089406967 0.016657410189509392
v -0.008549673482775688 -0.02850000001490116 0.016657410189509392
v -0.011162951588630676 -0.02850000001490116 0.0163401011377573
v -0.011162951588630676 -0.02250000089406967 0.0163401011377573
v -0.008549673482775688 -0.02250000089406967 0.016657410189509392
v -0.011162951588630676 -0.02850000001490116 0.0163401011377573
v -0.013624356128275394 -0.02850000001490116 0.017273588106036186
v -0.011162951588630676 -0.02250000089406967 0.0163401011377573
v -0.011162951588630676 -0.02850000001490116 0.0163401011377573
v -0.010499999858438969 -0.02850000001490116 0.01730000041425228
v -0.013624356128275394 -0.02850000001490116 0.017273588106036186
v -0.011162951588630676 -0.02850000001490116 0.0163401011377573
v -0.008249999955296516 -0.02850000001490116 0.017902886494994164
v -0.010499999858438969 -0.02850000001490116 0.01730000041425228
v -0.011162951588630676 -0.02850000001490116 0.0163401011377573
v -0.008549673482775688 -0.02850000001490116 0.016657410189509392
v -0.008249999955296516 -0.02850000001490116 0.017902886494994164
v -0.011162951588630676 -0.02850000001490116 0.0163401011377573
v -0.006383190862834454 -0.02250000089406967 0.01815282553434372
v -0.006383190862834454 -0.02850000001490116 0.01815282553434372
v -0.008549673482775688 -0.02850000001490116 0.016657410189509392
v -0.008549673482775688 -0.02250000089406967 0.016657410189509392
v -0.006383190862834454 -0.02250000089406967 0.01815282553434372
v -0.008549673482775688 -0.02850000001490116 0.016657410189509392
v -0.006602885667234659 -0.02850000001490116 0.01954999938607216
v -0.008249999955296516 -0.02850000001490116 0.017902886494994164
v -0.008549673482775688 -0.02850000001490116 0.016657410189509392
v -0.006383190862834454 -0.02850000001490116 0.01815282553434372
v -0.006602885667234659 -0.02850000001490116 0.01954999938607216
v -0.008549673482775688 -0.02850000001490116 0.016657410189509392
v -0.013624356128275394 -0.02250000089406967 0.017273588106036186
v -0.011162951588630676 -0.02250000089406967 0.0163401011377573
v -0.013624356128275394 -0.02850000001490116 0.017273588106036186
v -0.015370008535683155 -0.02850000001490116 0.01924402266740799
v -0.013624356128275394 -0.02250000089406967 0.017273588106036186
v -0.013624356128275394 -0.02850000001490116 0.017273588106036186
v -0.012749999761581421 -0.02850000001490116 0.017902886494994164
v -0.015370008535683155 -0.02850000001490116 0.01924402266740799
v -0.013624356128275394 -0.02850000001490116 0.017273588106036186
v -0.010499999858438969 -0.02850000001490116 0.01730000041425228
v -0.012749999761581421 -0.02850000001490116 0.017902886494994164
v -0.013624356128275394 -0.02850000001490116 0.017273588106036186
v -0.014397114515304565 -0.02850000001490116 0.01954999938607216
v -0.015370008535683155 -0.02850000001490116 0.01924402266740799
v -0.012749999761581421 -0.02850000001490116 0.017902886494994164
v -0.0051598199643194675 -0.02250000089406967 0.02048376388847828
v -0.0051598199643194675 -0.02850000001490116 0.02048376388847828
v -0.006383190862834454 -0.02850000001490116 0.01815282553434372
v -0.006383190862834454 -0.02250000089406967 0.01815282553434372
v -0.0051598199643194675 -0.02250000089406967 0.02048376388847828
v -0.006383190862834454 -0.02850000001490116 0.01815282553434372
v -0.006000000052154064 -0.02850000001490116 0.021800000220537186
v -0.006602885667234659 -0.02850000001490116 0.01954999938607216
v -0.006383190862834454 -0.02850000001490116 0.01815282553434372
v -0.0051598199643194675 -0.02850000001490116 0.02048376388847828
v -0.006000000052154064 -0.02850000001490116 0.021800000220537186
v -0.006383190862834454 -0.02850000001490116 0.01815282553434372
v -0.015370008535683155 -0.02250000089406967 0.01924402266740799
v -0.013624356128275394 -0.02250000089406967 0.017273588106036186
v -0.015370008535683155 -0.02850000001490116 0.01924402266740799
v -0.01600000075995922 -0.02850000001490116 0.021800000220537186
v -0.015370008535683155 -0.02250000089406967 0.01924402266740799
v -0.015370008535683155 -0.02850000001490116 0.01924402266740799
v -0.014397114515304565 -0.02850000001490116 0.01954999938607216
v -0.01600000075995922 -0.02850000001490116 0.021800000220537186
v -0.015370008535683155 -0.02850000001490116 0.01924402266740799
v -0.014999999664723873 -0.02850000001490116 0.021800000220537186
v -0.01600000075995922 -0.02850000001490116 0.021800000220537186
v -0.014397114515304565 -0.02850000001490116 0.01954999938607216
v -0.0051598199643194675 -0.02250000089406967 0.02048376388847828
v -0.004999999888241291 -0.02850000001490116 0.021800000220537186
v -0.0051598199643194675 -0.02850000001490116 0.02048376388847828
v -0.004999999888241291 -0.02850000001490116 0.021800000220537186
v -0.006000000052154064 -0.02850000001490116 0.021800000220537186
v -0.0051598199643194675 -0.02850000001490116 0.02048376388847828
v -0.01600000075995922 -0.02250000089406967 0.021800000220537186
v -0.015370008535683155 -0.02250000089406967 0.01924402266740799
v -0.01600000075995922 -0.02850000001490116 0.021800000220537186
v -0.015370008535683155 -0.02850000001490116 0.024355977773666382
v -0.01600000075995922 -0.02250000089406967 0.021800000220537186
v -0.01600000075995922 -0.02850000001490116 0.021800000220537186
v -0.014999999664723873 -0.02850000001490116 0.021800000220537186
v -0.015370008535683155 -0.02850000001490116 0.024355977773666382
v -0.01600000075995922 -0.02850000001490116 0.021800000220537186
v -0.014397114515304565 -0.02850000001490116 0.024049999192357063
v -0.015370008535683155 -0.02850000001490116 0.024355977773666382
v -0.014999999664723873 -0.02850000001490116 0.021800000220537186
v -0.004999999888241291 -0.02850000001490116 0.021800000220537186
v -0.0051598199643194675 -0.02850000001490116 0.023116236552596092
v -0.006000000052154064 -0.02850000001490116 0.021800000220537186
v -0.0051598199643194675 -0.02850000001490116 0.023116236552596092
v -0.006602885667234659 -0.02850000001490116 0.024049999192357063
v -0.006000000052154064 -0.02850000001490116 0.021800000220537186
v -0.0051598199643194675 -0.02250000089406967 0.023116236552596092
v -0.0051598199643194675 -0.02850000001490116 0.023116236552596092
v -0.004999999888241291 -0.02850000001490116 0.021800000220537186
v -0.0051598199643194675 -0.02250000089406967 0.02048376388847828
v -0.0051598199643194675 -0.02250000089406967 0.023116236552596092
v -0.004999999888241291 -0.02850000001490116 0.021800000220537186
v -0.006383190862834454 -0.02250000089406967 0.025447174906730652
v -0.006383190862834454 -0.02850000001490116 0.025447174906730652
v -0.0051598199643194675 -0.02850000001490116 0.023116236552596092
v -0.0051598199643194675 -0.02250000089406967 0.023116236552596092
v -0.006383190862834454 -0.02250000089406967 0.025447174906730652
v -0.0051598199643194675 -0.02850000001490116 0.023116236552596092
v -0.006383190862834454 -0.02850000001490116 0.025447174906730652
v -0.006602885667234659 -0.02850000001490116 0.024049999192357063
v -0.0051598199643194675 -0.02850000001490116 0.023116236552596092
v -0.012749999761581421 -0.02850000001490116 0.025697113946080208
v -0.013624356128275394 -0.02850000001490116 0.026326410472393036
v -0.014397114515304565 -0.02850000001490116 0.024049999192357063
v -0.013624356128275394 -0.02850000001490116 0.026326410472393036
v -0.015370008535683155 -0.02850000001490116 0.024355977773666382
v -0.014397114515304565 -0.02850000001490116 0.024049999192357063
v -0.006383190862834454 -0.02850000001490116 0.025447174906730652
v -0.008249999955296516 -0.02850000001490116 0.025697113946080208
v -0.006602885667234659 -0.02850000001490116 0.024049999192357063
v -0.015370008535683155 -0.02250000089406967 0.024355977773666382
v -0.01600000075995922 -0.02250000089406967 0.021800000220537186
v -0.015370008535683155 -0.02850000001490116 0.024355977773666382
v -0.013624356128275394 -0.02850000001490116 0.026326410472393036
v -0.015370008535683155 -0.02250000089406967 0.024355977773666382
v -0.015370008535683155 -0.02850000001490116 0.024355977773666382
v -0.008549673482775688 -0.02250000089406967 0.02694259025156498
v -0.008549673482775688 -0.02850000001490116 0.02694259025156498
v -0.006383190862834454 -0.02850000001490116 0.025447174906730652
v -0.006383190862834454 -0.02250000089406967 0.025447174906730652
v -0.008549673482775688 -0.02250000089406967 0.02694259025156498
v -0.006383190862834454 -0.02850000001490116 0.025447174906730652
v -0.008549673482775688 -0.02850000001490116 0.02694259025156498
v -0.008249999955296516 -0.02850000001490116 0.025697113946080208
v -0.006383190862834454 -0.02850000001490116 0.025447174906730652
v -0.010499999858438969 -0.02850000001490116 0.02630000002682209
v -0.011162951588630676 -0.02850000001490116 0.02725989930331707
v -0.012749999761581421 -0.02850000001490116 0.025697113946080208
v -0.011162951588630676 -0.02850000001490116 0.02725989930331707
v -0.013624356128275394 -0.02850000001490116 0.026326410472393036
v -0.012749999761581421 -0.02850000001490116 0.025697113946080208
v -0.008549673482775688 -0.02850000001490116 0.02694259025156498
v -0.010499999858438969 -0.02850000001490116 0.02630000002682209
v -0.008249999955296516 -0.02850000001490116 0.025697113946080208
v -0.008549673482775688 -0.02850000001490116 0.02694259025156498
v -0.011162951588630676 -0.02850000001490116 0.02725989930331707
v -0.010499999858438969 -0.02850000001490116 0.02630000002682209
v -0.013624356128275394 -0.02250000089406967 0.026326410472393036
v -0.015370008535683155 -0.02250000089406967 0.024355977773666382
v -0.013624356128275394 -0.02850000001490116 0.026326410472393036
v -0.011162951588630676 -0.02850000001490116 0.02725989930331707
v -0.013624356128275394 -0.02250000089406967 0.026326410472393036
v -0.013624356128275394 -0.02850000001490116 0.026326410472393036
v -0.011162951588630676 -0.02250000089406967 0.02725989930331707
v -0.011162951588630676 -0.02850000001490116 0.02725989930331707
v -0.008549673482775688 -0.02850000001490116 0.02694259025156498
v -0.008549673482775688 -0.02250000089406967 0.02694259025156498
v -0.011162951588630676 -0.02250000089406967 0.02725989930331707
v -0.008549673482775688 -0.02850000001490116 0.02694259025156498
v -0.011162951588630676 -0.02250000089406967 0.02725989930331707
v -0.013624356128275394 -0.02250000089406967 0.026326410472393036
v -0.011162951588630676 -0.02850000001490116 0.02725989930331707
v 0.02292012609541416 -0.02645123563706875 0.0005000000237487257
v 0.02292012609541416 -0.02645123563706875 0.06705735623836517
v 0.020210063084959984 -0.028381062671542168 0.0005000000237487257
v 0.02259269542992115 -0.026073360815644264 1.734723475976807e-18
v 0.02292012609541416 -0.02645123563706875 0.0005000000237487257
v 0.020210063084959984 -0.028381062671542168 0.0005000000237487257
v -0.022328024730086327 -0.025800297036767006 0.06917867809534073
v -0.022770579904317856 -0.026278650388121605 0.06820540875196457
v -0.02016953006386757 -0.02832414023578167 0.06820540875196457
v -0.019792307168245316 -0.027794407680630684 0.06917867809534073
v -0.022328024730086327 -0.025800297036767006 0.06917867809534073
v -0.02016953006386757 -0.02832414023578167 0.06820540875196457
v 0.02292012609541416 -0.02645123563706875 0.06705735623836517
v 0.022770579904317856 -0.026278650388121605 0.06820540875196457
v 0.02016953006386757 -0.02832414023578167 0.06820540875196457
v 0.019963379949331284 -0.02765987440943718 0.06917867809534073
v 0.019792307168245316 -0.027794407680630684 0.06917867809534073
v 0.02016953006386757 -0.02832414023578167 0.06820540875196457
v 0.022770579904317856 -0.026278650388121605 0.06820540875196457
v 0.019963379949331284 -0.02765987440943718 0.06917867809534073
v 0.02016953006386757 -0.02832414023578167 0.06820540875196457
v -0.022816341370344162 -0.02633146196603775 0.0005000000237487257
v -0.024968823418021202 -0.023807726800441742 -8.673617379884035e-19
v -0.020011963322758675 -0.028102871030569077 -8.673617379884035e-19
v -0.015790419653058052 -0.016736866906285286 -8.673617379884035e-19
v -0.011505000293254852 -0.019927244633436203 -1.734723475976807e-18
v -0.020011963322758675 -0.028102871030569077 -8.673617379884035e-19
v -0.024968823418021202 -0.023807726800441742 -8.673617379884035e-19
v -0.015790419653058052 -0.016736866906285286 -8.673617379884035e-19
v -0.020011963322758675 -0.028102871030569077 -8.673617379884035e-19
v -0.02192205935716629 -0.025331269949674606 0.0697999969124794
v -0.022328024730086327 -0.025800297036767006 0.06917867809534073
v -0.019792307168245316 -0.027794407680630684 0.06917867809534073
v 0.019963379949331284 -0.02765987440943718 0.06917867809534073
v 0.0196057315915823 -0.0271636750549078 0.0697999969124794
v 0.019792307168245316 -0.027794407680630684 0.06917867809534073
v 0.022344712167978287 -0.025787172839045525 0.06917867809534073
v 0.0196057315915823 -0.0271636750549078 0.0697999969124794
v 0.019963379949331284 -0.02765987440943718 0.06917867809534073
v 0.022770579904317856 -0.026278650388121605 0.06820540875196457
v 0.022344712167978287 -0.025787172839045525 0.06917867809534073
v 0.019963379949331284 -0.02765987440943718 0.06917867809534073
v 0.0012990380637347698 -0.01075000036507845 0.0697999969124794
v 0.000750000006519258 -0.01129903830587864 0.0697999969124794
v 0.0196057315915823 -0.0271636750549078 0.0697999969124794
v 0.02441108226776123 -0.022942299023270607 0.0697999969124794
v 0.0012990380637347698 -0.01075000036507845 0.0697999969124794
v 0.0196057315915823 -0.0271636750549078 0.0697999969124794
v 0.022344712167978287 -0.025787172839045525 0.06917867809534073
v 0.02441108226776123 -0.022942299023270607 0.0697999969124794
v 0.0196057315915823 -0.0271636750549078 0.0697999969124794
v 0.02521599270403385 -0.024043399840593338 0.0005000000237487257
v 0.025330690667033195 -0.024152765050530434 0.06705735623836517
v 0.02292012609541416 -0.02645123563706875 0.0005000000237487257
v 0.025330690667033195 -0.024152765050530434 0.06705735623836517
v 0.02292012609541416 -0.02645123563706875 0.06705735623836517
v 0.02292012609541416 -0.02645123563706875 0.0005000000237487257
v 0.02259269542992115 -0.026073360815644264 1.734723475976807e-18
v 0.02521599270403385 -0.024043399840593338 0.0005000000237487257
v 0.02292012609541416 -0.02645123563706875 0.0005000000237487257
v -0.025330690667033195 -0.024152765050530434 0.06705735623836517
v -0.025330690667033195 -0.024152765050530434 0.0005000000237487257
v -0.02292012609541416 -0.02645123563706875 0.06705735623836517
v -0.025330690667033195 -0.024152765050530434 0.0005000000237487257
v -0.022816341370344162 -0.02633146196603775 0.0005000000237487257
v -0.02292012609541416 -0.02645123563706875 0.06705735623836517
v -0.022770579904317856 -0.026278650388121605 0.06820540875196457
v -0.025165418162941933 -0.023995177820324898 0.06820540875196457
v -0.02292012609541416 -0.02645123563706875 0.06705735623836517
v -0.025165418162941933 -0.023995177820324898 0.06820540875196457
v -0.025330690667033195 -0.024152765050530434 0.06705735623836517
v -0.02292012609541416 -0.02645123563706875 0.06705735623836517
v 0.025330690667033195 -0.024152765050530434 0.06705735623836517
v 0.022770579904317856 -0.026278650388121605 0.06820540875196457
v 0.02292012609541416 -0.02645123563706875 0.06705735623836517
v -0.025330690667033195 -0.024152765050530434 0.0005000000237487257
v -0.024968823418021202 -0.023807726800441742 -8.673617379884035e-19
v -0.022816341370344162 -0.02633146196603775 0.0005000000237487257
v -0.024694761261343956 -0.023546406999230385 0.06917867809534073
v -0.025165418162941933 -0.023995177820324898 0.06820540875196457
v -0.022770579904317856 -0.026278650388121605 0.06820540875196457
v -0.022344712167978287 -0.025787172839045525 0.06917867809534073
v -0.024694761261343956 -0.023546406999230385 0.06917867809534073
v -0.022770579904317856 -0.026278650388121605 0.06820540875196457
v -0.022328024730086327 -0.025800297036767006 0.06917867809534073
v -0.022344712167978287 -0.025787172839045525 0.06917867809534073
v -0.022770579904317856 -0.026278650388121605 0.06820540875196457
v 0.025330690667033195 -0.024152765050530434 0.06705735623836517
v 0.025165418162941933 -0.023995177820324898 0.06820540875196457
v 0.022770579904317856 -0.026278650388121605 0.06820540875196457
v 0.025165418162941933 -0.023995177820324898 0.06820540875196457
v 0.022344712167978287 -0.025787172839045525 0.06917867809534073
v 0.022770579904317856 -0.026278650388121605 0.06820540875196457
v 0.013740619644522667 -0.018456853926181793 -8.673617379884035e-19
v 0.027118831872940063 -0.02132648415863514 2.6020852139652106e-18
v 0.02259269542992115 -0.026073360815644264 1.734723475976807e-18
v 0.027118831872940063 -0.02132648415863514 2.6020852139652106e-18
v 0.02521599270403385 -0.024043399840593338 0.0005000000237487257
v 0.02259269542992115 -0.026073360815644264 1.734723475976807e-18
v -0.02192205935716629 -0.025331269949674606 0.0697999969124794
v -0.022344712167978287 -0.025787172839045525 0.06917867809534073
v -0.022328024730086327 -0.025800297036767006 0.06917867809534073
v -0.02192205935716629 -0.025331269949674606 0.0697999969124794
v -0.024694761261343956 -0.023546406999230385 0.06917867809534073
v -0.022344712167978287 -0.025787172839045525 0.06917867809534073
v 0.024694761261343956 -0.023546406999230385 0.06917867809534073
v 0.02441108226776123 -0.022942299023270607 0.0697999969124794
v 0.022344712167978287 -0.025787172839045525 0.06917867809534073
v 0.025165418162941933 -0.023995177820324898 0.06820540875196457
v 0.024694761261343956 -0.023546406999230385 0.06917867809534073
v 0.022344712167978287 -0.025787172839045525 0.06917867809534073
v -0.0012990380637347698 -0.01075000036507845 0.0697999969124794
v -0.026336923241615295 -0.02070305310189724 0.0697999969124794
v -0.02192205935716629 -0.025331269949674606 0.0697999969124794
v -0.026336923241615295 -0.02070305310189724 0.0697999969124794
v -0.024694761261343956 -0.023546406999230385 0.06917867809534073
v -0.02192205935716629 -0.025331269949674606 0.0697999969124794
v -0.025330690667033195 -0.024152765050530434 0.06705735623836517
v -0.027387281879782677 -0.021537596359848976 0.0005000000237487257
v -0.025330690667033195 -0.024152765050530434 0.0005000000237487257
v -0.027387281879782677 -0.021537596359848976 0.0005000000237487257
v -0.024968823418021202 -0.023807726800441742 -8.673617379884035e-19
v -0.025330690667033195 -0.024152765050530434 0.0005000000237487257
v -0.027511857450008392 -0.021635564044117928 0.06705735623836517
v -0.027387281879782677 -0.021537596359848976 0.0005000000237487257
v -0.025330690667033195 -0.024152765050530434 0.06705735623836517
v -0.025165418162941933 -0.023995177820324898 0.06820540875196457
v -0.027332354336977005 -0.02149440161883831 0.06820540875196457
v -0.025330690667033195 -0.024152765050530434 0.06705735623836517
v -0.027332354336977005 -0.02149440161883831 0.06820540875196457
v -0.027511857450008392 -0.021635564044117928 0.06705735623836517
v -0.025330690667033195 -0.024152765050530434 0.06705735623836517
v 0.02856498770415783 -0.02022477425634861 0.004835590720176697
v 0.028697459027171135 -0.02003636211156845 0.005742126144468784
v 0.025330690667033195 -0.024152765050530434 0.06705735623836517
v 0.028697459027171135 -0.02003636211156845 0.005742126144468784
v 0.028822140768170357 -0.01985502801835537 0.006106524262577295
v 0.025330690667033195 -0.024152765050530434 0.06705735623836517
v 0.028822140768170357 -0.01985502801835537 0.006106524262577295
v 0.02898178994655609 -0.019622839987277985 0.006573118735104799
v 0.025330690667033195 -0.024152765050530434 0.06705735623836517
v 0.02898178994655609 -0.019622839987277985 0.006573118735104799
v 0.02936689369380474 -0.019041679799556732 0.007201253902167082
v 0.025330690667033195 -0.024152765050530434 0.06705735623836517
v 0.02936689369380474 -0.019041679799556732 0.007201253902167082
v 0.027511857450008392 -0.021635564044117928 0.06705735623836517
v 0.025330690667033195 -0.024152765050530434 0.06705735623836517
v 0.02521599270403385 -0.024043399840593338 0.0005000000237487257
v 0.02856498770415783 -0.02022477425634861 0.004835590720176697
v 0.025330690667033195 -0.024152765050530434 0.06705735623836517
v 0.027511857450008392 -0.021635564044117928 0.06705735623836517
v 0.025165418162941933 -0.023995177820324898 0.06820540875196457
v 0.025330690667033195 -0.024152765050530434 0.06705735623836517
v 0.027511857450008392 -0.021635564044117928 0.0005000000237487257
v 0.02881237305700779 -0.019869832322001457 0.002884573768824339
v 0.02521599270403385 -0.024043399840593338 0.0005000000237487257
v 0.02881237305700779 -0.019869832322001457 0.002884573768824339
v 0.02877129800617695 -0.019930187612771988 0.0029832362197339535
v 0.02521599270403385 -0.024043399840593338 0.0005000000237487257
v 0.02877129800617695 -0.019930187612771988 0.0029832362197339535
v 0.028591502457857132 -0.020187271758913994 0.0038628820329904556
v 0.02521599270403385 -0.024043399840593338 0.0005000000237487257
v 0.028591502457857132 -0.020187271758913994 0.0038628820329904556
v 0.02857409231364727 -0.020211895927786827 0.004501552786678076
v 0.02521599270403385 -0.024043399840593338 0.0005000000237487257
v 0.02857409231364727 -0.020211895927786827 0.004501552786678076
v 0.02856498770415783 -0.02022477425634861 0.004835590720176697
v 0.02521599270403385 -0.024043399840593338 0.0005000000237487257
v 0.027118831872940063 -0.02132648415863514 2.6020852139652106e-18
v 0.027511857450008392 -0.021635564044117928 0.0005000000237487257
v 0.02521599270403385 -0.024043399840593338 0.0005000000237487257
v -0.02682117000222206 -0.021092399954795837 0.06917867809534073
v -0.027332354336977005 -0.02149440161883831 0.06820540875196457
v -0.025165418162941933 -0.023995177820324898 0.06820540875196457
v -0.024694761261343956 -0.023546406999230385 0.06917867809534073
v -0.02682117000222206 -0.021092399954795837 0.06917867809534073
v -0.025165418162941933 -0.023995177820324898 0.06820540875196457
v 0.027511857450008392 -0.021635564044117928 0.06705735623836517
v 0.027332354336977005 -0.02149440161883831 0.06820540875196457
v 0.025165418162941933 -0.023995177820324898 0.06820540875196457
v 0.024855656549334526 -0.02336072362959385 0.06917867809534073
v 0.024694761261343956 -0.023546406999230385 0.06917867809534073
v 0.025165418162941933 -0.023995177820324898 0.06820540875196457
v 0.027332354336977005 -0.02149440161883831 0.06820540875196457
v 0.024855656549334526 -0.02336072362959385 0.06917867809534073
v 0.025165418162941933 -0.023995177820324898 0.06820540875196457
v -0.027387281879782677 -0.021537596359848976 0.0005000000237487257
v -0.029023246839642525 -0.018652107566595078 -8.673617379884035e-19
v -0.024968823418021202 -0.023807726800441742 -8.673617379884035e-19
v -0.01922457478940487 -0.012644201517105103 -2.6020852139652106e-18
v -0.015790419653058052 -0.016736866906285286 -8.673617379884035e-19
v -0.024968823418021202 -0.023807726800441742 -8.673617379884035e-19
v -0.029023246839642525 -0.018652107566595078 -8.673617379884035e-19
v -0.01922457478940487 -0.012644201517105103 -2.6020852139652106e-18
v -0.024968823418021202 -0.023807726800441742 -8.673617379884035e-19
v -0.026336923241615295 -0.02070305310189724 0.0697999969124794
v -0.02682117000222206 -0.021092399954795837 0.06917867809534073
v -0.024694761261343956 -0.023546406999230385 0.06917867809534073
v 0.024855656549334526 -0.02336072362959385 0.06917867809534073
v 0.02441108226776123 -0.022942299023270607 0.0697999969124794
v 0.024694761261343956 -0.023546406999230385 0.06917867809534073
v 0.02682117000222206 -0.021092399954795837 0.06917867809534073
v 0.02441108226776123 -0.022942299023270607 0.0697999969124794
v 0.024855656549334526 -0.02336072362959385 0.06917867809534073
v 0.027332354336977005 -0.02149440161883831 0.06820540875196457
v 0.02682117000222206 -0.021092399954795837 0.06917867809534073
v 0.024855656549334526 -0.02336072362959385 0.06917867809534073
v -0.006599342450499535 -0.022043338045477867 -8.673617379884035e-19
v -0.003882390446960926 -0.022018130868673325 0.0005000000237487257
v -0.0013379125157371163 -0.022971071302890778 -8.673617379884035e-19
v -0.003882390446960926 -0.022018130868673325 0.0005000000237487257
v -0.001308840117417276 -0.022471915930509567 0.0005000000237487257
v -0.0013379125157371163 -0.022971071302890778 -8.673617379884035e-19
v -0.001308840117417276 -0.022471915930509567 0.0005000000237487257
v 0.0012999902246519923 -0.022319968789815903 0.0005000000237487257
v -0.0013379125157371163 -0.022971071302890778 -8.673617379884035e-19
v 0.0012999902246519923 -0.022319968789815903 0.0005000000237487257
v 0.003995644394308329 -0.022660426795482635 -8.673617379884035e-19
v -0.0013379125157371163 -0.022971071302890778 -8.673617379884035e-19
v 0.028326531872153282 -0.01788456365466118 0.0697999969124794
v 0.0012990380637347698 -0.01075000036507845 0.0697999969124794
v 0.02441108226776123 -0.022942299023270607 0.0697999969124794
v 0.02682117000222206 -0.021092399954795837 0.06917867809534073
v 0.028326531872153282 -0.01788456365466118 0.0697999969124794
v 0.02441108226776123 -0.022942299023270607 0.0697999969124794
v 0.0012999902246519923 -0.022319968789815903 0.0005000000237487257
v 0.003908820450305939 -0.022168021649122238 0.0005000000237487257
v 0.003995644394308329 -0.022660426795482635 -8.673617379884035e-19
v 0.003908820450305939 -0.022168021649122238 0.0005000000237487257
v 0.006412288174033165 -0.021418534219264984 0.0005000000237487257
v 0.003995644394308329 -0.022660426795482635 -8.673617379884035e-19
v 0.006412288174033165 -0.021418534219264984 0.0005000000237487257
v 0.00911379512399435 -0.021128153428435326 0.0
v 0.003995644394308329 -0.022660426795482635 -8.673617379884035e-19
v -0.0035000001080334187 -0.02250000089406967 0.012799999676644802
v -0.008549673482775688 -0.02250000089406967 0.016657410189509392
v -0.017500000074505806 -0.02250000089406967 0.012799999676644802
v -0.013624356128275394 -0.02250000089406967 0.017273588106036186
v -0.01801917515695095 -0.02250000089406967 0.012892712838947773
v -0.017500000074505806 -0.02250000089406967 0.012799999676644802
v -0.011162951588630676 -0.02250000089406967 0.0163401011377573
v -0.013624356128275394 -0.02250000089406967 0.017273588106036186
v -0.017500000074505806 -0.02250000089406967 0.012799999676644802
v -0.008549673482775688 -0.02250000089406967 0.016657410189509392
v -0.011162951588630676 -0.02250000089406967 0.0163401011377573
v -0.017500000074505806 -0.02250000089406967 0.012799999676644802
v -0.002980824327096343 -0.02250000089406967 0.012892712838947773
v -0.006383190862834454 -0.02250000089406967 0.01815282553434372
v -0.0035000001080334187 -0.02250000089406967 0.012799999676644802
v -0.006383190862834454 -0.02250000089406967 0.01815282553434372
v -0.008549673482775688 -0.02250000089406967 0.016657410189509392
v -0.0035000001080334187 -0.02250000089406967 0.012799999676644802
v -0.01890728622674942 -0.02250000089406967 0.013780824840068817
v -0.018560661002993584 -0.02250000089406967 0.013239339925348759
v -0.01801917515695095 -0.02250000089406967 0.012892712838947773
v -0.015370008535683155 -0.02250000089406967 0.01924402266740799
v -0.01890728622674942 -0.02250000089406967 0.013780824840068817
v -0.01801917515695095 -0.02250000089406967 0.012892712838947773
v -0.013624356128275394 -0.02250000089406967 0.017273588106036186
v -0.015370008535683155 -0.02250000089406967 0.01924402266740799
v -0.01801917515695095 -0.02250000089406967 0.012892712838947773
v -0.002439339878037572 -0.02250000089406967 0.013239339925348759
v -0.006383190862834454 -0.02250000089406967 0.01815282553434372
v -0.002980824327096343 -0.02250000089406967 0.012892712838947773
v -0.00209271302446723 -0.02250000089406967 0.013780824840068817
v -0.006383190862834454 -0.02250000089406967 0.01815282553434372
v -0.002439339878037572 -0.02250000089406967 0.013239339925348759
v -0.015370008535683155 -0.02250000089406967 0.01924402266740799
v -0.01899999938905239 -0.02250000089406967 0.014299999922513962
v -0.01890728622674942 -0.02250000089406967 0.013780824840068817
v -0.0020000000949949026 -0.02250000089406967 0.014299999922513962
v -0.006383190862834454 -0.02250000089406967 0.01815282553434372
v -0.00209271302446723 -0.02250000089406967 0.013780824840068817
v -0.015370008535683155 -0.02250000089406967 0.01924402266740799
v -0.01600000075995922 -0.02250000089406967 0.021800000220537186
v -0.01899999938905239 -0.02250000089406967 0.014299999922513962
v -0.01600000075995922 -0.02250000089406967 0.021800000220537186
v -0.018950000405311584 -0.02250000089406967 0.03060000017285347
v -0.01899999938905239 -0.02250000089406967 0.014299999922513962
v -0.018950000405311584 -0.02250000089406967 0.03060000017285347
v -0.01899999938905239 -0.02250000089406967 0.0333000011742115
v -0.01899999938905239 -0.02250000089406967 0.014299999922513962
v -0.0020000000949949026 -0.02250000089406967 0.0333000011742115
v -0.00215000007301569 -0.02250000089406967 0.03060000017285347
v -0.0020000000949949026 -0.02250000089406967 0.014299999922513962
v -0.00215000007301569 -0.02250000089406967 0.03060000017285347
v -0.0051598199643194675 -0.02250000089406967 0.023116236552596092
v -0.0020000000949949026 -0.02250000089406967 0.014299999922513962
v -0.0051598199643194675 -0.02250000089406967 0.023116236552596092
v -0.0051598199643194675 -0.02250000089406967 0.02048376388847828
v -0.0020000000949949026 -0.02250000089406967 0.014299999922513962
v -0.0051598199643194675 -0.02250000089406967 0.02048376388847828
v -0.006383190862834454 -0.02250000089406967 0.01815282553434372
v -0.0020000000949949026 -0.02250000089406967 0.014299999922513962
v -0.015370008535683155 -0.02250000089406967 0.024355977773666382
v -0.018950000405311584 -0.02250000089406967 0.03060000017285347
v -0.01600000075995922 -0.02250000089406967 0.021800000220537186
v -0.00215000007301569 -0.02250000089406967 0.03060000017285347
v -0.006383190862834454 -0.02250000089406967 0.025447174906730652
v -0.0051598199643194675 -0.02250000089406967 0.023116236552596092
v -0.013624356128275394 -0.02250000089406967 0.026326410472393036
v -0.018950000405311584 -0.02250000089406967 0.03060000017285347
v -0.015370008535683155 -0.02250000089406967 0.024355977773666382
v -0.00215000007301569 -0.02250000089406967 0.03060000017285347
v -0.008549673482775688 -0.02250000089406967 0.02694259025156498
v -0.006383190862834454 -0.02250000089406967 0.025447174906730652
v -0.011162951588630676 -0.02250000089406967 0.02725989930331707
v -0.018950000405311584 -0.02250000089406967 0.03060000017285347
v -0.013624356128275394 -0.02250000089406967 0.026326410472393036
v -0.00215000007301569 -0.02250000089406967 0.03060000017285347
v -0.011162951588630676 -0.02250000089406967 0.02725989930331707
v -0.008549673482775688 -0.02250000089406967 0.02694259025156498
v -0.00215000007301569 -0.02250000089406967 0.03060000017285347
v -0.018950000405311584 -0.02250000089406967 0.03060000017285347
v -0.011162951588630676 -0.02250000089406967 0.02725989930331707
v -0.018950000405311584 -0.02250000089406967 0.03310000151395798
v -0.01899999938905239 -0.02250000089406967 0.0333000011742115
v -0.018950000405311584 -0.02250000089406967 0.03060000017285347
v -0.0020000000949949026 -0.02250000089406967 0.0333000011742115
v -0.00215000007301569 -0.02250000089406967 0.03310000151395798
v -0.00215000007301569 -0.02250000089406967 0.03060000017285347
v -0.01890728622674942 -0.02250000089406967 0.03381917625665665
v -0.01899999938905239 -0.02250000089406967 0.0333000011742115
v -0.018950000405311584 -0.02250000089406967 0.03310000151395798
v -0.018857287243008614 -0.02250000089406967 0.03361917659640312
v -0.01890728622674942 -0.02250000089406967 0.03381917625665665
v -0.018950000405311584 -0.02250000089406967 0.03310000151395798
v -0.0020000000949949026 -0.02250000089406967 0.0333000011742115
v -0.002242713002488017 -0.02250000089406967 0.03361917659640312
v -0.00215000007301569 -0.02250000089406967 0.03310000151395798
v -0.00209271302446723 -0.02250000089406967 0.03381917625665665
v -0.002242713002488017 -0.02250000089406967 0.03361917659640312
v -0.0020000000949949026 -0.02250000089406967 0.0333000011742115
v -0.018560661002993584 -0.02250000089406967 0.03436065837740898
v -0.01890728622674942 -0.02250000089406967 0.03381917625665665
v -0.018857287243008614 -0.02250000089406967 0.03361917659640312
v -0.018510660156607628 -0.02250000089406967 0.03416065871715546
v -0.018560661002993584 -0.02250000089406967 0.03436065837740898
v -0.018857287243008614 -0.02250000089406967 0.03361917659640312
v -0.00209271302446723 -0.02250000089406967 0.03381917625665665
v -0.002589339856058359 -0.02250000089406967 0.03416065871715546
v -0.002242713002488017 -0.02250000089406967 0.03361917659640312
v -0.002439339878037572 -0.02250000089406967 0.03436065837740898
v -0.002589339856058359 -0.02250000089406967 0.03416065871715546
v -0.00209271302446723 -0.02250000089406967 0.03381917625665665
v -0.01801917515695095 -0.02250000089406967 0.03470728546380997
v -0.018560661002993584 -0.02250000089406967 0.03436065837740898
v -0.018510660156607628 -0.02250000089406967 0.03416065871715546
v -0.017969176173210144 -0.02250000089406967 0.03450728580355644
v -0.01801917515695095 -0.02250000089406967 0.03470728546380997
v -0.018510660156607628 -0.02250000089406967 0.03416065871715546
v -0.002439339878037572 -0.02250000089406967 0.03436065837740898
v -0.0031308243051171303 -0.02250000089406967 0.03450728580355644
v -0.002589339856058359 -0.02250000089406967 0.03416065871715546
v -0.002980824327096343 -0.02250000089406967 0.03470728546380997
v -0.0031308243051171303 -0.02250000089406967 0.03450728580355644
v -0.002439339878037572 -0.02250000089406967 0.03436065837740898
v -0.017500000074505806 -0.02250000089406967 0.03480000048875809
v -0.01801917515695095 -0.02250000089406967 0.03470728546380997
v -0.017969176173210144 -0.02250000089406967 0.03450728580355644
v -0.01744999922811985 -0.02250000089406967 0.03460000082850456
v -0.017500000074505806 -0.02250000089406967 0.03480000048875809
v -0.017969176173210144 -0.02250000089406967 0.03450728580355644
v -0.002980824327096343 -0.02250000089406967 0.03470728546380997
v -0.003650000086054206 -0.02250000089406967 0.03460000082850456
v -0.0031308243051171303 -0.02250000089406967 0.03450728580355644
v -0.0035000001080334187 -0.02250000089406967 0.03480000048875809
v -0.017500000074505806 -0.02250000089406967 0.03480000048875809
v -0.01744999922811985 -0.02250000089406967 0.03460000082850456
v -0.003650000086054206 -0.02250000089406967 0.03460000082850456
v -0.0035000001080334187 -0.02250000089406967 0.03480000048875809
v -0.01744999922811985 -0.02250000089406967 0.03460000082850456
v -0.002980824327096343 -0.02250000089406967 0.03470728546380997
v -0.0035000001080334187 -0.02250000089406967 0.03480000048875809
v -0.003650000086054206 -0.02250000089406967 0.03460000082850456
v -0.003882390446960926 -0.022018130868673325 0.0005000000237487257
v -0.003908820450305939 -0.022168021649122238 0.008999999612569809
v -0.001308840117417276 -0.022471915930509567 0.0005000000237487257
v -0.003908820450305939 -0.022168021649122238 0.008999999612569809
v 0.001308840117417276 -0.022471915930509567 0.008999999612569809
v -0.001308840117417276 -0.022471915930509567 0.0005000000237487257
v 0.001308840117417276 -0.022471915930509567 0.008999999612569809
v 0.0012999902246519923 -0.022319968789815903 0.0005000000237487257
v -0.001308840117417276 -0.022471915930509567 0.0005000000237487257
v 0.003908820450305939 -0.022168021649122238 0.0005000000237487257
v 0.0012999902246519923 -0.022319968789815903 0.0005000000237487257
v 0.001308840117417276 -0.022471915930509567 0.008999999612569809
v 0.006455940660089254 -0.021564343944191933 0.008999999612569809
v 0.003908820450305939 -0.022168021649122238 0.0005000000237487257
v 0.001308840117417276 -0.022471915930509567 0.008999999612569809
v -1.070659881689516e-18 -1.6278288899705341e-19 0.008999999612569809
v 0.006455940660089254 -0.021564343944191933 0.008999999612569809
v 0.001308840117417276 -0.022471915930509567 0.008999999612569809
v -0.003908820450305939 -0.022168021649122238 0.008999999612569809
v -1.070659881689516e-18 -1.6278288899705341e-19 0.008999999612569809
v 0.001308840117417276 -0.022471915930509567 0.008999999612569809
v 0.006455940660089254 -0.021564343944191933 0.008999999612569809
v 0.006412288174033165 -0.021418534219264984 0.0005000000237487257
v 0.003908820450305939 -0.022168021649122238 0.0005000000237487257
v -0.006455940660089254 -0.021564343944191933 0.0005000000237487257
v -0.008915755897760391 -0.02066904492676258 0.008999999612569809
v -0.003908820450305939 -0.022168021649122238 0.008999999612569809
v -0.003882390446960926 -0.022018130868673325 0.0005000000237487257
v -0.006455940660089254 -0.021564343944191933 0.0005000000237487257
v -0.003908820450305939 -0.022168021649122238 0.008999999612569809
v -0.008915755897760391 -0.02066904492676258 0.008999999612569809
v -1.070659881689516e-18 -1.6278288899705341e-19 0.008999999612569809
v -0.003908820450305939 -0.022168021649122238 0.008999999612569809
v -0.011505000293254852 -0.019927244633436203 -1.734723475976807e-18
v -0.008855470456182957 -0.020529288798570633 0.0005000000237487257
v -0.006599342450499535 -0.022043338045477867 -8.673617379884035e-19
v -0.008855470456182957 -0.020529288798570633 0.0005000000237487257
v -0.006455940660089254 -0.021564343944191933 0.0005000000237487257
v -0.006599342450499535 -0.022043338045477867 -8.673617379884035e-19
v -0.006455940660089254 -0.021564343944191933 0.0005000000237487257
v -0.003882390446960926 -0.022018130868673325 0.0005000000237487257
v -0.006599342450499535 -0.022043338045477867 -8.673617379884035e-19
v 0.029310548678040504 -0.018836745992302895 0.0005000000237487257
v 0.029442958533763885 -0.018921831622719765 0.0017303479835391045
v 0.027511857450008392 -0.021635564044117928 0.0005000000237487257
v 0.029442958533763885 -0.018921831622719765 0.0017303479835391045
v 0.029097000136971474 -0.019451597705483437 0.0022008835803717375
v 0.027511857450008392 -0.021635564044117928 0.0005000000237487257
v 0.029097000136971474 -0.019451597705483437 0.0022008835803717375
v 0.02881237305700779 -0.019869832322001457 0.002884573768824339
v 0.027511857450008392 -0.021635564044117928 0.0005000000237487257
v 0.027118831872940063 -0.02132648415863514 2.6020852139652106e-18
v 0.029310548678040504 -0.018836745992302895 0.0005000000237487257
v 0.027511857450008392 -0.021635564044117928 0.0005000000237487257
v -0.02946959063410759 -0.018879082053899765 0.007293447386473417
v -0.029369493946433067 -0.01903766766190529 0.007204442750662565
v -0.027511857450008392 -0.021635564044117928 0.06705735623836517
v -0.029443873092532158 -0.018922429531812668 0.06705735623836517
v -0.030310887843370438 -0.01749991998076439 0.00774953979998827
v -0.027511857450008392 -0.021635564044117928 0.06705735623836517
v -0.030310887843370438 -0.01749991998076439 0.00774953979998827
v -0.02982098050415516 -0.01832236722111702 0.007605900056660175
v -0.027511857450008392 -0.021635564044117928 0.06705735623836517
v -0.02982098050415516 -0.01832236722111702 0.007605900056660175
v -0.02946959063410759 -0.018879082053899765 0.007293447386473417
v -0.027511857450008392 -0.021635564044117928 0.06705735623836517
v -0.029369493946433067 -0.01903766766190529 0.007204442750662565
v -0.028970876708626747 -0.019638948142528534 0.0065494622103869915
v -0.027511857450008392 -0.021635564044117928 0.06705735623836517
v -0.028970876708626747 -0.019638948142528534 0.0065494622103869915
v -0.02882104367017746 -0.01985674723982811 0.006107900757342577
v -0.027511857450008392 -0.021635564044117928 0.06705735623836517
v -0.02882104367017746 -0.01985674723982811 0.006107900757342577
v -0.028698720037937164 -0.020034557208418846 0.0057474160566926
v -0.027511857450008392 -0.021635564044117928 0.06705735623836517
v -0.028698720037937164 -0.020034557208418846 0.0057474160566926
v -0.028563043102622032 -0.020227521657943726 0.004801497329026461
v -0.027511857450008392 -0.021635564044117928 0.06705735623836517
v -0.028563043102622032 -0.020227521657943726 0.004801497329026461
v -0.027387281879782677 -0.021537596359848976 0.0005000000237487257
v -0.027511857450008392 -0.021635564044117928 0.06705735623836517
v -0.027332354336977005 -0.02149440161883831 0.06820540875196457
v -0.029251763597130775 -0.018798967823386192 0.06820540875196457
v -0.027511857450008392 -0.021635564044117928 0.06705735623836517
v -0.029251763597130775 -0.018798967823386192 0.06820540875196457
v -0.029443873092532158 -0.018922429531812668 0.06705735623836517
v -0.027511857450008392 -0.021635564044117928 0.06705735623836517
v 0.02936689369380474 -0.019041679799556732 0.007201253902167082
v 0.02944261021912098 -0.018921630457043648 0.0072679887525737286
v 0.027511857450008392 -0.021635564044117928 0.06705735623836517
v 0.02944261021912098 -0.018921630457043648 0.0072679887525737286
v 0.029443873092532158 -0.018922429531812668 0.06705735623836517
v 0.027511857450008392 -0.021635564044117928 0.06705735623836517
v 0.029443873092532158 -0.018922429531812668 0.06705735623836517
v 0.027332354336977005 -0.02149440161883831 0.06820540875196457
v 0.027511857450008392 -0.021635564044117928 0.06705735623836517
v -0.008855470456182957 -0.020529288798570633 0.0005000000237487257
v -0.008915755897760391 -0.02066904492676258 0.008999999612569809
v -0.006455940660089254 -0.021564343944191933 0.0005000000237487257
v 0.008915755897760391 -0.02066904492676258 0.0005000000237487257
v 0.006412288174033165 -0.021418534219264984 0.0005000000237487257
v 0.006455940660089254 -0.021564343944191933 0.008999999612569809
v 0.011254999786615372 -0.019494231790304184 0.008999999612569809
v 0.008915755897760391 -0.02066904492676258 0.0005000000237487257
v 0.006455940660089254 -0.021564343944191933 0.008999999612569809
v -1.070659881689516e-18 -1.6278288899705341e-19 0.008999999612569809
v 0.011254999786615372 -0.019494231790304184 0.008999999612569809
v 0.006455940660089254 -0.021564343944191933 0.008999999612569809
v -0.028563043102622032 -0.020227521657943726 0.004801497329026461
v -0.028554929420351982 -0.020238973200321198 0.0044999998062849045
v -0.027387281879782677 -0.021537596359848976 0.0005000000237487257
v -0.028554929420351982 -0.020238973200321198 0.0044999998062849045
v -0.028638480231165886 -0.020120572298765182 0.0035421543288975954
v -0.027387281879782677 -0.021537596359848976 0.0005000000237487257
v -0.028638480231165886 -0.020120572298765182 0.0035421543288975954
v -0.028817269951105118 -0.0198629442602396 0.002885171677917242
v -0.027387281879782677 -0.021537596359848976 0.0005000000237487257
v -0.028817269951105118 -0.0198629442602396 0.002885171677917242
v -0.028868962079286575 -0.019788458943367004 0.0026952209882438183
v -0.027387281879782677 -0.021537596359848976 0.0005000000237487257
v -0.028868962079286575 -0.019788458943367004 0.0026952209882438183
v -0.029235390946269035 -0.019242972135543823 0.001975779887288809
v -0.027387281879782677 -0.021537596359848976 0.0005000000237487257
v -0.029235390946269035 -0.019242972135543823 0.001975779887288809
v -0.029443873092532158 -0.018922429531812668 0.0005000000237487257
v -0.027387281879782677 -0.021537596359848976 0.0005000000237487257
v -0.029443873092532158 -0.018922429531812668 0.0005000000237487257
v -0.029023246839642525 -0.018652107566595078 -8.673617379884035e-19
v -0.027387281879782677 -0.021537596359848976 0.0005000000237487257
v -0.026825128123164177 -0.021086841821670532 0.06917867809534073
v -0.029251763597130775 -0.018798967823386192 0.06820540875196457
v -0.027332354336977005 -0.02149440161883831 0.06820540875196457
v -0.02682117000222206 -0.021092399954795837 0.06917867809534073
v -0.026825128123164177 -0.021086841821670532 0.06917867809534073
v -0.027332354336977005 -0.02149440161883831 0.06820540875196457
v 0.029443873092532158 -0.018922429531812668 0.06705735623836517
v 0.029251763597130775 -0.018798967823386192 0.06820540875196457
v 0.027332354336977005 -0.02149440161883831 0.06820540875196457
v 0.029251763597130775 -0.018798967823386192 0.06820540875196457
v 0.02682117000222206 -0.021092399954795837 0.06917867809534073
v 0.027332354336977005 -0.02149440161883831 0.06820540875196457
v 0.008915755897760391 -0.02066904492676258 0.0005000000237487257
v 0.00911379512399435 -0.021128153428435326 0.0
v 0.006412288174033165 -0.021418534219264984 0.0005000000237487257
v 0.017626682296395302 -0.014790543355047703 -8.673617379884035e-19
v 0.030664822086691856 -0.015808815136551857 -8.673617379884035e-19
v 0.027118831872940063 -0.02132648415863514 2.6020852139652106e-18
v 0.013740619644522667 -0.018456853926181793 -8.673617379884035e-19
v 0.017626682296395302 -0.014790543355047703 -8.673617379884035e-19
v 0.027118831872940063 -0.02132648415863514 2.6020852139652106e-18
v 0.030664822086691856 -0.015808815136551857 -8.673617379884035e-19
v 0.029310548678040504 -0.018836745992302895 0.0005000000237487257
v 0.027118831872940063 -0.02132648415863514 2.6020852139652106e-18
v 0.008915755897760391 -0.02066904492676258 0.0005000000237487257
v 0.011178897693753242 -0.019362417981028557 0.0005000000237487257
v 0.00911379512399435 -0.021128153428435326 0.0
v 0.011178897693753242 -0.019362417981028557 0.0005000000237487257
v 0.013740619644522667 -0.018456853926181793 -8.673617379884035e-19
v 0.00911379512399435 -0.021128153428435326 0.0
v -0.026336923241615295 -0.02070305310189724 0.0697999969124794
v -0.026825128123164177 -0.021086841821670532 0.06917867809534073
v -0.02682117000222206 -0.021092399954795837 0.06917867809534073
v 0.028704680502414703 -0.018447378650307655 0.06917867809534073
v 0.028326531872153282 -0.01788456365466118 0.0697999969124794
v 0.02682117000222206 -0.021092399954795837 0.06917867809534073
v 0.029251763597130775 -0.018798967823386192 0.06820540875196457
v 0.028704680502414703 -0.018447378650307655 0.06917867809534073
v 0.02682117000222206 -0.021092399954795837 0.06917867809534073
v -0.026336923241615295 -0.02070305310189724 0.0697999969124794
v -0.028704680502414703 -0.018447378650307655 0.06917867809534073
v -0.026825128123164177 -0.021086841821670532 0.06917867809534073
v -0.028704680502414703 -0.018447378650307655 0.06917867809534073
v -0.029251763597130775 -0.018798967823386192 0.06820540875196457
v -0.026825128123164177 -0.021086841821670532 0.06917867809534073
v -0.0012990380637347698 -0.01075000036507845 0.0697999969124794
v -0.001500000013038516 -0.009999999776482582 0.0697999969124794
v -0.026336923241615295 -0.02070305310189724 0.0697999969124794
v -0.001500000013038516 -0.009999999776482582 0.0697999969124794
v -0.029791679233312607 -0.015320111066102982 0.0697999969124794
v -0.026336923241615295 -0.02070305310189724 0.0697999969124794
v -0.029791679233312607 -0.015320111066102982 0.0697999969124794
v -0.030328238382935524 -0.0156352948397398 0.06917867809534073
v -0.026336923241615295 -0.02070305310189724 0.0697999969124794
v -0.030328238382935524 -0.0156352948397398 0.06917867809534073
v -0.028704680502414703 -0.018447378650307655 0.06917867809534073
v -0.026336923241615295 -0.02070305310189724 0.0697999969124794
v 0.011254999786615372 -0.019494231790304184 0.008999999612569809
v 0.011178897693753242 -0.019362417981028557 0.0005000000237487257
v 0.008915755897760391 -0.02066904492676258 0.0005000000237487257
v -0.011254999786615372 -0.019494231790304184 0.0005000000237487257
v -0.013442039489746094 -0.018055792897939682 0.008999999612569809
v -0.008915755897760391 -0.02066904492676258 0.008999999612569809
v -0.008855470456182957 -0.020529288798570633 0.0005000000237487257
v -0.011254999786615372 -0.019494231790304184 0.0005000000237487257
v -0.008915755897760391 -0.02066904492676258 0.008999999612569809
v -0.013442039489746094 -0.018055792897939682 0.008999999612569809
v -1.070659881689516e-18 -1.6278288899705341e-19 0.008999999612569809
v -0.008915755897760391 -0.02066904492676258 0.008999999612569809
v -0.011505000293254852 -0.019927244633436203 -1.734723475976807e-18
v -0.011254999786615372 -0.019494231790304184 0.0005000000237487257
v -0.008855470456182957 -0.020529288798570633 0.0005000000237487257
v -0.025741402059793472 -0.01861458271741867 0.0044999998062849045
v -0.028638480231165886 -0.020120572298765182 0.0035421543288975954
v -0.028554929420351982 -0.020238973200321198 0.0044999998062849045
v -0.028563043102622032 -0.020227521657943726 0.004801497329026461
v -0.025741402059793472 -0.01861458271741867 0.0044999998062849045
v -0.028554929420351982 -0.020238973200321198 0.0044999998062849045
v -0.025959111750125885 -0.01823749952018261 0.006124999839812517
v -0.025741402059793472 -0.01861458271741867 0.0044999998062849045
v -0.028563043102622032 -0.020227521657943726 0.004801497329026461
v -0.028698720037937164 -0.020034557208418846 0.0057474160566926
v -0.025959111750125885 -0.01823749952018261 0.006124999839812517
v -0.028563043102622032 -0.020227521657943726 0.004801497329026461
v 0.02857409231364727 -0.020211895927786827 0.004501552786678076
v 0.025741402059793472 -0.01861458271741867 0.0044999998062849045
v 0.02856498770415783 -0.02022477425634861 0.004835590720176697
v 0.025741402059793472 -0.01861458271741867 0.0044999998062849045
v 0.028697459027171135 -0.02003636211156845 0.005742126144468784
v 0.02856498770415783 -0.02022477425634861 0.004835590720176697
v 0.028591502457857132 -0.020187271758913994 0.0038628820329904556
v 0.025741402059793472 -0.01861458271741867 0.0044999998062849045
v 0.02857409231364727 -0.020211895927786827 0.004501552786678076
v 0.025959111750125885 -0.01823749952018261 0.0028750000055879354
v 0.025741402059793472 -0.01861458271741867 0.0044999998062849045
v 0.028591502457857132 -0.020187271758913994 0.0038628820329904556
v 0.02877129800617695 -0.019930187612771988 0.0029832362197339535
v 0.025959111750125885 -0.01823749952018261 0.0028750000055879354
v 0.028591502457857132 -0.020187271758913994 0.0038628820329904556
v -0.025959111750125885 -0.01823749952018261 0.0028750000055879354
v -0.028817269951105118 -0.0198629442602396 0.002885171677917242
v -0.028638480231165886 -0.020120572298765182 0.0035421543288975954
v -0.025741402059793472 -0.01861458271741867 0.0044999998062849045
v -0.025959111750125885 -0.01823749952018261 0.0028750000055879354
v -0.028638480231165886 -0.020120572298765182 0.0035421543288975954
v 0.025741402059793472 -0.01861458271741867 0.0044999998062849045
v 0.025959111750125885 -0.01823749952018261 0.006124999839812517
v 0.028697459027171135 -0.02003636211156845 0.005742126144468784
v 0.025959111750125885 -0.01823749952018261 0.006124999839812517
v 0.028822140768170357 -0.01985502801835537 0.006106524262577295
v 0.028697459027171135 -0.02003636211156845 0.005742126144468784
v -0.02882104367017746 -0.01985674723982811 0.006107900757342577
v -0.025959111750125885 -0.01823749952018261 0.006124999839812517
v -0.028698720037937164 -0.020034557208418846 0.0057474160566926
v 0.02881237305700779 -0.019869832322001457 0.002884573768824339
v 0.025959111750125885 -0.01823749952018261 0.0028750000055879354
v 0.02877129800617695 -0.019930187612771988 0.0029832362197339535
v -0.015790419653058052 -0.016736866906285286 -8.673617379884035e-19
v -0.01335114985704422 -0.01793370582163334 0.0005000000237487257
v -0.011505000293254852 -0.019927244633436203 -1.734723475976807e-18
v -0.01335114985704422 -0.01793370582163334 0.0005000000237487257
v -0.011254999786615372 -0.019494231790304184 0.0005000000237487257
v -0.011505000293254852 -0.019927244633436203 -1.734723475976807e-18
v 0.029097000136971474 -0.019451597705483437 0.0022008835803717375
v 0.025959111750125885 -0.01823749952018261 0.0028750000055879354
v 0.02881237305700779 -0.019869832322001457 0.002884573768824339
v -0.025959111750125885 -0.01823749952018261 0.0028750000055879354
v -0.028868962079286575 -0.019788458943367004 0.0026952209882438183
v -0.028817269951105118 -0.0198629442602396 0.002885171677917242
v -0.028970876708626747 -0.019638948142528534 0.0065494622103869915
v -0.025959111750125885 -0.01823749952018261 0.006124999839812517
v -0.02882104367017746 -0.01985674723982811 0.006107900757342577
v 0.025959111750125885 -0.01823749952018261 0.006124999839812517
v 0.02898178994655609 -0.019622839987277985 0.006573118735104799
v 0.028822140768170357 -0.01985502801835537 0.006106524262577295
v -0.025959111750125885 -0.01823749952018261 0.0028750000055879354
v -0.029235390946269035 -0.019242972135543823 0.001975779887288809
v -0.028868962079286575 -0.019788458943367004 0.0026952209882438183
v -0.029369493946433067 -0.01903766766190529 0.007204442750662565
v -0.025959111750125885 -0.01823749952018261 0.006124999839812517
v -0.028970876708626747 -0.019638948142528534 0.0065494622103869915
v 0.025959111750125885 -0.01823749952018261 0.006124999839812517
v 0.02936689369380474 -0.019041679799556732 0.007201253902167082
v 0.02898178994655609 -0.019622839987277985 0.006573118735104799
v -0.01335114985704422 -0.01793370582163334 0.0005000000237487257
v -0.013442039489746094 -0.018055792897939682 0.008999999612569809
v -0.011254999786615372 -0.019494231790304184 0.0005000000237487257
v 0.013442039489746094 -0.018055792897939682 0.0005000000237487257
v 0.011178897693753242 -0.019362417981028557 0.0005000000237487257
v 0.011254999786615372 -0.019494231790304184 0.008999999612569809
v 0.015447298996150494 -0.016373179852962494 0.008999999612569809
v 0.013442039489746094 -0.018055792897939682 0.0005000000237487257
v 0.011254999786615372 -0.019494231790304184 0.008999999612569809
v -1.070659881689516e-18 -1.6278288899705341e-19 0.008999999612569809
v 0.015447298996150494 -0.016373179852962494 0.008999999612569809
v 0.011254999786615372 -0.019494231790304184 0.008999999612569809
v 0.029442958533763885 -0.018921831622719765 0.0017303479835391045
v 0.02655390277504921 -0.01720729097723961 0.001685417490079999
v 0.029097000136971474 -0.019451597705483437 0.0022008835803717375
v 0.02655390277504921 -0.01720729097723961 0.001685417490079999
v 0.025959111750125885 -0.01823749952018261 0.0028750000055879354
v 0.029097000136971474 -0.019451597705483437 0.0022008835803717375
v 0.013442039489746094 -0.018055792897939682 0.0005000000237487257
v 0.013740619644522667 -0.018456853926181793 -8.673617379884035e-19
v 0.011178897693753242 -0.019362417981028557 0.0005000000237487257
v -0.02947295270860195 -0.01887286826968193 0.0017141205025836825
v -0.029443873092532158 -0.018922429531812668 0.0005000000237487257
v -0.029235390946269035 -0.019242972135543823 0.001975779887288809
v -0.025959111750125885 -0.01823749952018261 0.0028750000055879354
v -0.02655390277504921 -0.01720729097723961 0.001685417490079999
v -0.029235390946269035 -0.019242972135543823 0.001975779887288809
v -0.02655390277504921 -0.01720729097723961 0.001685417490079999
v -0.02947295270860195 -0.01887286826968193 0.0017141205025836825
v -0.029235390946269035 -0.019242972135543823 0.001975779887288809
v 0.02655390277504921 -0.01720729097723961 0.007314582355320454
v 0.02944261021912098 -0.018921630457043648 0.0072679887525737286
v 0.02936689369380474 -0.019041679799556732 0.007201253902167082
v 0.025959111750125885 -0.01823749952018261 0.006124999839812517
v 0.02655390277504921 -0.01720729097723961 0.007314582355320454
v 0.02936689369380474 -0.019041679799556732 0.007201253902167082
v -0.02655390277504921 -0.01720729097723961 0.007314582355320454
v -0.025959111750125885 -0.01823749952018261 0.006124999839812517
v -0.029369493946433067 -0.01903766766190529 0.007204442750662565
v -0.02946959063410759 -0.018879082053899765 0.007293447386473417
v -0.02655390277504921 -0.01720729097723961 0.007314582355320454
v -0.029369493946433067 -0.01903766766190529 0.007204442750662565
v -0.02947295270860195 -0.01887286826968193 0.0017141205025836825
v -0.029669327661395073 -0.018566934391856194 0.0014978272374719381
v -0.029443873092532158 -0.018922429531812668 0.0005000000237487257
v -0.029669327661395073 -0.018566934391856194 0.0014978272374719381
v -0.030159257352352142 -0.01776004582643509 0.0012639337219297886
v -0.029443873092532158 -0.018922429531812668 0.0005000000237487257
v -0.030159257352352142 -0.01776004582643509 0.0012639337219297886
v -0.030968375504016876 -0.015965307131409645 0.0005000000237487257
v -0.029443873092532158 -0.018922429531812668 0.0005000000237487257
v -0.030968375504016876 -0.015965307131409645 0.0005000000237487257
v -0.029023246839642525 -0.018652107566595078 -8.673617379884035e-19
v -0.029443873092532158 -0.018922429531812668 0.0005000000237487257
v -0.031109239906072617 -0.01603792794048786 0.06705735623836517
v -0.03076476790010929 -0.01668918877840042 0.0076143983751535416
v -0.029443873092532158 -0.018922429531812668 0.06705735623836517
v -0.03076476790010929 -0.01668918877840042 0.0076143983751535416
v -0.03031245246529579 -0.017497291788458824 0.007749998476356268
v -0.029443873092532158 -0.018922429531812668 0.06705735623836517
v -0.03031245246529579 -0.017497291788458824 0.007749998476356268
v -0.030310887843370438 -0.01749991998076439 0.00774953979998827
v -0.029443873092532158 -0.018922429531812668 0.06705735623836517
v -0.029251763597130775 -0.018798967823386192 0.06820540875196457
v -0.03090626560151577 -0.015933286398649216 0.06820540875196457
v -0.029443873092532158 -0.018922429531812668 0.06705735623836517
v -0.03090626560151577 -0.015933286398649216 0.06820540875196457
v -0.031109239906072617 -0.01603792794048786 0.06705735623836517
v -0.029443873092532158 -0.018922429531812668 0.06705735623836517
v 0.029835645109415054 -0.018298476934432983 0.0076143983751535416
v 0.031109239906072617 -0.01603792794048786 0.06705735623836517
v 0.029443873092532158 -0.018922429531812668 0.06705735623836517
v 0.02944261021912098 -0.018921630457043648 0.0072679887525737286
v 0.02946980856359005 -0.018878508359193802 0.007291960529983044
v 0.029443873092532158 -0.018922429531812668 0.06705735623836517
v 0.02946980856359005 -0.018878508359193802 0.007291960529983044
v 0.029835645109415054 -0.018298476934432983 0.0076143983751535416
v 0.029443873092532158 -0.018922429531812668 0.06705735623836517
v 0.031109239906072617 -0.01603792794048786 0.06705735623836517
v 0.029251763597130775 -0.018798967823386192 0.06820540875196457
v 0.029443873092532158 -0.018922429531812668 0.06705735623836517
v 0.029310548678040504 -0.018836745992302895 0.0005000000237487257
v 0.02946893870830536 -0.01888204924762249 0.001695013022981584
v 0.029442958533763885 -0.018921831622719765 0.0017303479835391045
v 0.02946893870830536 -0.01888204924762249 0.001695013022981584
v 0.02655390277504921 -0.01720729097723961 0.001685417490079999
v 0.029442958533763885 -0.018921831622719765 0.0017303479835391045
v 0.02655390277504921 -0.01720729097723961 0.007314582355320454
v 0.02946980856359005 -0.018878508359193802 0.007291960529983044
v 0.02944261021912098 -0.018921630457043648 0.0072679887525737286
v 0.029310548678040504 -0.018836745992302895 0.0005000000237487257
v 0.029509015381336212 -0.018820680677890778 0.0016405051574110985
v 0.02946893870830536 -0.01888204924762249 0.001695013022981584
v 0.029509015381336212 -0.018820680677890778 0.0016405051574110985
v 0.02655390277504921 -0.01720729097723961 0.001685417490079999
v 0.02946893870830536 -0.01888204924762249 0.001695013022981584
v -0.02982098050415516 -0.01832236722111702 0.007605900056660175
v -0.02655390277504921 -0.01720729097723961 0.007314582355320454
v -0.02946959063410759 -0.018879082053899765 0.007293447386473417
v 0.02655390277504921 -0.01720729097723961 0.007314582355320454
v 0.029835645109415054 -0.018298476934432983 0.0076143983751535416
v 0.02946980856359005 -0.018878508359193802 0.007291960529983044
v -0.02655390277504921 -0.01720729097723961 0.001685417490079999
v -0.029669327661395073 -0.018566934391856194 0.0014978272374719381
v -0.02947295270860195 -0.01887286826968193 0.0017141205025836825
v 0.029988817870616913 -0.01804635301232338 0.0013124772813171148
v 0.029509015381336212 -0.018820680677890778 0.0016405051574110985
v 0.029310548678040504 -0.018836745992302895 0.0005000000237487257
v 0.031109239906072617 -0.01603792794048786 0.0005000000237487257
v 0.030460279434919357 -0.017238659784197807 0.0012639337219297886
v 0.029310548678040504 -0.018836745992302895 0.0005000000237487257
v 0.030460279434919357 -0.017238659784197807 0.0012639337219297886
v 0.030309299007058144 -0.017497314140200615 0.0012794793583452702
v 0.029310548678040504 -0.018836745992302895 0.0005000000237487257
v 0.030309299007058144 -0.017497314140200615 0.0012794793583452702
v 0.029988817870616913 -0.01804635301232338 0.0013124772813171148
v 0.029310548678040504 -0.018836745992302895 0.0005000000237487257
v 0.030664822086691856 -0.015808815136551857 -8.673617379884035e-19
v 0.031109239906072617 -0.01603792794048786 0.0005000000237487257
v 0.029310548678040504 -0.018836745992302895 0.0005000000237487257
v 0.029988817870616913 -0.01804635301232338 0.0013124772813171148
v 0.02655390277504921 -0.01720729097723961 0.001685417490079999
v 0.029509015381336212 -0.018820680677890778 0.0016405051574110985
v -0.030328238382935524 -0.0156352948397398 0.06917867809534073
v -0.03090626560151577 -0.015933286398649216 0.06820540875196457
v -0.029251763597130775 -0.018798967823386192 0.06820540875196457
v -0.028704680502414703 -0.018447378650307655 0.06917867809534073
v -0.030328238382935524 -0.0156352948397398 0.06917867809534073
v -0.029251763597130775 -0.018798967823386192 0.06820540875196457
v 0.031109239906072617 -0.01603792794048786 0.06705735623836517
v 0.03090626560151577 -0.015933286398649216 0.06820540875196457
v 0.029251763597130775 -0.018798967823386192 0.06820540875196457
v 0.02884156070649624 -0.01821029745042324 0.06917867809534073
v 0.028704680502414703 -0.018447378650307655 0.06917867809534073
v 0.029251763597130775 -0.018798967823386192 0.06820540875196457
v 0.03090626560151577 -0.015933286398649216 0.06820540875196457
v 0.02884156070649624 -0.01821029745042324 0.06917867809534073
v 0.029251763597130775 -0.018798967823386192 0.06820540875196457
v -0.030968375504016876 -0.015965307131409645 0.0005000000237487257
v -0.032028693705797195 -0.012822355143725872 -4.336808689942018e-18
v -0.029023246839642525 -0.018652107566595078 -8.673617379884035e-19
v -0.021622328087687492 -0.007869883440434933 -2.6020852139652106e-18
v -0.01922457478940487 -0.012644201517105103 -2.6020852139652106e-18
v -0.029023246839642525 -0.018652107566595078 -8.673617379884035e-19
v -0.032028693705797195 -0.012822355143725872 -4.336808689942018e-18
v -0.021622328087687492 -0.007869883440434933 -2.6020852139652106e-18
v -0.029023246839642525 -0.018652107566595078 -8.673617379884035e-19
v -0.026516402140259743 -0.01727224327623844 0.0044999998062849045
v -0.025959111750125885 -0.01823749952018261 0.0028750000055879354
v -0.025741402059793472 -0.01861458271741867 0.0044999998062849045
v -0.026630280539393425 -0.01707500033080578 0.005350000225007534
v -0.026516402140259743 -0.01727224327623844 0.0044999998062849045
v -0.025741402059793472 -0.01861458271741867 0.0044999998062849045
v -0.025959111750125885 -0.01823749952018261 0.006124999839812517
v -0.026630280539393425 -0.01707500033080578 0.005350000225007534
v -0.025741402059793472 -0.01861458271741867 0.0044999998062849045
v 0.026630280539393425 -0.01707500033080578 0.003650000086054206
v 0.026516402140259743 -0.01727224327623844 0.0044999998062849045
v 0.025741402059793472 -0.01861458271741867 0.0044999998062849045
v 0.025959111750125885 -0.01823749952018261 0.0028750000055879354
v 0.026630280539393425 -0.01707500033080578 0.003650000086054206
v 0.025741402059793472 -0.01861458271741867 0.0044999998062849045
v 0.026516402140259743 -0.01727224327623844 0.0044999998062849045
v 0.025959111750125885 -0.01823749952018261 0.006124999839812517
v 0.025741402059793472 -0.01861458271741867 0.0044999998062849045
v -0.02655390277504921 -0.01720729097723961 0.001685417490079999
v -0.030159257352352142 -0.01776004582643509 0.0012639337219297886
v -0.029669327661395073 -0.018566934391856194 0.0014978272374719381
v 0.013442039489746094 -0.018055792897939682 0.0005000000237487257
v 0.015342850238084793 -0.016262471675872803 0.0005000000237487257
v 0.013740619644522667 -0.018456853926181793 -8.673617379884035e-19
v 0.015342850238084793 -0.016262471675872803 0.0005000000237487257
v 0.017626682296395302 -0.014790543355047703 -8.673617379884035e-19
v 0.013740619644522667 -0.018456853926181793 -8.673617379884035e-19
v 0.02884156070649624 -0.01821029745042324 0.06917867809534073
v 0.028326531872153282 -0.01788456365466118 0.0697999969124794
v 0.028704680502414703 -0.018447378650307655 0.06917867809534073
v -0.027366403490304947 -0.015799999237060547 0.00774999987334013
v -0.02655390277504921 -0.01720729097723961 0.007314582355320454
v -0.02982098050415516 -0.01832236722111702 0.007605900056660175
v -0.030310887843370438 -0.01749991998076439 0.00774953979998827
v -0.027366403490304947 -0.015799999237060547 0.00774999987334013
v -0.02982098050415516 -0.01832236722111702 0.007605900056660175
v 0.030309325084090233 -0.017502708360552788 0.007749998476356268
v 0.031109239906072617 -0.01603792794048786 0.06705735623836517
v 0.029835645109415054 -0.018298476934432983 0.0076143983751535416
v 0.02655390277504921 -0.01720729097723961 0.007314582355320454
v 0.030309325084090233 -0.017502708360552788 0.007749998476356268
v 0.029835645109415054 -0.018298476934432983 0.0076143983751535416
v -0.026630280539393425 -0.01707500033080578 0.003650000086054206
v -0.02655390277504921 -0.01720729097723961 0.001685417490079999
v -0.025959111750125885 -0.01823749952018261 0.0028750000055879354
v -0.026516402140259743 -0.01727224327623844 0.0044999998062849045
v -0.026630280539393425 -0.01707500033080578 0.003650000086054206
v -0.025959111750125885 -0.01823749952018261 0.0028750000055879354
v 0.02694140188395977 -0.01653612218797207 0.0030277566984295845
v 0.026630280539393425 -0.01707500033080578 0.003650000086054206
v 0.025959111750125885 -0.01823749952018261 0.0028750000055879354
v 0.02655390277504921 -0.01720729097723961 0.001685417490079999
v 0.02694140188395977 -0.01653612218797207 0.0030277566984295845
v 0.025959111750125885 -0.01823749952018261 0.0028750000055879354
v -0.02694140188395977 -0.01653612218797207 0.005972243379801512
v -0.026630280539393425 -0.01707500033080578 0.005350000225007534
v -0.025959111750125885 -0.01823749952018261 0.006124999839812517
v -0.02655390277504921 -0.01720729097723961 0.007314582355320454
v -0.02694140188395977 -0.01653612218797207 0.005972243379801512
v -0.025959111750125885 -0.01823749952018261 0.006124999839812517
v 0.026630280539393425 -0.01707500033080578 0.005350000225007534
v 0.02655390277504921 -0.01720729097723961 0.007314582355320454
v 0.025959111750125885 -0.01823749952018261 0.006124999839812517
v 0.026516402140259743 -0.01727224327623844 0.0044999998062849045
v 0.026630280539393425 -0.01707500033080578 0.005350000225007534
v 0.025959111750125885 -0.01823749952018261 0.006124999839812517
v 0.030328238382935524 -0.0156352948397398 0.06917867809534073
v 0.028326531872153282 -0.01788456365466118 0.0697999969124794
v 0.02884156070649624 -0.01821029745042324 0.06917867809534073
v 0.03090626560151577 -0.015933286398649216 0.06820540875196457
v 0.030328238382935524 -0.0156352948397398 0.06917867809534073
v 0.02884156070649624 -0.01821029745042324 0.06917867809534073
v 0.015447298996150494 -0.016373179852962494 0.008999999612569809
v 0.015342850238084793 -0.016262471675872803 0.0005000000237487257
v 0.013442039489746094 -0.018055792897939682 0.0005000000237487257
v -0.015447298996150494 -0.016373179852962494 0.0005000000237487257
v -0.017243660986423492 -0.014469149522483349 0.008999999612569809
v -0.013442039489746094 -0.018055792897939682 0.008999999612569809
v -0.01335114985704422 -0.01793370582163334 0.0005000000237487257
v -0.015447298996150494 -0.016373179852962494 0.0005000000237487257
v -0.013442039489746094 -0.018055792897939682 0.008999999612569809
v -0.017243660986423492 -0.014469149522483349 0.008999999612569809
v -1.070659881689516e-18 -1.6278288899705341e-19 0.008999999612569809
v -0.013442039489746094 -0.018055792897939682 0.008999999612569809
v 0.027366403490304947 -0.015799999237060547 0.0012499999720603228
v 0.02655390277504921 -0.01720729097723961 0.001685417490079999
v 0.029988817870616913 -0.01804635301232338 0.0013124772813171148
v 0.030309299007058144 -0.017497314140200615 0.0012794793583452702
v 0.027366403490304947 -0.015799999237060547 0.0012499999720603228
v 0.029988817870616913 -0.01804635301232338 0.0013124772813171148
v -0.015790419653058052 -0.016736866906285286 -8.673617379884035e-19
v -0.015447298996150494 -0.016373179852962494 0.0005000000237487257
v -0.01335114985704422 -0.01793370582163334 0.0005000000237487257
v 0.001500000013038516 -0.009999999776482582 0.0697999969124794
v 0.0012990380637347698 -0.01075000036507845 0.0697999969124794
v 0.028326531872153282 -0.01788456365466118 0.0697999969124794
v 0.031209342181682587 -0.012174851261079311 0.0697999969124794
v 0.001500000013038516 -0.009999999776482582 0.0697999969124794
v 0.028326531872153282 -0.01788456365466118 0.0697999969124794
v 0.030328238382935524 -0.0156352948397398 0.06917867809534073
v 0.031209342181682587 -0.012174851261079311 0.0697999969124794
v 0.028326531872153282 -0.01788456365466118 0.0697999969124794
v -0.030307767912745476 -0.01749996468424797 0.0012794793583452702
v -0.030968375504016876 -0.015965307131409645 0.0005000000237487257
v -0.030159257352352142 -0.01776004582643509 0.0012639337219297886
v -0.02655390277504921 -0.01720729097723961 0.001685417490079999
v -0.027366403490304947 -0.015799999237060547 0.0012499999720603228
v -0.030159257352352142 -0.01776004582643509 0.0012639337219297886
v -0.027366403490304947 -0.015799999237060547 0.0012499999720603228
v -0.030307767912745476 -0.01749996468424797 0.0012794793583452702
v -0.030159257352352142 -0.01776004582643509 0.0012639337219297886
v 0.030310818925499916 -0.01750003919005394 0.00774953979998827
v 0.031109239906072617 -0.01603792794048786 0.06705735623836517
v 0.030309325084090233 -0.017502708360552788 0.007749998476356268
v 0.02655390277504921 -0.01720729097723961 0.007314582355320454
v 0.027366403490304947 -0.015799999237060547 0.00774999987334013
v 0.030309325084090233 -0.017502708360552788 0.007749998476356268
v 0.027366403490304947 -0.015799999237060547 0.00774999987334013
v 0.030310818925499916 -0.01750003919005394 0.00774953979998827
v 0.030309325084090233 -0.017502708360552788 0.007749998476356268
v 0.032492876052856445 -0.013008185662329197 0.06705735623836517
v 0.031109239906072617 -0.01603792794048786 0.06705735623836517
v 0.030310818925499916 -0.01750003919005394 0.00774953979998827
v 0.030778124928474426 -0.016664542257785797 0.007605900056660175
v 0.032492876052856445 -0.013008185662329197 0.06705735623836517
v 0.030310818925499916 -0.01750003919005394 0.00774953979998827
v 0.027366403490304947 -0.015799999237060547 0.00774999987334013
v 0.030778124928474426 -0.016664542257785797 0.007605900056660175
v 0.030310818925499916 -0.01750003919005394 0.00774953979998827
v -0.03062300942838192 -0.016947900876402855 0.0013124772813171148
v -0.030968375504016876 -0.015965307131409645 0.0005000000237487257
v -0.030307767912745476 -0.01749996468424797 0.0012794793583452702
v -0.027366403490304947 -0.015799999237060547 0.0012499999720603228
v -0.03062300942838192 -0.016947900876402855 0.0013124772813171148
v -0.030307767912745476 -0.01749996468424797 0.0012794793583452702
v -0.03031245246529579 -0.017497291788458824 0.007749998476356268
v -0.027366403490304947 -0.015799999237060547 0.00774999987334013
v -0.030310887843370438 -0.01749991998076439 0.00774953979998827
v 0.030460279434919357 -0.017238659784197807 0.0012639337219297886
v 0.027366403490304947 -0.015799999237060547 0.0012499999720603228
v 0.030309299007058144 -0.017497314140200615 0.0012794793583452702
v -0.028178902342915535 -0.01439270842820406 0.007314582355320454
v -0.027366403490304947 -0.015799999237060547 0.00774999987334013
v -0.03031245246529579 -0.017497291788458824 0.007749998476356268
v -0.03076476790010929 -0.01668918877840042 0.0076143983751535416
v -0.028178902342915535 -0.01439270842820406 0.007314582355320454
v -0.03031245246529579 -0.017497291788458824 0.007749998476356268
v -0.026630280539393425 -0.01707500033080578 0.005350000225007534
v -0.01866953633725643 -0.012575711123645306 0.005184505134820938
v -0.026516402140259743 -0.01727224327623844 0.0044999998062849045
v -0.01866953633725643 -0.012575711123645306 0.005184505134820938
v -0.018588559702038765 -0.012695100158452988 0.0044999998062849045
v -0.026516402140259743 -0.01727224327623844 0.0044999998062849045
v -0.018588559702038765 -0.012695100158452988 0.0044999998062849045
v -0.018661856651306152 -0.012587105855345726 0.0038475836627185345
v -0.026516402140259743 -0.01727224327623844 0.0044999998062849045
v -0.018661856651306152 -0.012587105855345726 0.0038475836627185345
v -0.026630280539393425 -0.01707500033080578 0.003650000086054206
v -0.026516402140259743 -0.01727224327623844 0.0044999998062849045
v 0.018588624894618988 -0.012695003300905228 0.00450002308934927
v 0.018661541864275932 -0.012587571516633034 0.005151068326085806
v 0.026516402140259743 -0.01727224327623844 0.0044999998062849045
v 0.018661541864275932 -0.012587571516633034 0.005151068326085806
v 0.026630280539393425 -0.01707500033080578 0.005350000225007534
v 0.026516402140259743 -0.01727224327623844 0.0044999998062849045
v 0.018661215901374817 -0.012588053941726685 0.0038503354880958796
v 0.018588624894618988 -0.012695003300905228 0.00450002308934927
v 0.026516402140259743 -0.01727224327623844 0.0044999998062849045
v 0.026630280539393425 -0.01707500033080578 0.003650000086054206
v 0.018661215901374817 -0.012588053941726685 0.0038503354880958796
v 0.026516402140259743 -0.01727224327623844 0.0044999998062849045
v 0.031109239906072617 -0.01603792794048786 0.0005000000237487257
v 0.030914099887013435 -0.01641092449426651 0.0014978272374719381
v 0.030460279434919357 -0.017238659784197807 0.0012639337219297886
v 0.028178902342915535 -0.01439270842820406 0.001685417490079999
v 0.027366403490304947 -0.015799999237060547 0.0012499999720603228
v 0.030460279434919357 -0.017238659784197807 0.0012639337219297886
v 0.030914099887013435 -0.01641092449426651 0.0014978272374719381
v 0.028178902342915535 -0.01439270842820406 0.001685417490079999
v 0.030460279434919357 -0.017238659784197807 0.0012639337219297886
v -0.02694140188395977 -0.01653612218797207 0.0030277566984295845
v -0.027366403490304947 -0.015799999237060547 0.0012499999720603228
v -0.02655390277504921 -0.01720729097723961 0.001685417490079999
v -0.026630280539393425 -0.01707500033080578 0.003650000086054206
v -0.02694140188395977 -0.01653612218797207 0.0030277566984295845
v -0.02655390277504921 -0.01720729097723961 0.001685417490079999
v 0.027366403490304947 -0.015799999237060547 0.00279999990016222
v 0.02694140188395977 -0.01653612218797207 0.0030277566984295845
v 0.02655390277504921 -0.01720729097723961 0.001685417490079999
v 0.027366403490304947 -0.015799999237060547 0.0012499999720603228
v 0.027366403490304947 -0.015799999237060547 0.00279999990016222
v 0.02655390277504921 -0.01720729097723961 0.001685417490079999
v -0.027366403490304947 -0.015799999237060547 0.006200000178068876
v -0.02694140188395977 -0.01653612218797207 0.005972243379801512
v -0.02655390277504921 -0.01720729097723961 0.007314582355320454
v -0.027366403490304947 -0.015799999237060547 0.00774999987334013
v -0.027366403490304947 -0.015799999237060547 0.006200000178068876
v -0.02655390277504921 -0.01720729097723961 0.007314582355320454
v 0.02694140188395977 -0.01653612218797207 0.005972243379801512
v 0.027366403490304947 -0.015799999237060547 0.00774999987334013
v 0.02655390277504921 -0.01720729097723961 0.007314582355320454
v 0.026630280539393425 -0.01707500033080578 0.005350000225007534
v 0.02694140188395977 -0.01653612218797207 0.005972243379801512
v 0.02655390277504921 -0.01720729097723961 0.007314582355320454
v -0.01886589452624321 -0.012279174290597439 0.0032969668973237276
v -0.02694140188395977 -0.01653612218797207 0.0030277566984295845
v -0.026630280539393425 -0.01707500033080578 0.003650000086054206
v -0.018661856651306152 -0.012587105855345726 0.0038475836627185345
v -0.01872912608087063 -0.012485584244132042 0.0036660514306277037
v -0.026630280539393425 -0.01707500033080578 0.003650000086054206
v -0.01872912608087063 -0.012485584244132042 0.0036660514306277037
v -0.01886589452624321 -0.012279174290597439 0.0032969668973237276
v -0.026630280539393425 -0.01707500033080578 0.003650000086054206
v 0.018729230388998985 -0.012485424987971783 0.003666117088869214
v 0.018661215901374817 -0.012588053941726685 0.0038503354880958796
v 0.026630280539393425 -0.01707500033080578 0.003650000086054206
v 0.02694140188395977 -0.01653612218797207 0.0030277566984295845
v 0.018864739686250687 -0.012280948460102081 0.0032990812323987484
v 0.026630280539393425 -0.01707500033080578 0.003650000086054206
v 0.018864739686250687 -0.012280948460102081 0.0032990812323987484
v 0.01880631595849991 -0.012369106523692608 0.003457325277850032
v 0.026630280539393425 -0.01707500033080578 0.003650000086054206
v 0.01880631595849991 -0.012369106523692608 0.003457325277850032
v 0.018729230388998985 -0.012485424987971783 0.003666117088869214
v 0.026630280539393425 -0.01707500033080578 0.003650000086054206
v -0.01872698776423931 -0.012488951906561852 0.0053363279439508915
v -0.01866953633725643 -0.012575711123645306 0.005184505134820938
v -0.026630280539393425 -0.01707500033080578 0.005350000225007534
v -0.02694140188395977 -0.01653612218797207 0.005972243379801512
v -0.019062593579292297 -0.011968716979026794 0.005948175676167011
v -0.026630280539393425 -0.01707500033080578 0.005350000225007534
v -0.019062593579292297 -0.011968716979026794 0.005948175676167011
v -0.018865438178181648 -0.012279876507818699 0.005702197086066008
v -0.026630280539393425 -0.01707500033080578 0.005350000225007534
v -0.018865438178181648 -0.012279876507818699 0.005702197086066008
v -0.01872698776423931 -0.012488951906561852 0.0053363279439508915
v -0.026630280539393425 -0.01707500033080578 0.005350000225007534
v 0.018865682184696198 -0.012279501184821129 0.005702643655240536
v 0.02694140188395977 -0.01653612218797207 0.005972243379801512
v 0.026630280539393425 -0.01707500033080578 0.005350000225007534
v 0.01880630850791931 -0.012369101867079735 0.005542220547795296
v 0.018865682184696198 -0.012279501184821129 0.005702643655240536
v 0.026630280539393425 -0.01707500033080578 0.005350000225007534
v 0.018661541864275932 -0.012587571516633034 0.005151068326085806
v 0.018729200586676598 -0.012485467828810215 0.0053338767029345036
v 0.026630280539393425 -0.01707500033080578 0.005350000225007534
v 0.018729200586676598 -0.012485467828810215 0.0053338767029345036
v 0.01880630850791931 -0.012369101867079735 0.005542220547795296
v 0.026630280539393425 -0.01707500033080578 0.005350000225007534
v -0.03105369582772255 -0.016145216301083565 0.0016405051574110985
v -0.030968375504016876 -0.015965307131409645 0.0005000000237487257
v -0.03062300942838192 -0.016947900876402855 0.0013124772813171148
v -0.028178902342915535 -0.01439270842820406 0.001685417490079999
v -0.03105369582772255 -0.016145216301083565 0.0016405051574110985
v -0.03062300942838192 -0.016947900876402855 0.0013124772813171148
v -0.027366403490304947 -0.015799999237060547 0.0012499999720603228
v -0.028178902342915535 -0.01439270842820406 0.001685417490079999
v -0.03062300942838192 -0.016947900876402855 0.0013124772813171148
v -0.01922457478940487 -0.012644201517105103 -2.6020852139652106e-18
v -0.017127064988017082 -0.014371314086019993 0.0005000000237487257
v -0.015790419653058052 -0.016736866906285286 -8.673617379884035e-19
v -0.017127064988017082 -0.014371314086019993 0.0005000000237487257
v -0.015447298996150494 -0.016373179852962494 0.0005000000237487257
v -0.015790419653058052 -0.016736866906285286 -8.673617379884035e-19
v -0.031109239906072617 -0.01603792794048786 0.06705735623836517
v -0.031084172427654266 -0.01608234830200672 0.007291960529983044
v -0.03076476790010929 -0.01668918877840042 0.0076143983751535416
v -0.031084172427654266 -0.01608234830200672 0.007291960529983044
v -0.028178902342915535 -0.01439270842820406 0.007314582355320454
v -0.03076476790010929 -0.01668918877840042 0.0076143983751535416
v 0.031084559857845306 -0.016081873327493668 0.007293447386473417
v 0.032492876052856445 -0.013008185662329197 0.06705735623836517
v 0.030778124928474426 -0.016664542257785797 0.007605900056660175
v 0.027366403490304947 -0.015799999237060547 0.00774999987334013
v 0.028178902342915535 -0.01439270842820406 0.007314582355320454
v 0.030778124928474426 -0.016664542257785797 0.007605900056660175
v 0.028178902342915535 -0.01439270842820406 0.007314582355320454
v 0.031084559857845306 -0.016081873327493668 0.007293447386473417
v 0.030778124928474426 -0.016664542257785797 0.007605900056660175
v -0.019161315634846687 -0.011812877841293812 0.002929004142060876
v -0.027366403490304947 -0.015799999237060547 0.00279999990016222
v -0.02694140188395977 -0.01653612218797207 0.0030277566984295845
v -0.01886589452624321 -0.012279174290597439 0.0032969668973237276
v -0.01906261406838894 -0.011968669481575489 0.003051942680031061
v -0.02694140188395977 -0.01653612218797207 0.0030277566984295845
v -0.01906261406838894 -0.011968669481575489 0.003051942680031061
v -0.019161315634846687 -0.011812877841293812 0.002929004142060876
v -0.02694140188395977 -0.01653612218797207 0.0030277566984295845
v -0.027366403490304947 -0.015799999237060547 0.00279999990016222
v -0.027366403490304947 -0.015799999237060547 0.0012499999720603228
v -0.02694140188395977 -0.01653612218797207 0.0030277566984295845
v 0.019159797579050064 -0.01181533932685852 0.002930202754214406
v 0.0190625861287117 -0.011968741193413734 0.0030517354607582092
v 0.02694140188395977 -0.01653612218797207 0.0030277566984295845
v 0.0190625861287117 -0.011968741193413734 0.0030517354607582092
v 0.018864739686250687 -0.012280948460102081 0.0032990812323987484
v 0.02694140188395977 -0.01653612218797207 0.0030277566984295845
v 0.027366403490304947 -0.015799999237060547 0.00279999990016222
v 0.01949339546263218 -0.011256447993218899 0.0028000008314847946
v 0.02694140188395977 -0.01653612218797207 0.0030277566984295845
v 0.01949339546263218 -0.011256447993218899 0.0028000008314847946
v 0.019159797579050064 -0.01181533932685852 0.002930202754214406
v 0.02694140188395977 -0.01653612218797207 0.0030277566984295845
v -0.019493773579597473 -0.011255795136094093 0.006199999712407589
v -0.0191605556756258 -0.011814109049737453 0.006070396862924099
v -0.02694140188395977 -0.01653612218797207 0.005972243379801512
v -0.0191605556756258 -0.011814109049737453 0.006070396862924099
v -0.019062593579292297 -0.011968716979026794 0.005948175676167011
v -0.02694140188395977 -0.01653612218797207 0.005972243379801512
v -0.027366403490304947 -0.015799999237060547 0.006200000178068876
v -0.019493773579597473 -0.011255795136094093 0.006199999712407589
v -0.02694140188395977 -0.01653612218797207 0.005972243379801512
v 0.019161295145750046 -0.011812911368906498 0.006070978939533234
v 0.027366403490304947 -0.015799999237060547 0.006200000178068876
v 0.02694140188395977 -0.01653612218797207 0.005972243379801512
v 0.019062623381614685 -0.011968651786446571 0.005948035046458244
v 0.019161295145750046 -0.011812911368906498 0.006070978939533234
v 0.02694140188395977 -0.01653612218797207 0.005972243379801512
v 0.018865682184696198 -0.012279501184821129 0.005702643655240536
v 0.019062623381614685 -0.011968651786446571 0.005948035046458244
v 0.02694140188395977 -0.01653612218797207 0.005972243379801512
v 0.027366403490304947 -0.015799999237060547 0.006200000178068876
v 0.027366403490304947 -0.015799999237060547 0.00774999987334013
v 0.02694140188395977 -0.01653612218797207 0.005972243379801512
v 0.031109239906072617 -0.01603792794048786 0.0005000000237487257
v 0.031080860644578934 -0.016087891533970833 0.0017141205025836825
v 0.030914099887013435 -0.01641092449426651 0.0014978272374719381
v 0.031080860644578934 -0.016087891533970833 0.0017141205025836825
v 0.028178902342915535 -0.01439270842820406 0.001685417490079999
v 0.030914099887013435 -0.01641092449426651 0.0014978272374719381
v -0.017127064988017082 -0.014371314086019993 0.0005000000237487257
v -0.017243660986423492 -0.014469149522483349 0.008999999612569809
v -0.015447298996150494 -0.016373179852962494 0.0005000000237487257
v 0.018806830048561096 -0.012369447387754917 0.008999999612569809
v 0.01880630850791931 -0.012369101867079735 0.005542220547795296
v 0.015447298996150494 -0.016373179852962494 0.008999999612569809
v 0.01880630850791931 -0.012369101867079735 0.005542220547795296
v 0.018729200586676598 -0.012485467828810215 0.0053338767029345036
v 0.015447298996150494 -0.016373179852962494 0.008999999612569809
v 0.018729200586676598 -0.012485467828810215 0.0053338767029345036
v 0.018661541864275932 -0.012587571516633034 0.005151068326085806
v 0.015447298996150494 -0.016373179852962494 0.008999999612569809
v 0.018661541864275932 -0.012587571516633034 0.005151068326085806
v 0.015342850238084793 -0.016262471675872803 0.0005000000237487257
v 0.015447298996150494 -0.016373179852962494 0.008999999612569809
v -1.070659881689516e-18 -1.6278288899705341e-19 0.008999999612569809
v 0.018806830048561096 -0.012369447387754917 0.008999999612569809
v 0.015447298996150494 -0.016373179852962494 0.008999999612569809
v 0.018588624894618988 -0.012695003300905228 0.00450002308934927
v 0.018661215901374817 -0.012588053941726685 0.0038503354880958796
v 0.015342850238084793 -0.016262471675872803 0.0005000000237487257
v 0.018661215901374817 -0.012588053941726685 0.0038503354880958796
v 0.017243660986423492 -0.014469149522483349 0.0005000000237487257
v 0.015342850238084793 -0.016262471675872803 0.0005000000237487257
v 0.018661541864275932 -0.012587571516633034 0.005151068326085806
v 0.018588624894618988 -0.012695003300905228 0.00450002308934927
v 0.015342850238084793 -0.016262471675872803 0.0005000000237487257
v 0.017243660986423492 -0.014469149522483349 0.0005000000237487257
v 0.017626682296395302 -0.014790543355047703 -8.673617379884035e-19
v 0.015342850238084793 -0.016262471675872803 0.0005000000237487257
v -0.03108680434525013 -0.016079824417829514 0.001695013022981584
v -0.030968375504016876 -0.015965307131409645 0.0005000000237487257
v -0.03105369582772255 -0.016145216301083565 0.0016405051574110985
v -0.028178902342915535 -0.01439270842820406 0.001685417490079999
v -0.03108680434525013 -0.016079824417829514 0.001695013022981584
v -0.03105369582772255 -0.016145216301083565 0.0016405051574110985
v 0.031109239906072617 -0.01603792794048786 0.0005000000237487257
v 0.03128259629011154 -0.01569710485637188 0.001975779887288809
v 0.031080860644578934 -0.016087891533970833 0.0017141205025836825
v 0.03128259629011154 -0.01569710485637188 0.001975779887288809
v 0.028178902342915535 -0.01439270842820406 0.001685417490079999
v 0.031080860644578934 -0.016087891533970833 0.0017141205025836825
v -0.031109239906072617 -0.01603792794048786 0.06705735623836517
v -0.031107917428016663 -0.0160372331738472 0.0072679887525737286
v -0.031084172427654266 -0.01608234830200672 0.007291960529983044
v -0.031107917428016663 -0.0160372331738472 0.0072679887525737286
v -0.028178902342915535 -0.01439270842820406 0.007314582355320454
v -0.031084172427654266 -0.01608234830200672 0.007291960529983044
v 0.031171850860118866 -0.015915894880890846 0.007204442750662565
v 0.032492876052856445 -0.013008185662329197 0.06705735623836517
v 0.031084559857845306 -0.016081873327493668 0.007293447386473417
v 0.028178902342915535 -0.01439270842820406 0.007314582355320454
v 0.031171850860118866 -0.015915894880890846 0.007204442750662565
v 0.031084559857845306 -0.016081873327493668 0.007293447386473417
v -0.031108267605304718 -0.016037434339523315 0.0017303479835391045
v -0.030968375504016876 -0.015965307131409645 0.0005000000237487257
v -0.03108680434525013 -0.016079824417829514 0.001695013022981584
v -0.028178902342915535 -0.01439270842820406 0.001685417490079999
v -0.031108267605304718 -0.016037434339523315 0.0017303479835391045
v -0.03108680434525013 -0.016079824417829514 0.001695013022981584
v 0.03234574571251869 -0.012949284166097641 0.0005000000237487257
v 0.03128259629011154 -0.01569710485637188 0.001975779887288809
v 0.031109239906072617 -0.01603792794048786 0.0005000000237487257
v 0.030664822086691856 -0.015808815136551857 -8.673617379884035e-19
v 0.03234574571251869 -0.012949284166097641 0.0005000000237487257
v 0.031109239906072617 -0.01603792794048786 0.0005000000237487257
v -0.032492876052856445 -0.013008185662329197 0.06705735623836517
v -0.031107917428016663 -0.0160372331738472 0.0072679887525737286
v -0.031109239906072617 -0.01603792794048786 0.06705735623836517
v -0.03090626560151577 -0.015933286398649216 0.06820540875196457
v -0.032280873507261276 -0.01292331237345934 0.06820540875196457
v -0.031109239906072617 -0.01603792794048786 0.06705735623836517
v -0.032280873507261276 -0.01292331237345934 0.06820540875196457
v -0.032492876052856445 -0.013008185662329197 0.06705735623836517
v -0.031109239906072617 -0.01603792794048786 0.06705735623836517
v 0.032492876052856445 -0.013008185662329197 0.06705735623836517
v 0.03090626560151577 -0.015933286398649216 0.06820540875196457
v 0.031109239906072617 -0.01603792794048786 0.06705735623836517
v -0.032492876052856445 -0.013008185662329197 0.0005000000237487257
v -0.030968375504016876 -0.015965307131409645 0.0005000000237487257
v -0.031108267605304718 -0.016037434339523315 0.0017303479835391045
v -0.031394075602293015 -0.015472942031919956 0.0022008835803717375
v -0.032492876052856445 -0.013008185662329197 0.0005000000237487257
v -0.031108267605304718 -0.016037434339523315 0.0017303479835391045
v -0.028178902342915535 -0.01439270842820406 0.001685417490079999
v -0.031394075602293015 -0.015472942031919956 0.0022008835803717375
v -0.031108267605304718 -0.016037434339523315 0.0017303479835391045
v -0.032492876052856445 -0.013008185662329197 0.06705735623836517
v -0.031174026429653168 -0.015911635011434555 0.007201253902167082
v -0.031107917428016663 -0.0160372331738472 0.0072679887525737286
v -0.031174026429653168 -0.015911635011434555 0.007201253902167082
v -0.028178902342915535 -0.01439270842820406 0.007314582355320454
v -0.031107917428016663 -0.0160372331738472 0.0072679887525737286
v -0.032492876052856445 -0.013008185662329197 0.0005000000237487257
v -0.032028693705797195 -0.012822355143725872 -4.336808689942018e-18
v -0.030968375504016876 -0.015965307131409645 0.0005000000237487257
v -0.03034272789955139 -0.015603568404912949 0.06917867809534073
v -0.032280873507261276 -0.01292331237345934 0.06820540875196457
v -0.03090626560151577 -0.015933286398649216 0.06820540875196457
v -0.030328238382935524 -0.0156352948397398 0.06917867809534073
v -0.03034272789955139 -0.015603568404912949 0.06917867809534073
v -0.03090626560151577 -0.015933286398649216 0.06820540875196457
v 0.032492876052856445 -0.013008185662329197 0.06705735623836517
v 0.032280873507261276 -0.01292331237345934 0.06820540875196457
v 0.03090626560151577 -0.015933286398649216 0.06820540875196457
v 0.032280873507261276 -0.01292331237345934 0.06820540875196457
v 0.030328238382935524 -0.0156352948397398 0.06917867809534073
v 0.03090626560151577 -0.015933286398649216 0.06820540875196457
v 0.03149326518177986 -0.015270041301846504 0.0065494622103869915
v 0.032492876052856445 -0.013008185662329197 0.06705735623836517
v 0.031171850860118866 -0.015915894880890846 0.007204442750662565
v 0.02877369336783886 -0.013362499885261059 0.006124999839812517
v 0.03149326518177986 -0.015270041301846504 0.0065494622103869915
v 0.031171850860118866 -0.015915894880890846 0.007204442750662565
v 0.028178902342915535 -0.01439270842820406 0.007314582355320454
v 0.02877369336783886 -0.013362499885261059 0.006124999839812517
v 0.031171850860118866 -0.015915894880890846 0.007204442750662565
v -0.033582255244255066 -0.009860639460384846 0.06705735623836517
v -0.03148477151989937 -0.015287546440958977 0.006573118735104799
v -0.031174026429653168 -0.015911635011434555 0.007201253902167082
v -0.032492876052856445 -0.013008185662329197 0.06705735623836517
v -0.033582255244255066 -0.009860639460384846 0.06705735623836517
v -0.031174026429653168 -0.015911635011434555 0.007201253902167082
v -0.02877369336783886 -0.013362499885261059 0.006124999839812517
v -0.028178902342915535 -0.01439270842820406 0.007314582355320454
v -0.031174026429653168 -0.015911635011434555 0.007201253902167082
v -0.03148477151989937 -0.015287546440958977 0.006573118735104799
v -0.02877369336783886 -0.013362499885261059 0.006124999839812517
v -0.031174026429653168 -0.015911635011434555 0.007201253902167082
v 0.020562486723065376 -0.0103268688544631 0.0
v 0.03310250863432884 -0.009719773195683956 0.0
v 0.030664822086691856 -0.015808815136551857 -8.673617379884035e-19
v 0.017626682296395302 -0.014790543355047703 -8.673617379884035e-19
v 0.020562486723065376 -0.0103268688544631 0.0
v 0.030664822086691856 -0.015808815136551857 -8.673617379884035e-19
v 0.03310250863432884 -0.009719773195683956 0.0
v 0.03234574571251869 -0.012949284166097641 0.0005000000237487257
v 0.030664822086691856 -0.015808815136551857 -8.673617379884035e-19
v -0.027366403490304947 -0.015799999237060547 0.00279999990016222
v -0.028178902342915535 -0.01439270842820406 0.001685417490079999
v -0.027366403490304947 -0.015799999237060547 0.0012499999720603228
v 0.027791403234004974 -0.015063878148794174 0.0030277566984295845
v 0.027366403490304947 -0.015799999237060547 0.00279999990016222
v 0.027366403490304947 -0.015799999237060547 0.0012499999720603228
v 0.028178902342915535 -0.01439270842820406 0.001685417490079999
v 0.027791403234004974 -0.015063878148794174 0.0030277566984295845
v 0.027366403490304947 -0.015799999237060547 0.0012499999720603228
v -0.019161315634846687 -0.011812877841293812 0.002929004142060876
v -0.01949424296617508 -0.011254933662712574 0.002800319343805313
v -0.027366403490304947 -0.015799999237060547 0.00279999990016222
v -0.01949424296617508 -0.011254933662712574 0.002800319343805313
v -0.027791403234004974 -0.015063878148794174 0.0030277566984295845
v -0.027366403490304947 -0.015799999237060547 0.00279999990016222
v -0.027791403234004974 -0.015063878148794174 0.0030277566984295845
v -0.028178902342915535 -0.01439270842820406 0.001685417490079999
v -0.027366403490304947 -0.015799999237060547 0.00279999990016222
v 0.027791403234004974 -0.015063878148794174 0.0030277566984295845
v 0.019810909405350685 -0.010687747970223427 0.002929004142060876
v 0.027366403490304947 -0.015799999237060547 0.00279999990016222
v 0.019810909405350685 -0.010687747970223427 0.002929004142060876
v 0.01949339546263218 -0.011256447993218899 0.0028000008314847946
v 0.027366403490304947 -0.015799999237060547 0.00279999990016222
v -0.019810929894447327 -0.010687711648643017 0.006070978939533234
v -0.019493773579597473 -0.011255795136094093 0.006199999712407589
v -0.027366403490304947 -0.015799999237060547 0.006200000178068876
v -0.027791403234004974 -0.015063878148794174 0.005972243379801512
v -0.019810929894447327 -0.010687711648643017 0.006070978939533234
v -0.027366403490304947 -0.015799999237060547 0.006200000178068876
v -0.027366403490304947 -0.015799999237060547 0.00774999987334013
v -0.027791403234004974 -0.015063878148794174 0.005972243379801512
v -0.027366403490304947 -0.015799999237060547 0.006200000178068876
v 0.01949423737823963 -0.011254963465034962 0.006199824623763561
v 0.027791403234004974 -0.015063878148794174 0.005972243379801512
v 0.027366403490304947 -0.015799999237060547 0.006200000178068876
v 0.019161295145750046 -0.011812911368906498 0.006070978939533234
v 0.01949423737823963 -0.011254963465034962 0.006199824623763561
v 0.027366403490304947 -0.015799999237060547 0.006200000178068876
v 0.027791403234004974 -0.015063878148794174 0.005972243379801512
v 0.028178902342915535 -0.01439270842820406 0.007314582355320454
v 0.027366403490304947 -0.015799999237060547 0.006200000178068876
v 0.028178902342915535 -0.01439270842820406 0.007314582355320454
v 0.027366403490304947 -0.015799999237060547 0.00774999987334013
v 0.027366403490304947 -0.015799999237060547 0.006200000178068876
v -0.028178902342915535 -0.01439270842820406 0.007314582355320454
v -0.027791403234004974 -0.015063878148794174 0.005972243379801512
v -0.027366403490304947 -0.015799999237060547 0.00774999987334013
v 0.03234574571251869 -0.012949284166097641 0.0005000000237487257
v 0.03157178685069084 -0.01510702446103096 0.0026952209882438183
v 0.03128259629011154 -0.01569710485637188 0.001975779887288809
v 0.03157178685069084 -0.01510702446103096 0.0026952209882438183
v 0.02877369336783886 -0.013362499885261059 0.0028750000055879354
v 0.03128259629011154 -0.01569710485637188 0.001975779887288809
v 0.02877369336783886 -0.013362499885261059 0.0028750000055879354
v 0.028178902342915535 -0.01439270842820406 0.001685417490079999
v 0.03128259629011154 -0.01569710485637188 0.001975779887288809
v -0.029791679233312607 -0.015320111066102982 0.0697999969124794
v -0.03034272789955139 -0.015603568404912949 0.06917867809534073
v -0.030328238382935524 -0.0156352948397398 0.06917867809534073
v 0.031677138060331345 -0.012681613676249981 0.06917867809534073
v 0.031209342181682587 -0.012174851261079311 0.0697999969124794
v 0.030328238382935524 -0.0156352948397398 0.06917867809534073
v 0.032280873507261276 -0.01292331237345934 0.06820540875196457
v 0.031677138060331345 -0.012681613676249981 0.06917867809534073
v 0.030328238382935524 -0.0156352948397398 0.06917867809534073
v -0.029791679233312607 -0.015320111066102982 0.0697999969124794
v -0.031677138060331345 -0.012681613676249981 0.06917867809534073
v -0.03034272789955139 -0.015603568404912949 0.06917867809534073
v -0.031677138060331345 -0.012681613676249981 0.06917867809534073
v -0.032280873507261276 -0.01292331237345934 0.06820540875196457
v -0.03034272789955139 -0.015603568404912949 0.06917867809534073
v -0.03161396458745003 -0.015017330646514893 0.002884573768824339
v -0.032492876052856445 -0.013008185662329197 0.0005000000237487257
v -0.031394075602293015 -0.015472942031919956 0.0022008835803717375
v -0.028178902342915535 -0.01439270842820406 0.001685417490079999
v -0.02877369336783886 -0.013362499885261059 0.0028750000055879354
v -0.031394075602293015 -0.015472942031919956 0.0022008835803717375
v -0.02877369336783886 -0.013362499885261059 0.0028750000055879354
v -0.03161396458745003 -0.015017330646514893 0.002884573768824339
v -0.031394075602293015 -0.015472942031919956 0.0022008835803717375
v -0.006000000052154064 0.005535709206014872 0.0697999969124794
v -0.03216038644313812 -0.009378676302731037 0.0697999969124794
v -0.029791679233312607 -0.015320111066102982 0.0697999969124794
v -0.001500000013038516 -0.009999999776482582 0.0697999969124794
v -0.0012990380637347698 -0.00925000011920929 0.0697999969124794
v -0.029791679233312607 -0.015320111066102982 0.0697999969124794
v -0.0012990380637347698 -0.00925000011920929 0.0697999969124794
v -0.006000000052154064 0.005535709206014872 0.0697999969124794
v -0.029791679233312607 -0.015320111066102982 0.0697999969124794
v -0.03273916617035866 -0.009613086469471455 0.06917867809534073
v -0.031677138060331345 -0.012681613676249981 0.06917867809534073
v -0.029791679233312607 -0.015320111066102982 0.0697999969124794
v -0.03216038644313812 -0.009378676302731037 0.0697999969124794
v -0.03273916617035866 -0.009613086469471455 0.06917867809534073
v -0.029791679233312607 -0.015320111066102982 0.0697999969124794
v -0.033582255244255066 -0.009860639460384846 0.06705735623836517
v -0.031606029719114304 -0.015033192001283169 0.006106524262577295
v -0.03148477151989937 -0.015287546440958977 0.006573118735104799
v -0.031606029719114304 -0.015033192001283169 0.006106524262577295
v -0.02877369336783886 -0.013362499885261059 0.006124999839812517
v -0.03148477151989937 -0.015287546440958977 0.006573118735104799
v 0.031606968492269516 -0.015031381510198116 0.006107900757342577
v 0.032492876052856445 -0.013008185662329197 0.06705735623836517
v 0.03149326518177986 -0.015270041301846504 0.0065494622103869915
v 0.02877369336783886 -0.013362499885261059 0.006124999839812517
v 0.031606968492269516 -0.015031381510198116 0.006107900757342577
v 0.03149326518177986 -0.015270041301846504 0.0065494622103869915
v 0.03234574571251869 -0.012949284166097641 0.0005000000237487257
v 0.03161044791340828 -0.015025014989078045 0.002885171677917242
v 0.03157178685069084 -0.01510702446103096 0.0026952209882438183
v 0.03161044791340828 -0.015025014989078045 0.002885171677917242
v 0.02877369336783886 -0.013362499885261059 0.0028750000055879354
v 0.03157178685069084 -0.01510702446103096 0.0026952209882438183
v -0.01981228217482567 -0.010685201734304428 0.002930202754214406
v -0.019896527752280235 -0.010524313896894455 0.0030517354607582092
v -0.027791403234004974 -0.015063878148794174 0.0030277566984295845
v -0.019896527752280235 -0.010524313896894455 0.0030517354607582092
v -0.020067982375621796 -0.010196870192885399 0.0032990812323987484
v -0.027791403234004974 -0.015063878148794174 0.0030277566984295845
v -0.020067982375621796 -0.010196870192885399 0.0032990812323987484
v -0.02810252457857132 -0.014525000005960464 0.003650000086054206
v -0.027791403234004974 -0.015063878148794174 0.0030277566984295845
v -0.01949424296617508 -0.011254933662712574 0.002800319343805313
v -0.01981228217482567 -0.010685201734304428 0.002930202754214406
v -0.027791403234004974 -0.015063878148794174 0.0030277566984295845
v -0.02810252457857132 -0.014525000005960464 0.003650000086054206
v -0.02877369336783886 -0.013362499885261059 0.0028750000055879354
v -0.027791403234004974 -0.015063878148794174 0.0030277566984295845
v -0.02877369336783886 -0.013362499885261059 0.0028750000055879354
v -0.028178902342915535 -0.01439270842820406 0.001685417490079999
v -0.027791403234004974 -0.015063878148794174 0.0030277566984295845
v 0.02810252457857132 -0.014525000005960464 0.003650000086054206
v 0.02006702311336994 -0.01019875705242157 0.0032969668973237276
v 0.027791403234004974 -0.015063878148794174 0.0030277566984295845
v 0.02006702311336994 -0.01019875705242157 0.0032969668973237276
v 0.019896479323506355 -0.01052437350153923 0.003051942680031061
v 0.027791403234004974 -0.015063878148794174 0.0030277566984295845
v 0.019896479323506355 -0.01052437350153923 0.003051942680031061
v 0.019810909405350685 -0.010687747970223427 0.002929004142060876
v 0.027791403234004974 -0.015063878148794174 0.0030277566984295845
v 0.028178902342915535 -0.01439270842820406 0.001685417490079999
v 0.02810252457857132 -0.014525000005960464 0.003650000086054206
v 0.027791403234004974 -0.015063878148794174 0.0030277566984295845
v -0.01989646814763546 -0.010524391196668148 0.005948035046458244
v -0.019810929894447327 -0.010687711648643017 0.006070978939533234
v -0.027791403234004974 -0.015063878148794174 0.005972243379801512
v -0.02006720006465912 -0.010198408737778664 0.005702643655240536
v -0.01989646814763546 -0.010524391196668148 0.005948035046458244
v -0.027791403234004974 -0.015063878148794174 0.005972243379801512
v -0.02810252457857132 -0.014525000005960464 0.005350000225007534
v -0.02006720006465912 -0.010198408737778664 0.005702643655240536
v -0.027791403234004974 -0.015063878148794174 0.005972243379801512
v -0.028178902342915535 -0.01439270842820406 0.007314582355320454
v -0.02810252457857132 -0.014525000005960464 0.005350000225007534
v -0.027791403234004974 -0.015063878148794174 0.005972243379801512
v 0.01949423737823963 -0.011254963465034962 0.006199824623763561
v 0.01981159672141075 -0.010686473920941353 0.006070396862924099
v 0.027791403234004974 -0.015063878148794174 0.005972243379801512
v 0.01981159672141075 -0.010686473920941353 0.006070396862924099
v 0.019896509125828743 -0.010524332523345947 0.005948175676167011
v 0.027791403234004974 -0.015063878148794174 0.005972243379801512
v 0.019896509125828743 -0.010524332523345947 0.005948175676167011
v 0.02810252457857132 -0.014525000005960464 0.005350000225007534
v 0.027791403234004974 -0.015063878148794174 0.005972243379801512
v 0.02810252457857132 -0.014525000005960464 0.005350000225007534
v 0.02877369336783886 -0.013362499885261059 0.006124999839812517
v 0.027791403234004974 -0.015063878148794174 0.005972243379801512
v 0.02877369336783886 -0.013362499885261059 0.006124999839812517
v 0.028178902342915535 -0.01439270842820406 0.007314582355320454
v 0.027791403234004974 -0.015063878148794174 0.005972243379801512
v -0.033582255244255066 -0.009860639460384846 0.06705735623836517
v -0.031700726598501205 -0.014834548346698284 0.005742126144468784
v -0.031606029719114304 -0.015033192001283169 0.006106524262577295
v -0.031700726598501205 -0.014834548346698284 0.005742126144468784
v -0.02877369336783886 -0.013362499885261059 0.006124999839812517
v -0.031606029719114304 -0.015033192001283169 0.006106524262577295
v 0.03169979527592659 -0.014836542308330536 0.0057474160566926
v 0.032492876052856445 -0.013008185662329197 0.06705735623836517
v 0.031606968492269516 -0.015031381510198116 0.006107900757342577
v 0.02877369336783886 -0.013362499885261059 0.006124999839812517
v 0.03169979527592659 -0.014836542308330536 0.0057474160566926
v 0.031606968492269516 -0.015031381510198116 0.006107900757342577
v 0.03234574571251869 -0.012949284166097641 0.0005000000237487257
v 0.03174416720867157 -0.014741365797817707 0.0035421543288975954
v 0.03161044791340828 -0.015025014989078045 0.002885171677917242
v 0.03174416720867157 -0.014741365797817707 0.0035421543288975954
v 0.02877369336783886 -0.013362499885261059 0.0028750000055879354
v 0.03161044791340828 -0.015025014989078045 0.002885171677917242
v -0.03343019261956215 -0.00981598999351263 0.0005000000237487257
v -0.032492876052856445 -0.013008185662329197 0.0005000000237487257
v -0.03161396458745003 -0.015017330646514893 0.002884573768824339
v -0.031645696610212326 -0.014951581135392189 0.0029832362197339535
v -0.03343019261956215 -0.00981598999351263 0.0005000000237487257
v -0.03161396458745003 -0.015017330646514893 0.002884573768824339
v -0.02877369336783886 -0.013362499885261059 0.0028750000055879354
v -0.031645696610212326 -0.014951581135392189 0.0029832362197339535
v -0.03161396458745003 -0.015017330646514893 0.002884573768824339
v -0.03177844360470772 -0.014667332172393799 0.0038628820329904556
v -0.03343019261956215 -0.00981598999351263 0.0005000000237487257
v -0.031645696610212326 -0.014951581135392189 0.0029832362197339535
v -0.02877369336783886 -0.013362499885261059 0.0028750000055879354
v -0.03177844360470772 -0.014667332172393799 0.0038628820329904556
v -0.031645696610212326 -0.014951581135392189 0.0029832362197339535
v 0.0317990668118 -0.014622559770941734 0.004801497329026461
v 0.032492876052856445 -0.013008185662329197 0.06705735623836517
v 0.03169979527592659 -0.014836542308330536 0.0057474160566926
v 0.02877369336783886 -0.013362499885261059 0.006124999839812517
v 0.0317990668118 -0.014622559770941734 0.004801497329026461
v 0.03169979527592659 -0.014836542308330536 0.0057474160566926
v -0.033582255244255066 -0.009860639460384846 0.06705735623836517
v -0.03179766237735748 -0.014625617302954197 0.004835590720176697
v -0.031700726598501205 -0.014834548346698284 0.005742126144468784
v -0.03179766237735748 -0.014625617302954197 0.004835590720176697
v -0.028991403058171272 -0.012985417619347572 0.0044999998062849045
v -0.031700726598501205 -0.014834548346698284 0.005742126144468784
v -0.028991403058171272 -0.012985417619347572 0.0044999998062849045
v -0.02877369336783886 -0.013362499885261059 0.006124999839812517
v -0.031700726598501205 -0.014834548346698284 0.005742126144468784
v 0.017243660986423492 -0.014469149522483349 0.0005000000237487257
v 0.01867966540157795 -0.012285809032619 0.0005000000237487257
v 0.017626682296395302 -0.014790543355047703 -8.673617379884035e-19
v 0.01867966540157795 -0.012285809032619 0.0005000000237487257
v 0.020562486723065376 -0.0103268688544631 0.0
v 0.017626682296395302 -0.014790543355047703 -8.673617379884035e-19
v 0.03234574571251869 -0.012949284166097641 0.0005000000237487257
v 0.03180493041872978 -0.0146098081022501 0.0044999998062849045
v 0.03174416720867157 -0.014741365797817707 0.0035421543288975954
v 0.028991403058171272 -0.012985417619347572 0.0044999998062849045
v 0.02877369336783886 -0.013362499885261059 0.0028750000055879354
v 0.03174416720867157 -0.014741365797817707 0.0035421543288975954
v 0.03180493041872978 -0.0146098081022501 0.0044999998062849045
v 0.028991403058171272 -0.012985417619347572 0.0044999998062849045
v 0.03174416720867157 -0.014741365797817707 0.0035421543288975954
v -0.03179106116294861 -0.014639942906796932 0.004501552786678076
v -0.03343019261956215 -0.00981598999351263 0.0005000000237487257
v -0.03177844360470772 -0.014667332172393799 0.0038628820329904556
v -0.028991403058171272 -0.012985417619347572 0.0044999998062849045
v -0.03179106116294861 -0.014639942906796932 0.004501552786678076
v -0.03177844360470772 -0.014667332172393799 0.0038628820329904556
v -0.02877369336783886 -0.013362499885261059 0.0028750000055879354
v -0.028991403058171272 -0.012985417619347572 0.0044999998062849045
v -0.03177844360470772 -0.014667332172393799 0.0038628820329904556
v -0.03179766237735748 -0.014625617302954197 0.004835590720176697
v -0.03343019261956215 -0.00981598999351263 0.0005000000237487257
v -0.03179106116294861 -0.014639942906796932 0.004501552786678076
v -0.028991403058171272 -0.012985417619347572 0.0044999998062849045
v -0.03179766237735748 -0.014625617302954197 0.004835590720176697
v -0.03179106116294861 -0.014639942906796932 0.004501552786678076
v -0.033582255244255066 -0.009860639460384846 0.06705735623836517
v -0.03343019261956215 -0.00981598999351263 0.0005000000237487257
v -0.03179766237735748 -0.014625617302954197 0.004835590720176697
v 0.03180493041872978 -0.0146098081022501 0.0044999998062849045
v 0.03234574571251869 -0.012949284166097641 0.0005000000237487257
v 0.0317990668118 -0.014622559770941734 0.004801497329026461
v 0.03234574571251869 -0.012949284166097641 0.0005000000237487257
v 0.032492876052856445 -0.013008185662329197 0.06705735623836517
v 0.0317990668118 -0.014622559770941734 0.004801497329026461
v 0.028991403058171272 -0.012985417619347572 0.0044999998062849045
v 0.03180493041872978 -0.0146098081022501 0.0044999998062849045
v 0.0317990668118 -0.014622559770941734 0.004801497329026461
v 0.02877369336783886 -0.013362499885261059 0.006124999839812517
v 0.028991403058171272 -0.012985417619347572 0.0044999998062849045
v 0.0317990668118 -0.014622559770941734 0.004801497329026461
v -0.0202321819961071 -0.009867059998214245 0.0038503354880958796
v -0.028216402977705002 -0.014327757060527802 0.0044999998062849045
v -0.02810252457857132 -0.014525000005960464 0.003650000086054206
v -0.020177310332655907 -0.009977276436984539 0.003666117088869214
v -0.0202321819961071 -0.009867059998214245 0.0038503354880958796
v -0.02810252457857132 -0.014525000005960464 0.003650000086054206
v -0.020067982375621796 -0.010196870192885399 0.0032990812323987484
v -0.020115118473768234 -0.010102193802595139 0.003457325277850032
v -0.02810252457857132 -0.014525000005960464 0.003650000086054206
v -0.020115118473768234 -0.010102193802595139 0.003457325277850032
v -0.020177310332655907 -0.009977276436984539 0.003666117088869214
v -0.02810252457857132 -0.014525000005960464 0.003650000086054206
v -0.028216402977705002 -0.014327757060527802 0.0044999998062849045
v -0.028991403058171272 -0.012985417619347572 0.0044999998062849045
v -0.02810252457857132 -0.014525000005960464 0.003650000086054206
v -0.028991403058171272 -0.012985417619347572 0.0044999998062849045
v -0.02877369336783886 -0.013362499885261059 0.0028750000055879354
v -0.02810252457857132 -0.014525000005960464 0.003650000086054206
v 0.028216402977705002 -0.014327757060527802 0.0044999998062849045
v 0.02023168094456196 -0.00986808817833662 0.0038475836627185345
v 0.02810252457857132 -0.014525000005960464 0.003650000086054206
v 0.02023168094456196 -0.00986808817833662 0.0038475836627185345
v 0.02017739601433277 -0.009977106004953384 0.0036660514306277037
v 0.02810252457857132 -0.014525000005960464 0.003650000086054206
v 0.02017739601433277 -0.009977106004953384 0.0036660514306277037
v 0.02006702311336994 -0.01019875705242157 0.0032969668973237276
v 0.02810252457857132 -0.014525000005960464 0.003650000086054206
v 0.028178902342915535 -0.01439270842820406 0.001685417490079999
v 0.02877369336783886 -0.013362499885261059 0.0028750000055879354
v 0.02810252457857132 -0.014525000005960464 0.003650000086054206
v 0.02877369336783886 -0.013362499885261059 0.0028750000055879354
v 0.028216402977705002 -0.014327757060527802 0.0044999998062849045
v 0.02810252457857132 -0.014525000005960464 0.003650000086054206
v -0.020115111023187637 -0.01010219007730484 0.005542220547795296
v -0.02006720006465912 -0.010198408737778664 0.005702643655240536
v -0.02810252457857132 -0.014525000005960464 0.005350000225007534
v -0.028216402977705002 -0.014327757060527802 0.0044999998062849045
v -0.020231926813721657 -0.009867584332823753 0.005151068326085806
v -0.02810252457857132 -0.014525000005960464 0.005350000225007534
v -0.020231926813721657 -0.009867584332823753 0.005151068326085806
v -0.020177332684397697 -0.009977228939533234 0.0053338767029345036
v -0.02810252457857132 -0.014525000005960464 0.005350000225007534
v -0.020177332684397697 -0.009977228939533234 0.0053338767029345036
v -0.020115111023187637 -0.01010219007730484 0.005542220547795296
v -0.02810252457857132 -0.014525000005960464 0.005350000225007534
v -0.028178902342915535 -0.01439270842820406 0.007314582355320454
v -0.02877369336783886 -0.013362499885261059 0.006124999839812517
v -0.02810252457857132 -0.014525000005960464 0.005350000225007534
v -0.02877369336783886 -0.013362499885261059 0.006124999839812517
v -0.028216402977705002 -0.014327757060527802 0.0044999998062849045
v -0.02810252457857132 -0.014525000005960464 0.005350000225007534
v 0.02017924375832081 -0.009973571635782719 0.0053363279439508915
v 0.020225653424859047 -0.009880437515676022 0.005184505134820938
v 0.02810252457857132 -0.014525000005960464 0.005350000225007534
v 0.020225653424859047 -0.009880437515676022 0.005184505134820938
v 0.028216402977705002 -0.014327757060527802 0.0044999998062849045
v 0.02810252457857132 -0.014525000005960464 0.005350000225007534
v 0.019896509125828743 -0.010524332523345947 0.005948175676167011
v 0.020067403092980385 -0.010198010131716728 0.005702197086066008
v 0.02810252457857132 -0.014525000005960464 0.005350000225007534
v 0.020067403092980385 -0.010198010131716728 0.005702197086066008
v 0.02017924375832081 -0.009973571635782719 0.0053363279439508915
v 0.02810252457857132 -0.014525000005960464 0.005350000225007534
v 0.028216402977705002 -0.014327757060527802 0.0044999998062849045
v 0.028991403058171272 -0.012985417619347572 0.0044999998062849045
v 0.02810252457857132 -0.014525000005960464 0.005350000225007534
v 0.028991403058171272 -0.012985417619347572 0.0044999998062849045
v 0.02877369336783886 -0.013362499885261059 0.006124999839812517
v 0.02810252457857132 -0.014525000005960464 0.005350000225007534
v 0.018661215901374817 -0.012588053941726685 0.0038503354880958796
v 0.018729230388998985 -0.012485424987971783 0.003666117088869214
v 0.017243660986423492 -0.014469149522483349 0.0005000000237487257
v 0.018729230388998985 -0.012485424987971783 0.003666117088869214
v 0.01867966540157795 -0.012285809032619 0.0005000000237487257
v 0.017243660986423492 -0.014469149522483349 0.0005000000237487257
v -0.018588559702038765 -0.012695100158452988 0.0044999998062849045
v -0.01866953633725643 -0.012575711123645306 0.005184505134820938
v -0.017243660986423492 -0.014469149522483349 0.008999999612569809
v -0.01866953633725643 -0.012575711123645306 0.005184505134820938
v -0.01872698776423931 -0.012488951906561852 0.0053363279439508915
v -0.017243660986423492 -0.014469149522483349 0.008999999612569809
v -0.01872698776423931 -0.012488951906561852 0.0053363279439508915
v -0.018865438178181648 -0.012279876507818699 0.005702197086066008
v -0.017243660986423492 -0.014469149522483349 0.008999999612569809
v -0.0191605556756258 -0.011814109049737453 0.006070396862924099
v -0.020115669816732407 -0.010102469474077225 0.008999999612569809
v -0.017243660986423492 -0.014469149522483349 0.008999999612569809
v -0.019062593579292297 -0.011968716979026794 0.005948175676167011
v -0.0191605556756258 -0.011814109049737453 0.006070396862924099
v -0.017243660986423492 -0.014469149522483349 0.008999999612569809
v -0.018865438178181648 -0.012279876507818699 0.005702197086066008
v -0.019062593579292297 -0.011968716979026794 0.005948175676167011
v -0.017243660986423492 -0.014469149522483349 0.008999999612569809
v -0.017127064988017082 -0.014371314086019993 0.0005000000237487257
v -0.018588559702038765 -0.012695100158452988 0.0044999998062849045
v -0.017243660986423492 -0.014469149522483349 0.008999999612569809
v -0.020115669816732407 -0.010102469474077225 0.008999999612569809
v -1.070659881689516e-18 -1.6278288899705341e-19 0.008999999612569809
v -0.017243660986423492 -0.014469149522483349 0.008999999612569809
v -0.01872912608087063 -0.012485584244132042 0.0036660514306277037
v -0.018661856651306152 -0.012587105855345726 0.0038475836627185345
v -0.017127064988017082 -0.014371314086019993 0.0005000000237487257
v -0.018806830048561096 -0.012369447387754917 0.0005000000237487257
v -0.01906261406838894 -0.011968669481575489 0.003051942680031061
v -0.017127064988017082 -0.014371314086019993 0.0005000000237487257
v -0.01906261406838894 -0.011968669481575489 0.003051942680031061
v -0.01886589452624321 -0.012279174290597439 0.0032969668973237276
v -0.017127064988017082 -0.014371314086019993 0.0005000000237487257
v -0.01886589452624321 -0.012279174290597439 0.0032969668973237276
v -0.01872912608087063 -0.012485584244132042 0.0036660514306277037
v -0.017127064988017082 -0.014371314086019993 0.0005000000237487257
v -0.018661856651306152 -0.012587105855345726 0.0038475836627185345
v -0.018588559702038765 -0.012695100158452988 0.0044999998062849045
v -0.017127064988017082 -0.014371314086019993 0.0005000000237487257
v -0.01922457478940487 -0.012644201517105103 -2.6020852139652106e-18
v -0.018806830048561096 -0.012369447387754917 0.0005000000237487257
v -0.017127064988017082 -0.014371314086019993 0.0005000000237487257
v -0.020288508385419846 -0.009750720113515854 0.00450002308934927
v -0.020231926813721657 -0.009867584332823753 0.005151068326085806
v -0.028216402977705002 -0.014327757060527802 0.0044999998062849045
v -0.0202321819961071 -0.009867059998214245 0.0038503354880958796
v -0.020288508385419846 -0.009750720113515854 0.00450002308934927
v -0.028216402977705002 -0.014327757060527802 0.0044999998062849045
v -0.02877369336783886 -0.013362499885261059 0.006124999839812517
v -0.028991403058171272 -0.012985417619347572 0.0044999998062849045
v -0.028216402977705002 -0.014327757060527802 0.0044999998062849045
v 0.020225653424859047 -0.009880437515676022 0.005184505134820938
v 0.020288558676838875 -0.009750613942742348 0.0044999998062849045
v 0.028216402977705002 -0.014327757060527802 0.0044999998062849045
v 0.020288558676838875 -0.009750613942742348 0.0044999998062849045
v 0.02023168094456196 -0.00986808817833662 0.0038475836627185345
v 0.028216402977705002 -0.014327757060527802 0.0044999998062849045
v 0.02877369336783886 -0.013362499885261059 0.0028750000055879354
v 0.028991403058171272 -0.012985417619347572 0.0044999998062849045
v 0.028216402977705002 -0.014327757060527802 0.0044999998062849045
v -0.03343019261956215 -0.00981598999351263 0.0005000000237487257
v -0.032028693705797195 -0.012822355143725872 -4.336808689942018e-18
v -0.032492876052856445 -0.013008185662329197 0.0005000000237487257
v -0.032280873507261276 -0.01292331237345934 0.06820540875196457
v -0.03336314111948013 -0.009796302765607834 0.06820540875196457
v -0.032492876052856445 -0.013008185662329197 0.06705735623836517
v -0.03336314111948013 -0.009796302765607834 0.06820540875196457
v -0.033582255244255066 -0.009860639460384846 0.06705735623836517
v -0.032492876052856445 -0.013008185662329197 0.06705735623836517
v 0.03234574571251869 -0.012949284166097641 0.0005000000237487257
v 0.033582255244255066 -0.009860639460384846 0.06705735623836517
v 0.032492876052856445 -0.013008185662329197 0.06705735623836517
v 0.033582255244255066 -0.009860639460384846 0.06705735623836517
v 0.032280873507261276 -0.01292331237345934 0.06820540875196457
v 0.032492876052856445 -0.013008185662329197 0.06705735623836517
v 0.033582255244255066 -0.009860639460384846 0.0005000000237487257
v 0.033582255244255066 -0.009860639460384846 0.06705735623836517
v 0.03234574571251869 -0.012949284166097641 0.0005000000237487257
v 0.03310250863432884 -0.009719773195683956 0.0
v 0.033582255244255066 -0.009860639460384846 0.0005000000237487257
v 0.03234574571251869 -0.012949284166097641 0.0005000000237487257
v -0.03273916617035866 -0.009613086469471455 0.06917867809534073
v -0.03336314111948013 -0.009796302765607834 0.06820540875196457
v -0.032280873507261276 -0.01292331237345934 0.06820540875196457
v -0.031677138060331345 -0.012681613676249981 0.06917867809534073
v -0.03273916617035866 -0.009613086469471455 0.06917867809534073
v -0.032280873507261276 -0.01292331237345934 0.06820540875196457
v 0.033582255244255066 -0.009860639460384846 0.06705735623836517
v 0.03336314111948013 -0.009796302765607834 0.06820540875196457
v 0.032280873507261276 -0.01292331237345934 0.06820540875196457
v 0.03177585452795029 -0.012396392412483692 0.06917867809534073
v 0.031677138060331345 -0.012681613676249981 0.06917867809534073
v 0.032280873507261276 -0.01292331237345934 0.06820540875196457
v 0.03336314111948013 -0.009796302765607834 0.06820540875196457
v 0.03177585452795029 -0.012396392412483692 0.06917867809534073
v 0.032280873507261276 -0.01292331237345934 0.06820540875196457
v -0.03343019261956215 -0.00981598999351263 0.0005000000237487257
v -0.03387653827667236 -0.006529167760163546 0.0
v -0.032028693705797195 -0.012822355143725872 -4.336808689942018e-18
v -0.022854413837194443 -0.002671297872439027 -2.6020852139652106e-18
v -0.021622328087687492 -0.007869883440434933 -2.6020852139652106e-18
v -0.032028693705797195 -0.012822355143725872 -4.336808689942018e-18
v -0.03387653827667236 -0.006529167760163546 0.0
v -0.022854413837194443 -0.002671297872439027 -2.6020852139652106e-18
v -0.032028693705797195 -0.012822355143725872 -4.336808689942018e-18
v 0.03177585452795029 -0.012396392412483692 0.06917867809534073
v 0.031209342181682587 -0.012174851261079311 0.0697999969124794
v 0.031677138060331345 -0.012681613676249981 0.06917867809534073
v -0.021622328087687492 -0.007869883440434933 -2.6020852139652106e-18
v -0.019979655742645264 -0.010034160688519478 0.0005000000237487257
v -0.01922457478940487 -0.012644201517105103 -2.6020852139652106e-18
v -0.019979655742645264 -0.010034160688519478 0.0005000000237487257
v -0.018806830048561096 -0.012369447387754917 0.0005000000237487257
v -0.01922457478940487 -0.012644201517105103 -2.6020852139652106e-18
v 0.01880631595849991 -0.012369106523692608 0.003457325277850032
v 0.01867966540157795 -0.012285809032619 0.0005000000237487257
v 0.018729230388998985 -0.012485424987971783 0.003666117088869214
v 0.03273916617035866 -0.009613086469471455 0.06917867809534073
v 0.031209342181682587 -0.012174851261079311 0.0697999969124794
v 0.03177585452795029 -0.012396392412483692 0.06917867809534073
v 0.03336314111948013 -0.009796302765607834 0.06820540875196457
v 0.03273916617035866 -0.009613086469471455 0.06917867809534073
v 0.03177585452795029 -0.012396392412483692 0.06917867809534073
v -0.019979655742645264 -0.010034160688519478 0.0005000000237487257
v -0.01949424296617508 -0.011254933662712574 0.002800319343805313
v -0.018806830048561096 -0.012369447387754917 0.0005000000237487257
v -0.01949424296617508 -0.011254933662712574 0.002800319343805313
v -0.019161315634846687 -0.011812877841293812 0.002929004142060876
v -0.018806830048561096 -0.012369447387754917 0.0005000000237487257
v -0.019161315634846687 -0.011812877841293812 0.002929004142060876
v -0.01906261406838894 -0.011968669481575489 0.003051942680031061
v -0.018806830048561096 -0.012369447387754917 0.0005000000237487257
v 0.01981159672141075 -0.010686473920941353 0.006070396862924099
v 0.01949423737823963 -0.011254963465034962 0.006199824623763561
v 0.018806830048561096 -0.012369447387754917 0.008999999612569809
v 0.02115248143672943 -0.007698873523622751 0.008999999612569809
v 0.01981159672141075 -0.010686473920941353 0.006070396862924099
v 0.018806830048561096 -0.012369447387754917 0.008999999612569809
v 0.01949423737823963 -0.011254963465034962 0.006199824623763561
v 0.019161295145750046 -0.011812911368906498 0.006070978939533234
v 0.018806830048561096 -0.012369447387754917 0.008999999612569809
v 0.019161295145750046 -0.011812911368906498 0.006070978939533234
v 0.019062623381614685 -0.011968651786446571 0.005948035046458244
v 0.018806830048561096 -0.012369447387754917 0.008999999612569809
v 0.019062623381614685 -0.011968651786446571 0.005948035046458244
v 0.018865682184696198 -0.012279501184821129 0.005702643655240536
v 0.018806830048561096 -0.012369447387754917 0.008999999612569809
v 0.018865682184696198 -0.012279501184821129 0.005702643655240536
v 0.01880630850791931 -0.012369101867079735 0.005542220547795296
v 0.018806830048561096 -0.012369447387754917 0.008999999612569809
v -1.070659881689516e-18 -1.6278288899705341e-19 0.008999999612569809
v 0.02115248143672943 -0.007698873523622751 0.008999999612569809
v 0.018806830048561096 -0.012369447387754917 0.008999999612569809
v 0.018864739686250687 -0.012280948460102081 0.0032990812323987484
v 0.01867966540157795 -0.012285809032619 0.0005000000237487257
v 0.01880631595849991 -0.012369106523692608 0.003457325277850032
v 0.018864739686250687 -0.012280948460102081 0.0032990812323987484
v 0.0190625861287117 -0.011968741193413734 0.0030517354607582092
v 0.01867966540157795 -0.012285809032619 0.0005000000237487257
v 0.0190625861287117 -0.011968741193413734 0.0030517354607582092
v 0.019159797579050064 -0.01181533932685852 0.002930202754214406
v 0.01867966540157795 -0.012285809032619 0.0005000000237487257
v 0.019159797579050064 -0.01181533932685852 0.002930202754214406
v 0.01949339546263218 -0.011256447993218899 0.0028000008314847946
v 0.01867966540157795 -0.012285809032619 0.0005000000237487257
v 0.01949339546263218 -0.011256447993218899 0.0028000008314847946
v 0.020115669816732407 -0.010102469474077225 0.0005000000237487257
v 0.01867966540157795 -0.012285809032619 0.0005000000237487257
v 0.020115669816732407 -0.010102469474077225 0.0005000000237487257
v 0.020562486723065376 -0.0103268688544631 0.0
v 0.01867966540157795 -0.012285809032619 0.0005000000237487257
v 0.032954420894384384 -0.00602130638435483 0.0697999969124794
v 0.001500000013038516 -0.009999999776482582 0.0697999969124794
v 0.031209342181682587 -0.012174851261079311 0.0697999969124794
v 0.03273916617035866 -0.009613086469471455 0.06917867809534073
v 0.032954420894384384 -0.00602130638435483 0.0697999969124794
v 0.031209342181682587 -0.012174851261079311 0.0697999969124794
v -0.019493773579597473 -0.011255795136094093 0.006199999712407589
v -0.020115669816732407 -0.010102469474077225 0.008999999612569809
v -0.0191605556756258 -0.011814109049737453 0.006070396862924099
v -0.000750000006519258 -0.01129903830587864 0.06880000233650208
v -0.000750000006519258 -0.01129903830587864 0.0697999969124794
v -1.1932852922769549e-17 -0.011500000022351742 0.06880000233650208
v -0.000750000006519258 -0.01129903830587864 0.0697999969124794
v -1.1932852922769549e-17 -0.011500000022351742 0.0697999969124794
v -1.1932852922769549e-17 -0.011500000022351742 0.06880000233650208
v -1.1932852922769549e-17 -0.011500000022351742 0.0697999969124794
v 0.000750000006519258 -0.01129903830587864 0.06880000233650208
v -1.1932852922769549e-17 -0.011500000022351742 0.06880000233650208
v -1.032503963227369e-17 -0.009999999776482582 0.06880000233650208
v -0.000750000006519258 -0.01129903830587864 0.06880000233650208
v -1.1932852922769549e-17 -0.011500000022351742 0.06880000233650208
v 0.000750000006519258 -0.01129903830587864 0.06880000233650208
v -1.032503963227369e-17 -0.009999999776482582 0.06880000233650208
v -1.1932852922769549e-17 -0.011500000022351742 0.06880000233650208
v 0.000750000006519258 -0.01129903830587864 0.0697999969124794
v 0.000750000006519258 -0.01129903830587864 0.06880000233650208
v -1.1932852922769549e-17 -0.011500000022351742 0.0697999969124794
v -0.0012990380637347698 -0.01075000036507845 0.06880000233650208
v -0.0012990380637347698 -0.01075000036507845 0.0697999969124794
v -0.000750000006519258 -0.01129903830587864 0.06880000233650208
v -0.0012990380637347698 -0.01075000036507845 0.0697999969124794
v -0.000750000006519258 -0.01129903830587864 0.0697999969124794
v -0.000750000006519258 -0.01129903830587864 0.06880000233650208
v -1.032503963227369e-17 -0.009999999776482582 0.06880000233650208
v -0.0012990380637347698 -0.01075000036507845 0.06880000233650208
v -0.000750000006519258 -0.01129903830587864 0.06880000233650208
v 0.000750000006519258 -0.01129903830587864 0.0697999969124794
v 0.0012990380637347698 -0.01075000036507845 0.06880000233650208
v 0.000750000006519258 -0.01129903830587864 0.06880000233650208
v 0.0012990380637347698 -0.01075000036507845 0.06880000233650208
v -1.032503963227369e-17 -0.009999999776482582 0.06880000233650208
v 0.000750000006519258 -0.01129903830587864 0.06880000233650208
v 0.0012990380637347698 -0.01075000036507845 0.0697999969124794
v 0.0012990380637347698 -0.01075000036507845 0.06880000233650208
v 0.000750000006519258 -0.01129903830587864 0.0697999969124794
v 0.019810909405350685 -0.010687747970223427 0.002929004142060876
v 0.020115669816732407 -0.010102469474077225 0.0005000000237487257
v 0.01949339546263218 -0.011256447993218899 0.0028000008314847946
v -0.019810929894447327 -0.010687711648643017 0.006070978939533234
v -0.020115669816732407 -0.010102469474077225 0.008999999612569809
v -0.019493773579597473 -0.011255795136094093 0.006199999712407589
v -0.019979655742645264 -0.010034160688519478 0.0005000000237487257
v -0.01981228217482567 -0.010685201734304428 0.002930202754214406
v -0.01949424296617508 -0.011254933662712574 0.002800319343805313
v -0.001500000013038516 -0.009999999776482582 0.06880000233650208
v -0.001500000013038516 -0.009999999776482582 0.0697999969124794
v -0.0012990380637347698 -0.01075000036507845 0.06880000233650208
v -0.001500000013038516 -0.009999999776482582 0.0697999969124794
v -0.0012990380637347698 -0.01075000036507845 0.0697999969124794
v -0.0012990380637347698 -0.01075000036507845 0.06880000233650208
v -1.032503963227369e-17 -0.009999999776482582 0.06880000233650208
v -0.001500000013038516 -0.009999999776482582 0.06880000233650208
v -0.0012990380637347698 -0.01075000036507845 0.06880000233650208
v 0.0012990380637347698 -0.01075000036507845 0.0697999969124794
v 0.001500000013038516 -0.009999999776482582 0.06880000233650208
v 0.0012990380637347698 -0.01075000036507845 0.06880000233650208
v 0.001500000013038516 -0.009999999776482582 0.06880000233650208
v -1.032503963227369e-17 -0.009999999776482582 0.06880000233650208
v 0.0012990380637347698 -0.01075000036507845 0.06880000233650208
v 0.001500000013038516 -0.009999999776482582 0.0697999969124794
v 0.001500000013038516 -0.009999999776482582 0.06880000233650208
v 0.0012990380637347698 -0.01075000036507845 0.0697999969124794
v 0.019896479323506355 -0.01052437350153923 0.003051942680031061
v 0.020115669816732407 -0.010102469474077225 0.0005000000237487257
v 0.019810909405350685 -0.010687747970223427 0.002929004142060876
v -0.01989646814763546 -0.010524391196668148 0.005948035046458244
v -0.020115669816732407 -0.010102469474077225 0.008999999612569809
v -0.019810929894447327 -0.010687711648643017 0.006070978939533234
v 0.02115248143672943 -0.007698873523622751 0.008999999612569809
v 0.019896509125828743 -0.010524332523345947 0.005948175676167011
v 0.01981159672141075 -0.010686473920941353 0.006070396862924099
v -0.019979655742645264 -0.010034160688519478 0.0005000000237487257
v -0.019896527752280235 -0.010524313896894455 0.0030517354607582092
v -0.01981228217482567 -0.010685201734304428 0.002930202754214406
v -0.02006720006465912 -0.010198408737778664 0.005702643655240536
v -0.020115669816732407 -0.010102469474077225 0.008999999612569809
v -0.01989646814763546 -0.010524391196668148 0.005948035046458244
v 0.021009454503655434 -0.0076468163169920444 0.0005000000237487257
v 0.020115669816732407 -0.010102469474077225 0.0005000000237487257
v 0.019896479323506355 -0.01052437350153923 0.003051942680031061
v 0.02006702311336994 -0.01019875705242157 0.0032969668973237276
v 0.021009454503655434 -0.0076468163169920444 0.0005000000237487257
v 0.019896479323506355 -0.01052437350153923 0.003051942680031061
v 0.02115248143672943 -0.007698873523622751 0.008999999612569809
v 0.020067403092980385 -0.010198010131716728 0.005702197086066008
v 0.019896509125828743 -0.010524332523345947 0.005948175676167011
v -0.019979655742645264 -0.010034160688519478 0.0005000000237487257
v -0.020067982375621796 -0.010196870192885399 0.0032990812323987484
v -0.019896527752280235 -0.010524313896894455 0.0030517354607582092
v 0.022389762103557587 -0.005306471139192581 2.6020852139652106e-18
v 0.03310250863432884 -0.009719773195683956 0.0
v 0.020562486723065376 -0.0103268688544631 0.0
v 0.020115669816732407 -0.010102469474077225 0.0005000000237487257
v 0.021009454503655434 -0.0076468163169920444 0.0005000000237487257
v 0.020562486723065376 -0.0103268688544631 0.0
v 0.021009454503655434 -0.0076468163169920444 0.0005000000237487257
v 0.022389762103557587 -0.005306471139192581 2.6020852139652106e-18
v 0.020562486723065376 -0.0103268688544631 0.0
v 0.02017739601433277 -0.009977106004953384 0.0036660514306277037
v 0.021009454503655434 -0.0076468163169920444 0.0005000000237487257
v 0.02006702311336994 -0.01019875705242157 0.0032969668973237276
v -0.020115111023187637 -0.01010219007730484 0.005542220547795296
v -0.020115669816732407 -0.010102469474077225 0.008999999612569809
v -0.02006720006465912 -0.010198408737778664 0.005702643655240536
v 0.02115248143672943 -0.007698873523622751 0.008999999612569809
v 0.02017924375832081 -0.009973571635782719 0.0053363279439508915
v 0.020067403092980385 -0.010198010131716728 0.005702197086066008
v -0.019979655742645264 -0.010034160688519478 0.0005000000237487257
v -0.020115118473768234 -0.010102193802595139 0.003457325277850032
v -0.020067982375621796 -0.010196870192885399 0.0032990812323987484
v -0.020115111023187637 -0.01010219007730484 0.005542220547795296
v -0.02190323919057846 -0.005191163159906864 0.008999999612569809
v -0.020115669816732407 -0.010102469474077225 0.008999999612569809
v -0.02190323919057846 -0.005191163159906864 0.008999999612569809
v -1.070659881689516e-18 -1.6278288899705341e-19 0.008999999612569809
v -0.020115669816732407 -0.010102469474077225 0.008999999612569809
v -0.019979655742645264 -0.010034160688519478 0.0005000000237487257
v -0.020177310332655907 -0.009977276436984539 0.003666117088869214
v -0.020115118473768234 -0.010102193802595139 0.003457325277850032
v -0.020177332684397697 -0.009977228939533234 0.0053338767029345036
v -0.02190323919057846 -0.005191163159906864 0.008999999612569809
v -0.020115111023187637 -0.01010219007730484 0.005542220547795296
v -0.02115248143672943 -0.007698873523622751 0.0005000000237487257
v -0.020177310332655907 -0.009977276436984539 0.003666117088869214
v -0.019979655742645264 -0.010034160688519478 0.0005000000237487257
v -0.021622328087687492 -0.007869883440434933 -2.6020852139652106e-18
v -0.02115248143672943 -0.007698873523622751 0.0005000000237487257
v -0.019979655742645264 -0.010034160688519478 0.0005000000237487257
v -0.0012990380637347698 -0.00925000011920929 0.06880000233650208
v -0.0012990380637347698 -0.00925000011920929 0.0697999969124794
v -0.001500000013038516 -0.009999999776482582 0.06880000233650208
v -0.0012990380637347698 -0.00925000011920929 0.0697999969124794
v -0.001500000013038516 -0.009999999776482582 0.0697999969124794
v -0.001500000013038516 -0.009999999776482582 0.06880000233650208
v -1.032503963227369e-17 -0.009999999776482582 0.06880000233650208
v -0.0012990380637347698 -0.00925000011920929 0.06880000233650208
v -0.001500000013038516 -0.009999999776482582 0.06880000233650208
v 0.001500000013038516 -0.009999999776482582 0.06880000233650208
v 0.0012990380637347698 -0.00925000011920929 0.06880000233650208
v -1.032503963227369e-17 -0.009999999776482582 0.06880000233650208
v -0.000750000006519258 -0.0087009621784091 0.06880000233650208
v -0.0012990380637347698 -0.00925000011920929 0.06880000233650208
v -1.032503963227369e-17 -0.009999999776482582 0.06880000233650208
v 0.0012990380637347698 -0.00925000011920929 0.06880000233650208
v 0.000750000006519258 -0.0087009621784091 0.06880000233650208
v -1.032503963227369e-17 -0.009999999776482582 0.06880000233650208
v 0.000750000006519258 -0.0087009621784091 0.06880000233650208
v -9.900124396230713e-18 -0.008500000461935997 0.06880000233650208
v -1.032503963227369e-17 -0.009999999776482582 0.06880000233650208
v -9.900124396230713e-18 -0.008500000461935997 0.06880000233650208
v -0.000750000006519258 -0.0087009621784091 0.06880000233650208
v -1.032503963227369e-17 -0.009999999776482582 0.06880000233650208
v 0.001500000013038516 -0.009999999776482582 0.0697999969124794
v 0.0012990380637347698 -0.00925000011920929 0.06880000233650208
v 0.001500000013038516 -0.009999999776482582 0.06880000233650208
v 0.032954420894384384 -0.00602130638435483 0.0697999969124794
v 0.0012990380637347698 -0.00925000011920929 0.0697999969124794
v 0.001500000013038516 -0.009999999776482582 0.0697999969124794
v 0.0012990380637347698 -0.00925000011920929 0.0697999969124794
v 0.0012990380637347698 -0.00925000011920929 0.06880000233650208
v 0.001500000013038516 -0.009999999776482582 0.0697999969124794
v -0.021755138412117958 -0.005156062543392181 0.0005000000237487257
v -0.0202321819961071 -0.009867059998214245 0.0038503354880958796
v -0.020177310332655907 -0.009977276436984539 0.003666117088869214
v -0.02115248143672943 -0.007698873523622751 0.0005000000237487257
v -0.021755138412117958 -0.005156062543392181 0.0005000000237487257
v -0.020177310332655907 -0.009977276436984539 0.003666117088869214
v -0.020231926813721657 -0.009867584332823753 0.005151068326085806
v -0.02190323919057846 -0.005191163159906864 0.008999999612569809
v -0.020177332684397697 -0.009977228939533234 0.0053338767029345036
v 0.02023168094456196 -0.00986808817833662 0.0038475836627185345
v 0.021009454503655434 -0.0076468163169920444 0.0005000000237487257
v 0.02017739601433277 -0.009977106004953384 0.0036660514306277037
v 0.02115248143672943 -0.007698873523622751 0.008999999612569809
v 0.020225653424859047 -0.009880437515676022 0.005184505134820938
v 0.02017924375832081 -0.009973571635782719 0.0053363279439508915
v 0.02115248143672943 -0.007698873523622751 0.008999999612569809
v 0.020288558676838875 -0.009750613942742348 0.0044999998062849045
v 0.020225653424859047 -0.009880437515676022 0.005184505134820938
v 0.020288558676838875 -0.009750613942742348 0.0044999998062849045
v 0.021009454503655434 -0.0076468163169920444 0.0005000000237487257
v 0.02023168094456196 -0.00986808817833662 0.0038475836627185345
v -0.020288508385419846 -0.009750720113515854 0.00450002308934927
v -0.021755138412117958 -0.005156062543392181 0.0005000000237487257
v -0.020231926813721657 -0.009867584332823753 0.005151068326085806
v -0.021755138412117958 -0.005156062543392181 0.0005000000237487257
v -0.02190323919057846 -0.005191163159906864 0.008999999612569809
v -0.020231926813721657 -0.009867584332823753 0.005151068326085806
v -0.021755138412117958 -0.005156062543392181 0.0005000000237487257
v -0.020288508385419846 -0.009750720113515854 0.00450002308934927
v -0.0202321819961071 -0.009867059998214245 0.0038503354880958796
v 0.034367505460977554 -0.006623793393373489 0.06705735623836517
v 0.033582255244255066 -0.009860639460384846 0.06705735623836517
v 0.033582255244255066 -0.009860639460384846 0.0005000000237487257
v 0.034211885184049606 -0.006593800615519285 0.0005000000237487257
v 0.034367505460977554 -0.006623793393373489 0.06705735623836517
v 0.033582255244255066 -0.009860639460384846 0.0005000000237487257
v 0.03310250863432884 -0.009719773195683956 0.0
v 0.034211885184049606 -0.006593800615519285 0.0005000000237487257
v 0.033582255244255066 -0.009860639460384846 0.0005000000237487257
v -0.034367505460977554 -0.006623793393373489 0.06705735623836517
v -0.034367505460977554 -0.006623793393373489 0.0005000000237487257
v -0.033582255244255066 -0.009860639460384846 0.06705735623836517
v -0.034367505460977554 -0.006623793393373489 0.0005000000237487257
v -0.03343019261956215 -0.00981598999351263 0.0005000000237487257
v -0.033582255244255066 -0.009860639460384846 0.06705735623836517
v -0.03336314111948013 -0.009796302765607834 0.06820540875196457
v -0.034143269062042236 -0.006580575834959745 0.06820540875196457
v -0.033582255244255066 -0.009860639460384846 0.06705735623836517
v -0.034143269062042236 -0.006580575834959745 0.06820540875196457
v -0.034367505460977554 -0.006623793393373489 0.06705735623836517
v -0.033582255244255066 -0.009860639460384846 0.06705735623836517
v 0.034367505460977554 -0.006623793393373489 0.06705735623836517
v 0.03336314111948013 -0.009796302765607834 0.06820540875196457
v 0.033582255244255066 -0.009860639460384846 0.06705735623836517
v -0.034367505460977554 -0.006623793393373489 0.0005000000237487257
v -0.03387653827667236 -0.006529167760163546 0.0
v -0.03343019261956215 -0.00981598999351263 0.0005000000237487257
v -0.03275400400161743 -0.009551928378641605 0.06917867809534073
v -0.034143269062042236 -0.006580575834959745 0.06820540875196457
v -0.03336314111948013 -0.009796302765607834 0.06820540875196457
v -0.03273916617035866 -0.009613086469471455 0.06917867809534073
v -0.03275400400161743 -0.009551928378641605 0.06917867809534073
v -0.03336314111948013 -0.009796302765607834 0.06820540875196457
v 0.034367505460977554 -0.006623793393373489 0.06705735623836517
v 0.034143269062042236 -0.006580575834959745 0.06820540875196457
v 0.03336314111948013 -0.009796302765607834 0.06820540875196457
v 0.034143269062042236 -0.006580575834959745 0.06820540875196457
v 0.03273916617035866 -0.009613086469471455 0.06917867809534073
v 0.03336314111948013 -0.009796302765607834 0.06820540875196457
v 0.02115248143672943 -0.007698873523622751 0.008999999612569809
v 0.021009454503655434 -0.0076468163169920444 0.0005000000237487257
v 0.020288558676838875 -0.009750613942742348 0.0044999998062849045
v 0.022389762103557587 -0.005306471139192581 2.6020852139652106e-18
v 0.03434378281235695 -0.003279433585703373 0.0
v 0.03310250863432884 -0.009719773195683956 0.0
v 0.03434378281235695 -0.003279433585703373 0.0
v 0.034211885184049606 -0.006593800615519285 0.0005000000237487257
v 0.03310250863432884 -0.009719773195683956 0.0
v -0.03216038644313812 -0.009378676302731037 0.0697999969124794
v -0.03275400400161743 -0.009551928378641605 0.06917867809534073
v -0.03273916617035866 -0.009613086469471455 0.06917867809534073
v 0.033504702150821686 -0.0064575024880468845 0.06917867809534073
v 0.032954420894384384 -0.00602130638435483 0.0697999969124794
v 0.03273916617035866 -0.009613086469471455 0.06917867809534073
v 0.034143269062042236 -0.006580575834959745 0.06820540875196457
v 0.033504702150821686 -0.0064575024880468845 0.06917867809534073
v 0.03273916617035866 -0.009613086469471455 0.06917867809534073
v -0.03216038644313812 -0.009378676302731037 0.0697999969124794
v -0.033504702150821686 -0.0064575024880468845 0.06917867809534073
v -0.03275400400161743 -0.009551928378641605 0.06917867809534073
v -0.033504702150821686 -0.0064575024880468845 0.06917867809534073
v -0.034143269062042236 -0.006580575834959745 0.06820540875196457
v -0.03275400400161743 -0.009551928378641605 0.06917867809534073
v -0.006000000052154064 0.005535709206014872 0.0697999969124794
v -0.006000000052154064 0.009399999864399433 0.0697999969124794
v -0.03216038644313812 -0.009378676302731037 0.0697999969124794
v -0.006000000052154064 0.009399999864399433 0.0697999969124794
v -0.026750000193715096 0.009399999864399433 0.0697999969124794
v -0.03216038644313812 -0.009378676302731037 0.0697999969124794
v -0.026750000193715096 0.009399999864399433 0.0697999969124794
v -0.033356692641973495 -0.0030953434761613607 0.0697999969124794
v -0.03216038644313812 -0.009378676302731037 0.0697999969124794
v -0.03396681696176529 -0.003243437735363841 0.06917867809534073
v -0.033504702150821686 -0.0064575024880468845 0.06917867809534073
v -0.03216038644313812 -0.009378676302731037 0.0697999969124794
v -0.033356692641973495 -0.0030953434761613607 0.0697999969124794
v -0.03396681696176529 -0.003243437735363841 0.06917867809534073
v -0.03216038644313812 -0.009378676302731037 0.0697999969124794
v -0.000750000006519258 -0.0087009621784091 0.06880000233650208
v -0.000750000006519258 -0.0087009621784091 0.0697999969124794
v -0.0012990380637347698 -0.00925000011920929 0.06880000233650208
v -0.000750000006519258 -0.0087009621784091 0.0697999969124794
v -0.0012990380637347698 -0.00925000011920929 0.0697999969124794
v -0.0012990380637347698 -0.00925000011920929 0.06880000233650208
v 0.0012990380637347698 -0.00925000011920929 0.0697999969124794
v 0.000750000006519258 -0.0087009621784091 0.06880000233650208
v 0.0012990380637347698 -0.00925000011920929 0.06880000233650208
v -0.000750000006519258 -0.0087009621784091 0.0697999969124794
v -0.006000000052154064 0.005535709206014872 0.0697999969124794
v -0.0012990380637347698 -0.00925000011920929 0.0697999969124794
v 0.03303946182131767 0.005535709206014872 0.0697999969124794
v 0.000750000006519258 -0.0087009621784091 0.0697999969124794
v 0.0012990380637347698 -0.00925000011920929 0.0697999969124794
v 0.032954420894384384 -0.00602130638435483 0.0697999969124794
v 0.03349815309047699 0.0003517438017297536 0.0697999969124794
v 0.0012990380637347698 -0.00925000011920929 0.0697999969124794
v 0.03349815309047699 0.0003517438017297536 0.0697999969124794
v 0.03303946182131767 0.005535709206014872 0.0697999969124794
v 0.0012990380637347698 -0.00925000011920929 0.0697999969124794
v 0.000750000006519258 -0.0087009621784091 0.0697999969124794
v 0.000750000006519258 -0.0087009621784091 0.06880000233650208
v 0.0012990380637347698 -0.00925000011920929 0.0697999969124794
v -9.900124396230713e-18 -0.008500000461935997 0.06880000233650208
v -9.900124396230713e-18 -0.008500000461935997 0.0697999969124794
v -0.000750000006519258 -0.0087009621784091 0.06880000233650208
v -9.900124396230713e-18 -0.008500000461935997 0.0697999969124794
v -0.000750000006519258 -0.0087009621784091 0.0697999969124794
v -0.000750000006519258 -0.0087009621784091 0.06880000233650208
v 0.000750000006519258 -0.0087009621784091 0.0697999969124794
v -9.900124396230713e-18 -0.008500000461935997 0.06880000233650208
v 0.000750000006519258 -0.0087009621784091 0.06880000233650208
v -9.900124396230713e-18 -0.008500000461935997 0.0697999969124794
v -0.006000000052154064 0.005535709206014872 0.0697999969124794
v -0.000750000006519258 -0.0087009621784091 0.0697999969124794
v 0.03303946182131767 0.005535709206014872 0.0697999969124794
v -9.900124396230713e-18 -0.008500000461935997 0.0697999969124794
v 0.000750000006519258 -0.0087009621784091 0.0697999969124794
v -9.900124396230713e-18 -0.008500000461935997 0.0697999969124794
v -9.900124396230713e-18 -0.008500000461935997 0.06880000233650208
v 0.000750000006519258 -0.0087009621784091 0.0697999969124794
v 0.03303946182131767 0.005535709206014872 0.0697999969124794
v -0.006000000052154064 0.005535709206014872 0.0697999969124794
v -9.900124396230713e-18 -0.008500000461935997 0.0697999969124794
v -0.022854413837194443 -0.002671297872439027 -2.6020852139652106e-18
v -0.021755138412117958 -0.005156062543392181 0.0005000000237487257
v -0.021622328087687492 -0.007869883440434933 -2.6020852139652106e-18
v -0.021755138412117958 -0.005156062543392181 0.0005000000237487257
v -0.02115248143672943 -0.007698873523622751 0.0005000000237487257
v -0.021622328087687492 -0.007869883440434933 -2.6020852139652106e-18
v 0.02190323919057846 -0.005191163159906864 0.0005000000237487257
v 0.021009454503655434 -0.0076468163169920444 0.0005000000237487257
v 0.02115248143672943 -0.007698873523622751 0.008999999612569809
v 0.022357795387506485 -0.0026132515631616116 0.008999999612569809
v 0.02190323919057846 -0.005191163159906864 0.0005000000237487257
v 0.02115248143672943 -0.007698873523622751 0.008999999612569809
v -1.070659881689516e-18 -1.6278288899705341e-19 0.008999999612569809
v 0.022357795387506485 -0.0026132515631616116 0.008999999612569809
v 0.02115248143672943 -0.007698873523622751 0.008999999612569809
v 0.02190323919057846 -0.005191163159906864 0.0005000000237487257
v 0.022389762103557587 -0.005306471139192581 2.6020852139652106e-18
v 0.021009454503655434 -0.0076468163169920444 0.0005000000237487257
v -0.034367505460977554 -0.006623793393373489 0.06705735623836517
v -0.03468375280499458 -0.0033118966966867447 0.0005000000237487257
v -0.034367505460977554 -0.006623793393373489 0.0005000000237487257
v -0.03468375280499458 -0.0033118966966867447 0.0005000000237487257
v -0.03387653827667236 -0.006529167760163546 0.0
v -0.034367505460977554 -0.006623793393373489 0.0005000000237487257
v -0.034841518849134445 -0.003326961537823081 0.06705735623836517
v -0.03468375280499458 -0.0033118966966867447 0.0005000000237487257
v -0.034367505460977554 -0.006623793393373489 0.06705735623836517
v -0.034143269062042236 -0.006580575834959745 0.06820540875196457
v -0.034614190459251404 -0.0033052542712539434 0.06820540875196457
v -0.034367505460977554 -0.006623793393373489 0.06705735623836517
v -0.034614190459251404 -0.0033052542712539434 0.06820540875196457
v -0.034841518849134445 -0.003326961537823081 0.06705735623836517
v -0.034367505460977554 -0.006623793393373489 0.06705735623836517
v 0.034211885184049606 -0.006593800615519285 0.0005000000237487257
v 0.034841518849134445 -0.003326961537823081 0.06705735623836517
v 0.034367505460977554 -0.006623793393373489 0.06705735623836517
v 0.034841518849134445 -0.003326961537823081 0.06705735623836517
v 0.034143269062042236 -0.006580575834959745 0.06820540875196457
v 0.034367505460977554 -0.006623793393373489 0.06705735623836517
v 0.034841518849134445 -0.003326961537823081 0.0005000000237487257
v 0.034841518849134445 -0.003326961537823081 0.06705735623836517
v 0.034211885184049606 -0.006593800615519285 0.0005000000237487257
v 0.03434378281235695 -0.003279433585703373 0.0
v 0.034841518849134445 -0.003326961537823081 0.0005000000237487257
v 0.034211885184049606 -0.006593800615519285 0.0005000000237487257
v -0.03396681696176529 -0.003243437735363841 0.06917867809534073
v -0.034614190459251404 -0.0033052542712539434 0.06820540875196457
v -0.034143269062042236 -0.006580575834959745 0.06820540875196457
v -0.033504702150821686 -0.0064575024880468845 0.06917867809534073
v -0.03396681696176529 -0.003243437735363841 0.06917867809534073
v -0.034143269062042236 -0.006580575834959745 0.06820540875196457
v 0.034841518849134445 -0.003326961537823081 0.06705735623836517
v 0.034614190459251404 -0.0033052542712539434 0.06820540875196457
v 0.034143269062042236 -0.006580575834959745 0.06820540875196457
v 0.0335516519844532 -0.0061309742741286755 0.06917867809534073
v 0.033504702150821686 -0.0064575024880468845 0.06917867809534073
v 0.034143269062042236 -0.006580575834959745 0.06820540875196457
v 0.034614190459251404 -0.0033052542712539434 0.06820540875196457
v 0.0335516519844532 -0.0061309742741286755 0.06917867809534073
v 0.034143269062042236 -0.006580575834959745 0.06820540875196457
v -0.03468375280499458 -0.0033118966966867447 0.0005000000237487257
v -0.03449999913573265 3.993052279699681e-18 -3.469446951953614e-18
v -0.03387653827667236 -0.006529167760163546 0.0
v -0.023010000586509705 2.7174061854739847e-18 -2.6020852139652106e-18
v -0.022854413837194443 -0.002671297872439027 -2.6020852139652106e-18
v -0.03387653827667236 -0.006529167760163546 0.0
v -0.03449999913573265 3.993052279699681e-18 -3.469446951953614e-18
v -0.023010000586509705 2.7174061854739847e-18 -2.6020852139652106e-18
v -0.03387653827667236 -0.006529167760163546 0.0
v 0.0335516519844532 -0.0061309742741286755 0.06917867809534073
v 0.032954420894384384 -0.00602130638435483 0.0697999969124794
v 0.033504702150821686 -0.0064575024880468845 0.06917867809534073
v 0.03396681696176529 -0.003243437735363841 0.06917867809534073
v 0.032954420894384384 -0.00602130638435483 0.0697999969124794
v 0.0335516519844532 -0.0061309742741286755 0.06917867809534073
v 0.034614190459251404 -0.0033052542712539434 0.06820540875196457
v 0.03396681696176529 -0.003243437735363841 0.06917867809534073
v 0.0335516519844532 -0.0061309742741286755 0.06917867809534073
v 0.03396681696176529 -0.003243437735363841 0.06917867809534073
v 0.03349815309047699 0.0003517438017297536 0.0697999969124794
v 0.032954420894384384 -0.00602130638435483 0.0697999969124794
v 0.023010000586509705 -2.3918403040823013e-18 0.0
v 0.03434378281235695 -0.003279433585703373 0.0
v 0.022389762103557587 -0.005306471139192581 2.6020852139652106e-18
v 0.02190323919057846 -0.005191163159906864 0.0005000000237487257
v 0.022206619381904602 -0.002595581579953432 0.0005000000237487257
v 0.022389762103557587 -0.005306471139192581 2.6020852139652106e-18
v 0.022206619381904602 -0.002595581579953432 0.0005000000237487257
v 0.023010000586509705 -2.3918403040823013e-18 0.0
v 0.022389762103557587 -0.005306471139192581 2.6020852139652106e-18
v 0.022357795387506485 -0.0026132515631616116 0.008999999612569809
v 0.022206619381904602 -0.002595581579953432 0.0005000000237487257
v 0.02190323919057846 -0.005191163159906864 0.0005000000237487257
v -0.021755138412117958 -0.005156062543392181 0.0005000000237487257
v -0.022357795387506485 -0.0026132515631616116 0.0005000000237487257
v -0.02190323919057846 -0.005191163159906864 0.008999999612569809
v -0.022357795387506485 -0.0026132515631616116 0.0005000000237487257
v -0.022509999573230743 2.3363292471496333e-18 0.008999999612569809
v -0.02190323919057846 -0.005191163159906864 0.008999999612569809
v -0.022509999573230743 2.3363292471496333e-18 0.008999999612569809
v -1.070659881689516e-18 -1.6278288899705341e-19 0.008999999612569809
v -0.02190323919057846 -0.005191163159906864 0.008999999612569809
v -0.022854413837194443 -0.002671297872439027 -2.6020852139652106e-18
v -0.022357795387506485 -0.0026132515631616116 0.0005000000237487257
v -0.021755138412117958 -0.005156062543392181 0.0005000000237487257
v 0.03500000014901161 -6.148728796585336e-18 0.06705735623836517
v 0.034841518849134445 -0.003326961537823081 0.06705735623836517
v 0.034841518849134445 -0.003326961537823081 0.0005000000237487257
v 0.034841518849134445 -3.740344880251974e-18 0.0005000000237487257
v 0.03500000014901161 -6.148728796585336e-18 0.06705735623836517
v 0.034841518849134445 -0.003326961537823081 0.0005000000237487257
v 0.03434378281235695 -0.003279433585703373 0.0
v 0.034841518849134445 -3.740344880251974e-18 0.0005000000237487257
v 0.034841518849134445 -0.003326961537823081 0.0005000000237487257
v -0.03500000014901161 -1.643637986517163e-17 0.06705735623836517
v -0.03500000014901161 4.030476412153417e-18 0.0005000000237487257
v -0.034841518849134445 -0.003326961537823081 0.06705735623836517
v -0.03500000014901161 4.030476412153417e-18 0.0005000000237487257
v -0.03468375280499458 -0.0033118966966867447 0.0005000000237487257
v -0.034841518849134445 -0.003326961537823081 0.06705735623836517
v -0.034614190459251404 -0.0033052542712539434 0.06820540875196457
v -0.0347716398537159 -1.5779682831227006e-17 0.06820540875196457
v -0.034841518849134445 -0.003326961537823081 0.06705735623836517
v -0.0347716398537159 -1.5779682831227006e-17 0.06820540875196457
v -0.03500000014901161 -1.643637986517163e-17 0.06705735623836517
v -0.034841518849134445 -0.003326961537823081 0.06705735623836517
v 0.03500000014901161 -6.148728796585336e-18 0.06705735623836517
v 0.034614190459251404 -0.0033052542712539434 0.06820540875196457
v 0.034841518849134445 -0.003326961537823081 0.06705735623836517
v -0.03500000014901161 4.030476412153417e-18 0.0005000000237487257
v -0.03449999913573265 3.993052279699681e-18 -3.469446951953614e-18
v -0.03468375280499458 -0.0033118966966867447 0.0005000000237487257
v -0.0339711457490921 -0.0031525520607829094 0.06917867809534073
v -0.0347716398537159 -1.5779682831227006e-17 0.06820540875196457
v -0.034614190459251404 -0.0033052542712539434 0.06820540875196457
v -0.03396681696176529 -0.003243437735363841 0.06917867809534073
v -0.0339711457490921 -0.0031525520607829094 0.06917867809534073
v -0.034614190459251404 -0.0033052542712539434 0.06820540875196457
v 0.03500000014901161 -6.148728796585336e-18 0.06705735623836517
v 0.0347716398537159 -2.6745000789466754e-17 0.06820540875196457
v 0.034614190459251404 -0.0033052542712539434 0.06820540875196457
v 0.0347716398537159 -2.6745000789466754e-17 0.06820540875196457
v 0.03396681696176529 -0.003243437735363841 0.06917867809534073
v 0.034614190459251404 -0.0033052542712539434 0.06820540875196457
v 0.023010000586509705 -2.3918403040823013e-18 0.0
v 0.03434378281235695 0.003279433585703373 0.0
v 0.03434378281235695 -0.003279433585703373 0.0
v 0.03434378281235695 0.003279433585703373 0.0
v 0.034841518849134445 -3.740344880251974e-18 0.0005000000237487257
v 0.03434378281235695 -0.003279433585703373 0.0
v -0.033356692641973495 -0.0030953434761613607 0.0697999969124794
v -0.0339711457490921 -0.0031525520607829094 0.06917867809534073
v -0.03396681696176529 -0.003243437735363841 0.06917867809534073
v 0.0341213196516037 -1.7061458747382026e-17 0.06917867809534073
v 0.03349815309047699 0.0003517438017297536 0.0697999969124794
v 0.03396681696176529 -0.003243437735363841 0.06917867809534073
v 0.0347716398537159 -2.6745000789466754e-17 0.06820540875196457
v 0.0341213196516037 -1.7061458747382026e-17 0.06917867809534073
v 0.03396681696176529 -0.003243437735363841 0.06917867809534073
v -0.033356692641973495 -0.0030953434761613607 0.0697999969124794
v -0.0341213196516037 -2.719450396921787e-17 0.06917867809534073
v -0.0339711457490921 -0.0031525520607829094 0.06917867809534073
v -0.0341213196516037 -2.719450396921787e-17 0.06917867809534073
v -0.0347716398537159 -1.5779682831227006e-17 0.06820540875196457
v -0.0339711457490921 -0.0031525520607829094 0.06917867809534073
v -0.026750000193715096 0.009399999864399433 0.0697999969124794
v -0.03333698585629463 0.0033008293248713017 0.0697999969124794
v -0.033356692641973495 -0.0030953434761613607 0.0697999969124794
v -0.03396681696176529 0.003243437735363841 0.06917867809534073
v -0.0341213196516037 -2.719450396921787e-17 0.06917867809534073
v -0.033356692641973495 -0.0030953434761613607 0.0697999969124794
v -0.03333698585629463 0.0033008293248713017 0.0697999969124794
v -0.03396681696176529 0.003243437735363841 0.06917867809534073
v -0.033356692641973495 -0.0030953434761613607 0.0697999969124794
v -0.023010000586509705 2.7174061854739847e-18 -2.6020852139652106e-18
v -0.022509999573230743 2.6438079972672322e-18 0.0005000000237487257
v -0.022854413837194443 -0.002671297872439027 -2.6020852139652106e-18
v -0.022509999573230743 2.6438079972672322e-18 0.0005000000237487257
v -0.022357795387506485 -0.0026132515631616116 0.0005000000237487257
v -0.022854413837194443 -0.002671297872439027 -2.6020852139652106e-18
v -0.022509999573230743 2.6438079972672322e-18 0.0005000000237487257
v -0.022509999573230743 2.3363292471496333e-18 0.008999999612569809
v -0.022357795387506485 -0.0026132515631616116 0.0005000000237487257
v 0.022509999573230743 -2.3544161716285647e-18 0.0005000000237487257
v 0.022206619381904602 -0.002595581579953432 0.0005000000237487257
v 0.022357795387506485 -0.0026132515631616116 0.008999999612569809
v 0.022357795387506485 0.0026132515631616116 0.008999999612569809
v 0.022509999573230743 -2.3544161716285647e-18 0.0005000000237487257
v 0.022357795387506485 -0.0026132515631616116 0.008999999612569809
v -1.070659881689516e-18 -1.6278288899705341e-19 0.008999999612569809
v 0.022357795387506485 0.0026132515631616116 0.008999999612569809
v 0.022357795387506485 -0.0026132515631616116 0.008999999612569809
v 0.022509999573230743 -2.3544161716285647e-18 0.0005000000237487257
v 0.023010000586509705 -2.3918403040823013e-18 0.0
v 0.022206619381904602 -0.002595581579953432 0.0005000000237487257
v 0.03410428762435913 0.0003575458249542862 0.06917867809534073
v 0.03349815309047699 0.0003517438017297536 0.0697999969124794
v 0.0341213196516037 -1.7061458747382026e-17 0.06917867809534073
v 0.034841518849134445 0.003326961537823081 0.06705735623836517
v 0.034614190459251404 0.0033052542712539434 0.06820540875196457
v 0.0347716398537159 -2.6745000789466754e-17 0.06820540875196457
v 0.03500000014901161 -6.148728796585336e-18 0.06705735623836517
v 0.034841518849134445 0.003326961537823081 0.06705735623836517
v 0.0347716398537159 -2.6745000789466754e-17 0.06820540875196457
v 0.03410428762435913 0.0003575458249542862 0.06917867809534073
v 0.0341213196516037 -1.7061458747382026e-17 0.06917867809534073
v 0.0347716398537159 -2.6745000789466754e-17 0.06820540875196457
v 0.034614190459251404 0.0033052542712539434 0.06820540875196457
v 0.03410428762435913 0.0003575458249542862 0.06917867809534073
v 0.0347716398537159 -2.6745000789466754e-17 0.06820540875196457
v -0.034841518849134445 0.003326961537823081 0.06705735623836517
v -0.03468375280499458 0.0033118966966867447 0.0005000000237487257
v -0.03500000014901161 -1.643637986517163e-17 0.06705735623836517
v -0.03468375280499458 0.0033118966966867447 0.0005000000237487257
v -0.03500000014901161 4.030476412153417e-18 0.0005000000237487257
v -0.03500000014901161 -1.643637986517163e-17 0.06705735623836517
v -0.0347716398537159 -1.5779682831227006e-17 0.06820540875196457
v -0.034614190459251404 0.0033052542712539434 0.06820540875196457
v -0.03500000014901161 -1.643637986517163e-17 0.06705735623836517
v -0.034614190459251404 0.0033052542712539434 0.06820540875196457
v -0.034841518849134445 0.003326961537823081 0.06705735623836517
v -0.03500000014901161 -1.643637986517163e-17 0.06705735623836517
v -0.03396681696176529 0.003243437735363841 0.06917867809534073
v -0.034614190459251404 0.0033052542712539434 0.06820540875196457
v -0.0347716398537159 -1.5779682831227006e-17 0.06820540875196457
v -0.0341213196516037 -2.719450396921787e-17 0.06917867809534073
v -0.03396681696176529 0.003243437735363841 0.06917867809534073
v -0.0347716398537159 -1.5779682831227006e-17 0.06820540875196457
v 0.034841518849134445 -3.740344880251974e-18 0.0005000000237487257
v 0.034841518849134445 0.003326961537823081 0.06705735623836517
v 0.03500000014901161 -6.148728796585336e-18 0.06705735623836517
v 0.022357795387506485 0.0026132515631616116 0.008999999612569809
v 0.022206619381904602 0.002595581579953432 0.0005000000237487257
v 0.022509999573230743 -2.3544161716285647e-18 0.0005000000237487257
v 0.034841518849134445 0.003326961537823081 0.0005000000237487257
v 0.034841518849134445 0.003326961537823081 0.06705735623836517
v 0.034841518849134445 -3.740344880251974e-18 0.0005000000237487257
v 0.03434378281235695 0.003279433585703373 0.0
v 0.034841518849134445 0.003326961537823081 0.0005000000237487257
v 0.034841518849134445 -3.740344880251974e-18 0.0005000000237487257
v 0.022389762103557587 0.005306471139192581 0.0
v 0.03434378281235695 0.003279433585703373 0.0
v 0.023010000586509705 -2.3918403040823013e-18 0.0
v 0.022206619381904602 0.002595581579953432 0.0005000000237487257
v 0.022389762103557587 0.005306471139192581 0.0
v 0.023010000586509705 -2.3918403040823013e-18 0.0
v 0.022509999573230743 -2.3544161716285647e-18 0.0005000000237487257
v 0.022206619381904602 0.002595581579953432 0.0005000000237487257
v 0.023010000586509705 -2.3918403040823013e-18 0.0
v -0.022509999573230743 2.3363292471496333e-18 0.008999999612569809
v -0.02190323919057846 0.005191163159906864 0.008999999612569809
v -1.070659881689516e-18 -1.6278288899705341e-19 0.008999999612569809
v 0.015447298996150494 0.016373179852962494 0.008999999612569809
v 0.018806830048561096 0.012369447387754917 0.008999999612569809
v -1.070659881689516e-18 -1.6278288899705341e-19 0.008999999612569809
v 0.018806830048561096 0.012369447387754917 0.008999999612569809
v 0.02115248143672943 0.007698873523622751 0.008999999612569809
v -1.070659881689516e-18 -1.6278288899705341e-19 0.008999999612569809
v 0.02115248143672943 0.007698873523622751 0.008999999612569809
v 0.022357795387506485 0.0026132515631616116 0.008999999612569809
v -1.070659881689516e-18 -1.6278288899705341e-19 0.008999999612569809
v 0.001308840117417276 0.022471915930509567 0.008999999612569809
v 0.006455940660089254 0.021564343944191933 0.008999999612569809
v -1.070659881689516e-18 -1.6278288899705341e-19 0.008999999612569809
v 0.006455940660089254 0.021564343944191933 0.008999999612569809
v 0.011254999786615372 0.019494231790304184 0.008999999612569809
v -1.070659881689516e-18 -1.6278288899705341e-19 0.008999999612569809
v 0.011254999786615372 0.019494231790304184 0.008999999612569809
v 0.015447298996150494 0.016373179852962494 0.008999999612569809
v -1.070659881689516e-18 -1.6278288899705341e-19 0.008999999612569809
v -0.013442039489746094 0.018055792897939682 0.008999999612569809
v -0.008915755897760391 0.02066904492676258 0.008999999612569809
v -1.070659881689516e-18 -1.6278288899705341e-19 0.008999999612569809
v -0.008915755897760391 0.02066904492676258 0.008999999612569809
v -0.003908820450305939 0.022168021649122238 0.008999999612569809
v -1.070659881689516e-18 -1.6278288899705341e-19 0.008999999612569809
v -0.003908820450305939 0.022168021649122238 0.008999999612569809
v 0.001308840117417276 0.022471915930509567 0.008999999612569809
v -1.070659881689516e-18 -1.6278288899705341e-19 0.008999999612569809
v -0.02190323919057846 0.005191163159906864 0.008999999612569809
v -0.020115669816732407 0.010102469474077225 0.008999999612569809
v -1.070659881689516e-18 -1.6278288899705341e-19 0.008999999612569809
v -0.020115669816732407 0.010102469474077225 0.008999999612569809
v -0.017243660986423492 0.014469149522483349 0.008999999612569809
v -1.070659881689516e-18 -1.6278288899705341e-19 0.008999999612569809
v -0.017243660986423492 0.014469149522483349 0.008999999612569809
v -0.013442039489746094 0.018055792897939682 0.008999999612569809
v -1.070659881689516e-18 -1.6278288899705341e-19 0.008999999612569809
v -0.022509999573230743 2.6438079972672322e-18 0.0005000000237487257
v -0.022357795387506485 0.0026132515631616116 0.0005000000237487257
v -0.022509999573230743 2.3363292471496333e-18 0.008999999612569809
v -0.022357795387506485 0.0026132515631616116 0.0005000000237487257
v -0.02190323919057846 0.005191163159906864 0.008999999612569809
v -0.022509999573230743 2.3363292471496333e-18 0.008999999612569809
v -0.023010000586509705 2.7174061854739847e-18 -2.6020852139652106e-18
v -0.022357795387506485 0.0026132515631616116 0.0005000000237487257
v -0.022509999573230743 2.6438079972672322e-18 0.0005000000237487257
v -0.03449999913573265 3.993052279699681e-18 -3.469446951953614e-18
v -0.022854413837194443 0.002671297872439027 -2.6020852139652106e-18
v -0.023010000586509705 2.7174061854739847e-18 -2.6020852139652106e-18
v -0.022854413837194443 0.002671297872439027 -2.6020852139652106e-18
v -0.022357795387506485 0.0026132515631616116 0.0005000000237487257
v -0.023010000586509705 2.7174061854739847e-18 -2.6020852139652106e-18
v -0.03387653827667236 0.006529167760163546 0.0
v -0.022854413837194443 0.002671297872439027 -2.6020852139652106e-18
v -0.03449999913573265 3.993052279699681e-18 -3.469446951953614e-18
v -0.03468375280499458 0.0033118966966867447 0.0005000000237487257
v -0.03387653827667236 0.006529167760163546 0.0
v -0.03449999913573265 3.993052279699681e-18 -3.469446951953614e-18
v -0.03500000014901161 4.030476412153417e-18 0.0005000000237487257
v -0.03468375280499458 0.0033118966966867447 0.0005000000237487257
v -0.03449999913573265 3.993052279699681e-18 -3.469446951953614e-18
v 0.03396681696176529 0.003243437735363841 0.06917867809534073
v 0.03303946182131767 0.005535709206014872 0.0697999969124794
v 0.03349815309047699 0.0003517438017297536 0.0697999969124794
v 0.03410428762435913 0.0003575458249542862 0.06917867809534073
v 0.03396681696176529 0.003243437735363841 0.06917867809534073
v 0.03349815309047699 0.0003517438017297536 0.0697999969124794
v 0.034614190459251404 0.0033052542712539434 0.06820540875196457
v 0.03396681696176529 0.003243437735363841 0.06917867809534073
v 0.03410428762435913 0.0003575458249542862 0.06917867809534073
v 0.022357795387506485 0.0026132515631616116 0.008999999612569809
v 0.02190323919057846 0.005191163159906864 0.0005000000237487257
v 0.022206619381904602 0.002595581579953432 0.0005000000237487257
v 0.02190323919057846 0.005191163159906864 0.0005000000237487257
v 0.022389762103557587 0.005306471139192581 0.0
v 0.022206619381904602 0.002595581579953432 0.0005000000237487257
v -0.021755138412117958 0.005156062543392181 0.0005000000237487257
v -0.02190323919057846 0.005191163159906864 0.008999999612569809
v -0.022357795387506485 0.0026132515631616116 0.0005000000237487257
v -0.022854413837194443 0.002671297872439027 -2.6020852139652106e-18
v -0.021755138412117958 0.005156062543392181 0.0005000000237487257
v -0.022357795387506485 0.0026132515631616116 0.0005000000237487257
v 0.02115248143672943 0.007698873523622751 0.008999999612569809
v 0.02190323919057846 0.005191163159906864 0.0005000000237487257
v 0.022357795387506485 0.0026132515631616116 0.008999999612569809
v -0.021622328087687492 0.007869883440434933 -1.734723475976807e-18
v -0.021755138412117958 0.005156062543392181 0.0005000000237487257
v -0.022854413837194443 0.002671297872439027 -2.6020852139652106e-18
v -0.03387653827667236 0.006529167760163546 0.0
v -0.021622328087687492 0.007869883440434933 -1.734723475976807e-18
v -0.022854413837194443 0.002671297872439027 -2.6020852139652106e-18
v -0.03333698585629463 0.0033008293248713017 0.0697999969124794
v -0.033949874341487885 0.0033612719271332026 0.06917867809534073
v -0.03396681696176529 0.003243437735363841 0.06917867809534073
v -0.033949874341487885 0.0033612719271332026 0.06917867809534073
v -0.034614190459251404 0.0033052542712539434 0.06820540875196457
v -0.03396681696176529 0.003243437735363841 0.06917867809534073
v 0.03357584774494171 0.00607676524668932 0.06917867809534073
v 0.03331088647246361 0.005801198072731495 0.06948774307966232
v 0.03396681696176529 0.003243437735363841 0.06917867809534073
v 0.03331088647246361 0.005801198072731495 0.06948774307966232
v 0.03303946182131767 0.005535709206014872 0.0697999969124794
v 0.03396681696176529 0.003243437735363841 0.06917867809534073
v 0.034614190459251404 0.0033052542712539434 0.06820540875196457
v 0.03385673835873604 0.006526736076921225 0.06870968639850616
v 0.03396681696176529 0.003243437735363841 0.06917867809534073
v 0.03385673835873604 0.006526736076921225 0.06870968639850616
v 0.03357584774494171 0.00607676524668932 0.06917867809534073
v 0.03396681696176529 0.003243437735363841 0.06917867809534073
v 0.022389762103557587 0.005306471139192581 0.0
v 0.03310250863432884 0.009719773195683956 4.336808689942018e-18
v 0.03434378281235695 0.003279433585703373 0.0
v 0.03310250863432884 0.009719773195683956 4.336808689942018e-18
v 0.034211885184049606 0.006593800615519285 0.0005000000237487257
v 0.03434378281235695 0.003279433585703373 0.0
v 0.034211885184049606 0.006593800615519285 0.0005000000237487257
v 0.034841518849134445 0.003326961537823081 0.0005000000237487257
v 0.03434378281235695 0.003279433585703373 0.0
v -0.027216240763664246 0.009683758951723576 0.0697999969124794
v -0.032101985067129135 0.009576670825481415 0.0697999969124794
v -0.03333698585629463 0.0033008293248713017 0.0697999969124794
v -0.026750000193715096 0.009399999864399433 0.0697999969124794
v -0.027216240763664246 0.009683758951723576 0.0697999969124794
v -0.03333698585629463 0.0033008293248713017 0.0697999969124794
v -0.03273916617035866 0.009613086469471455 0.06917867809534073
v -0.033504702150821686 0.0064575024880468845 0.06917867809534073
v -0.03333698585629463 0.0033008293248713017 0.0697999969124794
v -0.032101985067129135 0.009576670825481415 0.0697999969124794
v -0.03273916617035866 0.009613086469471455 0.06917867809534073
v -0.03333698585629463 0.0033008293248713017 0.0697999969124794
v -0.033504702150821686 0.0064575024880468845 0.06917867809534073
v -0.033949874341487885 0.0033612719271332026 0.06917867809534073
v -0.03333698585629463 0.0033008293248713017 0.0697999969124794
v -0.034143269062042236 0.006580575834959745 0.06820540875196457
v -0.034841518849134445 0.003326961537823081 0.06705735623836517
v -0.034614190459251404 0.0033052542712539434 0.06820540875196457
v -0.033949874341487885 0.0033612719271332026 0.06917867809534073
v -0.034143269062042236 0.006580575834959745 0.06820540875196457
v -0.034614190459251404 0.0033052542712539434 0.06820540875196457
v 0.034143269062042236 0.006580575834959745 0.06820540875196457
v 0.03385673835873604 0.006526736076921225 0.06870968639850616
v 0.034614190459251404 0.0033052542712539434 0.06820540875196457
v 0.034367505460977554 0.006623793393373489 0.06705735623836517
v 0.034143269062042236 0.006580575834959745 0.06820540875196457
v 0.034614190459251404 0.0033052542712539434 0.06820540875196457
v 0.034841518849134445 0.003326961537823081 0.06705735623836517
v 0.034367505460977554 0.006623793393373489 0.06705735623836517
v 0.034614190459251404 0.0033052542712539434 0.06820540875196457
v -0.034841518849134445 0.003326961537823081 0.06705735623836517
v -0.034367505460977554 0.006623793393373489 0.0005000000237487257
v -0.03468375280499458 0.0033118966966867447 0.0005000000237487257
v -0.034367505460977554 0.006623793393373489 0.0005000000237487257
v -0.03387653827667236 0.006529167760163546 0.0
v -0.03468375280499458 0.0033118966966867447 0.0005000000237487257
v 0.034367505460977554 0.006623793393373489 0.06705735623836517
v 0.034841518849134445 0.003326961537823081 0.06705735623836517
v 0.034841518849134445 0.003326961537823081 0.0005000000237487257
v 0.034211885184049606 0.006593800615519285 0.0005000000237487257
v 0.034367505460977554 0.006623793393373489 0.06705735623836517
v 0.034841518849134445 0.003326961537823081 0.0005000000237487257
v -0.034367505460977554 0.006623793393373489 0.06705735623836517
v -0.034367505460977554 0.006623793393373489 0.0005000000237487257
v -0.034841518849134445 0.003326961537823081 0.06705735623836517
v -0.034143269062042236 0.006580575834959745 0.06820540875196457
v -0.034367505460977554 0.006623793393373489 0.06705735623836517
v -0.034841518849134445 0.003326961537823081 0.06705735623836517
v -0.033504702150821686 0.0064575024880468845 0.06917867809534073
v -0.034143269062042236 0.006580575834959745 0.06820540875196457
v -0.033949874341487885 0.0033612719271332026 0.06917867809534073
v -0.02115248143672943 0.007698873523622751 0.0005000000237487257
v -0.02190323919057846 0.005191163159906864 0.008999999612569809
v -0.021755138412117958 0.005156062543392181 0.0005000000237487257
v -0.021622328087687492 0.007869883440434933 -1.734723475976807e-18
v -0.02115248143672943 0.007698873523622751 0.0005000000237487257
v -0.021755138412117958 0.005156062543392181 0.0005000000237487257
v 0.02115248143672943 0.007698873523622751 0.008999999612569809
v 0.021009454503655434 0.0076468163169920444 0.0005000000237487257
v 0.02190323919057846 0.005191163159906864 0.0005000000237487257
v 0.021009454503655434 0.0076468163169920444 0.0005000000237487257
v 0.022389762103557587 0.005306471139192581 0.0
v 0.02190323919057846 0.005191163159906864 0.0005000000237487257
v -0.02115248143672943 0.007698873523622751 0.0005000000237487257
v -0.020115669816732407 0.010102469474077225 0.008999999612569809
v -0.02190323919057846 0.005191163159906864 0.008999999612569809
v 0.020562486723065376 0.0103268688544631 0.0
v 0.030664822086691856 0.015808815136551857 8.673617379884035e-19
v 0.022389762103557587 0.005306471139192581 0.0
v 0.030664822086691856 0.015808815136551857 8.673617379884035e-19
v 0.03310250863432884 0.009719773195683956 4.336808689942018e-18
v 0.022389762103557587 0.005306471139192581 0.0
v 0.021009454503655434 0.0076468163169920444 0.0005000000237487257
v 0.020562486723065376 0.0103268688544631 0.0
v 0.022389762103557587 0.005306471139192581 0.0
v 0.03303946182131767 0.005535709206014872 0.0697999969124794
v -0.006000000052154064 0.007404915988445282 0.06787127256393433
v -0.006000000052154064 0.005535709206014872 0.0697999969124794
v -0.006000000052154064 0.007404915988445282 0.06787127256393433
v -0.006000000052154064 0.009399999864399433 0.0697999969124794
v -0.006000000052154064 0.005535709206014872 0.0697999969124794
v 0.03331088647246361 0.005801198072731495 0.06948774307966232
v -0.006000000052154064 0.007404915988445282 0.06787127256393433
v 0.03303946182131767 0.005535709206014872 0.0697999969124794
v 0.03357584774494171 0.00607676524668932 0.06917867809534073
v -0.006000000052154064 0.007404915988445282 0.06787127256393433
v 0.03331088647246361 0.005801198072731495 0.06948774307966232
v 0.03385673835873604 0.006526736076921225 0.06870968639850616
v -0.006000000052154064 0.007404915988445282 0.06787127256393433
v 0.03357584774494171 0.00607676524668932 0.06917867809534073
v -0.03273916617035866 0.009613086469471455 0.06917867809534073
v -0.034143269062042236 0.006580575834959745 0.06820540875196457
v -0.033504702150821686 0.0064575024880468845 0.06917867809534073
v 0.03394954651594162 0.006675410084426403 0.06855472922325134
v -0.006000000052154064 0.007404915988445282 0.06787127256393433
v 0.03385673835873604 0.006526736076921225 0.06870968639850616
v 0.034143269062042236 0.006580575834959745 0.06820540875196457
v 0.03394954651594162 0.006675410084426403 0.06855472922325134
v 0.03385673835873604 0.006526736076921225 0.06870968639850616
v -0.034367505460977554 0.006623793393373489 0.0005000000237487257
v -0.03343019261956215 0.00981598999351263 0.0005000000237487257
v -0.03387653827667236 0.006529167760163546 0.0
v -0.03343019261956215 0.00981598999351263 0.0005000000237487257
v -0.032028693705797195 0.012822355143725872 -3.469446951953614e-18
v -0.03387653827667236 0.006529167760163546 0.0
v -0.032028693705797195 0.012822355143725872 -3.469446951953614e-18
v -0.021622328087687492 0.007869883440434933 -1.734723475976807e-18
v -0.03387653827667236 0.006529167760163546 0.0
v -0.03336314111948013 0.009796302765607834 0.06820540875196457
v -0.034367505460977554 0.006623793393373489 0.06705735623836517
v -0.034143269062042236 0.006580575834959745 0.06820540875196457
v -0.03273916617035866 0.009613086469471455 0.06917867809534073
v -0.03336314111948013 0.009796302765607834 0.06820540875196457
v -0.034143269062042236 0.006580575834959745 0.06820540875196457
v 0.034088410437107086 0.007405652664601803 0.0678720623254776
v 0.03402245044708252 0.007058796472847462 0.06819631904363632
v 0.034143269062042236 0.006580575834959745 0.06820540875196457
v 0.03402245044708252 0.007058796472847462 0.06819631904363632
v 0.03394954651594162 0.006675410084426403 0.06855472922325134
v 0.034143269062042236 0.006580575834959745 0.06820540875196457
v 0.034367505460977554 0.006623793393373489 0.06705735623836517
v 0.034088410437107086 0.007405652664601803 0.0678720623254776
v 0.034143269062042236 0.006580575834959745 0.06820540875196457
v 0.033582255244255066 0.009860639460384846 0.0005000000237487257
v 0.03277759999036789 0.012273100204765797 0.06482315808534622
v 0.034211885184049606 0.006593800615519285 0.0005000000237487257
v 0.03277759999036789 0.012273100204765797 0.06482315808534622
v 0.033252350986003876 0.010885989293456078 0.06550111621618271
v 0.034211885184049606 0.006593800615519285 0.0005000000237487257
v 0.033252350986003876 0.010885989293456078 0.06550111621618271
v 0.033423829823732376 0.010384975001215935 0.0657459944486618
v 0.034211885184049606 0.006593800615519285 0.0005000000237487257
v 0.03390248864889145 0.008696045726537704 0.0668337419629097
v 0.034367505460977554 0.006623793393373489 0.06705735623836517
v 0.034211885184049606 0.006593800615519285 0.0005000000237487257
v 0.033423829823732376 0.010384975001215935 0.0657459944486618
v 0.03390248864889145 0.008696045726537704 0.0668337419629097
v 0.034211885184049606 0.006593800615519285 0.0005000000237487257
v 0.03310250863432884 0.009719773195683956 4.336808689942018e-18
v 0.033582255244255066 0.009860639460384846 0.0005000000237487257
v 0.034211885184049606 0.006593800615519285 0.0005000000237487257
v -0.034367505460977554 0.006623793393373489 0.06705735623836517
v -0.03343019261956215 0.00981598999351263 0.0005000000237487257
v -0.034367505460977554 0.006623793393373489 0.0005000000237487257
v -0.033582255244255066 0.009860639460384846 0.06705735623836517
v -0.03343019261956215 0.00981598999351263 0.0005000000237487257
v -0.034367505460977554 0.006623793393373489 0.06705735623836517
v -0.03336314111948013 0.009796302765607834 0.06820540875196457
v -0.033582255244255066 0.009860639460384846 0.06705735623836517
v -0.034367505460977554 0.006623793393373489 0.06705735623836517
v 0.03390248864889145 0.008696045726537704 0.0668337419629097
v 0.033978063613176346 0.008395904675126076 0.06705735623836517
v 0.034367505460977554 0.006623793393373489 0.06705735623836517
v 0.033978063613176346 0.008395904675126076 0.06705735623836517
v 0.03409365192055702 0.0074332281947135925 0.06784628331661224
v 0.034367505460977554 0.006623793393373489 0.06705735623836517
v 0.03409365192055702 0.0074332281947135925 0.06784628331661224
v 0.034088410437107086 0.007405652664601803 0.0678720623254776
v 0.034367505460977554 0.006623793393373489 0.06705735623836517
v 0.03402245044708252 0.007058796472847462 0.06819631904363632
v -0.006000000052154064 0.007404915988445282 0.06787127256393433
v 0.03394954651594162 0.006675410084426403 0.06855472922325134
v 0.034088410437107086 0.007405652664601803 0.0678720623254776
v -0.006000000052154064 0.007404915988445282 0.06787127256393433
v 0.03402245044708252 0.007058796472847462 0.06819631904363632
v 0.0003499999875202775 0.009399999864399433 0.06634686142206192
v -0.006000000052154064 0.009399999864399433 0.06634686142206192
v -0.006000000052154064 0.007404915988445282 0.06787127256393433
v 0.034088410437107086 0.007405652664601803 0.0678720623254776
v 0.0003499999875202775 0.009399999864399433 0.06634686142206192
v -0.006000000052154064 0.007404915988445282 0.06787127256393433
v -0.006000000052154064 0.009399999864399433 0.06634686142206192
v -0.006000000052154064 0.009399999864399433 0.0697999969124794
v -0.006000000052154064 0.007404915988445282 0.06787127256393433
v 0.03409365192055702 0.0074332281947135925 0.06784628331661224
v 0.0010999999940395355 0.0101500004529953 0.0658814087510109
v 0.034088410437107086 0.007405652664601803 0.0678720623254776
v 0.0010999999940395355 0.0101500004529953 0.0658814087510109
v 0.0009221720392815769 0.009852726943790913 0.06606178730726242
v 0.034088410437107086 0.007405652664601803 0.0678720623254776
v 0.0009221720392815769 0.009852726943790913 0.06606178730726242
v 0.0008286057855002582 0.009696313180029392 0.06615668535232544
v 0.034088410437107086 0.007405652664601803 0.0678720623254776
v 0.0008286057855002582 0.009696313180029392 0.06615668535232544
v 0.000644367712084204 0.009581747464835644 0.06623020768165588
v 0.034088410437107086 0.007405652664601803 0.0678720623254776
v 0.000354316842276603 0.009401382878422737 0.06634595990180969
v 0.0003499999875202775 0.009399999864399433 0.06634686142206192
v 0.034088410437107086 0.007405652664601803 0.0678720623254776
v 0.000644367712084204 0.009581747464835644 0.06623020768165588
v 0.000354316842276603 0.009401382878422737 0.06634595990180969
v 0.034088410437107086 0.007405652664601803 0.0678720623254776
v 0.033978063613176346 0.008395904675126076 0.06705735623836517
v 0.0010999999940395355 0.0101500004529953 0.0658814087510109
v 0.03409365192055702 0.0074332281947135925 0.06784628331661224
v 0.02115248143672943 0.007698873523622751 0.008999999612569809
v 0.020115669816732407 0.010102469474077225 0.0005000000237487257
v 0.021009454503655434 0.0076468163169920444 0.0005000000237487257
v 0.020115669816732407 0.010102469474077225 0.0005000000237487257
v 0.020562486723065376 0.0103268688544631 0.0
v 0.021009454503655434 0.0076468163169920444 0.0005000000237487257
v -0.019979655742645264 0.010034160688519478 0.0005000000237487257
v -0.020115669816732407 0.010102469474077225 0.008999999612569809
v -0.02115248143672943 0.007698873523622751 0.0005000000237487257
v -0.021622328087687492 0.007869883440434933 -1.734723475976807e-18
v -0.019979655742645264 0.010034160688519478 0.0005000000237487257
v -0.02115248143672943 0.007698873523622751 0.0005000000237487257
v 0.018806830048561096 0.012369447387754917 0.008999999612569809
v 0.020115669816732407 0.010102469474077225 0.0005000000237487257
v 0.02115248143672943 0.007698873523622751 0.008999999612569809
v -0.01922457478940487 0.012644201517105103 8.673617379884035e-19
v -0.019979655742645264 0.010034160688519478 0.0005000000237487257
v -0.021622328087687492 0.007869883440434933 -1.734723475976807e-18
v -0.032028693705797195 0.012822355143725872 -3.469446951953614e-18
v -0.01922457478940487 0.012644201517105103 8.673617379884035e-19
v -0.021622328087687492 0.007869883440434933 -1.734723475976807e-18
v 0.03390248864889145 0.008696045726537704 0.0668337419629097
v 0.0010999999940395355 0.0101500004529953 0.0658814087510109
v 0.033978063613176346 0.008395904675126076 0.06705735623836517
v 0.033423829823732376 0.010384975001215935 0.0657459944486618
v 0.0010999999940395355 0.0101500004529953 0.0658814087510109
v 0.03390248864889145 0.008696045726537704 0.0668337419629097
v -0.02678268402814865 0.009576120413839817 0.05380000174045563
v -0.027216240763664246 0.009683758951723576 0.05380000174045563
v -0.026750000193715096 0.009399999864399433 0.05380000174045563
v 0.0003499999875202775 0.009399999864399433 0.05380000174045563
v 2.7805534677649156e-16 0.009499999694526196 0.05380000174045563
v -0.026750000193715096 0.009399999864399433 0.05380000174045563
v 2.7805534677649156e-16 0.009499999694526196 0.05380000174045563
v -0.026399999856948853 0.009499999694526196 0.05380000174045563
v -0.026750000193715096 0.009399999864399433 0.05380000174045563
v -0.026399999856948853 0.009499999694526196 0.05380000174045563
v -0.02678268402814865 0.009576120413839817 0.05380000174045563
v -0.026750000193715096 0.009399999864399433 0.05380000174045563
v -0.006000000052154064 0.009399999864399433 0.06634686142206192
v 0.0003499999875202775 0.009399999864399433 0.05380000174045563
v -0.026750000193715096 0.009399999864399433 0.05380000174045563
v -0.006000000052154064 0.009399999864399433 0.0697999969124794
v -0.006000000052154064 0.009399999864399433 0.06634686142206192
v -0.026750000193715096 0.009399999864399433 0.05380000174045563
v -0.026750000193715096 0.009399999864399433 0.0697999969124794
v -0.006000000052154064 0.009399999864399433 0.0697999969124794
v -0.026750000193715096 0.009399999864399433 0.05380000174045563
v -0.027216240763664246 0.009683758951723576 0.0697999969124794
v -0.026750000193715096 0.009399999864399433 0.0697999969124794
v -0.026750000193715096 0.009399999864399433 0.05380000174045563
v -0.027216240763664246 0.009683758951723576 0.05380000174045563
v -0.027216240763664246 0.009683758951723576 0.0697999969124794
v -0.026750000193715096 0.009399999864399433 0.05380000174045563
v 0.0007071067811921239 0.009792893193662167 0.05380000174045563
v 0.00038268344360403717 0.009576120413839817 0.05380000174045563
v 0.0003499999875202775 0.009399999864399433 0.05380000174045563
v 0.00038268344360403717 0.009576120413839817 0.05380000174045563
v 2.7805534677649156e-16 0.009499999694526196 0.05380000174045563
v 0.0003499999875202775 0.009399999864399433 0.05380000174045563
v 0.000661635072901845 0.009554093703627586 0.05380000174045563
v 0.0007071067811921239 0.009792893193662167 0.05380000174045563
v 0.0003499999875202775 0.009399999864399433 0.05380000174045563
v -0.006000000052154064 0.009399999864399433 0.06634686142206192
v 0.0003499999875202775 0.009399999864399433 0.06634686142206192
v 0.0003499999875202775 0.009399999864399433 0.05380000174045563
v 0.0003499999875202775 0.009399999864399433 0.06634686142206192
v 0.000354316842276603 0.009401382878422737 0.06634595990180969
v 0.0003499999875202775 0.009399999864399433 0.05380000174045563
v 0.000354316842276603 0.009401382878422737 0.06634595990180969
v 0.000661635072901845 0.009554093703627586 0.05380000174045563
v 0.0003499999875202775 0.009399999864399433 0.05380000174045563
v 0.000644367712084204 0.009581747464835644 0.06623020768165588
v 0.000661635072901845 0.009554093703627586 0.05380000174045563
v 0.000354316842276603 0.009401382878422737 0.06634595990180969
v -0.022299999371170998 0.009499999694526196 0.07305256277322769
v -0.025185061618685722 0.009499989449977875 0.062456246465444565
v -0.024906018748879433 0.009499977342784405 0.062341734766960144
v -0.011099999770522118 0.009499999694526196 0.07137002795934677
v -0.022299999371170998 0.009499999694526196 0.07305256277322769
v -0.024906018748879433 0.009499977342784405 0.062341734766960144
v -0.023900000378489494 0.009499999694526196 0.062199998646974564
v -0.011099999770522118 0.009499999694526196 0.07137002795934677
v -0.024906018748879433 0.009499977342784405 0.062341734766960144
v -0.025094371289014816 0.009710094891488552 0.062199998646974564
v -0.023900000378489494 0.009499999694526196 0.062199998646974564
v -0.024906018748879433 0.009499977342784405 0.062341734766960144
v -0.025185061618685722 0.009499989449977875 0.062456246465444565
v -0.025094371289014816 0.009710094891488552 0.062199998646974564
v -0.024906018748879433 0.009499977342784405 0.062341734766960144
v -0.022299999371170998 0.009499999694526196 0.07305256277322769
v -0.026081085205078125 0.009500028565526009 0.06282394379377365
v -0.025185061618685722 0.009499989449977875 0.062456246465444565
v -0.025607040151953697 0.010036405175924301 0.062199998646974564
v -0.025094371289014816 0.009710094891488552 0.062199998646974564
v -0.025185061618685722 0.009499989449977875 0.062456246465444565
v -0.026081085205078125 0.009500028565526009 0.06282394379377365
v -0.025607040151953697 0.010036405175924301 0.062199998646974564
v -0.025185061618685722 0.009499989449977875 0.062456246465444565
v -0.023900000378489494 0.009499999694526196 0.05779999867081642
v -0.026399999856948853 0.009499999694526196 0.05779999867081642
v -0.026399999856948853 0.009499999694526196 0.05380000174045563
v -0.008500000461935997 0.009499999694526196 0.05779999867081642
v -0.023900000378489494 0.009499999694526196 0.05779999867081642
v -0.026399999856948853 0.009499999694526196 0.05380000174045563
v 2.7805534677649156e-16 0.009499999694526196 0.05380000174045563
v -0.008500000461935997 0.009499999694526196 0.05779999867081642
v -0.026399999856948853 0.009499999694526196 0.05380000174045563
v -0.02678268402814865 0.009576120413839817 0.05779999867081642
v -0.02678268402814865 0.009576120413839817 0.05380000174045563
v -0.026399999856948853 0.009499999694526196 0.05380000174045563
v -0.026399999856948853 0.009499999694526196 0.05779999867081642
v -0.02678268402814865 0.009576120413839817 0.05779999867081642
v -0.026399999856948853 0.009499999694526196 0.05380000174045563
v 2.7458589982453795e-16 0.009499999694526196 0.061799999326467514
v -0.004999999888241291 0.009499999694526196 0.061799999326467514
v 2.7805534677649156e-16 0.009499999694526196 0.05380000174045563
v -0.004999999888241291 0.009499999694526196 0.061799999326467514
v -0.004999999888241291 0.009499999694526196 0.05779999867081642
v 2.7805534677649156e-16 0.009499999694526196 0.05380000174045563
v -0.004999999888241291 0.009499999694526196 0.05779999867081642
v -0.008500000461935997 0.009499999694526196 0.05779999867081642
v 2.7805534677649156e-16 0.009499999694526196 0.05380000174045563
v 0.00038268344360403717 0.009576120413839817 0.05380000174045563
v 2.7458589982453795e-16 0.009499999694526196 0.061799999326467514
v 2.7805534677649156e-16 0.009499999694526196 0.05380000174045563
v -0.02565000019967556 0.009968911297619343 0.05779999867081642
v -0.02678268402814865 0.009576120413839817 0.05779999867081642
v -0.026399999856948853 0.009499999694526196 0.05779999867081642
v -0.023900000378489494 0.009499999694526196 0.05779999867081642
v -0.02565000019967556 0.009968911297619343 0.05779999867081642
v -0.026399999856948853 0.009499999694526196 0.05779999867081642
v -0.011099999770522118 0.009499999694526196 0.07137002795934677
v -0.023900000378489494 0.009499999694526196 0.062199998646974564
v -0.023900000378489494 0.009499999694526196 0.05779999867081642
v -0.008500000461935997 0.009499999694526196 0.062199998646974564
v -0.011099999770522118 0.009499999694526196 0.07137002795934677
v -0.023900000378489494 0.009499999694526196 0.05779999867081642
v -0.008500000461935997 0.009499999694526196 0.05779999867081642
v -0.008500000461935997 0.009499999694526196 0.062199998646974564
v -0.023900000378489494 0.009499999694526196 0.05779999867081642
v -0.025094371289014816 0.009710094891488552 0.062199998646974564
v -0.02565000019967556 0.009968911297619343 0.05779999867081642
v -0.023900000378489494 0.009499999694526196 0.05779999867081642
v -0.023900000378489494 0.009499999694526196 0.062199998646974564
v -0.025094371289014816 0.009710094891488552 0.062199998646974564
v -0.023900000378489494 0.009499999694526196 0.05779999867081642
v -0.007305627688765526 0.009710094891488552 0.062199998646974564
v -0.008500000461935997 0.009499999694526196 0.062199998646974564
v -0.008500000461935997 0.009499999694526196 0.05779999867081642
v -0.006750000175088644 0.009968911297619343 0.05779999867081642
v -0.007305627688765526 0.009710094891488552 0.062199998646974564
v -0.008500000461935997 0.009499999694526196 0.05779999867081642
v -0.004999999888241291 0.009499999694526196 0.05779999867081642
v -0.006750000175088644 0.009968911297619343 0.05779999867081642
v -0.008500000461935997 0.009499999694526196 0.05779999867081642
v -0.004999999888241291 0.013000000268220901 0.061799999326467514
v -0.004999999888241291 0.013000000268220901 0.05779999867081642
v -0.004999999888241291 0.009499999694526196 0.05779999867081642
v -0.004999999888241291 0.009499999694526196 0.061799999326467514
v -0.004999999888241291 0.013000000268220901 0.061799999326467514
v -0.004999999888241291 0.009499999694526196 0.05779999867081642
v -0.004999999888241291 0.013000000268220901 0.05779999867081642
v -0.005468911025673151 0.011250000447034836 0.05779999867081642
v -0.004999999888241291 0.009499999694526196 0.05779999867081642
v -0.005468911025673151 0.011250000447034836 0.05779999867081642
v -0.006750000175088644 0.009968911297619343 0.05779999867081642
v -0.004999999888241291 0.009499999694526196 0.05779999867081642
v 2.7458589982453795e-16 0.009499999694526196 0.061799999326467514
v -0.004999999888241291 0.013000000268220901 0.061799999326467514
v -0.004999999888241291 0.009499999694526196 0.061799999326467514
v 0.00038268344360403717 0.009576120413839817 0.061799999326467514
v -0.004999999888241291 0.013000000268220901 0.061799999326467514
v 2.7458589982453795e-16 0.009499999694526196 0.061799999326467514
v 0.00038268344360403717 0.009576120413839817 0.05380000174045563
v 0.00038268344360403717 0.009576120413839817 0.061799999326467514
v 2.7458589982453795e-16 0.009499999694526196 0.061799999326467514
v -0.007305627688765526 0.009710094891488552 0.062199998646974564
v -0.008293114602565765 0.009500041604042053 0.06220606714487076
v -0.008500000461935997 0.009499999694526196 0.062199998646974564
v -0.008293114602565765 0.009500041604042053 0.06220606714487076
v -0.011099999770522118 0.009499999694526196 0.07137002795934677
v -0.008500000461935997 0.009499999694526196 0.062199998646974564
v -0.0067929597571492195 0.010036405175924301 0.062199998646974564
v -0.006000000052154064 0.009499999694526196 0.06300116330385208
v -0.007189126219600439 0.009499999694526196 0.062437430024147034
v -0.007305627688765526 0.009710094891488552 0.062199998646974564
v -0.0067929597571492195 0.010036405175924301 0.062199998646974564
v -0.007189126219600439 0.009499999694526196 0.062437430024147034
v -0.007227238267660141 0.009500001557171345 0.06242944300174713
v -0.007305627688765526 0.009710094891488552 0.062199998646974564
v -0.007189126219600439 0.009499999694526196 0.062437430024147034
v -0.006000000052154064 0.009499999694526196 0.06300116330385208
v -0.006000000052154064 0.009499999694526196 0.07137002795934677
v -0.007189126219600439 0.009499999694526196 0.062437430024147034
v -0.006000000052154064 0.009499999694526196 0.07137002795934677
v -0.011099999770522118 0.009499999694526196 0.07137002795934677
v -0.007189126219600439 0.009499999694526196 0.062437430024147034
v -0.011099999770522118 0.009499999694526196 0.07137002795934677
v -0.007227238267660141 0.009500001557171345 0.06242944300174713
v -0.007189126219600439 0.009499999694526196 0.062437430024147034
v -0.026081085205078125 0.009500028565526009 0.06282394379377365
v -0.026399999856948853 0.009499999694526196 0.07305256277322769
v -0.026399999856948853 0.009499999694526196 0.06300116330385208
v -0.026399999856948853 0.009499999694526196 0.07305256277322769
v -0.02674611657857895 0.009561808779835701 0.07305256277322769
v -0.026399999856948853 0.009499999694526196 0.06300116330385208
v -0.02674611657857895 0.009561808779835701 0.07305256277322769
v -0.026744196191430092 0.009570776484906673 0.06315647065639496
v -0.026399999856948853 0.009499999694526196 0.06300116330385208
v -0.026374874636530876 0.01052512601017952 0.062199998646974564
v -0.026081085205078125 0.009500028565526009 0.06282394379377365
v -0.026399999856948853 0.009499999694526196 0.06300116330385208
v -0.026744196191430092 0.009570776484906673 0.06315647065639496
v -0.026374874636530876 0.01052512601017952 0.062199998646974564
v -0.026399999856948853 0.009499999694526196 0.06300116330385208
v -0.006025126203894615 0.01052512601017952 0.062199998646974564
v -0.005668147932738066 0.009556655772030354 0.06315825134515762
v -0.006000000052154064 0.009499999694526196 0.06300116330385208
v -0.0067929597571492195 0.010036405175924301 0.062199998646974564
v -0.006025126203894615 0.01052512601017952 0.062199998646974564
v -0.006000000052154064 0.009499999694526196 0.06300116330385208
v -0.005668147932738066 0.009556655772030354 0.06315825134515762
v -0.006000000052154064 0.009499999694526196 0.07137002795934677
v -0.006000000052154064 0.009499999694526196 0.06300116330385208
v -0.011099999770522118 0.009499999694526196 0.08259999752044678
v -0.022299999371170998 0.009499999694526196 0.08259999752044678
v -0.011099999770522118 0.009499999694526196 0.07137002795934677
v -0.022299999371170998 0.009499999694526196 0.08259999752044678
v -0.022299999371170998 0.009499999694526196 0.07305256277322769
v -0.011099999770522118 0.009499999694526196 0.07137002795934677
v -0.008293114602565765 0.009500041604042053 0.06220606714487076
v -0.007227238267660141 0.009500001557171345 0.06242944300174713
v -0.011099999770522118 0.009499999694526196 0.07137002795934677
v -0.01098715141415596 0.009506387636065483 0.08259999752044678
v -0.011099999770522118 0.009499999694526196 0.08259999752044678
v -0.011099999770522118 0.009499999694526196 0.07137002795934677
v -0.010763288475573063 0.00958770327270031 0.08259999752044678
v -0.01098715141415596 0.009506387636065483 0.08259999752044678
v -0.011099999770522118 0.009499999694526196 0.07137002795934677
v -0.010759555734694004 0.00958256982266903 0.07197114825248718
v -0.010763288475573063 0.00958770327270031 0.08259999752044678
v -0.011099999770522118 0.009499999694526196 0.07137002795934677
v -0.006000000052154064 0.009499999694526196 0.07137002795934677
v -0.010759555734694004 0.00958256982266903 0.07197114825248718
v -0.011099999770522118 0.009499999694526196 0.07137002795934677
v -0.005668147932738066 0.009556655772030354 0.06315825134515762
v -0.005818733014166355 0.009516566060483456 0.07137002795934677
v -0.006000000052154064 0.009499999694526196 0.07137002795934677
v -0.005818733014166355 0.009516566060483456 0.07137002795934677
v -0.006000000052154064 0.009611111134290695 0.0721789300441742
v -0.006000000052154064 0.009499999694526196 0.07137002795934677
v -0.006000000052154064 0.009611111134290695 0.0721789300441742
v -0.010759555734694004 0.00958256982266903 0.07197114825248718
v -0.006000000052154064 0.009499999694526196 0.07137002795934677
v -0.026081085205078125 0.009500028565526009 0.06282394379377365
v -0.022299999371170998 0.009499999694526196 0.07305256277322769
v -0.026399999856948853 0.009499999694526196 0.07305256277322769
v -0.026399999856948853 0.009564516134560108 0.07355645298957825
v -0.026512758806347847 0.009570688009262085 0.07355484366416931
v -0.026399999856948853 0.009499999694526196 0.07305256277322769
v -0.026512758806347847 0.009570688009262085 0.07355484366416931
v -0.02674611657857895 0.009561808779835701 0.07305256277322769
v -0.026399999856948853 0.009499999694526196 0.07305256277322769
v -0.022645821794867516 0.009563137777149677 0.07354568690061569
v -0.026399999856948853 0.009564516134560108 0.07355645298957825
v -0.026399999856948853 0.009499999694526196 0.07305256277322769
v -0.022299999371170998 0.009499999694526196 0.07305256277322769
v -0.022645821794867516 0.009563137777149677 0.07354568690061569
v -0.026399999856948853 0.009499999694526196 0.07305256277322769
v -0.022299999371170998 0.009499999694526196 0.08259999752044678
v -0.022645821794867516 0.009563137777149677 0.07354568690061569
v -0.022299999371170998 0.009499999694526196 0.07305256277322769
v -0.011099999770522118 0.009499999694526196 0.08259999752044678
v -0.022299999371170998 0.00977605301886797 0.0848734974861145
v -0.022299999371170998 0.009499999694526196 0.08259999752044678
v -0.022643595933914185 0.009573583491146564 0.08259999752044678
v -0.022645821794867516 0.009563137777149677 0.07354568690061569
v -0.022299999371170998 0.009499999694526196 0.08259999752044678
v -0.022299999371170998 0.00977605301886797 0.0848734974861145
v -0.022643595933914185 0.009573583491146564 0.08259999752044678
v -0.022299999371170998 0.009499999694526196 0.08259999752044678
v -0.011099999770522118 0.00977605301886797 0.0848734974861145
v -0.022299999371170998 0.00977605301886797 0.0848734974861145
v -0.011099999770522118 0.009499999694526196 0.08259999752044678
v -0.01098715141415596 0.009506387636065483 0.08259999752044678
v -0.011099999770522118 0.00977605301886797 0.0848734974861145
v -0.011099999770522118 0.009499999694526196 0.08259999752044678
v -0.008293114602565765 0.009500041604042053 0.06220606714487076
v -0.007305627688765526 0.009710094891488552 0.062199998646974564
v -0.007227238267660141 0.009500001557171345 0.06242944300174713
v -0.026374874636530876 0.01052512601017952 0.062199998646974564
v -0.025607040151953697 0.010036405175924301 0.062199998646974564
v -0.026081085205078125 0.009500028565526009 0.06282394379377365
v -0.01098715141415596 0.009782254695892334 0.08487197011709213
v -0.011099999770522118 0.00977605301886797 0.0848734974861145
v -0.01098715141415596 0.009506387636065483 0.08259999752044678
v -0.010763288475573063 0.00958770327270031 0.08259999752044678
v -0.01098715141415596 0.009782254695892334 0.08487197011709213
v -0.01098715141415596 0.009506387636065483 0.08259999752044678
v -0.005668147932738066 0.009556655772030354 0.06315825134515762
v -0.005653563421219587 0.009565241634845734 0.06316158920526505
v -0.005818733014166355 0.009516566060483456 0.07137002795934677
v -0.005653563421219587 0.009565241634845734 0.06316158920526505
v -0.005662717390805483 0.009586641564965248 0.07137002795934677
v -0.005818733014166355 0.009516566060483456 0.07137002795934677
v -0.005818733014166355 0.009627063758671284 0.07217445969581604
v -0.006000000052154064 0.009611111134290695 0.0721789300441742
v -0.005818733014166355 0.009516566060483456 0.07137002795934677
v -0.005662717390805483 0.009586641564965248 0.07137002795934677
v -0.005818733014166355 0.009627063758671284 0.07217445969581604
v -0.005818733014166355 0.009516566060483456 0.07137002795934677
v 0.0009459064458496869 0.009838365018367767 0.05380000174045563
v 0.0007071067811921239 0.009792893193662167 0.05380000174045563
v 0.000661635072901845 0.009554093703627586 0.05380000174045563
v 0.0008286057855002582 0.009696313180029392 0.06615668535232544
v 0.0009459064458496869 0.009838365018367767 0.05380000174045563
v 0.000661635072901845 0.009554093703627586 0.05380000174045563
v 0.000644367712084204 0.009581747464835644 0.06623020768165588
v 0.0008286057855002582 0.009696313180029392 0.06615668535232544
v 0.000661635072901845 0.009554093703627586 0.05380000174045563
v -0.006025126203894615 0.01052512601017952 0.062199998646974564
v -0.005653563421219587 0.009565241634845734 0.06316158920526505
v -0.005668147932738066 0.009556655772030354 0.06315825134515762
v -0.026512758806347847 0.009570688009262085 0.07355484366416931
v -0.0267588272690773 0.009657160378992558 0.07353232800960541
v -0.02674611657857895 0.009561808779835701 0.07305256277322769
v -0.0267588272690773 0.009657160378992558 0.07353232800960541
v -0.026765521615743637 0.009574230760335922 0.07305256277322769
v -0.02674611657857895 0.009561808779835701 0.07305256277322769
v -0.027108358219265938 0.009794146753847599 0.06323553621768951
v -0.026794571429491043 0.009581134654581547 0.06317919492721558
v -0.02674611657857895 0.009561808779835701 0.07305256277322769
v -0.026794571429491043 0.009581134654581547 0.06317919492721558
v -0.026744196191430092 0.009570776484906673 0.06315647065639496
v -0.02674611657857895 0.009561808779835701 0.07305256277322769
v -0.026765521615743637 0.009574230760335922 0.07305256277322769
v -0.027108358219265938 0.009794146753847599 0.06323553621768951
v -0.02674611657857895 0.009561808779835701 0.07305256277322769
v -0.0226533692330122 0.009564516134560108 0.07355645298957825
v -0.026399999856948853 0.009564516134560108 0.07355645298957825
v -0.022645821794867516 0.009563137777149677 0.07354568690061569
v -0.022643595933914185 0.009573583491146564 0.08259999752044678
v -0.0226533692330122 0.009564516134560108 0.07355645298957825
v -0.022645821794867516 0.009563137777149677 0.07354568690061569
v -0.026512758806347847 0.010247375816106796 0.0753813236951828
v -0.026512758806347847 0.009570688009262085 0.07355484366416931
v -0.026399999856948853 0.009564516134560108 0.07355645298957825
v -0.026399999856948853 0.010241647250950336 0.07538412511348724
v -0.026512758806347847 0.010247375816106796 0.0753813236951828
v -0.026399999856948853 0.009564516134560108 0.07355645298957825
v -0.0226533692330122 0.009564516134560108 0.07355645298957825
v -0.02300158701837063 0.009787335060536861 0.07429207116365433
v -0.026399999856948853 0.009564516134560108 0.07355645298957825
v -0.02300158701837063 0.009787335060536861 0.07429207116365433
v -0.023005573078989983 0.009794214740395546 0.07430857419967651
v -0.026399999856948853 0.009564516134560108 0.07355645298957825
v -0.023005573078989983 0.009794214740395546 0.07430857419967651
v -0.023219211027026176 0.010162882506847382 0.07519310712814331
v -0.026399999856948853 0.009564516134560108 0.07355645298957825
v -0.023219211027026176 0.010162882506847382 0.07519310712814331
v -0.026399999856948853 0.010241647250950336 0.07538412511348724
v -0.026399999856948853 0.009564516134560108 0.07355645298957825
v -0.022643595933914185 0.009573583491146564 0.08259999752044678
v -0.02270953170955181 0.00958770327270031 0.08259999752044678
v -0.0226533692330122 0.009564516134560108 0.07355645298957825
v -0.02270953170955181 0.00958770327270031 0.08259999752044678
v -0.02300158701837063 0.009787335060536861 0.07429207116365433
v -0.0226533692330122 0.009564516134560108 0.07355645298957825
v -0.006025126203894615 0.01052512601017952 0.062199998646974564
v -0.0053361691534519196 0.009752089157700539 0.06323417276144028
v -0.005653563421219587 0.009565241634845734 0.06316158920526505
v -0.0053361691534519196 0.009752089157700539 0.06323417276144028
v -0.005662717390805483 0.009586641564965248 0.07137002795934677
v -0.005653563421219587 0.009565241634845734 0.06316158920526505
v -0.026512758806347847 0.010247375816106796 0.0753813236951828
v -0.0267588272690773 0.009657160378992558 0.07353232800960541
v -0.026512758806347847 0.009570688009262085 0.07355484366416931
v -0.026794571429491043 0.009581134654581547 0.06317919492721558
v -0.027108358219265938 0.009794146753847599 0.06323553621768951
v -0.026744196191430092 0.009570776484906673 0.06315647065639496
v -0.027108358219265938 0.009794146753847599 0.06323553621768951
v -0.026374874636530876 0.01052512601017952 0.062199998646974564
v -0.026744196191430092 0.009570776484906673 0.06315647065639496
v -0.02270953170955181 0.009861207567155361 0.08485250920057297
v -0.02270953170955181 0.00958770327270031 0.08259999752044678
v -0.022643595933914185 0.009573583491146564 0.08259999752044678
v -0.022299999371170998 0.00977605301886797 0.0848734974861145
v -0.02270953170955181 0.009861207567155361 0.08485250920057297
v -0.022643595933914185 0.009573583491146564 0.08259999752044678
v -0.0267588272690773 0.009657160378992558 0.07353232800960541
v -0.02695106901228428 0.009724716655910015 0.07351474463939667
v -0.026765521615743637 0.009574230760335922 0.07305256277322769
v -0.02695106901228428 0.009724716655910015 0.07351474463939667
v -0.027107106521725655 0.009792893193662167 0.07305256277322769
v -0.026765521615743637 0.009574230760335922 0.07305256277322769
v -0.027107106521725655 0.009792893193662167 0.07305256277322769
v -0.027108358219265938 0.009794146753847599 0.06323553621768951
v -0.026765521615743637 0.009574230760335922 0.07305256277322769
v -0.027107106521725655 0.009792893193662167 0.05380000174045563
v -0.027216240763664246 0.009683758951723576 0.05380000174045563
v -0.02678268402814865 0.009576120413839817 0.05380000174045563
v -0.027107106521725655 0.009792893193662167 0.05779999867081642
v -0.027107106521725655 0.009792893193662167 0.05380000174045563
v -0.02678268402814865 0.009576120413839817 0.05380000174045563
v -0.02678268402814865 0.009576120413839817 0.05779999867081642
v -0.027107106521725655 0.009792893193662167 0.05779999867081642
v -0.02678268402814865 0.009576120413839817 0.05380000174045563
v 0.0007071067811921239 0.009792893193662167 0.05380000174045563
v 0.00038268344360403717 0.009576120413839817 0.061799999326467514
v 0.00038268344360403717 0.009576120413839817 0.05380000174045563
v -0.02693108841776848 0.011250000447034836 0.05779999867081642
v -0.027107106521725655 0.009792893193662167 0.05779999867081642
v -0.02678268402814865 0.009576120413839817 0.05779999867081642
v -0.02565000019967556 0.009968911297619343 0.05779999867081642
v -0.02693108841776848 0.011250000447034836 0.05779999867081642
v -0.02678268402814865 0.009576120413839817 0.05779999867081642
v 0.0007071067811921239 0.009792893193662167 0.061799999326467514
v -0.004999999888241291 0.013000000268220901 0.061799999326467514
v 0.00038268344360403717 0.009576120413839817 0.061799999326467514
v 0.0007071067811921239 0.009792893193662167 0.05380000174045563
v 0.0007071067811921239 0.009792893193662167 0.061799999326467514
v 0.00038268344360403717 0.009576120413839817 0.061799999326467514
v -0.027499999850988388 0.0101500004529953 0.0697999969124794
v -0.030564559623599052 0.013713411055505276 0.0697999969124794
v -0.032101985067129135 0.009576670825481415 0.0697999969124794
v -0.027216240763664246 0.009683758951723576 0.0697999969124794
v -0.027499999850988388 0.0101500004529953 0.0697999969124794
v -0.032101985067129135 0.009576670825481415 0.0697999969124794
v -0.030564559623599052 0.013713411055505276 0.0697999969124794
v -0.031677138060331345 0.012681613676249981 0.06917867809534073
v -0.032101985067129135 0.009576670825481415 0.0697999969124794
v -0.03269105404615402 0.009752100333571434 0.06917867809534073
v -0.03273916617035866 0.009613086469471455 0.06917867809534073
v -0.032101985067129135 0.009576670825481415 0.0697999969124794
v -0.031677138060331345 0.012681613676249981 0.06917867809534073
v -0.03269105404615402 0.009752100333571434 0.06917867809534073
v -0.032101985067129135 0.009576670825481415 0.0697999969124794
v -0.01064187753945589 0.009611111134290695 0.0721789300441742
v -0.010763288475573063 0.00958770327270031 0.08259999752044678
v -0.010759555734694004 0.00958256982266903 0.07197114825248718
v -0.006000000052154064 0.009611111134290695 0.0721789300441742
v -0.01064187753945589 0.009611111134290695 0.0721789300441742
v -0.010759555734694004 0.00958256982266903 0.07197114825248718
v -0.0053361691534519196 0.009752089157700539 0.06323417276144028
v -0.005385281518101692 0.009711253456771374 0.07137002795934677
v -0.005662717390805483 0.009586641564965248 0.07137002795934677
v -0.005385281518101692 0.009814539924263954 0.07212197035551071
v -0.005818733014166355 0.009627063758671284 0.07217445969581604
v -0.005662717390805483 0.009586641564965248 0.07137002795934677
v -0.005385281518101692 0.009711253456771374 0.07137002795934677
v -0.005385281518101692 0.009814539924263954 0.07212197035551071
v -0.005662717390805483 0.009586641564965248 0.07137002795934677
v -0.023005573078989983 0.009794214740395546 0.07430857419967651
v -0.02300158701837063 0.009787335060536861 0.07429207116365433
v -0.02270953170955181 0.00958770327270031 0.08259999752044678
v -0.02299335040152073 0.009810422547161579 0.08259999752044678
v -0.023005573078989983 0.009794214740395546 0.07430857419967651
v -0.02270953170955181 0.00958770327270031 0.08259999752044678
v -0.02270953170955181 0.009861207567155361 0.08485250920057297
v -0.02299335040152073 0.009810422547161579 0.08259999752044678
v -0.02270953170955181 0.00958770327270031 0.08259999752044678
v -0.01064187753945589 0.009611111134290695 0.0721789300441742
v -0.010548845864832401 0.009665596298873425 0.08259999752044678
v -0.010763288475573063 0.00958770327270031 0.08259999752044678
v -0.010548845864832401 0.00993683747947216 0.08483386784791946
v -0.01098715141415596 0.009782254695892334 0.08487197011709213
v -0.010763288475573063 0.00958770327270031 0.08259999752044678
v -0.010548845864832401 0.009665596298873425 0.08259999752044678
v -0.010548845864832401 0.00993683747947216 0.08483386784791946
v -0.010763288475573063 0.00958770327270031 0.08259999752044678
v -0.006000000052154064 0.009611111134290695 0.0721789300441742
v -0.010570794343948364 0.009651434607803822 0.0723189041018486
v -0.01064187753945589 0.009611111134290695 0.0721789300441742
v -0.010570794343948364 0.009651434607803822 0.0723189041018486
v -0.010548845864832401 0.009665596298873425 0.08259999752044678
v -0.01064187753945589 0.009611111134290695 0.0721789300441742
v -0.005818733014166355 0.009627063758671284 0.07217445969581604
v -0.006000000052154064 0.010155875235795975 0.07365413755178452
v -0.006000000052154064 0.009611111134290695 0.0721789300441742
v -0.010413840413093567 0.009813496842980385 0.07277542352676392
v -0.010570794343948364 0.009651434607803822 0.0723189041018486
v -0.006000000052154064 0.009611111134290695 0.0721789300441742
v -0.006000000052154064 0.010155875235795975 0.07365413755178452
v -0.010190844535827637 0.010162446647882462 0.07363296300172806
v -0.006000000052154064 0.009611111134290695 0.0721789300441742
v -0.010190844535827637 0.010162446647882462 0.07363296300172806
v -0.010235080495476723 0.009998074732720852 0.07329537719488144
v -0.006000000052154064 0.009611111134290695 0.0721789300441742
v -0.010235080495476723 0.009998074732720852 0.07329537719488144
v -0.010413840413093567 0.009813496842980385 0.07277542352676392
v -0.006000000052154064 0.009611111134290695 0.0721789300441742
v -0.03269105404615402 0.009752100333571434 0.06917867809534073
v -0.03336314111948013 0.009796302765607834 0.06820540875196457
v -0.03273916617035866 0.009613086469471455 0.06917867809534073
v -0.005818733014166355 0.010170902125537395 0.0736471638083458
v -0.006000000052154064 0.010155875235795975 0.07365413755178452
v -0.005818733014166355 0.009627063758671284 0.07217445969581604
v -0.005385281518101692 0.009814539924263954 0.07212197035551071
v -0.005818733014166355 0.010170902125537395 0.0736471638083458
v -0.005818733014166355 0.009627063758671284 0.07217445969581604
v -0.010413541458547115 0.009811978787183762 0.08259999752044678
v -0.010548845864832401 0.009665596298873425 0.08259999752044678
v -0.010570794343948364 0.009651434607803822 0.0723189041018486
v -0.010413840413093567 0.009813496842980385 0.07277542352676392
v -0.010413541458547115 0.009811978787183762 0.08259999752044678
v -0.010570794343948364 0.009651434607803822 0.0723189041018486
v -0.02695106901228428 0.010390350595116615 0.07531139254570007
v -0.02695106901228428 0.009724716655910015 0.07351474463939667
v -0.0267588272690773 0.009657160378992558 0.07353232800960541
v -0.026512758806347847 0.010247375816106796 0.0753813236951828
v -0.02695106901228428 0.010390350595116615 0.07531139254570007
v -0.0267588272690773 0.009657160378992558 0.07353232800960541
v -0.010413541458547115 0.009811978787183762 0.08259999752044678
v -0.010548845864832401 0.00993683747947216 0.08483386784791946
v -0.010548845864832401 0.009665596298873425 0.08259999752044678
v -0.027107106521725655 0.009792893193662167 0.05380000174045563
v -0.027499999850988388 0.0101500004529953 0.05380000174045563
v -0.027216240763664246 0.009683758951723576 0.05380000174045563
v -0.027499999850988388 0.0101500004529953 0.0697999969124794
v -0.027216240763664246 0.009683758951723576 0.0697999969124794
v -0.027216240763664246 0.009683758951723576 0.05380000174045563
v -0.027499999850988388 0.0101500004529953 0.05380000174045563
v -0.027499999850988388 0.0101500004529953 0.0697999969124794
v -0.027216240763664246 0.009683758951723576 0.05380000174045563
v 0.0009221720392815769 0.009852726943790913 0.06606178730726242
v 0.0009459064458496869 0.009838365018367767 0.05380000174045563
v 0.0008286057855002582 0.009696313180029392 0.06615668535232544
v -0.025607040151953697 0.010036405175924301 0.062199998646974564
v -0.02565000019967556 0.009968911297619343 0.05779999867081642
v -0.025094371289014816 0.009710094891488552 0.062199998646974564
v -0.006750000175088644 0.009968911297619343 0.05779999867081642
v -0.0067929597571492195 0.010036405175924301 0.062199998646974564
v -0.007305627688765526 0.009710094891488552 0.062199998646974564
v -0.0053361691534519196 0.009752089157700539 0.06323417276144028
v -0.0053000119514763355 0.009799595922231674 0.06322789192199707
v -0.005385281518101692 0.009711253456771374 0.07137002795934677
v -0.0053000119514763355 0.009799595922231674 0.06322789192199707
v -0.0053075337782502174 0.009810330346226692 0.07137002795934677
v -0.005385281518101692 0.009711253456771374 0.07137002795934677
v -0.0053075337782502174 0.009810330346226692 0.07137002795934677
v -0.005385281518101692 0.009814539924263954 0.07212197035551071
v -0.005385281518101692 0.009711253456771374 0.07137002795934677
v 0.030664822086691856 0.015808815136551857 8.673617379884035e-19
v 0.03234574571251869 0.012949284166097641 0.0005000000237487257
v 0.03310250863432884 0.009719773195683956 4.336808689942018e-18
v 0.03234574571251869 0.012949284166097641 0.0005000000237487257
v 0.033582255244255066 0.009860639460384846 0.0005000000237487257
v 0.03310250863432884 0.009719773195683956 4.336808689942018e-18
v -0.02695106901228428 0.010390350595116615 0.07531139254570007
v -0.02708645723760128 0.009866435080766678 0.0734778493642807
v -0.02695106901228428 0.009724716655910015 0.07351474463939667
v -0.02708645723760128 0.009866435080766678 0.0734778493642807
v -0.027107106521725655 0.009792893193662167 0.07305256277322769
v -0.02695106901228428 0.009724716655910015 0.07351474463939667
v -0.006025126203894615 0.01052512601017952 0.062199998646974564
v -0.0053000119514763355 0.009799595922231674 0.06322789192199707
v -0.0053361691534519196 0.009752089157700539 0.06323417276144028
v -0.031677138060331345 0.012681613676249981 0.06917867809534073
v -0.032280873507261276 0.01292331237345934 0.06820540875196457
v -0.03269105404615402 0.009752100333571434 0.06917867809534073
v -0.032280873507261276 0.01292331237345934 0.06820540875196457
v -0.03336314111948013 0.009796302765607834 0.06820540875196457
v -0.03269105404615402 0.009752100333571434 0.06917867809534073
v -0.011099999770522118 0.00977605301886797 0.0848734974861145
v -0.022299999371170998 0.010136883705854416 0.08582493662834167
v -0.022299999371170998 0.00977605301886797 0.0848734974861145
v -0.022299999371170998 0.010136883705854416 0.08582493662834167
v -0.02270953170955181 0.009861207567155361 0.08485250920057297
v -0.022299999371170998 0.00977605301886797 0.0848734974861145
v -0.011099999770522118 0.010136883705854416 0.08582493662834167
v -0.022299999371170998 0.010136883705854416 0.08582493662834167
v -0.011099999770522118 0.00977605301886797 0.0848734974861145
v -0.01098715141415596 0.009782254695892334 0.08487197011709213
v -0.011099999770522118 0.010136883705854416 0.08582493662834167
v -0.011099999770522118 0.00977605301886797 0.0848734974861145
v -0.010548845864832401 0.00993683747947216 0.08483386784791946
v -0.01098715141415596 0.010593824088573456 0.0870119035243988
v -0.01098715141415596 0.009782254695892334 0.08487197011709213
v -0.01098715141415596 0.010593824088573456 0.0870119035243988
v -0.011099999770522118 0.010136883705854416 0.08582493662834167
v -0.01098715141415596 0.009782254695892334 0.08487197011709213
v -0.027323879301548004 0.010117316618561745 0.05380000174045563
v -0.027499999850988388 0.0101500004529953 0.05380000174045563
v -0.027107106521725655 0.009792893193662167 0.05380000174045563
v -0.027323879301548004 0.010117316618561745 0.05779999867081642
v -0.027323879301548004 0.010117316618561745 0.05380000174045563
v -0.027107106521725655 0.009792893193662167 0.05380000174045563
v -0.027107106521725655 0.009792893193662167 0.05779999867081642
v -0.027323879301548004 0.010117316618561745 0.05779999867081642
v -0.027107106521725655 0.009792893193662167 0.05380000174045563
v 0.0009459064458496869 0.009838365018367767 0.05380000174045563
v 0.0009238795610144734 0.010117316618561745 0.05380000174045563
v 0.0007071067811921239 0.009792893193662167 0.05380000174045563
v 0.0009238795610144734 0.010117316618561745 0.05380000174045563
v 0.0007071067811921239 0.009792893193662167 0.061799999326467514
v 0.0007071067811921239 0.009792893193662167 0.05380000174045563
v -0.02693108841776848 0.011250000447034836 0.05779999867081642
v -0.027323879301548004 0.010117316618561745 0.05779999867081642
v -0.027107106521725655 0.009792893193662167 0.05779999867081642
v 0.0009238795610144734 0.010117316618561745 0.061799999326467514
v 0.0010000000474974513 0.010499999858438969 0.061799999326467514
v 0.0007071067811921239 0.009792893193662167 0.061799999326467514
v 0.0010000000474974513 0.010499999858438969 0.061799999326467514
v -0.004999999888241291 0.013000000268220901 0.061799999326467514
v 0.0007071067811921239 0.009792893193662167 0.061799999326467514
v 0.0009238795610144734 0.010117316618561745 0.05380000174045563
v 0.0009238795610144734 0.010117316618561745 0.061799999326467514
v 0.0007071067811921239 0.009792893193662167 0.061799999326467514
v -0.02708645723760128 0.009866435080766678 0.0734778493642807
v -0.02727505750954151 0.010063852183520794 0.07342644780874252
v -0.027107106521725655 0.009792893193662167 0.07305256277322769
v -0.02727505750954151 0.010063852183520794 0.07342644780874252
v -0.027325769886374474 0.010134478099644184 0.07305256277322769
v -0.027107106521725655 0.009792893193662167 0.07305256277322769
v -0.027322204783558846 0.010113297030329704 0.06317666918039322
v -0.027108358219265938 0.009794146753847599 0.06323553621768951
v -0.027107106521725655 0.009792893193662167 0.07305256277322769
v -0.027325769886374474 0.010134478099644184 0.07305256277322769
v -0.027322204783558846 0.010113297030329704 0.06317666918039322
v -0.027107106521725655 0.009792893193662167 0.07305256277322769
v -0.027223827317357063 0.009972212836146355 0.06319614499807358
v -0.026374874636530876 0.01052512601017952 0.062199998646974564
v -0.027108358219265938 0.009794146753847599 0.06323553621768951
v -0.027322204783558846 0.010113297030329704 0.06317666918039322
v -0.027223827317357063 0.009972212836146355 0.06319614499807358
v -0.027108358219265938 0.009794146753847599 0.06323553621768951
v -0.023088745772838593 0.009885281324386597 0.08259999752044678
v -0.023219211027026176 0.010162882506847382 0.07519310712814331
v -0.023005573078989983 0.009794214740395546 0.07430857419967651
v -0.02299335040152073 0.009810422547161579 0.08259999752044678
v -0.023088745772838593 0.009885281324386597 0.08259999752044678
v -0.023005573078989983 0.009794214740395546 0.07430857419967651
v -0.032280873507261276 0.01292331237345934 0.06820540875196457
v -0.033582255244255066 0.009860639460384846 0.06705735623836517
v -0.03336314111948013 0.009796302765607834 0.06820540875196457
v -0.006025126203894615 0.01052512601017952 0.062199998646974564
v -0.005297791212797165 0.00980251282453537 0.06322750449180603
v -0.0053000119514763355 0.009799595922231674 0.06322789192199707
v -0.005297791212797165 0.00980251282453537 0.06322750449180603
v -0.0053075337782502174 0.009810330346226692 0.07137002795934677
v -0.0053000119514763355 0.009799595922231674 0.06322789192199707
v -0.005077683832496405 0.010165255516767502 0.06314731389284134
v -0.005102239083498716 0.010059447027742863 0.06319350749254227
v -0.005297791212797165 0.00980251282453537 0.06322750449180603
v -0.006025126203894615 0.01052512601017952 0.062199998646974564
v -0.005077683832496405 0.010165255516767502 0.06314731389284134
v -0.005297791212797165 0.00980251282453537 0.06322750449180603
v -0.005087703932076693 0.010090469382703304 0.07137002795934677
v -0.0053075337782502174 0.009810330346226692 0.07137002795934677
v -0.005297791212797165 0.00980251282453537 0.06322750449180603
v -0.005102239083498716 0.010059447027742863 0.06319350749254227
v -0.005087703932076693 0.010090469382703304 0.07137002795934677
v -0.005297791212797165 0.00980251282453537 0.06322750449180603
v -0.005087703932076693 0.010179711505770683 0.07201971858739853
v -0.005385281518101692 0.009814539924263954 0.07212197035551071
v -0.0053075337782502174 0.009810330346226692 0.07137002795934677
v -0.005087703932076693 0.010090469382703304 0.07137002795934677
v -0.005087703932076693 0.010179711505770683 0.07201971858739853
v -0.0053075337782502174 0.009810330346226692 0.07137002795934677
v -0.023088745772838593 0.010150138288736343 0.08478129655122757
v -0.023088745772838593 0.009885281324386597 0.08259999752044678
v -0.02299335040152073 0.009810422547161579 0.08259999752044678
v -0.02270953170955181 0.009861207567155361 0.08485250920057297
v -0.023088745772838593 0.010150138288736343 0.08478129655122757
v -0.02299335040152073 0.009810422547161579 0.08259999752044678
v -0.010413840413093567 0.009813496842980385 0.07277542352676392
v -0.010235080495476723 0.009998074732720852 0.07329537719488144
v -0.010413541458547115 0.009811978787183762 0.08259999752044678
v -0.010235080495476723 0.009998074732720852 0.07329537719488144
v -0.01022488996386528 0.01001607533544302 0.08259999752044678
v -0.010413541458547115 0.009811978787183762 0.08259999752044678
v -0.01022488996386528 0.010277132503688335 0.08474999666213989
v -0.010548845864832401 0.00993683747947216 0.08483386784791946
v -0.010413541458547115 0.009811978787183762 0.08259999752044678
v -0.01022488996386528 0.01001607533544302 0.08259999752044678
v -0.01022488996386528 0.010277132503688335 0.08474999666213989
v -0.010413541458547115 0.009811978787183762 0.08259999752044678
v -0.005385281518101692 0.010347500443458557 0.07356521487236023
v -0.005818733014166355 0.010170902125537395 0.0736471638083458
v -0.005385281518101692 0.009814539924263954 0.07212197035551071
v -0.005087703932076693 0.010179711505770683 0.07201971858739853
v -0.005385281518101692 0.010347500443458557 0.07356521487236023
v -0.005385281518101692 0.009814539924263954 0.07212197035551071
v -0.033582255244255066 0.009860639460384846 0.06705735623836517
v -0.032492876052856445 0.013008185662329197 0.0005000000237487257
v -0.03343019261956215 0.00981598999351263 0.0005000000237487257
v -0.032492876052856445 0.013008185662329197 0.0005000000237487257
v -0.032028693705797195 0.012822355143725872 -3.469446951953614e-18
v -0.03343019261956215 0.00981598999351263 0.0005000000237487257
v 0.0010999999940395355 0.0101500004529953 0.05380000174045563
v 0.0009238795610144734 0.010117316618561745 0.05380000174045563
v 0.0009459064458496869 0.009838365018367767 0.05380000174045563
v 0.0009221720392815769 0.009852726943790913 0.06606178730726242
v 0.0010999999940395355 0.0101500004529953 0.05380000174045563
v 0.0009459064458496869 0.009838365018367767 0.05380000174045563
v 0.0010999999940395355 0.0101500004529953 0.0658814087510109
v 0.0010999999940395355 0.0101500004529953 0.05380000174045563
v 0.0009221720392815769 0.009852726943790913 0.06606178730726242
v 0.03234574571251869 0.012949284166097641 0.0005000000237487257
v 0.032480284571647644 0.013003059662878513 0.06456615775823593
v 0.033582255244255066 0.009860639460384846 0.0005000000237487257
v 0.032480284571647644 0.013003059662878513 0.06456615775823593
v 0.03277759999036789 0.012273100204765797 0.06482315808534622
v 0.033582255244255066 0.009860639460384846 0.0005000000237487257
v -0.032492876052856445 0.013008185662329197 0.06705735623836517
v -0.032492876052856445 0.013008185662329197 0.0005000000237487257
v -0.033582255244255066 0.009860639460384846 0.06705735623836517
v -0.032280873507261276 0.01292331237345934 0.06820540875196457
v -0.032492876052856445 0.013008185662329197 0.06705735623836517
v -0.033582255244255066 0.009860639460384846 0.06705735623836517
v -0.023088745772838593 0.010929317213594913 0.0868358239531517
v -0.023088745772838593 0.010150138288736343 0.08478129655122757
v -0.02270953170955181 0.009861207567155361 0.08485250920057297
v -0.02270953170955181 0.010665825568139553 0.0869741141796112
v -0.023088745772838593 0.010929317213594913 0.0868358239531517
v -0.02270953170955181 0.009861207567155361 0.08485250920057297
v -0.022299999371170998 0.010136883705854416 0.08582493662834167
v -0.02270953170955181 0.010665825568139553 0.0869741141796112
v -0.02270953170955181 0.009861207567155361 0.08485250920057297
v -0.02727505750954151 0.010705148801207542 0.07515740394592285
v -0.02727505750954151 0.010063852183520794 0.07342644780874252
v -0.02708645723760128 0.009866435080766678 0.0734778493642807
v -0.02695106901228428 0.010390350595116615 0.07531139254570007
v -0.02727505750954151 0.010705148801207542 0.07515740394592285
v -0.02708645723760128 0.009866435080766678 0.0734778493642807
v -0.023214224725961685 0.010164647363126278 0.08259999752044678
v -0.023219211027026176 0.010162882506847382 0.07519310712814331
v -0.023088745772838593 0.009885281324386597 0.08259999752044678
v -0.023088745772838593 0.010150138288736343 0.08478129655122757
v -0.023214224725961685 0.010164647363126278 0.08259999752044678
v -0.023088745772838593 0.009885281324386597 0.08259999752044678
v -0.010548845864832401 0.010734796524047852 0.08693791180849075
v -0.01098715141415596 0.010593824088573456 0.0870119035243988
v -0.010548845864832401 0.00993683747947216 0.08483386784791946
v -0.01022488996386528 0.010277132503688335 0.08474999666213989
v -0.010548845864832401 0.010734796524047852 0.08693791180849075
v -0.010548845864832401 0.00993683747947216 0.08483386784791946
v -0.026374874636530876 0.01052512601017952 0.062199998646974564
v -0.02693108841776848 0.011250000447034836 0.05779999867081642
v -0.02565000019967556 0.009968911297619343 0.05779999867081642
v -0.025607040151953697 0.010036405175924301 0.062199998646974564
v -0.026374874636530876 0.01052512601017952 0.062199998646974564
v -0.02565000019967556 0.009968911297619343 0.05779999867081642
v -0.006025126203894615 0.01052512601017952 0.062199998646974564
v -0.0067929597571492195 0.010036405175924301 0.062199998646974564
v -0.006750000175088644 0.009968911297619343 0.05779999867081642
v -0.005468911025673151 0.011250000447034836 0.05779999867081642
v -0.006025126203894615 0.01052512601017952 0.062199998646974564
v -0.006750000175088644 0.009968911297619343 0.05779999867081642
v -0.027330687269568443 0.010155459865927696 0.06315753608942032
v -0.026374874636530876 0.01052512601017952 0.062199998646974564
v -0.027223827317357063 0.009972212836146355 0.06319614499807358
v -0.027322204783558846 0.010113297030329704 0.06317666918039322
v -0.027330687269568443 0.010155459865927696 0.06315753608942032
v -0.027223827317357063 0.009972212836146355 0.06319614499807358
v -0.010190844535827637 0.010162446647882462 0.07363296300172806
v -0.010185640305280685 0.01016036607325077 0.08259999752044678
v -0.010235080495476723 0.009998074732720852 0.07329537719488144
v -0.010185640305280685 0.01016036607325077 0.08259999752044678
v -0.01022488996386528 0.01001607533544302 0.08259999752044678
v -0.010235080495476723 0.009998074732720852 0.07329537719488144
v -0.010185640305280685 0.01016036607325077 0.08259999752044678
v -0.01022488996386528 0.010277132503688335 0.08474999666213989
v -0.01022488996386528 0.01001607533544302 0.08259999752044678
v -0.018806830048561096 0.012369447387754917 0.0005000000237487257
v -0.020115669816732407 0.010102469474077225 0.008999999612569809
v -0.019979655742645264 0.010034160688519478 0.0005000000237487257
v -0.01922457478940487 0.012644201517105103 8.673617379884035e-19
v -0.018806830048561096 0.012369447387754917 0.0005000000237487257
v -0.019979655742645264 0.010034160688519478 0.0005000000237487257
v -0.005072068423032761 0.010163478553295135 0.07137002795934677
v -0.005087703932076693 0.010090469382703304 0.07137002795934677
v -0.005102239083498716 0.010059447027742863 0.06319350749254227
v -0.005077683832496405 0.010165255516767502 0.06314731389284134
v -0.005072068423032761 0.010163478553295135 0.07137002795934677
v -0.005102239083498716 0.010059447027742863 0.06319350749254227
v -0.02727505750954151 0.010705148801207542 0.07515740394592285
v -0.027308203279972076 0.010181722231209278 0.07339576631784439
v -0.02727505750954151 0.010063852183520794 0.07342644780874252
v -0.027308203279972076 0.010181722231209278 0.07339576631784439
v -0.027325769886374474 0.010134478099644184 0.07305256277322769
v -0.02727505750954151 0.010063852183520794 0.07342644780874252
v -0.005072068423032761 0.010163478553295135 0.07137002795934677
v -0.005087703932076693 0.010179711505770683 0.07201971858739853
v -0.005087703932076693 0.010090469382703304 0.07137002795934677
v 0.018806830048561096 0.012369447387754917 0.008999999612569809
v 0.01867966540157795 0.012285809032619 0.0005000000237487257
v 0.020115669816732407 0.010102469474077225 0.0005000000237487257
v 0.01867966540157795 0.012285809032619 0.0005000000237487257
v 0.020562486723065376 0.0103268688544631 0.0
v 0.020115669816732407 0.010102469474077225 0.0005000000237487257
v -0.018806830048561096 0.012369447387754917 0.0005000000237487257
v -0.017243660986423492 0.014469149522483349 0.008999999612569809
v -0.020115669816732407 0.010102469474077225 0.008999999612569809
v -0.027325769886374474 0.010134478099644184 0.07305256277322769
v -0.027330687269568443 0.010155459865927696 0.06315753608942032
v -0.027322204783558846 0.010113297030329704 0.06317666918039322
v -0.027400000020861626 0.010499999858438969 0.05380000174045563
v -0.027499999850988388 0.0101500004529953 0.05380000174045563
v -0.027323879301548004 0.010117316618561745 0.05380000174045563
v -0.027400000020861626 0.010499999858438969 0.05779999867081642
v -0.027400000020861626 0.010499999858438969 0.05380000174045563
v -0.027323879301548004 0.010117316618561745 0.05380000174045563
v -0.027323879301548004 0.010117316618561745 0.05779999867081642
v -0.027400000020861626 0.010499999858438969 0.05779999867081642
v -0.027323879301548004 0.010117316618561745 0.05380000174045563
v 0.0010999999940395355 0.0101500004529953 0.05380000174045563
v 0.0010000000474974513 0.010499999858438969 0.05380000174045563
v 0.0009238795610144734 0.010117316618561745 0.05380000174045563
v 0.0010000000474974513 0.010499999858438969 0.05380000174045563
v 0.0009238795610144734 0.010117316618561745 0.061799999326467514
v 0.0009238795610144734 0.010117316618561745 0.05380000174045563
v -0.02693108841776848 0.011250000447034836 0.05779999867081642
v -0.027400000020861626 0.010499999858438969 0.05779999867081642
v -0.027323879301548004 0.010117316618561745 0.05779999867081642
v 0.0010000000474974513 0.010499999858438969 0.05380000174045563
v 0.0010000000474974513 0.010499999858438969 0.061799999326467514
v 0.0009238795610144734 0.010117316618561745 0.061799999326467514
v -0.027308203279972076 0.010181722231209278 0.07339576631784439
v -0.027338191866874695 0.010153883136808872 0.07305256277322769
v -0.027325769886374474 0.010134478099644184 0.07305256277322769
v -0.027338191866874695 0.010153883136808872 0.07305256277322769
v -0.027330687269568443 0.010155459865927696 0.06315753608942032
v -0.027325769886374474 0.010134478099644184 0.07305256277322769
v -0.011099999770522118 0.010136883705854416 0.08582493662834167
v -0.022299999371170998 0.010588168166577816 0.08701486885547638
v -0.022299999371170998 0.010136883705854416 0.08582493662834167
v -0.022299999371170998 0.010588168166577816 0.08701486885547638
v -0.02270953170955181 0.010665825568139553 0.0869741141796112
v -0.022299999371170998 0.010136883705854416 0.08582493662834167
v -0.011099999770522118 0.010588168166577816 0.08701486885547638
v -0.022299999371170998 0.010588168166577816 0.08701486885547638
v -0.011099999770522118 0.010136883705854416 0.08582493662834167
v -0.01098715141415596 0.010593824088573456 0.0870119035243988
v -0.011099999770522118 0.010588168166577816 0.08701486885547638
v -0.011099999770522118 0.010136883705854416 0.08582493662834167
v -0.027400000020861626 0.010499999858438969 0.05380000174045563
v -0.027499999850988388 0.02785000018775463 0.05380000174045563
v -0.027499999850988388 0.0101500004529953 0.05380000174045563
v -0.027499999850988388 0.02785000018775463 0.05380000174045563
v -0.027499999850988388 0.02785000018775463 0.0697999969124794
v -0.027499999850988388 0.0101500004529953 0.05380000174045563
v -0.027499999850988388 0.02785000018775463 0.0697999969124794
v -0.027499999850988388 0.0101500004529953 0.0697999969124794
v -0.027499999850988388 0.0101500004529953 0.05380000174045563
v 0.0010999999940395355 0.02785000018775463 0.05380000174045563
v 0.0010000000474974513 0.010499999858438969 0.05380000174045563
v 0.0010999999940395355 0.0101500004529953 0.05380000174045563
v 0.0010999999940395355 0.014816109091043472 0.06398618221282959
v 0.0010999999940395355 0.02785000018775463 0.05380000174045563
v 0.0010999999940395355 0.0101500004529953 0.05380000174045563
v 0.0010999999940395355 0.010874884203076363 0.06547924131155014
v 0.0010999999940395355 0.014816109091043472 0.06398618221282959
v 0.0010999999940395355 0.0101500004529953 0.05380000174045563
v 0.0010999999940395355 0.0101500004529953 0.0658814087510109
v 0.0010999999940395355 0.010874884203076363 0.06547924131155014
v 0.0010999999940395355 0.0101500004529953 0.05380000174045563
v 0.033423829823732376 0.010384975001215935 0.0657459944486618
v 0.0010999999940395355 0.010874884203076363 0.06547924131155014
v 0.0010999999940395355 0.0101500004529953 0.0658814087510109
v -0.029768407344818115 0.016340717673301697 0.0697999969124794
v -0.02998816967010498 0.01537606306374073 0.0697999969124794
v -0.027499999850988388 0.0101500004529953 0.0697999969124794
v -0.029659276828169823 0.016819749027490616 0.0697999969124794
v -0.029768407344818115 0.016340717673301697 0.0697999969124794
v -0.027499999850988388 0.0101500004529953 0.0697999969124794
v -0.02998816967010498 0.01537606306374073 0.0697999969124794
v -0.030564559623599052 0.013713411055505276 0.0697999969124794
v -0.027499999850988388 0.0101500004529953 0.0697999969124794
v -0.027499999850988388 0.02785000018775463 0.0697999969124794
v -0.029500000178813934 0.018378304317593575 0.0697999969124794
v -0.027499999850988388 0.0101500004529953 0.0697999969124794
v -0.029500000178813934 0.018378304317593575 0.0697999969124794
v -0.02965371310710907 0.016844170168042183 0.0697999969124794
v -0.027499999850988388 0.0101500004529953 0.0697999969124794
v -0.02965371310710907 0.016844170168042183 0.0697999969124794
v -0.029659276828169823 0.016819749027490616 0.0697999969124794
v -0.027499999850988388 0.0101500004529953 0.0697999969124794
v -0.02328343316912651 0.010570994578301907 0.0846775621175766
v -0.023214224725961685 0.010164647363126278 0.08259999752044678
v -0.023088745772838593 0.010150138288736343 0.08478129655122757
v -0.02328343316912651 0.011313119903206825 0.08663438260555267
v -0.02328343316912651 0.010570994578301907 0.0846775621175766
v -0.023088745772838593 0.010150138288736343 0.08478129655122757
v -0.023088745772838593 0.010929317213594913 0.0868358239531517
v -0.02328343316912651 0.011313119903206825 0.08663438260555267
v -0.023088745772838593 0.010150138288736343 0.08478129655122757
v -0.027308203279972076 0.010181722231209278 0.07339576631784439
v -0.027400000020861626 0.01050809770822525 0.07317956537008286
v -0.027338191866874695 0.010153883136808872 0.07305256277322769
v -0.027400000020861626 0.01050809770822525 0.07317956537008286
v -0.027400000020861626 0.010499999858438969 0.07305256277322769
v -0.027338191866874695 0.010153883136808872 0.07305256277322769
v -0.027400000020861626 0.010499999858438969 0.07305256277322769
v -0.027330687269568443 0.010155459865927696 0.06315753608942032
v -0.027338191866874695 0.010153883136808872 0.07305256277322769
v -0.027400000020861626 0.010499999858438969 0.07305256277322769
v -0.027400000020861626 0.010499999858438969 0.06300116330385208
v -0.027330687269568443 0.010155459865927696 0.06315753608942032
v -0.027400000020861626 0.010499999858438969 0.06300116330385208
v -0.026374874636530876 0.01052512601017952 0.062199998646974564
v -0.027330687269568443 0.010155459865927696 0.06315753608942032
v -0.005818733014166355 0.010170902125537395 0.0736471638083458
v -0.006000000052154064 0.010930715128779411 0.07502257823944092
v -0.006000000052154064 0.010155875235795975 0.07365413755178452
v -0.006000000052154064 0.010930715128779411 0.07502257823944092
v -0.010099999606609344 0.010930715128779411 0.07502257823944092
v -0.006000000052154064 0.010155875235795975 0.07365413755178452
v -0.010099999606609344 0.010930715128779411 0.07502257823944092
v -0.010099999606609344 0.010499999858438969 0.07432624697685242
v -0.006000000052154064 0.010155875235795975 0.07365413755178452
v -0.010099999606609344 0.010499999858438969 0.07432624697685242
v -0.010190844535827637 0.010162446647882462 0.07363296300172806
v -0.006000000052154064 0.010155875235795975 0.07365413755178452
v -0.010190844535827637 0.010162446647882462 0.07363296300172806
v -0.010100339539349079 0.010473948903381824 0.08259999752044678
v -0.010185640305280685 0.01016036607325077 0.08259999752044678
v -0.010100339539349079 0.010473948903381824 0.08259999752044678
v -0.010100339539349079 0.010721701197326183 0.08464042097330093
v -0.010185640305280685 0.01016036607325077 0.08259999752044678
v -0.010100339539349079 0.010721701197326183 0.08464042097330093
v -0.01022488996386528 0.010277132503688335 0.08474999666213989
v -0.010185640305280685 0.01016036607325077 0.08259999752044678
v -0.010099999606609344 0.010499999858438969 0.07432624697685242
v -0.010099999606609344 0.010499999858438969 0.08259999752044678
v -0.010190844535827637 0.010162446647882462 0.07363296300172806
v -0.010099999606609344 0.010499999858438969 0.08259999752044678
v -0.010100339539349079 0.010473948903381824 0.08259999752044678
v -0.010190844535827637 0.010162446647882462 0.07363296300172806
v -0.02326815202832222 0.010247340425848961 0.07539574801921844
v -0.026399999856948853 0.010241647250950336 0.07538412511348724
v -0.023219211027026176 0.010162882506847382 0.07519310712814331
v -0.023214224725961685 0.010164647363126278 0.08259999752044678
v -0.02326815202832222 0.010247340425848961 0.07539574801921844
v -0.023219211027026176 0.010162882506847382 0.07519310712814331
v -0.004999999888241291 0.010499999858438969 0.06300116330385208
v -0.004999999888241291 0.010499999858438969 0.07137002795934677
v -0.005072068423032761 0.010163478553295135 0.07137002795934677
v -0.005077683832496405 0.010165255516767502 0.06314731389284134
v -0.004999999888241291 0.010499999858438969 0.06300116330385208
v -0.005072068423032761 0.010163478553295135 0.07137002795934677
v -0.004999999888241291 0.010499999858438969 0.07137002795934677
v -0.004999999888241291 0.01057407446205616 0.07190929353237152
v -0.005072068423032761 0.010163478553295135 0.07137002795934677
v -0.004999999888241291 0.01057407446205616 0.07190929353237152
v -0.005087703932076693 0.010179711505770683 0.07201971858739853
v -0.005072068423032761 0.010163478553295135 0.07137002795934677
v -0.02328343316912651 0.01031873282045126 0.08259999752044678
v -0.02326815202832222 0.010247340425848961 0.07539574801921844
v -0.023214224725961685 0.010164647363126278 0.08259999752044678
v -0.02328343316912651 0.010570994578301907 0.0846775621175766
v -0.02328343316912651 0.01031873282045126 0.08259999752044678
v -0.023214224725961685 0.010164647363126278 0.08259999752044678
v -0.006025126203894615 0.01052512601017952 0.062199998646974564
v -0.004999999888241291 0.010499999858438969 0.06300116330385208
v -0.005077683832496405 0.010165255516767502 0.06314731389284134
v -0.005385281518101692 0.010347500443458557 0.07356521487236023
v -0.005818733014166355 0.010944425128400326 0.07501327991485596
v -0.005818733014166355 0.010170902125537395 0.0736471638083458
v -0.005818733014166355 0.010944425128400326 0.07501327991485596
v -0.006000000052154064 0.010930715128779411 0.07502257823944092
v -0.005818733014166355 0.010170902125537395 0.0736471638083458
v -0.004999999888241291 0.01057407446205616 0.07190929353237152
v -0.004999999888241291 0.011062284000217915 0.07323351502418518
v -0.005087703932076693 0.010179711505770683 0.07201971858739853
v -0.005087703932076693 0.01069148350507021 0.07340558618307114
v -0.005385281518101692 0.010347500443458557 0.07356521487236023
v -0.005087703932076693 0.010179711505770683 0.07201971858739853
v -0.004999999888241291 0.011062284000217915 0.07323351502418518
v -0.005087703932076693 0.01069148350507021 0.07340558618307114
v -0.005087703932076693 0.010179711505770683 0.07201971858739853
v -0.027399657294154167 0.011116444133222103 0.07495622336864471
v -0.027399657294154167 0.010506945662200451 0.07331109791994095
v -0.027308203279972076 0.010181722231209278 0.07339576631784439
v -0.02727505750954151 0.010705148801207542 0.07515740394592285
v -0.027399657294154167 0.011116444133222103 0.07495622336864471
v -0.027308203279972076 0.010181722231209278 0.07339576631784439
v -0.027399657294154167 0.010506945662200451 0.07331109791994095
v -0.027400000020861626 0.01050809770822525 0.07317956537008286
v -0.027308203279972076 0.010181722231209278 0.07339576631784439
v -0.026399999856948853 0.010755213908851147 0.07621236890554428
v -0.026512758806347847 0.010247375816106796 0.0753813236951828
v -0.026399999856948853 0.010241647250950336 0.07538412511348724
v -0.02326815202832222 0.010247340425848961 0.07539574801921844
v -0.02329999953508377 0.010499999858438969 0.07587624341249466
v -0.026399999856948853 0.010241647250950336 0.07538412511348724
v -0.02329999953508377 0.010499999858438969 0.07587624341249466
v -0.026399999856948853 0.010755213908851147 0.07621236890554428
v -0.026399999856948853 0.010241647250950336 0.07538412511348724
v -0.02328343316912651 0.01031873282045126 0.08259999752044678
v -0.02329999953508377 0.010499999858438969 0.07587624341249466
v -0.02326815202832222 0.010247340425848961 0.07539574801921844
v -0.026512758806347847 0.011273838579654694 0.07703671604394913
v -0.02695106901228428 0.011400045827031136 0.07693973928689957
v -0.026512758806347847 0.010247375816106796 0.0753813236951828
v -0.026399999856948853 0.010755213908851147 0.07621236890554428
v -0.026512758806347847 0.011273838579654694 0.07703671604394913
v -0.026512758806347847 0.010247375816106796 0.0753813236951828
v -0.02695106901228428 0.011400045827031136 0.07693973928689957
v -0.02695106901228428 0.010390350595116615 0.07531139254570007
v -0.026512758806347847 0.010247375816106796 0.0753813236951828
v -0.010100339539349079 0.010721701197326183 0.08464042097330093
v -0.010100339539349079 0.011012834496796131 0.08558307588100433
v -0.01022488996386528 0.010277132503688335 0.08474999666213989
v -0.010100339539349079 0.011012834496796131 0.08558307588100433
v -0.01022488996386528 0.011045129969716072 0.0867750346660614
v -0.01022488996386528 0.010277132503688335 0.08474999666213989
v -0.01022488996386528 0.011045129969716072 0.0867750346660614
v -0.010548845864832401 0.010734796524047852 0.08693791180849075
v -0.01022488996386528 0.010277132503688335 0.08474999666213989
v -0.02329999953508377 0.010499999858438969 0.08259999752044678
v -0.02329999953508377 0.010499999858438969 0.07587624341249466
v -0.02328343316912651 0.01031873282045126 0.08259999752044678
v -0.02329999953508377 0.010746994987130165 0.08463418483734131
v -0.02329999953508377 0.010499999858438969 0.08259999752044678
v -0.02328343316912651 0.01031873282045126 0.08259999752044678
v -0.02328343316912651 0.010570994578301907 0.0846775621175766
v -0.02329999953508377 0.010746994987130165 0.08463418483734131
v -0.02328343316912651 0.01031873282045126 0.08259999752044678
v 0.017626682296395302 0.014790543355047703 2.6020852139652106e-18
v 0.027118831872940063 0.02132648415863514 3.469446951953614e-18
v 0.020562486723065376 0.0103268688544631 0.0
v 0.027118831872940063 0.02132648415863514 3.469446951953614e-18
v 0.030664822086691856 0.015808815136551857 8.673617379884035e-19
v 0.020562486723065376 0.0103268688544631 0.0
v 0.01867966540157795 0.012285809032619 0.0005000000237487257
v 0.017626682296395302 0.014790543355047703 2.6020852139652106e-18
v 0.020562486723065376 0.0103268688544631 0.0
v -0.005087703932076693 0.01069148350507021 0.07340558618307114
v -0.005385281518101692 0.011105552315711975 0.07490400969982147
v -0.005385281518101692 0.010347500443458557 0.07356521487236023
v -0.005385281518101692 0.011105552315711975 0.07490400969982147
v -0.005818733014166355 0.010944425128400326 0.07501327991485596
v -0.005385281518101692 0.010347500443458557 0.07356521487236023
v 0.033252350986003876 0.010885989293456078 0.06550111621618271
v 0.0010999999940395355 0.010874884203076363 0.06547924131155014
v 0.033423829823732376 0.010384975001215935 0.0657459944486618
v -0.02727505750954151 0.011677926406264305 0.07672622054815292
v -0.02727505750954151 0.010705148801207542 0.07515740394592285
v -0.02695106901228428 0.010390350595116615 0.07531139254570007
v -0.02695106901228428 0.011400045827031136 0.07693973928689957
v -0.02727505750954151 0.011677926406264305 0.07672622054815292
v -0.02695106901228428 0.010390350595116615 0.07531139254570007
v -0.010099999606609344 0.010499999858438969 0.08259999752044678
v -0.010099999606609344 0.010783083736896515 0.08462915569543839
v -0.010100339539349079 0.010473948903381824 0.08259999752044678
v -0.010099999606609344 0.010783083736896515 0.08462915569543839
v -0.010100339539349079 0.010721701197326183 0.08464042097330093
v -0.010100339539349079 0.010473948903381824 0.08259999752044678
v -0.027400000020861626 0.027499999850988388 0.05380000174045563
v -0.027499999850988388 0.02785000018775463 0.05380000174045563
v -0.027400000020861626 0.010499999858438969 0.05380000174045563
v -0.027400000020861626 0.010499999858438969 0.05779999867081642
v -0.027400000020861626 0.013000000268220901 0.05779999867081642
v -0.027400000020861626 0.010499999858438969 0.05380000174045563
v -0.027400000020861626 0.02500000037252903 0.05779999867081642
v -0.027400000020861626 0.027499999850988388 0.05380000174045563
v -0.027400000020861626 0.010499999858438969 0.05380000174045563
v -0.027400000020861626 0.013000000268220901 0.05779999867081642
v -0.027400000020861626 0.02500000037252903 0.05779999867081642
v -0.027400000020861626 0.010499999858438969 0.05380000174045563
v 0.0010999999940395355 0.02785000018775463 0.05380000174045563
v 0.0010000000474974513 0.027499999850988388 0.05380000174045563
v 0.0010000000474974513 0.010499999858438969 0.05380000174045563
v 0.0010000000474974513 0.027499999850988388 0.05380000174045563
v 0.0010000000474974513 0.010499999858438969 0.061799999326467514
v 0.0010000000474974513 0.010499999858438969 0.05380000174045563
v -0.02693108841776848 0.011250000447034836 0.05779999867081642
v -0.027400000020861626 0.013000000268220901 0.05779999867081642
v -0.027400000020861626 0.010499999858438969 0.05779999867081642
v -0.004999999888241291 0.02500000037252903 0.061799999326467514
v -0.004999999888241291 0.013000000268220901 0.061799999326467514
v 0.0010000000474974513 0.010499999858438969 0.061799999326467514
v 0.0010000000474974513 0.027499999850988388 0.061799999326467514
v -0.004999999888241291 0.02500000037252903 0.061799999326467514
v 0.0010000000474974513 0.010499999858438969 0.061799999326467514
v 0.0010000000474974513 0.027499999850988388 0.05380000174045563
v 0.0010000000474974513 0.027499999850988388 0.061799999326467514
v 0.0010000000474974513 0.010499999858438969 0.061799999326467514
v -0.027400000020861626 0.01079306285828352 0.06283779442310333
v -0.026374874636530876 0.01052512601017952 0.062199998646974564
v -0.027400000020861626 0.010499999858438969 0.06300116330385208
v -0.027400000020861626 0.010499999858438969 0.07305256277322769
v -0.027400000020861626 0.01079306285828352 0.06283779442310333
v -0.027400000020861626 0.010499999858438969 0.06300116330385208
v -0.004999999888241291 0.012585952877998352 0.07490000128746033
v -0.004999999888241291 0.010499999858438969 0.07137002795934677
v -0.004999999888241291 0.010499999858438969 0.06300116330385208
v -0.004999999888241291 0.011685516685247421 0.06243870034813881
v -0.004999999888241291 0.012585952877998352 0.07490000128746033
v -0.004999999888241291 0.010499999858438969 0.06300116330385208
v -0.006025126203894615 0.01052512601017952 0.062199998646974564
v -0.004999999888241291 0.011685516685247421 0.06243870034813881
v -0.004999999888241291 0.010499999858438969 0.06300116330385208
v -0.004999999888241291 0.012585952877998352 0.07490000128746033
v -0.004999999888241291 0.01057407446205616 0.07190929353237152
v -0.004999999888241291 0.010499999858438969 0.07137002795934677
v -0.027400000020861626 0.01050809770822525 0.07317956537008286
v -0.027400000020861626 0.011220390908420086 0.0749102532863617
v -0.027400000020861626 0.010499999858438969 0.07305256277322769
v -0.027400000020861626 0.011220390908420086 0.0749102532863617
v -0.027400000020861626 0.01079306285828352 0.06283779442310333
v -0.027400000020861626 0.010499999858438969 0.07305256277322769
v -0.010099999606609344 0.010930715128779411 0.07502257823944092
v -0.010099999606609344 0.010499999858438969 0.08259999752044678
v -0.010099999606609344 0.010499999858438969 0.07432624697685242
v -0.02329999953508377 0.01071371790021658 0.07623809576034546
v -0.026399999856948853 0.010755213908851147 0.07621236890554428
v -0.02329999953508377 0.010499999858438969 0.07587624341249466
v -0.02329999953508377 0.010499999858438969 0.08259999752044678
v -0.02329999953508377 0.01071371790021658 0.07623809576034546
v -0.02329999953508377 0.010499999858438969 0.07587624341249466
v -0.02329999953508377 0.016249999403953552 0.08259999752044678
v -0.02329999953508377 0.016618430614471436 0.08122500032186508
v -0.02329999953508377 0.010499999858438969 0.08259999752044678
v -0.02329999953508377 0.010746994987130165 0.08463418483734131
v -0.02329999953508377 0.016249999403953552 0.08259999752044678
v -0.02329999953508377 0.010499999858438969 0.08259999752044678
v -0.02329999953508377 0.016618430614471436 0.08122500032186508
v -0.02329999953508377 0.012604872696101665 0.07845968008041382
v -0.02329999953508377 0.010499999858438969 0.08259999752044678
v -0.02329999953508377 0.012604872696101665 0.07845968008041382
v -0.02329999953508377 0.01071371790021658 0.07623809576034546
v -0.02329999953508377 0.010499999858438969 0.08259999752044678
v -0.010099999606609344 0.010930715128779411 0.07502257823944092
v -0.010099999606609344 0.016249999403953552 0.08259999752044678
v -0.010099999606609344 0.010499999858438969 0.08259999752044678
v -0.010099999606609344 0.016249999403953552 0.08259999752044678
v -0.010099999606609344 0.010783083736896515 0.08462915569543839
v -0.010099999606609344 0.010499999858438969 0.08259999752044678
v -0.027399657294154167 0.011116444133222103 0.07495622336864471
v -0.027400000020861626 0.010532258078455925 0.07330450415611267
v -0.027399657294154167 0.010506945662200451 0.07331109791994095
v -0.027400000020861626 0.010532258078455925 0.07330450415611267
v -0.027400000020861626 0.01050809770822525 0.07317956537008286
v -0.027399657294154167 0.010506945662200451 0.07331109791994095
v -0.027400000020861626 0.010532258078455925 0.07330450415611267
v -0.027400000020861626 0.011220390908420086 0.0749102532863617
v -0.027400000020861626 0.01050809770822525 0.07317956537008286
v -0.027400000020861626 0.01079306285828352 0.06283779442310333
v -0.026863595470786095 0.011292959563434124 0.062199998646974564
v -0.026374874636530876 0.01052512601017952 0.062199998646974564
v -0.026863595470786095 0.011292959563434124 0.062199998646974564
v -0.02693108841776848 0.011250000447034836 0.05779999867081642
v -0.026374874636530876 0.01052512601017952 0.062199998646974564
v -0.005468911025673151 0.011250000447034836 0.05779999867081642
v -0.005536405369639397 0.011292959563434124 0.062199998646974564
v -0.006025126203894615 0.01052512601017952 0.062199998646974564
v -0.005536405369639397 0.011292959563434124 0.062199998646974564
v -0.004999999888241291 0.011685516685247421 0.06243870034813881
v -0.006025126203894615 0.01052512601017952 0.062199998646974564
v -0.027399657294154167 0.011116444133222103 0.07495622336864471
v -0.027400000020861626 0.011220390908420086 0.0749102532863617
v -0.027400000020861626 0.010532258078455925 0.07330450415611267
v -0.02329999953508377 0.011473624035716057 0.08655014634132385
v -0.02329999953508377 0.010746994987130165 0.08463418483734131
v -0.02328343316912651 0.010570994578301907 0.0846775621175766
v -0.02328343316912651 0.011313119903206825 0.08663438260555267
v -0.02329999953508377 0.011473624035716057 0.08655014634132385
v -0.02328343316912651 0.010570994578301907 0.0846775621175766
v -0.004999999888241291 0.012585952877998352 0.07490000128746033
v -0.004999999888241291 0.011062284000217915 0.07323351502418518
v -0.004999999888241291 0.01057407446205616 0.07190929353237152
v -0.011099999770522118 0.010588168166577816 0.08701486885547638
v -0.022299999371170998 0.011745081283152103 0.08869095146656036
v -0.022299999371170998 0.010588168166577816 0.08701486885547638
v -0.02270953170955181 0.011954794637858868 0.0888415053486824
v -0.02270953170955181 0.010665825568139553 0.0869741141796112
v -0.022299999371170998 0.010588168166577816 0.08701486885547638
v -0.022299999371170998 0.011745081283152103 0.08869095146656036
v -0.02270953170955181 0.011954794637858868 0.0888415053486824
v -0.022299999371170998 0.010588168166577816 0.08701486885547638
v -0.011099999770522118 0.011745081283152103 0.08869095146656036
v -0.022299999371170998 0.011745081283152103 0.08869095146656036
v -0.011099999770522118 0.010588168166577816 0.08701486885547638
v -0.01098715141415596 0.010593824088573456 0.0870119035243988
v -0.011099999770522118 0.011745081283152103 0.08869095146656036
v -0.011099999770522118 0.010588168166577816 0.08701486885547638
v -0.01098715141415596 0.011893928982317448 0.08889543265104294
v -0.011099999770522118 0.011745081283152103 0.08869095146656036
v -0.01098715141415596 0.010593824088573456 0.0870119035243988
v -0.010548845864832401 0.010734796524047852 0.08693791180849075
v -0.01098715141415596 0.011893928982317448 0.08889543265104294
v -0.01098715141415596 0.010593824088573456 0.0870119035243988
v -0.02270953170955181 0.011954794637858868 0.0888415053486824
v -0.023088745772838593 0.012177535332739353 0.08864417672157288
v -0.02270953170955181 0.010665825568139553 0.0869741141796112
v -0.023088745772838593 0.012177535332739353 0.08864417672157288
v -0.023088745772838593 0.010929317213594913 0.0868358239531517
v -0.02270953170955181 0.010665825568139553 0.0869741141796112
v -0.004999999888241291 0.011062284000217915 0.07323351502418518
v -0.004999999888241291 0.011758334003388882 0.07446128875017166
v -0.005087703932076693 0.01069148350507021 0.07340558618307114
v -0.004999999888241291 0.011758334003388882 0.07446128875017166
v -0.005087703932076693 0.011419398710131645 0.07469115406274796
v -0.005087703932076693 0.01069148350507021 0.07340558618307114
v -0.005087703932076693 0.011419398710131645 0.07469115406274796
v -0.005385281518101692 0.011105552315711975 0.07490400969982147
v -0.005087703932076693 0.01069148350507021 0.07340558618307114
v -0.027399657294154167 0.011541363783180714 0.07572489231824875
v -0.027399657294154167 0.011116444133222103 0.07495622336864471
v -0.02727505750954151 0.010705148801207542 0.07515740394592285
v -0.02727505750954151 0.011677926406264305 0.07672622054815292
v -0.027399657294154167 0.011541363783180714 0.07572489231824875
v -0.02727505750954151 0.010705148801207542 0.07515740394592285
v -0.026399999856948853 0.011268781498074532 0.07704060524702072
v -0.026399999856948853 0.010755213908851147 0.07621236890554428
v -0.02329999953508377 0.01071371790021658 0.07623809576034546
v -0.02329999953508377 0.012604872696101665 0.07845968008041382
v -0.026399999856948853 0.011268781498074532 0.07704060524702072
v -0.02329999953508377 0.01071371790021658 0.07623809576034546
v -0.010099999606609344 0.010783083736896515 0.08462915569543839
v -0.010099999606609344 0.010824639350175858 0.0849270299077034
v -0.010100339539349079 0.010721701197326183 0.08464042097330093
v -0.010099999606609344 0.010824639350175858 0.0849270299077034
v -0.010100339539349079 0.011012834496796131 0.08558307588100433
v -0.010100339539349079 0.010721701197326183 0.08464042097330093
v -0.01022488996386528 0.011045129969716072 0.0867750346660614
v -0.010548845864832401 0.012013099156320095 0.08878985792398453
v -0.010548845864832401 0.010734796524047852 0.08693791180849075
v -0.010548845864832401 0.012013099156320095 0.08878985792398453
v -0.01098715141415596 0.011893928982317448 0.08889543265104294
v -0.010548845864832401 0.010734796524047852 0.08693791180849075
v -0.02329999953508377 0.016618430614471436 0.08397500216960907
v -0.02329999953508377 0.016249999403953552 0.08259999752044678
v -0.02329999953508377 0.010746994987130165 0.08463418483734131
v -0.02329999953508377 0.011473624035716057 0.08655014634132385
v -0.02329999953508377 0.016618430614471436 0.08397500216960907
v -0.02329999953508377 0.010746994987130165 0.08463418483734131
v -0.026399999856948853 0.011268781498074532 0.07704060524702072
v -0.026512758806347847 0.011273838579654694 0.07703671604394913
v -0.026399999856948853 0.010755213908851147 0.07621236890554428
v -0.010099999606609344 0.016249999403953552 0.08259999752044678
v -0.010099999606609344 0.016618430614471436 0.08397500216960907
v -0.010099999606609344 0.010783083736896515 0.08462915569543839
v -0.010099999606609344 0.016618430614471436 0.08397500216960907
v -0.010099999606609344 0.010824639350175858 0.0849270299077034
v -0.010099999606609344 0.010783083736896515 0.08462915569543839
v -0.027400000020861626 0.011715787462890148 0.06245438754558563
v -0.02718990482389927 0.01180562749505043 0.062199998646974564
v -0.027400000020861626 0.01079306285828352 0.06283779442310333
v -0.02718990482389927 0.01180562749505043 0.062199998646974564
v -0.026863595470786095 0.011292959563434124 0.062199998646974564
v -0.027400000020861626 0.01079306285828352 0.06283779442310333
v -0.027400000020861626 0.011220390908420086 0.0749102532863617
v -0.027400000020861626 0.011715787462890148 0.06245438754558563
v -0.027400000020861626 0.01079306285828352 0.06283779442310333
v -0.010099999606609344 0.016618430614471436 0.08397500216960907
v -0.010099999606609344 0.011556134559214115 0.08651206642389297
v -0.010099999606609344 0.010824639350175858 0.0849270299077034
v -0.010099999606609344 0.011556134559214115 0.08651206642389297
v -0.010100339539349079 0.011012834496796131 0.08558307588100433
v -0.010099999606609344 0.010824639350175858 0.0849270299077034
v 0.03277759999036789 0.012273100204765797 0.06482315808534622
v 0.032480284571647644 0.013003059662878513 0.06456615775823593
v 0.0010999999940395355 0.010874884203076363 0.06547924131155014
v 0.032480284571647644 0.013003059662878513 0.06456615775823593
v 0.03202492743730545 0.014121048152446747 0.06417255103588104
v 0.0010999999940395355 0.010874884203076363 0.06547924131155014
v 0.03202492743730545 0.014121048152446747 0.06417255103588104
v 0.0010999999940395355 0.014816109091043472 0.06398618221282959
v 0.0010999999940395355 0.010874884203076363 0.06547924131155014
v 0.033252350986003876 0.010885989293456078 0.06550111621618271
v 0.03277759999036789 0.012273100204765797 0.06482315808534622
v 0.0010999999940395355 0.010874884203076363 0.06547924131155014
v -0.023088745772838593 0.012177535332739353 0.08864417672157288
v -0.02328343316912651 0.012501978315412998 0.08835674822330475
v -0.023088745772838593 0.010929317213594913 0.0868358239531517
v -0.02328343316912651 0.012501978315412998 0.08835674822330475
v -0.02328343316912651 0.011313119903206825 0.08663438260555267
v -0.023088745772838593 0.010929317213594913 0.0868358239531517
v -0.006000000052154064 0.010930715128779411 0.07502257823944092
v -0.006000000052154064 0.011649246327579021 0.07566708326339722
v -0.010099999606609344 0.010930715128779411 0.07502257823944092
v -0.006000000052154064 0.011649246327579021 0.07566708326339722
v -0.010099999606609344 0.011649246327579021 0.07566708326339722
v -0.010099999606609344 0.010930715128779411 0.07502257823944092
v -0.010099999606609344 0.011649246327579021 0.07566708326339722
v -0.010099999606609344 0.016618430614471436 0.08122500032186508
v -0.010099999606609344 0.010930715128779411 0.07502257823944092
v -0.010099999606609344 0.016618430614471436 0.08122500032186508
v -0.010099999606609344 0.016249999403953552 0.08259999752044678
v -0.010099999606609344 0.010930715128779411 0.07502257823944092
v -0.005818733014166355 0.010944425128400326 0.07501327991485596
v -0.006000000052154064 0.011649246327579021 0.07566708326339722
v -0.006000000052154064 0.010930715128779411 0.07502257823944092
v -0.005818733014166355 0.011657005175948143 0.07565244287252426
v -0.006000000052154064 0.011649246327579021 0.07566708326339722
v -0.005818733014166355 0.010944425128400326 0.07501327991485596
v -0.005385281518101692 0.011105552315711975 0.07490400969982147
v -0.005818733014166355 0.011657005175948143 0.07565244287252426
v -0.005818733014166355 0.010944425128400326 0.07501327991485596
v -0.010099999606609344 0.011556134559214115 0.08651206642389297
v -0.010100339539349079 0.01145055703818798 0.08656225353479385
v -0.010100339539349079 0.011012834496796131 0.08558307588100433
v -0.010100339539349079 0.01145055703818798 0.08656225353479385
v -0.01022488996386528 0.011045129969716072 0.0867750346660614
v -0.010100339539349079 0.011012834496796131 0.08558307588100433
v -0.010100339539349079 0.01145055703818798 0.08656225353479385
v -0.010100339539349079 0.0119646480306983 0.08741636574268341
v -0.01022488996386528 0.011045129969716072 0.0867750346660614
v -0.010100339539349079 0.0119646480306983 0.08741636574268341
v -0.01022488996386528 0.012275435961782932 0.08855744451284409
v -0.01022488996386528 0.011045129969716072 0.0867750346660614
v -0.01022488996386528 0.012275435961782932 0.08855744451284409
v -0.010548845864832401 0.012013099156320095 0.08878985792398453
v -0.01022488996386528 0.011045129969716072 0.0867750346660614
v -0.004999999888241291 0.012585952877998352 0.07490000128746033
v -0.004999999888241291 0.011758334003388882 0.07446128875017166
v -0.004999999888241291 0.011062284000217915 0.07323351502418518
v -0.005385281518101692 0.011748187243938446 0.07548043131828308
v -0.005818733014166355 0.011657005175948143 0.07565244287252426
v -0.005385281518101692 0.011105552315711975 0.07490400969982147
v -0.005087703932076693 0.011419398710131645 0.07469115406274796
v -0.005385281518101692 0.011748187243938446 0.07548043131828308
v -0.005385281518101692 0.011105552315711975 0.07490400969982147
v -0.027400000020861626 0.011563592590391636 0.07571110874414444
v -0.027400000020861626 0.011220390908420086 0.0749102532863617
v -0.027399657294154167 0.011116444133222103 0.07495622336864471
v -0.027399657294154167 0.011541363783180714 0.07572489231824875
v -0.027400000020861626 0.011563592590391636 0.07571110874414444
v -0.027399657294154167 0.011116444133222103 0.07495622336864471
v -0.027400000020861626 0.011563592590391636 0.07571110874414444
v -0.027400000020861626 0.011715787462890148 0.06245438754558563
v -0.027400000020861626 0.011220390908420086 0.0749102532863617
v -0.02718990482389927 0.01180562749505043 0.062199998646974564
v -0.027400000020861626 0.013000000268220901 0.05779999867081642
v -0.02693108841776848 0.011250000447034836 0.05779999867081642
v -0.026863595470786095 0.011292959563434124 0.062199998646974564
v -0.02718990482389927 0.01180562749505043 0.062199998646974564
v -0.02693108841776848 0.011250000447034836 0.05779999867081642
v -0.004999999888241291 0.013000000268220901 0.05779999867081642
v -0.005536405369639397 0.011292959563434124 0.062199998646974564
v -0.005468911025673151 0.011250000447034836 0.05779999867081642
v -0.026399999856948853 0.012604872696101665 0.07845968008041382
v -0.026512403041124344 0.012611610814929008 0.07845192402601242
v -0.026399999856948853 0.011268781498074532 0.07704060524702072
v -0.026512403041124344 0.012611610814929008 0.07845192402601242
v -0.026512758806347847 0.011273838579654694 0.07703671604394913
v -0.026399999856948853 0.011268781498074532 0.07704060524702072
v -0.02329999953508377 0.012604872696101665 0.07845968008041382
v -0.026399999856948853 0.012604872696101665 0.07845968008041382
v -0.026399999856948853 0.011268781498074532 0.07704060524702072
v -0.026512403041124344 0.012611610814929008 0.07845192402601242
v -0.02658126689493656 0.012615739367902279 0.07844717055559158
v -0.026512758806347847 0.011273838579654694 0.07703671604394913
v -0.02658126689493656 0.012615739367902279 0.07844717055559158
v -0.02695106901228428 0.011400045827031136 0.07693973928689957
v -0.026512758806347847 0.011273838579654694 0.07703671604394913
v -0.004999999888241291 0.013000000268220901 0.05779999867081642
v -0.004999999888241291 0.013000000268220901 0.061799999326467514
v -0.005536405369639397 0.011292959563434124 0.062199998646974564
v -0.004999999888241291 0.013000000268220901 0.061799999326467514
v -0.005210095085203648 0.01180562749505043 0.062199998646974564
v -0.005536405369639397 0.011292959563434124 0.062199998646974564
v -0.005210095085203648 0.01180562749505043 0.062199998646974564
v -0.004999999888241291 0.011727106757462025 0.06242981180548668
v -0.005536405369639397 0.011292959563434124 0.062199998646974564
v -0.004999999888241291 0.011727106757462025 0.06242981180548668
v -0.004999999888241291 0.011685516685247421 0.06243870034813881
v -0.005536405369639397 0.011292959563434124 0.062199998646974564
v -0.02328343316912651 0.012501978315412998 0.08835674822330475
v -0.02329999953508377 0.012637658976018429 0.08823654055595398
v -0.02328343316912651 0.011313119903206825 0.08663438260555267
v -0.02329999953508377 0.012637658976018429 0.08823654055595398
v -0.02329999953508377 0.011473624035716057 0.08655014634132385
v -0.02328343316912651 0.011313119903206825 0.08663438260555267
v -0.02658126689493656 0.012615739367902279 0.07844717055559158
v -0.0270147193223238 0.012743436731398106 0.07830021530389786
v -0.02695106901228428 0.011400045827031136 0.07693973928689957
v -0.0270147193223238 0.012743436731398106 0.07830021530389786
v -0.027261927723884583 0.012950067408382893 0.07806241512298584
v -0.02695106901228428 0.011400045827031136 0.07693973928689957
v -0.027261927723884583 0.012950067408382893 0.07806241512298584
v -0.02727505750954151 0.011677926406264305 0.07672622054815292
v -0.02695106901228428 0.011400045827031136 0.07693973928689957
v -0.005087703932076693 0.011925794184207916 0.07514537870883942
v -0.005385281518101692 0.011748187243938446 0.07548043131828308
v -0.005087703932076693 0.011419398710131645 0.07469115406274796
v -0.004999999888241291 0.011758334003388882 0.07446128875017166
v -0.005087703932076693 0.011925794184207916 0.07514537870883942
v -0.005087703932076693 0.011419398710131645 0.07469115406274796
v -0.010099999606609344 0.011556134559214115 0.08651206642389297
v -0.010099999606609344 0.011924617923796177 0.08731051534414291
v -0.010100339539349079 0.01145055703818798 0.08656225353479385
v -0.010099999606609344 0.011924617923796177 0.08731051534414291
v -0.010100339539349079 0.0119646480306983 0.08741636574268341
v -0.010100339539349079 0.01145055703818798 0.08656225353479385
v -0.02329999953508377 0.012637658976018429 0.08823654055595398
v -0.02329999953508377 0.016618430614471436 0.08397500216960907
v -0.02329999953508377 0.011473624035716057 0.08655014634132385
v -0.027400000020861626 0.012128375470638275 0.07637457549571991
v -0.027400000020861626 0.011563592590391636 0.07571110874414444
v -0.027399657294154167 0.011541363783180714 0.07572489231824875
v -0.027399657294154167 0.012040986679494381 0.0764472484588623
v -0.027400000020861626 0.012128375470638275 0.07637457549571991
v -0.027399657294154167 0.011541363783180714 0.07572489231824875
v -0.02727505750954151 0.011677926406264305 0.07672622054815292
v -0.027399657294154167 0.012040986679494381 0.0764472484588623
v -0.027399657294154167 0.011541363783180714 0.07572489231824875
v -0.010099999606609344 0.012716123834252357 0.08816375583410263
v -0.010099999606609344 0.011924617923796177 0.08731051534414291
v -0.010099999606609344 0.011556134559214115 0.08651206642389297
v -0.010099999606609344 0.016618430614471436 0.08397500216960907
v -0.010099999606609344 0.012716123834252357 0.08816375583410263
v -0.010099999606609344 0.011556134559214115 0.08651206642389297
v -0.027400000020861626 0.012128375470638275 0.07637457549571991
v -0.027400000020861626 0.02677960880100727 0.0749102532863617
v -0.027400000020861626 0.011563592590391636 0.07571110874414444
v -0.027400000020861626 0.02500000037252903 0.062199998646974564
v -0.027400000020861626 0.013000000268220901 0.062199998646974564
v -0.027400000020861626 0.011563592590391636 0.07571110874414444
v -0.027400000020861626 0.02523556537926197 0.062208086252212524
v -0.027400000020861626 0.02500000037252903 0.062199998646974564
v -0.027400000020861626 0.011563592590391636 0.07571110874414444
v -0.027400000020861626 0.02677960880100727 0.0749102532863617
v -0.027400000020861626 0.02523556537926197 0.062208086252212524
v -0.027400000020861626 0.011563592590391636 0.07571110874414444
v -0.027400000020861626 0.01197101641446352 0.06234833598136902
v -0.027400000020861626 0.011715787462890148 0.06245438754558563
v -0.027400000020861626 0.011563592590391636 0.07571110874414444
v -0.027400000020861626 0.013000000268220901 0.062199998646974564
v -0.027400000020861626 0.01197101641446352 0.06234833598136902
v -0.027400000020861626 0.011563592590391636 0.07571110874414444
v -0.006000000052154064 0.011649246327579021 0.07566708326339722
v -0.006000000052154064 0.012585952877998352 0.07590000331401825
v -0.010099999606609344 0.011649246327579021 0.07566708326339722
v -0.006000000052154064 0.012585952877998352 0.07590000331401825
v -0.010099999606609344 0.012585952877998352 0.07590000331401825
v -0.010099999606609344 0.011649246327579021 0.07566708326339722
v -0.010099999606609344 0.012585952877998352 0.07590000331401825
v -0.010099999606609344 0.01899999938905239 0.07985000312328339
v -0.010099999606609344 0.011649246327579021 0.07566708326339722
v -0.010099999606609344 0.01899999938905239 0.07985000312328339
v -0.010099999606609344 0.017625000327825546 0.08021842688322067
v -0.010099999606609344 0.011649246327579021 0.07566708326339722
v -0.010099999606609344 0.017625000327825546 0.08021842688322067
v -0.010099999606609344 0.016618430614471436 0.08122500032186508
v -0.010099999606609344 0.011649246327579021 0.07566708326339722
v -0.005818733014166355 0.011657005175948143 0.07565244287252426
v -0.006000000052154064 0.012585952877998352 0.07590000331401825
v -0.006000000052154064 0.011649246327579021 0.07566708326339722
v -0.005818733014166355 0.012585952877998352 0.07588343322277069
v -0.006000000052154064 0.012585952877998352 0.07590000331401825
v -0.005818733014166355 0.011657005175948143 0.07565244287252426
v -0.005509625189006329 0.012585952877998352 0.07574459910392761
v -0.005818733014166355 0.012585952877998352 0.07588343322277069
v -0.005818733014166355 0.011657005175948143 0.07565244287252426
v -0.005385281518101692 0.011748187243938446 0.07548043131828308
v -0.005509625189006329 0.012585952877998352 0.07574459910392761
v -0.005818733014166355 0.011657005175948143 0.07565244287252426
v -0.027261927723884583 0.012950067408382893 0.07806241512298584
v -0.027312295511364937 0.012992167845368385 0.07801397144794464
v -0.02727505750954151 0.011677926406264305 0.07672622054815292
v -0.027312295511364937 0.012992167845368385 0.07801397144794464
v -0.027399657294154167 0.012040986679494381 0.0764472484588623
v -0.02727505750954151 0.011677926406264305 0.07672622054815292
v -0.004999999888241291 0.011727106757462025 0.06242981180548668
v -0.004999999888241291 0.012585952877998352 0.07490000128746033
v -0.004999999888241291 0.011685516685247421 0.06243870034813881
v -0.027400000020861626 0.01197101641446352 0.06234833598136902
v -0.02718990482389927 0.01180562749505043 0.062199998646974564
v -0.027400000020861626 0.011715787462890148 0.06245438754558563
v -0.004999999888241291 0.01276443526148796 0.062208086252212524
v -0.004999999888241291 0.012585952877998352 0.07490000128746033
v -0.004999999888241291 0.011727106757462025 0.06242981180548668
v -0.005210095085203648 0.01180562749505043 0.062199998646974564
v -0.004999999888241291 0.01276443526148796 0.062208086252212524
v -0.004999999888241291 0.011727106757462025 0.06242981180548668
v -0.011099999770522118 0.011745081283152103 0.08869095146656036
v -0.022299999371170998 0.011889147572219372 0.08889966458082199
v -0.022299999371170998 0.011745081283152103 0.08869095146656036
v -0.022299999371170998 0.011889147572219372 0.08889966458082199
v -0.02270953170955181 0.011954794637858868 0.0888415053486824
v -0.022299999371170998 0.011745081283152103 0.08869095146656036
v -0.011099999770522118 0.011889147572219372 0.08889966458082199
v -0.022299999371170998 0.011889147572219372 0.08889966458082199
v -0.011099999770522118 0.011745081283152103 0.08869095146656036
v -0.01098715141415596 0.011893928982317448 0.08889543265104294
v -0.011099999770522118 0.011889147572219372 0.08889966458082199
v -0.011099999770522118 0.011745081283152103 0.08869095146656036
v -0.005385281518101692 0.012585952877998352 0.07568874955177307
v -0.005509625189006329 0.012585952877998352 0.07574459910392761
v -0.005385281518101692 0.011748187243938446 0.07548043131828308
v -0.005149275064468384 0.012585952877998352 0.07538799196481705
v -0.005385281518101692 0.012585952877998352 0.07568874955177307
v -0.005385281518101692 0.011748187243938446 0.07548043131828308
v -0.005087703932076693 0.011925794184207916 0.07514537870883942
v -0.005149275064468384 0.012585952877998352 0.07538799196481705
v -0.005385281518101692 0.011748187243938446 0.07548043131828308
v -0.004999999888241291 0.012585952877998352 0.07490000128746033
v -0.004999999888241291 0.0121175991371274 0.07478354126214981
v -0.004999999888241291 0.011758334003388882 0.07446128875017166
v -0.004999999888241291 0.0121175991371274 0.07478354126214981
v -0.005087703932076693 0.011925794184207916 0.07514537870883942
v -0.004999999888241291 0.011758334003388882 0.07446128875017166
v -0.027400000020861626 0.01197101641446352 0.06234833598136902
v -0.027400000020861626 0.013000000268220901 0.062199998646974564
v -0.02718990482389927 0.01180562749505043 0.062199998646974564
v -0.027400000020861626 0.013000000268220901 0.062199998646974564
v -0.027400000020861626 0.013000000268220901 0.05779999867081642
v -0.02718990482389927 0.01180562749505043 0.062199998646974564
v -0.004999999888241291 0.013000000268220901 0.061799999326467514
v -0.004999999888241291 0.013000000268220901 0.062199998646974564
v -0.005210095085203648 0.01180562749505043 0.062199998646974564
v -0.004999999888241291 0.013000000268220901 0.062199998646974564
v -0.004999999888241291 0.01276443526148796 0.062208086252212524
v -0.005210095085203648 0.01180562749505043 0.062199998646974564
v -0.011099999770522118 0.011889147572219372 0.08889966458082199
v -0.022299999371170998 0.013603384606540203 0.09041834622621536
v -0.022299999371170998 0.011889147572219372 0.08889966458082199
v -0.02270953170955181 0.013653206638991833 0.09034616500139236
v -0.02270953170955181 0.011954794637858868 0.0888415053486824
v -0.022299999371170998 0.011889147572219372 0.08889966458082199
v -0.022299999371170998 0.013603384606540203 0.09041834622621536
v -0.02270953170955181 0.013653206638991833 0.09034616500139236
v -0.022299999371170998 0.011889147572219372 0.08889966458082199
v -0.011099999770522118 0.013603384606540203 0.09041834622621536
v -0.022299999371170998 0.013603384606540203 0.09041834622621536
v -0.011099999770522118 0.011889147572219372 0.08889966458082199
v -0.01098715141415596 0.011893928982317448 0.08889543265104294
v -0.011099999770522118 0.013603384606540203 0.09041834622621536
v -0.011099999770522118 0.011889147572219372 0.08889966458082199
v -0.010548845864832401 0.012013099156320095 0.08878985792398453
v -0.01098715141415596 0.01360701397061348 0.09041308611631393
v -0.01098715141415596 0.011893928982317448 0.08889543265104294
v -0.01098715141415596 0.01360701397061348 0.09041308611631393
v -0.011099999770522118 0.013603384606540203 0.09041834622621536
v -0.01098715141415596 0.011893928982317448 0.08889543265104294
v -0.010099999606609344 0.012716123834252357 0.08816375583410263
v -0.010100339539349079 0.0119646480306983 0.08741636574268341
v -0.010099999606609344 0.011924617923796177 0.08731051534414291
v -0.005087703932076693 0.012585952877998352 0.07530952990055084
v -0.005149275064468384 0.012585952877998352 0.07538799196481705
v -0.005087703932076693 0.011925794184207916 0.07514537870883942
v -0.004999999888241291 0.0121175991371274 0.07478354126214981
v -0.005087703932076693 0.012585952877998352 0.07530952990055084
v -0.005087703932076693 0.011925794184207916 0.07514537870883942
v -0.023088745772838593 0.013822250068187714 0.09010126441717148
v -0.023088745772838593 0.012177535332739353 0.08864417672157288
v -0.02270953170955181 0.011954794637858868 0.0888415053486824
v -0.02270953170955181 0.013653206638991833 0.09034616500139236
v -0.023088745772838593 0.013822250068187714 0.09010126441717148
v -0.02270953170955181 0.011954794637858868 0.0888415053486824
v -0.010099999606609344 0.012716123834252357 0.08816375583410263
v -0.010100339539349079 0.01261815894395113 0.08825381845235825
v -0.010100339539349079 0.0119646480306983 0.08741636574268341
v -0.010100339539349079 0.01261815894395113 0.08825381845235825
v -0.01022488996386528 0.012275435961782932 0.08855744451284409
v -0.010100339539349079 0.0119646480306983 0.08741636574268341
v -0.01022488996386528 0.012275435961782932 0.08855744451284409
v -0.010548845864832401 0.013697454705834389 0.09028206020593643
v -0.010548845864832401 0.012013099156320095 0.08878985792398453
v -0.010548845864832401 0.013697454705834389 0.09028206020593643
v -0.01098715141415596 0.01360701397061348 0.09041308611631393
v -0.010548845864832401 0.012013099156320095 0.08878985792398453
v -0.027394630014896393 0.013244333676993847 0.07772377133369446
v -0.027400000020861626 0.012128375470638275 0.07637457549571991
v -0.027399657294154167 0.012040986679494381 0.0764472484588623
v -0.027312295511364937 0.012992167845368385 0.07801397144794464
v -0.027394630014896393 0.013244333676993847 0.07772377133369446
v -0.027399657294154167 0.012040986679494381 0.0764472484588623
v -0.004999999888241291 0.012585952877998352 0.07490000128746033
v -0.005087703932076693 0.012585952877998352 0.07530952990055084
v -0.004999999888241291 0.0121175991371274 0.07478354126214981
v -0.027394630014896393 0.013244333676993847 0.07772377133369446
v -0.027400000020861626 0.01326078362762928 0.07770483940839767
v -0.027400000020861626 0.012128375470638275 0.07637457549571991
v -0.027400000020861626 0.025871625170111656 0.07637457549571991
v -0.027400000020861626 0.02643640711903572 0.07571110874414444
v -0.027400000020861626 0.012128375470638275 0.07637457549571991
v -0.027400000020861626 0.02643640711903572 0.07571110874414444
v -0.027400000020861626 0.02677960880100727 0.0749102532863617
v -0.027400000020861626 0.012128375470638275 0.07637457549571991
v -0.027400000020861626 0.01391669362783432 0.07795000076293945
v -0.027400000020861626 0.025871625170111656 0.07637457549571991
v -0.027400000020861626 0.012128375470638275 0.07637457549571991
v -0.027400000020861626 0.0135665787383914 0.07788670808076859
v -0.027400000020861626 0.01391669362783432 0.07795000076293945
v -0.027400000020861626 0.012128375470638275 0.07637457549571991
v -0.027400000020861626 0.01326078362762928 0.07770483940839767
v -0.027400000020861626 0.0135665787383914 0.07788670808076859
v -0.027400000020861626 0.012128375470638275 0.07637457549571991
v -0.02328343316912651 0.014068478718400002 0.08974454551935196
v -0.02328343316912651 0.012501978315412998 0.08835674822330475
v -0.023088745772838593 0.012177535332739353 0.08864417672157288
v -0.023088745772838593 0.013822250068187714 0.09010126441717148
v -0.02328343316912651 0.014068478718400002 0.08974454551935196
v -0.023088745772838593 0.012177535332739353 0.08864417672157288
v -0.01022488996386528 0.013896549120545387 0.08999362587928772
v -0.010548845864832401 0.013697454705834389 0.09028206020593643
v -0.01022488996386528 0.012275435961782932 0.08855744451284409
v -0.010100339539349079 0.01261815894395113 0.08825381845235825
v -0.010100339539349079 0.013328492641448975 0.08896612375974655
v -0.01022488996386528 0.012275435961782932 0.08855744451284409
v -0.010100339539349079 0.013328492641448975 0.08896612375974655
v -0.01022488996386528 0.013896549120545387 0.08999362587928772
v -0.01022488996386528 0.012275435961782932 0.08855744451284409
v 0.018806830048561096 0.012369447387754917 0.008999999612569809
v 0.017243660986423492 0.014469149522483349 0.0005000000237487257
v 0.01867966540157795 0.012285809032619 0.0005000000237487257
v 0.017243660986423492 0.014469149522483349 0.0005000000237487257
v 0.017626682296395302 0.014790543355047703 2.6020852139652106e-18
v 0.01867966540157795 0.012285809032619 0.0005000000237487257
v -0.017127064988017082 0.014371314086019993 0.0005000000237487257
v -0.017243660986423492 0.014469149522483349 0.008999999612569809
v -0.018806830048561096 0.012369447387754917 0.0005000000237487257
v -0.01922457478940487 0.012644201517105103 8.673617379884035e-19
v -0.017127064988017082 0.014371314086019993 0.0005000000237487257
v -0.018806830048561096 0.012369447387754917 0.0005000000237487257
v 0.015447298996150494 0.016373179852962494 0.008999999612569809
v 0.017243660986423492 0.014469149522483349 0.0005000000237487257
v 0.018806830048561096 0.012369447387754917 0.008999999612569809
v -0.02329999953508377 0.014171449467539787 0.08959536254405975
v -0.02329999953508377 0.012637658976018429 0.08823654055595398
v -0.02328343316912651 0.012501978315412998 0.08835674822330475
v -0.02328343316912651 0.014068478718400002 0.08974454551935196
v -0.02329999953508377 0.014171449467539787 0.08959536254405975
v -0.02328343316912651 0.012501978315412998 0.08835674822330475
v -0.004999999888241291 0.01276443526148796 0.062208086252212524
v -0.004999999888241291 0.02541404776275158 0.07490000128746033
v -0.004999999888241291 0.012585952877998352 0.07490000128746033
v -0.004999999888241291 0.02541404776275158 0.07490000128746033
v -0.005087703932076693 0.012585952877998352 0.07530952990055084
v -0.004999999888241291 0.012585952877998352 0.07490000128746033
v -0.005087703932076693 0.02541404776275158 0.07530952990055084
v -0.005149275064468384 0.012585952877998352 0.07538799196481705
v -0.005087703932076693 0.012585952877998352 0.07530952990055084
v -0.004999999888241291 0.02541404776275158 0.07490000128746033
v -0.005087703932076693 0.02541404776275158 0.07530952990055084
v -0.005087703932076693 0.012585952877998352 0.07530952990055084
v -0.005149275064468384 0.02541404776275158 0.07538799196481705
v -0.005385281518101692 0.012585952877998352 0.07568874955177307
v -0.005149275064468384 0.012585952877998352 0.07538799196481705
v -0.005087703932076693 0.02541404776275158 0.07530952990055084
v -0.005149275064468384 0.02541404776275158 0.07538799196481705
v -0.005149275064468384 0.012585952877998352 0.07538799196481705
v -0.005385281518101692 0.02541404776275158 0.07568874955177307
v -0.005509625189006329 0.012585952877998352 0.07574459910392761
v -0.005385281518101692 0.012585952877998352 0.07568874955177307
v -0.005149275064468384 0.02541404776275158 0.07538799196481705
v -0.005385281518101692 0.02541404776275158 0.07568874955177307
v -0.005385281518101692 0.012585952877998352 0.07568874955177307
v -0.005509625189006329 0.02541404776275158 0.07574459910392761
v -0.005818733014166355 0.012585952877998352 0.07588343322277069
v -0.005509625189006329 0.012585952877998352 0.07574459910392761
v -0.005385281518101692 0.02541404776275158 0.07568874955177307
v -0.005509625189006329 0.02541404776275158 0.07574459910392761
v -0.005509625189006329 0.012585952877998352 0.07574459910392761
v -0.005818733014166355 0.02541404776275158 0.07588343322277069
v -0.006000000052154064 0.012585952877998352 0.07590000331401825
v -0.005818733014166355 0.012585952877998352 0.07588343322277069
v -0.005509625189006329 0.02541404776275158 0.07574459910392761
v -0.005818733014166355 0.02541404776275158 0.07588343322277069
v -0.005818733014166355 0.012585952877998352 0.07588343322277069
v -0.006000000052154064 0.012585952877998352 0.07590000331401825
v -0.010099999606609344 0.02541404776275158 0.07590000331401825
v -0.010099999606609344 0.012585952877998352 0.07590000331401825
v -0.010099999606609344 0.02541404776275158 0.07590000331401825
v -0.010099999606609344 0.01899999938905239 0.07985000312328339
v -0.010099999606609344 0.012585952877998352 0.07590000331401825
v -0.005818733014166355 0.02541404776275158 0.07588343322277069
v -0.006000000052154064 0.02541404776275158 0.07590000331401825
v -0.006000000052154064 0.012585952877998352 0.07590000331401825
v -0.006000000052154064 0.02541404776275158 0.07590000331401825
v -0.010099999606609344 0.02541404776275158 0.07590000331401825
v -0.006000000052154064 0.012585952877998352 0.07590000331401825
v -0.026399999856948853 0.013216463848948479 0.07882340997457504
v -0.026512403041124344 0.012611610814929008 0.07845192402601242
v -0.026399999856948853 0.012604872696101665 0.07845968008041382
v -0.02329999953508377 0.013216463848948479 0.07882340997457504
v -0.026399999856948853 0.013216463848948479 0.07882340997457504
v -0.026399999856948853 0.012604872696101665 0.07845968008041382
v -0.02329999953508377 0.012604872696101665 0.07845968008041382
v -0.02329999953508377 0.013216463848948479 0.07882340997457504
v -0.026399999856948853 0.012604872696101665 0.07845968008041382
v -0.02329999953508377 0.016618430614471436 0.08122500032186508
v -0.02329999953508377 0.013216463848948479 0.07882340997457504
v -0.02329999953508377 0.012604872696101665 0.07845968008041382
v -0.026399999856948853 0.013216463848948479 0.07882340997457504
v -0.02658126689493656 0.01322226319462061 0.07880789786577225
v -0.026512403041124344 0.012611610814929008 0.07845192402601242
v -0.02658126689493656 0.01322226319462061 0.07880789786577225
v -0.02658126689493656 0.012615739367902279 0.07844717055559158
v -0.026512403041124344 0.012611610814929008 0.07845192402601242
v -0.02658126689493656 0.01322226319462061 0.07880789786577225
v -0.0270147193223238 0.013290426693856716 0.07862553000450134
v -0.02658126689493656 0.012615739367902279 0.07844717055559158
v -0.0270147193223238 0.013290426693856716 0.07862553000450134
v -0.0270147193223238 0.012743436731398106 0.07830021530389786
v -0.02658126689493656 0.012615739367902279 0.07844717055559158
v -0.010099999606609344 0.012716123834252357 0.08816375583410263
v -0.010100339539349079 0.013328492641448975 0.08896612375974655
v -0.010100339539349079 0.01261815894395113 0.08825381845235825
v -0.02329999953508377 0.017625000327825546 0.08498156815767288
v -0.02329999953508377 0.016618430614471436 0.08397500216960907
v -0.02329999953508377 0.012637658976018429 0.08823654055595398
v -0.02329999953508377 0.014171449467539787 0.08959536254405975
v -0.02329999953508377 0.017625000327825546 0.08498156815767288
v -0.02329999953508377 0.012637658976018429 0.08823654055595398
v -0.015790419653058052 0.016736866906285286 -8.673617379884035e-19
v -0.017127064988017082 0.014371314086019993 0.0005000000237487257
v -0.01922457478940487 0.012644201517105103 8.673617379884035e-19
v -0.032028693705797195 0.012822355143725872 -3.469446951953614e-18
v -0.029023246839642525 0.018652107566595078 -2.6020852139652106e-18
v -0.01922457478940487 0.012644201517105103 8.673617379884035e-19
v -0.029023246839642525 0.018652107566595078 -2.6020852139652106e-18
v -0.015790419653058052 0.016736866906285286 -8.673617379884035e-19
v -0.01922457478940487 0.012644201517105103 8.673617379884035e-19
v -0.030564559623599052 0.013713411055505276 0.0697999969124794
v -0.03058103285729885 0.01440943218767643 0.06949421018362045
v -0.031677138060331345 0.012681613676249981 0.06917867809534073
v -0.03058103285729885 0.01440943218767643 0.06949421018362045
v -0.030597740784287453 0.015101085416972637 0.06917867809534073
v -0.031677138060331345 0.012681613676249981 0.06917867809534073
v -0.030597740784287453 0.015101085416972637 0.06917867809534073
v -0.032280873507261276 0.01292331237345934 0.06820540875196457
v -0.031677138060331345 0.012681613676249981 0.06917867809534073
v -0.010099999606609344 0.016618430614471436 0.08397500216960907
v -0.010099999606609344 0.013772760517895222 0.08930280059576035
v -0.010099999606609344 0.012716123834252357 0.08816375583410263
v -0.010099999606609344 0.013772760517895222 0.08930280059576035
v -0.010100339539349079 0.013328492641448975 0.08896612375974655
v -0.010099999606609344 0.012716123834252357 0.08816375583410263
v -0.0270147193223238 0.013290426693856716 0.07862553000450134
v -0.027261927723884583 0.012950067408382893 0.07806241512298584
v -0.0270147193223238 0.012743436731398106 0.07830021530389786
v -0.004999999888241291 0.013000000268220901 0.062199998646974564
v -0.004999999888241291 0.02541404776275158 0.07490000128746033
v -0.004999999888241291 0.01276443526148796 0.062208086252212524
v -0.032492876052856445 0.013008185662329197 0.0005000000237487257
v -0.030968375504016876 0.015965307131409645 0.0005000000237487257
v -0.032028693705797195 0.012822355143725872 -3.469446951953614e-18
v -0.030968375504016876 0.015965307131409645 0.0005000000237487257
v -0.029023246839642525 0.018652107566595078 -2.6020852139652106e-18
v -0.032028693705797195 0.012822355143725872 -3.469446951953614e-18
v -0.030597740784287453 0.015101085416972637 0.06917867809534073
v -0.03090626560151577 0.015933286398649216 0.06820540875196457
v -0.032280873507261276 0.01292331237345934 0.06820540875196457
v -0.03090626560151577 0.015933286398649216 0.06820540875196457
v -0.032492876052856445 0.013008185662329197 0.06705735623836517
v -0.032280873507261276 0.01292331237345934 0.06820540875196457
v 0.031688541173934937 0.014822344295680523 0.06401316076517105
v 0.03202492743730545 0.014121048152446747 0.06417255103588104
v 0.03234574571251869 0.012949284166097641 0.0005000000237487257
v 0.03202492743730545 0.014121048152446747 0.06417255103588104
v 0.032480284571647644 0.013003059662878513 0.06456615775823593
v 0.03234574571251869 0.012949284166097641 0.0005000000237487257
v 0.031109239906072617 0.01603792794048786 0.0005000000237487257
v 0.02991599589586258 0.018166815862059593 0.06349842250347137
v 0.03234574571251869 0.012949284166097641 0.0005000000237487257
v 0.02991599589586258 0.018166815862059593 0.06349842250347137
v 0.031057706102728844 0.0161374993622303 0.06371425092220306
v 0.03234574571251869 0.012949284166097641 0.0005000000237487257
v 0.031057706102728844 0.0161374993622303 0.06371425092220306
v 0.031688541173934937 0.014822344295680523 0.06401316076517105
v 0.03234574571251869 0.012949284166097641 0.0005000000237487257
v 0.030664822086691856 0.015808815136551857 8.673617379884035e-19
v 0.031109239906072617 0.01603792794048786 0.0005000000237487257
v 0.03234574571251869 0.012949284166097641 0.0005000000237487257
v -0.0270147193223238 0.013290426693856716 0.07862553000450134
v -0.027312295511364937 0.013423196040093899 0.0782703161239624
v -0.027261927723884583 0.012950067408382893 0.07806241512298584
v -0.027312295511364937 0.013423196040093899 0.0782703161239624
v -0.027312295511364937 0.012992167845368385 0.07801397144794464
v -0.027261927723884583 0.012950067408382893 0.07806241512298584
v -0.027312295511364937 0.013423196040093899 0.0782703161239624
v -0.027394630014896393 0.013244333676993847 0.07772377133369446
v -0.027312295511364937 0.012992167845368385 0.07801397144794464
v -0.027400000020861626 0.02500000037252903 0.062199998646974564
v -0.027400000020861626 0.02500000037252903 0.05779999867081642
v -0.027400000020861626 0.013000000268220901 0.05779999867081642
v -0.027400000020861626 0.013000000268220901 0.062199998646974564
v -0.027400000020861626 0.02500000037252903 0.062199998646974564
v -0.027400000020861626 0.013000000268220901 0.05779999867081642
v -0.004999999888241291 0.02500000037252903 0.061799999326467514
v -0.004999999888241291 0.013000000268220901 0.062199998646974564
v -0.004999999888241291 0.013000000268220901 0.061799999326467514
v -0.004999999888241291 0.02500000037252903 0.061799999326467514
v -0.004999999888241291 0.02500000037252903 0.062199998646974564
v -0.004999999888241291 0.013000000268220901 0.062199998646974564
v -0.004999999888241291 0.025882400572299957 0.07478354126214981
v -0.004999999888241291 0.02541404776275158 0.07490000128746033
v -0.004999999888241291 0.013000000268220901 0.062199998646974564
v -0.004999999888241291 0.02500000037252903 0.062199998646974564
v -0.004999999888241291 0.025882400572299957 0.07478354126214981
v -0.004999999888241291 0.013000000268220901 0.062199998646974564
v -0.032492876052856445 0.013008185662329197 0.06705735623836517
v -0.030968375504016876 0.015965307131409645 0.0005000000237487257
v -0.032492876052856445 0.013008185662329197 0.0005000000237487257
v -0.031109239906072617 0.01603792794048786 0.06705735623836517
v -0.030968375504016876 0.015965307131409645 0.0005000000237487257
v -0.032492876052856445 0.013008185662329197 0.06705735623836517
v -0.03090626560151577 0.015933286398649216 0.06820540875196457
v -0.031109239906072617 0.01603792794048786 0.06705735623836517
v -0.032492876052856445 0.013008185662329197 0.06705735623836517
v -0.026399999856948853 0.01391669362783432 0.07895000278949738
v -0.02658126689493656 0.01391669362783432 0.07893343269824982
v -0.026399999856948853 0.013216463848948479 0.07882340997457504
v -0.02658126689493656 0.01391669362783432 0.07893343269824982
v -0.02658126689493656 0.01322226319462061 0.07880789786577225
v -0.026399999856948853 0.013216463848948479 0.07882340997457504
v -0.02329999953508377 0.01391669362783432 0.07895000278949738
v -0.026399999856948853 0.01391669362783432 0.07895000278949738
v -0.026399999856948853 0.013216463848948479 0.07882340997457504
v -0.02329999953508377 0.013216463848948479 0.07882340997457504
v -0.02329999953508377 0.01391669362783432 0.07895000278949738
v -0.026399999856948853 0.013216463848948479 0.07882340997457504
v -0.02329999953508377 0.016618430614471436 0.08122500032186508
v -0.02329999953508377 0.01391669362783432 0.07895000278949738
v -0.02329999953508377 0.013216463848948479 0.07882340997457504
v -0.02658126689493656 0.01391669362783432 0.07893343269824982
v -0.026890374720096588 0.01391669362783432 0.07879459857940674
v -0.02658126689493656 0.01322226319462061 0.07880789786577225
v -0.026890374720096588 0.01391669362783432 0.07879459857940674
v -0.0270147193223238 0.013290426693856716 0.07862553000450134
v -0.02658126689493656 0.01322226319462061 0.07880789786577225
v -0.027312295511364937 0.013423196040093899 0.0782703161239624
v -0.027400000020861626 0.0135665787383914 0.07788670808076859
v -0.027394630014896393 0.013244333676993847 0.07772377133369446
v -0.027400000020861626 0.0135665787383914 0.07788670808076859
v -0.027400000020861626 0.01326078362762928 0.07770483940839767
v -0.027394630014896393 0.013244333676993847 0.07772377133369446
v -0.026890374720096588 0.01391669362783432 0.07879459857940674
v -0.0270147193223238 0.01391669362783432 0.0787387490272522
v -0.0270147193223238 0.013290426693856716 0.07862553000450134
v -0.0270147193223238 0.01391669362783432 0.0787387490272522
v -0.027250725775957108 0.01391669362783432 0.07843799144029617
v -0.0270147193223238 0.013290426693856716 0.07862553000450134
v -0.027250725775957108 0.01391669362783432 0.07843799144029617
v -0.027312295511364937 0.013423196040093899 0.0782703161239624
v -0.0270147193223238 0.013290426693856716 0.07862553000450134
v -0.010099999606609344 0.013772760517895222 0.08930280059576035
v -0.010100339539349079 0.014156650751829147 0.0896168053150177
v -0.010100339539349079 0.013328492641448975 0.08896612375974655
v -0.010100339539349079 0.014156650751829147 0.0896168053150177
v -0.01022488996386528 0.013896549120545387 0.08999362587928772
v -0.010100339539349079 0.013328492641448975 0.08896612375974655
v -0.027400000020861626 0.01391669362783432 0.07795000076293945
v -0.027400000020861626 0.0135665787383914 0.07788670808076859
v -0.027312295511364937 0.013423196040093899 0.0782703161239624
v -0.027250725775957108 0.01391669362783432 0.07843799144029617
v -0.027312295511364937 0.01391669362783432 0.07835952937602997
v -0.027312295511364937 0.013423196040093899 0.0782703161239624
v -0.027312295511364937 0.01391669362783432 0.07835952937602997
v -0.027400000020861626 0.01391669362783432 0.07795000076293945
v -0.027312295511364937 0.013423196040093899 0.0782703161239624
v -0.011099999770522118 0.013603384606540203 0.09041834622621536
v -0.022299999371170998 0.014278609305620193 0.09077273309230804
v -0.022299999371170998 0.013603384606540203 0.09041834622621536
v -0.022299999371170998 0.014278609305620193 0.09077273309230804
v -0.02270953170955181 0.013653206638991833 0.09034616500139236
v -0.022299999371170998 0.013603384606540203 0.09041834622621536
v -0.011099999770522118 0.014278609305620193 0.09077273309230804
v -0.022299999371170998 0.014278609305620193 0.09077273309230804
v -0.011099999770522118 0.013603384606540203 0.09041834622621536
v -0.01098715141415596 0.01360701397061348 0.09041308611631393
v -0.011099999770522118 0.014278609305620193 0.09077273309230804
v -0.011099999770522118 0.013603384606540203 0.09041834622621536
v -0.010548845864832401 0.013697454705834389 0.09028206020593643
v -0.01098715141415596 0.015633517876267433 0.0914766788482666
v -0.01098715141415596 0.01360701397061348 0.09041308611631393
v -0.01098715141415596 0.015633517876267433 0.0914766788482666
v -0.011099999770522118 0.014278609305620193 0.09077273309230804
v -0.01098715141415596 0.01360701397061348 0.09041308611631393
v -0.023088745772838593 0.01576787605881691 0.09112241119146347
v -0.023088745772838593 0.013822250068187714 0.09010126441717148
v -0.02270953170955181 0.013653206638991833 0.09034616500139236
v -0.02270953170955181 0.015662353485822678 0.09140065312385559
v -0.023088745772838593 0.01576787605881691 0.09112241119146347
v -0.02270953170955181 0.013653206638991833 0.09034616500139236
v -0.022299999371170998 0.014278609305620193 0.09077273309230804
v -0.02270953170955181 0.015662353485822678 0.09140065312385559
v -0.02270953170955181 0.013653206638991833 0.09034616500139236
v -0.010548845864832401 0.015689974650740623 0.09132781624794006
v -0.01098715141415596 0.015633517876267433 0.0914766788482666
v -0.010548845864832401 0.013697454705834389 0.09028206020593643
v -0.01022488996386528 0.013896549120545387 0.08999362587928772
v -0.010548845864832401 0.015689974650740623 0.09132781624794006
v -0.010548845864832401 0.013697454705834389 0.09028206020593643
v -0.02998816967010498 0.01537606306374073 0.0697999969124794
v -0.03058103285729885 0.01440943218767643 0.06949421018362045
v -0.030564559623599052 0.013713411055505276 0.0697999969124794
v -0.010099999606609344 0.016618430614471436 0.08397500216960907
v -0.010099999606609344 0.017625000327825546 0.08498156815767288
v -0.010099999606609344 0.013772760517895222 0.08930280059576035
v -0.010099999606609344 0.017625000327825546 0.08498156815767288
v -0.010099999606609344 0.014200794510543346 0.08954307436943054
v -0.010099999606609344 0.013772760517895222 0.08930280059576035
v -0.010099999606609344 0.014200794510543346 0.08954307436943054
v -0.010100339539349079 0.014156650751829147 0.0896168053150177
v -0.010099999606609344 0.013772760517895222 0.08930280059576035
v -0.02328343316912651 0.0159215796738863 0.0907171219587326
v -0.02328343316912651 0.014068478718400002 0.08974454551935196
v -0.023088745772838593 0.013822250068187714 0.09010126441717148
v -0.023088745772838593 0.01576787605881691 0.09112241119146347
v -0.02328343316912651 0.0159215796738863 0.0907171219587326
v -0.023088745772838593 0.013822250068187714 0.09010126441717148
v -0.01022488996386528 0.01581425592303276 0.09100011736154556
v -0.010548845864832401 0.015689974650740623 0.09132781624794006
v -0.01022488996386528 0.013896549120545387 0.08999362587928772
v -0.010100339539349079 0.014156650751829147 0.0896168053150177
v -0.01022488996386528 0.01581425592303276 0.09100011736154556
v -0.01022488996386528 0.013896549120545387 0.08999362587928772
v -0.027312295511364937 0.024083305150270462 0.07835952937602997
v -0.027400000020861626 0.024083305150270462 0.07795000076293945
v -0.027400000020861626 0.01391669362783432 0.07795000076293945
v -0.027312295511364937 0.01391669362783432 0.07835952937602997
v -0.027312295511364937 0.024083305150270462 0.07835952937602997
v -0.027400000020861626 0.01391669362783432 0.07795000076293945
v -0.027400000020861626 0.024083305150270462 0.07795000076293945
v -0.027400000020861626 0.025871625170111656 0.07637457549571991
v -0.027400000020861626 0.01391669362783432 0.07795000076293945
v -0.027250725775957108 0.024083305150270462 0.07843799144029617
v -0.027312295511364937 0.024083305150270462 0.07835952937602997
v -0.027312295511364937 0.01391669362783432 0.07835952937602997
v -0.027250725775957108 0.01391669362783432 0.07843799144029617
v -0.027250725775957108 0.024083305150270462 0.07843799144029617
v -0.027312295511364937 0.01391669362783432 0.07835952937602997
v -0.0270147193223238 0.024083305150270462 0.0787387490272522
v -0.027250725775957108 0.024083305150270462 0.07843799144029617
v -0.027250725775957108 0.01391669362783432 0.07843799144029617
v -0.0270147193223238 0.01391669362783432 0.0787387490272522
v -0.0270147193223238 0.024083305150270462 0.0787387490272522
v -0.027250725775957108 0.01391669362783432 0.07843799144029617
v -0.026890374720096588 0.024083305150270462 0.07879459857940674
v -0.0270147193223238 0.024083305150270462 0.0787387490272522
v -0.0270147193223238 0.01391669362783432 0.0787387490272522
v -0.026890374720096588 0.01391669362783432 0.07879459857940674
v -0.026890374720096588 0.024083305150270462 0.07879459857940674
v -0.0270147193223238 0.01391669362783432 0.0787387490272522
v -0.02658126689493656 0.024083305150270462 0.07893343269824982
v -0.026890374720096588 0.024083305150270462 0.07879459857940674
v -0.026890374720096588 0.01391669362783432 0.07879459857940674
v -0.02658126689493656 0.01391669362783432 0.07893343269824982
v -0.02658126689493656 0.024083305150270462 0.07893343269824982
v -0.026890374720096588 0.01391669362783432 0.07879459857940674
v -0.026399999856948853 0.024083305150270462 0.07895000278949738
v -0.02658126689493656 0.024083305150270462 0.07893343269824982
v -0.02658126689493656 0.01391669362783432 0.07893343269824982
v -0.026399999856948853 0.01391669362783432 0.07895000278949738
v -0.026399999856948853 0.024083305150270462 0.07895000278949738
v -0.02658126689493656 0.01391669362783432 0.07893343269824982
v -0.02329999953508377 0.01391669362783432 0.07895000278949738
v -0.026399999856948853 0.024083305150270462 0.07895000278949738
v -0.026399999856948853 0.01391669362783432 0.07895000278949738
v -0.02329999953508377 0.024083305150270462 0.07895000278949738
v -0.026399999856948853 0.024083305150270462 0.07895000278949738
v -0.02329999953508377 0.01391669362783432 0.07895000278949738
v -0.02329999953508377 0.01899999938905239 0.07985000312328339
v -0.02329999953508377 0.024083305150270462 0.07895000278949738
v -0.02329999953508377 0.01391669362783432 0.07895000278949738
v -0.02329999953508377 0.017625000327825546 0.08021842688322067
v -0.02329999953508377 0.01899999938905239 0.07985000312328339
v -0.02329999953508377 0.01391669362783432 0.07895000278949738
v -0.02329999953508377 0.016618430614471436 0.08122500032186508
v -0.02329999953508377 0.017625000327825546 0.08021842688322067
v -0.02329999953508377 0.01391669362783432 0.07895000278949738
v -0.02329999953508377 0.01598585769534111 0.09054763615131378
v -0.02329999953508377 0.014171449467539787 0.08959536254405975
v -0.02328343316912651 0.014068478718400002 0.08974454551935196
v -0.02328343316912651 0.0159215796738863 0.0907171219587326
v -0.02329999953508377 0.01598585769534111 0.09054763615131378
v -0.02328343316912651 0.014068478718400002 0.08974454551935196
v 0.031688541173934937 0.014822344295680523 0.06401316076517105
v 0.0010999999940395355 0.014816109091043472 0.06398618221282959
v 0.03202492743730545 0.014121048152446747 0.06417255103588104
v -0.010099999606609344 0.01599976234138012 0.0905529037117958
v -0.010100339539349079 0.015976620838046074 0.09057199954986572
v -0.010100339539349079 0.014156650751829147 0.0896168053150177
v -0.010099999606609344 0.014200794510543346 0.08954307436943054
v -0.010099999606609344 0.01599976234138012 0.0905529037117958
v -0.010100339539349079 0.014156650751829147 0.0896168053150177
v -0.010100339539349079 0.015976620838046074 0.09057199954986572
v -0.01022488996386528 0.01581425592303276 0.09100011736154556
v -0.010100339539349079 0.014156650751829147 0.0896168053150177
v -0.02329999953508377 0.01598585769534111 0.09054763615131378
v -0.02329999953508377 0.017625000327825546 0.08498156815767288
v -0.02329999953508377 0.014171449467539787 0.08959536254405975
v -0.010099999606609344 0.017625000327825546 0.08498156815767288
v -0.010099999606609344 0.01599976234138012 0.0905529037117958
v -0.010099999606609344 0.014200794510543346 0.08954307436943054
v -0.011099999770522118 0.014278609305620193 0.09077273309230804
v -0.022299999371170998 0.01563125289976597 0.09148265421390533
v -0.022299999371170998 0.014278609305620193 0.09077273309230804
v -0.022299999371170998 0.01563125289976597 0.09148265421390533
v -0.02270953170955181 0.015662353485822678 0.09140065312385559
v -0.022299999371170998 0.014278609305620193 0.09077273309230804
v -0.011099999770522118 0.01563125289976597 0.09148265421390533
v -0.022299999371170998 0.01563125289976597 0.09148265421390533
v -0.011099999770522118 0.014278609305620193 0.09077273309230804
v -0.01098715141415596 0.015633517876267433 0.0914766788482666
v -0.011099999770522118 0.01563125289976597 0.09148265421390533
v -0.011099999770522118 0.014278609305620193 0.09077273309230804
v -0.015447298996150494 0.016373179852962494 0.0005000000237487257
v -0.017243660986423492 0.014469149522483349 0.008999999612569809
v -0.017127064988017082 0.014371314086019993 0.0005000000237487257
v -0.015790419653058052 0.016736866906285286 -8.673617379884035e-19
v -0.015447298996150494 0.016373179852962494 0.0005000000237487257
v -0.017127064988017082 0.014371314086019993 0.0005000000237487257
v -0.02998816967010498 0.01537606306374073 0.0697999969124794
v -0.030597740784287453 0.015101085416972637 0.06917867809534073
v -0.03058103285729885 0.01440943218767643 0.06949421018362045
v 0.015447298996150494 0.016373179852962494 0.008999999612569809
v 0.015342850238084793 0.016262471675872803 0.0005000000237487257
v 0.017243660986423492 0.014469149522483349 0.0005000000237487257
v 0.015342850238084793 0.016262471675872803 0.0005000000237487257
v 0.017626682296395302 0.014790543355047703 2.6020852139652106e-18
v 0.017243660986423492 0.014469149522483349 0.0005000000237487257
v -0.015447298996150494 0.016373179852962494 0.0005000000237487257
v -0.013442039489746094 0.018055792897939682 0.008999999612569809
v -0.017243660986423492 0.014469149522483349 0.008999999612569809
v 0.013740619644522667 0.018456853926181793 2.6020852139652106e-18
v 0.02259269542992115 0.026073360815644264 8.673617379884035e-19
v 0.017626682296395302 0.014790543355047703 2.6020852139652106e-18
v 0.02259269542992115 0.026073360815644264 8.673617379884035e-19
v 0.027118831872940063 0.02132648415863514 3.469446951953614e-18
v 0.017626682296395302 0.014790543355047703 2.6020852139652106e-18
v 0.015342850238084793 0.016262471675872803 0.0005000000237487257
v 0.013740619644522667 0.018456853926181793 2.6020852139652106e-18
v 0.017626682296395302 0.014790543355047703 2.6020852139652106e-18
v 0.0010999999940395355 0.01899999938905239 0.06347867846488953
v 0.0010999999940395355 0.02785000018775463 0.05380000174045563
v 0.0010999999940395355 0.014816109091043472 0.06398618221282959
v 0.031057706102728844 0.0161374993622303 0.06371425092220306
v 0.02991599589586258 0.018166815862059593 0.06349842250347137
v 0.0010999999940395355 0.014816109091043472 0.06398618221282959
v 0.02991599589586258 0.018166815862059593 0.06349842250347137
v 0.029428770765662193 0.018912561237812042 0.06350413709878922
v 0.0010999999940395355 0.014816109091043472 0.06398618221282959
v 0.029428770765662193 0.018912561237812042 0.06350413709878922
v 0.0010999999940395355 0.01899999938905239 0.06347867846488953
v 0.0010999999940395355 0.014816109091043472 0.06398618221282959
v 0.031688541173934937 0.014822344295680523 0.06401316076517105
v 0.031057706102728844 0.0161374993622303 0.06371425092220306
v 0.0010999999940395355 0.014816109091043472 0.06398618221282959
v -0.03046835958957672 0.015710389241576195 0.06896699219942093
v -0.03090626560151577 0.015933286398649216 0.06820540875196457
v -0.030597740784287453 0.015101085416972637 0.06917867809534073
v -0.02998816967010498 0.01537606306374073 0.0697999969124794
v -0.03046835958957672 0.015710389241576195 0.06896699219942093
v -0.030597740784287453 0.015101085416972637 0.06917867809534073
v -0.029768407344818115 0.016340717673301697 0.0697999969124794
v -0.03046835958957672 0.015710389241576195 0.06896699219942093
v -0.02998816967010498 0.01537606306374073 0.0697999969124794
v -0.011099999770522118 0.01563125289976597 0.09148265421390533
v -0.022299999371170998 0.017361797392368317 0.09190919250249863
v -0.022299999371170998 0.01563125289976597 0.09148265421390533
v -0.02270953170955181 0.01786547340452671 0.0919436663389206
v -0.02270953170955181 0.015662353485822678 0.09140065312385559
v -0.022299999371170998 0.01563125289976597 0.09148265421390533
v -0.022299999371170998 0.017361797392368317 0.09190919250249863
v -0.02270953170955181 0.01786547340452671 0.0919436663389206
v -0.022299999371170998 0.01563125289976597 0.09148265421390533
v -0.011099999770522118 0.017361797392368317 0.09190919250249863
v -0.022299999371170998 0.017361797392368317 0.09190919250249863
v -0.011099999770522118 0.01563125289976597 0.09148265421390533
v -0.01098715141415596 0.015633517876267433 0.0914766788482666
v -0.011099999770522118 0.017361797392368317 0.09190919250249863
v -0.011099999770522118 0.01563125289976597 0.09148265421390533
v -0.01098715141415596 0.017855672165751457 0.09202439337968826
v -0.011099999770522118 0.017361797392368317 0.09190919250249863
v -0.01098715141415596 0.015633517876267433 0.0914766788482666
v -0.010548845864832401 0.015689974650740623 0.09132781624794006
v -0.01098715141415596 0.017855672165751457 0.09202439337968826
v -0.01098715141415596 0.015633517876267433 0.0914766788482666
v -0.02270953170955181 0.01786547340452671 0.0919436663389206
v -0.023088745772838593 0.01790134236216545 0.09164825826883316
v -0.02270953170955181 0.015662353485822678 0.09140065312385559
v -0.023088745772838593 0.01790134236216545 0.09164825826883316
v -0.023088745772838593 0.01576787605881691 0.09112241119146347
v -0.02270953170955181 0.015662353485822678 0.09140065312385559
v -0.010548845864832401 0.017874861136078835 0.09186634421348572
v -0.01098715141415596 0.017855672165751457 0.09202439337968826
v -0.010548845864832401 0.015689974650740623 0.09132781624794006
v -0.01022488996386528 0.01581425592303276 0.09100011736154556
v -0.010548845864832401 0.017874861136078835 0.09186634421348572
v -0.010548845864832401 0.015689974650740623 0.09132781624794006
v -0.030367044731974602 0.016187528148293495 0.06880121678113937
v -0.03090626560151577 0.015933286398649216 0.06820540875196457
v -0.03046835958957672 0.015710389241576195 0.06896699219942093
v -0.029768407344818115 0.016340717673301697 0.0697999969124794
v -0.030367044731974602 0.016187528148293495 0.06880121678113937
v -0.03046835958957672 0.015710389241576195 0.06896699219942093
v -0.023088745772838593 0.01790134236216545 0.09164825826883316
v -0.02328343316912651 0.01795358955860138 0.09121797233819962
v -0.023088745772838593 0.01576787605881691 0.09112241119146347
v -0.02328343316912651 0.01795358955860138 0.09121797233819962
v -0.02328343316912651 0.0159215796738863 0.0907171219587326
v -0.023088745772838593 0.01576787605881691 0.09112241119146347
v 0.027118831872940063 0.02132648415863514 3.469446951953614e-18
v 0.029310548678040504 0.018836745992302895 0.0005000000237487257
v 0.030664822086691856 0.015808815136551857 8.673617379884035e-19
v 0.029310548678040504 0.018836745992302895 0.0005000000237487257
v 0.031109239906072617 0.01603792794048786 0.0005000000237487257
v 0.030664822086691856 0.015808815136551857 8.673617379884035e-19
v -0.01022488996386528 0.017917107790708542 0.09151842445135117
v -0.010548845864832401 0.017874861136078835 0.09186634421348572
v -0.01022488996386528 0.01581425592303276 0.09100011736154556
v -0.010100339539349079 0.015976620838046074 0.09057199954986572
v -0.01022488996386528 0.017917107790708542 0.09151842445135117
v -0.01022488996386528 0.01581425592303276 0.09100011736154556
v -0.02328343316912651 0.01795358955860138 0.09121797233819962
v -0.02329999953508377 0.01797543838620186 0.09103802591562271
v -0.02328343316912651 0.0159215796738863 0.0907171219587326
v -0.02329999953508377 0.01797543838620186 0.09103802591562271
v -0.02329999953508377 0.01598585769534111 0.09054763615131378
v -0.02328343316912651 0.0159215796738863 0.0907171219587326
v -0.03010675683617592 0.01737836003303528 0.06820196658372879
v -0.031109239906072617 0.01603792794048786 0.06705735623836517
v -0.03090626560151577 0.015933286398649216 0.06820540875196457
v -0.030367044731974602 0.016187528148293495 0.06880121678113937
v -0.030262969434261322 0.01667765900492668 0.06863093376159668
v -0.03090626560151577 0.015933286398649216 0.06820540875196457
v -0.030262969434261322 0.01667765900492668 0.06863093376159668
v -0.03016081266105175 0.01713588833808899 0.0683504119515419
v -0.03090626560151577 0.015933286398649216 0.06820540875196457
v -0.03016081266105175 0.01713588833808899 0.0683504119515419
v -0.03010675683617592 0.01737836003303528 0.06820196658372879
v -0.03090626560151577 0.015933286398649216 0.06820540875196457
v -0.02993421070277691 0.01813678629696369 0.05180000141263008
v -0.029443873092532158 0.018922429531812668 0.0005000000237487257
v -0.030968375504016876 0.015965307131409645 0.0005000000237487257
v -0.031109239906072617 0.01603792794048786 0.06705735623836517
v -0.02993421070277691 0.01813678629696369 0.05180000141263008
v -0.030968375504016876 0.015965307131409645 0.0005000000237487257
v -0.029443873092532158 0.018922429531812668 0.0005000000237487257
v -0.029023246839642525 0.018652107566595078 -2.6020852139652106e-18
v -0.030968375504016876 0.015965307131409645 0.0005000000237487257
v -0.010099999606609344 0.01599976234138012 0.0905529037117958
v -0.010099999606609344 0.01798708364367485 0.09098441898822784
v -0.010100339539349079 0.015976620838046074 0.09057199954986572
v -0.010099999606609344 0.01798708364367485 0.09098441898822784
v -0.010100339539349079 0.017972297966480255 0.09106388688087463
v -0.010100339539349079 0.015976620838046074 0.09057199954986572
v -0.010100339539349079 0.017972297966480255 0.09106388688087463
v -0.01022488996386528 0.017917107790708542 0.09151842445135117
v -0.010100339539349079 0.015976620838046074 0.09057199954986572
v -0.02329999953508377 0.01797543838620186 0.09103802591562271
v -0.02329999953508377 0.017625000327825546 0.08498156815767288
v -0.02329999953508377 0.01598585769534111 0.09054763615131378
v -0.010099999606609344 0.01899999938905239 0.08534999936819077
v -0.010099999606609344 0.01798708364367485 0.09098441898822784
v -0.010099999606609344 0.01599976234138012 0.0905529037117958
v -0.010099999606609344 0.017625000327825546 0.08498156815767288
v -0.010099999606609344 0.01899999938905239 0.08534999936819077
v -0.010099999606609344 0.01599976234138012 0.0905529037117958
v 0.029310548678040504 0.018836745992302895 0.0005000000237487257
v 0.029428770765662193 0.018912561237812042 0.06350413709878922
v 0.031109239906072617 0.01603792794048786 0.0005000000237487257
v 0.029428770765662193 0.018912561237812042 0.06350413709878922
v 0.02991599589586258 0.018166815862059593 0.06349842250347137
v 0.031109239906072617 0.01603792794048786 0.0005000000237487257
v -0.02993421070277691 0.01813678629696369 0.06705735623836517
v -0.02993421070277691 0.01813678629696369 0.05180000141263008
v -0.031109239906072617 0.01603792794048786 0.06705735623836517
v -0.03010675683617592 0.01737836003303528 0.06820196658372879
v -0.030072012916207314 0.017534200102090836 0.06810656189918518
v -0.031109239906072617 0.01603792794048786 0.06705735623836517
v -0.030072012916207314 0.017534200102090836 0.06810656189918518
v -0.03000175766646862 0.017841972410678864 0.06775674968957901
v -0.031109239906072617 0.01603792794048786 0.06705735623836517
v -0.03000175766646862 0.017841972410678864 0.06775674968957901
v -0.029968958348035812 0.01798565685749054 0.06759344041347504
v -0.031109239906072617 0.01603792794048786 0.06705735623836517
v -0.029968958348035812 0.01798565685749054 0.06759344041347504
v -0.02993432991206646 0.018136262893676758 0.06708922237157822
v -0.031109239906072617 0.01603792794048786 0.06705735623836517
v -0.02993432991206646 0.018136262893676758 0.06708922237157822
v -0.02993421070277691 0.01813678629696369 0.06705735623836517
v -0.031109239906072617 0.01603792794048786 0.06705735623836517
v -0.029768407344818115 0.016340717673301697 0.0697999969124794
v -0.029722511768341064 0.016725149005651474 0.06965556740760803
v -0.030367044731974602 0.016187528148293495 0.06880121678113937
v -0.029722511768341064 0.016725149005651474 0.06965556740760803
v -0.030262969434261322 0.01667765900492668 0.06863093376159668
v -0.030367044731974602 0.016187528148293495 0.06880121678113937
v -0.02329999953508377 0.016618430614471436 0.08397500216960907
v -0.010099999606609344 0.016618430614471436 0.08397500216960907
v -0.02329999953508377 0.016249999403953552 0.08259999752044678
v -0.010099999606609344 0.016618430614471436 0.08397500216960907
v -0.010099999606609344 0.016249999403953552 0.08259999752044678
v -0.02329999953508377 0.016249999403953552 0.08259999752044678
v -0.010099999606609344 0.016249999403953552 0.08259999752044678
v -0.02329999953508377 0.016618430614471436 0.08122500032186508
v -0.02329999953508377 0.016249999403953552 0.08259999752044678
v -0.010099999606609344 0.016618430614471436 0.08122500032186508
v -0.02329999953508377 0.016618430614471436 0.08122500032186508
v -0.010099999606609344 0.016249999403953552 0.08259999752044678
v 0.015447298996150494 0.016373179852962494 0.008999999612569809
v 0.013442039489746094 0.018055792897939682 0.0005000000237487257
v 0.015342850238084793 0.016262471675872803 0.0005000000237487257
v 0.013442039489746094 0.018055792897939682 0.0005000000237487257
v 0.013740619644522667 0.018456853926181793 2.6020852139652106e-18
v 0.015342850238084793 0.016262471675872803 0.0005000000237487257
v -0.029659276828169823 0.016819749027490616 0.0697999969124794
v -0.029722511768341064 0.016725149005651474 0.06965556740760803
v -0.029768407344818115 0.016340717673301697 0.0697999969124794
v -0.01335114985704422 0.01793370582163334 0.0005000000237487257
v -0.013442039489746094 0.018055792897939682 0.008999999612569809
v -0.015447298996150494 0.016373179852962494 0.0005000000237487257
v -0.015790419653058052 0.016736866906285286 -8.673617379884035e-19
v -0.01335114985704422 0.01793370582163334 0.0005000000237487257
v -0.015447298996150494 0.016373179852962494 0.0005000000237487257
v 0.011254999786615372 0.019494231790304184 0.008999999612569809
v 0.013442039489746094 0.018055792897939682 0.0005000000237487257
v 0.015447298996150494 0.016373179852962494 0.008999999612569809
v -0.010099999606609344 0.016618430614471436 0.08122500032186508
v -0.02329999953508377 0.017625000327825546 0.08021842688322067
v -0.02329999953508377 0.016618430614471436 0.08122500032186508
v -0.010099999606609344 0.017625000327825546 0.08021842688322067
v -0.02329999953508377 0.017625000327825546 0.08021842688322067
v -0.010099999606609344 0.016618430614471436 0.08122500032186508
v -0.02329999953508377 0.017625000327825546 0.08498156815767288
v -0.010099999606609344 0.017625000327825546 0.08498156815767288
v -0.02329999953508377 0.016618430614471436 0.08397500216960907
v -0.010099999606609344 0.017625000327825546 0.08498156815767288
v -0.010099999606609344 0.016618430614471436 0.08397500216960907
v -0.02329999953508377 0.016618430614471436 0.08397500216960907
v -0.029722511768341064 0.016725149005651474 0.06965556740760803
v -0.03016081266105175 0.01713588833808899 0.0683504119515419
v -0.030262969434261322 0.01667765900492668 0.06863093376159668
v -0.029667263850569725 0.017781801521778107 0.0690014436841011
v -0.03016081266105175 0.01713588833808899 0.0683504119515419
v -0.029722511768341064 0.016725149005651474 0.06965556740760803
v -0.02965371310710907 0.016844170168042183 0.0697999969124794
v -0.029667263850569725 0.017781801521778107 0.0690014436841011
v -0.029722511768341064 0.016725149005651474 0.06965556740760803
v -0.029659276828169823 0.016819749027490616 0.0697999969124794
v -0.02965371310710907 0.016844170168042183 0.0697999969124794
v -0.029722511768341064 0.016725149005651474 0.06965556740760803
v -0.011505000293254852 0.019927244633436203 -8.673617379884035e-19
v -0.01335114985704422 0.01793370582163334 0.0005000000237487257
v -0.015790419653058052 0.016736866906285286 -8.673617379884035e-19
v -0.020011963322758675 0.028102871030569077 -8.673617379884035e-19
v -0.011505000293254852 0.019927244633436203 -8.673617379884035e-19
v -0.015790419653058052 0.016736866906285286 -8.673617379884035e-19
v -0.029023246839642525 0.018652107566595078 -2.6020852139652106e-18
v -0.024968823418021202 0.023807726800441742 8.673617379884035e-19
v -0.015790419653058052 0.016736866906285286 -8.673617379884035e-19
v -0.024968823418021202 0.023807726800441742 8.673617379884035e-19
v -0.020011963322758675 0.028102871030569077 -8.673617379884035e-19
v -0.015790419653058052 0.016736866906285286 -8.673617379884035e-19
v -0.029500000178813934 0.018378304317593575 0.0697999969124794
v -0.029667263850569725 0.017781801521778107 0.0690014436841011
v -0.02965371310710907 0.016844170168042183 0.0697999969124794
v -0.029667263850569725 0.017781801521778107 0.0690014436841011
v -0.03010675683617592 0.01737836003303528 0.06820196658372879
v -0.03016081266105175 0.01713588833808899 0.0683504119515419
v -0.011099999770522118 0.017361797392368317 0.09190919250249863
v -0.022299999371170998 0.017854901030659676 0.09203073382377625
v -0.022299999371170998 0.017361797392368317 0.09190919250249863
v -0.022299999371170998 0.017854901030659676 0.09203073382377625
v -0.02270953170955181 0.01786547340452671 0.0919436663389206
v -0.022299999371170998 0.017361797392368317 0.09190919250249863
v -0.011099999770522118 0.017854901030659676 0.09203073382377625
v -0.022299999371170998 0.017854901030659676 0.09203073382377625
v -0.011099999770522118 0.017361797392368317 0.09190919250249863
v -0.01098715141415596 0.017855672165751457 0.09202439337968826
v -0.011099999770522118 0.017854901030659676 0.09203073382377625
v -0.011099999770522118 0.017361797392368317 0.09190919250249863
v -0.029667263850569725 0.017781801521778107 0.0690014436841011
v -0.030072012916207314 0.017534200102090836 0.06810656189918518
v -0.03010675683617592 0.01737836003303528 0.06820196658372879
v -0.029667263850569725 0.017781801521778107 0.0690014436841011
v -0.03000175766646862 0.017841972410678864 0.06775674968957901
v -0.030072012916207314 0.017534200102090836 0.06810656189918518
v -0.010099999606609344 0.017625000327825546 0.08021842688322067
v -0.02329999953508377 0.01899999938905239 0.07985000312328339
v -0.02329999953508377 0.017625000327825546 0.08021842688322067
v -0.010099999606609344 0.01899999938905239 0.07985000312328339
v -0.02329999953508377 0.01899999938905239 0.07985000312328339
v -0.010099999606609344 0.017625000327825546 0.08021842688322067
v -0.02329999953508377 0.01797543838620186 0.09103802591562271
v -0.02329999953508377 0.01899999938905239 0.08534999936819077
v -0.02329999953508377 0.017625000327825546 0.08498156815767288
v -0.02329999953508377 0.01899999938905239 0.08534999936819077
v -0.010099999606609344 0.01899999938905239 0.08534999936819077
v -0.02329999953508377 0.017625000327825546 0.08498156815767288
v -0.010099999606609344 0.01899999938905239 0.08534999936819077
v -0.010099999606609344 0.017625000327825546 0.08498156815767288
v -0.02329999953508377 0.017625000327825546 0.08498156815767288
v -0.029500000178813934 0.019329074770212173 0.06854156404733658
v -0.02962549589574337 0.018579071387648582 0.06812094897031784
v -0.029667263850569725 0.017781801521778107 0.0690014436841011
v -0.029500000178813934 0.01846860721707344 0.06968545913696289
v -0.029500000178813934 0.019329074770212173 0.06854156404733658
v -0.029667263850569725 0.017781801521778107 0.0690014436841011
v -0.029500000178813934 0.018378304317593575 0.0697999969124794
v -0.029500000178813934 0.01839325949549675 0.06978562474250793
v -0.029667263850569725 0.017781801521778107 0.0690014436841011
v -0.029500000178813934 0.01839325949549675 0.06978562474250793
v -0.029500000178813934 0.01846860721707344 0.06968545913696289
v -0.029667263850569725 0.017781801521778107 0.0690014436841011
v -0.02962549589574337 0.018579071387648582 0.06812094897031784
v -0.03000175766646862 0.017841972410678864 0.06775674968957901
v -0.029667263850569725 0.017781801521778107 0.0690014436841011
v -0.02962549589574337 0.018579071387648582 0.06812094897031784
v -0.029968958348035812 0.01798565685749054 0.06759344041347504
v -0.03000175766646862 0.017841972410678864 0.06775674968957901
v -0.011099999770522118 0.017854901030659676 0.09203073382377625
v -0.022299999371170998 0.020145097747445107 0.09203073382377625
v -0.022299999371170998 0.017854901030659676 0.09203073382377625
v -0.02270953170955181 0.02013452723622322 0.0919436663389206
v -0.02270953170955181 0.01786547340452671 0.0919436663389206
v -0.022299999371170998 0.017854901030659676 0.09203073382377625
v -0.022299999371170998 0.020145097747445107 0.09203073382377625
v -0.02270953170955181 0.02013452723622322 0.0919436663389206
v -0.022299999371170998 0.017854901030659676 0.09203073382377625
v -0.011099999770522118 0.020145097747445107 0.09203073382377625
v -0.022299999371170998 0.020145097747445107 0.09203073382377625
v -0.011099999770522118 0.017854901030659676 0.09203073382377625
v -0.01098715141415596 0.017855672165751457 0.09202439337968826
v -0.011099999770522118 0.020145097747445107 0.09203073382377625
v -0.011099999770522118 0.017854901030659676 0.09203073382377625
v -0.01098715141415596 0.020144328474998474 0.09202439337968826
v -0.011099999770522118 0.020145097747445107 0.09203073382377625
v -0.01098715141415596 0.017855672165751457 0.09202439337968826
v -0.010548845864832401 0.017874861136078835 0.09186634421348572
v -0.01098715141415596 0.020144328474998474 0.09202439337968826
v -0.01098715141415596 0.017855672165751457 0.09202439337968826
v -0.023088745772838593 0.02009865827858448 0.09164825826883316
v -0.023088745772838593 0.01790134236216545 0.09164825826883316
v -0.02270953170955181 0.01786547340452671 0.0919436663389206
v -0.02270953170955181 0.02013452723622322 0.0919436663389206
v -0.023088745772838593 0.02009865827858448 0.09164825826883316
v -0.02270953170955181 0.01786547340452671 0.0919436663389206
v -0.010548845864832401 0.020125137642025948 0.09186634421348572
v -0.01098715141415596 0.020144328474998474 0.09202439337968826
v -0.010548845864832401 0.017874861136078835 0.09186634421348572
v -0.01022488996386528 0.017917107790708542 0.09151842445135117
v -0.010548845864832401 0.020125137642025948 0.09186634421348572
v -0.010548845864832401 0.017874861136078835 0.09186634421348572
v -0.02328343316912651 0.020046411082148552 0.09121797233819962
v -0.02328343316912651 0.01795358955860138 0.09121797233819962
v -0.023088745772838593 0.01790134236216545 0.09164825826883316
v -0.023088745772838593 0.02009865827858448 0.09164825826883316
v -0.02328343316912651 0.020046411082148552 0.09121797233819962
v -0.023088745772838593 0.01790134236216545 0.09164825826883316
v -0.010100339539349079 0.017972297966480255 0.09106388688087463
v -0.010100339539349079 0.01899999938905239 0.09112604707479477
v -0.01022488996386528 0.017917107790708542 0.09151842445135117
v -0.010100339539349079 0.01899999938905239 0.09112604707479477
v -0.01022488996386528 0.02008289285004139 0.09151842445135117
v -0.01022488996386528 0.017917107790708542 0.09151842445135117
v -0.01022488996386528 0.02008289285004139 0.09151842445135117
v -0.010548845864832401 0.020125137642025948 0.09186634421348572
v -0.01022488996386528 0.017917107790708542 0.09151842445135117
v -0.011254999786615372 0.019494231790304184 0.0005000000237487257
v -0.013442039489746094 0.018055792897939682 0.008999999612569809
v -0.01335114985704422 0.01793370582163334 0.0005000000237487257
v -0.011505000293254852 0.019927244633436203 -8.673617379884035e-19
v -0.011254999786615372 0.019494231790304184 0.0005000000237487257
v -0.01335114985704422 0.01793370582163334 0.0005000000237487257
v -0.02329999953508377 0.020024562254548073 0.09103802591562271
v -0.02329999953508377 0.01797543838620186 0.09103802591562271
v -0.02328343316912651 0.01795358955860138 0.09121797233819962
v -0.02328343316912651 0.020046411082148552 0.09121797233819962
v -0.02329999953508377 0.020024562254548073 0.09103802591562271
v -0.02328343316912651 0.01795358955860138 0.09121797233819962
v -0.010099999606609344 0.01798708364367485 0.09098441898822784
v -0.010099999606609344 0.018432293087244034 0.09108109027147293
v -0.010100339539349079 0.017972297966480255 0.09106388688087463
v -0.010099999606609344 0.018432293087244034 0.09108109027147293
v -0.010100339539349079 0.01899999938905239 0.09112604707479477
v -0.010100339539349079 0.017972297966480255 0.09106388688087463
v -0.02329999953508377 0.020024562254548073 0.09103802591562271
v -0.02329999953508377 0.01899999938905239 0.08534999936819077
v -0.02329999953508377 0.01797543838620186 0.09103802591562271
v -0.02961350791156292 0.018808012828230858 0.06760647147893906
v -0.02993432991206646 0.018136262893676758 0.06708922237157822
v -0.029968958348035812 0.01798565685749054 0.06759344041347504
v -0.02962549589574337 0.018579071387648582 0.06812094897031784
v -0.02961350791156292 0.018808012828230858 0.06760647147893906
v -0.029968958348035812 0.01798565685749054 0.06759344041347504
v -0.010099999606609344 0.01899999938905239 0.08534999936819077
v -0.010099999606609344 0.018432293087244034 0.09108109027147293
v -0.010099999606609344 0.01798708364367485 0.09098441898822784
v 0.011254999786615372 0.019494231790304184 0.008999999612569809
v 0.011178897693753242 0.019362417981028557 0.0005000000237487257
v 0.013442039489746094 0.018055792897939682 0.0005000000237487257
v 0.011178897693753242 0.019362417981028557 0.0005000000237487257
v 0.013740619644522667 0.018456853926181793 2.6020852139652106e-18
v 0.013442039489746094 0.018055792897939682 0.0005000000237487257
v -0.011254999786615372 0.019494231790304184 0.0005000000237487257
v -0.008915755897760391 0.02066904492676258 0.008999999612569809
v -0.013442039489746094 0.018055792897939682 0.008999999612569809
v -0.029610591009259224 0.01888432726264 0.06705735623836517
v -0.02993421070277691 0.01813678629696369 0.06705735623836517
v -0.02993432991206646 0.018136262893676758 0.06708922237157822
v -0.02960992604494095 0.018889185041189194 0.06705735623836517
v -0.029610591009259224 0.01888432726264 0.06705735623836517
v -0.02993432991206646 0.018136262893676758 0.06708922237157822
v -0.02961350791156292 0.018808012828230858 0.06760647147893906
v -0.02960992604494095 0.018889185041189194 0.06705735623836517
v -0.02993432991206646 0.018136262893676758 0.06708922237157822
v -0.027511857450008392 0.021635564044117928 0.05180000141263008
v -0.029443873092532158 0.018922429531812668 0.0005000000237487257
v -0.02993421070277691 0.01813678629696369 0.05180000141263008
v -0.029610591009259224 0.01888432726264 0.05180000141263008
v -0.027511857450008392 0.021635564044117928 0.05180000141263008
v -0.02993421070277691 0.01813678629696369 0.05180000141263008
v -0.02993421070277691 0.01813678629696369 0.06705735623836517
v -0.029610591009259224 0.01888432726264 0.05180000141263008
v -0.02993421070277691 0.01813678629696369 0.05180000141263008
v -0.029610591009259224 0.01888432726264 0.06705735623836517
v -0.029610591009259224 0.01888432726264 0.05180000141263008
v -0.02993421070277691 0.01813678629696369 0.06705735623836517
v -0.027499999850988388 0.02785000018775463 0.0697999969124794
v -0.029500000178813934 0.02759999968111515 0.0697999969124794
v -0.029500000178813934 0.018378304317593575 0.0697999969124794
v -0.029500000178813934 0.02759999968111515 0.0697999969124794
v -0.029500000178813934 0.01839325949549675 0.06978562474250793
v -0.029500000178813934 0.018378304317593575 0.0697999969124794
v -0.029500000178813934 0.02759999968111515 0.0697999969124794
v -0.029500000178813934 0.01846860721707344 0.06968545913696289
v -0.029500000178813934 0.01839325949549675 0.06978562474250793
v -0.010099999606609344 0.01899999938905239 0.08534999936819077
v -0.010099999606609344 0.01918961852788925 0.0910978838801384
v -0.010099999606609344 0.018432293087244034 0.09108109027147293
v -0.010099999606609344 0.01918961852788925 0.0910978838801384
v -0.010100339539349079 0.01899999938905239 0.09112604707479477
v -0.010099999606609344 0.018432293087244034 0.09108109027147293
v 0.00911379512399435 0.021128153428435326 1.734723475976807e-18
v 0.017249999567866325 0.029877876862883568 2.6020852139652106e-18
v 0.013740619644522667 0.018456853926181793 2.6020852139652106e-18
v 0.017249999567866325 0.029877876862883568 2.6020852139652106e-18
v 0.02259269542992115 0.026073360815644264 8.673617379884035e-19
v 0.013740619644522667 0.018456853926181793 2.6020852139652106e-18
v 0.011178897693753242 0.019362417981028557 0.0005000000237487257
v 0.00911379512399435 0.021128153428435326 1.734723475976807e-18
v 0.013740619644522667 0.018456853926181793 2.6020852139652106e-18
v -0.029500000178813934 0.02759999968111515 0.0697999969124794
v -0.029500000178813934 0.019329074770212173 0.06854156404733658
v -0.029500000178813934 0.01846860721707344 0.06968545913696289
v -0.029500000178813934 0.01951580122113228 0.06777660548686981
v -0.02961350791156292 0.018808012828230858 0.06760647147893906
v -0.02962549589574337 0.018579071387648582 0.06812094897031784
v -0.029500000178813934 0.019329074770212173 0.06854156404733658
v -0.029500000178813934 0.01951580122113228 0.06777660548686981
v -0.02962549589574337 0.018579071387648582 0.06812094897031784
v -0.029443873092532158 0.018922429531812668 0.0005000000237487257
v -0.027387281879782677 0.021537596359848976 0.0005000000237487257
v -0.029023246839642525 0.018652107566595078 -2.6020852139652106e-18
v -0.027387281879782677 0.021537596359848976 0.0005000000237487257
v -0.024968823418021202 0.023807726800441742 8.673617379884035e-19
v -0.029023246839642525 0.018652107566595078 -2.6020852139652106e-18
v -0.029500000178813934 0.01969136856496334 0.06705735623836517
v -0.02960992604494095 0.018889185041189194 0.06705735623836517
v -0.02961350791156292 0.018808012828230858 0.06760647147893906
v -0.029500000178813934 0.01951580122113228 0.06777660548686981
v -0.029500000178813934 0.01969136856496334 0.06705735623836517
v -0.02961350791156292 0.018808012828230858 0.06760647147893906
v 0.027511857450008392 0.021635564044117928 0.0005000000237487257
v 0.029371660202741623 0.01899997517466545 0.06350480765104294
v 0.029310548678040504 0.018836745992302895 0.0005000000237487257
v 0.029371660202741623 0.01899997517466545 0.06350480765104294
v 0.029428770765662193 0.018912561237812042 0.06350413709878922
v 0.029310548678040504 0.018836745992302895 0.0005000000237487257
v 0.027118831872940063 0.02132648415863514 3.469446951953614e-18
v 0.027511857450008392 0.021635564044117928 0.0005000000237487257
v 0.029310548678040504 0.018836745992302895 0.0005000000237487257
v -0.029500000178813934 0.01969136856496334 0.05180000141263008
v -0.027511857450008392 0.021635564044117928 0.05180000141263008
v -0.029610591009259224 0.01888432726264 0.05180000141263008
v -0.029610591009259224 0.01888432726264 0.06705735623836517
v -0.029500000178813934 0.01969136856496334 0.05180000141263008
v -0.029610591009259224 0.01888432726264 0.05180000141263008
v -0.02960992604494095 0.018889185041189194 0.06705735623836517
v -0.029500000178813934 0.01969136856496334 0.05180000141263008
v -0.029610591009259224 0.01888432726264 0.06705735623836517
v -0.029500000178813934 0.01969136856496334 0.06705735623836517
v -0.029500000178813934 0.01969136856496334 0.05180000141263008
v -0.02960992604494095 0.018889185041189194 0.06705735623836517
v 0.029371660202741623 0.01899997517466545 0.06350480765104294
v 0.0010999999940395355 0.01899999938905239 0.06347867846488953
v 0.029428770765662193 0.018912561237812042 0.06350413709878922
v -0.027511857450008392 0.021635564044117928 0.05180000141263008
v -0.027387281879782677 0.021537596359848976 0.0005000000237487257
v -0.029443873092532158 0.018922429531812668 0.0005000000237487257
v 0.027511857450008392 0.021635564044117928 0.0005000000237487257
v 0.02865360863506794 0.02009902335703373 0.06351321935653687
v 0.029371660202741623 0.01899997517466545 0.06350480765104294
v 0.02865360863506794 0.02009902335703373 0.06351321935653687
v 0.0010999999940395355 0.01899999938905239 0.06347867846488953
v 0.029371660202741623 0.01899997517466545 0.06350480765104294
v 0.0010999999940395355 0.02318388968706131 0.06398618221282959
v 0.0010999999940395355 0.02785000018775463 0.05380000174045563
v 0.0010999999940395355 0.01899999938905239 0.06347867846488953
v 0.027097312733530998 0.022152554243803024 0.06376544386148453
v 0.0010999999940395355 0.02318388968706131 0.06398618221282959
v 0.0010999999940395355 0.01899999938905239 0.06347867846488953
v 0.02865360863506794 0.02009902335703373 0.06351321935653687
v 0.027097312733530998 0.022152554243803024 0.06376544386148453
v 0.0010999999940395355 0.01899999938905239 0.06347867846488953
v -0.02329999953508377 0.020375000312924385 0.08021842688322067
v -0.02329999953508377 0.024083305150270462 0.07895000278949738
v -0.02329999953508377 0.01899999938905239 0.07985000312328339
v -0.010099999606609344 0.01899999938905239 0.07985000312328339
v -0.02329999953508377 0.020375000312924385 0.08021842688322067
v -0.02329999953508377 0.01899999938905239 0.07985000312328339
v -0.010099999606609344 0.02541404776275158 0.07590000331401825
v -0.010099999606609344 0.020375000312924385 0.08021842688322067
v -0.010099999606609344 0.01899999938905239 0.07985000312328339
v -0.010099999606609344 0.020375000312924385 0.08021842688322067
v -0.02329999953508377 0.020375000312924385 0.08021842688322067
v -0.010099999606609344 0.01899999938905239 0.07985000312328339
v -0.02329999953508377 0.022014141082763672 0.09054763615131378
v -0.02329999953508377 0.020375000312924385 0.08498156815767288
v -0.02329999953508377 0.01899999938905239 0.08534999936819077
v -0.02329999953508377 0.020024562254548073 0.09103802591562271
v -0.02329999953508377 0.022014141082763672 0.09054763615131378
v -0.02329999953508377 0.01899999938905239 0.08534999936819077
v -0.02329999953508377 0.020375000312924385 0.08498156815767288
v -0.010099999606609344 0.020375000312924385 0.08498156815767288
v -0.02329999953508377 0.01899999938905239 0.08534999936819077
v -0.010099999606609344 0.020375000312924385 0.08498156815767288
v -0.010099999606609344 0.01899999938905239 0.08534999936819077
v -0.02329999953508377 0.01899999938905239 0.08534999936819077
v -0.010099999606609344 0.020375000312924385 0.08498156815767288
v -0.010099999606609344 0.02381332777440548 0.08956575393676758
v -0.010099999606609344 0.01899999938905239 0.08534999936819077
v -0.010099999606609344 0.02381332777440548 0.08956575393676758
v -0.010099999606609344 0.021991228684782982 0.09050311893224716
v -0.010099999606609344 0.01899999938905239 0.08534999936819077
v -0.010099999606609344 0.021991228684782982 0.09050311893224716
v -0.010099999606609344 0.021662000566720963 0.09067248553037643
v -0.010099999606609344 0.01899999938905239 0.08534999936819077
v -0.010099999606609344 0.021662000566720963 0.09067248553037643
v -0.010099999606609344 0.020010557025671005 0.09095663577318192
v -0.010099999606609344 0.01899999938905239 0.08534999936819077
v -0.010099999606609344 0.020010557025671005 0.09095663577318192
v -0.010099999606609344 0.01918961852788925 0.0910978838801384
v -0.010099999606609344 0.01899999938905239 0.08534999936819077
v -0.010099999606609344 0.01918961852788925 0.0910978838801384
v -0.010100339539349079 0.020027702674269676 0.09106388688087463
v -0.010100339539349079 0.01899999938905239 0.09112604707479477
v -0.010100339539349079 0.020027702674269676 0.09106388688087463
v -0.01022488996386528 0.02008289285004139 0.09151842445135117
v -0.010100339539349079 0.01899999938905239 0.09112604707479477
v -0.010099999606609344 0.020010557025671005 0.09095663577318192
v -0.010100339539349079 0.020027702674269676 0.09106388688087463
v -0.010099999606609344 0.01918961852788925 0.0910978838801384
v -0.029500000178813934 0.02759999968111515 0.0697999969124794
v -0.029500000178813934 0.01951580122113228 0.06777660548686981
v -0.029500000178813934 0.019329074770212173 0.06854156404733658
v 0.011254999786615372 0.019494231790304184 0.008999999612569809
v 0.008915755897760391 0.02066904492676258 0.0005000000237487257
v 0.011178897693753242 0.019362417981028557 0.0005000000237487257
v 0.008915755897760391 0.02066904492676258 0.0005000000237487257
v 0.00911379512399435 0.021128153428435326 1.734723475976807e-18
v 0.011178897693753242 0.019362417981028557 0.0005000000237487257
v -0.008855470456182957 0.020529288798570633 0.0005000000237487257
v -0.008915755897760391 0.02066904492676258 0.008999999612569809
v -0.011254999786615372 0.019494231790304184 0.0005000000237487257
v -0.011505000293254852 0.019927244633436203 -8.673617379884035e-19
v -0.008855470456182957 0.020529288798570633 0.0005000000237487257
v -0.011254999786615372 0.019494231790304184 0.0005000000237487257
v 0.006455940660089254 0.021564343944191933 0.008999999612569809
v 0.008915755897760391 0.02066904492676258 0.0005000000237487257
v 0.011254999786615372 0.019494231790304184 0.008999999612569809
v -0.029500000178813934 0.02759999968111515 0.0697999969124794
v -0.029500000178813934 0.01969136856496334 0.06705735623836517
v -0.029500000178813934 0.01951580122113228 0.06777660548686981
v -0.029500000178813934 0.02759999968111515 0.0697999969124794
v -0.029500000178813934 0.02759999968111515 0.05180000141263008
v -0.029500000178813934 0.01969136856496334 0.05180000141263008
v -0.029500000178813934 0.01969136856496334 0.06705735623836517
v -0.029500000178813934 0.02759999968111515 0.0697999969124794
v -0.029500000178813934 0.01969136856496334 0.05180000141263008
v -0.029500000178813934 0.02759999968111515 0.05180000141263008
v -0.027511857450008392 0.021635564044117928 0.05180000141263008
v -0.029500000178813934 0.01969136856496334 0.05180000141263008
v -0.006599342450499535 0.022043338045477867 0.0
v -0.008855470456182957 0.020529288798570633 0.0005000000237487257
v -0.011505000293254852 0.019927244633436203 -8.673617379884035e-19
v -0.020011963322758675 0.028102871030569077 -8.673617379884035e-19
v -0.014331817626953125 0.031382303684949875 8.673617379884035e-19
v -0.011505000293254852 0.019927244633436203 -8.673617379884035e-19
v -0.014331817626953125 0.031382303684949875 8.673617379884035e-19
v -0.006599342450499535 0.022043338045477867 0.0
v -0.011505000293254852 0.019927244633436203 -8.673617379884035e-19
v -0.010100339539349079 0.021047772839665413 0.09087648242712021
v -0.010100339539349079 0.020027702674269676 0.09106388688087463
v -0.010099999606609344 0.020010557025671005 0.09095663577318192
v -0.010099999606609344 0.021662000566720963 0.09067248553037643
v -0.010100339539349079 0.021047772839665413 0.09087648242712021
v -0.010099999606609344 0.020010557025671005 0.09095663577318192
v -0.02328343316912651 0.020046411082148552 0.09121797233819962
v -0.02329999953508377 0.022014141082763672 0.09054763615131378
v -0.02329999953508377 0.020024562254548073 0.09103802591562271
v -0.010100339539349079 0.021047772839665413 0.09087648242712021
v -0.01022488996386528 0.02008289285004139 0.09151842445135117
v -0.010100339539349079 0.020027702674269676 0.09106388688087463
v -0.02328343316912651 0.022078419104218483 0.0907171219587326
v -0.02329999953508377 0.022014141082763672 0.09054763615131378
v -0.02328343316912651 0.020046411082148552 0.09121797233819962
v -0.023088745772838593 0.02009865827858448 0.09164825826883316
v -0.02328343316912651 0.022078419104218483 0.0907171219587326
v -0.02328343316912651 0.020046411082148552 0.09121797233819962
v -0.01022488996386528 0.02218574285507202 0.09100011736154556
v -0.010548845864832401 0.02231002412736416 0.09132781624794006
v -0.01022488996386528 0.02008289285004139 0.09151842445135117
v -0.010548845864832401 0.02231002412736416 0.09132781624794006
v -0.010548845864832401 0.020125137642025948 0.09186634421348572
v -0.01022488996386528 0.02008289285004139 0.09151842445135117
v -0.010100339539349079 0.021047772839665413 0.09087648242712021
v -0.01022488996386528 0.02218574285507202 0.09100011736154556
v -0.01022488996386528 0.02008289285004139 0.09151842445135117
v -0.023088745772838593 0.02223212458193302 0.09112241119146347
v -0.02328343316912651 0.022078419104218483 0.0907171219587326
v -0.023088745772838593 0.02009865827858448 0.09164825826883316
v -0.02270953170955181 0.02013452723622322 0.0919436663389206
v -0.023088745772838593 0.02223212458193302 0.09112241119146347
v -0.023088745772838593 0.02009865827858448 0.09164825826883316
v 0.027511857450008392 0.021635564044117928 0.0005000000237487257
v 0.027097312733530998 0.022152554243803024 0.06376544386148453
v 0.02865360863506794 0.02009902335703373 0.06351321935653687
v -0.01098715141415596 0.02236648090183735 0.0914766788482666
v -0.01098715141415596 0.020144328474998474 0.09202439337968826
v -0.010548845864832401 0.020125137642025948 0.09186634421348572
v -0.010548845864832401 0.02231002412736416 0.09132781624794006
v -0.01098715141415596 0.02236648090183735 0.0914766788482666
v -0.010548845864832401 0.020125137642025948 0.09186634421348572
v -0.022299999371170998 0.020145097747445107 0.09203073382377625
v -0.022299999371170998 0.020638201385736465 0.09190919250249863
v -0.02270953170955181 0.02013452723622322 0.0919436663389206
v -0.02270953170955181 0.022337647154927254 0.09140065312385559
v -0.023088745772838593 0.02223212458193302 0.09112241119146347
v -0.02270953170955181 0.02013452723622322 0.0919436663389206
v -0.022299999371170998 0.020638201385736465 0.09190919250249863
v -0.02270953170955181 0.022337647154927254 0.09140065312385559
v -0.02270953170955181 0.02013452723622322 0.0919436663389206
v -0.01098715141415596 0.02236648090183735 0.0914766788482666
v -0.011099999770522118 0.020638201385736465 0.09190919250249863
v -0.01098715141415596 0.020144328474998474 0.09202439337968826
v -0.011099999770522118 0.020638201385736465 0.09190919250249863
v -0.011099999770522118 0.020145097747445107 0.09203073382377625
v -0.01098715141415596 0.020144328474998474 0.09202439337968826
v -0.011099999770522118 0.020145097747445107 0.09203073382377625
v -0.022299999371170998 0.020638201385736465 0.09190919250249863
v -0.022299999371170998 0.020145097747445107 0.09203073382377625
v -0.011099999770522118 0.020638201385736465 0.09190919250249863
v -0.022299999371170998 0.020638201385736465 0.09190919250249863
v -0.011099999770522118 0.020145097747445107 0.09203073382377625
v -0.02329999953508377 0.021381570026278496 0.08122500032186508
v -0.02329999953508377 0.024783536791801453 0.07882340997457504
v -0.02329999953508377 0.020375000312924385 0.08021842688322067
v -0.02329999953508377 0.024783536791801453 0.07882340997457504
v -0.02329999953508377 0.024083305150270462 0.07895000278949738
v -0.02329999953508377 0.020375000312924385 0.08021842688322067
v -0.010099999606609344 0.020375000312924385 0.08021842688322067
v -0.02329999953508377 0.021381570026278496 0.08122500032186508
v -0.02329999953508377 0.020375000312924385 0.08021842688322067
v -0.010099999606609344 0.02541404776275158 0.07590000331401825
v -0.010099999606609344 0.021381570026278496 0.08122500032186508
v -0.010099999606609344 0.020375000312924385 0.08021842688322067
v -0.010099999606609344 0.021381570026278496 0.08122500032186508
v -0.02329999953508377 0.021381570026278496 0.08122500032186508
v -0.010099999606609344 0.020375000312924385 0.08021842688322067
v -0.02329999953508377 0.025362340733408928 0.08823654055595398
v -0.02329999953508377 0.021381570026278496 0.08397500216960907
v -0.02329999953508377 0.020375000312924385 0.08498156815767288
v -0.02329999953508377 0.023828551173210144 0.08959536254405975
v -0.02329999953508377 0.025362340733408928 0.08823654055595398
v -0.02329999953508377 0.020375000312924385 0.08498156815767288
v -0.02329999953508377 0.022014141082763672 0.09054763615131378
v -0.02329999953508377 0.023828551173210144 0.08959536254405975
v -0.02329999953508377 0.020375000312924385 0.08498156815767288
v -0.02329999953508377 0.021381570026278496 0.08397500216960907
v -0.010099999606609344 0.021381570026278496 0.08397500216960907
v -0.02329999953508377 0.020375000312924385 0.08498156815767288
v -0.010099999606609344 0.021381570026278496 0.08397500216960907
v -0.010099999606609344 0.020375000312924385 0.08498156815767288
v -0.02329999953508377 0.020375000312924385 0.08498156815767288
v -0.010099999606609344 0.021381570026278496 0.08397500216960907
v -0.010099999606609344 0.024019578471779823 0.08945965021848679
v -0.010099999606609344 0.020375000312924385 0.08498156815767288
v -0.010099999606609344 0.024019578471779823 0.08945965021848679
v -0.010099999606609344 0.02381332777440548 0.08956575393676758
v -0.010099999606609344 0.020375000312924385 0.08498156815767288
v -0.006455940660089254 0.021564343944191933 0.0005000000237487257
v -0.008915755897760391 0.02066904492676258 0.008999999612569809
v -0.008855470456182957 0.020529288798570633 0.0005000000237487257
v -0.006599342450499535 0.022043338045477867 0.0
v -0.006455940660089254 0.021564343944191933 0.0005000000237487257
v -0.008855470456182957 0.020529288798570633 0.0005000000237487257
v -0.011099999770522118 0.020638201385736465 0.09190919250249863
v -0.022299999371170998 0.022368745878338814 0.09148265421390533
v -0.022299999371170998 0.020638201385736465 0.09190919250249863
v -0.022299999371170998 0.022368745878338814 0.09148265421390533
v -0.02270953170955181 0.022337647154927254 0.09140065312385559
v -0.022299999371170998 0.020638201385736465 0.09190919250249863
v -0.011099999770522118 0.022368745878338814 0.09148265421390533
v -0.022299999371170998 0.022368745878338814 0.09148265421390533
v -0.011099999770522118 0.020638201385736465 0.09190919250249863
v -0.01098715141415596 0.02236648090183735 0.0914766788482666
v -0.011099999770522118 0.022368745878338814 0.09148265421390533
v -0.011099999770522118 0.020638201385736465 0.09190919250249863
v 0.006455940660089254 0.021564343944191933 0.008999999612569809
v 0.006412288174033165 0.021418534219264984 0.0005000000237487257
v 0.008915755897760391 0.02066904492676258 0.0005000000237487257
v 0.006412288174033165 0.021418534219264984 0.0005000000237487257
v 0.00911379512399435 0.021128153428435326 1.734723475976807e-18
v 0.008915755897760391 0.02066904492676258 0.0005000000237487257
v -0.006455940660089254 0.021564343944191933 0.0005000000237487257
v -0.003908820450305939 0.022168021649122238 0.008999999612569809
v -0.008915755897760391 0.02066904492676258 0.008999999612569809
v -0.010099999606609344 0.021662000566720963 0.09067248553037643
v -0.010100339539349079 0.022023379802703857 0.09057199954986572
v -0.010100339539349079 0.021047772839665413 0.09087648242712021
v -0.010100339539349079 0.022023379802703857 0.09057199954986572
v -0.01022488996386528 0.02218574285507202 0.09100011736154556
v -0.010100339539349079 0.021047772839665413 0.09087648242712021
v 0.003995644394308329 0.022660426795482635 8.673617379884035e-19
v 0.004909861832857132 0.03414883837103844 8.673617379884035e-19
v 0.00911379512399435 0.021128153428435326 1.734723475976807e-18
v 0.004909861832857132 0.03414883837103844 8.673617379884035e-19
v 0.011283844709396362 0.03260252997279167 8.673617379884035e-19
v 0.00911379512399435 0.021128153428435326 1.734723475976807e-18
v 0.011283844709396362 0.03260252997279167 8.673617379884035e-19
v 0.017249999567866325 0.029877876862883568 2.6020852139652106e-18
v 0.00911379512399435 0.021128153428435326 1.734723475976807e-18
v 0.006412288174033165 0.021418534219264984 0.0005000000237487257
v 0.003995644394308329 0.022660426795482635 8.673617379884035e-19
v 0.00911379512399435 0.021128153428435326 1.734723475976807e-18
v 0.02259269542992115 0.026073360815644264 8.673617379884035e-19
v 0.02521599270403385 0.024043399840593338 0.0005000000237487257
v 0.027118831872940063 0.02132648415863514 3.469446951953614e-18
v 0.02521599270403385 0.024043399840593338 0.0005000000237487257
v 0.027511857450008392 0.021635564044117928 0.0005000000237487257
v 0.027118831872940063 0.02132648415863514 3.469446951953614e-18
v -0.02329999953508377 0.02174999937415123 0.08259999752044678
v -0.02329999953508377 0.02539512701332569 0.07845968008041382
v -0.02329999953508377 0.021381570026278496 0.08122500032186508
v -0.02329999953508377 0.02539512701332569 0.07845968008041382
v -0.02329999953508377 0.024783536791801453 0.07882340997457504
v -0.02329999953508377 0.021381570026278496 0.08122500032186508
v -0.010099999606609344 0.021381570026278496 0.08122500032186508
v -0.02329999953508377 0.02174999937415123 0.08259999752044678
v -0.02329999953508377 0.021381570026278496 0.08122500032186508
v -0.010099999606609344 0.027499999850988388 0.08259999752044678
v -0.010099999606609344 0.02174999937415123 0.08259999752044678
v -0.010099999606609344 0.021381570026278496 0.08122500032186508
v -0.010099999606609344 0.02706928551197052 0.07502257823944092
v -0.010099999606609344 0.027499999850988388 0.08259999752044678
v -0.010099999606609344 0.021381570026278496 0.08122500032186508
v -0.010099999606609344 0.026350753381848335 0.07566708326339722
v -0.010099999606609344 0.02706928551197052 0.07502257823944092
v -0.010099999606609344 0.021381570026278496 0.08122500032186508
v -0.010099999606609344 0.02541404776275158 0.07590000331401825
v -0.010099999606609344 0.026350753381848335 0.07566708326339722
v -0.010099999606609344 0.021381570026278496 0.08122500032186508
v -0.010099999606609344 0.02174999937415123 0.08259999752044678
v -0.02329999953508377 0.02174999937415123 0.08259999752044678
v -0.010099999606609344 0.021381570026278496 0.08122500032186508
v -0.02329999953508377 0.026526376605033875 0.08655014634132385
v -0.02329999953508377 0.027253005653619766 0.08463418483734131
v -0.02329999953508377 0.021381570026278496 0.08397500216960907
v -0.02329999953508377 0.027253005653619766 0.08463418483734131
v -0.02329999953508377 0.02174999937415123 0.08259999752044678
v -0.02329999953508377 0.021381570026278496 0.08397500216960907
v -0.02329999953508377 0.025362340733408928 0.08823654055595398
v -0.02329999953508377 0.026526376605033875 0.08655014634132385
v -0.02329999953508377 0.021381570026278496 0.08397500216960907
v -0.02329999953508377 0.02174999937415123 0.08259999752044678
v -0.010099999606609344 0.02174999937415123 0.08259999752044678
v -0.02329999953508377 0.021381570026278496 0.08397500216960907
v -0.010099999606609344 0.02174999937415123 0.08259999752044678
v -0.010099999606609344 0.021381570026278496 0.08397500216960907
v -0.02329999953508377 0.021381570026278496 0.08397500216960907
v -0.010099999606609344 0.027499999850988388 0.08259999752044678
v -0.010099999606609344 0.02717524580657482 0.08462169766426086
v -0.010099999606609344 0.021381570026278496 0.08397500216960907
v -0.010099999606609344 0.02174999937415123 0.08259999752044678
v -0.010099999606609344 0.027499999850988388 0.08259999752044678
v -0.010099999606609344 0.021381570026278496 0.08397500216960907
v -0.010099999606609344 0.02717524580657482 0.08462169766426086
v -0.010099999606609344 0.02707231603562832 0.08526246249675751
v -0.010099999606609344 0.021381570026278496 0.08397500216960907
v -0.010099999606609344 0.02707231603562832 0.08526246249675751
v -0.010099999606609344 0.026441924273967743 0.08650738000869751
v -0.010099999606609344 0.021381570026278496 0.08397500216960907
v -0.010099999606609344 0.026441924273967743 0.08650738000869751
v -0.010099999606609344 0.02592361345887184 0.0875309631228447
v -0.010099999606609344 0.021381570026278496 0.08397500216960907
v -0.010099999606609344 0.02592361345887184 0.0875309631228447
v -0.010099999606609344 0.025293828919529915 0.0881689041852951
v -0.010099999606609344 0.021381570026278496 0.08397500216960907
v -0.010099999606609344 0.025293828919529915 0.0881689041852951
v -0.010099999606609344 0.024019578471779823 0.08945965021848679
v -0.010099999606609344 0.021381570026278496 0.08397500216960907
v 0.0016998245846480131 0.02244572713971138 0.0045000347308814526
v 0.001570979249663651 0.022455113008618355 0.003850365988910198
v 0.006412288174033165 0.021418534219264984 0.0005000000237487257
v 0.001570979249663651 0.022455113008618355 0.003850365988910198
v 0.003908820450305939 0.022168021649122238 0.0005000000237487257
v 0.006412288174033165 0.021418534219264984 0.0005000000237487257
v 0.006455940660089254 0.021564343944191933 0.008999999612569809
v 0.0015703971730545163 0.022455153986811638 0.00515103992074728
v 0.006412288174033165 0.021418534219264984 0.0005000000237487257
v 0.0015703971730545163 0.022455153986811638 0.00515103992074728
v 0.0016998245846480131 0.02244572713971138 0.0045000347308814526
v 0.006412288174033165 0.021418534219264984 0.0005000000237487257
v 0.003908820450305939 0.022168021649122238 0.0005000000237487257
v 0.003995644394308329 0.022660426795482635 8.673617379884035e-19
v 0.006412288174033165 0.021418534219264984 0.0005000000237487257
v -0.027511857450008392 0.021635564044117928 0.05180000141263008
v -0.025330690667033195 0.024152765050530434 0.0005000000237487257
v -0.027387281879782677 0.021537596359848976 0.0005000000237487257
v -0.025330690667033195 0.024152765050530434 0.0005000000237487257
v -0.024968823418021202 0.023807726800441742 8.673617379884035e-19
v -0.027387281879782677 0.021537596359848976 0.0005000000237487257
v -0.003882390446960926 0.022018130868673325 0.0005000000237487257
v -0.003908820450305939 0.022168021649122238 0.008999999612569809
v -0.006455940660089254 0.021564343944191933 0.0005000000237487257
v -0.006599342450499535 0.022043338045477867 0.0
v -0.003882390446960926 0.022018130868673325 0.0005000000237487257
v -0.006455940660089254 0.021564343944191933 0.0005000000237487257
v 0.001308840117417276 0.022471915930509567 0.008999999612569809
v 0.0013088022824376822 0.022471295669674873 0.005542456172406673
v 0.006455940660089254 0.021564343944191933 0.008999999612569809
v 0.0013088022824376822 0.022471295669674873 0.005542456172406673
v 0.001448175753466785 0.022462695837020874 0.005333915818482637
v 0.006455940660089254 0.021564343944191933 0.008999999612569809
v 0.001448175753466785 0.022462695837020874 0.005333915818482637
v 0.0015703971730545163 0.022455153986811638 0.00515103992074728
v 0.006455940660089254 0.021564343944191933 0.008999999612569809
v 0.02521599270403385 0.024043399840593338 0.0005000000237487257
v 0.027097312733530998 0.022152554243803024 0.06376544386148453
v 0.027511857450008392 0.021635564044117928 0.0005000000237487257
v -0.02292012609541416 0.02645123563706875 0.05180000141263008
v -0.025330690667033195 0.024152765050530434 0.0005000000237487257
v -0.027511857450008392 0.021635564044117928 0.05180000141263008
v -0.029500000178813934 0.02759999968111515 0.05180000141263008
v -0.02292012609541416 0.02645123563706875 0.05180000141263008
v -0.027511857450008392 0.021635564044117928 0.05180000141263008
v -0.010099999606609344 0.021991228684782982 0.09050311893224716
v -0.010100339539349079 0.022023379802703857 0.09057199954986572
v -0.010099999606609344 0.021662000566720963 0.09067248553037643
v -0.02329999953508377 0.027253005653619766 0.08463418483734131
v -0.02329999953508377 0.027499999850988388 0.08259999752044678
v -0.02329999953508377 0.02174999937415123 0.08259999752044678
v -0.02329999953508377 0.027499999850988388 0.08259999752044678
v -0.02329999953508377 0.02539512701332569 0.07845968008041382
v -0.02329999953508377 0.02174999937415123 0.08259999752044678
v -0.010099999606609344 0.02381332777440548 0.08956575393676758
v -0.010100339539349079 0.022023379802703857 0.09057199954986572
v -0.010099999606609344 0.021991228684782982 0.09050311893224716
v -0.02328343316912651 0.022078419104218483 0.0907171219587326
v -0.02329999953508377 0.023828551173210144 0.08959536254405975
v -0.02329999953508377 0.022014141082763672 0.09054763615131378
v -0.001448264461942017 0.022462690249085426 0.0036660591140389442
v -0.0015697972849011421 0.02245519682765007 0.0038475152105093002
v -0.003882390446960926 0.022018130868673325 0.0005000000237487257
v -0.001308840117417276 0.022471915930509567 0.0005000000237487257
v -0.0008338828338310122 0.022493043914437294 0.003051919396966696
v -0.003882390446960926 0.022018130868673325 0.0005000000237487257
v -0.0008338828338310122 0.022493043914437294 0.003051919396966696
v -0.0012009195052087307 0.02247794158756733 0.0032967575825750828
v -0.003882390446960926 0.022018130868673325 0.0005000000237487257
v -0.0012009195052087307 0.02247794158756733 0.0032967575825750828
v -0.001448264461942017 0.022462690249085426 0.0036660591140389442
v -0.003882390446960926 0.022018130868673325 0.0005000000237487257
v -0.0015697972849011421 0.02245519682765007 0.0038475152105093002
v -0.0016999992076307535 0.022445714101195335 0.00449832808226347
v -0.003882390446960926 0.022018130868673325 0.0005000000237487257
v -0.0016999992076307535 0.022445714101195335 0.00449832808226347
v -0.003908820450305939 0.022168021649122238 0.008999999612569809
v -0.003882390446960926 0.022018130868673325 0.0005000000237487257
v -0.0013379125157371163 0.022971071302890778 8.673617379884035e-19
v -0.001308840117417276 0.022471915930509567 0.0005000000237487257
v -0.003882390446960926 0.022018130868673325 0.0005000000237487257
v -0.006599342450499535 0.022043338045477867 0.0
v -0.0013379125157371163 0.022971071302890778 8.673617379884035e-19
v -0.003882390446960926 0.022018130868673325 0.0005000000237487257
v -0.010099999606609344 0.02381332777440548 0.08956575393676758
v -0.010100339539349079 0.023843348026275635 0.0896168053150177
v -0.010100339539349079 0.022023379802703857 0.09057199954986572
v -0.01022488996386528 0.024103451520204544 0.08999362587928772
v -0.01022488996386528 0.02218574285507202 0.09100011736154556
v -0.010100339539349079 0.022023379802703857 0.09057199954986572
v -0.010100339539349079 0.023843348026275635 0.0896168053150177
v -0.01022488996386528 0.024103451520204544 0.08999362587928772
v -0.010100339539349079 0.022023379802703857 0.09057199954986572
v -0.014331817626953125 0.031382303684949875 8.673617379884035e-19
v -0.00813368335366249 0.03352750092744827 8.673617379884035e-19
v -0.006599342450499535 0.022043338045477867 0.0
v -0.00813368335366249 0.03352750092744827 8.673617379884035e-19
v -0.0013379125157371163 0.022971071302890778 8.673617379884035e-19
v -0.006599342450499535 0.022043338045477867 0.0
v -0.023088745772838593 0.02223212458193302 0.09112241119146347
v -0.02328343316912651 0.02393152192234993 0.08974454551935196
v -0.02328343316912651 0.022078419104218483 0.0907171219587326
v -0.02328343316912651 0.02393152192234993 0.08974454551935196
v -0.02329999953508377 0.023828551173210144 0.08959536254405975
v -0.02328343316912651 0.022078419104218483 0.0907171219587326
v 0.02521599270403385 0.024043399840593338 0.0005000000237487257
v 0.026191631332039833 0.023176295682787895 0.06401728838682175
v 0.027097312733530998 0.022152554243803024 0.06376544386148453
v 0.026191631332039833 0.023176295682787895 0.06401728838682175
v 0.0010999999940395355 0.02318388968706131 0.06398618221282959
v 0.027097312733530998 0.022152554243803024 0.06376544386148453
v 0.001570979249663651 0.022455113008618355 0.003850365988910198
v 0.0014480350073426962 0.02246270328760147 0.0036661559715867043
v 0.003908820450305939 0.022168021649122238 0.0005000000237487257
v 0.0014480350073426962 0.02246270328760147 0.0036661559715867043
v 0.0012999902246519923 0.022319968789815903 0.0005000000237487257
v 0.003908820450305939 0.022168021649122238 0.0005000000237487257
v 0.0012999902246519923 0.022319968789815903 0.0005000000237487257
v 0.003995644394308329 0.022660426795482635 8.673617379884035e-19
v 0.003908820450305939 0.022168021649122238 0.0005000000237487257
v -0.0016999992076307535 0.022445714101195335 0.00449832808226347
v -0.0015709958970546722 0.022455113008618355 0.005149593576788902
v -0.003908820450305939 0.022168021649122238 0.008999999612569809
v -0.0015709958970546722 0.022455113008618355 0.005149593576788902
v -0.001448057359084487 0.02246270142495632 0.005333865061402321
v -0.003908820450305939 0.022168021649122238 0.008999999612569809
v -0.001448057359084487 0.02246270142495632 0.005333865061402321
v -0.0012030339566990733 0.022477829828858376 0.005701128393411636
v -0.003908820450305939 0.022168021649122238 0.008999999612569809
v -0.0012030339566990733 0.022477829828858376 0.005701128393411636
v -0.0008339486084878445 0.02249305509030819 0.005948270671069622
v -0.003908820450305939 0.022168021649122238 0.008999999612569809
v -0.0008339486084878445 0.02249305509030819 0.005948270671069622
v -0.0006524166674353182 0.022500542923808098 0.006069825496524572
v -0.003908820450305939 0.022168021649122238 0.008999999612569809
v -0.0006524166674353182 0.022500542923808098 0.006069825496524572
v 0.001308840117417276 0.022471915930509567 0.008999999612569809
v -0.003908820450305939 0.022168021649122238 0.008999999612569809
v -0.01022488996386528 0.024103451520204544 0.08999362587928772
v -0.010548845864832401 0.024302545934915543 0.09028206020593643
v -0.01022488996386528 0.02218574285507202 0.09100011736154556
v -0.010548845864832401 0.024302545934915543 0.09028206020593643
v -0.010548845864832401 0.02231002412736416 0.09132781624794006
v -0.01022488996386528 0.02218574285507202 0.09100011736154556
v -0.02270953170955181 0.022337647154927254 0.09140065312385559
v -0.023088745772838593 0.024177750572562218 0.09010126441717148
v -0.023088745772838593 0.02223212458193302 0.09112241119146347
v -0.023088745772838593 0.024177750572562218 0.09010126441717148
v -0.02328343316912651 0.02393152192234993 0.08974454551935196
v -0.023088745772838593 0.02223212458193302 0.09112241119146347
v -0.010548845864832401 0.024302545934915543 0.09028206020593643
v -0.01098715141415596 0.02439298667013645 0.09041308611631393
v -0.010548845864832401 0.02231002412736416 0.09132781624794006
v -0.01098715141415596 0.02439298667013645 0.09041308611631393
v -0.01098715141415596 0.02236648090183735 0.0914766788482666
v -0.010548845864832401 0.02231002412736416 0.09132781624794006
v 0.0012026444310322404 0.022477850317955017 0.0032984816934913397
v 0.0008338766638189554 0.022493047639727592 0.0030518677085638046
v 0.0012999902246519923 0.022319968789815903 0.0005000000237487257
v 0.0008338766638189554 0.022493047639727592 0.0030518677085638046
v 0.000651068810839206 0.02250058203935623 0.00292961485683918
v 0.0012999902246519923 0.022319968789815903 0.0005000000237487257
v 0.000651068810839206 0.02250058203935623 0.00292961485683918
v 2.329900894437742e-08 0.022509992122650146 0.002800117479637265
v 0.0012999902246519923 0.022319968789815903 0.0005000000237487257
v 2.329900894437742e-08 0.022509992122650146 0.002800117479637265
v -0.001308840117417276 0.022471915930509567 0.0005000000237487257
v 0.0012999902246519923 0.022319968789815903 0.0005000000237487257
v 0.0014480350073426962 0.02246270328760147 0.0036661559715867043
v 0.001308802398853004 0.022471297532320023 0.003457540413364768
v 0.0012999902246519923 0.022319968789815903 0.0005000000237487257
v 0.001308802398853004 0.022471297532320023 0.003457540413364768
v 0.0012026444310322404 0.022477850317955017 0.0032984816934913397
v 0.0012999902246519923 0.022319968789815903 0.0005000000237487257
v -0.0013379125157371163 0.022971071302890778 8.673617379884035e-19
v 0.003995644394308329 0.022660426795482635 8.673617379884035e-19
v 0.0012999902246519923 0.022319968789815903 0.0005000000237487257
v -0.001308840117417276 0.022471915930509567 0.0005000000237487257
v -0.0013379125157371163 0.022971071302890778 8.673617379884035e-19
v 0.0012999902246519923 0.022319968789815903 0.0005000000237487257
v -0.022299999371170998 0.022368745878338814 0.09148265421390533
v -0.02270953170955181 0.024346793070435524 0.09034616500139236
v -0.02270953170955181 0.022337647154927254 0.09140065312385559
v -0.02270953170955181 0.024346793070435524 0.09034616500139236
v -0.023088745772838593 0.024177750572562218 0.09010126441717148
v -0.02270953170955181 0.022337647154927254 0.09140065312385559
v -0.011099999770522118 0.023721391335129738 0.09077273309230804
v -0.011099999770522118 0.022368745878338814 0.09148265421390533
v -0.01098715141415596 0.02236648090183735 0.0914766788482666
v -0.01098715141415596 0.02439298667013645 0.09041308611631393
v -0.011099999770522118 0.023721391335129738 0.09077273309230804
v -0.01098715141415596 0.02236648090183735 0.0914766788482666
v -0.011099999770522118 0.022368745878338814 0.09148265421390533
v -0.022299999371170998 0.023721391335129738 0.09077273309230804
v -0.022299999371170998 0.022368745878338814 0.09148265421390533
v -0.022299999371170998 0.023721391335129738 0.09077273309230804
v -0.02270953170955181 0.024346793070435524 0.09034616500139236
v -0.022299999371170998 0.022368745878338814 0.09148265421390533
v -0.011099999770522118 0.023721391335129738 0.09077273309230804
v -0.022299999371170998 0.023721391335129738 0.09077273309230804
v -0.011099999770522118 0.022368745878338814 0.09148265421390533
v -0.0015697972849011421 0.02245519682765007 0.0038475152105093002
v -0.0017000000225380063 0.031599998474121094 0.0044999998062849045
v -0.0016999992076307535 0.022445714101195335 0.00449832808226347
v 0.0015703971730545163 0.022455153986811638 0.00515103992074728
v 0.0017000000225380063 0.031599998474121094 0.0044999998062849045
v 0.0016998245846480131 0.02244572713971138 0.0045000347308814526
v 0.0017000000225380063 0.031599998474121094 0.0044999998062849045
v 0.001570979249663651 0.022455113008618355 0.003850365988910198
v 0.0016998245846480131 0.02244572713971138 0.0045000347308814526
v -0.0017000000225380063 0.031599998474121094 0.0044999998062849045
v -0.0015709958970546722 0.022455113008618355 0.005149593576788902
v -0.0016999992076307535 0.022445714101195335 0.00449832808226347
v 0.0017000000225380063 0.031599998474121094 0.0044999998062849045
v 0.0014722432242706418 0.031599998474121094 0.003650000086054206
v 0.001570979249663651 0.022455113008618355 0.003850365988910198
v 0.0014722432242706418 0.031599998474121094 0.003650000086054206
v 0.0014480350073426962 0.02246270328760147 0.0036661559715867043
v 0.001570979249663651 0.022455113008618355 0.003850365988910198
v -0.0017000000225380063 0.031599998474121094 0.0044999998062849045
v -0.0014722432242706418 0.031599998474121094 0.005350000225007534
v -0.0015709958970546722 0.022455113008618355 0.005149593576788902
v -0.0014722432242706418 0.031599998474121094 0.005350000225007534
v -0.001448057359084487 0.02246270142495632 0.005333865061402321
v -0.0015709958970546722 0.022455113008618355 0.005149593576788902
v 0.0014722432242706418 0.031599998474121094 0.005350000225007534
v 0.0017000000225380063 0.031599998474121094 0.0044999998062849045
v 0.0015703971730545163 0.022455153986811638 0.00515103992074728
v 0.001448175753466785 0.022462695837020874 0.005333915818482637
v 0.0014722432242706418 0.031599998474121094 0.005350000225007534
v 0.0015703971730545163 0.022455153986811638 0.00515103992074728
v -0.0014722432242706418 0.031599998474121094 0.003650000086054206
v -0.0017000000225380063 0.031599998474121094 0.0044999998062849045
v -0.0015697972849011421 0.02245519682765007 0.0038475152105093002
v -0.001448264461942017 0.022462690249085426 0.0036660591140389442
v -0.0014722432242706418 0.031599998474121094 0.003650000086054206
v -0.0015697972849011421 0.02245519682765007 0.0038475152105093002
v -0.0012009195052087307 0.02247794158756733 0.0032967575825750828
v -0.0014722432242706418 0.031599998474121094 0.003650000086054206
v -0.001448264461942017 0.022462690249085426 0.0036660591140389442
v 0.0013088022824376822 0.022471295669674873 0.005542456172406673
v 0.0014722432242706418 0.031599998474121094 0.005350000225007534
v 0.001448175753466785 0.022462695837020874 0.005333915818482637
v -0.0014722432242706418 0.031599998474121094 0.005350000225007534
v -0.0012030339566990733 0.022477829828858376 0.005701128393411636
v -0.001448057359084487 0.02246270142495632 0.005333865061402321
v 0.0014722432242706418 0.031599998474121094 0.003650000086054206
v 0.001308802398853004 0.022471297532320023 0.003457540413364768
v 0.0014480350073426962 0.02246270328760147 0.0036661559715867043
v 0.001308840117417276 0.022471915930509567 0.008999999612569809
v 0.001202197978273034 0.022477874532341957 0.005701965186744928
v 0.0013088022824376822 0.022471295669674873 0.005542456172406673
v 0.001202197978273034 0.022477874532341957 0.005701965186744928
v 0.0014722432242706418 0.031599998474121094 0.005350000225007534
v 0.0013088022824376822 0.022471295669674873 0.005542456172406673
v 0.0014722432242706418 0.031599998474121094 0.003650000086054206
v 0.0012026444310322404 0.022477850317955017 0.0032984816934913397
v 0.001308802398853004 0.022471297532320023 0.003457540413364768
v 2.329900894437742e-08 0.022509992122650146 0.002800117479637265
v -0.0006496649002656341 0.022500623017549515 0.0029290334787219763
v -0.001308840117417276 0.022471915930509567 0.0005000000237487257
v -0.0006496649002656341 0.022500623017549515 0.0029290334787219763
v -0.0008338828338310122 0.022493043914437294 0.003051919396966696
v -0.001308840117417276 0.022471915930509567 0.0005000000237487257
v -0.0006524166674353182 0.022500542923808098 0.006069825496524572
v 4.996003395746245e-19 0.022509999573230743 0.006200000178068876
v 0.001308840117417276 0.022471915930509567 0.008999999612569809
v 4.996003395746245e-19 0.022509999573230743 0.006200000178068876
v 0.0006841000285930932 0.022499602288007736 0.006056295242160559
v 0.001308840117417276 0.022471915930509567 0.008999999612569809
v 0.0006841000285930932 0.022499602288007736 0.006056295242160559
v 0.0008362977532669902 0.02249321900308132 0.005952206440269947
v 0.001308840117417276 0.022471915930509567 0.008999999612569809
v 0.0008362977532669902 0.02249321900308132 0.005952206440269947
v 0.001202197978273034 0.022477874532341957 0.005701965186744928
v 0.001308840117417276 0.022471915930509567 0.008999999612569809
v -0.0014722432242706418 0.031599998474121094 0.005350000225007534
v -0.0008500000112690032 0.031599998474121094 0.005972243379801512
v -0.0012030339566990733 0.022477829828858376 0.005701128393411636
v -0.0008500000112690032 0.031599998474121094 0.005972243379801512
v -0.0008339486084878445 0.02249305509030819 0.005948270671069622
v -0.0012030339566990733 0.022477829828858376 0.005701128393411636
v 0.0008500000112690032 0.031599998474121094 0.0030277566984295845
v 0.0008338766638189554 0.022493047639727592 0.0030518677085638046
v 0.0012026444310322404 0.022477850317955017 0.0032984816934913397
v 0.0014722432242706418 0.031599998474121094 0.003650000086054206
v 0.0008500000112690032 0.031599998474121094 0.0030277566984295845
v 0.0012026444310322404 0.022477850317955017 0.0032984816934913397
v 0.0008500000112690032 0.031599998474121094 0.005972243379801512
v 0.0014722432242706418 0.031599998474121094 0.005350000225007534
v 0.001202197978273034 0.022477874532341957 0.005701965186744928
v 0.0008362977532669902 0.02249321900308132 0.005952206440269947
v 0.0008500000112690032 0.031599998474121094 0.005972243379801512
v 0.001202197978273034 0.022477874532341957 0.005701965186744928
v -0.0008500000112690032 0.031599998474121094 0.0030277566984295845
v -0.0014722432242706418 0.031599998474121094 0.003650000086054206
v -0.0012009195052087307 0.02247794158756733 0.0032967575825750828
v -0.0008338828338310122 0.022493043914437294 0.003051919396966696
v -0.0008500000112690032 0.031599998474121094 0.0030277566984295845
v -0.0012009195052087307 0.02247794158756733 0.0032967575825750828
v -0.0006496649002656341 0.022500623017549515 0.0029290334787219763
v -0.0008500000112690032 0.031599998474121094 0.0030277566984295845
v -0.0008338828338310122 0.022493043914437294 0.003051919396966696
v 0.0008500000112690032 0.031599998474121094 0.0030277566984295845
v 0.000651068810839206 0.02250058203935623 0.00292961485683918
v 0.0008338766638189554 0.022493047639727592 0.0030518677085638046
v -0.0008500000112690032 0.031599998474121094 0.005972243379801512
v -0.0006524166674353182 0.022500542923808098 0.006069825496524572
v -0.0008339486084878445 0.02249305509030819 0.005948270671069622
v 0.0006841000285930932 0.022499602288007736 0.006056295242160559
v 0.0008500000112690032 0.031599998474121094 0.005972243379801512
v 0.0008362977532669902 0.02249321900308132 0.005952206440269947
v 4.996003395746245e-19 0.031599998474121094 0.006200000178068876
v 0.0008500000112690032 0.031599998474121094 0.005972243379801512
v 0.0006841000285930932 0.022499602288007736 0.006056295242160559
v 4.996003395746245e-19 0.022509999573230743 0.006200000178068876
v 4.996003395746245e-19 0.031599998474121094 0.006200000178068876
v 0.0006841000285930932 0.022499602288007736 0.006056295242160559
v -0.0008500000112690032 0.031599998474121094 0.005972243379801512
v 4.996003395746245e-19 0.022509999573230743 0.006200000178068876
v -0.0006524166674353182 0.022500542923808098 0.006069825496524572
v 0.0008500000112690032 0.031599998474121094 0.0030277566984295845
v 2.329900894437742e-08 0.022509992122650146 0.002800117479637265
v 0.000651068810839206 0.02250058203935623 0.00292961485683918
v 1.366962077563028e-18 0.031599998474121094 0.00279999990016222
v -0.0008500000112690032 0.031599998474121094 0.0030277566984295845
v -0.0006496649002656341 0.022500623017549515 0.0029290334787219763
v 2.329900894437742e-08 0.022509992122650146 0.002800117479637265
v 1.366962077563028e-18 0.031599998474121094 0.00279999990016222
v -0.0006496649002656341 0.022500623017549515 0.0029290334787219763
v 0.0008500000112690032 0.031599998474121094 0.0030277566984295845
v 1.366962077563028e-18 0.031599998474121094 0.00279999990016222
v 2.329900894437742e-08 0.022509992122650146 0.002800117479637265
v -0.0008500000112690032 0.031599998474121094 0.005972243379801512
v 4.996003395746245e-19 0.031599998474121094 0.006200000178068876
v 4.996003395746245e-19 0.022509999573230743 0.006200000178068876
v -0.0013379125157371163 0.022971071302890778 8.673617379884035e-19
v -0.0016415760619565845 0.034460924565792084 8.673617379884035e-19
v 0.003995644394308329 0.022660426795482635 8.673617379884035e-19
v -0.0016415760619565845 0.034460924565792084 8.673617379884035e-19
v 0.004909861832857132 0.03414883837103844 8.673617379884035e-19
v 0.003995644394308329 0.022660426795482635 8.673617379884035e-19
v -0.00813368335366249 0.03352750092744827 8.673617379884035e-19
v -0.0016415760619565845 0.034460924565792084 8.673617379884035e-19
v -0.0013379125157371163 0.022971071302890778 8.673617379884035e-19
v 0.02521599270403385 0.024043399840593338 0.0005000000237487257
v 0.02532905340194702 0.024151315912604332 0.06425714492797852
v 0.026191631332039833 0.023176295682787895 0.06401728838682175
v 0.02532905340194702 0.024151315912604332 0.06425714492797852
v 0.0010999999940395355 0.02318388968706131 0.06398618221282959
v 0.026191631332039833 0.023176295682787895 0.06401728838682175
v 0.0010999999940395355 0.02712511643767357 0.06547924131155014
v 0.0010999999940395355 0.02785000018775463 0.05380000174045563
v 0.0010999999940395355 0.02318388968706131 0.06398618221282959
v 0.02532905340194702 0.024151315912604332 0.06425714492797852
v 0.025291072204709053 0.024194248020648956 0.06426770240068436
v 0.0010999999940395355 0.02318388968706131 0.06398618221282959
v 0.025291072204709053 0.024194248020648956 0.06426770240068436
v 0.02342003583908081 0.02600965090095997 0.06494385004043579
v 0.0010999999940395355 0.02318388968706131 0.06398618221282959
v 0.02342003583908081 0.02600965090095997 0.06494385004043579
v 0.0010999999940395355 0.02712511643767357 0.06547924131155014
v 0.0010999999940395355 0.02318388968706131 0.06398618221282959
v -0.011099999770522118 0.023721391335129738 0.09077273309230804
v -0.022299999371170998 0.024396615102887154 0.09041834622621536
v -0.022299999371170998 0.023721391335129738 0.09077273309230804
v -0.022299999371170998 0.024396615102887154 0.09041834622621536
v -0.02270953170955181 0.024346793070435524 0.09034616500139236
v -0.022299999371170998 0.023721391335129738 0.09077273309230804
v -0.011099999770522118 0.024396615102887154 0.09041834622621536
v -0.022299999371170998 0.024396615102887154 0.09041834622621536
v -0.011099999770522118 0.023721391335129738 0.09077273309230804
v -0.01098715141415596 0.02439298667013645 0.09041308611631393
v -0.011099999770522118 0.024396615102887154 0.09041834622621536
v -0.011099999770522118 0.023721391335129738 0.09077273309230804
v -0.025330690667033195 0.024152765050530434 0.0005000000237487257
v -0.022816341370344162 0.02633146196603775 0.0005000000237487257
v -0.024968823418021202 0.023807726800441742 8.673617379884035e-19
v -0.022816341370344162 0.02633146196603775 0.0005000000237487257
v -0.020011963322758675 0.028102871030569077 -8.673617379884035e-19
v -0.024968823418021202 0.023807726800441742 8.673617379884035e-19
v -0.010099999606609344 0.024019578471779823 0.08945965021848679
v -0.010100339539349079 0.023843348026275635 0.0896168053150177
v -0.010099999606609344 0.02381332777440548 0.08956575393676758
v -0.02328343316912651 0.02393152192234993 0.08974454551935196
v -0.02329999953508377 0.025362340733408928 0.08823654055595398
v -0.02329999953508377 0.023828551173210144 0.08959536254405975
v -0.010099999606609344 0.024019578471779823 0.08945965021848679
v -0.010100339539349079 0.025381840765476227 0.08825381845235825
v -0.010100339539349079 0.023843348026275635 0.0896168053150177
v -0.01022488996386528 0.025724563747644424 0.08855744451284409
v -0.01022488996386528 0.024103451520204544 0.08999362587928772
v -0.010100339539349079 0.023843348026275635 0.0896168053150177
v -0.010100339539349079 0.025381840765476227 0.08825381845235825
v -0.01022488996386528 0.025724563747644424 0.08855744451284409
v -0.010100339539349079 0.023843348026275635 0.0896168053150177
v -0.02328343316912651 0.02549802139401436 0.08835674822330475
v -0.02329999953508377 0.025362340733408928 0.08823654055595398
v -0.02328343316912651 0.02393152192234993 0.08974454551935196
v -0.023088745772838593 0.024177750572562218 0.09010126441717148
v -0.02328343316912651 0.02549802139401436 0.08835674822330475
v -0.02328343316912651 0.02393152192234993 0.08974454551935196
v -0.010099999606609344 0.025293828919529915 0.0881689041852951
v -0.010100339539349079 0.025381840765476227 0.08825381845235825
v -0.010099999606609344 0.024019578471779823 0.08945965021848679
v 0.02292012609541416 0.02645123563706875 0.0005000000237487257
v 0.02532905340194702 0.024151315912604332 0.06425714492797852
v 0.02521599270403385 0.024043399840593338 0.0005000000237487257
v 0.02259269542992115 0.026073360815644264 8.673617379884035e-19
v 0.02292012609541416 0.02645123563706875 0.0005000000237487257
v 0.02521599270403385 0.024043399840593338 0.0005000000237487257
v -0.027312295511364937 0.024083305150270462 0.07835952937602997
v -0.027400000020861626 0.024433420971035957 0.07788670808076859
v -0.027400000020861626 0.024083305150270462 0.07795000076293945
v -0.027400000020861626 0.024433420971035957 0.07788670808076859
v -0.027400000020861626 0.02473921701312065 0.07770483940839767
v -0.027400000020861626 0.024083305150270462 0.07795000076293945
v -0.027400000020861626 0.02473921701312065 0.07770483940839767
v -0.027400000020861626 0.025871625170111656 0.07637457549571991
v -0.027400000020861626 0.024083305150270462 0.07795000076293945
v -0.027250725775957108 0.024083305150270462 0.07843799144029617
v -0.027312295511364937 0.024576803669333458 0.0782703161239624
v -0.027312295511364937 0.024083305150270462 0.07835952937602997
v -0.027312295511364937 0.024576803669333458 0.0782703161239624
v -0.027400000020861626 0.024433420971035957 0.07788670808076859
v -0.027312295511364937 0.024083305150270462 0.07835952937602997
v -0.0270147193223238 0.024083305150270462 0.0787387490272522
v -0.0270147193223238 0.02470957301557064 0.07862553000450134
v -0.027250725775957108 0.024083305150270462 0.07843799144029617
v -0.0270147193223238 0.02470957301557064 0.07862553000450134
v -0.027312295511364937 0.024576803669333458 0.0782703161239624
v -0.027250725775957108 0.024083305150270462 0.07843799144029617
v -0.026890374720096588 0.024083305150270462 0.07879459857940674
v -0.0270147193223238 0.02470957301557064 0.07862553000450134
v -0.0270147193223238 0.024083305150270462 0.0787387490272522
v -0.02658126689493656 0.024083305150270462 0.07893343269824982
v -0.02658126689493656 0.024777736514806747 0.07880789786577225
v -0.026890374720096588 0.024083305150270462 0.07879459857940674
v -0.02658126689493656 0.024777736514806747 0.07880789786577225
v -0.0270147193223238 0.02470957301557064 0.07862553000450134
v -0.026890374720096588 0.024083305150270462 0.07879459857940674
v -0.026399999856948853 0.024083305150270462 0.07895000278949738
v -0.02658126689493656 0.024777736514806747 0.07880789786577225
v -0.02658126689493656 0.024083305150270462 0.07893343269824982
v -0.026399999856948853 0.024783536791801453 0.07882340997457504
v -0.02658126689493656 0.024777736514806747 0.07880789786577225
v -0.026399999856948853 0.024083305150270462 0.07895000278949738
v -0.02329999953508377 0.024783536791801453 0.07882340997457504
v -0.026399999856948853 0.024783536791801453 0.07882340997457504
v -0.026399999856948853 0.024083305150270462 0.07895000278949738
v -0.02329999953508377 0.024083305150270462 0.07895000278949738
v -0.02329999953508377 0.024783536791801453 0.07882340997457504
v -0.026399999856948853 0.024083305150270462 0.07895000278949738
v -0.01022488996386528 0.025724563747644424 0.08855744451284409
v -0.010548845864832401 0.02598690055310726 0.08878985792398453
v -0.01022488996386528 0.024103451520204544 0.08999362587928772
v -0.010548845864832401 0.02598690055310726 0.08878985792398453
v -0.010548845864832401 0.024302545934915543 0.09028206020593643
v -0.01022488996386528 0.024103451520204544 0.08999362587928772
v 0.02292012609541416 0.02645123563706875 0.0005000000237487257
v 0.025291072204709053 0.024194248020648956 0.06426770240068436
v 0.02532905340194702 0.024151315912604332 0.06425714492797852
v -0.02292012609541416 0.02645123563706875 0.05180000141263008
v -0.022816341370344162 0.02633146196603775 0.0005000000237487257
v -0.025330690667033195 0.024152765050530434 0.0005000000237487257
v -0.023088745772838593 0.025822464376688004 0.08864417672157288
v -0.02328343316912651 0.02549802139401436 0.08835674822330475
v -0.023088745772838593 0.024177750572562218 0.09010126441717148
v -0.02270953170955181 0.024346793070435524 0.09034616500139236
v -0.023088745772838593 0.025822464376688004 0.08864417672157288
v -0.023088745772838593 0.024177750572562218 0.09010126441717148
v 0.020210063084959984 0.028381062671542168 0.0005000000237487257
v 0.02342003583908081 0.02600965090095997 0.06494385004043579
v 0.025291072204709053 0.024194248020648956 0.06426770240068436
v 0.02292012609541416 0.02645123563706875 0.0005000000237487257
v 0.020210063084959984 0.028381062671542168 0.0005000000237487257
v 0.025291072204709053 0.024194248020648956 0.06426770240068436
v -0.010548845864832401 0.02598690055310726 0.08878985792398453
v -0.01098715141415596 0.02610607072710991 0.08889543265104294
v -0.010548845864832401 0.024302545934915543 0.09028206020593643
v -0.01098715141415596 0.02610607072710991 0.08889543265104294
v -0.01098715141415596 0.02439298667013645 0.09041308611631393
v -0.010548845864832401 0.024302545934915543 0.09028206020593643
v -0.02270953170955181 0.02604520507156849 0.0888415053486824
v -0.023088745772838593 0.025822464376688004 0.08864417672157288
v -0.02270953170955181 0.024346793070435524 0.09034616500139236
v -0.022299999371170998 0.024396615102887154 0.09041834622621536
v -0.02270953170955181 0.02604520507156849 0.0888415053486824
v -0.02270953170955181 0.024346793070435524 0.09034616500139236
v -0.011099999770522118 0.026110852137207985 0.08889966458082199
v -0.011099999770522118 0.024396615102887154 0.09041834622621536
v -0.01098715141415596 0.02439298667013645 0.09041308611631393
v -0.01098715141415596 0.02610607072710991 0.08889543265104294
v -0.011099999770522118 0.026110852137207985 0.08889966458082199
v -0.01098715141415596 0.02439298667013645 0.09041308611631393
v -0.011099999770522118 0.024396615102887154 0.09041834622621536
v -0.022299999371170998 0.026110852137207985 0.08889966458082199
v -0.022299999371170998 0.024396615102887154 0.09041834622621536
v -0.022299999371170998 0.026110852137207985 0.08889966458082199
v -0.02270953170955181 0.02604520507156849 0.0888415053486824
v -0.022299999371170998 0.024396615102887154 0.09041834622621536
v -0.011099999770522118 0.026110852137207985 0.08889966458082199
v -0.022299999371170998 0.026110852137207985 0.08889966458082199
v -0.011099999770522118 0.024396615102887154 0.09041834622621536
v -0.027394630014896393 0.02475566603243351 0.07772377133369446
v -0.027400000020861626 0.02473921701312065 0.07770483940839767
v -0.027400000020861626 0.024433420971035957 0.07788670808076859
v -0.027312295511364937 0.024576803669333458 0.0782703161239624
v -0.027394630014896393 0.02475566603243351 0.07772377133369446
v -0.027400000020861626 0.024433420971035957 0.07788670808076859
v -0.0270147193223238 0.02470957301557064 0.07862553000450134
v -0.027261927723884583 0.025049932301044464 0.07806241512298584
v -0.027312295511364937 0.024576803669333458 0.0782703161239624
v -0.027312295511364937 0.025007832795381546 0.07801397144794464
v -0.027394630014896393 0.02475566603243351 0.07772377133369446
v -0.027312295511364937 0.024576803669333458 0.0782703161239624
v -0.027261927723884583 0.025049932301044464 0.07806241512298584
v -0.027312295511364937 0.025007832795381546 0.07801397144794464
v -0.027312295511364937 0.024576803669333458 0.0782703161239624
v -0.02658126689493656 0.024777736514806747 0.07880789786577225
v -0.0270147193223238 0.02525656297802925 0.07830021530389786
v -0.0270147193223238 0.02470957301557064 0.07862553000450134
v -0.0270147193223238 0.02525656297802925 0.07830021530389786
v -0.027261927723884583 0.025049932301044464 0.07806241512298584
v -0.0270147193223238 0.02470957301557064 0.07862553000450134
v -0.027394630014896393 0.02475566603243351 0.07772377133369446
v -0.027399657294154167 0.025959013029932976 0.0764472484588623
v -0.027400000020861626 0.02473921701312065 0.07770483940839767
v -0.027399657294154167 0.025959013029932976 0.0764472484588623
v -0.027400000020861626 0.025871625170111656 0.07637457549571991
v -0.027400000020861626 0.02473921701312065 0.07770483940839767
v -0.027312295511364937 0.025007832795381546 0.07801397144794464
v -0.027399657294154167 0.025959013029932976 0.0764472484588623
v -0.027394630014896393 0.02475566603243351 0.07772377133369446
v -0.026399999856948853 0.024783536791801453 0.07882340997457504
v -0.026512403041124344 0.025388389825820923 0.07845192402601242
v -0.02658126689493656 0.024777736514806747 0.07880789786577225
v -0.026512403041124344 0.025388389825820923 0.07845192402601242
v -0.02658126689493656 0.025384260341525078 0.07844717055559158
v -0.02658126689493656 0.024777736514806747 0.07880789786577225
v -0.02658126689493656 0.025384260341525078 0.07844717055559158
v -0.0270147193223238 0.02525656297802925 0.07830021530389786
v -0.02658126689493656 0.024777736514806747 0.07880789786577225
v -0.026399999856948853 0.02539512701332569 0.07845968008041382
v -0.026512403041124344 0.025388389825820923 0.07845192402601242
v -0.026399999856948853 0.024783536791801453 0.07882340997457504
v -0.02329999953508377 0.02539512701332569 0.07845968008041382
v -0.026399999856948853 0.02539512701332569 0.07845968008041382
v -0.026399999856948853 0.024783536791801453 0.07882340997457504
v -0.02329999953508377 0.024783536791801453 0.07882340997457504
v -0.02329999953508377 0.02539512701332569 0.07845968008041382
v -0.026399999856948853 0.024783536791801453 0.07882340997457504
v -0.02718990482389927 0.026194371283054352 0.062199998646974564
v -0.02693108841776848 0.026750000193715096 0.05779999867081642
v -0.027400000020861626 0.02500000037252903 0.05779999867081642
v -0.027400000020861626 0.02500000037252903 0.062199998646974564
v -0.02718990482389927 0.026194371283054352 0.062199998646974564
v -0.027400000020861626 0.02500000037252903 0.05779999867081642
v -0.027400000020861626 0.027499999850988388 0.05779999867081642
v -0.027400000020861626 0.027499999850988388 0.05380000174045563
v -0.027400000020861626 0.02500000037252903 0.05779999867081642
v -0.02693108841776848 0.026750000193715096 0.05779999867081642
v -0.027400000020861626 0.027499999850988388 0.05779999867081642
v -0.027400000020861626 0.02500000037252903 0.05779999867081642
v -0.005468911025673151 0.026750000193715096 0.05779999867081642
v -0.004999999888241291 0.02500000037252903 0.061799999326467514
v -0.004999999888241291 0.02500000037252903 0.05779999867081642
v -0.004999999888241291 0.02500000037252903 0.061799999326467514
v -0.004999999888241291 0.02850000001490116 0.061799999326467514
v -0.004999999888241291 0.02500000037252903 0.05779999867081642
v -0.004999999888241291 0.02850000001490116 0.061799999326467514
v -0.004999999888241291 0.02850000001490116 0.05779999867081642
v -0.004999999888241291 0.02500000037252903 0.05779999867081642
v -0.004999999888241291 0.02850000001490116 0.05779999867081642
v -0.005468911025673151 0.026750000193715096 0.05779999867081642
v -0.004999999888241291 0.02500000037252903 0.05779999867081642
v -0.005210095085203648 0.026194371283054352 0.062199998646974564
v -0.004999999888241291 0.02500000037252903 0.062199998646974564
v -0.004999999888241291 0.02500000037252903 0.061799999326467514
v -0.005536405369639397 0.026707040145993233 0.062199998646974564
v -0.005210095085203648 0.026194371283054352 0.062199998646974564
v -0.004999999888241291 0.02500000037252903 0.061799999326467514
v -0.005468911025673151 0.026750000193715096 0.05779999867081642
v -0.005536405369639397 0.026707040145993233 0.062199998646974564
v -0.004999999888241291 0.02500000037252903 0.061799999326467514
v 8.748002225125132e-16 0.02850000001490116 0.061799999326467514
v -0.004999999888241291 0.02850000001490116 0.061799999326467514
v -0.004999999888241291 0.02500000037252903 0.061799999326467514
v 0.0008660253952257335 0.02800000086426735 0.061799999326467514
v 8.748002225125132e-16 0.02850000001490116 0.061799999326467514
v -0.004999999888241291 0.02500000037252903 0.061799999326467514
v 0.0010000000474974513 0.027499999850988388 0.061799999326467514
v 0.0008660253952257335 0.02800000086426735 0.061799999326467514
v -0.004999999888241291 0.02500000037252903 0.061799999326467514
v -0.027400000020861626 0.02523556537926197 0.062208086252212524
v -0.02718990482389927 0.026194371283054352 0.062199998646974564
v -0.027400000020861626 0.02500000037252903 0.062199998646974564
v -0.004999999888241291 0.026028983294963837 0.06234833598136902
v -0.004999999888241291 0.025882400572299957 0.07478354126214981
v -0.004999999888241291 0.02500000037252903 0.062199998646974564
v -0.005210095085203648 0.026194371283054352 0.062199998646974564
v -0.004999999888241291 0.026028983294963837 0.06234833598136902
v -0.004999999888241291 0.02500000037252903 0.062199998646974564
v -0.027261927723884583 0.025049932301044464 0.07806241512298584
v -0.02727505750954151 0.026322074234485626 0.07672622054815292
v -0.027312295511364937 0.025007832795381546 0.07801397144794464
v -0.02727505750954151 0.026322074234485626 0.07672622054815292
v -0.027399657294154167 0.025959013029932976 0.0764472484588623
v -0.027312295511364937 0.025007832795381546 0.07801397144794464
v -0.0270147193223238 0.02525656297802925 0.07830021530389786
v -0.02727505750954151 0.026322074234485626 0.07672622054815292
v -0.027261927723884583 0.025049932301044464 0.07806241512298584
v -0.027400000020861626 0.026272892951965332 0.06242981180548668
v -0.02718990482389927 0.026194371283054352 0.062199998646974564
v -0.027400000020861626 0.02523556537926197 0.062208086252212524
v -0.027400000020861626 0.02677960880100727 0.0749102532863617
v -0.027400000020861626 0.026272892951965332 0.06242981180548668
v -0.027400000020861626 0.02523556537926197 0.062208086252212524
v -0.02695106901228428 0.026599954813718796 0.07693973928689957
v -0.02727505750954151 0.026322074234485626 0.07672622054815292
v -0.0270147193223238 0.02525656297802925 0.07830021530389786
v -0.02658126689493656 0.025384260341525078 0.07844717055559158
v -0.02695106901228428 0.026599954813718796 0.07693973928689957
v -0.0270147193223238 0.02525656297802925 0.07830021530389786
v -0.010099999606609344 0.02592361345887184 0.0875309631228447
v -0.010100339539349079 0.025381840765476227 0.08825381845235825
v -0.010099999606609344 0.025293828919529915 0.0881689041852951
v -0.02328343316912651 0.02549802139401436 0.08835674822330475
v -0.02329999953508377 0.026526376605033875 0.08655014634132385
v -0.02329999953508377 0.025362340733408928 0.08823654055595398
v -0.01022488996386528 0.02695487067103386 0.0867750346660614
v -0.01022488996386528 0.025724563747644424 0.08855744451284409
v -0.010100339539349079 0.025381840765476227 0.08825381845235825
v -0.010100339539349079 0.026035351678729057 0.08741636574268341
v -0.01022488996386528 0.02695487067103386 0.0867750346660614
v -0.010100339539349079 0.025381840765476227 0.08825381845235825
v -0.010099999606609344 0.02592361345887184 0.0875309631228447
v -0.010100339539349079 0.026035351678729057 0.08741636574268341
v -0.010100339539349079 0.025381840765476227 0.08825381845235825
v -0.026512758806347847 0.026726162061095238 0.07703671604394913
v -0.02695106901228428 0.026599954813718796 0.07693973928689957
v -0.02658126689493656 0.025384260341525078 0.07844717055559158
v -0.026512403041124344 0.025388389825820923 0.07845192402601242
v -0.026512758806347847 0.026726162061095238 0.07703671604394913
v -0.02658126689493656 0.025384260341525078 0.07844717055559158
v -0.026399999856948853 0.02539512701332569 0.07845968008041382
v -0.026512758806347847 0.026726162061095238 0.07703671604394913
v -0.026512403041124344 0.025388389825820923 0.07845192402601242
v -0.026399999856948853 0.0267312191426754 0.07704060524702072
v -0.026512758806347847 0.026726162061095238 0.07703671604394913
v -0.026399999856948853 0.02539512701332569 0.07845968008041382
v -0.02329999953508377 0.02539512701332569 0.07845968008041382
v -0.026399999856948853 0.0267312191426754 0.07704060524702072
v -0.026399999856948853 0.02539512701332569 0.07845968008041382
v -0.02329999953508377 0.027286281809210777 0.07623809576034546
v -0.026399999856948853 0.0267312191426754 0.07704060524702072
v -0.02329999953508377 0.02539512701332569 0.07845968008041382
v -0.02329999953508377 0.027499999850988388 0.08259999752044678
v -0.02329999953508377 0.027286281809210777 0.07623809576034546
v -0.02329999953508377 0.02539512701332569 0.07845968008041382
v -0.004999999888241291 0.025882400572299957 0.07478354126214981
v -0.005087703932076693 0.026074206456542015 0.07514537870883942
v -0.004999999888241291 0.02541404776275158 0.07490000128746033
v -0.005087703932076693 0.026074206456542015 0.07514537870883942
v -0.005087703932076693 0.02541404776275158 0.07530952990055084
v -0.004999999888241291 0.02541404776275158 0.07490000128746033
v -0.005087703932076693 0.026074206456542015 0.07514537870883942
v -0.005149275064468384 0.02541404776275158 0.07538799196481705
v -0.005087703932076693 0.02541404776275158 0.07530952990055084
v -0.005385281518101692 0.026251813396811485 0.07548043131828308
v -0.005385281518101692 0.02541404776275158 0.07568874955177307
v -0.005149275064468384 0.02541404776275158 0.07538799196481705
v -0.005087703932076693 0.026074206456542015 0.07514537870883942
v -0.005385281518101692 0.026251813396811485 0.07548043131828308
v -0.005149275064468384 0.02541404776275158 0.07538799196481705
v -0.005385281518101692 0.026251813396811485 0.07548043131828308
v -0.005509625189006329 0.02541404776275158 0.07574459910392761
v -0.005385281518101692 0.02541404776275158 0.07568874955177307
v -0.005818733014166355 0.02634299546480179 0.07565244287252426
v -0.005818733014166355 0.02541404776275158 0.07588343322277069
v -0.005509625189006329 0.02541404776275158 0.07574459910392761
v -0.005385281518101692 0.026251813396811485 0.07548043131828308
v -0.005818733014166355 0.02634299546480179 0.07565244287252426
v -0.005509625189006329 0.02541404776275158 0.07574459910392761
v -0.006000000052154064 0.026350753381848335 0.07566708326339722
v -0.006000000052154064 0.02541404776275158 0.07590000331401825
v -0.005818733014166355 0.02541404776275158 0.07588343322277069
v -0.005818733014166355 0.02634299546480179 0.07565244287252426
v -0.006000000052154064 0.026350753381848335 0.07566708326339722
v -0.005818733014166355 0.02541404776275158 0.07588343322277069
v -0.006000000052154064 0.02541404776275158 0.07590000331401825
v -0.006000000052154064 0.026350753381848335 0.07566708326339722
v -0.010099999606609344 0.02541404776275158 0.07590000331401825
v -0.006000000052154064 0.026350753381848335 0.07566708326339722
v -0.010099999606609344 0.026350753381848335 0.07566708326339722
v -0.010099999606609344 0.02541404776275158 0.07590000331401825
v -0.02328343316912651 0.026686880737543106 0.08663438260555267
v -0.02329999953508377 0.026526376605033875 0.08655014634132385
v -0.02328343316912651 0.02549802139401436 0.08835674822330475
v -0.023088745772838593 0.025822464376688004 0.08864417672157288
v -0.02328343316912651 0.026686880737543106 0.08663438260555267
v -0.02328343316912651 0.02549802139401436 0.08835674822330475
v -0.01022488996386528 0.02695487067103386 0.0867750346660614
v -0.010548845864832401 0.02726520411670208 0.08693791180849075
v -0.01022488996386528 0.025724563747644424 0.08855744451284409
v -0.010548845864832401 0.02726520411670208 0.08693791180849075
v -0.010548845864832401 0.02598690055310726 0.08878985792398453
v -0.01022488996386528 0.025724563747644424 0.08855744451284409
v -0.023088745772838593 0.027070682495832443 0.0868358239531517
v -0.02328343316912651 0.026686880737543106 0.08663438260555267
v -0.023088745772838593 0.025822464376688004 0.08864417672157288
v -0.02270953170955181 0.02604520507156849 0.0888415053486824
v -0.023088745772838593 0.027070682495832443 0.0868358239531517
v -0.023088745772838593 0.025822464376688004 0.08864417672157288
v -0.027399657294154167 0.025959013029932976 0.0764472484588623
v -0.027400000020861626 0.02643640711903572 0.07571110874414444
v -0.027400000020861626 0.025871625170111656 0.07637457549571991
v -0.004999999888241291 0.026028983294963837 0.06234833598136902
v -0.004999999888241291 0.02628421224653721 0.06245438754558563
v -0.004999999888241291 0.025882400572299957 0.07478354126214981
v -0.004999999888241291 0.02628421224653721 0.06245438754558563
v -0.004999999888241291 0.027206936851143837 0.06283779442310333
v -0.004999999888241291 0.025882400572299957 0.07478354126214981
v -0.004999999888241291 0.027206936851143837 0.06283779442310333
v -0.004999999888241291 0.027499999850988388 0.06300116330385208
v -0.004999999888241291 0.025882400572299957 0.07478354126214981
v -0.004999999888241291 0.027499999850988388 0.06300116330385208
v -0.004999999888241291 0.027499999850988388 0.07137002795934677
v -0.004999999888241291 0.025882400572299957 0.07478354126214981
v -0.004999999888241291 0.027499999850988388 0.07137002795934677
v -0.004999999888241291 0.02742592617869377 0.07190929353237152
v -0.004999999888241291 0.025882400572299957 0.07478354126214981
v -0.004999999888241291 0.02742592617869377 0.07190929353237152
v -0.004999999888241291 0.026937715709209442 0.07323351502418518
v -0.004999999888241291 0.025882400572299957 0.07478354126214981
v -0.004999999888241291 0.026937715709209442 0.07323351502418518
v -0.004999999888241291 0.026241665706038475 0.07446128875017166
v -0.004999999888241291 0.025882400572299957 0.07478354126214981
v -0.005087703932076693 0.026580601930618286 0.07469115406274796
v -0.005087703932076693 0.026074206456542015 0.07514537870883942
v -0.004999999888241291 0.025882400572299957 0.07478354126214981
v -0.004999999888241291 0.026241665706038475 0.07446128875017166
v -0.005087703932076693 0.026580601930618286 0.07469115406274796
v -0.004999999888241291 0.025882400572299957 0.07478354126214981
v -0.010099999606609344 0.026441924273967743 0.08650738000869751
v -0.010100339539349079 0.026035351678729057 0.08741636574268341
v -0.010099999606609344 0.02592361345887184 0.0875309631228447
v -0.027399657294154167 0.026458635926246643 0.07572489231824875
v -0.027400000020861626 0.02643640711903572 0.07571110874414444
v -0.027399657294154167 0.025959013029932976 0.0764472484588623
v -0.02727505750954151 0.026322074234485626 0.07672622054815292
v -0.027399657294154167 0.026458635926246643 0.07572489231824875
v -0.027399657294154167 0.025959013029932976 0.0764472484588623
v -0.010548845864832401 0.02726520411670208 0.08693791180849075
v -0.01098715141415596 0.027406176552176476 0.0870119035243988
v -0.010548845864832401 0.02598690055310726 0.08878985792398453
v -0.01098715141415596 0.027406176552176476 0.0870119035243988
v -0.01098715141415596 0.02610607072710991 0.08889543265104294
v -0.010548845864832401 0.02598690055310726 0.08878985792398453
v 0.020210063084959984 0.028381062671542168 0.0005000000237487257
v 0.02208654023706913 0.027110053226351738 0.0655079036951065
v 0.02342003583908081 0.02600965090095997 0.06494385004043579
v 0.02208654023706913 0.027110053226351738 0.0655079036951065
v 0.0010999999940395355 0.02712511643767357 0.06547924131155014
v 0.02342003583908081 0.02600965090095997 0.06494385004043579
v -0.005210095085203648 0.026194371283054352 0.062199998646974564
v -0.004999999888241291 0.02628421224653721 0.06245438754558563
v -0.004999999888241291 0.026028983294963837 0.06234833598136902
v -0.010100339539349079 0.02654944360256195 0.08656225353479385
v -0.01022488996386528 0.02695487067103386 0.0867750346660614
v -0.010100339539349079 0.026035351678729057 0.08741636574268341
v -0.010099999606609344 0.026441924273967743 0.08650738000869751
v -0.010100339539349079 0.02654944360256195 0.08656225353479385
v -0.010100339539349079 0.026035351678729057 0.08741636574268341
v -0.022299999371170998 0.026110852137207985 0.08889966458082199
v -0.022299999371170998 0.026254918426275253 0.08869095146656036
v -0.02270953170955181 0.02604520507156849 0.0888415053486824
v -0.02270953170955181 0.027334174141287804 0.0869741141796112
v -0.023088745772838593 0.027070682495832443 0.0868358239531517
v -0.02270953170955181 0.02604520507156849 0.0888415053486824
v -0.022299999371170998 0.026254918426275253 0.08869095146656036
v -0.02270953170955181 0.027334174141287804 0.0869741141796112
v -0.02270953170955181 0.02604520507156849 0.0888415053486824
v 0.017249999567866325 0.029877876862883568 2.6020852139652106e-18
v 0.020210063084959984 0.028381062671542168 0.0005000000237487257
v 0.02259269542992115 0.026073360815644264 8.673617379884035e-19
v 0.020210063084959984 0.028381062671542168 0.0005000000237487257
v 0.02292012609541416 0.02645123563706875 0.0005000000237487257
v 0.02259269542992115 0.026073360815644264 8.673617379884035e-19
v -0.005385281518101692 0.026894448325037956 0.07490400969982147
v -0.005385281518101692 0.026251813396811485 0.07548043131828308
v -0.005087703932076693 0.026074206456542015 0.07514537870883942
v -0.005087703932076693 0.026580601930618286 0.07469115406274796
v -0.005385281518101692 0.026894448325037956 0.07490400969982147
v -0.005087703932076693 0.026074206456542015 0.07514537870883942
v -0.01098715141415596 0.027406176552176476 0.0870119035243988
v -0.011099999770522118 0.02741183154284954 0.08701486885547638
v -0.01098715141415596 0.02610607072710991 0.08889543265104294
v -0.011099999770522118 0.026254918426275253 0.08869095146656036
v -0.011099999770522118 0.026110852137207985 0.08889966458082199
v -0.01098715141415596 0.02610607072710991 0.08889543265104294
v -0.011099999770522118 0.02741183154284954 0.08701486885547638
v -0.011099999770522118 0.026254918426275253 0.08869095146656036
v -0.01098715141415596 0.02610607072710991 0.08889543265104294
v -0.011099999770522118 0.026110852137207985 0.08889966458082199
v -0.022299999371170998 0.026254918426275253 0.08869095146656036
v -0.022299999371170998 0.026110852137207985 0.08889966458082199
v -0.011099999770522118 0.026254918426275253 0.08869095146656036
v -0.022299999371170998 0.026254918426275253 0.08869095146656036
v -0.011099999770522118 0.026110852137207985 0.08889966458082199
v -0.027400000020861626 0.026272892951965332 0.06242981180548668
v -0.026863595470786095 0.026707040145993233 0.062199998646974564
v -0.02718990482389927 0.026194371283054352 0.062199998646974564
v -0.026863595470786095 0.026707040145993233 0.062199998646974564
v -0.02693108841776848 0.026750000193715096 0.05779999867081642
v -0.02718990482389927 0.026194371283054352 0.062199998646974564
v -0.004999999888241291 0.027206936851143837 0.06283779442310333
v -0.004999999888241291 0.02628421224653721 0.06245438754558563
v -0.005210095085203648 0.026194371283054352 0.062199998646974564
v -0.005536405369639397 0.026707040145993233 0.062199998646974564
v -0.004999999888241291 0.027206936851143837 0.06283779442310333
v -0.005210095085203648 0.026194371283054352 0.062199998646974564
v -0.004999999888241291 0.026937715709209442 0.07323351502418518
v -0.005087703932076693 0.026580601930618286 0.07469115406274796
v -0.004999999888241291 0.026241665706038475 0.07446128875017166
v -0.005818733014166355 0.02705557458102703 0.07501327991485596
v -0.005818733014166355 0.02634299546480179 0.07565244287252426
v -0.005385281518101692 0.026251813396811485 0.07548043131828308
v -0.005385281518101692 0.026894448325037956 0.07490400969982147
v -0.005818733014166355 0.02705557458102703 0.07501327991485596
v -0.005385281518101692 0.026251813396811485 0.07548043131828308
v -0.011099999770522118 0.026254918426275253 0.08869095146656036
v -0.022299999371170998 0.02741183154284954 0.08701486885547638
v -0.022299999371170998 0.026254918426275253 0.08869095146656036
v -0.022299999371170998 0.02741183154284954 0.08701486885547638
v -0.02270953170955181 0.027334174141287804 0.0869741141796112
v -0.022299999371170998 0.026254918426275253 0.08869095146656036
v -0.011099999770522118 0.02741183154284954 0.08701486885547638
v -0.022299999371170998 0.02741183154284954 0.08701486885547638
v -0.011099999770522118 0.026254918426275253 0.08869095146656036
v -0.027400000020861626 0.02631448395550251 0.06243870034813881
v -0.026863595470786095 0.026707040145993233 0.062199998646974564
v -0.027400000020861626 0.026272892951965332 0.06242981180548668
v -0.027400000020861626 0.02677960880100727 0.0749102532863617
v -0.027400000020861626 0.02631448395550251 0.06243870034813881
v -0.027400000020861626 0.026272892951965332 0.06242981180548668
v -0.026374874636530876 0.02747487463057041 0.062199998646974564
v -0.026863595470786095 0.026707040145993233 0.062199998646974564
v -0.027400000020861626 0.02631448395550251 0.06243870034813881
v -0.027400000020861626 0.027499999850988388 0.06300116330385208
v -0.026374874636530876 0.02747487463057041 0.062199998646974564
v -0.027400000020861626 0.02631448395550251 0.06243870034813881
v -0.027400000020861626 0.02677960880100727 0.0749102532863617
v -0.027400000020861626 0.027499999850988388 0.06300116330385208
v -0.027400000020861626 0.02631448395550251 0.06243870034813881
v -0.02727505750954151 0.02729485183954239 0.07515740394592285
v -0.027399657294154167 0.026883555576205254 0.07495622336864471
v -0.02727505750954151 0.026322074234485626 0.07672622054815292
v -0.02695106901228428 0.026599954813718796 0.07693973928689957
v -0.02727505750954151 0.02729485183954239 0.07515740394592285
v -0.02727505750954151 0.026322074234485626 0.07672622054815292
v -0.027399657294154167 0.026883555576205254 0.07495622336864471
v -0.027399657294154167 0.026458635926246643 0.07572489231824875
v -0.02727505750954151 0.026322074234485626 0.07672622054815292
v -0.02292012609541416 0.02645123563706875 0.05180000141263008
v -0.02030199207365513 0.028510158881545067 0.0005000000237487257
v -0.022816341370344162 0.02633146196603775 0.0005000000237487257
v -0.02030199207365513 0.028510158881545067 0.0005000000237487257
v -0.020011963322758675 0.028102871030569077 -8.673617379884035e-19
v -0.022816341370344162 0.02633146196603775 0.0005000000237487257
v -0.006000000052154064 0.02706928551197052 0.07502257823944092
v -0.006000000052154064 0.026350753381848335 0.07566708326339722
v -0.005818733014166355 0.02634299546480179 0.07565244287252426
v -0.005818733014166355 0.02705557458102703 0.07501327991485596
v -0.006000000052154064 0.02706928551197052 0.07502257823944092
v -0.005818733014166355 0.02634299546480179 0.07565244287252426
v -0.006000000052154064 0.026350753381848335 0.07566708326339722
v -0.006000000052154064 0.02706928551197052 0.07502257823944092
v -0.010099999606609344 0.026350753381848335 0.07566708326339722
v -0.006000000052154064 0.02706928551197052 0.07502257823944092
v -0.010099999606609344 0.02706928551197052 0.07502257823944092
v -0.010099999606609344 0.026350753381848335 0.07566708326339722
v -0.027399657294154167 0.026458635926246643 0.07572489231824875
v -0.027400000020861626 0.02677960880100727 0.0749102532863617
v -0.027400000020861626 0.02643640711903572 0.07571110874414444
v -0.010099999606609344 0.02707231603562832 0.08526246249675751
v -0.010100339539349079 0.026987165212631226 0.08558307588100433
v -0.010099999606609344 0.026441924273967743 0.08650738000869751
v -0.010100339539349079 0.026987165212631226 0.08558307588100433
v -0.010100339539349079 0.02654944360256195 0.08656225353479385
v -0.010099999606609344 0.026441924273967743 0.08650738000869751
v -0.017500000074505806 0.030310889706015587 0.05180000141263008
v -0.02030199207365513 0.028510158881545067 0.0005000000237487257
v -0.02292012609541416 0.02645123563706875 0.05180000141263008
v -0.029500000178813934 0.02759999968111515 0.05180000141263008
v -0.02927163802087307 0.028748050332069397 0.05180000141263008
v -0.02292012609541416 0.02645123563706875 0.05180000141263008
v -0.02927163802087307 0.028748050332069397 0.05180000141263008
v -0.02862131968140602 0.029721319675445557 0.05180000141263008
v -0.02292012609541416 0.02645123563706875 0.05180000141263008
v -0.02862131968140602 0.029721319675445557 0.05180000141263008
v -0.026499999687075615 0.03060000017285347 0.05180000141263008
v -0.02292012609541416 0.02645123563706875 0.05180000141263008
v -0.026499999687075615 0.03060000017285347 0.05180000141263008
v -0.017500000074505806 0.030310889706015587 0.05180000141263008
v -0.02292012609541416 0.02645123563706875 0.05180000141263008
v -0.027399657294154167 0.026883555576205254 0.07495622336864471
v -0.027400000020861626 0.02677960880100727 0.0749102532863617
v -0.027399657294154167 0.026458635926246643 0.07572489231824875
v -0.02328343316912651 0.026686880737543106 0.08663438260555267
v -0.02329999953508377 0.027253005653619766 0.08463418483734131
v -0.02329999953508377 0.026526376605033875 0.08655014634132385
v -0.01022488996386528 0.02772286720573902 0.08474999666213989
v -0.01022488996386528 0.02695487067103386 0.0867750346660614
v -0.010100339539349079 0.02654944360256195 0.08656225353479385
v -0.010100339539349079 0.026987165212631226 0.08558307588100433
v -0.01022488996386528 0.02772286720573902 0.08474999666213989
v -0.010100339539349079 0.02654944360256195 0.08656225353479385
v -0.005385281518101692 0.027652500197291374 0.07356521487236023
v -0.005385281518101692 0.026894448325037956 0.07490400969982147
v -0.005087703932076693 0.026580601930618286 0.07469115406274796
v -0.005087703932076693 0.027308516204357147 0.07340558618307114
v -0.005385281518101692 0.027652500197291374 0.07356521487236023
v -0.005087703932076693 0.026580601930618286 0.07469115406274796
v -0.004999999888241291 0.026937715709209442 0.07323351502418518
v -0.005087703932076693 0.027308516204357147 0.07340558618307114
v -0.005087703932076693 0.026580601930618286 0.07469115406274796
v -0.02695106901228428 0.027609650045633316 0.07531139254570007
v -0.02727505750954151 0.02729485183954239 0.07515740394592285
v -0.02695106901228428 0.026599954813718796 0.07693973928689957
v -0.026512758806347847 0.026726162061095238 0.07703671604394913
v -0.02695106901228428 0.027609650045633316 0.07531139254570007
v -0.02695106901228428 0.026599954813718796 0.07693973928689957
v -0.023088745772838593 0.027070682495832443 0.0868358239531517
v -0.02328343316912651 0.02742900513112545 0.0846775621175766
v -0.02328343316912651 0.026686880737543106 0.08663438260555267
v -0.02328343316912651 0.02742900513112545 0.0846775621175766
v -0.02329999953508377 0.027253005653619766 0.08463418483734131
v -0.02328343316912651 0.026686880737543106 0.08663438260555267
v -0.026374874636530876 0.02747487463057041 0.062199998646974564
v -0.02693108841776848 0.026750000193715096 0.05779999867081642
v -0.026863595470786095 0.026707040145993233 0.062199998646974564
v -0.006025126203894615 0.02747487463057041 0.062199998646974564
v -0.004999999888241291 0.027206936851143837 0.06283779442310333
v -0.005536405369639397 0.026707040145993233 0.062199998646974564
v -0.005468911025673151 0.026750000193715096 0.05779999867081642
v -0.006025126203894615 0.02747487463057041 0.062199998646974564
v -0.005536405369639397 0.026707040145993233 0.062199998646974564
v -0.026399999856948853 0.0267312191426754 0.07704060524702072
v -0.026399999856948853 0.02724478580057621 0.07621236890554428
v -0.026512758806347847 0.026726162061095238 0.07703671604394913
v -0.026512758806347847 0.027752624824643135 0.0753813236951828
v -0.02695106901228428 0.027609650045633316 0.07531139254570007
v -0.026512758806347847 0.026726162061095238 0.07703671604394913
v -0.026399999856948853 0.02724478580057621 0.07621236890554428
v -0.026512758806347847 0.027752624824643135 0.0753813236951828
v -0.026512758806347847 0.026726162061095238 0.07703671604394913
v -0.02329999953508377 0.027286281809210777 0.07623809576034546
v -0.026399999856948853 0.02724478580057621 0.07621236890554428
v -0.026399999856948853 0.0267312191426754 0.07704060524702072
v -0.026374874636530876 0.02747487463057041 0.062199998646974564
v -0.02565000019967556 0.028031088411808014 0.05779999867081642
v -0.02693108841776848 0.026750000193715096 0.05779999867081642
v -0.026399999856948853 0.02850000001490116 0.05779999867081642
v -0.02678268402814865 0.02842387929558754 0.05779999867081642
v -0.02693108841776848 0.026750000193715096 0.05779999867081642
v -0.02565000019967556 0.028031088411808014 0.05779999867081642
v -0.026399999856948853 0.02850000001490116 0.05779999867081642
v -0.02693108841776848 0.026750000193715096 0.05779999867081642
v -0.02678268402814865 0.02842387929558754 0.05779999867081642
v -0.027107106521725655 0.02820710651576519 0.05779999867081642
v -0.02693108841776848 0.026750000193715096 0.05779999867081642
v -0.027107106521725655 0.02820710651576519 0.05779999867081642
v -0.027323879301548004 0.027882684022188187 0.05779999867081642
v -0.02693108841776848 0.026750000193715096 0.05779999867081642
v -0.027323879301548004 0.027882684022188187 0.05779999867081642
v -0.027400000020861626 0.027499999850988388 0.05779999867081642
v -0.02693108841776848 0.026750000193715096 0.05779999867081642
v -0.006750000175088644 0.028031088411808014 0.05779999867081642
v -0.006025126203894615 0.02747487463057041 0.062199998646974564
v -0.005468911025673151 0.026750000193715096 0.05779999867081642
v -0.004999999888241291 0.02850000001490116 0.05779999867081642
v -0.006750000175088644 0.028031088411808014 0.05779999867081642
v -0.005468911025673151 0.026750000193715096 0.05779999867081642
v -0.027399657294154167 0.026883555576205254 0.07495622336864471
v -0.027394630014896393 0.027492012828588486 0.07331082224845886
v -0.027400000020861626 0.02677960880100727 0.0749102532863617
v -0.027394630014896393 0.027492012828588486 0.07331082224845886
v -0.027400000020861626 0.027467742562294006 0.07330450415611267
v -0.027400000020861626 0.02677960880100727 0.0749102532863617
v -0.027400000020861626 0.027467742562294006 0.07330450415611267
v -0.027400000020861626 0.027499999850988388 0.07305256277322769
v -0.027400000020861626 0.02677960880100727 0.0749102532863617
v -0.027400000020861626 0.027499999850988388 0.07305256277322769
v -0.027400000020861626 0.027499999850988388 0.06300116330385208
v -0.027400000020861626 0.02677960880100727 0.0749102532863617
v -0.027312295511364937 0.027864061295986176 0.07340768724679947
v -0.027394630014896393 0.027492012828588486 0.07331082224845886
v -0.027399657294154167 0.026883555576205254 0.07495622336864471
v -0.02727505750954151 0.02729485183954239 0.07515740394592285
v -0.027312295511364937 0.027864061295986176 0.07340768724679947
v -0.027399657294154167 0.026883555576205254 0.07495622336864471
v -0.005818733014166355 0.02782909758388996 0.0736471638083458
v -0.005818733014166355 0.02705557458102703 0.07501327991485596
v -0.005385281518101692 0.026894448325037956 0.07490400969982147
v -0.005385281518101692 0.027652500197291374 0.07356521487236023
v -0.005818733014166355 0.02782909758388996 0.0736471638083458
v -0.005385281518101692 0.026894448325037956 0.07490400969982147
v -0.004999999888241291 0.02742592617869377 0.07190929353237152
v -0.005087703932076693 0.027308516204357147 0.07340558618307114
v -0.004999999888241291 0.026937715709209442 0.07323351502418518
v -0.01022488996386528 0.02772286720573902 0.08474999666213989
v -0.010548845864832401 0.02806316316127777 0.08483386784791946
v -0.01022488996386528 0.02695487067103386 0.0867750346660614
v -0.010548845864832401 0.02806316316127777 0.08483386784791946
v -0.010548845864832401 0.02726520411670208 0.08693791180849075
v -0.01022488996386528 0.02695487067103386 0.0867750346660614
v -0.010099999606609344 0.02707231603562832 0.08526246249675751
v -0.010100339539349079 0.027278298512101173 0.08464042097330093
v -0.010100339539349079 0.026987165212631226 0.08558307588100433
v -0.010100339539349079 0.027278298512101173 0.08464042097330093
v -0.01022488996386528 0.02772286720573902 0.08474999666213989
v -0.010100339539349079 0.026987165212631226 0.08558307588100433
v -0.006000000052154064 0.027844125404953957 0.07365413755178452
v -0.006000000052154064 0.02706928551197052 0.07502257823944092
v -0.005818733014166355 0.02705557458102703 0.07501327991485596
v -0.005818733014166355 0.02782909758388996 0.0736471638083458
v -0.006000000052154064 0.027844125404953957 0.07365413755178452
v -0.005818733014166355 0.02705557458102703 0.07501327991485596
v -0.006000000052154064 0.02706928551197052 0.07502257823944092
v -0.010099999606609344 0.027499999850988388 0.07432624697685242
v -0.010099999606609344 0.02706928551197052 0.07502257823944092
v -0.010099999606609344 0.027499999850988388 0.07432624697685242
v -0.010099999606609344 0.027499999850988388 0.08259999752044678
v -0.010099999606609344 0.02706928551197052 0.07502257823944092
v -0.006000000052154064 0.027844125404953957 0.07365413755178452
v -0.010099999606609344 0.027499999850988388 0.07432624697685242
v -0.006000000052154064 0.02706928551197052 0.07502257823944092
v -0.02270953170955181 0.027334174141287804 0.0869741141796112
v -0.023088745772838593 0.02784986048936844 0.08478129655122757
v -0.023088745772838593 0.027070682495832443 0.0868358239531517
v -0.023088745772838593 0.02784986048936844 0.08478129655122757
v -0.02328343316912651 0.02742900513112545 0.0846775621175766
v -0.023088745772838593 0.027070682495832443 0.0868358239531517
v -0.010099999606609344 0.02717524580657482 0.08462169766426086
v -0.010100339539349079 0.027278298512101173 0.08464042097330093
v -0.010099999606609344 0.02707231603562832 0.08526246249675751
v 0.020210063084959984 0.028381062671542168 0.0005000000237487257
v 0.02109183929860592 0.027930883690714836 0.06592865288257599
v 0.02208654023706913 0.027110053226351738 0.0655079036951065
v 0.02109183929860592 0.027930883690714836 0.06592865288257599
v 0.0010999999940395355 0.02712511643767357 0.06547924131155014
v 0.02208654023706913 0.027110053226351738 0.0655079036951065
v 0.0010999999940395355 0.02785000018775463 0.0658814087510109
v 0.0010999999940395355 0.02785000018775463 0.05380000174045563
v 0.0010999999940395355 0.02712511643767357 0.06547924131155014
v 0.020286353304982185 0.028487559407949448 0.06630416959524155
v 0.0010999999940395355 0.02785000018775463 0.0658814087510109
v 0.0010999999940395355 0.02712511643767357 0.06547924131155014
v 0.02109183929860592 0.027930883690714836 0.06592865288257599
v 0.020286353304982185 0.028487559407949448 0.06630416959524155
v 0.0010999999940395355 0.02712511643767357 0.06547924131155014
v -0.010099999606609344 0.027499999850988388 0.08259999752044678
v -0.010100339539349079 0.027278298512101173 0.08464042097330093
v -0.010099999606609344 0.02717524580657482 0.08462169766426086
v -0.006025126203894615 0.02747487463057041 0.062199998646974564
v -0.004999999888241291 0.027499999850988388 0.06300116330385208
v -0.004999999888241291 0.027206936851143837 0.06283779442310333
v -0.026399999856948853 0.02775835245847702 0.07538412511348724
v -0.026512758806347847 0.027752624824643135 0.0753813236951828
v -0.026399999856948853 0.02724478580057621 0.07621236890554428
v -0.02329999953508377 0.027286281809210777 0.07623809576034546
v -0.026399999856948853 0.02775835245847702 0.07538412511348724
v -0.026399999856948853 0.02724478580057621 0.07621236890554428
v -0.02328343316912651 0.02742900513112545 0.0846775621175766
v -0.02329999953508377 0.027499999850988388 0.08259999752044678
v -0.02329999953508377 0.027253005653619766 0.08463418483734131
v -0.010548845864832401 0.02806316316127777 0.08483386784791946
v -0.01098715141415596 0.028217745944857597 0.08487197011709213
v -0.010548845864832401 0.02726520411670208 0.08693791180849075
v -0.01098715141415596 0.028217745944857597 0.08487197011709213
v -0.01098715141415596 0.027406176552176476 0.0870119035243988
v -0.010548845864832401 0.02726520411670208 0.08693791180849075
v -0.010099999606609344 0.027499999850988388 0.08259999752044678
v -0.010100339539349079 0.027526050806045532 0.08259999752044678
v -0.010100339539349079 0.027278298512101173 0.08464042097330093
v -0.010100339539349079 0.027526050806045532 0.08259999752044678
v -0.010185640305280685 0.02783963456749916 0.08259999752044678
v -0.010100339539349079 0.027278298512101173 0.08464042097330093
v -0.010185640305280685 0.02783963456749916 0.08259999752044678
v -0.01022488996386528 0.02772286720573902 0.08474999666213989
v -0.010100339539349079 0.027278298512101173 0.08464042097330093
v -0.02329999953508377 0.027499999850988388 0.07587624341249466
v -0.026399999856948853 0.02775835245847702 0.07538412511348724
v -0.02329999953508377 0.027286281809210777 0.07623809576034546
v -0.02329999953508377 0.027499999850988388 0.08259999752044678
v -0.02329999953508377 0.027499999850988388 0.07587624341249466
v -0.02329999953508377 0.027286281809210777 0.07623809576034546
v -0.027261927723884583 0.02792617678642273 0.0734238550066948
v -0.027312295511364937 0.027864061295986176 0.07340768724679947
v -0.02727505750954151 0.02729485183954239 0.07515740394592285
v -0.02695106901228428 0.027609650045633316 0.07531139254570007
v -0.027261927723884583 0.02792617678642273 0.0734238550066948
v -0.02727505750954151 0.02729485183954239 0.07515740394592285
v -0.004999999888241291 0.02742592617869377 0.07190929353237152
v -0.005087703932076693 0.027820289134979248 0.07201971858739853
v -0.005087703932076693 0.027308516204357147 0.07340558618307114
v -0.005087703932076693 0.027820289134979248 0.07201971858739853
v -0.005385281518101692 0.028185458853840828 0.07212197035551071
v -0.005087703932076693 0.027308516204357147 0.07340558618307114
v -0.005385281518101692 0.028185458853840828 0.07212197035551071
v -0.005385281518101692 0.027652500197291374 0.07356521487236023
v -0.005087703932076693 0.027308516204357147 0.07340558618307114
v -0.022299999371170998 0.02741183154284954 0.08701486885547638
v -0.02270953170955181 0.028138792142271996 0.08485250920057297
v -0.02270953170955181 0.027334174141287804 0.0869741141796112
v -0.02270953170955181 0.028138792142271996 0.08485250920057297
v -0.023088745772838593 0.02784986048936844 0.08478129655122757
v -0.02270953170955181 0.027334174141287804 0.0869741141796112
v -0.01098715141415596 0.028217745944857597 0.08487197011709213
v -0.011099999770522118 0.027863115072250366 0.08582493662834167
v -0.01098715141415596 0.027406176552176476 0.0870119035243988
v -0.011099999770522118 0.027863115072250366 0.08582493662834167
v -0.011099999770522118 0.02741183154284954 0.08701486885547638
v -0.01098715141415596 0.027406176552176476 0.0870119035243988
v -0.011099999770522118 0.02741183154284954 0.08701486885547638
v -0.022299999371170998 0.027863115072250366 0.08582493662834167
v -0.022299999371170998 0.02741183154284954 0.08701486885547638
v -0.022299999371170998 0.027863115072250366 0.08582493662834167
v -0.02270953170955181 0.028138792142271996 0.08485250920057297
v -0.022299999371170998 0.02741183154284954 0.08701486885547638
v -0.011099999770522118 0.027863115072250366 0.08582493662834167
v -0.022299999371170998 0.027863115072250366 0.08582493662834167
v -0.011099999770522118 0.02741183154284954 0.08701486885547638
v -0.005073583219200373 0.027843594551086426 0.07137002795934677
v -0.005087703932076693 0.027820289134979248 0.07201971858739853
v -0.004999999888241291 0.02742592617869377 0.07190929353237152
v -0.004999999888241291 0.027499999850988388 0.07137002795934677
v -0.005073583219200373 0.027843594551086426 0.07137002795934677
v -0.004999999888241291 0.02742592617869377 0.07190929353237152
v -0.023088745772838593 0.02784986048936844 0.08478129655122757
v -0.023214224725961685 0.02783535234630108 0.08259999752044678
v -0.02328343316912651 0.02742900513112545 0.0846775621175766
v -0.023214224725961685 0.02783535234630108 0.08259999752044678
v -0.02328343316912651 0.027681266888976097 0.08259999752044678
v -0.02328343316912651 0.02742900513112545 0.0846775621175766
v -0.02328343316912651 0.027681266888976097 0.08259999752044678
v -0.02329999953508377 0.027499999850988388 0.08259999752044678
v -0.02328343316912651 0.02742900513112545 0.0846775621175766
v -0.027394630014896393 0.027492012828588486 0.07331082224845886
v -0.027400000020861626 0.027499999850988388 0.07305256277322769
v -0.027400000020861626 0.027467742562294006 0.07330450415611267
v -0.0273223165422678 0.02783474512398243 0.06314731389284134
v -0.027297761291265488 0.027940552681684494 0.06319350749254227
v -0.026374874636530876 0.02747487463057041 0.062199998646974564
v -0.027297761291265488 0.027940552681684494 0.06319350749254227
v -0.027102207764983177 0.028197485953569412 0.06322750449180603
v -0.026374874636530876 0.02747487463057041 0.062199998646974564
v -0.027400000020861626 0.027499999850988388 0.06300116330385208
v -0.0273223165422678 0.02783474512398243 0.06314731389284134
v -0.026374874636530876 0.02747487463057041 0.062199998646974564
v -0.027102207764983177 0.028197485953569412 0.06322750449180603
v -0.027099987491965294 0.028200404718518257 0.06322789192199707
v -0.026374874636530876 0.02747487463057041 0.062199998646974564
v -0.027099987491965294 0.028200404718518257 0.06322789192199707
v -0.027063831686973572 0.028247909620404243 0.06323417276144028
v -0.026374874636530876 0.02747487463057041 0.062199998646974564
v -0.027063831686973572 0.028247909620404243 0.06323417276144028
v -0.026746436953544617 0.028434759005904198 0.06316158920526505
v -0.026374874636530876 0.02747487463057041 0.062199998646974564
v -0.026746436953544617 0.028434759005904198 0.06316158920526505
v -0.02673185244202614 0.028443343937397003 0.06315825134515762
v -0.026374874636530876 0.02747487463057041 0.062199998646974564
v -0.02673185244202614 0.028443343937397003 0.06315825134515762
v -0.026399999856948853 0.02850000001490116 0.06300116330385208
v -0.026374874636530876 0.02747487463057041 0.062199998646974564
v -0.026399999856948853 0.02850000001490116 0.06300116330385208
v -0.025607040151953697 0.02796359546482563 0.062199998646974564
v -0.026374874636530876 0.02747487463057041 0.062199998646974564
v -0.025607040151953697 0.02796359546482563 0.062199998646974564
v -0.02565000019967556 0.028031088411808014 0.05779999867081642
v -0.026374874636530876 0.02747487463057041 0.062199998646974564
v -0.005655803717672825 0.028429223224520683 0.06315647065639496
v -0.005293121561408043 0.028206856921315193 0.06323526799678802
v -0.006025126203894615 0.02747487463057041 0.062199998646974564
v -0.0067929597571492195 0.02796359546482563 0.062199998646974564
v -0.006318915169686079 0.028499972075223923 0.06282394379377365
v -0.006025126203894615 0.02747487463057041 0.062199998646974564
v -0.006318915169686079 0.028499972075223923 0.06282394379377365
v -0.006000000052154064 0.02850000001490116 0.06300116330385208
v -0.006025126203894615 0.02747487463057041 0.062199998646974564
v -0.006000000052154064 0.02850000001490116 0.06300116330385208
v -0.005655803717672825 0.028429223224520683 0.06315647065639496
v -0.006025126203894615 0.02747487463057041 0.062199998646974564
v -0.005293121561408043 0.028206856921315193 0.06323526799678802
v -0.0050777955912053585 0.027886703610420227 0.06317666918039322
v -0.006025126203894615 0.02747487463057041 0.062199998646974564
v -0.0050777955912053585 0.027886703610420227 0.06317666918039322
v -0.005069313570857048 0.027844540774822235 0.06315753608942032
v -0.006025126203894615 0.02747487463057041 0.062199998646974564
v -0.005069313570857048 0.027844540774822235 0.06315753608942032
v -0.004999999888241291 0.027499999850988388 0.06300116330385208
v -0.006025126203894615 0.02747487463057041 0.062199998646974564
v -0.006750000175088644 0.028031088411808014 0.05779999867081642
v -0.0067929597571492195 0.02796359546482563 0.062199998646974564
v -0.006025126203894615 0.02747487463057041 0.062199998646974564
v -0.027312295511364937 0.027864061295986176 0.07340768724679947
v -0.02732793241739273 0.027836522087454796 0.07305256277322769
v -0.027394630014896393 0.027492012828588486 0.07331082224845886
v -0.02732793241739273 0.027836522087454796 0.07305256277322769
v -0.027400000020861626 0.027499999850988388 0.07305256277322769
v -0.027394630014896393 0.027492012828588486 0.07331082224845886
v -0.027323879301548004 0.027882684022188187 0.05380000174045563
v -0.027499999850988388 0.02785000018775463 0.05380000174045563
v -0.027400000020861626 0.027499999850988388 0.05380000174045563
v -0.027323879301548004 0.027882684022188187 0.05779999867081642
v -0.027323879301548004 0.027882684022188187 0.05380000174045563
v -0.027400000020861626 0.027499999850988388 0.05380000174045563
v -0.027400000020861626 0.027499999850988388 0.05779999867081642
v -0.027323879301548004 0.027882684022188187 0.05779999867081642
v -0.027400000020861626 0.027499999850988388 0.05380000174045563
v 0.0010999999940395355 0.02785000018775463 0.05380000174045563
v 0.0008660253952257335 0.02800000086426735 0.05380000174045563
v 0.0010000000474974513 0.027499999850988388 0.05380000174045563
v 0.0008660253952257335 0.02800000086426735 0.05380000174045563
v 0.0010000000474974513 0.027499999850988388 0.061799999326467514
v 0.0010000000474974513 0.027499999850988388 0.05380000174045563
v 0.0008660253952257335 0.02800000086426735 0.05380000174045563
v 0.0008660253952257335 0.02800000086426735 0.061799999326467514
v 0.0010000000474974513 0.027499999850988388 0.061799999326467514
v -0.027400000020861626 0.027499999850988388 0.07305256277322769
v -0.02732793241739273 0.027836522087454796 0.07305256277322769
v -0.027400000020861626 0.027499999850988388 0.06300116330385208
v -0.02732793241739273 0.027836522087454796 0.07305256277322769
v -0.0273223165422678 0.02783474512398243 0.06314731389284134
v -0.027400000020861626 0.027499999850988388 0.06300116330385208
v -0.005069313570857048 0.027844540774822235 0.06315753608942032
v -0.004999999888241291 0.027499999850988388 0.07137002795934677
v -0.004999999888241291 0.027499999850988388 0.06300116330385208
v -0.005069313570857048 0.027844540774822235 0.06315753608942032
v -0.005073583219200373 0.027843594551086426 0.07137002795934677
v -0.004999999888241291 0.027499999850988388 0.07137002795934677
v -0.006000000052154064 0.027844125404953957 0.07365413755178452
v -0.010103677399456501 0.027587059885263443 0.0741678923368454
v -0.010099999606609344 0.027499999850988388 0.07432624697685242
v -0.010103677399456501 0.027587059885263443 0.0741678923368454
v -0.010185640305280685 0.02783963456749916 0.08259999752044678
v -0.010099999606609344 0.027499999850988388 0.07432624697685242
v -0.010185640305280685 0.02783963456749916 0.08259999752044678
v -0.010100339539349079 0.027526050806045532 0.08259999752044678
v -0.010099999606609344 0.027499999850988388 0.07432624697685242
v -0.010100339539349079 0.027526050806045532 0.08259999752044678
v -0.010099999606609344 0.027499999850988388 0.08259999752044678
v -0.010099999606609344 0.027499999850988388 0.07432624697685242
v -0.02320929616689682 0.027837686240673065 0.07518281787633896
v -0.026399999856948853 0.02775835245847702 0.07538412511348724
v -0.02329999953508377 0.027499999850988388 0.07587624341249466
v -0.02329999953508377 0.027499999850988388 0.08259999752044678
v -0.02320929616689682 0.027837686240673065 0.07518281787633896
v -0.02329999953508377 0.027499999850988388 0.07587624341249466
v -0.02328343316912651 0.027681266888976097 0.08259999752044678
v -0.02320929616689682 0.027837686240673065 0.07518281787633896
v -0.02329999953508377 0.027499999850988388 0.08259999752044678
v -0.006000000052154064 0.027844125404953957 0.07365413755178452
v -0.010195292532444 0.02783362939953804 0.0736338347196579
v -0.010103677399456501 0.027587059885263443 0.0741678923368454
v -0.010195292532444 0.02783362939953804 0.0736338347196579
v -0.010185640305280685 0.02783963456749916 0.08259999752044678
v -0.010103677399456501 0.027587059885263443 0.0741678923368454
v -0.02927163802087307 0.028748050332069397 0.0697999969124794
v -0.02927163802087307 0.028748050332069397 0.05180000141263008
v -0.029500000178813934 0.02759999968111515 0.05180000141263008
v -0.029500000178813934 0.02759999968111515 0.0697999969124794
v -0.02927163802087307 0.028748050332069397 0.0697999969124794
v -0.029500000178813934 0.02759999968111515 0.05180000141263008
v -0.027499999850988388 0.02785000018775463 0.0697999969124794
v -0.02927163802087307 0.028748050332069397 0.0697999969124794
v -0.029500000178813934 0.02759999968111515 0.0697999969124794
v -0.026512758806347847 0.027752624824643135 0.0753813236951828
v -0.02658126689493656 0.028419451788067818 0.07355227321386337
v -0.02695106901228428 0.027609650045633316 0.07531139254570007
v -0.0270147193223238 0.028231045231223106 0.07350322604179382
v -0.027261927723884583 0.02792617678642273 0.0734238550066948
v -0.02695106901228428 0.027609650045633316 0.07531139254570007
v -0.02658126689493656 0.028419451788067818 0.07355227321386337
v -0.0270147193223238 0.028231045231223106 0.07350322604179382
v -0.02695106901228428 0.027609650045633316 0.07531139254570007
v -0.005385281518101692 0.028185458853840828 0.07212197035551071
v -0.005818733014166355 0.028372935950756073 0.07217445969581604
v -0.005385281518101692 0.027652500197291374 0.07356521487236023
v -0.005818733014166355 0.028372935950756073 0.07217445969581604
v -0.005818733014166355 0.02782909758388996 0.0736471638083458
v -0.005385281518101692 0.027652500197291374 0.07356521487236023
v -0.023214224725961685 0.02783535234630108 0.08259999752044678
v -0.02320929616689682 0.027837686240673065 0.07518281787633896
v -0.02328343316912651 0.027681266888976097 0.08259999752044678
v -0.010185640305280685 0.02783963456749916 0.08259999752044678
v -0.01022488996386528 0.027983924373984337 0.08259999752044678
v -0.01022488996386528 0.02772286720573902 0.08474999666213989
v -0.01022488996386528 0.027983924373984337 0.08259999752044678
v -0.010413541458547115 0.02818802185356617 0.08259999752044678
v -0.01022488996386528 0.02772286720573902 0.08474999666213989
v -0.010413541458547115 0.02818802185356617 0.08259999752044678
v -0.010548845864832401 0.02806316316127777 0.08483386784791946
v -0.01022488996386528 0.02772286720573902 0.08474999666213989
v -0.026399999856948853 0.02775835245847702 0.07538412511348724
v -0.026512403041124344 0.028425542637705803 0.07355386018753052
v -0.026512758806347847 0.027752624824643135 0.0753813236951828
v -0.026512403041124344 0.028425542637705803 0.07355386018753052
v -0.02658126689493656 0.028419451788067818 0.07355227321386337
v -0.026512758806347847 0.027752624824643135 0.0753813236951828
v -0.026399999856948853 0.02843548357486725 0.07355645298957825
v -0.026512403041124344 0.028425542637705803 0.07355386018753052
v -0.026399999856948853 0.02775835245847702 0.07538412511348724
v -0.02320929616689682 0.027837686240673065 0.07518281787633896
v -0.026399999856948853 0.02843548357486725 0.07355645298957825
v -0.026399999856948853 0.02775835245847702 0.07538412511348724
v -0.005310422740876675 0.02819335088133812 0.07137002795934677
v -0.005385281518101692 0.028185458853840828 0.07212197035551071
v -0.005087703932076693 0.027820289134979248 0.07201971858739853
v -0.005087703932076693 0.027909530326724052 0.07137002795934677
v -0.005310422740876675 0.02819335088133812 0.07137002795934677
v -0.005087703932076693 0.027820289134979248 0.07201971858739853
v -0.005073583219200373 0.027843594551086426 0.07137002795934677
v -0.005087703932076693 0.027909530326724052 0.07137002795934677
v -0.005087703932076693 0.027820289134979248 0.07201971858739853
v -0.005818733014166355 0.028372935950756073 0.07217445969581604
v -0.006000000052154064 0.028388889506459236 0.0721789300441742
v -0.005818733014166355 0.02782909758388996 0.0736471638083458
v -0.006000000052154064 0.028388889506459236 0.0721789300441742
v -0.006000000052154064 0.027844125404953957 0.07365413755178452
v -0.005818733014166355 0.02782909758388996 0.0736471638083458
v -0.006000000052154064 0.028388889506459236 0.0721789300441742
v -0.010288442485034466 0.02808433212339878 0.0730908215045929
v -0.010195292532444 0.02783362939953804 0.0736338347196579
v -0.006000000052154064 0.027844125404953957 0.07365413755178452
v -0.006000000052154064 0.028388889506459236 0.0721789300441742
v -0.010195292532444 0.02783362939953804 0.0736338347196579
v -0.01022488996386528 0.027983924373984337 0.08259999752044678
v -0.010185640305280685 0.02783963456749916 0.08259999752044678
v -0.010195292532444 0.02783362939953804 0.0736338347196579
v -0.010288442485034466 0.02808433212339878 0.0730908215045929
v -0.01022488996386528 0.027983924373984337 0.08259999752044678
v -0.010195292532444 0.02783362939953804 0.0736338347196579
v -0.02732793241739273 0.027836522087454796 0.07305256277322769
v -0.027297761291265488 0.027940552681684494 0.06319350749254227
v -0.0273223165422678 0.02783474512398243 0.06314731389284134
v -0.023088745772838593 0.02784986048936844 0.08478129655122757
v -0.023088745772838593 0.028114719316363335 0.08259999752044678
v -0.023214224725961685 0.02783535234630108 0.08259999752044678
v -0.023165324702858925 0.028001386672258377 0.07484667003154755
v -0.02320929616689682 0.027837686240673065 0.07518281787633896
v -0.023214224725961685 0.02783535234630108 0.08259999752044678
v -0.023088745772838593 0.028114719316363335 0.08259999752044678
v -0.023165324702858925 0.028001386672258377 0.07484667003154755
v -0.023214224725961685 0.02783535234630108 0.08259999752044678
v -0.027312295511364937 0.027864061295986176 0.07340768724679947
v -0.027312295511364937 0.027909530326724052 0.07305256277322769
v -0.02732793241739273 0.027836522087454796 0.07305256277322769
v -0.027312295511364937 0.027909530326724052 0.07305256277322769
v -0.027297761291265488 0.027940552681684494 0.06319350749254227
v -0.02732793241739273 0.027836522087454796 0.07305256277322769
v -0.023165324702858925 0.028001386672258377 0.07484667003154755
v -0.026399999856948853 0.02843548357486725 0.07355645298957825
v -0.02320929616689682 0.027837686240673065 0.07518281787633896
v -0.005069313570857048 0.027844540774822235 0.06315753608942032
v -0.005087703932076693 0.027909530326724052 0.07137002795934677
v -0.005073583219200373 0.027843594551086426 0.07137002795934677
v -0.0050777955912053585 0.027886703610420227 0.06317666918039322
v -0.005087703932076693 0.027909530326724052 0.07137002795934677
v -0.005069313570857048 0.027844540774822235 0.06315753608942032
v -0.02270953170955181 0.028138792142271996 0.08485250920057297
v -0.02299335040152073 0.028189577162265778 0.08259999752044678
v -0.023088745772838593 0.02784986048936844 0.08478129655122757
v -0.02299335040152073 0.028189577162265778 0.08259999752044678
v -0.023088745772838593 0.028114719316363335 0.08259999752044678
v -0.023088745772838593 0.02784986048936844 0.08478129655122757
v -0.027323879301548004 0.027882684022188187 0.05380000174045563
v -0.027216240763664246 0.02831624075770378 0.05380000174045563
v -0.027499999850988388 0.02785000018775463 0.05380000174045563
v -0.027216240763664246 0.02831624075770378 0.0697999969124794
v -0.027499999850988388 0.02785000018775463 0.0697999969124794
v -0.027499999850988388 0.02785000018775463 0.05380000174045563
v -0.027216240763664246 0.02831624075770378 0.05380000174045563
v -0.027216240763664246 0.02831624075770378 0.0697999969124794
v -0.027499999850988388 0.02785000018775463 0.05380000174045563
v 0.0009459064458496869 0.028161635622382164 0.05380000174045563
v 0.0008660253952257335 0.02800000086426735 0.05380000174045563
v 0.0010999999940395355 0.02785000018775463 0.05380000174045563
v 0.0010999999940395355 0.02785000018775463 0.0658814087510109
v 0.0010950994910672307 0.027865048497915268 0.06589024513959885
v 0.0010999999940395355 0.02785000018775463 0.05380000174045563
v 0.0010950994910672307 0.027865048497915268 0.06589024513959885
v 0.0009459064458496869 0.028161635622382164 0.05380000174045563
v 0.0010999999940395355 0.02785000018775463 0.05380000174045563
v 0.016992032527923584 0.03049638867378235 0.0677846223115921
v 0.0010950994910672307 0.027865048497915268 0.06589024513959885
v 0.0010999999940395355 0.02785000018775463 0.0658814087510109
v 0.017462797462940216 0.03024616464972496 0.0675806775689125
v 0.016992032527923584 0.03049638867378235 0.0677846223115921
v 0.0010999999940395355 0.02785000018775463 0.0658814087510109
v 0.018670767545700073 0.029604095965623856 0.06705735623836517
v 0.017462797462940216 0.03024616464972496 0.0675806775689125
v 0.0010999999940395355 0.02785000018775463 0.0658814087510109
v 0.020286353304982185 0.028487559407949448 0.06630416959524155
v 0.018670767545700073 0.029604095965623856 0.06705735623836517
v 0.0010999999940395355 0.02785000018775463 0.0658814087510109
v -0.02862131968140602 0.029721319675445557 0.0697999969124794
v -0.02927163802087307 0.028748050332069397 0.0697999969124794
v -0.027499999850988388 0.02785000018775463 0.0697999969124794
v -0.027216240763664246 0.02831624075770378 0.0697999969124794
v -0.02862131968140602 0.029721319675445557 0.0697999969124794
v -0.027499999850988388 0.02785000018775463 0.0697999969124794
v -0.011099999770522118 0.027863115072250366 0.08582493662834167
v -0.022299999371170998 0.028223946690559387 0.0848734974861145
v -0.022299999371170998 0.027863115072250366 0.08582493662834167
v -0.022299999371170998 0.028223946690559387 0.0848734974861145
v -0.02270953170955181 0.028138792142271996 0.08485250920057297
v -0.022299999371170998 0.027863115072250366 0.08582493662834167
v -0.011099999770522118 0.028223946690559387 0.0848734974861145
v -0.022299999371170998 0.028223946690559387 0.0848734974861145
v -0.011099999770522118 0.027863115072250366 0.08582493662834167
v -0.01098715141415596 0.028217745944857597 0.08487197011709213
v -0.011099999770522118 0.028223946690559387 0.0848734974861145
v -0.011099999770522118 0.027863115072250366 0.08582493662834167
v -0.027261927723884583 0.02792617678642273 0.0734238550066948
v -0.027312295511364937 0.027909530326724052 0.07305256277322769
v -0.027312295511364937 0.027864061295986176 0.07340768724679947
v 0.016733141615986824 0.03059297427535057 0.06787358969449997
v 0.0009178057662211359 0.02814362198114395 0.0660598948597908
v 0.0010950994910672307 0.027865048497915268 0.06589024513959885
v 0.016992032527923584 0.03049638867378235 0.0677846223115921
v 0.016733141615986824 0.03059297427535057 0.06787358969449997
v 0.0010950994910672307 0.027865048497915268 0.06589024513959885
v 0.0009178057662211359 0.02814362198114395 0.0660598948597908
v 0.0009459064458496869 0.028161635622382164 0.05380000174045563
v 0.0010950994910672307 0.027865048497915268 0.06589024513959885
v -0.027107106521725655 0.02820710651576519 0.05380000174045563
v -0.027216240763664246 0.02831624075770378 0.05380000174045563
v -0.027323879301548004 0.027882684022188187 0.05380000174045563
v -0.027107106521725655 0.02820710651576519 0.05779999867081642
v -0.027107106521725655 0.02820710651576519 0.05380000174045563
v -0.027323879301548004 0.027882684022188187 0.05380000174045563
v -0.027323879301548004 0.027882684022188187 0.05779999867081642
v -0.027107106521725655 0.02820710651576519 0.05779999867081642
v -0.027323879301548004 0.027882684022188187 0.05380000174045563
v -0.005293121561408043 0.028206856921315193 0.06323526799678802
v -0.005310422740876675 0.02819335088133812 0.07137002795934677
v -0.0050777955912053585 0.027886703610420227 0.06317666918039322
v -0.005310422740876675 0.02819335088133812 0.07137002795934677
v -0.005087703932076693 0.027909530326724052 0.07137002795934677
v -0.0050777955912053585 0.027886703610420227 0.06317666918039322
v -0.027261927723884583 0.02792617678642273 0.0734238550066948
v -0.0270924661308527 0.02818966843187809 0.07305256277322769
v -0.027312295511364937 0.027909530326724052 0.07305256277322769
v -0.0270924661308527 0.02818966843187809 0.07305256277322769
v -0.027102207764983177 0.028197485953569412 0.06322750449180603
v -0.027312295511364937 0.027909530326724052 0.07305256277322769
v -0.027102207764983177 0.028197485953569412 0.06322750449180603
v -0.027297761291265488 0.027940552681684494 0.06319350749254227
v -0.027312295511364937 0.027909530326724052 0.07305256277322769
v -0.0270147193223238 0.028231045231223106 0.07350322604179382
v -0.0270924661308527 0.02818966843187809 0.07305256277322769
v -0.027261927723884583 0.02792617678642273 0.0734238550066948
v 0.020210063084959984 0.028381062671542168 0.0005000000237487257
v 0.020286353304982185 0.028487559407949448 0.06630416959524155
v 0.02109183929860592 0.027930883690714836 0.06592865288257599
v -0.026399999856948853 0.02850000001490116 0.06300116330385208
v -0.025210874155163765 0.02850000001490116 0.062437430024147034
v -0.025607040151953697 0.02796359546482563 0.062199998646974564
v -0.025210874155163765 0.02850000001490116 0.062437430024147034
v -0.025094371289014816 0.028289904817938805 0.062199998646974564
v -0.025607040151953697 0.02796359546482563 0.062199998646974564
v -0.025094371289014816 0.028289904817938805 0.062199998646974564
v -0.02565000019967556 0.028031088411808014 0.05779999867081642
v -0.025607040151953697 0.02796359546482563 0.062199998646974564
v -0.007305627688765526 0.028289904817938805 0.062199998646974564
v -0.007214938756078482 0.028500011190772057 0.062456246465444565
v -0.0067929597571492195 0.02796359546482563 0.062199998646974564
v -0.007214938756078482 0.028500011190772057 0.062456246465444565
v -0.006318915169686079 0.028499972075223923 0.06282394379377365
v -0.0067929597571492195 0.02796359546482563 0.062199998646974564
v -0.006750000175088644 0.028031088411808014 0.05779999867081642
v -0.007305627688765526 0.028289904817938805 0.062199998646974564
v -0.0067929597571492195 0.02796359546482563 0.062199998646974564
v -0.010288442485034466 0.02808433212339878 0.0730908215045929
v -0.010413541458547115 0.02818802185356617 0.08259999752044678
v -0.01022488996386528 0.027983924373984337 0.08259999752044678
v 0.0009459064458496869 0.028161635622382164 0.05380000174045563
v 0.0005000000237487257 0.028366025537252426 0.05380000174045563
v 0.0008660253952257335 0.02800000086426735 0.05380000174045563
v 0.0005000000237487257 0.028366025537252426 0.05380000174045563
v 0.0008660253952257335 0.02800000086426735 0.061799999326467514
v 0.0008660253952257335 0.02800000086426735 0.05380000174045563
v 0.0005000000237487257 0.028366025537252426 0.061799999326467514
v 8.748002225125132e-16 0.02850000001490116 0.061799999326467514
v 0.0008660253952257335 0.02800000086426735 0.061799999326467514
v 0.0005000000237487257 0.028366025537252426 0.05380000174045563
v 0.0005000000237487257 0.028366025537252426 0.061799999326467514
v 0.0008660253952257335 0.02800000086426735 0.061799999326467514
v -0.022986719384789467 0.028187062591314316 0.07432470470666885
v -0.026399999856948853 0.02843548357486725 0.07355645298957825
v -0.023165324702858925 0.028001386672258377 0.07484667003154755
v -0.023088745772838593 0.028114719316363335 0.08259999752044678
v -0.022986719384789467 0.028187062591314316 0.07432470470666885
v -0.023165324702858925 0.028001386672258377 0.07484667003154755
v -0.025094371289014816 0.028289904817938805 0.062199998646974564
v -0.023900000378489494 0.02850000001490116 0.05779999867081642
v -0.02565000019967556 0.028031088411808014 0.05779999867081642
v -0.023900000378489494 0.02850000001490116 0.05779999867081642
v -0.026399999856948853 0.02850000001490116 0.05779999867081642
v -0.02565000019967556 0.028031088411808014 0.05779999867081642
v -0.008500000461935997 0.02850000001490116 0.05779999867081642
v -0.007305627688765526 0.028289904817938805 0.062199998646974564
v -0.006750000175088644 0.028031088411808014 0.05779999867081642
v -0.004999999888241291 0.02850000001490116 0.05779999867081642
v -0.008500000461935997 0.02850000001490116 0.05779999867081642
v -0.006750000175088644 0.028031088411808014 0.05779999867081642
v -0.010763288475573063 0.02841229736804962 0.08259999752044678
v -0.01098715141415596 0.028217745944857597 0.08487197011709213
v -0.010548845864832401 0.02806316316127777 0.08483386784791946
v -0.010413541458547115 0.02818802185356617 0.08259999752044678
v -0.010548845864832401 0.028334403410553932 0.08259999752044678
v -0.010548845864832401 0.02806316316127777 0.08483386784791946
v -0.010548845864832401 0.028334403410553932 0.08259999752044678
v -0.010763288475573063 0.02841229736804962 0.08259999752044678
v -0.010548845864832401 0.02806316316127777 0.08483386784791946
v -0.006000000052154064 0.028388889506459236 0.0721789300441742
v -0.010409397073090076 0.028188558295369148 0.07277874648571014
v -0.010288442485034466 0.02808433212339878 0.0730908215045929
v -0.010409397073090076 0.028188558295369148 0.07277874648571014
v -0.010413541458547115 0.02818802185356617 0.08259999752044678
v -0.010288442485034466 0.02808433212339878 0.0730908215045929
v -0.02030199207365513 0.028510158881545067 0.0005000000237487257
v -0.017420759424567223 0.030173638835549355 0.0005000000237487257
v -0.020011963322758675 0.028102871030569077 -8.673617379884035e-19
v -0.017420759424567223 0.030173638835549355 0.0005000000237487257
v -0.014331817626953125 0.031382303684949875 8.673617379884035e-19
v -0.020011963322758675 0.028102871030569077 -8.673617379884035e-19
v -0.02299335040152073 0.028189577162265778 0.08259999752044678
v -0.022986719384789467 0.028187062591314316 0.07432470470666885
v -0.023088745772838593 0.028114719316363335 0.08259999752044678
v -0.022643595933914185 0.028426416218280792 0.08259999752044678
v -0.02270953170955181 0.028412295505404472 0.08259999752044678
v -0.02270953170955181 0.028138792142271996 0.08485250920057297
v -0.02270953170955181 0.028412295505404472 0.08259999752044678
v -0.02299335040152073 0.028189577162265778 0.08259999752044678
v -0.02270953170955181 0.028138792142271996 0.08485250920057297
v -0.022299999371170998 0.028223946690559387 0.0848734974861145
v -0.022643595933914185 0.028426416218280792 0.08259999752044678
v -0.02270953170955181 0.028138792142271996 0.08485250920057297
v 0.016733141615986824 0.03059297427535057 0.06787358969449997
v 0.0007943983073346317 0.028337527066469193 0.06617798656225204
v 0.0009178057662211359 0.02814362198114395 0.0660598948597908
v 0.0007943983073346317 0.028337527066469193 0.06617798656225204
v 0.0009459064458496869 0.028161635622382164 0.05380000174045563
v 0.0009178057662211359 0.02814362198114395 0.0660598948597908
v 0.000661635072901845 0.028445906937122345 0.05380000174045563
v 0.0005000000237487257 0.028366025537252426 0.05380000174045563
v 0.0009459064458496869 0.028161635622382164 0.05380000174045563
v 0.0007943983073346317 0.028337527066469193 0.06617798656225204
v 0.000661635072901845 0.028445906937122345 0.05380000174045563
v 0.0009459064458496869 0.028161635622382164 0.05380000174045563
v -0.0056646475568413734 0.028414225205779076 0.07137002795934677
v -0.005818733014166355 0.028372935950756073 0.07217445969581604
v -0.005385281518101692 0.028185458853840828 0.07212197035551071
v -0.005385281518101692 0.028288746252655983 0.07137002795934677
v -0.0056646475568413734 0.028414225205779076 0.07137002795934677
v -0.005385281518101692 0.028185458853840828 0.07212197035551071
v -0.005310422740876675 0.02819335088133812 0.07137002795934677
v -0.005385281518101692 0.028288746252655983 0.07137002795934677
v -0.005385281518101692 0.028185458853840828 0.07212197035551071
v -0.022834457457065582 0.028345352038741112 0.07387972623109818
v -0.026399999856948853 0.02843548357486725 0.07355645298957825
v -0.022986719384789467 0.028187062591314316 0.07432470470666885
v -0.02299335040152073 0.028189577162265778 0.08259999752044678
v -0.022834457457065582 0.028345352038741112 0.07387972623109818
v -0.022986719384789467 0.028187062591314316 0.07432470470666885
v -0.010409397073090076 0.028188558295369148 0.07277874648571014
v -0.010548845864832401 0.028334403410553932 0.08259999752044678
v -0.010413541458547115 0.02818802185356617 0.08259999752044678
v -0.006000000052154064 0.028388889506459236 0.0721789300441742
v -0.01064187753945589 0.028388889506459236 0.0721789300441742
v -0.010409397073090076 0.028188558295369148 0.07277874648571014
v -0.01064187753945589 0.028388889506459236 0.0721789300441742
v -0.010548845864832401 0.028334403410553932 0.08259999752044678
v -0.010409397073090076 0.028188558295369148 0.07277874648571014
v -0.02270953170955181 0.028412295505404472 0.08259999752044678
v -0.022834457457065582 0.028345352038741112 0.07387972623109818
v -0.02299335040152073 0.028189577162265778 0.08259999752044678
v -0.0270147193223238 0.028231045231223106 0.07350322604179382
v -0.0270147193223238 0.028288746252655983 0.07305256277322769
v -0.0270924661308527 0.02818966843187809 0.07305256277322769
v -0.0270147193223238 0.028288746252655983 0.07305256277322769
v -0.027099987491965294 0.028200404718518257 0.06322789192199707
v -0.0270924661308527 0.02818966843187809 0.07305256277322769
v -0.027099987491965294 0.028200404718518257 0.06322789192199707
v -0.027102207764983177 0.028197485953569412 0.06322750449180603
v -0.0270924661308527 0.02818966843187809 0.07305256277322769
v -0.005293121561408043 0.028206856921315193 0.06323526799678802
v -0.005385281518101692 0.028288746252655983 0.07137002795934677
v -0.005310422740876675 0.02819335088133812 0.07137002795934677
v -0.0270147193223238 0.028288746252655983 0.07305256277322769
v -0.027063831686973572 0.028247909620404243 0.06323417276144028
v -0.027099987491965294 0.028200404718518257 0.06322789192199707
v -0.0056646475568413734 0.028414225205779076 0.07137002795934677
v -0.005385281518101692 0.028288746252655983 0.07137002795934677
v -0.005293121561408043 0.028206856921315193 0.06323526799678802
v -0.005605428945273161 0.02841886505484581 0.06317919492721558
v -0.0056646475568413734 0.028414225205779076 0.07137002795934677
v -0.005293121561408043 0.028206856921315193 0.06323526799678802
v -0.005655803717672825 0.028429223224520683 0.06315647065639496
v -0.005605428945273161 0.02841886505484581 0.06317919492721558
v -0.005293121561408043 0.028206856921315193 0.06323526799678802
v -0.02678268402814865 0.02842387929558754 0.05380000174045563
v -0.026750000193715096 0.028599999845027924 0.05380000174045563
v -0.027107106521725655 0.02820710651576519 0.05380000174045563
v -0.026750000193715096 0.028599999845027924 0.05380000174045563
v -0.027216240763664246 0.02831624075770378 0.05380000174045563
v -0.027107106521725655 0.02820710651576519 0.05380000174045563
v -0.02678268402814865 0.02842387929558754 0.05779999867081642
v -0.02678268402814865 0.02842387929558754 0.05380000174045563
v -0.027107106521725655 0.02820710651576519 0.05380000174045563
v -0.027107106521725655 0.02820710651576519 0.05779999867081642
v -0.02678268402814865 0.02842387929558754 0.05779999867081642
v -0.027107106521725655 0.02820710651576519 0.05380000174045563
v -0.011099999770522118 0.02850000001490116 0.08259999752044678
v -0.011099999770522118 0.028223946690559387 0.0848734974861145
v -0.01098715141415596 0.028217745944857597 0.08487197011709213
v -0.010763288475573063 0.02841229736804962 0.08259999752044678
v -0.01098715141415596 0.028493613004684448 0.08259999752044678
v -0.01098715141415596 0.028217745944857597 0.08487197011709213
v -0.01098715141415596 0.028493613004684448 0.08259999752044678
v -0.011099999770522118 0.02850000001490116 0.08259999752044678
v -0.01098715141415596 0.028217745944857597 0.08487197011709213
v -0.011099999770522118 0.028223946690559387 0.0848734974861145
v -0.022299999371170998 0.02850000001490116 0.08259999752044678
v -0.022299999371170998 0.028223946690559387 0.0848734974861145
v -0.022299999371170998 0.02850000001490116 0.08259999752044678
v -0.022643595933914185 0.028426416218280792 0.08259999752044678
v -0.022299999371170998 0.028223946690559387 0.0848734974861145
v -0.011099999770522118 0.02850000001490116 0.08259999752044678
v -0.022299999371170998 0.02850000001490116 0.08259999752044678
v -0.011099999770522118 0.028223946690559387 0.0848734974861145
v -0.02658126689493656 0.028419451788067818 0.07355227321386337
v -0.026737282052636147 0.028413359075784683 0.07305256277322769
v -0.0270147193223238 0.028231045231223106 0.07350322604179382
v -0.026737282052636147 0.028413359075784683 0.07305256277322769
v -0.0270147193223238 0.028288746252655983 0.07305256277322769
v -0.0270147193223238 0.028231045231223106 0.07350322604179382
v -0.026737282052636147 0.028413359075784683 0.07305256277322769
v -0.026746436953544617 0.028434759005904198 0.06316158920526505
v -0.027063831686973572 0.028247909620404243 0.06323417276144028
v -0.0270147193223238 0.028288746252655983 0.07305256277322769
v -0.026737282052636147 0.028413359075784683 0.07305256277322769
v -0.027063831686973572 0.028247909620404243 0.06323417276144028
v -0.024106884375214577 0.028499959036707878 0.06220606714487076
v -0.023900000378489494 0.02850000001490116 0.062199998646974564
v -0.025094371289014816 0.028289904817938805 0.062199998646974564
v -0.025210874155163765 0.02850000001490116 0.062437430024147034
v -0.02517276257276535 0.028499998152256012 0.06242944300174713
v -0.025094371289014816 0.028289904817938805 0.062199998646974564
v -0.02517276257276535 0.028499998152256012 0.06242944300174713
v -0.024106884375214577 0.028499959036707878 0.06220606714487076
v -0.025094371289014816 0.028289904817938805 0.062199998646974564
v -0.023900000378489494 0.02850000001490116 0.062199998646974564
v -0.023900000378489494 0.02850000001490116 0.05779999867081642
v -0.025094371289014816 0.028289904817938805 0.062199998646974564
v -0.008500000461935997 0.02850000001490116 0.062199998646974564
v -0.007493981625884771 0.028500022366642952 0.062341734766960144
v -0.007305627688765526 0.028289904817938805 0.062199998646974564
v -0.007493981625884771 0.028500022366642952 0.062341734766960144
v -0.007214938756078482 0.028500011190772057 0.062456246465444565
v -0.007305627688765526 0.028289904817938805 0.062199998646974564
v -0.008500000461935997 0.02850000001490116 0.05779999867081642
v -0.008500000461935997 0.02850000001490116 0.062199998646974564
v -0.007305627688765526 0.028289904817938805 0.062199998646974564
v -0.026750000193715096 0.028599999845027924 0.0697999969124794
v -0.027216240763664246 0.02831624075770378 0.0697999969124794
v -0.027216240763664246 0.02831624075770378 0.05380000174045563
v -0.026750000193715096 0.028599999845027924 0.05380000174045563
v -0.026750000193715096 0.028599999845027924 0.0697999969124794
v -0.027216240763664246 0.02831624075770378 0.05380000174045563
v -0.02764805033802986 0.030371638014912605 0.0697999969124794
v -0.02862131968140602 0.029721319675445557 0.0697999969124794
v -0.027216240763664246 0.02831624075770378 0.0697999969124794
v -0.026750000193715096 0.028599999845027924 0.0697999969124794
v -0.02764805033802986 0.030371638014912605 0.0697999969124794
v -0.027216240763664246 0.02831624075770378 0.0697999969124794
v -0.01064187753945589 0.028388889506459236 0.0721789300441742
v -0.010763288475573063 0.02841229736804962 0.08259999752044678
v -0.010548845864832401 0.028334403410553932 0.08259999752044678
v 0.016733141615986824 0.03059297427535057 0.06787358969449997
v 0.00064846285386011 0.028423720970749855 0.06623344123363495
v 0.0007943983073346317 0.028337527066469193 0.06617798656225204
v 0.00064846285386011 0.028423720970749855 0.06623344123363495
v 0.000661635072901845 0.028445906937122345 0.05380000174045563
v 0.0007943983073346317 0.028337527066469193 0.06617798656225204
v -0.0226533692330122 0.02843548357486725 0.07355645298957825
v -0.026399999856948853 0.02843548357486725 0.07355645298957825
v -0.022834457457065582 0.028345352038741112 0.07387972623109818
v -0.02270953170955181 0.028412295505404472 0.08259999752044678
v -0.0226533692330122 0.02843548357486725 0.07355645298957825
v -0.022834457457065582 0.028345352038741112 0.07387972623109818
v 0.000661635072901845 0.028445906937122345 0.05380000174045563
v 8.748002225125132e-16 0.02850000001490116 0.05380000174045563
v 0.0005000000237487257 0.028366025537252426 0.05380000174045563
v 8.748002225125132e-16 0.02850000001490116 0.05380000174045563
v 0.0005000000237487257 0.028366025537252426 0.061799999326467514
v 0.0005000000237487257 0.028366025537252426 0.05380000174045563
v 8.748002225125132e-16 0.02850000001490116 0.05380000174045563
v 8.748002225125132e-16 0.02850000001490116 0.061799999326467514
v 0.0005000000237487257 0.028366025537252426 0.061799999326467514
v -0.005818733014166355 0.0284834336489439 0.07137002795934677
v -0.006000000052154064 0.02850000001490116 0.07137002795934677
v -0.005818733014166355 0.028372935950756073 0.07217445969581604
v -0.006000000052154064 0.02850000001490116 0.07137002795934677
v -0.006000000052154064 0.028388889506459236 0.0721789300441742
v -0.005818733014166355 0.028372935950756073 0.07217445969581604
v -0.0056646475568413734 0.028414225205779076 0.07137002795934677
v -0.005818733014166355 0.0284834336489439 0.07137002795934677
v -0.005818733014166355 0.028372935950756073 0.07217445969581604
v 0.017500000074505806 0.030310889706015587 0.0005000000237487257
v 0.018670767545700073 0.029604095965623856 0.06705735623836517
v 0.020210063084959984 0.028381062671542168 0.0005000000237487257
v 0.018670767545700073 0.029604095965623856 0.06705735623836517
v 0.020286353304982185 0.028487559407949448 0.06630416959524155
v 0.020210063084959984 0.028381062671542168 0.0005000000237487257
v 0.017249999567866325 0.029877876862883568 2.6020852139652106e-18
v 0.017500000074505806 0.030310889706015587 0.0005000000237487257
v 0.020210063084959984 0.028381062671542168 0.0005000000237487257
v -0.010759555734694004 0.028417430818080902 0.07197114825248718
v -0.010763288475573063 0.02841229736804962 0.08259999752044678
v -0.01064187753945589 0.028388889506459236 0.0721789300441742
v -0.006000000052154064 0.028388889506459236 0.0721789300441742
v -0.010759555734694004 0.028417430818080902 0.07197114825248718
v -0.01064187753945589 0.028388889506459236 0.0721789300441742
v -0.006000000052154064 0.02850000001490116 0.07137002795934677
v -0.010759555734694004 0.028417430818080902 0.07197114825248718
v -0.006000000052154064 0.028388889506459236 0.0721789300441742
v -0.022645821794867516 0.02843686193227768 0.07354568690061569
v -0.0226533692330122 0.02843548357486725 0.07355645298957825
v -0.02270953170955181 0.028412295505404472 0.08259999752044678
v -0.022643595933914185 0.028426416218280792 0.08259999752044678
v -0.022645821794867516 0.02843686193227768 0.07354568690061569
v -0.02270953170955181 0.028412295505404472 0.08259999752044678
v -0.010759555734694004 0.028417430818080902 0.07197114825248718
v -0.01098715141415596 0.028493613004684448 0.08259999752044678
v -0.010763288475573063 0.02841229736804962 0.08259999752044678
v -0.02658126689493656 0.028419451788067818 0.07355227321386337
v -0.02658126689493656 0.0284834336489439 0.07305256277322769
v -0.026737282052636147 0.028413359075784683 0.07305256277322769
v -0.02658126689493656 0.0284834336489439 0.07305256277322769
v -0.026746436953544617 0.028434759005904198 0.06316158920526505
v -0.026737282052636147 0.028413359075784683 0.07305256277322769
v -0.005655803717672825 0.028429223224520683 0.06315647065639496
v -0.005818733014166355 0.0284834336489439 0.07137002795934677
v -0.0056646475568413734 0.028414225205779076 0.07137002795934677
v -0.005605428945273161 0.02841886505484581 0.06317919492721558
v -0.005655803717672825 0.028429223224520683 0.06315647065639496
v -0.0056646475568413734 0.028414225205779076 0.07137002795934677
v -0.011099999770522118 0.02850000001490116 0.07137002795934677
v -0.01098715141415596 0.028493613004684448 0.08259999752044678
v -0.010759555734694004 0.028417430818080902 0.07197114825248718
v -0.006000000052154064 0.02850000001490116 0.07137002795934677
v -0.011099999770522118 0.02850000001490116 0.07137002795934677
v -0.010759555734694004 0.028417430818080902 0.07197114825248718
v -0.026512403041124344 0.028425542637705803 0.07355386018753052
v -0.02658126689493656 0.0284834336489439 0.07305256277322769
v -0.02658126689493656 0.028419451788067818 0.07355227321386337
v 0.016733141615986824 0.03059297427535057 0.06787358969449997
v 0.0003499999875202775 0.028599999845027924 0.06634686142206192
v 0.00064846285386011 0.028423720970749855 0.06623344123363495
v 0.0003499999875202775 0.028599999845027924 0.06634686142206192
v 0.0003499999875202775 0.028599999845027924 0.05380000174045563
v 0.00064846285386011 0.028423720970749855 0.06623344123363495
v 0.0003499999875202775 0.028599999845027924 0.05380000174045563
v 0.000661635072901845 0.028445906937122345 0.05380000174045563
v 0.00064846285386011 0.028423720970749855 0.06623344123363495
v -0.026399999856948853 0.02850000001490116 0.05380000174045563
v -0.026750000193715096 0.028599999845027924 0.05380000174045563
v -0.02678268402814865 0.02842387929558754 0.05380000174045563
v -0.026399999856948853 0.02850000001490116 0.05779999867081642
v -0.026399999856948853 0.02850000001490116 0.05380000174045563
v -0.02678268402814865 0.02842387929558754 0.05380000174045563
v -0.02678268402814865 0.02842387929558754 0.05779999867081642
v -0.026399999856948853 0.02850000001490116 0.05779999867081642
v -0.02678268402814865 0.02842387929558754 0.05380000174045563
v -0.026399999856948853 0.02843548357486725 0.07355645298957825
v -0.026399999856948853 0.02850000001490116 0.07305256277322769
v -0.026512403041124344 0.028425542637705803 0.07355386018753052
v -0.026399999856948853 0.02850000001490116 0.07305256277322769
v -0.02658126689493656 0.0284834336489439 0.07305256277322769
v -0.026512403041124344 0.028425542637705803 0.07355386018753052
v -0.022299999371170998 0.02850000001490116 0.08259999752044678
v -0.022645821794867516 0.02843686193227768 0.07354568690061569
v -0.022643595933914185 0.028426416218280792 0.08259999752044678
v -0.006000000052154064 0.02850000001490116 0.06300116330385208
v -0.005818733014166355 0.0284834336489439 0.07137002795934677
v -0.005655803717672825 0.028429223224520683 0.06315647065639496
v -0.02658126689493656 0.0284834336489439 0.07305256277322769
v -0.02673185244202614 0.028443343937397003 0.06315825134515762
v -0.026746436953544617 0.028434759005904198 0.06316158920526505
v -0.0226533692330122 0.02843548357486725 0.07355645298957825
v -0.026399999856948853 0.02850000001490116 0.07305256277322769
v -0.026399999856948853 0.02843548357486725 0.07355645298957825
v -0.022645821794867516 0.02843686193227768 0.07354568690061569
v -0.026399999856948853 0.02850000001490116 0.07305256277322769
v -0.0226533692330122 0.02843548357486725 0.07355645298957825
v -0.022299999371170998 0.02850000001490116 0.08259999752044678
v -0.022299999371170998 0.02850000001490116 0.07305256277322769
v -0.022645821794867516 0.02843686193227768 0.07354568690061569
v -0.022299999371170998 0.02850000001490116 0.07305256277322769
v -0.026399999856948853 0.02850000001490116 0.07305256277322769
v -0.022645821794867516 0.02843686193227768 0.07354568690061569
v -0.026399999856948853 0.02850000001490116 0.07305256277322769
v -0.026399999856948853 0.02850000001490116 0.06300116330385208
v -0.02673185244202614 0.028443343937397003 0.06315825134515762
v -0.02658126689493656 0.0284834336489439 0.07305256277322769
v -0.026399999856948853 0.02850000001490116 0.07305256277322769
v -0.02673185244202614 0.028443343937397003 0.06315825134515762
v 0.0003499999875202775 0.028599999845027924 0.05380000174045563
v 8.748002225125132e-16 0.02850000001490116 0.05380000174045563
v 0.000661635072901845 0.028445906937122345 0.05380000174045563
v -0.006000000052154064 0.02850000001490116 0.06300116330385208
v -0.006000000052154064 0.02850000001490116 0.07137002795934677
v -0.005818733014166355 0.0284834336489439 0.07137002795934677
v -0.011099999770522118 0.02850000001490116 0.07137002795934677
v -0.011099999770522118 0.02850000001490116 0.08259999752044678
v -0.01098715141415596 0.028493613004684448 0.08259999752044678
v -0.022299999371170998 0.02850000001490116 0.07305256277322769
v -0.023900000378489494 0.02850000001490116 0.062199998646974564
v -0.024106884375214577 0.028499959036707878 0.06220606714487076
v -0.02517276257276535 0.028499998152256012 0.06242944300174713
v -0.022299999371170998 0.02850000001490116 0.07305256277322769
v -0.024106884375214577 0.028499959036707878 0.06220606714487076
v -0.007214938756078482 0.028500011190772057 0.062456246465444565
v -0.011099999770522118 0.02850000001490116 0.07137002795934677
v -0.006318915169686079 0.028499972075223923 0.06282394379377365
v -0.011099999770522118 0.02850000001490116 0.07137002795934677
v -0.006000000052154064 0.02850000001490116 0.07137002795934677
v -0.006318915169686079 0.028499972075223923 0.06282394379377365
v -0.006000000052154064 0.02850000001490116 0.07137002795934677
v -0.006000000052154064 0.02850000001490116 0.06300116330385208
v -0.006318915169686079 0.028499972075223923 0.06282394379377365
v -0.025210874155163765 0.02850000001490116 0.062437430024147034
v -0.022299999371170998 0.02850000001490116 0.07305256277322769
v -0.02517276257276535 0.028499998152256012 0.06242944300174713
v 8.748002225125132e-16 0.02850000001490116 0.05380000174045563
v -0.026750000193715096 0.028599999845027924 0.05380000174045563
v -0.026399999856948853 0.02850000001490116 0.05380000174045563
v -0.008500000461935997 0.02850000001490116 0.05779999867081642
v 8.748002225125132e-16 0.02850000001490116 0.05380000174045563
v -0.026399999856948853 0.02850000001490116 0.05380000174045563
v -0.023900000378489494 0.02850000001490116 0.05779999867081642
v -0.008500000461935997 0.02850000001490116 0.05779999867081642
v -0.026399999856948853 0.02850000001490116 0.05380000174045563
v -0.026399999856948853 0.02850000001490116 0.05779999867081642
v -0.023900000378489494 0.02850000001490116 0.05779999867081642
v -0.026399999856948853 0.02850000001490116 0.05380000174045563
v 0.0003499999875202775 0.028599999845027924 0.05380000174045563
v -0.026750000193715096 0.028599999845027924 0.05380000174045563
v 8.748002225125132e-16 0.02850000001490116 0.05380000174045563
v -0.004999999888241291 0.02850000001490116 0.05779999867081642
v 8.748002225125132e-16 0.02850000001490116 0.061799999326467514
v 8.748002225125132e-16 0.02850000001490116 0.05380000174045563
v -0.008500000461935997 0.02850000001490116 0.05779999867081642
v -0.004999999888241291 0.02850000001490116 0.05779999867081642
v 8.748002225125132e-16 0.02850000001490116 0.05380000174045563
v -0.023900000378489494 0.02850000001490116 0.062199998646974564
v -0.008500000461935997 0.02850000001490116 0.05779999867081642
v -0.023900000378489494 0.02850000001490116 0.05779999867081642
v -0.023900000378489494 0.02850000001490116 0.062199998646974564
v -0.022299999371170998 0.02850000001490116 0.07305256277322769
v -0.008500000461935997 0.02850000001490116 0.05779999867081642
v -0.022299999371170998 0.02850000001490116 0.07305256277322769
v -0.008500000461935997 0.02850000001490116 0.062199998646974564
v -0.008500000461935997 0.02850000001490116 0.05779999867081642
v -0.004999999888241291 0.02850000001490116 0.061799999326467514
v 8.748002225125132e-16 0.02850000001490116 0.061799999326467514
v -0.004999999888241291 0.02850000001490116 0.05779999867081642
v -0.022299999371170998 0.02850000001490116 0.07305256277322769
v -0.011099999770522118 0.02850000001490116 0.07137002795934677
v -0.008500000461935997 0.02850000001490116 0.062199998646974564
v -0.011099999770522118 0.02850000001490116 0.07137002795934677
v -0.007493981625884771 0.028500022366642952 0.062341734766960144
v -0.008500000461935997 0.02850000001490116 0.062199998646974564
v -0.026399999856948853 0.02850000001490116 0.06300116330385208
v -0.026399999856948853 0.02850000001490116 0.07305256277322769
v -0.025210874155163765 0.02850000001490116 0.062437430024147034
v -0.026399999856948853 0.02850000001490116 0.07305256277322769
v -0.022299999371170998 0.02850000001490116 0.07305256277322769
v -0.025210874155163765 0.02850000001490116 0.062437430024147034
v -0.022299999371170998 0.02850000001490116 0.07305256277322769
v -0.011099999770522118 0.02850000001490116 0.08259999752044678
v -0.011099999770522118 0.02850000001490116 0.07137002795934677
v -0.007214938756078482 0.028500011190772057 0.062456246465444565
v -0.007493981625884771 0.028500022366642952 0.062341734766960144
v -0.011099999770522118 0.02850000001490116 0.07137002795934677
v -0.022299999371170998 0.02850000001490116 0.08259999752044678
v -0.011099999770522118 0.02850000001490116 0.08259999752044678
v -0.022299999371170998 0.02850000001490116 0.07305256277322769
v -0.017500000074505806 0.030310889706015587 0.05180000141263008
v -0.017420759424567223 0.030173638835549355 0.0005000000237487257
v -0.02030199207365513 0.028510158881545067 0.0005000000237487257
v -0.006000000052154064 0.028599999845027924 0.06634686142206192
v -0.026750000193715096 0.028599999845027924 0.0697999969124794
v -0.026750000193715096 0.028599999845027924 0.05380000174045563
v 0.0003499999875202775 0.028599999845027924 0.06634686142206192
v -0.006000000052154064 0.028599999845027924 0.06634686142206192
v -0.026750000193715096 0.028599999845027924 0.05380000174045563
v 0.0003499999875202775 0.028599999845027924 0.05380000174045563
v 0.0003499999875202775 0.028599999845027924 0.06634686142206192
v -0.026750000193715096 0.028599999845027924 0.05380000174045563
v -0.006000000052154064 0.028599999845027924 0.0697999969124794
v -0.026750000193715096 0.028599999845027924 0.0697999969124794
v -0.006000000052154064 0.028599999845027924 0.06634686142206192
v 0.0003499999875202775 0.028599999845027924 0.06634686142206192
v -0.006000000052154064 0.03059508465230465 0.06787127256393433
v -0.006000000052154064 0.028599999845027924 0.06634686142206192
v -0.006000000052154064 0.03059508465230465 0.06787127256393433
v -0.006000000052154064 0.028599999845027924 0.0697999969124794
v -0.006000000052154064 0.028599999845027924 0.06634686142206192
v 0.016733141615986824 0.03059297427535057 0.06787358969449997
v -0.006000000052154064 0.03059508465230465 0.06787127256393433
v 0.0003499999875202775 0.028599999845027924 0.06634686142206192
v -0.006000000052154064 0.028599999845027924 0.0697999969124794
v -0.016499999910593033 0.029154758900403976 0.0697999969124794
v -0.026750000193715096 0.028599999845027924 0.0697999969124794
v -0.026499999687075615 0.03060000017285347 0.0697999969124794
v -0.02764805033802986 0.030371638014912605 0.0697999969124794
v -0.026750000193715096 0.028599999845027924 0.0697999969124794
v -0.016499999910593033 0.029154758900403976 0.0697999969124794
v -0.026499999687075615 0.03060000017285347 0.0697999969124794
v -0.026750000193715096 0.028599999845027924 0.0697999969124794
v -0.006000000052154064 0.03246429190039635 0.0697999969124794
v -0.008096834644675255 0.0325067862868309 0.0697999969124794
v -0.006000000052154064 0.028599999845027924 0.0697999969124794
v -0.008096834644675255 0.0325067862868309 0.0697999969124794
v -0.013287468813359737 0.03075212426483631 0.0697999969124794
v -0.006000000052154064 0.028599999845027924 0.0697999969124794
v -0.013287468813359737 0.03075212426483631 0.0697999969124794
v -0.016499999910593033 0.029154758900403976 0.0697999969124794
v -0.006000000052154064 0.028599999845027924 0.0697999969124794
v -0.006000000052154064 0.03059508465230465 0.06787127256393433
v -0.006000000052154064 0.03246429190039635 0.0697999969124794
v -0.006000000052154064 0.028599999845027924 0.0697999969124794
v -0.02862131968140602 0.029721319675445557 0.0697999969124794
v -0.02862131968140602 0.029721319675445557 0.05180000141263008
v -0.02927163802087307 0.028748050332069397 0.05180000141263008
v -0.02927163802087307 0.028748050332069397 0.0697999969124794
v -0.02862131968140602 0.029721319675445557 0.0697999969124794
v -0.02927163802087307 0.028748050332069397 0.05180000141263008
v -0.016499999910593033 0.03060000017285347 0.0697999969124794
v -0.026499999687075615 0.03060000017285347 0.0697999969124794
v -0.016499999910593033 0.029154758900403976 0.0697999969124794
v -0.013287468813359737 0.03075212426483631 0.0697999969124794
v -0.014109468087553978 0.03127702325582504 0.0689663514494896
v -0.016499999910593033 0.029154758900403976 0.0697999969124794
v -0.014109468087553978 0.03127702325582504 0.0689663514494896
v -0.015173804014921188 0.030989497900009155 0.06879502534866333
v -0.016499999910593033 0.029154758900403976 0.0697999969124794
v -0.015173804014921188 0.030989497900009155 0.06879502534866333
v -0.016499999910593033 0.029878268018364906 0.06916847825050354
v -0.016499999910593033 0.029154758900403976 0.0697999969124794
v -0.016499999910593033 0.029878268018364906 0.06916847825050354
v -0.016499999910593033 0.03060000017285347 0.0697999969124794
v -0.016499999910593033 0.029154758900403976 0.0697999969124794
v 0.017500000074505806 0.030310889706015587 0.0005000000237487257
v 0.017500000074505806 0.030310889706015587 0.06705735623836517
v 0.018670767545700073 0.029604095965623856 0.06705735623836517
v 0.017500000074505806 0.030310889706015587 0.06705735623836517
v 0.017462797462940216 0.03024616464972496 0.0675806775689125
v 0.018670767545700073 0.029604095965623856 0.06705735623836517
v -0.02764805033802986 0.030371638014912605 0.05180000141263008
v -0.026499999687075615 0.03060000017285347 0.05180000141263008
v -0.02862131968140602 0.029721319675445557 0.05180000141263008
v -0.02764805033802986 0.030371638014912605 0.0697999969124794
v -0.02764805033802986 0.030371638014912605 0.05180000141263008
v -0.02862131968140602 0.029721319675445557 0.05180000141263008
v -0.02862131968140602 0.029721319675445557 0.0697999969124794
v -0.02764805033802986 0.030371638014912605 0.0697999969124794
v -0.02862131968140602 0.029721319675445557 0.05180000141263008
v 0.011283844709396362 0.03260252997279167 8.673617379884035e-19
v 0.0144736897200346 0.03169295936822891 0.0005000000237487257
v 0.017249999567866325 0.029877876862883568 2.6020852139652106e-18
v 0.0144736897200346 0.03169295936822891 0.0005000000237487257
v 0.017500000074505806 0.030310889706015587 0.0005000000237487257
v 0.017249999567866325 0.029877876862883568 2.6020852139652106e-18
v -0.015173804014921188 0.030989497900009155 0.06879502534866333
v -0.015429805964231491 0.03093493916094303 0.06872619688510895
v -0.016499999910593033 0.029878268018364906 0.06916847825050354
v -0.015429805964231491 0.03093493916094303 0.06872619688510895
v -0.016499999910593033 0.03060000017285347 0.06853493303060532
v -0.016499999910593033 0.029878268018364906 0.06916847825050354
v -0.016499999910593033 0.03060000017285347 0.06853493303060532
v -0.016499999910593033 0.03060000017285347 0.0697999969124794
v -0.016499999910593033 0.029878268018364906 0.06916847825050354
v -0.017500000074505806 0.030310889706015587 0.05180000141263008
v -0.014539525844156742 0.03183712065219879 0.0005000000237487257
v -0.017420759424567223 0.030173638835549355 0.0005000000237487257
v -0.014539525844156742 0.03183712065219879 0.0005000000237487257
v -0.014331817626953125 0.031382303684949875 8.673617379884035e-19
v -0.017420759424567223 0.030173638835549355 0.0005000000237487257
v 0.017500000074505806 0.030310889706015587 0.06705735623836517
v 0.016992032527923584 0.03049638867378235 0.0677846223115921
v 0.017462797462940216 0.03024616464972496 0.0675806775689125
v 0.0144736897200346 0.03169295936822891 0.0005000000237487257
v 0.014539525844156742 0.03183712065219879 0.06705735623836517
v 0.017500000074505806 0.030310889706015587 0.0005000000237487257
v 0.014539525844156742 0.03183712065219879 0.06705735623836517
v 0.017500000074505806 0.030310889706015587 0.06705735623836517
v 0.017500000074505806 0.030310889706015587 0.0005000000237487257
v -0.01634810119867325 0.03094736859202385 0.05180000141263008
v -0.014539525844156742 0.03183712065219879 0.0005000000237487257
v -0.017500000074505806 0.030310889706015587 0.05180000141263008
v -0.026499999687075615 0.03060000017285347 0.05180000141263008
v -0.0177493654191494 0.03060000017285347 0.05180000141263008
v -0.017500000074505806 0.030310889706015587 0.05180000141263008
v -0.0177493654191494 0.03060000017285347 0.05180000141263008
v -0.01634810119867325 0.03094736859202385 0.05180000141263008
v -0.017500000074505806 0.030310889706015587 0.05180000141263008
v 0.014539525844156742 0.03183712065219879 0.06705735623836517
v 0.016992032527923584 0.03049638867378235 0.0677846223115921
v 0.017500000074505806 0.030310889706015587 0.06705735623836517
v -0.026499999687075615 0.03060000017285347 0.0697999969124794
v -0.026499999687075615 0.03060000017285347 0.05180000141263008
v -0.02764805033802986 0.030371638014912605 0.05180000141263008
v -0.02764805033802986 0.030371638014912605 0.0697999969124794
v -0.026499999687075615 0.03060000017285347 0.0697999969124794
v -0.02764805033802986 0.030371638014912605 0.05180000141263008
v 0.014539525844156742 0.03183712065219879 0.06705735623836517
v 0.016733141615986824 0.03059297427535057 0.06787358969449997
v 0.016992032527923584 0.03049638867378235 0.0677846223115921
v 0.01578611694276333 0.030946284532546997 0.068199023604393
v -0.006000000052154064 0.03059508465230465 0.06787127256393433
v 0.016733141615986824 0.03059297427535057 0.06787358969449997
v 0.014539525844156742 0.03183712065219879 0.06705735623836517
v 0.01578611694276333 0.030946284532546997 0.068199023604393
v 0.016733141615986824 0.03059297427535057 0.06787358969449997
v 0.01578611694276333 0.030946284532546997 0.068199023604393
v 0.015087452717125416 0.03120693750679493 0.06843911856412888
v -0.006000000052154064 0.03059508465230465 0.06787127256393433
v 0.015087452717125416 0.03120693750679493 0.06843911856412888
v 0.014341878704726696 0.03139626979827881 0.06863195449113846
v -0.006000000052154064 0.03059508465230465 0.06787127256393433
v 0.014341878704726696 0.03139626979827881 0.06863195449113846
v 0.012903588823974133 0.03176150843501091 0.06900396198034286
v -0.006000000052154064 0.03059508465230465 0.06787127256393433
v 0.012903588823974133 0.03176150843501091 0.06900396198034286
v 0.01204871665686369 0.03192323446273804 0.06917867809534073
v -0.006000000052154064 0.03059508465230465 0.06787127256393433
v 0.01204871665686369 0.03192323446273804 0.06917867809534073
v 0.008313299156725407 0.03245885670185089 0.0697934553027153
v -0.006000000052154064 0.03059508465230465 0.06787127256393433
v 0.008313299156725407 0.03245885670185089 0.0697934553027153
v 0.008265580981969833 0.03246429190039635 0.0697999969124794
v -0.006000000052154064 0.03059508465230465 0.06787127256393433
v 0.008265580981969833 0.03246429190039635 0.0697999969124794
v -0.006000000052154064 0.03246429190039635 0.0697999969124794
v -0.006000000052154064 0.03059508465230465 0.06787127256393433
v -0.0177493654191494 0.03060000017285347 0.06705735623836517
v -0.0177493654191494 0.03060000017285347 0.05180000141263008
v -0.026499999687075615 0.03060000017285347 0.05180000141263008
v -0.026499999687075615 0.03060000017285347 0.0697999969124794
v -0.0177493654191494 0.03060000017285347 0.06705735623836517
v -0.026499999687075615 0.03060000017285347 0.05180000141263008
v -0.017053041607141495 0.03077261708676815 0.06705735623836517
v -0.01634810119867325 0.03094736859202385 0.05180000141263008
v -0.0177493654191494 0.03060000017285347 0.05180000141263008
v -0.0177493654191494 0.03060000017285347 0.06705735623836517
v -0.017053041607141495 0.03077261708676815 0.06705735623836517
v -0.0177493654191494 0.03060000017285347 0.05180000141263008
v -0.026499999687075615 0.03060000017285347 0.0697999969124794
v -0.01770804449915886 0.03060000017285347 0.06753870844841003
v -0.0177493654191494 0.03060000017285347 0.06705735623836517
v -0.01770804449915886 0.03060000017285347 0.06753870844841003
v -0.017053041607141495 0.03077261708676815 0.06705735623836517
v -0.0177493654191494 0.03060000017285347 0.06705735623836517
v -0.026499999687075615 0.03060000017285347 0.0697999969124794
v -0.017630014568567276 0.03060000017285347 0.06784049421548843
v -0.01770804449915886 0.03060000017285347 0.06753870844841003
v -0.017630014568567276 0.03060000017285347 0.06784049421548843
v -0.016929490491747856 0.030691973865032196 0.06764129549264908
v -0.01770804449915886 0.03060000017285347 0.06753870844841003
v -0.016929490491747856 0.030691973865032196 0.06764129549264908
v -0.017053041607141495 0.03077261708676815 0.06705735623836517
v -0.01770804449915886 0.03060000017285347 0.06753870844841003
v -0.026499999687075615 0.03060000017285347 0.0697999969124794
v -0.017587237060070038 0.03060000017285347 0.06800593435764313
v -0.017630014568567276 0.03060000017285347 0.06784049421548843
v -0.017587237060070038 0.03060000017285347 0.06800593435764313
v -0.016929490491747856 0.030691973865032196 0.06764129549264908
v -0.017630014568567276 0.03060000017285347 0.06784049421548843
v -0.017044462263584137 0.03060000017285347 0.06827324628829956
v -0.01689135655760765 0.030657686293125153 0.06829479336738586
v -0.017587237060070038 0.03060000017285347 0.06800593435764313
v -0.026499999687075615 0.03060000017285347 0.0697999969124794
v -0.017044462263584137 0.03060000017285347 0.06827324628829956
v -0.017587237060070038 0.03060000017285347 0.06800593435764313
v -0.01689135655760765 0.030657686293125153 0.06829479336738586
v -0.016929490491747856 0.030691973865032196 0.06764129549264908
v -0.017587237060070038 0.03060000017285347 0.06800593435764313
v -0.016499999910593033 0.03060000017285347 0.06853493303060532
v -0.016628457233309746 0.030679481104016304 0.06840392202138901
v -0.017044462263584137 0.03060000017285347 0.06827324628829956
v -0.016628457233309746 0.030679481104016304 0.06840392202138901
v -0.01689135655760765 0.030657686293125153 0.06829479336738586
v -0.017044462263584137 0.03060000017285347 0.06827324628829956
v -0.016499999910593033 0.03060000017285347 0.0697999969124794
v -0.016499999910593033 0.03060000017285347 0.06853493303060532
v -0.017044462263584137 0.03060000017285347 0.06827324628829956
v -0.026499999687075615 0.03060000017285347 0.0697999969124794
v -0.016499999910593033 0.03060000017285347 0.0697999969124794
v -0.017044462263584137 0.03060000017285347 0.06827324628829956
v -0.015429805964231491 0.03093493916094303 0.06872619688510895
v -0.016322392970323563 0.030744709074497223 0.06848621368408203
v -0.016499999910593033 0.03060000017285347 0.06853493303060532
v -0.016322392970323563 0.030744709074497223 0.06848621368408203
v -0.016628457233309746 0.030679481104016304 0.06840392202138901
v -0.016499999910593033 0.03060000017285347 0.06853493303060532
v -0.016641633585095406 0.030705731362104416 0.068184494972229
v -0.016929490491747856 0.030691973865032196 0.06764129549264908
v -0.01689135655760765 0.030657686293125153 0.06829479336738586
v -0.016628457233309746 0.030679481104016304 0.06840392202138901
v -0.016641633585095406 0.030705731362104416 0.068184494972229
v -0.01689135655760765 0.030657686293125153 0.06829479336738586
v -0.016322392970323563 0.030744709074497223 0.06848621368408203
v -0.016641633585095406 0.030705731362104416 0.068184494972229
v -0.016628457233309746 0.030679481104016304 0.06840392202138901
v -0.016641633585095406 0.030705731362104416 0.068184494972229
v -0.015978053212165833 0.03102424554526806 0.06780099123716354
v -0.016929490491747856 0.030691973865032196 0.06764129549264908
v -0.015978053212165833 0.03102424554526806 0.06780099123716354
v -0.01625554822385311 0.03096677176654339 0.06744952499866486
v -0.016929490491747856 0.030691973865032196 0.06764129549264908
v -0.01625554822385311 0.03096677176654339 0.06744952499866486
v -0.017053041607141495 0.03077261708676815 0.06705735623836517
v -0.016929490491747856 0.030691973865032196 0.06764129549264908
v -0.016322392970323563 0.030744709074497223 0.06848621368408203
v -0.015867680311203003 0.03104710392653942 0.06794079393148422
v -0.016641633585095406 0.030705731362104416 0.068184494972229
v -0.015867680311203003 0.03104710392653942 0.06794079393148422
v -0.015978053212165833 0.03102424554526806 0.06780099123716354
v -0.016641633585095406 0.030705731362104416 0.068184494972229
v -0.015429805964231491 0.03093493916094303 0.06872619688510895
v -0.015458487905561924 0.0311296246945858 0.06820046901702881
v -0.016322392970323563 0.030744709074497223 0.06848621368408203
v -0.015458487905561924 0.0311296246945858 0.06820046901702881
v -0.015867680311203003 0.03104710392653942 0.06794079393148422
v -0.016322392970323563 0.030744709074497223 0.06848621368408203
v -0.01279043685644865 0.03163335472345352 0.06917867809534073
v -0.013579340651631355 0.03142023831605911 0.06905169039964676
v -0.013287468813359737 0.03075212426483631 0.0697999969124794
v -0.013579340651631355 0.03142023831605911 0.06905169039964676
v -0.014109468087553978 0.03127702325582504 0.0689663514494896
v -0.013287468813359737 0.03075212426483631 0.0697999969124794
v -0.008096834644675255 0.0325067862868309 0.0697999969124794
v -0.008244387805461884 0.03310077264904976 0.06917867809534073
v -0.013287468813359737 0.03075212426483631 0.0697999969124794
v -0.008244387805461884 0.03310077264904976 0.06917867809534073
v -0.011159990914165974 0.03224467486143112 0.06917867809534073
v -0.013287468813359737 0.03075212426483631 0.0697999969124794
v -0.011159990914165974 0.03224467486143112 0.06917867809534073
v -0.01279043685644865 0.03163335472345352 0.06917867809534073
v -0.013287468813359737 0.03075212426483631 0.0697999969124794
v -0.01634810119867325 0.03094736859202385 0.06705735623836517
v -0.01634810119867325 0.03094736859202385 0.05180000141263008
v -0.017053041607141495 0.03077261708676815 0.06705735623836517
v -0.01625554822385311 0.03096677176654339 0.06744952499866486
v -0.016257397830486298 0.030966388061642647 0.06744717806577682
v -0.017053041607141495 0.03077261708676815 0.06705735623836517
v -0.016257397830486298 0.030966388061642647 0.06744717806577682
v -0.01634810119867325 0.03094736859202385 0.06705735623836517
v -0.017053041607141495 0.03077261708676815 0.06705735623836517
v -0.015173804014921188 0.030989497900009155 0.06879502534866333
v -0.01503738947212696 0.031214548274874687 0.06846770644187927
v -0.015429805964231491 0.03093493916094303 0.06872619688510895
v -0.01503738947212696 0.031214548274874687 0.06846770644187927
v -0.015129572711884975 0.031195957213640213 0.06840920448303223
v -0.015429805964231491 0.03093493916094303 0.06872619688510895
v -0.015129572711884975 0.031195957213640213 0.06840920448303223
v -0.015458487905561924 0.0311296246945858 0.06820046901702881
v -0.015429805964231491 0.03093493916094303 0.06872619688510895
v 0.014444660395383835 0.03162939473986626 0.06820540875196457
v 0.015087452717125416 0.03120693750679493 0.06843911856412888
v 0.01578611694276333 0.030946284532546997 0.068199023604393
v 0.014539525844156742 0.03183712065219879 0.06705735623836517
v 0.014444660395383835 0.03162939473986626 0.06820540875196457
v 0.01578611694276333 0.030946284532546997 0.068199023604393
v -0.011395543813705444 0.03292526304721832 0.0005000000237487257
v -0.014539525844156742 0.03183712065219879 0.0005000000237487257
v -0.01634810119867325 0.03094736859202385 0.05180000141263008
v -0.014539525844156742 0.03183712065219879 0.06705735623836517
v -0.011395543813705444 0.03292526304721832 0.0005000000237487257
v -0.01634810119867325 0.03094736859202385 0.05180000141263008
v -0.01634810119867325 0.03094736859202385 0.06705735623836517
v -0.014539525844156742 0.03183712065219879 0.06705735623836517
v -0.01634810119867325 0.03094736859202385 0.05180000141263008
v -0.016257397830486298 0.030966388061642647 0.06744717806577682
v -0.014539525844156742 0.03183712065219879 0.06705735623836517
v -0.01634810119867325 0.03094736859202385 0.06705735623836517
v -0.01625554822385311 0.03096677176654339 0.06744952499866486
v -0.014539525844156742 0.03183712065219879 0.06705735623836517
v -0.016257397830486298 0.030966388061642647 0.06744717806577682
v -0.015978053212165833 0.03102424554526806 0.06780099123716354
v -0.014539525844156742 0.03183712065219879 0.06705735623836517
v -0.01625554822385311 0.03096677176654339 0.06744952499866486
v -0.014109468087553978 0.03127702325582504 0.0689663514494896
v -0.014319890178740025 0.03135135397315025 0.06872627884149551
v -0.015173804014921188 0.030989497900009155 0.06879502534866333
v -0.014319890178740025 0.03135135397315025 0.06872627884149551
v -0.01503738947212696 0.031214548274874687 0.06846770644187927
v -0.015173804014921188 0.030989497900009155 0.06879502534866333
v -0.015867680311203003 0.03104710392653942 0.06794079393148422
v -0.014539525844156742 0.03183712065219879 0.06705735623836517
v -0.015978053212165833 0.03102424554526806 0.06780099123716354
v -0.014444660395383835 0.03162939473986626 0.06820540875196457
v -0.014539525844156742 0.03183712065219879 0.06705735623836517
v -0.015867680311203003 0.03104710392653942 0.06794079393148422
v -0.015458487905561924 0.0311296246945858 0.06820046901702881
v -0.014444660395383835 0.03162939473986626 0.06820540875196457
v -0.015867680311203003 0.03104710392653942 0.06794079393148422
v -0.015129572711884975 0.031195957213640213 0.06840920448303223
v -0.014444660395383835 0.03162939473986626 0.06820540875196457
v -0.015458487905561924 0.0311296246945858 0.06820046901702881
v -0.01503738947212696 0.031214548274874687 0.06846770644187927
v -0.014444660395383835 0.03162939473986626 0.06820540875196457
v -0.015129572711884975 0.031195957213640213 0.06840920448303223
v 0.014444660395383835 0.03162939473986626 0.06820540875196457
v 0.014341878704726696 0.03139626979827881 0.06863195449113846
v 0.015087452717125416 0.03120693750679493 0.06843911856412888
v -0.014319890178740025 0.03135135397315025 0.06872627884149551
v -0.014444660395383835 0.03162939473986626 0.06820540875196457
v -0.01503738947212696 0.031214548274874687 0.06846770644187927
v -0.013579340651631355 0.03142023831605911 0.06905169039964676
v -0.013624022714793682 0.03148403763771057 0.06897705793380737
v -0.014109468087553978 0.03127702325582504 0.0689663514494896
v -0.013624022714793682 0.03148403763771057 0.06897705793380737
v -0.014005601406097412 0.03141128271818161 0.06883954256772995
v -0.014109468087553978 0.03127702325582504 0.0689663514494896
v -0.014005601406097412 0.03141128271818161 0.06883954256772995
v -0.014319890178740025 0.03135135397315025 0.06872627884149551
v -0.014109468087553978 0.03127702325582504 0.0689663514494896
v -0.014005601406097412 0.03141128271818161 0.06883954256772995
v -0.014444660395383835 0.03162939473986626 0.06820540875196457
v -0.014319890178740025 0.03135135397315025 0.06872627884149551
v -0.014539525844156742 0.03183712065219879 0.0005000000237487257
v -0.011395543813705444 0.03292526304721832 0.0005000000237487257
v -0.014331817626953125 0.031382303684949875 8.673617379884035e-19
v -0.011395543813705444 0.03292526304721832 0.0005000000237487257
v -0.00813368335366249 0.03352750092744827 8.673617379884035e-19
v -0.014331817626953125 0.031382303684949875 8.673617379884035e-19
v 0.014444660395383835 0.03162939473986626 0.06820540875196457
v 0.012903588823974133 0.03176150843501091 0.06900396198034286
v 0.014341878704726696 0.03139626979827881 0.06863195449113846
v -0.01137268915772438 0.03285922855138779 0.06820540875196457
v -0.014444660395383835 0.03162939473986626 0.06820540875196457
v -0.014005601406097412 0.03141128271818161 0.06883954256772995
v -0.013624022714793682 0.03148403763771057 0.06897705793380737
v -0.01137268915772438 0.03285922855138779 0.06820540875196457
v -0.014005601406097412 0.03141128271818161 0.06883954256772995
v -0.01279043685644865 0.03163335472345352 0.06917867809534073
v -0.013624022714793682 0.03148403763771057 0.06897705793380737
v -0.013579340651631355 0.03142023831605911 0.06905169039964676
v -0.01279043685644865 0.03163335472345352 0.06917867809534073
v -0.01137268915772438 0.03285922855138779 0.06820540875196457
v -0.013624022714793682 0.03148403763771057 0.06897705793380737
v 1.366962077563028e-18 0.031599998474121094 0.00279999990016222
v 0.0016250000335276127 0.031599998474121094 0.001685417490079999
v 2.3409004540097545e-18 0.031599998474121094 0.0012499999720603228
v -0.0008500000112690032 0.031599998474121094 0.0030277566984295845
v 1.366962077563028e-18 0.031599998474121094 0.00279999990016222
v 2.3409004540097545e-18 0.031599998474121094 0.0012499999720603228
v -0.0016250000335276127 0.031599998474121094 0.001685417490079999
v -0.0008500000112690032 0.031599998474121094 0.0030277566984295845
v 2.3409004540097545e-18 0.031599998474121094 0.0012499999720603228
v -0.0006371180643327534 0.03499419987201691 0.001313060987740755
v -0.0016250000335276127 0.031599998474121094 0.001685417490079999
v 2.3409004540097545e-18 0.031599998474121094 0.0012499999720603228
v 0.0016250000335276127 0.031599998474121094 0.001685417490079999
v 0.0003356721717864275 0.034998390823602676 0.0012673442251980305
v 2.3409004540097545e-18 0.031599998474121094 0.0012499999720603228
v 0.0003356721717864275 0.034998390823602676 0.0012673442251980305
v 1.5527349432886695e-06 0.03499695286154747 0.0012830463238060474
v 2.3409004540097545e-18 0.031599998474121094 0.0012499999720603228
v 1.5527349432886695e-06 0.03499695286154747 0.0012830463238060474
v -0.0006371180643327534 0.03499419987201691 0.001313060987740755
v 2.3409004540097545e-18 0.031599998474121094 0.0012499999720603228
v -0.002299119485542178 0.03492440655827522 0.0022029259707778692
v -0.002814582549035549 0.031599998474121094 0.0028750000055879354
v -0.0016250000335276127 0.031599998474121094 0.001685417490079999
v -0.0016154313925653696 0.03496173396706581 0.0016983984969556332
v -0.002299119485542178 0.03492440655827522 0.0022029259707778692
v -0.0016250000335276127 0.031599998474121094 0.001685417490079999
v -0.0006371180643327534 0.03499419987201691 0.001313060987740755
v -0.0015168285463005304 0.03496711701154709 0.0016256346134468913
v -0.0016250000335276127 0.031599998474121094 0.001685417490079999
v -0.0015168285463005304 0.03496711701154709 0.0016256346134468913
v -0.0016154313925653696 0.03496173396706581 0.0016983984969556332
v -0.0016250000335276127 0.031599998474121094 0.001685417490079999
v -0.0014722432242706418 0.031599998474121094 0.003650000086054206
v -0.0008500000112690032 0.031599998474121094 0.0030277566984295845
v -0.0016250000335276127 0.031599998474121094 0.001685417490079999
v -0.002814582549035549 0.031599998474121094 0.0028750000055879354
v -0.0014722432242706418 0.031599998474121094 0.003650000086054206
v -0.0016250000335276127 0.031599998474121094 0.001685417490079999
v 0.0016065192176029086 0.03496067225933075 0.0017161181895062327
v 0.0012421277351677418 0.034977950155735016 0.0014967320021241903
v 0.0016250000335276127 0.031599998474121094 0.001685417490079999
v 0.0012421277351677418 0.034977950155735016 0.0014967320021241903
v 0.0003356721717864275 0.034998390823602676 0.0012673442251980305
v 0.0016250000335276127 0.031599998474121094 0.001685417490079999
v 0.002814582549035549 0.031599998474121094 0.0028750000055879354
v 0.0020732181146740913 0.034938544034957886 0.0019970997236669064
v 0.0016250000335276127 0.031599998474121094 0.001685417490079999
v 0.0020732181146740913 0.034938544034957886 0.0019970997236669064
v 0.0016652499325573444 0.0349578894674778 0.0017514777136966586
v 0.0016250000335276127 0.031599998474121094 0.001685417490079999
v 0.0016652499325573444 0.0349578894674778 0.0017514777136966586
v 0.0016065192176029086 0.03496067225933075 0.0017161181895062327
v 0.0016250000335276127 0.031599998474121094 0.001685417490079999
v 0.0008500000112690032 0.031599998474121094 0.0030277566984295845
v 0.002814582549035549 0.031599998474121094 0.0028750000055879354
v 0.0016250000335276127 0.031599998474121094 0.001685417490079999
v 1.366962077563028e-18 0.031599998474121094 0.00279999990016222
v 0.0008500000112690032 0.031599998474121094 0.0030277566984295845
v 0.0016250000335276127 0.031599998474121094 0.001685417490079999
v -0.0028595407493412495 0.03488298878073692 0.002955405041575432
v -0.0032500000670552254 0.031599998474121094 0.0044999998062849045
v -0.002814582549035549 0.031599998474121094 0.0028750000055879354
v -0.0028049766551703215 0.03488702327013016 0.0028821418527513742
v -0.0028595407493412495 0.03488298878073692 0.002955405041575432
v -0.002814582549035549 0.031599998474121094 0.0028750000055879354
v -0.002299119485542178 0.03492440655827522 0.0022029259707778692
v -0.0028049766551703215 0.03488702327013016 0.0028821418527513742
v -0.002814582549035549 0.031599998474121094 0.0028750000055879354
v -0.0017000000225380063 0.031599998474121094 0.0044999998062849045
v -0.0014722432242706418 0.031599998474121094 0.003650000086054206
v -0.002814582549035549 0.031599998474121094 0.0028750000055879354
v -0.0032500000670552254 0.031599998474121094 0.0044999998062849045
v -0.0017000000225380063 0.031599998474121094 0.0044999998062849045
v -0.002814582549035549 0.031599998474121094 0.0028750000055879354
v 0.003114414168521762 0.034861158579587936 0.0035709356889128685
v 0.0027919586282223463 0.034888043999671936 0.002885636640712619
v 0.002814582549035549 0.031599998474121094 0.0028750000055879354
v 0.0027919586282223463 0.034888043999671936 0.002885636640712619
v 0.0027012559585273266 0.034895606338977814 0.0026928705628961325
v 0.002814582549035549 0.031599998474121094 0.0028750000055879354
v 0.0027012559585273266 0.034895606338977814 0.0026928705628961325
v 0.0020732181146740913 0.034938544034957886 0.0019970997236669064
v 0.002814582549035549 0.031599998474121094 0.0028750000055879354
v 0.0032500000670552254 0.031599998474121094 0.0044999998062849045
v 0.003249539528042078 0.03484882414340973 0.004499930888414383
v 0.002814582549035549 0.031599998474121094 0.0028750000055879354
v 0.003249539528042078 0.03484882414340973 0.004499930888414383
v 0.00324999843724072 0.03484877943992615 0.004496872890740633
v 0.002814582549035549 0.031599998474121094 0.0028750000055879354
v 0.00324999843724072 0.03484877943992615 0.004496872890740633
v 0.003114414168521762 0.034861158579587936 0.0035709356889128685
v 0.002814582549035549 0.031599998474121094 0.0028750000055879354
v 0.0014722432242706418 0.031599998474121094 0.003650000086054206
v 0.0032500000670552254 0.031599998474121094 0.0044999998062849045
v 0.002814582549035549 0.031599998474121094 0.0028750000055879354
v 0.0008500000112690032 0.031599998474121094 0.0030277566984295845
v 0.0014722432242706418 0.031599998474121094 0.003650000086054206
v 0.002814582549035549 0.031599998474121094 0.0028750000055879354
v 0.0017000000225380063 0.031599998474121094 0.0044999998062849045
v 0.0032500000670552254 0.031599998474121094 0.0044999998062849045
v 0.0014722432242706418 0.031599998474121094 0.003650000086054206
v -0.003187522990629077 0.034854549914598465 0.003865809179842472
v -0.003220505779609084 0.03485151007771492 0.004501529969274998
v -0.0032500000670552254 0.031599998474121094 0.0044999998062849045
v -0.003220505779609084 0.03485151007771492 0.004501529969274998
v -0.0032360481563955545 0.03485007956624031 0.0048010945320129395
v -0.0032500000670552254 0.031599998474121094 0.0044999998062849045
v -0.0032360481563955545 0.03485007956624031 0.0048010945320129395
v -0.002814582549035549 0.031599998474121094 0.006124999839812517
v -0.0032500000670552254 0.031599998474121094 0.0044999998062849045
v -0.0028595407493412495 0.03488298878073692 0.002955405041575432
v -0.003187522990629077 0.034854549914598465 0.003865809179842472
v -0.0032500000670552254 0.031599998474121094 0.0044999998062849045
v -0.0014722432242706418 0.031599998474121094 0.005350000225007534
v -0.0017000000225380063 0.031599998474121094 0.0044999998062849045
v -0.0032500000670552254 0.031599998474121094 0.0044999998062849045
v -0.002814582549035549 0.031599998474121094 0.006124999839812517
v -0.0014722432242706418 0.031599998474121094 0.005350000225007534
v -0.0032500000670552254 0.031599998474121094 0.0044999998062849045
v 0.0014722432242706418 0.031599998474121094 0.005350000225007534
v 0.002814582549035549 0.031599998474121094 0.006124999839812517
v 0.0017000000225380063 0.031599998474121094 0.0044999998062849045
v 0.002814582549035549 0.031599998474121094 0.006124999839812517
v 0.0032500000670552254 0.031599998474121094 0.0044999998062849045
v 0.0017000000225380063 0.031599998474121094 0.0044999998062849045
v 0.002814582549035549 0.031599998474121094 0.006124999839812517
v 0.0031058359891176224 0.03486192598938942 0.005457357969135046
v 0.0032500000670552254 0.031599998474121094 0.0044999998062849045
v 0.0031058359891176224 0.03486192598938942 0.005457357969135046
v 0.003249539528042078 0.03484882414340973 0.004499930888414383
v 0.0032500000670552254 0.031599998474121094 0.0044999998062849045
v -0.002814582549035549 0.031599998474121094 0.006124999839812517
v -0.0008500000112690032 0.031599998474121094 0.005972243379801512
v -0.0014722432242706418 0.031599998474121094 0.005350000225007534
v 0.0008500000112690032 0.031599998474121094 0.005972243379801512
v 0.0016250000335276127 0.031599998474121094 0.007314582355320454
v 0.0014722432242706418 0.031599998474121094 0.005350000225007534
v 0.0016250000335276127 0.031599998474121094 0.007314582355320454
v 0.002814582549035549 0.031599998474121094 0.006124999839812517
v 0.0014722432242706418 0.031599998474121094 0.005350000225007534
v -0.002814582549035549 0.031599998474121094 0.006124999839812517
v -0.0016250000335276127 0.031599998474121094 0.007314582355320454
v -0.0008500000112690032 0.031599998474121094 0.005972243379801512
v -0.0016250000335276127 0.031599998474121094 0.007314582355320454
v 4.996003395746245e-19 0.031599998474121094 0.006200000178068876
v -0.0008500000112690032 0.031599998474121094 0.005972243379801512
v 4.996003395746245e-19 0.031599998474121094 0.006200000178068876
v 4.996003395746245e-19 0.031599998474121094 0.00774999987334013
v 0.0008500000112690032 0.031599998474121094 0.005972243379801512
v 4.996003395746245e-19 0.031599998474121094 0.00774999987334013
v 0.0016250000335276127 0.031599998474121094 0.007314582355320454
v 0.0008500000112690032 0.031599998474121094 0.005972243379801512
v -0.002785883378237486 0.0348881334066391 0.006107910070568323
v -0.002524267416447401 0.034908853471279144 0.006547148339450359
v -0.002814582549035549 0.031599998474121094 0.006124999839812517
v -0.002524267416447401 0.034908853471279144 0.006547148339450359
v -0.0018047820776700974 0.034953437745571136 0.007202824577689171
v -0.002814582549035549 0.031599998474121094 0.006124999839812517
v -0.0018047820776700974 0.034953437745571136 0.007202824577689171
v -0.0016250000335276127 0.031599998474121094 0.007314582355320454
v -0.002814582549035549 0.031599998474121094 0.006124999839812517
v -0.0032360481563955545 0.03485007956624031 0.0048010945320129395
v -0.003002173500135541 0.03487100452184677 0.005744770634919405
v -0.002814582549035549 0.031599998474121094 0.006124999839812517
v -0.003002173500135541 0.03487100452184677 0.005744770634919405
v -0.002785883378237486 0.0348881334066391 0.006107910070568323
v -0.002814582549035549 0.031599998474121094 0.006124999839812517
v 0.00270444480702281 0.03489535674452782 0.006302353460341692
v 0.002793454797938466 0.03488794341683388 0.00611497275531292
v 0.002814582549035549 0.031599998474121094 0.006124999839812517
v 0.002793454797938466 0.03488794341683388 0.00611497275531292
v 0.0031058359891176224 0.03486192598938942 0.005457357969135046
v 0.002814582549035549 0.031599998474121094 0.006124999839812517
v 0.002049520844593644 0.03493994101881981 0.007022341713309288
v 0.00270444480702281 0.03489535674452782 0.006302353460341692
v 0.002814582549035549 0.031599998474121094 0.006124999839812517
v 0.0016250000335276127 0.031599998474121094 0.007314582355320454
v 0.002049520844593644 0.03493994101881981 0.007022341713309288
v 0.002814582549035549 0.031599998474121094 0.006124999839812517
v -0.0016250000335276127 0.031599998474121094 0.007314582355320454
v 4.996003395746245e-19 0.031599998474121094 0.00774999987334013
v 4.996003395746245e-19 0.031599998474121094 0.006200000178068876
v -0.0009578613680787385 0.034986890852451324 0.007605679798871279
v 4.996003395746245e-19 0.031599998474121094 0.00774999987334013
v -0.0016250000335276127 0.031599998474121094 0.007314582355320454
v -0.0018047820776700974 0.034953437745571136 0.007202824577689171
v -0.0016148281283676624 0.03496094048023224 0.007293180096894503
v -0.0016250000335276127 0.031599998474121094 0.007314582355320454
v -0.0016148281283676624 0.03496094048023224 0.007293180096894503
v -0.0009578613680787385 0.034986890852451324 0.007605679798871279
v -0.0016250000335276127 0.031599998474121094 0.007314582355320454
v 0.0016652586637064815 0.03495806083083153 0.0072516873478889465
v 0.002049520844593644 0.03493994101881981 0.007022341713309288
v 0.0016250000335276127 0.031599998474121094 0.007314582355320454
v 4.996003395746245e-19 0.031599998474121094 0.00774999987334013
v 0.0012474177638068795 0.03497776389122009 0.007501074578613043
v 0.0016250000335276127 0.031599998474121094 0.007314582355320454
v 0.0012474177638068795 0.03497776389122009 0.007501074578613043
v 0.0016078980406746268 0.03496076539158821 0.0072859227657318115
v 0.0016250000335276127 0.031599998474121094 0.007314582355320454
v 0.0016078980406746268 0.03496076539158821 0.0072859227657318115
v 0.0016652586637064815 0.03495806083083153 0.0072516873478889465
v 0.0016250000335276127 0.031599998474121094 0.007314582355320454
v -0.0009578613680787385 0.034986890852451324 0.007605679798871279
v -8.525682331183521e-19 0.03500000014901161 0.00774999987334013
v 4.996003395746245e-19 0.031599998474121094 0.00774999987334013
v -8.525682331183521e-19 0.03500000014901161 0.00774999987334013
v 0.00030154536943882704 0.03499870002269745 0.007736019790172577
v 4.996003395746245e-19 0.031599998474121094 0.00774999987334013
v 0.00030154536943882704 0.03499870002269745 0.007736019790172577
v 0.0012474177638068795 0.03497776389122009 0.007501074578613043
v 4.996003395746245e-19 0.031599998474121094 0.00774999987334013
v -0.01137268915772438 0.03285922855138779 0.06820540875196457
v -0.014539525844156742 0.03183712065219879 0.06705735623836517
v -0.014444660395383835 0.03162939473986626 0.06820540875196457
v 0.01137268915772438 0.03285922855138779 0.06820540875196457
v 0.012903588823974133 0.03176150843501091 0.06900396198034286
v 0.014444660395383835 0.03162939473986626 0.06820540875196457
v 0.014539525844156742 0.03183712065219879 0.06705735623836517
v 0.011447378434240818 0.03307502716779709 0.06705735623836517
v 0.014444660395383835 0.03162939473986626 0.06820540875196457
v 0.011447378434240818 0.03307502716779709 0.06705735623836517
v 0.01137268915772438 0.03285922855138779 0.06820540875196457
v 0.014444660395383835 0.03162939473986626 0.06820540875196457
v -0.011159990914165974 0.03224467486143112 0.06917867809534073
v -0.01137268915772438 0.03285922855138779 0.06820540875196457
v -0.01279043685644865 0.03163335472345352 0.06917867809534073
v 0.011447378434240818 0.03307502716779709 0.0005000000237487257
v 0.011447378434240818 0.03307502716779709 0.06705735623836517
v 0.0144736897200346 0.03169295936822891 0.0005000000237487257
v 0.011447378434240818 0.03307502716779709 0.06705735623836517
v 0.014539525844156742 0.03183712065219879 0.06705735623836517
v 0.0144736897200346 0.03169295936822891 0.0005000000237487257
v 0.011283844709396362 0.03260252997279167 8.673617379884035e-19
v 0.011447378434240818 0.03307502716779709 0.0005000000237487257
v 0.0144736897200346 0.03169295936822891 0.0005000000237487257
v 0.01137268915772438 0.03285922855138779 0.06820540875196457
v 0.01204871665686369 0.03192323446273804 0.06917867809534073
v 0.012903588823974133 0.03176150843501091 0.06900396198034286
v -0.011447378434240818 0.03307502716779709 0.06705735623836517
v -0.011395543813705444 0.03292526304721832 0.0005000000237487257
v -0.014539525844156742 0.03183712065219879 0.06705735623836517
v -0.01137268915772438 0.03285922855138779 0.06820540875196457
v -0.011447378434240818 0.03307502716779709 0.06705735623836517
v -0.014539525844156742 0.03183712065219879 0.06705735623836517
v 0.011159990914165974 0.03224467486143112 0.06917867809534073
v 0.008313299156725407 0.03245885670185089 0.0697934553027153
v 0.01204871665686369 0.03192323446273804 0.06917867809534073
v 0.01137268915772438 0.03285922855138779 0.06820540875196457
v 0.011159990914165974 0.03224467486143112 0.06917867809534073
v 0.01204871665686369 0.03192323446273804 0.06917867809534073
v -0.008244387805461884 0.03310077264904976 0.06917867809534073
v -0.01137268915772438 0.03285922855138779 0.06820540875196457
v -0.011159990914165974 0.03224467486143112 0.06917867809534073
v 0.008342351764440536 0.033072009682655334 0.06917867809534073
v 0.008313299156725407 0.03245885670185089 0.0697934553027153
v 0.011159990914165974 0.03224467486143112 0.06917867809534073
v 0.01137268915772438 0.03285922855138779 0.06820540875196457
v 0.008342351764440536 0.033072009682655334 0.06917867809534073
v 0.011159990914165974 0.03224467486143112 0.06917867809534073
v 0.008342351764440536 0.033072009682655334 0.06917867809534073
v 0.008265580981969833 0.03246429190039635 0.0697999969124794
v 0.008313299156725407 0.03245885670185089 0.0697934553027153
v 0.008265580981969833 0.03246429190039635 0.0697999969124794
v 0.008194143883883953 0.03248239681124687 0.0697999969124794
v -0.006000000052154064 0.03246429190039635 0.0697999969124794
v 0.008194143883883953 0.03248239681124687 0.0697999969124794
v 0.002789584454149008 0.033383652567863464 0.0697999969124794
v -0.006000000052154064 0.03246429190039635 0.0697999969124794
v 0.002789584454149008 0.033383652567863464 0.0697999969124794
v -0.0026895999908447266 0.03339185565710068 0.0697999969124794
v -0.006000000052154064 0.03246429190039635 0.0697999969124794
v -0.0026895999908447266 0.03339185565710068 0.0697999969124794
v -0.008096834644675255 0.0325067862868309 0.0697999969124794
v -0.006000000052154064 0.03246429190039635 0.0697999969124794
v 0.008342351764440536 0.033072009682655334 0.06917867809534073
v 0.008194143883883953 0.03248239681124687 0.0697999969124794
v 0.008265580981969833 0.03246429190039635 0.0697999969124794
v 0.008044405840337276 0.033159494400024414 0.06917867809534073
v 0.002789584454149008 0.033383652567863464 0.0697999969124794
v 0.008194143883883953 0.03248239681124687 0.0697999969124794
v 0.008342351764440536 0.033072009682655334 0.06917867809534073
v 0.008044405840337276 0.033159494400024414 0.06917867809534073
v 0.008194143883883953 0.03248239681124687 0.0697999969124794
v -0.0026895999908447266 0.03339185565710068 0.0697999969124794
v -0.00485597038641572 0.03377401456236839 0.06917867809534073
v -0.008096834644675255 0.0325067862868309 0.0697999969124794
v -0.00485597038641572 0.03377401456236839 0.06917867809534073
v -0.008044405840337276 0.033159494400024414 0.06917867809534073
v -0.008096834644675255 0.0325067862868309 0.0697999969124794
v -0.008044405840337276 0.033159494400024414 0.06917867809534073
v -0.008244387805461884 0.03310077264904976 0.06917867809534073
v -0.008096834644675255 0.0325067862868309 0.0697999969124794
v 0.004909861832857132 0.03414883837103844 8.673617379884035e-19
v 0.008214198984205723 0.03385939076542854 0.0005000000237487257
v 0.011283844709396362 0.03260252997279167 8.673617379884035e-19
v 0.008214198984205723 0.03385939076542854 0.0005000000237487257
v 0.011447378434240818 0.03307502716779709 0.0005000000237487257
v 0.011283844709396362 0.03260252997279167 8.673617379884035e-19
v -0.008244387805461884 0.03310077264904976 0.06917867809534073
v -0.00819772481918335 0.03379148244857788 0.06820540875196457
v -0.01137268915772438 0.03285922855138779 0.06820540875196457
v -0.00819772481918335 0.03379148244857788 0.06820540875196457
v -0.011447378434240818 0.03307502716779709 0.06705735623836517
v -0.01137268915772438 0.03285922855138779 0.06820540875196457
v 0.00819772481918335 0.03379148244857788 0.06820540875196457
v 0.008342351764440536 0.033072009682655334 0.06917867809534073
v 0.01137268915772438 0.03285922855138779 0.06820540875196457
v 0.011447378434240818 0.03307502716779709 0.06705735623836517
v 0.008251562714576721 0.034013405442237854 0.06705735623836517
v 0.01137268915772438 0.03285922855138779 0.06820540875196457
v 0.008251562714576721 0.034013405442237854 0.06705735623836517
v 0.00819772481918335 0.03379148244857788 0.06820540875196457
v 0.01137268915772438 0.03285922855138779 0.06820540875196457
v -0.011447378434240818 0.03307502716779709 0.06705735623836517
v -0.008251562714576721 0.034013405442237854 0.0005000000237487257
v -0.011395543813705444 0.03292526304721832 0.0005000000237487257
v -0.008251562714576721 0.034013405442237854 0.0005000000237487257
v -0.00813368335366249 0.03352750092744827 8.673617379884035e-19
v -0.011395543813705444 0.03292526304721832 0.0005000000237487257
v 0.00819772481918335 0.03379148244857788 0.06820540875196457
v 0.008044405840337276 0.033159494400024414 0.06917867809534073
v 0.008342351764440536 0.033072009682655334 0.06917867809534073
v 0.008214198984205723 0.03385939076542854 0.0005000000237487257
v 0.008251562714576721 0.034013405442237854 0.06705735623836517
v 0.011447378434240818 0.03307502716779709 0.0005000000237487257
v 0.008251562714576721 0.034013405442237854 0.06705735623836517
v 0.011447378434240818 0.03307502716779709 0.06705735623836517
v 0.011447378434240818 0.03307502716779709 0.0005000000237487257
v -0.008251562714576721 0.034013405442237854 0.06705735623836517
v -0.008251562714576721 0.034013405442237854 0.0005000000237487257
v -0.011447378434240818 0.03307502716779709 0.06705735623836517
v -0.00819772481918335 0.03379148244857788 0.06820540875196457
v -0.008251562714576721 0.034013405442237854 0.06705735623836517
v -0.011447378434240818 0.03307502716779709 0.06705735623836517
v -0.008044405840337276 0.033159494400024414 0.06917867809534073
v -0.00819772481918335 0.03379148244857788 0.06820540875196457
v -0.008244387805461884 0.03310077264904976 0.06917867809534073
v -0.00485597038641572 0.03377401456236839 0.06917867809534073
v -0.00819772481918335 0.03379148244857788 0.06820540875196457
v -0.008044405840337276 0.033159494400024414 0.06917867809534073
v 0.00485597038641572 0.03377401456236839 0.06917867809534073
v 0.002789584454149008 0.033383652567863464 0.0697999969124794
v 0.008044405840337276 0.033159494400024414 0.06917867809534073
v 0.00819772481918335 0.03379148244857788 0.06820540875196457
v 0.004948520101606846 0.034417714923620224 0.06820540875196457
v 0.008044405840337276 0.033159494400024414 0.06917867809534073
v 0.004948520101606846 0.034417714923620224 0.06820540875196457
v 0.00485597038641572 0.03377401456236839 0.06917867809534073
v 0.008044405840337276 0.033159494400024414 0.06917867809534073
v 0.00485597038641572 0.03377401456236839 0.06917867809534073
v 0.002837875857949257 0.03396672010421753 0.06917867809534073
v 0.002789584454149008 0.033383652567863464 0.0697999969124794
v 0.002837875857949257 0.03396672010421753 0.06917867809534073
v 0.0016235577641054988 0.034082673490047455 0.06917867809534073
v 0.002789584454149008 0.033383652567863464 0.0697999969124794
v 0.0016235577641054988 0.034082673490047455 0.06917867809534073
v -0.0026895999908447266 0.03339185565710068 0.0697999969124794
v 0.002789584454149008 0.033383652567863464 0.0697999969124794
v -0.002736166352406144 0.03397643193602562 0.06917867809534073
v -0.00485597038641572 0.03377401456236839 0.06917867809534073
v -0.0026895999908447266 0.03339185565710068 0.0697999969124794
v 0.0016235577641054988 0.034082673490047455 0.06917867809534073
v -0.0016235577641054988 0.034082673490047455 0.06917867809534073
v -0.0026895999908447266 0.03339185565710068 0.0697999969124794
v -0.0016235577641054988 0.034082673490047455 0.06917867809534073
v -0.002736166352406144 0.03397643193602562 0.06917867809534073
v -0.0026895999908447266 0.03339185565710068 0.0697999969124794
v -0.008251562714576721 0.034013405442237854 0.0005000000237487257
v -0.00495846476405859 0.034486882388591766 0.0005000000237487257
v -0.00813368335366249 0.03352750092744827 8.673617379884035e-19
v -0.00495846476405859 0.034486882388591766 0.0005000000237487257
v -0.0016415760619565845 0.034460924565792084 8.673617379884035e-19
v -0.00813368335366249 0.03352750092744827 8.673617379884035e-19
v -0.002736166352406144 0.03397643193602562 0.06917867809534073
v -0.0016545011894777417 0.03473225235939026 0.06820540875196457
v -0.00485597038641572 0.03377401456236839 0.06917867809534073
v -0.0016545011894777417 0.03473225235939026 0.06820540875196457
v -0.004948520101606846 0.034417714923620224 0.06820540875196457
v -0.00485597038641572 0.03377401456236839 0.06917867809534073
v -0.004948520101606846 0.034417714923620224 0.06820540875196457
v -0.00819772481918335 0.03379148244857788 0.06820540875196457
v -0.00485597038641572 0.03377401456236839 0.06917867809534073
v 0.004948520101606846 0.034417714923620224 0.06820540875196457
v 0.002837875857949257 0.03396672010421753 0.06917867809534073
v 0.00485597038641572 0.03377401456236839 0.06917867809534073
v -0.004948520101606846 0.034417714923620224 0.06820540875196457
v -0.008251562714576721 0.034013405442237854 0.06705735623836517
v -0.00819772481918335 0.03379148244857788 0.06820540875196457
v 0.008251562714576721 0.034013405442237854 0.06705735623836517
v 0.004981019534170628 0.0346437506377697 0.06705735623836517
v 0.00819772481918335 0.03379148244857788 0.06820540875196457
v 0.004981019534170628 0.0346437506377697 0.06705735623836517
v 0.004948520101606846 0.034417714923620224 0.06820540875196457
v 0.00819772481918335 0.03379148244857788 0.06820540875196457
v 0.004981019534170628 0.0346437506377697 0.0005000000237487257
v 0.0027012559585273266 0.034895606338977814 0.0026928705628961325
v 0.008214198984205723 0.03385939076542854 0.0005000000237487257
v 0.0027012559585273266 0.034895606338977814 0.0026928705628961325
v 0.0027919586282223463 0.034888043999671936 0.002885636640712619
v 0.008214198984205723 0.03385939076542854 0.0005000000237487257
v 0.0027919586282223463 0.034888043999671936 0.002885636640712619
v 0.003114414168521762 0.034861158579587936 0.0035709356889128685
v 0.008214198984205723 0.03385939076542854 0.0005000000237487257
v 0.003114414168521762 0.034861158579587936 0.0035709356889128685
v 0.00324999843724072 0.03484877943992615 0.004496872890740633
v 0.008214198984205723 0.03385939076542854 0.0005000000237487257
v 0.00324999843724072 0.03484877943992615 0.004496872890740633
v 0.003249539528042078 0.03484882414340973 0.004499930888414383
v 0.008214198984205723 0.03385939076542854 0.0005000000237487257
v 0.003249539528042078 0.03484882414340973 0.004499930888414383
v 0.0031058359891176224 0.03486192598938942 0.005457357969135046
v 0.008214198984205723 0.03385939076542854 0.0005000000237487257
v 0.0031058359891176224 0.03486192598938942 0.005457357969135046
v 0.008251562714576721 0.034013405442237854 0.06705735623836517
v 0.008214198984205723 0.03385939076542854 0.0005000000237487257
v 0.004909861832857132 0.03414883837103844 8.673617379884035e-19
v 0.004981019534170628 0.0346437506377697 0.0005000000237487257
v 0.008214198984205723 0.03385939076542854 0.0005000000237487257
v 0.0016545011894777417 0.03473225235939026 0.06820540875196457
v 0.0016235577641054988 0.034082673490047455 0.06917867809534073
v 0.002837875857949257 0.03396672010421753 0.06917867809534073
v 0.004948520101606846 0.034417714923620224 0.06820540875196457
v 0.0016545011894777417 0.03473225235939026 0.06820540875196457
v 0.002837875857949257 0.03396672010421753 0.06917867809534073
v -0.0016235577641054988 0.034082673490047455 0.06917867809534073
v -0.0016545011894777417 0.03473225235939026 0.06820540875196457
v -0.002736166352406144 0.03397643193602562 0.06917867809534073
v -0.008251562714576721 0.034013405442237854 0.06705735623836517
v -0.00495846476405859 0.034486882388591766 0.0005000000237487257
v -0.008251562714576721 0.034013405442237854 0.0005000000237487257
v -0.004981019534170628 0.0346437506377697 0.06705735623836517
v -0.00495846476405859 0.034486882388591766 0.0005000000237487257
v -0.008251562714576721 0.034013405442237854 0.06705735623836517
v -0.004948520101606846 0.034417714923620224 0.06820540875196457
v -0.004981019534170628 0.0346437506377697 0.06705735623836517
v -0.008251562714576721 0.034013405442237854 0.06705735623836517
v 0.0031058359891176224 0.03486192598938942 0.005457357969135046
v 0.002793454797938466 0.03488794341683388 0.00611497275531292
v 0.008251562714576721 0.034013405442237854 0.06705735623836517
v 0.002793454797938466 0.03488794341683388 0.00611497275531292
v 0.00270444480702281 0.03489535674452782 0.006302353460341692
v 0.008251562714576721 0.034013405442237854 0.06705735623836517
v 0.00270444480702281 0.03489535674452782 0.006302353460341692
v 0.002049520844593644 0.03493994101881981 0.007022341713309288
v 0.008251562714576721 0.034013405442237854 0.06705735623836517
v 0.002049520844593644 0.03493994101881981 0.007022341713309288
v 0.004981019534170628 0.0346437506377697 0.06705735623836517
v 0.008251562714576721 0.034013405442237854 0.06705735623836517
v 0.0016235577641054988 0.034082673490047455 0.06917867809534073
v -0.0016545011894777417 0.03473225235939026 0.06820540875196457
v -0.0016235577641054988 0.034082673490047455 0.06917867809534073
v 0.0016545011894777417 0.03473225235939026 0.06820540875196457
v -0.0016545011894777417 0.03473225235939026 0.06820540875196457
v 0.0016235577641054988 0.034082673490047455 0.06917867809534073
v -0.0016415760619565845 0.034460924565792084 8.673617379884035e-19
v 0.0016578261274844408 0.03480205312371254 0.0005000000237487257
v 0.004909861832857132 0.03414883837103844 8.673617379884035e-19
v 0.0016578261274844408 0.03480205312371254 0.0005000000237487257
v 0.004981019534170628 0.0346437506377697 0.0005000000237487257
v 0.004909861832857132 0.03414883837103844 8.673617379884035e-19
v -0.0016545011894777417 0.03473225235939026 0.06820540875196457
v -0.004981019534170628 0.0346437506377697 0.06705735623836517
v -0.004948520101606846 0.034417714923620224 0.06820540875196457
v 0.004981019534170628 0.0346437506377697 0.06705735623836517
v 0.0016653670463711023 0.03496035560965538 0.06705735623836517
v 0.004948520101606846 0.034417714923620224 0.06820540875196457
v 0.0016653670463711023 0.03496035560965538 0.06705735623836517
v 0.0016545011894777417 0.03473225235939026 0.06820540875196457
v 0.004948520101606846 0.034417714923620224 0.06820540875196457
v -0.00495846476405859 0.034486882388591766 0.0005000000237487257
v -0.0016653670463711023 0.03496035560965538 0.0005000000237487257
v -0.0016415760619565845 0.034460924565792084 8.673617379884035e-19
v -0.0016653670463711023 0.03496035560965538 0.0005000000237487257
v 0.0016578261274844408 0.03480205312371254 0.0005000000237487257
v -0.0016415760619565845 0.034460924565792084 8.673617379884035e-19
v -0.0032360481563955545 0.03485007956624031 0.0048010945320129395
v -0.003220505779609084 0.03485151007771492 0.004501529969274998
v -0.00495846476405859 0.034486882388591766 0.0005000000237487257
v -0.003220505779609084 0.03485151007771492 0.004501529969274998
v -0.003187522990629077 0.034854549914598465 0.003865809179842472
v -0.00495846476405859 0.034486882388591766 0.0005000000237487257
v -0.003187522990629077 0.034854549914598465 0.003865809179842472
v -0.0028595407493412495 0.03488298878073692 0.002955405041575432
v -0.00495846476405859 0.034486882388591766 0.0005000000237487257
v -0.0028595407493412495 0.03488298878073692 0.002955405041575432
v -0.0028049766551703215 0.03488702327013016 0.0028821418527513742
v -0.00495846476405859 0.034486882388591766 0.0005000000237487257
v -0.0028049766551703215 0.03488702327013016 0.0028821418527513742
v -0.002299119485542178 0.03492440655827522 0.0022029259707778692
v -0.00495846476405859 0.034486882388591766 0.0005000000237487257
v -0.002299119485542178 0.03492440655827522 0.0022029259707778692
v -0.0016653670463711023 0.03496035560965538 0.0005000000237487257
v -0.00495846476405859 0.034486882388591766 0.0005000000237487257
v -0.004981019534170628 0.0346437506377697 0.06705735623836517
v -0.0032360481563955545 0.03485007956624031 0.0048010945320129395
v -0.00495846476405859 0.034486882388591766 0.0005000000237487257
v 0.0016578261274844408 0.03480205312371254 0.0005000000237487257
v 0.0016652499325573444 0.0349578894674778 0.0017514777136966586
v 0.004981019534170628 0.0346437506377697 0.0005000000237487257
v 0.0016652499325573444 0.0349578894674778 0.0017514777136966586
v 0.0020732181146740913 0.034938544034957886 0.0019970997236669064
v 0.004981019534170628 0.0346437506377697 0.0005000000237487257
v 0.0020732181146740913 0.034938544034957886 0.0019970997236669064
v 0.0027012559585273266 0.034895606338977814 0.0026928705628961325
v 0.004981019534170628 0.0346437506377697 0.0005000000237487257
v -0.0016148281283676624 0.03496094048023224 0.007293180096894503
v -0.0018047820776700974 0.034953437745571136 0.007202824577689171
v -0.004981019534170628 0.0346437506377697 0.06705735623836517
v -0.0016653670463711023 0.03496035560965538 0.06705735623836517
v -8.525682331183521e-19 0.03500000014901161 0.00774999987334013
v -0.004981019534170628 0.0346437506377697 0.06705735623836517
v -8.525682331183521e-19 0.03500000014901161 0.00774999987334013
v -0.0009578613680787385 0.034986890852451324 0.007605679798871279
v -0.004981019534170628 0.0346437506377697 0.06705735623836517
v -0.0009578613680787385 0.034986890852451324 0.007605679798871279
v -0.0016148281283676624 0.03496094048023224 0.007293180096894503
v -0.004981019534170628 0.0346437506377697 0.06705735623836517
v -0.0018047820776700974 0.034953437745571136 0.007202824577689171
v -0.002524267416447401 0.034908853471279144 0.006547148339450359
v -0.004981019534170628 0.0346437506377697 0.06705735623836517
v -0.002524267416447401 0.034908853471279144 0.006547148339450359
v -0.002785883378237486 0.0348881334066391 0.006107910070568323
v -0.004981019534170628 0.0346437506377697 0.06705735623836517
v -0.002785883378237486 0.0348881334066391 0.006107910070568323
v -0.003002173500135541 0.03487100452184677 0.005744770634919405
v -0.004981019534170628 0.0346437506377697 0.06705735623836517
v -0.003002173500135541 0.03487100452184677 0.005744770634919405
v -0.0032360481563955545 0.03485007956624031 0.0048010945320129395
v -0.004981019534170628 0.0346437506377697 0.06705735623836517
v -0.0016545011894777417 0.03473225235939026 0.06820540875196457
v -0.0016653670463711023 0.03496035560965538 0.06705735623836517
v -0.004981019534170628 0.0346437506377697 0.06705735623836517
v 0.002049520844593644 0.03493994101881981 0.007022341713309288
v 0.0016653670463711023 0.03496035560965538 0.06705735623836517
v 0.004981019534170628 0.0346437506377697 0.06705735623836517
v 0.0016545011894777417 0.03473225235939026 0.06820540875196457
v -0.0016653670463711023 0.03496035560965538 0.06705735623836517
v -0.0016545011894777417 0.03473225235939026 0.06820540875196457
v 0.0016653670463711023 0.03496035560965538 0.06705735623836517
v -0.0016653670463711023 0.03496035560965538 0.06705735623836517
v 0.0016545011894777417 0.03473225235939026 0.06820540875196457
v -0.0016653670463711023 0.03496035560965538 0.0005000000237487257
v 1.5527349432886695e-06 0.03499695286154747 0.0012830463238060474
v 0.0016578261274844408 0.03480205312371254 0.0005000000237487257
v 1.5527349432886695e-06 0.03499695286154747 0.0012830463238060474
v 0.0003356721717864275 0.034998390823602676 0.0012673442251980305
v 0.0016578261274844408 0.03480205312371254 0.0005000000237487257
v 0.0003356721717864275 0.034998390823602676 0.0012673442251980305
v 0.0012421277351677418 0.034977950155735016 0.0014967320021241903
v 0.0016578261274844408 0.03480205312371254 0.0005000000237487257
v 0.0012421277351677418 0.034977950155735016 0.0014967320021241903
v 0.0016065192176029086 0.03496067225933075 0.0017161181895062327
v 0.0016578261274844408 0.03480205312371254 0.0005000000237487257
v 0.0016065192176029086 0.03496067225933075 0.0017161181895062327
v 0.0016652499325573444 0.0349578894674778 0.0017514777136966586
v 0.0016578261274844408 0.03480205312371254 0.0005000000237487257
v -0.0016154313925653696 0.03496173396706581 0.0016983984969556332
v -0.0016653670463711023 0.03496035560965538 0.0005000000237487257
v -0.002299119485542178 0.03492440655827522 0.0022029259707778692
v 0.0016652586637064815 0.03495806083083153 0.0072516873478889465
v 0.0016653670463711023 0.03496035560965538 0.06705735623836517
v 0.002049520844593644 0.03493994101881981 0.007022341713309288
v 0.0016078980406746268 0.03496076539158821 0.0072859227657318115
v 0.0016653670463711023 0.03496035560965538 0.06705735623836517
v 0.0016652586637064815 0.03495806083083153 0.0072516873478889465
v -0.0016154313925653696 0.03496173396706581 0.0016983984969556332
v -0.0015168285463005304 0.03496711701154709 0.0016256346134468913
v -0.0016653670463711023 0.03496035560965538 0.0005000000237487257
v -0.0015168285463005304 0.03496711701154709 0.0016256346134468913
v -0.0006371180643327534 0.03499419987201691 0.001313060987740755
v -0.0016653670463711023 0.03496035560965538 0.0005000000237487257
v -0.0006371180643327534 0.03499419987201691 0.001313060987740755
v 1.5527349432886695e-06 0.03499695286154747 0.0012830463238060474
v -0.0016653670463711023 0.03496035560965538 0.0005000000237487257
v 0.0016653670463711023 0.03496035560965538 0.06705735623836517
v 0.00030154536943882704 0.03499870002269745 0.007736019790172577
v -0.0016653670463711023 0.03496035560965538 0.06705735623836517
v 0.00030154536943882704 0.03499870002269745 0.007736019790172577
v -8.525682331183521e-19 0.03500000014901161 0.00774999987334013
v -0.0016653670463711023 0.03496035560965538 0.06705735623836517
v 0.0016078980406746268 0.03496076539158821 0.0072859227657318115
v 0.0012474177638068795 0.03497776389122009 0.007501074578613043
v 0.0016653670463711023 0.03496035560965538 0.06705735623836517
v 0.0012474177638068795 0.03497776389122009 0.007501074578613043
v 0.00030154536943882704 0.03499870002269745 0.007736019790172577
v 0.0016653670463711023 0.03496035560965538 0.06705735623836517
usemtl DefaultMaterial
f 1 2 3
f 4 5 6
f 7 8 9
f 10 11 12
f 13 14 15
f 16 17 18
f 19 20 21
f 22 23 24
f 25 26 27
f 28 29 30
f 31 32 33
f 34 35 36
f 37 38 39
f 40 41 42
f 43 44 45
f 46 47 48
f 49 50 51
f 52 53 54
f 55 56 57
f 58 59 60
f 61 62 63
f 64 65 66
f 67 68 69
f 70 71 72
f 73 74 75
f 76 77 78
f 79 80 81
f 82 83 84
f 85 86 87
f 88 89 90
f 91 92 93
f 94 95 96
f 97 98 99
f 100 101 102
f 103 104 105
f 106 107 108
f 109 110 111
f 112 113 114
f 115 116 117
f 118 119 120
f 121 122 123
f 124 125 126
f 127 128 129
f 130 131 132
f 133 134 135
f 136 137 138
f 139 140 141
f 142 143 144
f 145 146 147
f 148 149 150
f 151 152 153
f 154 155 156
f 157 158 159
f 160 161 162
f 163 164 165
f 166 167 168
f 169 170 171
f 172 173 174
f 175 176 177
f 178 179 180
f 181 182 183
f 184 185 186
f 187 188 189
f 190 191 192
f 193 194 195
f 196 197 198
f 199 200 201
f 202 203 204
f 205 206 207
f 208 209 210
f 211 212 213
f 214 215 216
f 217 218 219
f 220 221 222
f 223 224 225
f 226 227 228
f 229 230 231
f 232 233 234
f 235 236 237
f 238 239 240
f 241 242 243
f 244 245 246
f 247 248 249
f 250 251 252
f 253 254 255
f 256 257 258
f 259 260 261
f 262 263 264
f 265 266 267
f 268 269 270
f 271 272 273
f 274 275 276
f 277 278 279
f 280 281 282
f 283 284 285
f 286 287 288
f 289 290 291
f 292 293 294
f 295 296 297
f 298 299 300
f 301 302 303
f 304 305 306
f 307 308 309
f 310 311 312
f 313 314 315
f 316 317 318
f 319 320 321
f 322 323 324
f 325 326 327
f 328 329 330
f 331 332 333
f 334 335 336
f 337 338 339
f 340 341 342
f 343 344 345
f 346 347 348
f 349 350 351
f 352 353 354
f 355 356 357
f 358 359 360
f 361 362 363
f 364 365 366
f 367 368 369
f 370 371 372
f 373 374 375
f 376 377 378
f 379 380 381
f 382 383 384
f 385 386 387
f 388 389 390
f 391 392 393
f 394 395 396
f 397 398 399
f 400 401 402
f 403 404 405
f 406 407 408
f 409 410 411
f 412 413 414
f 415 416 417
f 418 419 420
f 421 422 423
f 424 425 426
f 427 428 429
f 430 431 432
f 433 434 435
f 436 437 438
f 439 440 441
f 442 443 444
f 445 446 447
f 448 449 450
f 451 452 453
f 454 455 456
f 457 458 459
f 460 461 462
f 463 464 465
f 466 467 468
f 469 470 471
f 472 473 474
f 475 476 477
f 478 479 480
f 481 482 483
f 484 485 486
f 487 488 489
f 490 491 492
f 493 494 495
f 496 497 498
f 499 500 501
f 502 503 504
f 505 506 507
f 508 509 510
f 511 512 513
f 514 515 516
f 517 518 519
f 520 521 522
f 523 524 525
f 526 527 528
f 529 530 531
f 532 533 534
f 535 536 537
f 538 539 540
f 541 542 543
f 544 545 546
f 547 548 549
f 550 551 552
f 553 554 555
f 556 557 558
f 559 560 561
f 562 563 564
f 565 566 567
f 568 569 570
f 571 572 573
f 574 575 576
f 577 578 579
f 580 581 582
f 583 584 585
f 586 587 588
f 589 590 591
f 592 593 594
f 595 596 597
f 598 599 600
f 601 602 603
f 604 605 606
f 607 608 609
f 610 611 612
f 613 614 615
f 616 617 618
f 619 620 621
f 622 623 624
f 625 626 627
f 628 629 630
f 631 632 633
f 634 635 636
f 637 638 639
f 640 641 642
f 643 644 645
f 646 647 648
f 649 650 651
f 652 653 654
f 655 656 657
f 658 659 660
f 661 662 663
f 664 665 666
f 667 668 669
f 670 671 672
f 673 674 675
f 676 677 678
f 679 680 681
f 682 683 684
f 685 686 687
f 688 689 690
f 691 692 693
f 694 695 696
f 697 698 699
f 700 701 702
f 703 704 705
f 706 707 708
f 709 710 711
f 712 713 714
f 715 716 717
f 718 719 720
f 721 722 723
f 724 725 726
f 727 728 729
f 730 731 732
f 733 734 735
f 736 737 738
f 739 740 741
f 742 743 744
f 745 746 747
f 748 749 750
f 751 752 753
f 754 755 756
f 757 758 759
f 760 761 762
f 763 764 765
f 766 767 768
f 769 770 771
f 772 773 774
f 775 776 777
f 778 779 780
f 781 782 783
f 784 785 786
f 787 788 789
f 790 791 792
f 793 794 795
f 796 797 798
f 799 800 801
f 802 803 804
f 805 806 807
f 808 809 810
f 811 812 813
f 814 815 816
f 817 818 819
f 820 821 822
f 823 824 825
f 826 827 828
f 829 830 831
f 832 833 834
f 835 836 837
f 838 839 840
f 841 842 843
f 844 845 846
f 847 848 849
f 850 851 852
f 853 854 855
f 856 857 858
f 859 860 861
f 862 863 864
f 865 866 867
f 868 869 870
f 871 872 873
f 874 875 876
f 877 878 879
f 880 881 882
f 883 884 885
f 886 887 888
f 889 890 891
f 892 893 894
f 895 896 897
f 898 899 900
f 901 902 903
f 904 905 906
f 907 908 909
f 910 911 912
f 913 914 915
f 916 917 918
f 919 920 921
f 922 923 924
f 925 926 927
f 928 929 930
f 931 932 933
f 934 935 936
f 937 938 939
f 940 941 942
f 943 944 945
f 946 947 948
f 949 950 951
f 952 953 954
f 955 956 957
f 958 959 960
f 961 962 963
f 964 965 966
f 967 968 969
f 970 971 972
f 973 974 975
f 976 977 978
f 979 980 981
f 982 983 984
f 985 986 987
f 988 989 990
f 991 992 993
f 994 995 996
f 997 998 999
f 1000 1001 1002
f 1003 1004 1005
f 1006 1007 1008
f 1009 1010 1011
f 1012 1013 1014
f 1015 1016 1017
f 1018 1019 1020
f 1021 1022 1023
f 1024 1025 1026
f 1027 1028 1029
f 1030 1031 1032
f 1033 1034 1035
f 1036 1037 1038
f 1039 1040 1041
f 1042 1043 1044
f 1045 1046 1047
f 1048 1049 1050
f 1051 1052 1053
f 1054 1055 1056
f 1057 1058 1059
f 1060 1061 1062
f 1063 1064 1065
f 1066 1067 1068
f 1069 1070 1071
f 1072 1073 1074
f 1075 1076 1077
f 1078 1079 1080
f 1081 1082 1083
f 1084 1085 1086
f 1087 1088 1089
f 1090 1091 1092
f 1093 1094 1095
f 1096 1097 1098
f 1099 1100 1101
f 1102 1103 1104
f 1105 1106 1107
f 1108 1109 1110
f 1111 1112 1113
f 1114 1115 1116
f 1117 1118 1119
f 1120 1121 1122
f 1123 1124 1125
f 1126 1127 1128
f 1129 1130 1131
f 1132 1133 1134
f 1135 1136 1137
f 1138 1139 1140
f 1141 1142 1143
f 1144 1145 1146
f 1147 1148 1149
f 1150 1151 1152
f 1153 1154 1155
f 1156 1157 1158
f 1159 1160 1161
f 1162 1163 1164
f 1165 1166 1167
f 1168 1169 1170
f 1171 1172 1173
f 1174 1175 1176
f 1177 1178 1179
f 1180 1181 1182
f 1183 1184 1185
f 1186 1187 1188
f 1189 1190 1191
f 1192 1193 1194
f 1195 1196 1197
f 1198 1199 1200
f 1201 1202 1203
f 1204 1205 1206
f 1207 1208 1209
f 1210 1211 1212
f 1213 1214 1215
f 1216 1217 1218
f 1219 1220 1221
f 1222 1223 1224
f 1225 1226 1227
f 1228 1229 1230
f 1231 1232 1233
f 1234 1235 1236
f 1237 1238 1239
f 1240 1241 1242
f 1243 1244 1245
f 1246 1247 1248
f 1249 1250 1251
f 1252 1253 1254
f 1255 1256 1257
f 1258 1259 1260
f 1261 1262 1263
f 1264 1265 1266
f 1267 1268 1269
f 1270 1271 1272
f 1273 1274 1275
f 1276 1277 1278
f 1279 1280 1281
f 1282 1283 1284
f 1285 1286 1287
f 1288 1289 1290
f 1291 1292 1293
f 1294 1295 1296
f 1297 1298 1299
f 1300 1301 1302
f 1303 1304 1305
f 1306 1307 1308
f 1309 1310 1311
f 1312 1313 1314
f 1315 1316 1317
f 1318 1319 1320
f 1321 1322 1323
f 1324 1325 1326
f 1327 1328 1329
f 1330 1331 1332
f 1333 1334 1335
f 1336 1337 1338
f 1339 1340 1341
f 1342 1343 1344
f 1345 1346 1347
f 1348 1349 1350
f 1351 1352 1353
f 1354 1355 1356
f 1357 1358 1359
f 1360 1361 1362
f 1363 1364 1365
f 1366 1367 1368
f 1369 1370 1371
f 1372 1373 1374
f 1375 1376 1377
f 1378 1379 1380
f 1381 1382 1383
f 1384 1385 1386
f 1387 1388 1389
f 1390 1391 1392
f 1393 1394 1395
f 1396 1397 1398
f 1399 1400 1401
f 1402 1403 1404
f 1405 1406 1407
f 1408 1409 1410
f 1411 1412 1413
f 1414 1415 1416
f 1417 1418 1419
f 1420 1421 1422
f 1423 1424 1425
f 1426 1427 1428
f 1429 1430 1431
f 1432 1433 1434
f 1435 1436 1437
f 1438 1439 1440
f 1441 1442 1443
f 1444 1445 1446
f 1447 1448 1449
f 1450 1451 1452
f 1453 1454 1455
f 1456 1457 1458
f 1459 1460 1461
f 1462 1463 1464
f 1465 1466 1467
f 1468 1469 1470
f 1471 1472 1473
f 1474 1475 1476
f 1477 1478 1479
f 1480 1481 1482
f 1483 1484 1485
f 1486 1487 1488
f 1489 1490 1491
f 1492 1493 1494
f 1495 1496 1497
f 1498 1499 1500
f 1501 1502 1503
f 1504 1505 1506
f 1507 1508 1509
f 1510 1511 1512
f 1513 1514 1515
f 1516 1517 1518
f 1519 1520 1521
f 1522 1523 1524
f 1525 1526 1527
f 1528 1529 1530
f 1531 1532 1533
f 1534 1535 1536
f 1537 1538 1539
f 1540 1541 1542
f 1543 1544 1545
f 1546 1547 1548
f 1549 1550 1551
f 1552 1553 1554
f 1555 1556 1557
f 1558 1559 1560
f 1561 1562 1563
f 1564 1565 1566
f 1567 1568 1569
f 1570 1571 1572
f 1573 1574 1575
f 1576 1577 1578
f 1579 1580 1581
f 1582 1583 1584
f 1585 1586 1587
f 1588 1589 1590
f 1591 1592 1593
f 1594 1595 1596
f 1597 1598 1599
f 1600 1601 1602
f 1603 1604 1605
f 1606 1607 1608
f 1609 1610 1611
f 1612 1613 1614
f 1615 1616 1617
f 1618 1619 1620
f 1621 1622 1623
f 1624 1625 1626
f 1627 1628 1629
f 1630 1631 1632
f 1633 1634 1635
f 1636 1637 1638
f 1639 1640 1641
f 1642 1643 1644
f 1645 1646 1647
f 1648 1649 1650
f 1651 1652 1653
f 1654 1655 1656
f 1657 1658 1659
f 1660 1661 1662
f 1663 1664 1665
f 1666 1667 1668
f 1669 1670 1671
f 1672 1673 1674
f 1675 1676 1677
f 1678 1679 1680
f 1681 1682 1683
f 1684 1685 1686
f 1687 1688 1689
f 1690 1691 1692
f 1693 1694 1695
f 1696 1697 1698
f 1699 1700 1701
f 1702 1703 1704
f 1705 1706 1707
f 1708 1709 1710
f 1711 1712 1713
f 1714 1715 1716
f 1717 1718 1719
f 1720 1721 1722
f 1723 1724 1725
f 1726 1727 1728
f 1729 1730 1731
f 1732 1733 1734
f 1735 1736 1737
f 1738 1739 1740
f 1741 1742 1743
f 1744 1745 1746
f 1747 1748 1749
f 1750 1751 1752
f 1753 1754 1755
f 1756 1757 1758
f 1759 1760 1761
f 1762 1763 1764
f 1765 1766 1767
f 1768 1769 1770
f 1771 1772 1773
f 1774 1775 1776
f 1777 1778 1779
f 1780 1781 1782
f 1783 1784 1785
f 1786 1787 1788
f 1789 1790 1791
f 1792 1793 1794
f 1795 1796 1797
f 1798 1799 1800
f 1801 1802 1803
f 1804 1805 1806
f 1807 1808 1809
f 1810 1811 1812
f 1813 1814 1815
f 1816 1817 1818
f 1819 1820 1821
f 1822 1823 1824
f 1825 1826 1827
f 1828 1829 1830
f 1831 1832 1833
f 1834 1835 1836
f 1837 1838 1839
f 1840 1841 1842
f 1843 1844 1845
f 1846 1847 1848
f 1849 1850 1851
f 1852 1853 1854
f 1855 1856 1857
f 1858 1859 1860
f 1861 1862 1863
f 1864 1865 1866
f 1867 1868 1869
f 1870 1871 1872
f 1873 1874 1875
f 1876 1877 1878
f 1879 1880 1881
f 1882 1883 1884
f 1885 1886 1887
f 1888 1889 1890
f 1891 1892 1893
f 1894 1895 1896
f 1897 1898 1899
f 1900 1901 1902
f 1903 1904 1905
f 1906 1907 1908
f 1909 1910 1911
f 1912 1913 1914
f 1915 1916 1917
f 1918 1919 1920
f 1921 1922 1923
f 1924 1925 1926
f 1927 1928 1929
f 1930 1931 1932
f 1933 1934 1935
f 1936 1937 1938
f 1939 1940 1941
f 1942 1943 1944
f 1945 1946 1947
f 1948 1949 1950
f 1951 1952 1953
f 1954 1955 1956
f 1957 1958 1959
f 1960 1961 1962
f 1963 1964 1965
f 1966 1967 1968
f 1969 1970 1971
f 1972 1973 1974
f 1975 1976 1977
f 1978 1979 1980
f 1981 1982 1983
f 1984 1985 1986
f 1987 1988 1989
f 1990 1991 1992
f 1993 1994 1995
f 1996 1997 1998
f 1999 2000 2001
f 2002 2003 2004
f 2005 2006 2007
f 2008 2009 2010
f 2011 2012 2013
f 2014 2015 2016
f 2017 2018 2019
f 2020 2021 2022
f 2023 2024 2025
f 2026 2027 2028
f 2029 2030 2031
f 2032 2033 2034
f 2035 2036 2037
f 2038 2039 2040
f 2041 2042 2043
f 2044 2045 2046
f 2047 2048 2049
f 2050 2051 2052
f 2053 2054 2055
f 2056 2057 2058
f 2059 2060 2061
f 2062 2063 2064
f 2065 2066 2067
f 2068 2069 2070
f 2071 2072 2073
f 2074 2075 2076
f 2077 2078 2079
f 2080 2081 2082
f 2083 2084 2085
f 2086 2087 2088
f 2089 2090 2091
f 2092 2093 2094
f 2095 2096 2097
f 2098 2099 2100
f 2101 2102 2103
f 2104 2105 2106
f 2107 2108 2109
f 2110 2111 2112
f 2113 2114 2115
f 2116 2117 2118
f 2119 2120 2121
f 2122 2123 2124
f 2125 2126 2127
f 2128 2129 2130
f 2131 2132 2133
f 2134 2135 2136
f 2137 2138 2139
f 2140 2141 2142
f 2143 2144 2145
f 2146 2147 2148
f 2149 2150 2151
f 2152 2153 2154
f 2155 2156 2157
f 2158 2159 2160
f 2161 2162 2163
f 2164 2165 2166
f 2167 2168 2169
f 2170 2171 2172
f 2173 2174 2175
f 2176 2177 2178
f 2179 2180 2181
f 2182 2183 2184
f 2185 2186 2187
f 2188 2189 2190
f 2191 2192 2193
f 2194 2195 2196
f 2197 2198 2199
f 2200 2201 2202
f 2203 2204 2205
f 2206 2207 2208
f 2209 2210 2211
f 2212 2213 2214
f 2215 2216 2217
f 2218 2219 2220
f 2221 2222 2223
f 2224 2225 2226
f 2227 2228 2229
f 2230 2231 2232
f 2233 2234 2235
f 2236 2237 2238
f 2239 2240 2241
f 2242 2243 2244
f 2245 2246 2247
f 2248 2249 2250
f 2251 2252 2253
f 2254 2255 2256
f 2257 2258 2259
f 2260 2261 2262
f 2263 2264 2265
f 2266 2267 2268
f 2269 2270 2271
f 2272 2273 2274
f 2275 2276 2277
f 2278 2279 2280
f 2281 2282 2283
f 2284 2285 2286
f 2287 2288 2289
f 2290 2291 2292
f 2293 2294 2295
f 2296 2297 2298
f 2299 2300 2301
f 2302 2303 2304
f 2305 2306 2307
f 2308 2309 2310
f 2311 2312 2313
f 2314 2315 2316
f 2317 2318 2319
f 2320 2321 2322
f 2323 2324 2325
f 2326 2327 2328
f 2329 2330 2331
f 2332 2333 2334
f 2335 2336 2337
f 2338 2339 2340
f 2341 2342 2343
f 2344 2345 2346
f 2347 2348 2349
f 2350 2351 2352
f 2353 2354 2355
f 2356 2357 2358
f 2359 2360 2361
f 2362 2363 2364
f 2365 2366 2367
f 2368 2369 2370
f 2371 2372 2373
f 2374 2375 2376
f 2377 2378 2379
f 2380 2381 2382
f 2383 2384 2385
f 2386 2387 2388
f 2389 2390 2391
f 2392 2393 2394
f 2395 2396 2397
f 2398 2399 2400
f 2401 2402 2403
f 2404 2405 2406
f 2407 2408 2409
f 2410 2411 2412
f 2413 2414 2415
f 2416 2417 2418
f 2419 2420 2421
f 2422 2423 2424
f 2425 2426 2427
f 2428 2429 2430
f 2431 2432 2433
f 2434 2435 2436
f 2437 2438 2439
f 2440 2441 2442
f 2443 2444 2445
f 2446 2447 2448
f 2449 2450 2451
f 2452 2453 2454
f 2455 2456 2457
f 2458 2459 2460
f 2461 2462 2463
f 2464 2465 2466
f 2467 2468 2469
f 2470 2471 2472
f 2473 2474 2475
f 2476 2477 2478
f 2479 2480 2481
f 2482 2483 2484
f 2485 2486 2487
f 2488 2489 2490
f 2491 2492 2493
f 2494 2495 2496
f 2497 2498 2499
f 2500 2501 2502
f 2503 2504 2505
f 2506 2507 2508
f 2509 2510 2511
f 2512 2513 2514
f 2515 2516 2517
f 2518 2519 2520
f 2521 2522 2523
f 2524 2525 2526
f 2527 2528 2529
f 2530 2531 2532
f 2533 2534 2535
f 2536 2537 2538
f 2539 2540 2541
f 2542 2543 2544
f 2545 2546 2547
f 2548 2549 2550
f 2551 2552 2553
f 2554 2555 2556
f 2557 2558 2559
f 2560 2561 2562
f 2563 2564 2565
f 2566 2567 2568
f 2569 2570 2571
f 2572 2573 2574
f 2575 2576 2577
f 2578 2579 2580
f 2581 2582 2583
f 2584 2585 2586
f 2587 2588 2589
f 2590 2591 2592
f 2593 2594 2595
f 2596 2597 2598
f 2599 2600 2601
f 2602 2603 2604
f 2605 2606 2607
f 2608 2609 2610
f 2611 2612 2613
f 2614 2615 2616
f 2617 2618 2619
f 2620 2621 2622
f 2623 2624 2625
f 2626 2627 2628
f 2629 2630 2631
f 2632 2633 2634
f 2635 2636 2637
f 2638 2639 2640
f 2641 2642 2643
f 2644 2645 2646
f 2647 2648 2649
f 2650 2651 2652
f 2653 2654 2655
f 2656 2657 2658
f 2659 2660 2661
f 2662 2663 2664
f 2665 2666 2667
f 2668 2669 2670
f 2671 2672 2673
f 2674 2675 2676
f 2677 2678 2679
f 2680 2681 2682
f 2683 2684 2685
f 2686 2687 2688
f 2689 2690 2691
f 2692 2693 2694
f 2695 2696 2697
f 2698 2699 2700
f 2701 2702 2703
f 2704 2705 2706
f 2707 2708 2709
f 2710 2711 2712
f 2713 2714 2715
f 2716 2717 2718
f 2719 2720 2721
f 2722 2723 2724
f 2725 2726 2727
f 2728 2729 2730
f 2731 2732 2733
f 2734 2735 2736
f 2737 2738 2739
f 2740 2741 2742
f 2743 2744 2745
f 2746 2747 2748
f 2749 2750 2751
f 2752 2753 2754
f 2755 2756 2757
f 2758 2759 2760
f 2761 2762 2763
f 2764 2765 2766
f 2767 2768 2769
f 2770 2771 2772
f 2773 2774 2775
f 2776 2777 2778
f 2779 2780 2781
f 2782 2783 2784
f 2785 2786 2787
f 2788 2789 2790
f 2791 2792 2793
f 2794 2795 2796
f 2797 2798 2799
f 2800 2801 2802
f 2803 2804 2805
f 2806 2807 2808
f 2809 2810 2811
f 2812 2813 2814
f 2815 2816 2817
f 2818 2819 2820
f 2821 2822 2823
f 2824 2825 2826
f 2827 2828 2829
f 2830 2831 2832
f 2833 2834 2835
f 2836 2837 2838
f 2839 2840 2841
f 2842 2843 2844
f 2845 2846 2847
f 2848 2849 2850
f 2851 2852 2853
f 2854 2855 2856
f 2857 2858 2859
f 2860 2861 2862
f 2863 2864 2865
f 2866 2867 2868
f 2869 2870 2871
f 2872 2873 2874
f 2875 2876 2877
f 2878 2879 2880
f 2881 2882 2883
f 2884 2885 2886
f 2887 2888 2889
f 2890 2891 2892
f 2893 2894 2895
f 2896 2897 2898
f 2899 2900 2901
f 2902 2903 2904
f 2905 2906 2907
f 2908 2909 2910
f 2911 2912 2913
f 2914 2915 2916
f 2917 2918 2919
f 2920 2921 2922
f 2923 2924 2925
f 2926 2927 2928
f 2929 2930 2931
f 2932 2933 2934
f 2935 2936 2937
f 2938 2939 2940
f 2941 2942 2943
f 2944 2945 2946
f 2947 2948 2949
f 2950 2951 2952
f 2953 2954 2955
f 2956 2957 2958
f 2959 2960 2961
f 2962 2963 2964
f 2965 2966 2967
f 2968 2969 2970
f 2971 2972 2973
f 2974 2975 2976
f 2977 2978 2979
f 2980 2981 2982
f 2983 2984 2985
f 2986 2987 2988
f 2989 2990 2991
f 2992 2993 2994
f 2995 2996 2997
f 2998 2999 3000
f 3001 3002 3003
f 3004 3005 3006
f 3007 3008 3009
f 3010 3011 3012
f 3013 3014 3015
f 3016 3017 3018
f 3019 3020 3021
f 3022 3023 3024
f 3025 3026 3027
f 3028 3029 3030
f 3031 3032 3033
f 3034 3035 3036
f 3037 3038 3039
f 3040 3041 3042
f 3043 3044 3045
f 3046 3047 3048
f 3049 3050 3051
f 3052 3053 3054
f 3055 3056 3057
f 3058 3059 3060
f 3061 3062 3063
f 3064 3065 3066
f 3067 3068 3069
f 3070 3071 3072
f 3073 3074 3075
f 3076 3077 3078
f 3079 3080 3081
f 3082 3083 3084
f 3085 3086 3087
f 3088 3089 3090
f 3091 3092 3093
f 3094 3095 3096
f 3097 3098 3099
f 3100 3101 3102
f 3103 3104 3105
f 3106 3107 3108
f 3109 3110 3111
f 3112 3113 3114
f 3115 3116 3117
f 3118 3119 3120
f 3121 3122 3123
f 3124 3125 3126
f 3127 3128 3129
f 3130 3131 3132
f 3133 3134 3135
f 3136 3137 3138
f 3139 3140 3141
f 3142 3143 3144
f 3145 3146 3147
f 3148 3149 3150
f 3151 3152 3153
f 3154 3155 3156
f 3157 3158 3159
f 3160 3161 3162
f 3163 3164 3165
f 3166 3167 3168
f 3169 3170 3171
f 3172 3173 3174
f 3175 3176 3177
f 3178 3179 3180
f 3181 3182 3183
f 3184 3185 3186
f 3187 3188 3189
f 3190 3191 3192
f 3193 3194 3195
f 3196 3197 3198
f 3199 3200 3201
f 3202 3203 3204
f 3205 3206 3207
f 3208 3209 3210
f 3211 3212 3213
f 3214 3215 3216
f 3217 3218 3219
f 3220 3221 3222
f 3223 3224 3225
f 3226 3227 3228
f 3229 3230 3231
f 3232 3233 3234
f 3235 3236 3237
f 3238 3239 3240
f 3241 3242 3243
f 3244 3245 3246
f 3247 3248 3249
f 3250 3251 3252
f 3253 3254 3255
f 3256 3257 3258
f 3259 3260 3261
f 3262 3263 3264
f 3265 3266 3267
f 3268 3269 3270
f 3271 3272 3273
f 3274 3275 3276
f 3277 3278 3279
f 3280 3281 3282
f 3283 3284 3285
f 3286 3287 3288
f 3289 3290 3291
f 3292 3293 3294
f 3295 3296 3297
f 3298 3299 3300
f 3301 3302 3303
f 3304 3305 3306
f 3307 3308 3309
f 3310 3311 3312
f 3313 3314 3315
f 3316 3317 3318
f 3319 3320 3321
f 3322 3323 3324
f 3325 3326 3327
f 3328 3329 3330
f 3331 3332 3333
f 3334 3335 3336
f 3337 3338 3339
f 3340 3341 3342
f 3343 3344 3345
f 3346 3347 3348
f 3349 3350 3351
f 3352 3353 3354
f 3355 3356 3357
f 3358 3359 3360
f 3361 3362 3363
f 3364 3365 3366
f 3367 3368 3369
f 3370 3371 3372
f 3373 3374 3375
f 3376 3377 3378
f 3379 3380 3381
f 3382 3383 3384
f 3385 3386 3387
f 3388 3389 3390
f 3391 3392 3393
f 3394 3395 3396
f 3397 3398 3399
f 3400 3401 3402
f 3403 3404 3405
f 3406 3407 3408
f 3409 3410 3411
f 3412 3413 3414
f 3415 3416 3417
f 3418 3419 3420
f 3421 3422 3423
f 3424 3425 3426
f 3427 3428 3429
f 3430 3431 3432
f 3433 3434 3435
f 3436 3437 3438
f 3439 3440 3441
f 3442 3443 3444
f 3445 3446 3447
f 3448 3449 3450
f 3451 3452 3453
f 3454 3455 3456
f 3457 3458 3459
f 3460 3461 3462
f 3463 3464 3465
f 3466 3467 3468
f 3469 3470 3471
f 3472 3473 3474
f 3475 3476 3477
f 3478 3479 3480
f 3481 3482 3483
f 3484 3485 3486
f 3487 3488 3489
f 3490 3491 3492
f 3493 3494 3495
f 3496 3497 3498
f 3499 3500 3501
f 3502 3503 3504
f 3505 3506 3507
f 3508 3509 3510
f 3511 3512 3513
f 3514 3515 3516
f 3517 3518 3519
f 3520 3521 3522
f 3523 3524 3525
f 3526 3527 3528
f 3529 3530 3531
f 3532 3533 3534
f 3535 3536 3537
f 3538 3539 3540
f 3541 3542 3543
f 3544 3545 3546
f 3547 3548 3549
f 3550 3551 3552
f 3553 3554 3555
f 3556 3557 3558
f 3559 3560 3561
f 3562 3563 3564
f 3565 3566 3567
f 3568 3569 3570
f 3571 3572 3573
f 3574 3575 3576
f 3577 3578 3579
f 3580 3581 3582
f 3583 3584 3585
f 3586 3587 3588
f 3589 3590 3591
f 3592 3593 3594
f 3595 3596 3597
f 3598 3599 3600
f 3601 3602 3603
f 3604 3605 3606
f 3607 3608 3609
f 3610 3611 3612
f 3613 3614 3615
f 3616 3617 3618
f 3619 3620 3621
f 3622 3623 3624
f 3625 3626 3627
f 3628 3629 3630
f 3631 3632 3633
f 3634 3635 3636
f 3637 3638 3639
f 3640 3641 3642
f 3643 3644 3645
f 3646 3647 3648
f 3649 3650 3651
f 3652 3653 3654
f 3655 3656 3657
f 3658 3659 3660
f 3661 3662 3663
f 3664 3665 3666
f 3667 3668 3669
f 3670 3671 3672
f 3673 3674 3675
f 3676 3677 3678
f 3679 3680 3681
f 3682 3683 3684
f 3685 3686 3687
f 3688 3689 3690
f 3691 3692 3693
f 3694 3695 3696
f 3697 3698 3699
f 3700 3701 3702
f 3703 3704 3705
f 3706 3707 3708
f 3709 3710 3711
f 3712 3713 3714
f 3715 3716 3717
f 3718 3719 3720
f 3721 3722 3723
f 3724 3725 3726
f 3727 3728 3729
f 3730 3731 3732
f 3733 3734 3735
f 3736 3737 3738
f 3739 3740 3741
f 3742 3743 3744
f 3745 3746 3747
f 3748 3749 3750
f 3751 3752 3753
f 3754 3755 3756
f 3757 3758 3759
f 3760 3761 3762
f 3763 3764 3765
f 3766 3767 3768
f 3769 3770 3771
f 3772 3773 3774
f 3775 3776 3777
f 3778 3779 3780
f 3781 3782 3783
f 3784 3785 3786
f 3787 3788 3789
f 3790 3791 3792
f 3793 3794 3795
f 3796 3797 3798
f 3799 3800 3801
f 3802 3803 3804
f 3805 3806 3807
f 3808 3809 3810
f 3811 3812 3813
f 3814 3815 3816
f 3817 3818 3819
f 3820 3821 3822
f 3823 3824 3825
f 3826 3827 3828
f 3829 3830 3831
f 3832 3833 3834
f 3835 3836 3837
f 3838 3839 3840
f 3841 3842 3843
f 3844 3845 3846
f 3847 3848 3849
f 3850 3851 3852
f 3853 3854 3855
f 3856 3857 3858
f 3859 3860 3861
f 3862 3863 3864
f 3865 3866 3867
f 3868 3869 3870
f 3871 3872 3873
f 3874 3875 3876
f 3877 3878 3879
f 3880 3881 3882
f 3883 3884 3885
f 3886 3887 3888
f 3889 3890 3891
f 3892 3893 3894
f 3895 3896 3897
f 3898 3899 3900
f 3901 3902 3903
f 3904 3905 3906
f 3907 3908 3909
f 3910 3911 3912
f 3913 3914 3915
f 3916 3917 3918
f 3919 3920 3921
f 3922 3923 3924
f 3925 3926 3927
f 3928 3929 3930
f 3931 3932 3933
f 3934 3935 3936
f 3937 3938 3939
f 3940 3941 3942
f 3943 3944 3945
f 3946 3947 3948
f 3949 3950 3951
f 3952 3953 3954
f 3955 3956 3957
f 3958 3959 3960
f 3961 3962 3963
f 3964 3965 3966
f 3967 3968 3969
f 3970 3971 3972
f 3973 3974 3975
f 3976 3977 3978
f 3979 3980 3981
f 3982 3983 3984
f 3985 3986 3987
f 3988 3989 3990
f 3991 3992 3993
f 3994 3995 3996
f 3997 3998 3999
f 4000 4001 4002
f 4003 4004 4005
f 4006 4007 4008
f 4009 4010 4011
f 4012 4013 4014
f 4015 4016 4017
f 4018 4019 4020
f 4021 4022 4023
f 4024 4025 4026
f 4027 4028 4029
f 4030 4031 4032
f 4033 4034 4035
f 4036 4037 4038
f 4039 4040 4041
f 4042 4043 4044
f 4045 4046 4047
f 4048 4049 4050
f 4051 4052 4053
f 4054 4055 4056
f 4057 4058 4059
f 4060 4061 4062
f 4063 4064 4065
f 4066 4067 4068
f 4069 4070 4071
f 4072 4073 4074
f 4075 4076 4077
f 4078 4079 4080
f 4081 4082 4083
f 4084 4085 4086
f 4087 4088 4089
f 4090 4091 4092
f 4093 4094 4095
f 4096 4097 4098
f 4099 4100 4101
f 4102 4103 4104
f 4105 4106 4107
f 4108 4109 4110
f 4111 4112 4113
f 4114 4115 4116
f 4117 4118 4119
f 4120 4121 4122
f 4123 4124 4125
f 4126 4127 4128
f 4129 4130 4131
f 4132 4133 4134
f 4135 4136 4137
f 4138 4139 4140
f 4141 4142 4143
f 4144 4145 4146
f 4147 4148 4149
f 4150 4151 4152
f 4153 4154 4155
f 4156 4157 4158
f 4159 4160 4161
f 4162 4163 4164
f 4165 4166 4167
f 4168 4169 4170
f 4171 4172 4173
f 4174 4175 4176
f 4177 4178 4179
f 4180 4181 4182
f 4183 4184 4185
f 4186 4187 4188
f 4189 4190 4191
f 4192 4193 4194
f 4195 4196 4197
f 4198 4199 4200
f 4201 4202 4203
f 4204 4205 4206
f 4207 4208 4209
f 4210 4211 4212
f 4213 4214 4215
f 4216 4217 4218
f 4219 4220 4221
f 4222 4223 4224
f 4225 4226 4227
f 4228 4229 4230
f 4231 4232 4233
f 4234 4235 4236
f 4237 4238 4239
f 4240 4241 4242
f 4243 4244 4245
f 4246 4247 4248
f 4249 4250 4251
f 4252 4253 4254
f 4255 4256 4257
f 4258 4259 4260
f 4261 4262 4263
f 4264 4265 4266
f 4267 4268 4269
f 4270 4271 4272
f 4273 4274 4275
f 4276 4277 4278
f 4279 4280 4281
f 4282 4283 4284
f 4285 4286 4287
f 4288 4289 4290
f 4291 4292 4293
f 4294 4295 4296
f 4297 4298 4299
f 4300 4301 4302
f 4303 4304 4305
f 4306 4307 4308
f 4309 4310 4311
f 4312 4313 4314
f 4315 4316 4317
f 4318 4319 4320
f 4321 4322 4323
f 4324 4325 4326
f 4327 4328 4329
f 4330 4331 4332
f 4333 4334 4335
f 4336 4337 4338
f 4339 4340 4341
f 4342 4343 4344
f 4345 4346 4347
f 4348 4349 4350
f 4351 4352 4353
f 4354 4355 4356
f 4357 4358 4359
f 4360 4361 4362
f 4363 4364 4365
f 4366 4367 4368
f 4369 4370 4371
f 4372 4373 4374
f 4375 4376 4377
f 4378 4379 4380
f 4381 4382 4383
f 4384 4385 4386
f 4387 4388 4389
f 4390 4391 4392
f 4393 4394 4395
f 4396 4397 4398
f 4399 4400 4401
f 4402 4403 4404
f 4405 4406 4407
f 4408 4409 4410
f 4411 4412 4413
f 4414 4415 4416
f 4417 4418 4419
f 4420 4421 4422
f 4423 4424 4425
f 4426 4427 4428
f 4429 4430 4431
f 4432 4433 4434
f 4435 4436 4437
f 4438 4439 4440
f 4441 4442 4443
f 4444 4445 4446
f 4447 4448 4449
f 4450 4451 4452
f 4453 4454 4455
f 4456 4457 4458
f 4459 4460 4461
f 4462 4463 4464
f 4465 4466 4467
f 4468 4469 4470
f 4471 4472 4473
f 4474 4475 4476
f 4477 4478 4479
f 4480 4481 4482
f 4483 4484 4485
f 4486 4487 4488
f 4489 4490 4491
f 4492 4493 4494
f 4495 4496 4497
f 4498 4499 4500
f 4501 4502 4503
f 4504 4505 4506
f 4507 4508 4509
f 4510 4511 4512
f 4513 4514 4515
f 4516 4517 4518
f 4519 4520 4521
f 4522 4523 4524
f 4525 4526 4527
f 4528 4529 4530
f 4531 4532 4533
f 4534 4535 4536
f 4537 4538 4539
f 4540 4541 4542
f 4543 4544 4545
f 4546 4547 4548
f 4549 4550 4551
f 4552 4553 4554
f 4555 4556 4557
f 4558 4559 4560
f 4561 4562 4563
f 4564 4565 4566
f 4567 4568 4569
f 4570 4571 4572
f 4573 4574 4575
f 4576 4577 4578
f 4579 4580 4581
f 4582 4583 4584
f 4585 4586 4587
f 4588 4589 4590
f 4591 4592 4593
f 4594 4595 4596
f 4597 4598 4599
f 4600 4601 4602
f 4603 4604 4605
f 4606 4607 4608
f 4609 4610 4611
f 4612 4613 4614
f 4615 4616 4617
f 4618 4619 4620
f 4621 4622 4623
f 4624 4625 4626
f 4627 4628 4629
f 4630 4631 4632
f 4633 4634 4635
f 4636 4637 4638
f 4639 4640 4641
f 4642 4643 4644
f 4645 4646 4647
f 4648 4649 4650
f 4651 4652 4653
f 4654 4655 4656
f 4657 4658 4659
f 4660 4661 4662
f 4663 4664 4665
f 4666 4667 4668
f 4669 4670 4671
f 4672 4673 4674
f 4675 4676 4677
f 4678 4679 4680
f 4681 4682 4683
f 4684 4685 4686
f 4687 4688 4689
f 4690 4691 4692
f 4693 4694 4695
f 4696 4697 4698
f 4699 4700 4701
f 4702 4703 4704
f 4705 4706 4707
f 4708 4709 4710
f 4711 4712 4713
f 4714 4715 4716
f 4717 4718 4719
f 4720 4721 4722
f 4723 4724 4725
f 4726 4727 4728
f 4729 4730 4731
f 4732 4733 4734
f 4735 4736 4737
f 4738 4739 4740
f 4741 4742 4743
f 4744 4745 4746
f 4747 4748 4749
f 4750 4751 4752
f 4753 4754 4755
f 4756 4757 4758
f 4759 4760 4761
f 4762 4763 4764
f 4765 4766 4767
f 4768 4769 4770
f 4771 4772 4773
f 4774 4775 4776
f 4777 4778 4779
f 4780 4781 4782
f 4783 4784 4785
f 4786 4787 4788
f 4789 4790 4791
f 4792 4793 4794
f 4795 4796 4797
f 4798 4799 4800
f 4801 4802 4803
f 4804 4805 4806
f 4807 4808 4809
f 4810 4811 4812
f 4813 4814 4815
f 4816 4817 4818
f 4819 4820 4821
f 4822 4823 4824
f 4825 4826 4827
f 4828 4829 4830
f 4831 4832 4833
f 4834 4835 4836
f 4837 4838 4839
f 4840 4841 4842
f 4843 4844 4845
f 4846 4847 4848
f 4849 4850 4851
f 4852 4853 4854
f 4855 4856 4857
f 4858 4859 4860
f 4861 4862 4863
f 4864 4865 4866
f 4867 4868 4869
f 4870 4871 4872
f 4873 4874 4875
f 4876 4877 4878
f 4879 4880 4881
f 4882 4883 4884
f 4885 4886 4887
f 4888 4889 4890
f 4891 4892 4893
f 4894 4895 4896
f 4897 4898 4899
f 4900 4901 4902
f 4903 4904 4905
f 4906 4907 4908
f 4909 4910 4911
f 4912 4913 4914
f 4915 4916 4917
f 4918 4919 4920
f 4921 4922 4923
f 4924 4925 4926
f 4927 4928 4929
f 4930 4931 4932
f 4933 4934 4935
f 4936 4937 4938
f 4939 4940 4941
f 4942 4943 4944
f 4945 4946 4947
f 4948 4949 4950
f 4951 4952 4953
f 4954 4955 4956
f 4957 4958 4959
f 4960 4961 4962
f 4963 4964 4965
f 4966 4967 4968
f 4969 4970 4971
f 4972 4973 4974
f 4975 4976 4977
f 4978 4979 4980
f 4981 4982 4983
f 4984 4985 4986
f 4987 4988 4989
f 4990 4991 4992
f 4993 4994 4995
f 4996 4997 4998
f 4999 5000 5001
f 5002 5003 5004
f 5005 5006 5007
f 5008 5009 5010
f 5011 5012 5013
f 5014 5015 5016
f 5017 5018 5019
f 5020 5021 5022
f 5023 5024 5025
f 5026 5027 5028
f 5029 5030 5031
f 5032 5033 5034
f 5035 5036 5037
f 5038 5039 5040
f 5041 5042 5043
f 5044 5045 5046
f 5047 5048 5049
f 5050 5051 5052
f 5053 5054 5055
f 5056 5057 5058
f 5059 5060 5061
f 5062 5063 5064
f 5065 5066 5067
f 5068 5069 5070
f 5071 5072 5073
f 5074 5075 5076
f 5077 5078 5079
f 5080 5081 5082
f 5083 5084 5085
f 5086 5087 5088
f 5089 5090 5091
f 5092 5093 5094
f 5095 5096 5097
f 5098 5099 5100
f 5101 5102 5103
f 5104 5105 5106
f 5107 5108 5109
f 5110 5111 5112
f 5113 5114 5115
f 5116 5117 5118
f 5119 5120 5121
f 5122 5123 5124
f 5125 5126 5127
f 5128 5129 5130
f 5131 5132 5133
f 5134 5135 5136
f 5137 5138 5139
f 5140 5141 5142
f 5143 5144 5145
f 5146 5147 5148
f 5149 5150 5151
f 5152 5153 5154
f 5155 5156 5157
f 5158 5159 5160
f 5161 5162 5163
f 5164 5165 5166
f 5167 5168 5169
f 5170 5171 5172
f 5173 5174 5175
f 5176 5177 5178
f 5179 5180 5181
f 5182 5183 5184
f 5185 5186 5187
f 5188 5189 5190
f 5191 5192 5193
f 5194 5195 5196
f 5197 5198 5199
f 5200 5201 5202
f 5203 5204 5205
f 5206 5207 5208
f 5209 5210 5211
f 5212 5213 5214
f 5215 5216 5217
f 5218 5219 5220
f 5221 5222 5223
f 5224 5225 5226
f 5227 5228 5229
f 5230 5231 5232
f 5233 5234 5235
f 5236 5237 5238
f 5239 5240 5241
f 5242 5243 5244
f 5245 5246 5247
f 5248 5249 5250
f 5251 5252 5253
f 5254 5255 5256
f 5257 5258 5259
f 5260 5261 5262
f 5263 5264 5265
f 5266 5267 5268
f 5269 5270 5271
f 5272 5273 5274
f 5275 5276 5277
f 5278 5279 5280
f 5281 5282 5283
f 5284 5285 5286
f 5287 5288 5289
f 5290 5291 5292
f 5293 5294 5295
f 5296 5297 5298
f 5299 5300 5301
f 5302 5303 5304
f 5305 5306 5307
f 5308 5309 5310
f 5311 5312 5313
f 5314 5315 5316
f 5317 5318 5319
f 5320 5321 5322
f 5323 5324 5325
f 5326 5327 5328
f 5329 5330 5331
f 5332 5333 5334
f 5335 5336 5337
f 5338 5339 5340
f 5341 5342 5343
f 5344 5345 5346
f 5347 5348 5349
f 5350 5351 5352
f 5353 5354 5355
f 5356 5357 5358
f 5359 5360 5361
f 5362 5363 5364
f 5365 5366 5367
f 5368 5369 5370
f 5371 5372 5373
f 5374 5375 5376
f 5377 5378 5379
f 5380 5381 5382
f 5383 5384 5385
f 5386 5387 5388
f 5389 5390 5391
f 5392 5393 5394
f 5395 5396 5397
f 5398 5399 5400
f 5401 5402 5403
f 5404 5405 5406
f 5407 5408 5409
f 5410 5411 5412
f 5413 5414 5415
f 5416 5417 5418
f 5419 5420 5421
f 5422 5423 5424
f 5425 5426 5427
f 5428 5429 5430
f 5431 5432 5433
f 5434 5435 5436
f 5437 5438 5439
f 5440 5441 5442
f 5443 5444 5445
f 5446 5447 5448
f 5449 5450 5451
f 5452 5453 5454
f 5455 5456 5457
f 5458 5459 5460
f 5461 5462 5463
f 5464 5465 5466
f 5467 5468 5469
f 5470 5471 5472
f 5473 5474 5475
f 5476 5477 5478
f 5479 5480 5481
f 5482 5483 5484
f 5485 5486 5487
f 5488 5489 5490
f 5491 5492 5493
f 5494 5495 5496
f 5497 5498 5499
f 5500 5501 5502
f 5503 5504 5505
f 5506 5507 5508
f 5509 5510 5511
f 5512 5513 5514
f 5515 5516 5517
f 5518 5519 5520
f 5521 5522 5523
f 5524 5525 5526
f 5527 5528 5529
f 5530 5531 5532
f 5533 5534 5535
f 5536 5537 5538
f 5539 5540 5541
f 5542 5543 5544
f 5545 5546 5547
f 5548 5549 5550
f 5551 5552 5553
f 5554 5555 5556
f 5557 5558 5559
f 5560 5561 5562
f 5563 5564 5565
f 5566 5567 5568
f 5569 5570 5571
f 5572 5573 5574
f 5575 5576 5577
f 5578 5579 5580
f 5581 5582 5583
f 5584 5585 5586
f 5587 5588 5589
f 5590 5591 5592
f 5593 5594 5595
f 5596 5597 5598
f 5599 5600 5601
f 5602 5603 5604
f 5605 5606 5607
f 5608 5609 5610
f 5611 5612 5613
f 5614 5615 5616
f 5617 5618 5619
f 5620 5621 5622
f 5623 5624 5625
f 5626 5627 5628
f 5629 5630 5631
f 5632 5633 5634
f 5635 5636 5637
f 5638 5639 5640
f 5641 5642 5643
f 5644 5645 5646
f 5647 5648 5649
f 5650 5651 5652
f 5653 5654 5655
f 5656 5657 5658
f 5659 5660 5661
f 5662 5663 5664
f 5665 5666 5667
f 5668 5669 5670
f 5671 5672 5673
f 5674 5675 5676
f 5677 5678 5679
f 5680 5681 5682
f 5683 5684 5685
f 5686 5687 5688
f 5689 5690 5691
f 5692 5693 5694
f 5695 5696 5697
f 5698 5699 5700
f 5701 5702 5703
f 5704 5705 5706
f 5707 5708 5709
f 5710 5711 5712
f 5713 5714 5715
f 5716 5717 5718
f 5719 5720 5721
f 5722 5723 5724
f 5725 5726 5727
f 5728 5729 5730
f 5731 5732 5733
f 5734 5735 5736
f 5737 5738 5739
f 5740 5741 5742
f 5743 5744 5745
f 5746 5747 5748
f 5749 5750 5751
f 5752 5753 5754
f 5755 5756 5757
f 5758 5759 5760
f 5761 5762 5763
f 5764 5765 5766
f 5767 5768 5769
f 5770 5771 5772
f 5773 5774 5775
f 5776 5777 5778
f 5779 5780 5781
f 5782 5783 5784
f 5785 5786 5787
f 5788 5789 5790
f 5791 5792 5793
f 5794 5795 5796
f 5797 5798 5799
f 5800 5801 5802
f 5803 5804 5805
f 5806 5807 5808
f 5809 5810 5811
f 5812 5813 5814
f 5815 5816 5817
f 5818 5819 5820
f 5821 5822 5823
f 5824 5825 5826
f 5827 5828 5829
f 5830 5831 5832
f 5833 5834 5835
f 5836 5837 5838
f 5839 5840 5841
f 5842 5843 5844
f 5845 5846 5847
f 5848 5849 5850
f 5851 5852 5853
f 5854 5855 5856
f 5857 5858 5859
f 5860 5861 5862
f 5863 5864 5865
f 5866 5867 5868
f 5869 5870 5871
f 5872 5873 5874
f 5875 5876 5877
f 5878 5879 5880
f 5881 5882 5883
f 5884 5885 5886
f 5887 5888 5889
f 5890 5891 5892
f 5893 5894 5895
f 5896 5897 5898
f 5899 5900 5901
f 5902 5903 5904
f 5905 5906 5907
f 5908 5909 5910
f 5911 5912 5913
f 5914 5915 5916
f 5917 5918 5919
f 5920 5921 5922
f 5923 5924 5925
f 5926 5927 5928
f 5929 5930 5931
f 5932 5933 5934
f 5935 5936 5937
f 5938 5939 5940
f 5941 5942 5943
f 5944 5945 5946
f 5947 5948 5949
f 5950 5951 5952
f 5953 5954 5955
f 5956 5957 5958
f 5959 5960 5961
f 5962 5963 5964
f 5965 5966 5967
f 5968 5969 5970
f 5971 5972 5973
f 5974 5975 5976
f 5977 5978 5979
f 5980 5981 5982
f 5983 5984 5985
f 5986 5987 5988
f 5989 5990 5991
f 5992 5993 5994
f 5995 5996 5997
f 5998 5999 6000
f 6001 6002 6003
f 6004 6005 6006
f 6007 6008 6009
f 6010 6011 6012
f 6013 6014 6015
f 6016 6017 6018
f 6019 6020 6021
f 6022 6023 6024
f 6025 6026 6027
f 6028 6029 6030
f 6031 6032 6033
f 6034 6035 6036
f 6037 6038 6039
f 6040 6041 6042
f 6043 6044 6045
f 6046 6047 6048
f 6049 6050 6051
f 6052 6053 6054
f 6055 6056 6057
f 6058 6059 6060
f 6061 6062 6063
f 6064 6065 6066
f 6067 6068 6069
f 6070 6071 6072
f 6073 6074 6075
f 6076 6077 6078
f 6079 6080 6081
f 6082 6083 6084
f 6085 6086 6087
f 6088 6089 6090
f 6091 6092 6093
f 6094 6095 6096
f 6097 6098 6099
f 6100 6101 6102
f 6103 6104 6105
f 6106 6107 6108
f 6109 6110 6111
f 6112 6113 6114
f 6115 6116 6117
f 6118 6119 6120
f 6121 6122 6123
f 6124 6125 6126
f 6127 6128 6129
f 6130 6131 6132
f 6133 6134 6135
f 6136 6137 6138
f 6139 6140 6141
f 6142 6143 6144
f 6145 6146 6147
f 6148 6149 6150
f 6151 6152 6153
f 6154 6155 6156
f 6157 6158 6159
f 6160 6161 6162
f 6163 6164 6165
f 6166 6167 6168
f 6169 6170 6171
f 6172 6173 6174
f 6175 6176 6177
f 6178 6179 6180
f 6181 6182 6183
f 6184 6185 6186
f 6187 6188 6189
f 6190 6191 6192
f 6193 6194 6195
f 6196 6197 6198
f 6199 6200 6201
f 6202 6203 6204
f 6205 6206 6207
f 6208 6209 6210
f 6211 6212 6213
f 6214 6215 6216
f 6217 6218 6219
f 6220 6221 6222
f 6223 6224 6225
f 6226 6227 6228
f 6229 6230 6231
f 6232 6233 6234
f 6235 6236 6237
f 6238 6239 6240
f 6241 6242 6243
f 6244 6245 6246
f 6247 6248 6249
f 6250 6251 6252
f 6253 6254 6255
f 6256 6257 6258
f 6259 6260 6261
f 6262 6263 6264
f 6265 6266 6267
f 6268 6269 6270
f 6271 6272 6273
f 6274 6275 6276
f 6277 6278 6279
f 6280 6281 6282
f 6283 6284 6285
f 6286 6287 6288
f 6289 6290 6291
f 6292 6293 6294
f 6295 6296 6297
f 6298 6299 6300
f 6301 6302 6303
f 6304 6305 6306
f 6307 6308 6309
f 6310 6311 6312
f 6313 6314 6315
f 6316 6317 6318
f 6319 6320 6321
f 6322 6323 6324
f 6325 6326 6327
f 6328 6329 6330
f 6331 6332 6333
f 6334 6335 6336
f 6337 6338 6339
f 6340 6341 6342
f 6343 6344 6345
f 6346 6347 6348
f 6349 6350 6351
f 6352 6353 6354
f 6355 6356 6357
f 6358 6359 6360
f 6361 6362 6363
f 6364 6365 6366
f 6367 6368 6369
f 6370 6371 6372
f 6373 6374 6375
f 6376 6377 6378
f 6379 6380 6381
f 6382 6383 6384
f 6385 6386 6387
f 6388 6389 6390
f 6391 6392 6393
f 6394 6395 6396
f 6397 6398 6399
f 6400 6401 6402
f 6403 6404 6405
f 6406 6407 6408
f 6409 6410 6411
f 6412 6413 6414
f 6415 6416 6417
f 6418 6419 6420
f 6421 6422 6423
f 6424 6425 6426
f 6427 6428 6429
f 6430 6431 6432
f 6433 6434 6435
f 6436 6437 6438
f 6439 6440 6441
f 6442 6443 6444
f 6445 6446 6447
f 6448 6449 6450
f 6451 6452 6453
f 6454 6455 6456
f 6457 6458 6459
f 6460 6461 6462
f 6463 6464 6465
f 6466 6467 6468
f 6469 6470 6471
f 6472 6473 6474
f 6475 6476 6477
f 6478 6479 6480
f 6481 6482 6483
f 6484 6485 6486
f 6487 6488 6489
f 6490 6491 6492
f 6493 6494 6495
f 6496 6497 6498
f 6499 6500 6501
f 6502 6503 6504
f 6505 6506 6507
f 6508 6509 6510
f 6511 6512 6513
f 6514 6515 6516
f 6517 6518 6519
f 6520 6521 6522
f 6523 6524 6525
f 6526 6527 6528
f 6529 6530 6531
f 6532 6533 6534
f 6535 6536 6537
f 6538 6539 6540
f 6541 6542 6543
f 6544 6545 6546
f 6547 6548 6549
f 6550 6551 6552
f 6553 6554 6555
f 6556 6557 6558
f 6559 6560 6561
f 6562 6563 6564
f 6565 6566 6567
f 6568 6569 6570
f 6571 6572 6573
f 6574 6575 6576
f 6577 6578 6579
f 6580 6581 6582
f 6583 6584 6585
f 6586 6587 6588
f 6589 6590 6591
f 6592 6593 6594
f 6595 6596 6597
f 6598 6599 6600
f 6601 6602 6603
f 6604 6605 6606
f 6607 6608 6609
f 6610 6611 6612
f 6613 6614 6615
f 6616 6617 6618
f 6619 6620 6621
f 6622 6623 6624
f 6625 6626 6627
f 6628 6629 6630
f 6631 6632 6633
f 6634 6635 6636
f 6637 6638 6639
f 6640 6641 6642
f 6643 6644 6645
f 6646 6647 6648
f 6649 6650 6651
f 6652 6653 6654
f 6655 6656 6657
f 6658 6659 6660
f 6661 6662 6663
f 6664 6665 6666
f 6667 6668 6669
f 6670 6671 6672
f 6673 6674 6675
f 6676 6677 6678
f 6679 6680 6681
f 6682 6683 6684
f 6685 6686 6687
f 6688 6689 6690
f 6691 6692 6693
f 6694 6695 6696
f 6697 6698 6699
f 6700 6701 6702
f 6703 6704 6705
f 6706 6707 6708
f 6709 6710 6711
f 6712 6713 6714
f 6715 6716 6717
f 6718 6719 6720
f 6721 6722 6723
f 6724 6725 6726
f 6727 6728 6729
f 6730 6731 6732
f 6733 6734 6735
f 6736 6737 6738
f 6739 6740 6741
f 6742 6743 6744
f 6745 6746 6747
f 6748 6749 6750
f 6751 6752 6753
f 6754 6755 6756
f 6757 6758 6759
f 6760 6761 6762
f 6763 6764 6765
f 6766 6767 6768
f 6769 6770 6771
f 6772 6773 6774
f 6775 6776 6777
f 6778 6779 6780
f 6781 6782 6783
f 6784 6785 6786
f 6787 6788 6789
f 6790 6791 6792
f 6793 6794 6795
f 6796 6797 6798
f 6799 6800 6801
f 6802 6803 6804
f 6805 6806 6807
f 6808 6809 6810
f 6811 6812 6813
f 6814 6815 6816
f 6817 6818 6819
f 6820 6821 6822
f 6823 6824 6825
f 6826 6827 6828
f 6829 6830 6831
f 6832 6833 6834
f 6835 6836 6837
f 6838 6839 6840
f 6841 6842 6843
f 6844 6845 6846
f 6847 6848 6849
f 6850 6851 6852
f 6853 6854 6855
f 6856 6857 6858
f 6859 6860 6861
f 6862 6863 6864
f 6865 6866 6867
f 6868 6869 6870
f 6871 6872 6873
f 6874 6875 6876
f 6877 6878 6879
f 6880 6881 6882
f 6883 6884 6885
f 6886 6887 6888
f 6889 6890 6891
f 6892 6893 6894
f 6895 6896 6897
f 6898 6899 6900
f 6901 6902 6903
f 6904 6905 6906
f 6907 6908 6909
f 6910 6911 6912
f 6913 6914 6915
f 6916 6917 6918
f 6919 6920 6921
f 6922 6923 6924
f 6925 6926 6927
f 6928 6929 6930
f 6931 6932 6933
f 6934 6935 6936
f 6937 6938 6939
f 6940 6941 6942
f 6943 6944 6945
f 6946 6947 6948
f 6949 6950 6951
f 6952 6953 6954
f 6955 6956 6957
f 6958 6959 6960
f 6961 6962 6963
f 6964 6965 6966
f 6967 6968 6969
f 6970 6971 6972
f 6973 6974 6975
f 6976 6977 6978
f 6979 6980 6981
f 6982 6983 6984
f 6985 6986 6987
f 6988 6989 6990
f 6991 6992 6993
f 6994 6995 6996
f 6997 6998 6999
f 7000 7001 7002
f 7003 7004 7005
f 7006 7007 7008
f 7009 7010 7011
f 7012 7013 7014
f 7015 7016 7017
f 7018 7019 7020
f 7021 7022 7023
f 7024 7025 7026
f 7027 7028 7029
f 7030 7031 7032
f 7033 7034 7035
f 7036 7037 7038
f 7039 7040 7041
f 7042 7043 7044
f 7045 7046 7047
f 7048 7049 7050
f 7051 7052 7053
f 7054 7055 7056
f 7057 7058 7059
f 7060 7061 7062
f 7063 7064 7065
f 7066 7067 7068
f 7069 7070 7071
f 7072 7073 7074
f 7075 7076 7077
f 7078 7079 7080
f 7081 7082 7083
f 7084 7085 7086
f 7087 7088 7089
f 7090 7091 7092
f 7093 7094 7095
f 7096 7097 7098
f 7099 7100 7101
f 7102 7103 7104
f 7105 7106 7107
f 7108 7109 7110
f 7111 7112 7113
f 7114 7115 7116
f 7117 7118 7119
f 7120 7121 7122
f 7123 7124 7125
f 7126 7127 7128
f 7129 7130 7131
f 7132 7133 7134
f 7135 7136 7137
f 7138 7139 7140
f 7141 7142 7143
f 7144 7145 7146
f 7147 7148 7149
f 7150 7151 7152
f 7153 7154 7155
f 7156 7157 7158
f 7159 7160 7161
f 7162 7163 7164
f 7165 7166 7167
f 7168 7169 7170
f 7171 7172 7173
f 7174 7175 7176
f 7177 7178 7179
f 7180 7181 7182
f 7183 7184 7185
f 7186 7187 7188
f 7189 7190 7191
f 7192 7193 7194
f 7195 7196 7197
f 7198 7199 7200
f 7201 7202 7203
f 7204 7205 7206
f 7207 7208 7209
f 7210 7211 7212
f 7213 7214 7215
f 7216 7217 7218
f 7219 7220 7221
f 7222 7223 7224
f 7225 7226 7227
f 7228 7229 7230
f 7231 7232 7233
f 7234 7235 7236
f 7237 7238 7239
f 7240 7241 7242
f 7243 7244 7245
f 7246 7247 7248
f 7249 7250 7251
f 7252 7253 7254
f 7255 7256 7257
f 7258 7259 7260
f 7261 7262 7263
f 7264 7265 7266
f 7267 7268 7269
f 7270 7271 7272
f 7273 7274 7275
f 7276 7277 7278
f 7279 7280 7281
f 7282 7283 7284
f 7285 7286 7287
f 7288 7289 7290
f 7291 7292 7293
f 7294 7295 7296
f 7297 7298 7299
f 7300 7301 7302
f 7303 7304 7305
f 7306 7307 7308
f 7309 7310 7311
f 7312 7313 7314
f 7315 7316 7317
f 7318 7319 7320
f 7321 7322 7323
f 7324 7325 7326
f 7327 7328 7329
f 7330 7331 7332
f 7333 7334 7335
f 7336 7337 7338
f 7339 7340 7341
f 7342 7343 7344
f 7345 7346 7347
f 7348 7349 7350
f 7351 7352 7353
f 7354 7355 7356
f 7357 7358 7359
f 7360 7361 7362
f 7363 7364 7365
f 7366 7367 7368
f 7369 7370 7371
f 7372 7373 7374
f 7375 7376 7377
f 7378 7379 7380
f 7381 7382 7383
f 7384 7385 7386
f 7387 7388 7389
f 7390 7391 7392
f 7393 7394 7395
f 7396 7397 7398
f 7399 7400 7401
f 7402 7403 7404
f 7405 7406 7407
f 7408 7409 7410
f 7411 7412 7413
f 7414 7415 7416
f 7417 7418 7419
f 7420 7421 7422
f 7423 7424 7425
f 7426 7427 7428
f 7429 7430 7431
f 7432 7433 7434
f 7435 7436 7437
f 7438 7439 7440
f 7441 7442 7443
f 7444 7445 7446
f 7447 7448 7449
f 7450 7451 7452
f 7453 7454 7455
f 7456 7457 7458
f 7459 7460 7461
f 7462 7463 7464
f 7465 7466 7467
f 7468 7469 7470
f 7471 7472 7473
f 7474 7475 7476
f 7477 7478 7479
f 7480 7481 7482
f 7483 7484 7485
f 7486 7487 7488
f 7489 7490 7491
f 7492 7493 7494
f 7495 7496 7497
f 7498 7499 7500
f 7501 7502 7503
f 7504 7505 7506
f 7507 7508 7509
f 7510 7511 7512
f 7513 7514 7515
f 7516 7517 7518
f 7519 7520 7521
f 7522 7523 7524
f 7525 7526 7527
f 7528 7529 7530
f 7531 7532 7533
f 7534 7535 7536
f 7537 7538 7539
f 7540 7541 7542
f 7543 7544 7545
f 7546 7547 7548
f 7549 7550 7551
f 7552 7553 7554
f 7555 7556 7557
f 7558 7559 7560
f 7561 7562 7563
f 7564 7565 7566
f 7567 7568 7569
f 7570 7571 7572
f 7573 7574 7575
f 7576 7577 7578
f 7579 7580 7581
f 7582 7583 7584
f 7585 7586 7587
f 7588 7589 7590
f 7591 7592 7593
f 7594 7595 7596
f 7597 7598 7599
f 7600 7601 7602
f 7603 7604 7605
f 7606 7607 7608
f 7609 7610 7611
f 7612 7613 7614
f 7615 7616 7617
f 7618 7619 7620
f 7621 7622 7623
f 7624 7625 7626
f 7627 7628 7629
f 7630 7631 7632
f 7633 7634 7635
f 7636 7637 7638
f 7639 7640 7641
f 7642 7643 7644
f 7645 7646 7647
f 7648 7649 7650
f 7651 7652 7653
f 7654 7655 7656
f 7657 7658 7659
f 7660 7661 7662
f 7663 7664 7665
f 7666 7667 7668
f 7669 7670 7671
f 7672 7673 7674
f 7675 7676 7677
f 7678 7679 7680
f 7681 7682 7683
f 7684 7685 7686
f 7687 7688 7689
f 7690 7691 7692
f 7693 7694 7695
f 7696 7697 7698
f 7699 7700 7701
f 7702 7703 7704
f 7705 7706 7707
f 7708 7709 7710
f 7711 7712 7713
f 7714 7715 7716
f 7717 7718 7719
f 7720 7721 7722
f 7723 7724 7725
f 7726 7727 7728
f 7729 7730 7731
f 7732 7733 7734
f 7735 7736 7737
f 7738 7739 7740
f 7741 7742 7743
f 7744 7745 7746
f 7747 7748 7749
f 7750 7751 7752
f 7753 7754 7755
f 7756 7757 7758
f 7759 7760 7761
f 7762 7763 7764
f 7765 7766 7767
f 7768 7769 7770
f 7771 7772 7773
f 7774 7775 7776
f 7777 7778 7779
f 7780 7781 7782
f 7783 7784 7785
f 7786 7787 7788
f 7789 7790 7791
f 7792 7793 7794
f 7795 7796 7797
f 7798 7799 7800
f 7801 7802 7803
f 7804 7805 7806
f 7807 7808 7809
f 7810 7811 7812
f 7813 7814 7815
f 7816 7817 7818
f 7819 7820 7821
f 7822 7823 7824
f 7825 7826 7827
f 7828 7829 7830
f 7831 7832 7833
f 7834 7835 7836
f 7837 7838 7839
f 7840 7841 7842
f 7843 7844 7845
f 7846 7847 7848
f 7849 7850 7851
f 7852 7853 7854
f 7855 7856 7857
f 7858 7859 7860
f 7861 7862 7863
f 7864 7865 7866
f 7867 7868 7869
f 7870 7871 7872
f 7873 7874 7875
f 7876 7877 7878
f 7879 7880 7881
f 7882 7883 7884
f 7885 7886 7887
f 7888 7889 7890
f 7891 7892 7893
f 7894 7895 7896
f 7897 7898 7899
f 7900 7901 7902
f 7903 7904 7905
f 7906 7907 7908
f 7909 7910 7911
f 7912 7913 7914
f 7915 7916 7917
f 7918 7919 7920
f 7921 7922 7923
f 7924 7925 7926
f 7927 7928 7929
f 7930 7931 7932
f 7933 7934 7935
f 7936 7937 7938
f 7939 7940 7941
f 7942 7943 7944
f 7945 7946 7947
f 7948 7949 7950
f 7951 7952 7953
f 7954 7955 7956
f 7957 7958 7959
f 7960 7961 7962
f 7963 7964 7965
f 7966 7967 7968
f 7969 7970 7971
f 7972 7973 7974
f 7975 7976 7977
f 7978 7979 7980
f 7981 7982 7983
f 7984 7985 7986
f 7987 7988 7989
f 7990 7991 7992
f 7993 7994 7995
f 7996 7997 7998
f 7999 8000 8001
f 8002 8003 8004
f 8005 8006 8007
f 8008 8009 8010
f 8011 8012 8013
f 8014 8015 8016
f 8017 8018 8019
f 8020 8021 8022
f 8023 8024 8025
f 8026 8027 8028
f 8029 8030 8031
f 8032 8033 8034
f 8035 8036 8037
f 8038 8039 8040
f 8041 8042 8043
f 8044 8045 8046
f 8047 8048 8049
f 8050 8051 8052
f 8053 8054 8055
f 8056 8057 8058
f 8059 8060 8061
f 8062 8063 8064
f 8065 8066 8067
f 8068 8069 8070
f 8071 8072 8073
f 8074 8075 8076
f 8077 8078 8079
f 8080 8081 8082
f 8083 8084 8085
f 8086 8087 8088
f 8089 8090 8091
f 8092 8093 8094
f 8095 8096 8097
f 8098 8099 8100
f 8101 8102 8103
f 8104 8105 8106
f 8107 8108 8109
f 8110 8111 8112
f 8113 8114 8115
f 8116 8117 8118
f 8119 8120 8121
f 8122 8123 8124
f 8125 8126 8127
f 8128 8129 8130
f 8131 8132 8133
f 8134 8135 8136
f 8137 8138 8139
f 8140 8141 8142
f 8143 8144 8145
f 8146 8147 8148
f 8149 8150 8151
f 8152 8153 8154
f 8155 8156 8157
f 8158 8159 8160
f 8161 8162 8163
f 8164 8165 8166
f 8167 8168 8169
f 8170 8171 8172
f 8173 8174 8175
f 8176 8177 8178
f 8179 8180 8181
f 8182 8183 8184
f 8185 8186 8187
f 8188 8189 8190
f 8191 8192 8193
f 8194 8195 8196
f 8197 8198 8199
f 8200 8201 8202
f 8203 8204 8205
f 8206 8207 8208
f 8209 8210 8211
f 8212 8213 8214
f 8215 8216 8217
f 8218 8219 8220
f 8221 8222 8223
f 8224 8225 8226
f 8227 8228 8229
f 8230 8231 8232
f 8233 8234 8235
f 8236 8237 8238
f 8239 8240 8241
f 8242 8243 8244
f 8245 8246 8247
f 8248 8249 8250
f 8251 8252 8253
f 8254 8255 8256
f 8257 8258 8259
f 8260 8261 8262
f 8263 8264 8265
f 8266 8267 8268
f 8269 8270 8271
f 8272 8273 8274
f 8275 8276 8277
f 8278 8279 8280
f 8281 8282 8283
f 8284 8285 8286
f 8287 8288 8289
f 8290 8291 8292
f 8293 8294 8295
f 8296 8297 8298
f 8299 8300 8301
f 8302 8303 8304
f 8305 8306 8307
f 8308 8309 8310
f 8311 8312 8313
f 8314 8315 8316
f 8317 8318 8319
f 8320 8321 8322
f 8323 8324 8325
f 8326 8327 8328
f 8329 8330 8331
f 8332 8333 8334
f 8335 8336 8337
f 8338 8339 8340
f 8341 8342 8343
f 8344 8345 8346
f 8347 8348 8349
f 8350 8351 8352
f 8353 8354 8355
f 8356 8357 8358
f 8359 8360 8361
f 8362 8363 8364
f 8365 8366 8367
f 8368 8369 8370
f 8371 8372 8373
f 8374 8375 8376
f 8377 8378 8379
f 8380 8381 8382
f 8383 8384 8385
f 8386 8387 8388
f 8389 8390 8391
f 8392 8393 8394
f 8395 8396 8397
f 8398 8399 8400
f 8401 8402 8403
f 8404 8405 8406
f 8407 8408 8409
f 8410 8411 8412
f 8413 8414 8415
f 8416 8417 8418
f 8419 8420 8421
f 8422 8423 8424
f 8425 8426 8427
f 8428 8429 8430
f 8431 8432 8433
f 8434 8435 8436
f 8437 8438 8439
f 8440 8441 8442
f 8443 8444 8445
f 8446 8447 8448
f 8449 8450 8451
f 8452 8453 8454
f 8455 8456 8457
f 8458 8459 8460
f 8461 8462 8463
f 8464 8465 8466
f 8467 8468 8469
f 8470 8471 8472
f 8473 8474 8475
f 8476 8477 8478
f 8479 8480 8481
f 8482 8483 8484
f 8485 8486 8487
f 8488 8489 8490
f 8491 8492 8493
f 8494 8495 8496
f 8497 8498 8499
f 8500 8501 8502
f 8503 8504 8505
f 8506 8507 8508
f 8509 8510 8511
f 8512 8513 8514
f 8515 8516 8517
f 8518 8519 8520
f 8521 8522 8523
f 8524 8525 8526
f 8527 8528 8529
f 8530 8531 8532
f 8533 8534 8535
f 8536 8537 8538
f 8539 8540 8541
f 8542 8543 8544
f 8545 8546 8547
f 8548 8549 8550
f 8551 8552 8553
f 8554 8555 8556
f 8557 8558 8559
f 8560 8561 8562
f 8563 8564 8565
f 8566 8567 8568
f 8569 8570 8571
f 8572 8573 8574
f 8575 8576 8577
f 8578 8579 8580
f 8581 8582 8583
f 8584 8585 8586
f 8587 8588 8589
f 8590 8591 8592
f 8593 8594 8595
f 8596 8597 8598
f 8599 8600 8601
f 8602 8603 8604
f 8605 8606 8607
f 8608 8609 8610
f 8611 8612 8613
f 8614 8615 8616
f 8617 8618 8619
f 8620 8621 8622
f 8623 8624 8625
f 8626 8627 8628
f 8629 8630 8631
f 8632 8633 8634
f 8635 8636 8637
f 8638 8639 8640
f 8641 8642 8643
f 8644 8645 8646
f 8647 8648 8649
f 8650 8651 8652
f 8653 8654 8655
f 8656 8657 8658
f 8659 8660 8661
f 8662 8663 8664
f 8665 8666 8667
f 8668 8669 8670
f 8671 8672 8673
f 8674 8675 8676
f 8677 8678 8679
f 8680 8681 8682
f 8683 8684 8685
f 8686 8687 8688
f 8689 8690 8691
f 8692 8693 8694
f 8695 8696 8697
f 8698 8699 8700
f 8701 8702 8703
f 8704 8705 8706
f 8707 8708 8709
f 8710 8711 8712
f 8713 8714 8715
f 8716 8717 8718
f 8719 8720 8721
f 8722 8723 8724
f 8725 8726 8727
f 8728 8729 8730
f 8731 8732 8733
f 8734 8735 8736
f 8737 8738 8739
f 8740 8741 8742
f 8743 8744 8745
f 8746 8747 8748
f 8749 8750 8751
f 8752 8753 8754
f 8755 8756 8757
f 8758 8759 8760
f 8761 8762 8763
f 8764 8765 8766
f 8767 8768 8769
f 8770 8771 8772
f 8773 8774 8775
f 8776 8777 8778
f 8779 8780 8781
f 8782 8783 8784
f 8785 8786 8787
f 8788 8789 8790
f 8791 8792 8793
f 8794 8795 8796
f 8797 8798 8799
f 8800 8801 8802
f 8803 8804 8805
f 8806 8807 8808
f 8809 8810 8811
f 8812 8813 8814
f 8815 8816 8817
f 8818 8819 8820
f 8821 8822 8823
f 8824 8825 8826
f 8827 8828 8829
f 8830 8831 8832
f 8833 8834 8835
f 8836 8837 8838
f 8839 8840 8841
f 8842 8843 8844
f 8845 8846 8847
f 8848 8849 8850
f 8851 8852 8853
f 8854 8855 8856
f 8857 8858 8859
f 8860 8861 8862
f 8863 8864 8865
f 8866 8867 8868
f 8869 8870 8871
f 8872 8873 8874
f 8875 8876 8877
f 8878 8879 8880
f 8881 8882 8883
f 8884 8885 8886
f 8887 8888 8889
f 8890 8891 8892
f 8893 8894 8895
f 8896 8897 8898
f 8899 8900 8901
f 8902 8903 8904
f 8905 8906 8907
f 8908 8909 8910
f 8911 8912 8913
f 8914 8915 8916
f 8917 8918 8919
f 8920 8921 8922
f 8923 8924 8925
f 8926 8927 8928
f 8929 8930 8931
f 8932 8933 8934
f 8935 8936 8937
f 8938 8939 8940
f 8941 8942 8943
f 8944 8945 8946
f 8947 8948 8949
f 8950 8951 8952
f 8953 8954 8955
f 8956 8957 8958
f 8959 8960 8961
f 8962 8963 8964
f 8965 8966 8967
f 8968 8969 8970
f 8971 8972 8973
f 8974 8975 8976
f 8977 8978 8979
f 8980 8981 8982
f 8983 8984 8985
f 8986 8987 8988
f 8989 8990 8991
f 8992 8993 8994
f 8995 8996 8997
f 8998 8999 9000
f 9001 9002 9003
f 9004 9005 9006
f 9007 9008 9009
f 9010 9011 9012
f 9013 9014 9015
f 9016 9017 9018
f 9019 9020 9021
f 9022 9023 9024
f 9025 9026 9027
f 9028 9029 9030
f 9031 9032 9033
f 9034 9035 9036
f 9037 9038 9039
f 9040 9041 9042
f 9043 9044 9045
f 9046 9047 9048
f 9049 9050 9051
f 9052 9053 9054
f 9055 9056 9057
f 9058 9059 9060
f 9061 9062 9063
f 9064 9065 9066
f 9067 9068 9069
f 9070 9071 9072
f 9073 9074 9075
f 9076 9077 9078
f 9079 9080 9081
f 9082 9083 9084
f 9085 9086 9087
f 9088 9089 9090
f 9091 9092 9093
f 9094 9095 9096
f 9097 9098 9099
f 9100 9101 9102
f 9103 9104 9105
f 9106 9107 9108
f 9109 9110 9111
f 9112 9113 9114
f 9115 9116 9117
f 9118 9119 9120
f 9121 9122 9123
f 9124 9125 9126
f 9127 9128 9129
f 9130 9131 9132
f 9133 9134 9135
f 9136 9137 9138
f 9139 9140 9141
f 9142 9143 9144
f 9145 9146 9147
f 9148 9149 9150
f 9151 9152 9153
f 9154 9155 9156
f 9157 9158 9159
f 9160 9161 9162
f 9163 9164 9165
f 9166 9167 9168
f 9169 9170 9171
f 9172 9173 9174
f 9175 9176 9177
f 9178 9179 9180
f 9181 9182 9183
f 9184 9185 9186
f 9187 9188 9189
f 9190 9191 9192
f 9193 9194 9195
f 9196 9197 9198
f 9199 9200 9201
f 9202 9203 9204
f 9205 9206 9207
f 9208 9209 9210
f 9211 9212 9213
f 9214 9215 9216
f 9217 9218 9219
f 9220 9221 9222
f 9223 9224 9225
f 9226 9227 9228
f 9229 9230 9231
f 9232 9233 9234
f 9235 9236 9237
f 9238 9239 9240
f 9241 9242 9243
f 9244 9245 9246
f 9247 9248 9249
f 9250 9251 9252
f 9253 9254 9255
f 9256 9257 9258
f 9259 9260 9261
f 9262 9263 9264
f 9265 9266 9267
f 9268 9269 9270
f 9271 9272 9273
f 9274 9275 9276
f 9277 9278 9279
f 9280 9281 9282
f 9283 9284 9285
f 9286 9287 9288
f 9289 9290 9291
f 9292 9293 9294
f 9295 9296 9297
f 9298 9299 9300
f 9301 9302 9303
f 9304 9305 9306
f 9307 9308 9309
f 9310 9311 9312
f 9313 9314 9315
f 9316 9317 9318
f 9319 9320 9321
f 9322 9323 9324
f 9325 9326 9327
f 9328 9329 9330
f 9331 9332 9333
f 9334 9335 9336
f 9337 9338 9339
f 9340 9341 9342
f 9343 9344 9345
f 9346 9347 9348
f 9349 9350 9351
f 9352 9353 9354
f 9355 9356 9357
f 9358 9359 9360
f 9361 9362 9363
f 9364 9365 9366
f 9367 9368 9369
f 9370 9371 9372
f 9373 9374 9375
f 9376 9377 9378
f 9379 9380 9381
f 9382 9383 9384
f 9385 9386 9387
f 9388 9389 9390
f 9391 9392 9393
f 9394 9395 9396
f 9397 9398 9399
f 9400 9401 9402
f 9403 9404 9405
f 9406 9407 9408
f 9409 9410 9411
f 9412 9413 9414
f 9415 9416 9417
f 9418 9419 9420
f 9421 9422 9423
f 9424 9425 9426
f 9427 9428 9429
f 9430 9431 9432
f 9433 9434 9435
f 9436 9437 9438
f 9439 9440 9441
f 9442 9443 9444
f 9445 9446 9447
f 9448 9449 9450
f 9451 9452 9453
f 9454 9455 9456
f 9457 9458 9459
f 9460 9461 9462
f 9463 9464 9465
f 9466 9467 9468
f 9469 9470 9471
f 9472 9473 9474
f 9475 9476 9477
f 9478 9479 9480
f 9481 9482 9483
f 9484 9485 9486
f 9487 9488 9489
f 9490 9491 9492
f 9493 9494 9495
f 9496 9497 9498
f 9499 9500 9501
f 9502 9503 9504
f 9505 9506 9507
f 9508 9509 9510
f 9511 9512 9513
f 9514 9515 9516
f 9517 9518 9519
f 9520 9521 9522
f 9523 9524 9525
f 9526 9527 9528
f 9529 9530 9531
f 9532 9533 9534
f 9535 9536 9537
f 9538 9539 9540
f 9541 9542 9543
f 9544 9545 9546
f 9547 9548 9549
f 9550 9551 9552
f 9553 9554 9555
f 9556 9557 9558
f 9559 9560 9561
f 9562 9563 9564
f 9565 9566 9567
f 9568 9569 9570
f 9571 9572 9573
f 9574 9575 9576
f 9577 9578 9579
f 9580 9581 9582
f 9583 9584 9585
f 9586 9587 9588
f 9589 9590 9591
f 9592 9593 9594
f 9595 9596 9597
f 9598 9599 9600
f 9601 9602 9603
f 9604 9605 9606
f 9607 9608 9609
f 9610 9611 9612
f 9613 9614 9615
f 9616 9617 9618
f 9619 9620 9621
f 9622 9623 9624
f 9625 9626 9627
f 9628 9629 9630
f 9631 9632 9633
f 9634 9635 9636
f 9637 9638 9639
f 9640 9641 9642
f 9643 9644 9645
f 9646 9647 9648
f 9649 9650 9651
f 9652 9653 9654
f 9655 9656 9657
f 9658 9659 9660
f 9661 9662 9663
f 9664 9665 9666
f 9667 9668 9669
f 9670 9671 9672
f 9673 9674 9675
f 9676 9677 9678
f 9679 9680 9681
f 9682 9683 9684
f 9685 9686 9687
f 9688 9689 9690
f 9691 9692 9693
f 9694 9695 9696
f 9697 9698 9699
f 9700 9701 9702
f 9703 9704 9705
f 9706 9707 9708
f 9709 9710 9711
f 9712 9713 9714
f 9715 9716 9717
f 9718 9719 9720
f 9721 9722 9723
f 9724 9725 9726
f 9727 9728 9729
f 9730 9731 9732
f 9733 9734 9735
f 9736 9737 9738
f 9739 9740 9741
f 9742 9743 9744
f 9745 9746 9747
f 9748 9749 9750
f 9751 9752 9753
f 9754 9755 9756
f 9757 9758 9759
f 9760 9761 9762
f 9763 9764 9765
f 9766 9767 9768
f 9769 9770 9771
f 9772 9773 9774
f 9775 9776 9777
f 9778 9779 9780
f 9781 9782 9783
f 9784 9785 9786
f 9787 9788 9789
f 9790 9791 9792
f 9793 9794 9795
f 9796 9797 9798
f 9799 9800 9801
f 9802 9803 9804
f 9805 9806 9807
f 9808 9809 9810
f 9811 9812 9813
f 9814 9815 9816
f 9817 9818 9819
f 9820 9821 9822
f 9823 9824 9825
f 9826 9827 9828
f 9829 9830 9831
f 9832 9833 9834
f 9835 9836 9837
f 9838 9839 9840
f 9841 9842 9843
f 9844 9845 9846
f 9847 9848 9849
f 9850 9851 9852
f 9853 9854 9855
f 9856 9857 9858
f 9859 9860 9861
f 9862 9863 9864
f 9865 9866 9867
f 9868 9869 9870
f 9871 9872 9873
f 9874 9875 9876
f 9877 9878 9879
f 9880 9881 9882
f 9883 9884 9885
f 9886 9887 9888
f 9889 9890 9891
f 9892 9893 9894
f 9895 9896 9897
f 9898 9899 9900
f 9901 9902 9903
f 9904 9905 9906
f 9907 9908 9909
f 9910 9911 9912
f 9913 9914 9915
f 9916 9917 9918
f 9919 9920 9921
f 9922 9923 9924
f 9925 9926 9927
f 9928 9929 9930
f 9931 9932 9933
f 9934 9935 9936
f 9937 9938 9939
f 9940 9941 9942
f 9943 9944 9945
f 9946 9947 9948
f 9949 9950 9951
f 9952 9953 9954
f 9955 9956 9957
f 9958 9959 9960
f 9961 9962 9963
f 9964 9965 9966
f 9967 9968 9969
f 9970 9971 9972
f 9973 9974 9975
f 9976 9977 9978
f 9979 9980 9981
f 9982 9983 9984
f 9985 9986 9987
f 9988 9989 9990
f 9991 9992 9993
f 9994 9995 9996
f 9997 9998 9999
f 10000 10001 10002
f 10003 10004 10005
f 10006 10007 10008
f 10009 10010 10011
f 10012 10013 10014
f 10015 10016 10017
f 10018 10019 10020
f 10021 10022 10023
f 10024 10025 10026
f 10027 10028 10029
f 10030 10031 10032
f 10033 10034 10035
f 10036 10037 10038
f 10039 10040 10041
f 10042 10043 10044
f 10045 10046 10047
f 10048 10049 10050
f 10051 10052 10053
f 10054 10055 10056
f 10057 10058 10059
f 10060 10061 10062
f 10063 10064 10065
f 10066 10067 10068
f 10069 10070 10071
f 10072 10073 10074
f 10075 10076 10077
f 10078 10079 10080
f 10081 10082 10083
f 10084 10085 10086
f 10087 10088 10089
f 10090 10091 10092
f 10093 10094 10095
f 10096 10097 10098
f 10099 10100 10101
f 10102 10103 10104
f 10105 10106 10107
f 10108 10109 10110
f 10111 10112 10113
f 10114 10115 10116
f 10117 10118 10119
f 10120 10121 10122
f 10123 10124 10125
f 10126 10127 10128
f 10129 10130 10131
f 10132 10133 10134
f 10135 10136 10137
f 10138 10139 10140
f 10141 10142 10143
f 10144 10145 10146
f 10147 10148 10149
f 10150 10151 10152
f 10153 10154 10155
f 10156 10157 10158
f 10159 10160 10161
f 10162 10163 10164
f 10165 10166 10167
f 10168 10169 10170
f 10171 10172 10173
f 10174 10175 10176
f 10177 10178 10179
f 10180 10181 10182
f 10183 10184 10185
f 10186 10187 10188
f 10189 10190 10191
f 10192 10193 10194
f 10195 10196 10197
f 10198 10199 10200
f 10201 10202 10203
f 10204 10205 10206
f 10207 10208 10209
f 10210 10211 10212
f 10213 10214 10215
f 10216 10217 10218
f 10219 10220 10221
f 10222 10223 10224
f 10225 10226 10227
f 10228 10229 10230
f 10231 10232 10233
f 10234 10235 10236
f 10237 10238 10239
f 10240 10241 10242
f 10243 10244 10245
f 10246 10247 10248
f 10249 10250 10251
f 10252 10253 10254
f 10255 10256 10257
f 10258 10259 10260
f 10261 10262 10263
f 10264 10265 10266
f 10267 10268 10269
f 10270 10271 10272
f 10273 10274 10275
f 10276 10277 10278
f 10279 10280 10281
f 10282 10283 10284
f 10285 10286 10287
f 10288 10289 10290
f 10291 10292 10293
f 10294 10295 10296
f 10297 10298 10299
f 10300 10301 10302
f 10303 10304 10305
f 10306 10307 10308
f 10309 10310 10311
f 10312 10313 10314
f 10315 10316 10317
f 10318 10319 10320
f 10321 10322 10323
f 10324 10325 10326
f 10327 10328 10329
f 10330 10331 10332
f 10333 10334 10335
f 10336 10337 10338
f 10339 10340 10341
f 10342 10343 10344
f 10345 10346 10347
f 10348 10349 10350
f 10351 10352 10353
f 10354 10355 10356
f 10357 10358 10359
f 10360 10361 10362
f 10363 10364 10365
f 10366 10367 10368
f 10369 10370 10371
f 10372 10373 10374
f 10375 10376 10377
f 10378 10379 10380
f 10381 10382 10383
f 10384 10385 10386
f 10387 10388 10389
f 10390 10391 10392
f 10393 10394 10395
f 10396 10397 10398
f 10399 10400 10401
f 10402 10403 10404
f 10405 10406 10407
f 10408 10409 10410
f 10411 10412 10413
f 10414 10415 10416
f 10417 10418 10419
f 10420 10421 10422
f 10423 10424 10425
f 10426 10427 10428
f 10429 10430 10431
f 10432 10433 10434
f 10435 10436 10437
f 10438 10439 10440
f 10441 10442 10443
f 10444 10445 10446
f 10447 10448 10449
f 10450 10451 10452
f 10453 10454 10455
f 10456 10457 10458
f 10459 10460 10461
f 10462 10463 10464
f 10465 10466 10467
f 10468 10469 10470
f 10471 10472 10473
f 10474 10475 10476
f 10477 10478 10479
f 10480 10481 10482
f 10483 10484 10485
f 10486 10487 10488
f 10489 10490 10491
f 10492 10493 10494
f 10495 10496 10497
f 10498 10499 10500
f 10501 10502 10503
f 10504 10505 10506
f 10507 10508 10509
f 10510 10511 10512
f 10513 10514 10515
f 10516 10517 10518
f 10519 10520 10521
f 10522 10523 10524
f 10525 10526 10527
f 10528 10529 10530
f 10531 10532 10533
f 10534 10535 10536
f 10537 10538 10539
f 10540 10541 10542
f 10543 10544 10545
f 10546 10547 10548
f 10549 10550 10551
f 10552 10553 10554
f 10555 10556 10557
f 10558 10559 10560
f 10561 10562 10563
f 10564 10565 10566
f 10567 10568 10569
f 10570 10571 10572
f 10573 10574 10575
f 10576 10577 10578
f 10579 10580 10581
f 10582 10583 10584
f 10585 10586 10587
f 10588 10589 10590
f 10591 10592 10593
f 10594 10595 10596
f 10597 10598 10599
f 10600 10601 10602
f 10603 10604 10605
f 10606 10607 10608
f 10609 10610 10611
f 10612 10613 10614
f 10615 10616 10617
f 10618 10619 10620
f 10621 10622 10623
f 10624 10625 10626
f 10627 10628 10629
f 10630 10631 10632
f 10633 10634 10635
f 10636 10637 10638
f 10639 10640 10641
f 10642 10643 10644
f 10645 10646 10647
f 10648 10649 10650
f 10651 10652 10653
f 10654 10655 10656
f 10657 10658 10659
f 10660 10661 10662
f 10663 10664 10665
f 10666 10667 10668
f 10669 10670 10671
f 10672 10673 10674
f 10675 10676 10677
f 10678 10679 10680
f 10681 10682 10683
f 10684 10685 10686
f 10687 10688 10689
f 10690 10691 10692
f 10693 10694 10695
f 10696 10697 10698
f 10699 10700 10701
f 10702 10703 10704
f 10705 10706 10707
f 10708 10709 10710
f 10711 10712 10713
f 10714 10715 10716
f 10717 10718 10719
f 10720 10721 10722
f 10723 10724 10725
f 10726 10727 10728
f 10729 10730 10731
f 10732 10733 10734
f 10735 10736 10737
f 10738 10739 10740
f 10741 10742 10743
f 10744 10745 10746
f 10747 10748 10749
f 10750 10751 10752
f 10753 10754 10755
f 10756 10757 10758
f 10759 10760 10761
f 10762 10763 10764
f 10765 10766 10767
f 10768 10769 10770
f 10771 10772 10773
f 10774 10775 10776
f 10777 10778 10779
f 10780 10781 10782
f 10783 10784 10785
f 10786 10787 10788
f 10789 10790 10791
f 10792 10793 10794
f 10795 10796 10797
f 10798 10799 10800
f 10801 10802 10803
f 10804 10805 10806
f 10807 10808 10809
f 10810 10811 10812
f 10813 10814 10815
f 10816 10817 10818
f 10819 10820 10821
f 10822 10823 10824
f 10825 10826 10827
f 10828 10829 10830
f 10831 10832 10833
f 10834 10835 10836
f 10837 10838 10839
f 10840 10841 10842
f 10843 10844 10845
f 10846 10847 10848
f 10849 10850 10851
f 10852 10853 10854
f 10855 10856 10857
f 10858 10859 10860
f 10861 10862 10863
f 10864 10865 10866
f 10867 10868 10869
f 10870 10871 10872
f 10873 10874 10875
f 10876 10877 10878
f 10879 10880 10881
f 10882 10883 10884
f 10885 10886 10887
f 10888 10889 10890
f 10891 10892 10893
f 10894 10895 10896
f 10897 10898 10899
f 10900 10901 10902
f 10903 10904 10905
f 10906 10907 10908
f 10909 10910 10911
f 10912 10913 10914
f 10915 10916 10917
f 10918 10919 10920
f 10921 10922 10923
f 10924 10925 10926
f 10927 10928 10929
f 10930 10931 10932
f 10933 10934 10935
f 10936 10937 10938
f 10939 10940 10941
f 10942 10943 10944
f 10945 10946 10947
f 10948 10949 10950
f 10951 10952 10953
f 10954 10955 10956
f 10957 10958 10959
f 10960 10961 10962
f 10963 10964 10965
f 10966 10967 10968
f 10969 10970 10971
f 10972 10973 10974
f 10975 10976 10977
f 10978 10979 10980
f 10981 10982 10983
f 10984 10985 10986
f 10987 10988 10989
f 10990 10991 10992
f 10993 10994 10995
f 10996 10997 10998
f 10999 11000 11001
f 11002 11003 11004
f 11005 11006 11007
f 11008 11009 11010
f 11011 11012 11013
f 11014 11015 11016
f 11017 11018 11019
f 11020 11021 11022
f 11023 11024 11025
f 11026 11027 11028
f 11029 11030 11031
f 11032 11033 11034
f 11035 11036 11037
f 11038 11039 11040
f 11041 11042 11043
f 11044 11045 11046
f 11047 11048 11049
f 11050 11051 11052
f 11053 11054 11055
f 11056 11057 11058
f 11059 11060 11061
f 11062 11063 11064
f 11065 11066 11067
f 11068 11069 11070
f 11071 11072 11073
f 11074 11075 11076
f 11077 11078 11079
f 11080 11081 11082
f 11083 11084 11085
f 11086 11087 11088
f 11089 11090 11091
f 11092 11093 11094
f 11095 11096 11097
f 11098 11099 11100
f 11101 11102 11103
f 11104 11105 11106
f 11107 11108 11109
f 11110 11111 11112
f 11113 11114 11115
f 11116 11117 11118
f 11119 11120 11121
f 11122 11123 11124
f 11125 11126 11127
f 11128 11129 11130
f 11131 11132 11133
f 11134 11135 11136
f 11137 11138 11139
f 11140 11141 11142
f 11143 11144 11145
f 11146 11147 11148
f 11149 11150 11151
f 11152 11153 11154
f 11155 11156 11157
f 11158 11159 11160
f 11161 11162 11163
f 11164 11165 11166
f 11167 11168 11169
f 11170 11171 11172
f 11173 11174 11175
f 11176 11177 11178
f 11179 11180 11181
f 11182 11183 11184
f 11185 11186 11187
f 11188 11189 11190
f 11191 11192 11193
f 11194 11195 11196
f 11197 11198 11199
f 11200 11201 11202
f 11203 11204 11205
f 11206 11207 11208
f 11209 11210 11211
f 11212 11213 11214
f 11215 11216 11217
f 11218 11219 11220
f 11221 11222 11223
f 11224 11225 11226
f 11227 11228 11229
f 11230 11231 11232
f 11233 11234 11235
f 11236 11237 11238
f 11239 11240 11241
f 11242 11243 11244
f 11245 11246 11247
f 11248 11249 11250
f 11251 11252 11253
f 11254 11255 11256
f 11257 11258 11259
f 11260 11261 11262
f 11263 11264 11265
f 11266 11267 11268
f 11269 11270 11271
f 11272 11273 11274
f 11275 11276 11277
f 11278 11279 11280
f 11281 11282 11283
f 11284 11285 11286
f 11287 11288 11289
f 11290 11291 11292
f 11293 11294 11295
f 11296 11297 11298
f 11299 11300 11301
f 11302 11303 11304
f 11305 11306 11307
f 11308 11309 11310
f 11311 11312 11313
f 11314 11315 11316
f 11317 11318 11319
f 11320 11321 11322
f 11323 11324 11325
f 11326 11327 11328
f 11329 11330 11331
f 11332 11333 11334
f 11335 11336 11337
f 11338 11339 11340
f 11341 11342 11343
f 11344 11345 11346
f 11347 11348 11349
f 11350 11351 11352
f 11353 11354 11355
f 11356 11357 11358
f 11359 11360 11361
f 11362 11363 11364
f 11365 11366 11367
f 11368 11369 11370
f 11371 11372 11373
f 11374 11375 11376
f 11377 11378 11379
f 11380 11381 11382
f 11383 11384 11385
f 11386 11387 11388
f 11389 11390 11391
f 11392 11393 11394
f 11395 11396 11397
f 11398 11399 11400
f 11401 11402 11403
f 11404 11405 11406
f 11407 11408 11409
f 11410 11411 11412
f 11413 11414 11415
f 11416 11417 11418
f 11419 11420 11421
f 11422 11423 11424
f 11425 11426 11427
f 11428 11429 11430
f 11431 11432 11433
f 11434 11435 11436
f 11437 11438 11439
f 11440 11441 11442
f 11443 11444 11445
f 11446 11447 11448
f 11449 11450 11451
f 11452 11453 11454
f 11455 11456 11457
f 11458 11459 11460
f 11461 11462 11463
f 11464 11465 11466
f 11467 11468 11469
f 11470 11471 11472
f 11473 11474 11475
f 11476 11477 11478
f 11479 11480 11481
f 11482 11483 11484
f 11485 11486 11487
f 11488 11489 11490
f 11491 11492 11493
f 11494 11495 11496
f 11497 11498 11499
f 11500 11501 11502
f 11503 11504 11505
f 11506 11507 11508
f 11509 11510 11511
f 11512 11513 11514
f 11515 11516 11517
f 11518 11519 11520
f 11521 11522 11523
f 11524 11525 11526
f 11527 11528 11529
f 11530 11531 11532
f 11533 11534 11535
f 11536 11537 11538
f 11539 11540 11541
f 11542 11543 11544
f 11545 11546 11547
f 11548 11549 11550
f 11551 11552 11553
f 11554 11555 11556
f 11557 11558 11559
f 11560 11561 11562
f 11563 11564 11565
f 11566 11567 11568
f 11569 11570 11571
f 11572 11573 11574
f 11575 11576 11577
f 11578 11579 11580
f 11581 11582 11583
f 11584 11585 11586
f 11587 11588 11589
f 11590 11591 11592
f 11593 11594 11595
f 11596 11597 11598
f 11599 11600 11601
f 11602 11603 11604
f 11605 11606 11607
f 11608 11609 11610
f 11611 11612 11613
f 11614 11615 11616
