mtllib rl_dg_1_tip_c_node_STL_BINARY__mesh.mtl
v 0.01076017040759325 -2.7755575615628914e-17 0.001500000013038516
v -0.01076017040759325 -2.7755575615628914e-17 0.004219046328216791
v -0.01076017040759325 -2.7755575615628914e-17 0.001500000013038516
v -0.01076017040759325 -2.7755575615628914e-17 0.004219046328216791
v -0.010605061426758766 0.001457521109841764 0.004114226903766394
v -0.01076017040759325 -2.7755575615628914e-17 0.001500000013038516
v -0.010605061426758766 0.001457521109841764 0.004114226903766394
v -0.01075978297740221 3.985191597166704e-06 0.0013457175809890032
v -0.01076017040759325 -2.7755575615628914e-17 0.001500000013038516
v -0.01075978297740221 3.985191597166704e-06 0.0013457175809890032
v 0.01076017040759325 -2.7755575615628914e-17 0.001500000013038516
v -0.01076017040759325 -2.7755575615628914e-17 0.001500000013038516
v -0.009975556284189224 7.44755368486949e-07 0.007422417402267456
v -0.010215804912149906 1.1186208439539769e-06 0.006921123713254929
v 0.01076017040759325 -2.7755575615628914e-17 0.001500000013038516
v 0.01076017040759325 -2.7755575615628914e-17 0.004219046328216791
v -0.009975556284189224 7.44755368486949e-07 0.007422417402267456
v 0.01076017040759325 -2.7755575615628914e-17 0.001500000013038516
v -0.010215804912149906 1.1186208439539769e-06 0.006921123713254929
v -0.010264556854963303 1.1367924344085623e-06 0.006786908023059368
v 0.01076017040759325 -2.7755575615628914e-17 0.001500000013038516
v -0.010264556854963303 1.1367924344085623e-06 0.006786908023059368
v -0.010450669564306736 1.2061640290994546e-06 0.006274528801441193
v 0.01076017040759325 -2.7755575615628914e-17 0.001500000013038516
v -0.010450669564306736 1.2061640290994546e-06 0.006274528801441193
v -0.010485121048986912 1.1392670558052487e-06 0.006139227654784918
v 0.01076017040759325 -2.7755575615628914e-17 0.001500000013038516
v -0.010485121048986912 1.1392670558052487e-06 0.006139227654784918
v -0.010621570982038975 8.74309876053303e-07 0.00560334324836731
v 0.01076017040759325 -2.7755575615628914e-17 0.001500000013038516
v -0.010621570982038975 8.74309876053303e-07 0.00560334324836731
v -0.010638737119734287 7.832146025066322e-07 0.005489489529281855
v 0.01076017040759325 -2.7755575615628914e-17 0.001500000013038516
v -0.010638737119734287 7.832146025066322e-07 0.005489489529281855
v -0.010725525207817554 3.226602416361857e-07 0.004913873504847288
v 0.01076017040759325 -2.7755575615628914e-17 0.001500000013038516
v -0.010725525207817554 3.226602416361857e-07 0.004913873504847288
v -0.01072886772453785 2.9153088121347537e-07 0.004846838302910328
v 0.01076017040759325 -2.7755575615628914e-17 0.001500000013038516
v -0.01072886772453785 2.9153088121347537e-07 0.004846838302910328
v -0.01076017040759325 -2.7755575615628914e-17 0.004219046328216791
v 0.01076017040759325 -2.7755575615628914e-17 0.001500000013038516
v 0.010605690069496632 0.001502860919572413 0.00411739107221365
v 0.01076017040759325 -2.7755575615628914e-17 0.004219046328216791
v 0.01076017040759325 -2.7755575615628914e-17 0.001500000013038516
v 0.010756832547485828 3.4317621611990035e-05 0.0010474228765815496
v 0.010605690069496632 0.001502860919572413 0.00411739107221365
v 0.01076017040759325 -2.7755575615628914e-17 0.001500000013038516
v -0.01075978297740221 3.985191597166704e-06 0.0013457175809890032
v 0.010756832547485828 3.4317621611990035e-05 0.0010474228765815496
v 0.01076017040759325 -2.7755575615628914e-17 0.001500000013038516
v -0.01072886772453785 2.9153088121347537e-07 0.004846838302910328
v -0.010605061426758766 0.001457521109841764 0.004114226903766394
v -0.01076017040759325 -2.7755575615628914e-17 0.004219046328216791
v 0.010751799680292606 2.6162423338860208e-08 0.004561134614050388
v -0.009975556284189224 7.44755368486949e-07 0.007422417402267456
v 0.01076017040759325 -2.7755575615628914e-17 0.004219046328216791
v 0.010605690069496632 0.001502860919572413 0.00411739107221365
v 0.010751799680292606 2.6162423338860208e-08 0.004561134614050388
v 0.01076017040759325 -2.7755575615628914e-17 0.004219046328216791
v 0.010723281651735306 5.5491309325361726e-08 0.004846116062253714
v -0.00923002790659666 -2.7755575615628914e-17 0.008570743724703789
v -0.00934333261102438 -2.7755575615628914e-17 0.008432378992438316
v -0.009568912908434868 1.2845099206515442e-07 0.00811744388192892
v 0.010723281651735306 5.5491309325361726e-08 0.004846116062253714
v -0.00934333261102438 -2.7755575615628914e-17 0.008432378992438316
v -0.009456449188292027 0.001629508100450039 0.007923465222120285
v -0.009568912908434868 1.2845099206515442e-07 0.00811744388192892
v -0.00934333261102438 -2.7755575615628914e-17 0.008432378992438316
v -0.009159275330603123 0.00035382388159632683 0.008586971089243889
v -0.009456449188292027 0.001629508100450039 0.007923465222120285
v -0.00934333261102438 -2.7755575615628914e-17 0.008432378992438316
v -0.00923002790659666 -2.7755575615628914e-17 0.008570743724703789
v -0.009159275330603123 0.00035382388159632683 0.008586971089243889
v -0.00934333261102438 -2.7755575615628914e-17 0.008432378992438316
v 0.008936412632465363 -2.7755575615628914e-17 0.00884125754237175
v 0.009616178460419178 3.412506188738007e-08 0.008033121936023235
v 0.00934333261102438 -2.7755575615628914e-17 0.008432378992438316
v 0.009069292806088924 -2.7755575615628914e-17 0.008736218325793743
v 0.008936412632465363 -2.7755575615628914e-17 0.00884125754237175
v 0.00934333261102438 -2.7755575615628914e-17 0.008432378992438316
v 0.009616178460419178 3.412506188738007e-08 0.008033121936023235
v 0.009159371256828308 0.00035382973146624863 0.00858702789992094
v 0.00934333261102438 -2.7755575615628914e-17 0.008432378992438316
v 0.009159371256828308 0.00035382973146624863 0.00858702789992094
v 0.009069292806088924 -2.7755575615628914e-17 0.008736218325793743
v 0.00934333261102438 -2.7755575615628914e-17 0.008432378992438316
v 0.010723281651735306 5.5491309325361726e-08 0.004846116062253714
v -0.008940935134887695 -2.7755575615628914e-17 0.008847200311720371
v -0.00923002790659666 -2.7755575615628914e-17 0.008570743724703789
v -0.008940935134887695 -2.7755575615628914e-17 0.008847200311720371
v -0.009159275330603123 0.00035382388159632683 0.008586971089243889
v -0.00923002790659666 -2.7755575615628914e-17 0.008570743724703789
v 0.009159371256828308 0.00035382973146624863 0.00858702789992094
v 0.008936412632465363 -2.7755575615628914e-17 0.00884125754237175
v 0.009069292806088924 -2.7755575615628914e-17 0.008736218325793743
v 0.010484286583960056 3.8153672221596935e-08 0.006138706114143133
v 0.010339094325900078 6.005433483835532e-09 0.0066069792956113815
v 0.008936412632465363 -2.7755575615628914e-17 0.00884125754237175
v 0.008746366016566753 -2.7755575615628914e-17 0.008991487324237823
v 0.010484286583960056 3.8153672221596935e-08 0.006138706114143133
v 0.008936412632465363 -2.7755575615628914e-17 0.00884125754237175
v 0.010339094325900078 6.005433483835532e-09 0.0066069792956113815
v 0.01026348676532507 2.104926011270436e-08 0.0067861732095479965
v 0.008936412632465363 -2.7755575615628914e-17 0.00884125754237175
v 0.01026348676532507 2.104926011270436e-08 0.0067861732095479965
v 0.010069260373711586 5.969480554313122e-08 0.007246496621519327
v 0.008936412632465363 -2.7755575615628914e-17 0.00884125754237175
v 0.010069260373711586 5.969480554313122e-08 0.007246496621519327
v 0.00997394509613514 5.6645838242275204e-08 0.0074212439358234406
v 0.008936412632465363 -2.7755575615628914e-17 0.00884125754237175
v 0.00997394509613514 5.6645838242275204e-08 0.0074212439358234406
v 0.009616178460419178 3.412506188738007e-08 0.008033121936023235
v 0.008936412632465363 -2.7755575615628914e-17 0.00884125754237175
v 0.008579852059483528 0.0007108391146175563 0.009113729931414127
v 0.008746366016566753 -2.7755575615628914e-17 0.008991487324237823
v 0.008936412632465363 -2.7755575615628914e-17 0.00884125754237175
v 0.009159371256828308 0.00035382973146624863 0.00858702789992094
v 0.008579852059483528 0.0007108391146175563 0.009113729931414127
v 0.008936412632465363 -2.7755575615628914e-17 0.00884125754237175
v 0.010723281651735306 5.5491309325361726e-08 0.004846116062253714
v -0.00893314741551876 -2.7755575615628914e-17 0.008854648098349571
v -0.008940935134887695 -2.7755575615628914e-17 0.008847200311720371
v -0.00893314741551876 -2.7755575615628914e-17 0.008854648098349571
v -0.008579852059483528 0.0007108391146175563 0.009113729931414127
v -0.008940935134887695 -2.7755575615628914e-17 0.008847200311720371
v -0.008868681266903877 0.0009124487405642867 0.008831044659018517
v -0.009159275330603123 0.00035382388159632683 0.008586971089243889
v -0.008940935134887695 -2.7755575615628914e-17 0.008847200311720371
v -0.008579852059483528 0.0007108391146175563 0.009113729931414127
v -0.008868681266903877 0.0009124487405642867 0.008831044659018517
v -0.008940935134887695 -2.7755575615628914e-17 0.008847200311720371
v 0.010723281651735306 5.5491309325361726e-08 0.004846116062253714
v -0.008595675230026245 -2.7755575615628914e-17 0.00908358208835125
v -0.00893314741551876 -2.7755575615628914e-17 0.008854648098349571
v -0.008595675230026245 -2.7755575615628914e-17 0.00908358208835125
v -0.008579852059483528 0.0007108391146175563 0.009113729931414127
v -0.00893314741551876 -2.7755575615628914e-17 0.008854648098349571
v 0.008456156589090824 -2.7755575615628914e-17 0.009150194935500622
v 0.010484286583960056 3.8153672221596935e-08 0.006138706114143133
v 0.008746366016566753 -2.7755575615628914e-17 0.008991487324237823
v 0.008579852059483528 0.0007108391146175563 0.009113729931414127
v 0.008456156589090824 -2.7755575615628914e-17 0.009150194935500622
v 0.008746366016566753 -2.7755575615628914e-17 0.008991487324237823
v 0.010723281651735306 5.5491309325361726e-08 0.004846116062253714
v -0.008455692790448666 -2.7755575615628914e-17 0.009147523902356625
v -0.008595675230026245 -2.7755575615628914e-17 0.00908358208835125
v -0.008455692790448666 -2.7755575615628914e-17 0.009147523902356625
v -0.008219203911721706 0.0005015554488636553 0.009316681884229183
v -0.008595675230026245 -2.7755575615628914e-17 0.00908358208835125
v -0.008219203911721706 0.0005015554488636553 0.009316681884229183
v -0.008579852059483528 0.0007108391146175563 0.009113729931414127
v -0.008595675230026245 -2.7755575615628914e-17 0.00908358208835125
v 0.010723281651735306 5.5491309325361726e-08 0.004846116062253714
v -0.008224551565945148 -2.7755575615628914e-17 0.009253105148673058
v -0.008455692790448666 -2.7755575615628914e-17 0.009147523902356625
v -0.008224551565945148 -2.7755575615628914e-17 0.009253105148673058
v -0.008219203911721706 0.0005015554488636553 0.009316681884229183
v -0.008455692790448666 -2.7755575615628914e-17 0.009147523902356625
v 0.010681197047233582 9.877299333993506e-08 0.005266672465950251
v 0.01063590869307518 8.329070055879129e-08 0.005488678812980652
v 0.008456156589090824 -2.7755575615628914e-17 0.009150194935500622
v 0.01063590869307518 8.329070055879129e-08 0.005488678812980652
v 0.010539883747696877 5.0463984990756217e-08 0.005959393456578255
v 0.008456156589090824 -2.7755575615628914e-17 0.009150194935500622
v 0.010539883747696877 5.0463984990756217e-08 0.005959393456578255
v 0.010484286583960056 3.8153672221596935e-08 0.006138706114143133
v 0.008456156589090824 -2.7755575615628914e-17 0.009150194935500622
v 0.010723281651735306 5.5491309325361726e-08 0.004846116062253714
v 0.010681197047233582 9.877299333993506e-08 0.005266672465950251
v 0.008456156589090824 -2.7755575615628914e-17 0.009150194935500622
v 0.00838553812354803 -2.7755575615628914e-17 0.009188814088702202
v 0.010723281651735306 5.5491309325361726e-08 0.004846116062253714
v 0.008456156589090824 -2.7755575615628914e-17 0.009150194935500622
v 0.008219203911721706 0.0005015554488636553 0.009316681884229183
v 0.00838553812354803 -2.7755575615628914e-17 0.009188814088702202
v 0.008456156589090824 -2.7755575615628914e-17 0.009150194935500622
v 0.008579852059483528 0.0007108391146175563 0.009113729931414127
v 0.008219203911721706 0.0005015554488636553 0.009316681884229183
v 0.008456156589090824 -2.7755575615628914e-17 0.009150194935500622
v 0.007998870685696602 -2.7755575615628914e-17 0.00932132825255394
v 0.010723281651735306 5.5491309325361726e-08 0.004846116062253714
v 0.00838553812354803 -2.7755575615628914e-17 0.009188814088702202
v 0.008219203911721706 0.0005015554488636553 0.009316681884229183
v 0.007998870685696602 -2.7755575615628914e-17 0.00932132825255394
v 0.00838553812354803 -2.7755575615628914e-17 0.009188814088702202
v 0.010723281651735306 5.5491309325361726e-08 0.004846116062253714
v -0.007944158278405666 -2.7755575615628914e-17 0.009327530860900879
v -0.008224551565945148 -2.7755575615628914e-17 0.009253105148673058
v -0.007944158278405666 -2.7755575615628914e-17 0.009327530860900879
v -0.007814439944922924 0.00030122179305180907 0.009421992115676403
v -0.008224551565945148 -2.7755575615628914e-17 0.009253105148673058
v -0.007814439944922924 0.00030122179305180907 0.009421992115676403
v -0.008219203911721706 0.0005015554488636553 0.009316681884229183
v -0.008224551565945148 -2.7755575615628914e-17 0.009253105148673058
v 0.007944951765239239 -2.7755575615628914e-17 0.009329937398433685
v 0.010723281651735306 5.5491309325361726e-08 0.004846116062253714
v 0.007998870685696602 -2.7755575615628914e-17 0.00932132825255394
v 0.008219203911721706 0.0005015554488636553 0.009316681884229183
v 0.007944951765239239 -2.7755575615628914e-17 0.009329937398433685
v 0.007998870685696602 -2.7755575615628914e-17 0.00932132825255394
v 0.010723281651735306 5.5491309325361726e-08 0.004846116062253714
v -0.00784009788185358 -2.7755575615628914e-17 0.00935515109449625
v -0.007944158278405666 -2.7755575615628914e-17 0.009327530860900879
v -0.00784009788185358 -2.7755575615628914e-17 0.00935515109449625
v -0.007814439944922924 0.00030122179305180907 0.009421992115676403
v -0.007944158278405666 -2.7755575615628914e-17 0.009327530860900879
v 0.007605276070535183 -2.7755575615628914e-17 0.00938416924327612
v 0.010723281651735306 5.5491309325361726e-08 0.004846116062253714
v 0.007944951765239239 -2.7755575615628914e-17 0.009329937398433685
v 0.007814439944922924 0.00030122179305180907 0.009421992115676403
v 0.007605276070535183 -2.7755575615628914e-17 0.00938416924327612
v 0.007944951765239239 -2.7755575615628914e-17 0.009329937398433685
v 0.008219203911721706 0.0005015554488636553 0.009316681884229183
v 0.007814439944922924 0.00030122179305180907 0.009421992115676403
v 0.007944951765239239 -2.7755575615628914e-17 0.009329937398433685
v 0.010723281651735306 5.5491309325361726e-08 0.004846116062253714
v -0.007447364274412394 -2.7755575615628914e-17 0.009389734826982021
v -0.00784009788185358 -2.7755575615628914e-17 0.00935515109449625
v -0.007447364274412394 -2.7755575615628914e-17 0.009389734826982021
v -0.00739826587960124 0.00012495749979279935 0.009424978867173195
v -0.00784009788185358 -2.7755575615628914e-17 0.00935515109449625
v -0.00739826587960124 0.00012495749979279935 0.009424978867173195
v -0.007814439944922924 0.00030122179305180907 0.009421992115676403
v -0.00784009788185358 -2.7755575615628914e-17 0.00935515109449625
v 0.007447364274412394 -2.7755575615628914e-17 0.009389734826982021
v 0.010723281651735306 5.5491309325361726e-08 0.004846116062253714
v 0.007605276070535183 -2.7755575615628914e-17 0.00938416924327612
v 0.007814439944922924 0.00030122179305180907 0.009421992115676403
v 0.007447364274412394 -2.7755575615628914e-17 0.009389734826982021
v 0.007605276070535183 -2.7755575615628914e-17 0.00938416924327612
v 0.010723281651735306 5.5491309325361726e-08 0.004846116062253714
v 0.007447364274412394 -2.7755575615628914e-17 0.009389734826982021
v -0.007447364274412394 -2.7755575615628914e-17 0.009389734826982021
v 0.007396310102194548 0.00012471774243749678 0.00942282285541296
v -0.00739826587960124 0.00012495749979279935 0.009424978867173195
v -0.007447364274412394 -2.7755575615628914e-17 0.009389734826982021
v 0.007447364274412394 -2.7755575615628914e-17 0.009389734826982021
v 0.007396310102194548 0.00012471774243749678 0.00942282285541296
v -0.007447364274412394 -2.7755575615628914e-17 0.009389734826982021
v 0.007814439944922924 0.00030122179305180907 0.009421992115676403
v 0.007396310102194548 0.00012471774243749678 0.00942282285541296
v 0.007447364274412394 -2.7755575615628914e-17 0.009389734826982021
v 0.010484286583960056 3.8153672221596935e-08 0.006138706114143133
v 0.010324269533157349 0.0016219131648540497 0.0060297842137515545
v 0.010339094325900078 6.005433483835532e-09 0.0066069792956113815
v 0.010324269533157349 0.0016219131648540497 0.0060297842137515545
v 0.01010107435286045 0.0016482387436553836 0.00667530857026577
v 0.010339094325900078 6.005433483835532e-09 0.0066069792956113815
v 0.01010107435286045 0.0016482387436553836 0.00667530857026577
v 0.01026348676532507 2.104926011270436e-08 0.0067861732095479965
v 0.010339094325900078 6.005433483835532e-09 0.0066069792956113815
v 0.01010107435286045 0.0016482387436553836 0.00667530857026577
v 0.010069260373711586 5.969480554313122e-08 0.007246496621519327
v 0.01026348676532507 2.104926011270436e-08 0.0067861732095479965
v 0.010723281651735306 5.5491309325361726e-08 0.004846116062253714
v -0.009975556284189224 7.44755368486949e-07 0.007422417402267456
v 0.010751799680292606 2.6162423338860208e-08 0.004561134614050388
v 0.01057322695851326 0.0015482126036658883 0.0047425986267626286
v 0.010723281651735306 5.5491309325361726e-08 0.004846116062253714
v 0.010751799680292606 2.6162423338860208e-08 0.004561134614050388
v 0.010605690069496632 0.001502860919572413 0.00411739107221365
v 0.01057322695851326 0.0015482126036658883 0.0047425986267626286
v 0.010751799680292606 2.6162423338860208e-08 0.004561134614050388
v 0.00997394509613514 5.6645838242275204e-08 0.0074212439358234406
v 0.009735175408422947 4.900803673990595e-08 0.007858993485569954
v 0.009616178460419178 3.412506188738007e-08 0.008033121936023235
v 0.009451513178646564 0.001675287145189941 0.007919910363852978
v 0.009159371256828308 0.00035382973146624863 0.00858702789992094
v 0.009616178460419178 3.412506188738007e-08 0.008033121936023235
v 0.009735175408422947 4.900803673990595e-08 0.007858993485569954
v 0.009451513178646564 0.001675287145189941 0.007919910363852978
v 0.009616178460419178 3.412506188738007e-08 0.008033121936023235
v 0.010539883747696877 5.0463984990756217e-08 0.005959393456578255
v 0.010324269533157349 0.0016219131648540497 0.0060297842137515545
v 0.010484286583960056 3.8153672221596935e-08 0.006138706114143133
v 0.00997394509613514 5.6645838242275204e-08 0.0074212439358234406
v 0.00980987586081028 0.001666276715695858 0.007308891508728266
v 0.009735175408422947 4.900803673990595e-08 0.007858993485569954
v 0.00980987586081028 0.001666276715695858 0.007308891508728266
v 0.009451513178646564 0.001675287145189941 0.007919910363852978
v 0.009735175408422947 4.900803673990595e-08 0.007858993485569954
v 0.01063590869307518 8.329070055879129e-08 0.005488678812980652
v 0.010480663739144802 0.0015882231527939439 0.005382465664297342
v 0.010539883747696877 5.0463984990756217e-08 0.005959393456578255
v 0.010480663739144802 0.0015882231527939439 0.005382465664297342
v 0.010324269533157349 0.0016219131648540497 0.0060297842137515545
v 0.010539883747696877 5.0463984990756217e-08 0.005959393456578255
v -0.009920524433255196 6.591175747416855e-07 0.007537243887782097
v -0.009975556284189224 7.44755368486949e-07 0.007422417402267456
v 0.010723281651735306 5.5491309325361726e-08 0.004846116062253714
v -0.009568912908434868 1.2845099206515442e-07 0.00811744388192892
v -0.009618778713047504 2.037098596474607e-07 0.008035160601139069
v 0.010723281651735306 5.5491309325361726e-08 0.004846116062253714
v -0.009618778713047504 2.037098596474607e-07 0.008035160601139069
v -0.009920524433255196 6.591175747416855e-07 0.007537243887782097
v 0.010723281651735306 5.5491309325361726e-08 0.004846116062253714
v 0.01057322695851326 0.0015482126036658883 0.0047425986267626286
v 0.010681197047233582 9.877299333993506e-08 0.005266672465950251
v 0.010723281651735306 5.5491309325361726e-08 0.004846116062253714
v 0.010069260373711586 5.969480554313122e-08 0.007246496621519327
v 0.00980987586081028 0.001666276715695858 0.007308891508728266
v 0.00997394509613514 5.6645838242275204e-08 0.0074212439358234406
v 0.01010107435286045 0.0016482387436553836 0.00667530857026577
v 0.00980987586081028 0.001666276715695858 0.007308891508728266
v 0.010069260373711586 5.969480554313122e-08 0.007246496621519327
v 0.010681197047233582 9.877299333993506e-08 0.005266672465950251
v 0.010480663739144802 0.0015882231527939439 0.005382465664297342
v 0.01063590869307518 8.329070055879129e-08 0.005488678812980652
v 0.01057322695851326 0.0015482126036658883 0.0047425986267626286
v 0.010480663739144802 0.0015882231527939439 0.005382465664297342
v 0.010681197047233582 9.877299333993506e-08 0.005266672465950251
v -0.009456449188292027 0.001629508100450039 0.007923465222120285
v -0.009618778713047504 2.037098596474607e-07 0.008035160601139069
v -0.009568912908434868 1.2845099206515442e-07 0.00811744388192892
v -0.009456449188292027 0.001629508100450039 0.007923465222120285
v -0.009920524433255196 6.591175747416855e-07 0.007537243887782097
v -0.009618778713047504 2.037098596474607e-07 0.008035160601139069
v -0.010725525207817554 3.226602416361857e-07 0.004913873504847288
v -0.010578058660030365 0.0015036166878417134 0.00474589504301548
v -0.01072886772453785 2.9153088121347537e-07 0.004846838302910328
v -0.010578058660030365 0.0015036166878417134 0.00474589504301548
v -0.010605061426758766 0.001457521109841764 0.004114226903766394
v -0.01072886772453785 2.9153088121347537e-07 0.004846838302910328
v -0.010638737119734287 7.832146025066322e-07 0.005489489529281855
v -0.010485535487532616 0.0015433414373546839 0.005385813768953085
v -0.010725525207817554 3.226602416361857e-07 0.004913873504847288
v -0.010485535487532616 0.0015433414373546839 0.005385813768953085
v -0.010578058660030365 0.0015036166878417134 0.00474589504301548
v -0.010725525207817554 3.226602416361857e-07 0.004913873504847288
v -0.009814812801778316 0.001620674505829811 0.007312398869544268
v -0.009975556284189224 7.44755368486949e-07 0.007422417402267456
v -0.009920524433255196 6.591175747416855e-07 0.007537243887782097
v -0.009456449188292027 0.001629508100450039 0.007923465222120285
v -0.009814812801778316 0.001620674505829811 0.007312398869544268
v -0.009920524433255196 6.591175747416855e-07 0.007537243887782097
v -0.009814812801778316 0.001620674505829811 0.007312398869544268
v -0.010215804912149906 1.1186208439539769e-06 0.006921123713254929
v -0.009975556284189224 7.44755368486949e-07 0.007422417402267456
v -0.010621570982038975 8.74309876053303e-07 0.00560334324836731
v -0.010485535487532616 0.0015433414373546839 0.005385813768953085
v -0.010638737119734287 7.832146025066322e-07 0.005489489529281855
v -0.010485121048986912 1.1392670558052487e-06 0.006139227654784918
v -0.010329172946512699 0.0015767647419124842 0.0060331858694553375
v -0.010621570982038975 8.74309876053303e-07 0.00560334324836731
v -0.010329172946512699 0.0015767647419124842 0.0060331858694553375
v -0.010485535487532616 0.0015433414373546839 0.005385813768953085
v -0.010621570982038975 8.74309876053303e-07 0.00560334324836731
v -0.009814812801778316 0.001620674505829811 0.007312398869544268
v -0.010106000117957592 0.0016028484096750617 0.006678764242678881
v -0.010215804912149906 1.1186208439539769e-06 0.006921123713254929
v -0.010106000117957592 0.0016028484096750617 0.006678764242678881
v -0.010264556854963303 1.1367924344085623e-06 0.006786908023059368
v -0.010215804912149906 1.1186208439539769e-06 0.006921123713254929
v -0.010106000117957592 0.0016028484096750617 0.006678764242678881
v -0.010450669564306736 1.2061640290994546e-06 0.006274528801441193
v -0.010264556854963303 1.1367924344085623e-06 0.006786908023059368
v -0.010450669564306736 1.2061640290994546e-06 0.006274528801441193
v -0.010329172946512699 0.0015767647419124842 0.0060331858694553375
v -0.010485121048986912 1.1392670558052487e-06 0.006139227654784918
v -0.010106000117957592 0.0016028484096750617 0.006678764242678881
v -0.010329172946512699 0.0015767647419124842 0.0060331858694553375
v -0.010450669564306736 1.2061640290994546e-06 0.006274528801441193
v -0.010605061426758766 0.001457521109841764 0.004114226903766394
v -0.010754077695310116 6.258499342948198e-05 0.0008915174403227866
v -0.01075978297740221 3.985191597166704e-06 0.0013457175809890032
v -0.010754077695310116 6.258499342948198e-05 0.0008915174403227866
v 0.010756832547485828 3.4317621611990035e-05 0.0010474228765815496
v -0.01075978297740221 3.985191597166704e-06 0.0013457175809890032
v 0.010753005743026733 7.34869681764394e-05 0.0008780973730608821
v 0.010605690069496632 0.001502860919572413 0.00411739107221365
v 0.010756832547485828 3.4317621611990035e-05 0.0010474228765815496
v -0.010754077695310116 6.258499342948198e-05 0.0008915174403227866
v 0.010753005743026733 7.34869681764394e-05 0.0008780973730608821
v 0.010756832547485828 3.4317621611990035e-05 0.0010474228765815496
v -0.010605061426758766 0.001457521109841764 0.004114226903766394
v -0.010753658600151539 6.685628613922745e-05 0.0008766359533183277
v -0.010754077695310116 6.258499342948198e-05 0.0008915174403227866
v -0.010753658600151539 6.685628613922745e-05 0.0008766359533183277
v 0.010753005743026733 7.34869681764394e-05 0.0008780973730608821
v -0.010754077695310116 6.258499342948198e-05 0.0008915174403227866
v -0.010468795895576477 0.002697923220694065 0.004019421990960836
v -0.010741813108325005 0.0001878004550235346 0.00045525809400714934
v -0.010753658600151539 6.685628613922745e-05 0.0008766359533183277
v -0.010495548136532307 0.0024865835439413786 0.004040220286697149
v -0.010468795895576477 0.002697923220694065 0.004019421990960836
v -0.010753658600151539 6.685628613922745e-05 0.0008766359533183277
v -0.010605061426758766 0.001457521109841764 0.004114226903766394
v -0.010495548136532307 0.0024865835439413786 0.004040220286697149
v -0.010753658600151539 6.685628613922745e-05 0.0008766359533183277
v -0.010741813108325005 0.0001878004550235346 0.00045525809400714934
v 0.010746810585260391 0.00013689765182789415 0.000603978696744889
v -0.010753658600151539 6.685628613922745e-05 0.0008766359533183277
v 0.010746810585260391 0.00013689765182789415 0.000603978696744889
v 0.010753005743026733 7.34869681764394e-05 0.0008780973730608821
v -0.010753658600151539 6.685628613922745e-05 0.0008766359533183277
v 0.010594743303954601 0.0016093555605039 0.004110187757760286
v 0.010605690069496632 0.001502860919572413 0.00411739107221365
v 0.010753005743026733 7.34869681764394e-05 0.0008780973730608821
v 0.010391583666205406 0.0033389681484550238 0.0039619626477360725
v 0.010594743303954601 0.0016093555605039 0.004110187757760286
v 0.010753005743026733 7.34869681764394e-05 0.0008780973730608821
v 0.010746810585260391 0.00013689765182789415 0.000603978696744889
v 0.010391583666205406 0.0033389681484550238 0.0039619626477360725
v 0.010753005743026733 7.34869681764394e-05 0.0008780973730608821
v -0.007350337691605091 0.00024693572777323425 0.009459382854402065
v -0.00739826587960124 0.00012495749979279935 0.009424978867173195
v 0.007396310102194548 0.00012471774243749678 0.00942282285541296
v 0.006981825456023216 0.0011372423032298684 0.009691448882222176
v -0.006902953144162893 0.0013183664996176958 0.009735054336488247
v 0.007396310102194548 0.00012471774243749678 0.00942282285541296
v -0.006902953144162893 0.0013183664996176958 0.009735054336488247
v -0.006981970742344856 0.0011291293194517493 0.00968636479228735
v 0.007396310102194548 0.00012471774243749678 0.00942282285541296
v -0.006981970742344856 0.0011291293194517493 0.00968636479228735
v -0.007350337691605091 0.00024693572777323425 0.009459382854402065
v 0.007396310102194548 0.00012471774243749678 0.00942282285541296
v 0.007814439944922924 0.00030122179305180907 0.009421992115676403
v 0.006981825456023216 0.0011372423032298684 0.009691448882222176
v 0.007396310102194548 0.00012471774243749678 0.00942282285541296
v -0.007350337691605091 0.00024693572777323425 0.009459382854402065
v -0.007814439944922924 0.00030122179305180907 0.009421992115676403
v -0.00739826587960124 0.00012495749979279935 0.009424978867173195
v 0.010730259120464325 0.00030482985312119126 0.00018234468006994575
v 0.010391583666205406 0.0033389681484550238 0.0039619626477360725
v 0.010746810585260391 0.00013689765182789415 0.000603978696744889
v -0.010741813108325005 0.0001878004550235346 0.00045525809400714934
v 0.010730259120464325 0.00030482985312119126 0.00018234468006994575
v 0.010746810585260391 0.00013689765182789415 0.000603978696744889
v -0.010468795895576477 0.002697923220694065 0.004019421990960836
v -0.010724227875471115 0.000365482788765803 6.94088448653929e-05
v -0.010741813108325005 0.0001878004550235346 0.00045525809400714934
v -0.010724227875471115 0.000365482788765803 6.94088448653929e-05
v 0.010730259120464325 0.00030482985312119126 0.00018234468006994575
v -0.010741813108325005 0.0001878004550235346 0.00045525809400714934
v -0.007355945184826851 0.0013013840653002262 0.009688565507531166
v -0.007814439944922924 0.00030122179305180907 0.009421992115676403
v -0.007350337691605091 0.00024693572777323425 0.009459382854402065
v -0.006981970742344856 0.0011291293194517493 0.00968636479228735
v -0.007355945184826851 0.0013013840653002262 0.009688565507531166
v -0.007350337691605091 0.00024693572777323425 0.009459382854402065
v -0.007718829903751612 0.0014899512752890587 0.00960376113653183
v -0.008219203911721706 0.0005015554488636553 0.009316681884229183
v -0.007814439944922924 0.00030122179305180907 0.009421992115676403
v -0.007355945184826851 0.0013013840653002262 0.009688565507531166
v -0.007718829903751612 0.0014899512752890587 0.00960376113653183
v -0.007814439944922924 0.00030122179305180907 0.009421992115676403
v 0.007355945184826851 0.0013013840653002262 0.009688565507531166
v 0.006981825456023216 0.0011372423032298684 0.009691448882222176
v 0.007814439944922924 0.00030122179305180907 0.009421992115676403
v 0.008219203911721706 0.0005015554488636553 0.009316681884229183
v 0.007355945184826851 0.0013013840653002262 0.009688565507531166
v 0.007814439944922924 0.00030122179305180907 0.009421992115676403
v 0.010723797604441643 0.0003695234772749245 7.20202224329114e-05
v 0.010391583666205406 0.0033389681484550238 0.0039619626477360725
v 0.010730259120464325 0.00030482985312119126 0.00018234468006994575
v -0.010724227875471115 0.000365482788765803 6.94088448653929e-05
v 0.010723797604441643 0.0003695234772749245 7.20202224329114e-05
v 0.010730259120464325 0.00030482985312119126 0.00018234468006994575
v -0.008868681266903877 0.0009124487405642867 0.008831044659018517
v -0.009033926762640476 0.0016288524493575096 0.008501381613314152
v -0.009159275330603123 0.00035382388159632683 0.008586971089243889
v -0.009033926762640476 0.0016288524493575096 0.008501381613314152
v -0.009456449188292027 0.001629508100450039 0.007923465222120285
v -0.009159275330603123 0.00035382388159632683 0.008586971089243889
v 0.009451513178646564 0.001675287145189941 0.007919910363852978
v 0.009029002860188484 0.0016747694462537766 0.008497785776853561
v 0.009159371256828308 0.00035382973146624863 0.00858702789992094
v 0.009029002860188484 0.0016747694462537766 0.008497785776853561
v 0.008868912234902382 0.0009124987409450114 0.008831205777823925
v 0.009159371256828308 0.00035382973146624863 0.00858702789992094
v 0.008868912234902382 0.0009124987409450114 0.008831205777823925
v 0.008579852059483528 0.0007108391146175563 0.009113729931414127
v 0.009159371256828308 0.00035382973146624863 0.00858702789992094
v -0.010468795895576477 0.002697923220694065 0.004019421990960836
v -0.01072296965867281 0.00037820087163709104 4.179070674581453e-05
v -0.010724227875471115 0.000365482788765803 6.94088448653929e-05
v -0.01072296965867281 0.00037820087163709104 4.179070674581453e-05
v 0.010723797604441643 0.0003695234772749245 7.20202224329114e-05
v -0.010724227875471115 0.000365482788765803 6.94088448653929e-05
v 0.010707367211580276 0.0005340055795386434 -0.00020847712585236877
v 0.010391583666205406 0.0033389681484550238 0.0039619626477360725
v 0.010723797604441643 0.0003695234772749245 7.20202224329114e-05
v -0.01072296965867281 0.00037820087163709104 4.179070674581453e-05
v 0.010707367211580276 0.0005340055795386434 -0.00020847712585236877
v 0.010723797604441643 0.0003695234772749245 7.20202224329114e-05
v -0.010468795895576477 0.002697923220694065 0.004019421990960836
v -0.010697738267481327 0.0006293366895988584 -0.0003385108429938555
v -0.01072296965867281 0.00037820087163709104 4.179070674581453e-05
v -0.010697738267481327 0.0006293366895988584 -0.0003385108429938555
v 0.010707367211580276 0.0005340055795386434 -0.00020847712585236877
v -0.01072296965867281 0.00037820087163709104 4.179070674581453e-05
v -0.008049716241657734 0.001683507696725428 0.009437975473701954
v -0.008579852059483528 0.0007108391146175563 0.009113729931414127
v -0.008219203911721706 0.0005015554488636553 0.009316681884229183
v -0.007718829903751612 0.0014899512752890587 0.00960376113653183
v -0.008049716241657734 0.001683507696725428 0.009437975473701954
v -0.008219203911721706 0.0005015554488636553 0.009316681884229183
v 0.008579852059483528 0.0007108391146175563 0.009113729931414127
v 0.007718829903751612 0.0014899512752890587 0.00960376113653183
v 0.008219203911721706 0.0005015554488636553 0.009316681884229183
v 0.007718829903751612 0.0014899512752890587 0.00960376113653183
v 0.007355945184826851 0.0013013840653002262 0.009688565507531166
v 0.008219203911721706 0.0005015554488636553 0.009316681884229183
v 0.010678132995963097 0.0008214607369154692 -0.0005625260528177023
v 0.010391583666205406 0.0033389681484550238 0.0039619626477360725
v 0.010707367211580276 0.0005340055795386434 -0.00020847712585236877
v -0.010697738267481327 0.0006293366895988584 -0.0003385108429938555
v 0.010678132995963097 0.0008214607369154692 -0.0005625260528177023
v 0.010707367211580276 0.0005340055795386434 -0.00020847712585236877
v -0.010468795895576477 0.002697923220694065 0.004019421990960836
v -0.010671828873455524 0.0008822154486551881 -0.000618122925516218
v -0.010697738267481327 0.0006293366895988584 -0.0003385108429938555
v -0.010671828873455524 0.0008822154486551881 -0.000618122925516218
v 0.010678132995963097 0.0008214607369154692 -0.0005625260528177023
v -0.010697738267481327 0.0006293366895988584 -0.0003385108429938555
v -0.008834210224449635 0.0009787154849618673 0.008859997615218163
v -0.008868681266903877 0.0009124487405642867 0.008831044659018517
v -0.008579852059483528 0.0007108391146175563 0.009113729931414127
v -0.008049716241657734 0.001683507696725428 0.009437975473701954
v -0.008471356704831123 0.0016162048559635878 0.009105280041694641
v -0.008579852059483528 0.0007108391146175563 0.009113729931414127
v -0.008471356704831123 0.0016162048559635878 0.009105280041694641
v -0.008565245196223259 0.0014512535417452455 0.00904181320220232
v -0.008579852059483528 0.0007108391146175563 0.009113729931414127
v -0.008565245196223259 0.0014512535417452455 0.00904181320220232
v -0.008834210224449635 0.0009787154849618673 0.008859997615218163
v -0.008579852059483528 0.0007108391146175563 0.009113729931414127
v 0.008049716241657734 0.001683507696725428 0.009437975473701954
v 0.007718829903751612 0.0014899512752890587 0.00960376113653183
v 0.008579852059483528 0.0007108391146175563 0.009113729931414127
v 0.00856537465006113 0.0014514315407723188 0.009042034856975079
v 0.008049716241657734 0.001683507696725428 0.009437975473701954
v 0.008579852059483528 0.0007108391146175563 0.009113729931414127
v 0.00883878581225872 0.0009704423137009144 0.008856531232595444
v 0.00856537465006113 0.0014514315407723188 0.009042034856975079
v 0.008579852059483528 0.0007108391146175563 0.009113729931414127
v 0.008868912234902382 0.0009124987409450114 0.008831205777823925
v 0.00883878581225872 0.0009704423137009144 0.008856531232595444
v 0.008579852059483528 0.0007108391146175563 0.009113729931414127
v 0.010671827010810375 0.0008820773800835013 -0.0006175807793624699
v 0.010391583666205406 0.0033389681484550238 0.0039619626477360725
v 0.010678132995963097 0.0008214607369154692 -0.0005625260528177023
v -0.010671828873455524 0.0008822154486551881 -0.000618122925516218
v 0.010671827010810375 0.0008820773800835013 -0.0006175807793624699
v 0.010678132995963097 0.0008214607369154692 -0.0005625260528177023
v 0.010643308982253075 0.0011562237050384283 -0.0008665728964842856
v 0.010391583666205406 0.0033389681484550238 0.0039619626477360725
v 0.010671827010810375 0.0008820773800835013 -0.0006175807793624699
v -0.010666615329682827 0.0009330975008197129 -0.0006743840640410781
v 0.010643308982253075 0.0011562237050384283 -0.0008665728964842856
v 0.010671827010810375 0.0008820773800835013 -0.0006175807793624699
v -0.010671828873455524 0.0008822154486551881 -0.000618122925516218
v -0.010666615329682827 0.0009330975008197129 -0.0006743840640410781
v 0.010671827010810375 0.0008820773800835013 -0.0006175807793624699
v -0.010468795895576477 0.002697923220694065 0.004019421990960836
v -0.010666615329682827 0.0009330975008197129 -0.0006743840640410781
v -0.010671828873455524 0.0008822154486551881 -0.000618122925516218
v -0.008834210224449635 0.0009787154849618673 0.008859997615218163
v -0.009033926762640476 0.0016288524493575096 0.008501381613314152
v -0.008868681266903877 0.0009124487405642867 0.008831044659018517
v 0.009029002860188484 0.0016747694462537766 0.008497785776853561
v 0.00883878581225872 0.0009704423137009144 0.008856531232595444
v 0.008868912234902382 0.0009124987409450114 0.008831205777823925
v -0.010468795895576477 0.002697923220694065 0.004019421990960836
v -0.01062940526753664 0.001287581049837172 -0.000963261176366359
v -0.010666615329682827 0.0009330975008197129 -0.0006743840640410781
v -0.01062940526753664 0.001287581049837172 -0.000963261176366359
v 0.010643308982253075 0.0011562237050384283 -0.0008665728964842856
v -0.010666615329682827 0.0009330975008197129 -0.0006743840640410781
v 0.009029002860188484 0.0016747694462537766 0.008497785776853561
v 0.00856537465006113 0.0014514315407723188 0.009042034856975079
v 0.00883878581225872 0.0009704423137009144 0.008856531232595444
v -0.0085524320602417 0.0016184920677915215 0.009036168456077576
v -0.009033926762640476 0.0016288524493575096 0.008501381613314152
v -0.008834210224449635 0.0009787154849618673 0.008859997615218163
v -0.008565245196223259 0.0014512535417452455 0.00904181320220232
v -0.0085524320602417 0.0016184920677915215 0.009036168456077576
v -0.008834210224449635 0.0009787154849618673 0.008859997615218163
v -0.006902953144162893 0.0013183664996176958 0.009735054336488247
v -0.007355945184826851 0.0013013840653002262 0.009688565507531166
v -0.006981970742344856 0.0011291293194517493 0.00968636479228735
v 0.006629937794059515 0.0019064033403992653 0.009863332845270634
v -0.006630557589232922 0.0019062745850533247 0.009863830171525478
v 0.006981825456023216 0.0011372423032298684 0.009691448882222176
v -0.006630557589232922 0.0019062745850533247 0.009863830171525478
v -0.006902953144162893 0.0013183664996176958 0.009735054336488247
v 0.006981825456023216 0.0011372423032298684 0.009691448882222176
v 0.007355945184826851 0.0013013840653002262 0.009688565507531166
v 0.006629937794059515 0.0019064033403992653 0.009863332845270634
v 0.006981825456023216 0.0011372423032298684 0.009691448882222176
v 0.010602826252579689 0.0015350396279245615 -0.0011180306319147348
v 0.010391583666205406 0.0033389681484550238 0.0039619626477360725
v 0.010643308982253075 0.0011562237050384283 -0.0008665728964842856
v -0.01062940526753664 0.001287581049837172 -0.000963261176366359
v 0.010602826252579689 0.0015350396279245615 -0.0011180306319147348
v 0.010643308982253075 0.0011562237050384283 -0.0008665728964842856
v -0.010468795895576477 0.002697923220694065 0.004019421990960836
v -0.0105986837297678 0.0015719899674877524 -0.0011305597145110369
v -0.01062940526753664 0.001287581049837172 -0.000963261176366359
v -0.0105986837297678 0.0015719899674877524 -0.0011305597145110369
v 0.010602826252579689 0.0015350396279245615 -0.0011180306319147348
v -0.01062940526753664 0.001287581049837172 -0.000963261176366359
v -0.007177997846156359 0.002470434410497546 0.009848974645137787
v -0.007718829903751612 0.0014899512752890587 0.00960376113653183
v -0.007355945184826851 0.0013013840653002262 0.009688565507531166
v -0.0068584587424993515 0.0022925911471247673 0.009915417060256004
v -0.007177997846156359 0.002470434410497546 0.009848974645137787
v -0.007355945184826851 0.0013013840653002262 0.009688565507531166
v -0.006902953144162893 0.0013183664996176958 0.009735054336488247
v -0.0068584587424993515 0.0022925911471247673 0.009915417060256004
v -0.007355945184826851 0.0013013840653002262 0.009688565507531166
v 0.0068584587424993515 0.0022925911471247673 0.009915417060256004
v 0.006629937794059515 0.0019064033403992653 0.009863332845270634
v 0.007355945184826851 0.0013013840653002262 0.009688565507531166
v 0.007718829903751612 0.0014899512752890587 0.00960376113653183
v 0.0068584587424993515 0.0022925911471247673 0.009915417060256004
v 0.007355945184826851 0.0013013840653002262 0.009688565507531166
v -0.006630557589232922 0.0019062745850533247 0.009863830171525478
v -0.0068584587424993515 0.0022925911471247673 0.009915417060256004
v -0.006902953144162893 0.0013183664996176958 0.009735054336488247
v -0.008471356704831123 0.0016162048559635878 0.009105280041694641
v -0.0085524320602417 0.0016184920677915215 0.009036168456077576
v -0.008565245196223259 0.0014512535417452455 0.00904181320220232
v 0.009029002860188484 0.0016747694462537766 0.008497785776853561
v 0.008547532372176647 0.0016645046416670084 0.009032540023326874
v 0.00856537465006113 0.0014514315407723188 0.009042034856975079
v 0.008547532372176647 0.0016645046416670084 0.009032540023326874
v 0.008445939980447292 0.001661543850786984 0.009123069234192371
v 0.00856537465006113 0.0014514315407723188 0.009042034856975079
v 0.008445939980447292 0.001661543850786984 0.009123069234192371
v 0.008049716241657734 0.001683507696725428 0.009437975473701954
v 0.00856537465006113 0.0014514315407723188 0.009042034856975079
v -0.010578058660030365 0.0015036166878417134 0.00474589504301548
v -0.010495548136532307 0.0024865835439413786 0.004040220286697149
v -0.010605061426758766 0.001457521109841764 0.004114226903766394
v -0.007475272286683321 0.002650447189807892 0.009717199020087719
v -0.008049716241657734 0.001683507696725428 0.009437975473701954
v -0.007718829903751612 0.0014899512752890587 0.00960376113653183
v -0.007177997846156359 0.002470434410497546 0.009848974645137787
v -0.007475272286683321 0.002650447189807892 0.009717199020087719
v -0.007718829903751612 0.0014899512752890587 0.00960376113653183
v 0.008049716241657734 0.001683507696725428 0.009437975473701954
v 0.007177997846156359 0.002470434410497546 0.009848974645137787
v 0.007718829903751612 0.0014899512752890587 0.00960376113653183
v 0.007177997846156359 0.002470434410497546 0.009848974645137787
v 0.0068584587424993515 0.0022925911471247673 0.009915417060256004
v 0.007718829903751612 0.0014899512752890587 0.00960376113653183
v 0.010594743303954601 0.0016093555605039 0.004110187757760286
v 0.01057322695851326 0.0015482126036658883 0.0047425986267626286
v 0.010605690069496632 0.001502860919572413 0.00411739107221365
v -0.010367595590651035 0.00330776977352798 0.004592604003846645
v -0.010495548136532307 0.0024865835439413786 0.004040220286697149
v -0.010578058660030365 0.0015036166878417134 0.00474589504301548
v -0.010272767394781113 0.003362421179190278 0.005229335278272629
v -0.010367595590651035 0.00330776977352798 0.004592604003846645
v -0.010578058660030365 0.0015036166878417134 0.00474589504301548
v -0.010485535487532616 0.0015433414373546839 0.005385813768953085
v -0.010272767394781113 0.003362421179190278 0.005229335278272629
v -0.010578058660030365 0.0015036166878417134 0.00474589504301548
v 0.010599012486636639 0.0015696303453296423 -0.0011340699857100844
v 0.010391583666205406 0.0033389681484550238 0.0039619626477360725
v 0.010602826252579689 0.0015350396279245615 -0.0011180306319147348
v -0.0105986837297678 0.0015719899674877524 -0.0011305597145110369
v 0.010599012486636639 0.0015696303453296423 -0.0011340699857100844
v 0.010602826252579689 0.0015350396279245615 -0.0011180306319147348
v -0.010114554315805435 0.0034098979085683823 0.005873432382941246
v -0.010272767394781113 0.003362421179190278 0.005229335278272629
v -0.010485535487532616 0.0015433414373546839 0.005385813768953085
v -0.010329172946512699 0.0015767647419124842 0.0060331858694553375
v -0.010114554315805435 0.0034098979085683823 0.005873432382941246
v -0.010485535487532616 0.0015433414373546839 0.005385813768953085
v 0.010594743303954601 0.0016093555605039 0.004110187757760286
v 0.010355872102081776 0.0034004617482423782 0.004583475645631552
v 0.01057322695851326 0.0015482126036658883 0.0047425986267626286
v 0.010355872102081776 0.0034004617482423782 0.004583475645631552
v 0.010260886512696743 0.0034560654312372208 0.00521998293697834
v 0.01057322695851326 0.0015482126036658883 0.0047425986267626286
v 0.010260886512696743 0.0034560654312372208 0.00521998293697834
v 0.010480663739144802 0.0015882231527939439 0.005382465664297342
v 0.01057322695851326 0.0015482126036658883 0.0047425986267626286
v 0.010557299479842186 0.0019479700131341815 -0.0013095027534291148
v 0.010391583666205406 0.0033389681484550238 0.0039619626477360725
v 0.010599012486636639 0.0015696303453296423 -0.0011340699857100844
v -0.010587094351649284 0.0016792770475149155 -0.0011936693917959929
v 0.010557299479842186 0.0019479700131341815 -0.0013095027534291148
v 0.010599012486636639 0.0015696303453296423 -0.0011340699857100844
v -0.0105986837297678 0.0015719899674877524 -0.0011305597145110369
v -0.010587094351649284 0.0016792770475149155 -0.0011936693917959929
v 0.010599012486636639 0.0015696303453296423 -0.0011340699857100844
v -0.010468795895576477 0.002697923220694065 0.004019421990960836
v -0.010587094351649284 0.0016792770475149155 -0.0011936693917959929
v -0.0105986837297678 0.0015719899674877524 -0.0011305597145110369
v -0.009890072047710419 0.003448881907388568 0.0065157474018633366
v -0.010114554315805435 0.0034098979085683823 0.005873432382941246
v -0.010329172946512699 0.0015767647419124842 0.0060331858694553375
v -0.010106000117957592 0.0016028484096750617 0.006678764242678881
v -0.009890072047710419 0.003448881907388568 0.0065157474018633366
v -0.010329172946512699 0.0015767647419124842 0.0060331858694553375
v 0.010260886512696743 0.0034560654312372208 0.00521998293697834
v 0.010102546773850918 0.00350444414652884 0.00586384953930974
v 0.010480663739144802 0.0015882231527939439 0.005382465664297342
v 0.010102546773850918 0.00350444414652884 0.00586384953930974
v 0.010324269533157349 0.0016219131648540497 0.0060297842137515545
v 0.010480663739144802 0.0015882231527939439 0.005382465664297342
v -0.009598182514309883 0.0034781822469085455 0.0071462481282651424
v -0.009890072047710419 0.003448881907388568 0.0065157474018633366
v -0.010106000117957592 0.0016028484096750617 0.006678764242678881
v -0.009814812801778316 0.001620674505829811 0.007312398869544268
v -0.009598182514309883 0.0034781822469085455 0.0071462481282651424
v -0.010106000117957592 0.0016028484096750617 0.006678764242678881
v 0.010391583666205406 0.0033389681484550238 0.0039619626477360725
v 0.010355872102081776 0.0034004617482423782 0.004583475645631552
v 0.010594743303954601 0.0016093555605039 0.004110187757760286
v -0.008337554521858692 0.0034995321184396744 0.008862626738846302
v -0.0085524320602417 0.0016184920677915215 0.009036168456077576
v -0.008471356704831123 0.0016162048559635878 0.009105280041694641
v -0.008327227085828781 0.001869422965683043 0.009202709421515465
v -0.008337554521858692 0.0034995321184396744 0.008862626738846302
v -0.008471356704831123 0.0016162048559635878 0.009105280041694641
v -0.008049716241657734 0.001683507696725428 0.009437975473701954
v -0.008327227085828781 0.001869422965683043 0.009202709421515465
v -0.008471356704831123 0.0016162048559635878 0.009105280041694641
v -0.008337554521858692 0.0034995321184396744 0.008862626738846302
v -0.009033926762640476 0.0016288524493575096 0.008501381613314152
v -0.0085524320602417 0.0016184920677915215 0.009036168456077576
v -0.009239760227501392 0.0034968117251992226 0.007754434831440449
v -0.009598182514309883 0.0034781822469085455 0.0071462481282651424
v -0.009814812801778316 0.001620674505829811 0.007312398869544268
v -0.009456449188292027 0.001629508100450039 0.007923465222120285
v -0.009239760227501392 0.0034968117251992226 0.007754434831440449
v -0.009814812801778316 0.001620674505829811 0.007312398869544268
v 0.010102546773850918 0.00350444414652884 0.00586384953930974
v 0.009877974167466164 0.003544263541698456 0.006505934987217188
v 0.010324269533157349 0.0016219131648540497 0.0060297842137515545
v 0.009877974167466164 0.003544263541698456 0.006505934987217188
v 0.01010107435286045 0.0016482387436553836 0.00667530857026577
v 0.010324269533157349 0.0016219131648540497 0.0060297842137515545
v -0.008817831054329872 0.0035040562506765127 0.008329848758876324
v -0.009456449188292027 0.001629508100450039 0.007923465222120285
v -0.009033926762640476 0.0016288524493575096 0.008501381613314152
v -0.008337554521858692 0.0034995321184396744 0.008862626738846302
v -0.008817831054329872 0.0035040562506765127 0.008329848758876324
v -0.009033926762640476 0.0016288524493575096 0.008501381613314152
v -0.008817831054329872 0.0035040562506765127 0.008329848758876324
v -0.009239760227501392 0.0034968117251992226 0.007754434831440449
v -0.009456449188292027 0.001629508100450039 0.007923465222120285
v 0.009877974167466164 0.003544263541698456 0.006505934987217188
v 0.009586034342646599 0.0035743152257055044 0.007136215455830097
v 0.01010107435286045 0.0016482387436553836 0.00667530857026577
v 0.009586034342646599 0.0035743152257055044 0.007136215455830097
v 0.00980987586081028 0.001666276715695858 0.007308891508728266
v 0.01010107435286045 0.0016482387436553836 0.00667530857026577
v 0.008547532372176647 0.0016645046416670084 0.009032540023326874
v 0.008327731862664223 0.0018694959580898285 0.009203270077705383
v 0.008445939980447292 0.001661543850786984 0.009123069234192371
v 0.008327731862664223 0.0018694959580898285 0.009203270077705383
v 0.008049716241657734 0.001683507696725428 0.009437975473701954
v 0.008445939980447292 0.001661543850786984 0.009123069234192371
v 0.008325513452291489 0.003597266972064972 0.008852070197463036
v 0.008327731862664223 0.0018694959580898285 0.009203270077705383
v 0.008547532372176647 0.0016645046416670084 0.009032540023326874
v 0.009029002860188484 0.0016747694462537766 0.008497785776853561
v 0.008325513452291489 0.003597266972064972 0.008852070197463036
v 0.008547532372176647 0.0016645046416670084 0.009032540023326874
v 0.009586034342646599 0.0035743152257055044 0.007136215455830097
v 0.009227605536580086 0.0035935959313064814 0.00774419866502285
v 0.00980987586081028 0.001666276715695858 0.007308891508728266
v 0.009227605536580086 0.0035935959313064814 0.00774419866502285
v 0.009451513178646564 0.001675287145189941 0.007919910363852978
v 0.00980987586081028 0.001666276715695858 0.007308891508728266
v 0.009451513178646564 0.001675287145189941 0.007919910363852978
v 0.008805712684988976 0.003601378295570612 0.008319435641169548
v 0.009029002860188484 0.0016747694462537766 0.008497785776853561
v 0.008805712684988976 0.003601378295570612 0.008319435641169548
v 0.008325513452291489 0.003597266972064972 0.008852070197463036
v 0.009029002860188484 0.0016747694462537766 0.008497785776853561
v 0.009227605536580086 0.0035935959313064814 0.00774419866502285
v 0.008805712684988976 0.003601378295570612 0.008319435641169548
v 0.009451513178646564 0.001675287145189941 0.007919910363852978
v -0.010468795895576477 0.002697923220694065 0.004019421990960836
v -0.010539937764406204 0.0021018609404563904 -0.0013624371495097876
v -0.010587094351649284 0.0016792770475149155 -0.0011936693917959929
v -0.010539937764406204 0.0021018609404563904 -0.0013624371495097876
v 0.010557299479842186 0.0019479700131341815 -0.0013095027534291148
v -0.010587094351649284 0.0016792770475149155 -0.0011936693917959929
v -0.007475272286683321 0.002650447189807892 0.009717199020087719
v -0.007913473062217236 0.002537674969062209 0.009432211518287659
v -0.008049716241657734 0.001683507696725428 0.009437975473701954
v -0.007913473062217236 0.002537674969062209 0.009432211518287659
v -0.008286625146865845 0.0019407558720558882 0.009230155497789383
v -0.008049716241657734 0.001683507696725428 0.009437975473701954
v -0.008286625146865845 0.0019407558720558882 0.009230155497789383
v -0.008327227085828781 0.001869422965683043 0.009202709421515465
v -0.008049716241657734 0.001683507696725428 0.009437975473701954
v 0.007475272286683321 0.002650447189807892 0.009717199020087719
v 0.007177997846156359 0.002470434410497546 0.009848974645137787
v 0.008049716241657734 0.001683507696725428 0.009437975473701954
v 0.008299939334392548 0.0019183901604264975 0.009222127497196198
v 0.007475272286683321 0.002650447189807892 0.009717199020087719
v 0.008049716241657734 0.001683507696725428 0.009437975473701954
v 0.008327731862664223 0.0018694959580898285 0.009203270077705383
v 0.008299939334392548 0.0019183901604264975 0.009222127497196198
v 0.008049716241657734 0.001683507696725428 0.009437975473701954
v -0.008286625146865845 0.0019407558720558882 0.009230155497789383
v -0.008337554521858692 0.0034995321184396744 0.008862626738846302
v -0.008327227085828781 0.001869422965683043 0.009202709421515465
v 0.008325513452291489 0.003597266972064972 0.008852070197463036
v 0.008299939334392548 0.0019183901604264975 0.009222127497196198
v 0.008327731862664223 0.0018694959580898285 0.009203270077705383
v 0.006629937794059515 0.0019064033403992653 0.009863332845270634
v -0.006529361940920353 0.0021246839314699173 0.009911670349538326
v -0.006630557589232922 0.0019062745850533247 0.009863830171525478
v -0.006529361940920353 0.0021246839314699173 0.009911670349538326
v -0.0068584587424993515 0.0022925911471247673 0.009915417060256004
v -0.006630557589232922 0.0019062745850533247 0.009863830171525478
v -0.0060315607115626335 0.0031078290194272995 0.010101060383021832
v -0.006436211988329887 0.0023257287684828043 0.009955707006156445
v 0.006629937794059515 0.0019064033403992653 0.009863332845270634
v 0.006529978942126036 0.0021248944103717804 0.009912158362567425
v -0.0060315607115626335 0.0031078290194272995 0.010101060383021832
v 0.006629937794059515 0.0019064033403992653 0.009863332845270634
v -0.006436211988329887 0.0023257287684828043 0.009955707006156445
v -0.006529361940920353 0.0021246839314699173 0.009911670349538326
v 0.006629937794059515 0.0019064033403992653 0.009863332845270634
v 0.0068584587424993515 0.0022925911471247673 0.009915417060256004
v 0.006529978942126036 0.0021248944103717804 0.009912158362567425
v 0.006629937794059515 0.0019064033403992653 0.009863332845270634
v 0.008325513452291489 0.003597266972064972 0.008852070197463036
v 0.007913438603281975 0.0025390535593032837 0.009432374499738216
v 0.008299939334392548 0.0019183901604264975 0.009222127497196198
v 0.007913438603281975 0.0025390535593032837 0.009432374499738216
v 0.007475272286683321 0.002650447189807892 0.009717199020087719
v 0.008299939334392548 0.0019183901604264975 0.009222127497196198
v -0.007806034293025732 0.003483217442408204 0.009344040416181087
v -0.008337554521858692 0.0034995321184396744 0.008862626738846302
v -0.008286625146865845 0.0019407558720558882 0.009230155497789383
v -0.007913473062217236 0.002537674969062209 0.009432211518287659
v -0.007806034293025732 0.003483217442408204 0.009344040416181087
v -0.008286625146865845 0.0019407558720558882 0.009230155497789383
v 0.01050838828086853 0.0023764409124851227 -0.0014338603941723704
v 0.010391583666205406 0.0033389681484550238 0.0039619626477360725
v 0.010557299479842186 0.0019479700131341815 -0.0013095027534291148
v -0.010539937764406204 0.0021018609404563904 -0.0013624371495097876
v 0.01050838828086853 0.0023764409124851227 -0.0014338603941723704
v 0.010557299479842186 0.0019479700131341815 -0.0013095027534291148
v -0.010468795895576477 0.002697923220694065 0.004019421990960836
v -0.010507982224225998 0.0023781131021678448 -0.0014264937490224838
v -0.010539937764406204 0.0021018609404563904 -0.0013624371495097876
v -0.010507982224225998 0.0023781131021678448 -0.0014264937490224838
v 0.01050838828086853 0.0023764409124851227 -0.0014338603941723704
v -0.010539937764406204 0.0021018609404563904 -0.0013624371495097876
v -0.006436211988329887 0.0023257287684828043 0.009955707006156445
v -0.0068584587424993515 0.0022925911471247673 0.009915417060256004
v -0.006529361940920353 0.0021246839314699173 0.009911670349538326
v 0.006466365419328213 0.002263941802084446 0.009943231008946896
v -0.0060315607115626335 0.0031078290194272995 0.010101060383021832
v 0.006529978942126036 0.0021248944103717804 0.009912158362567425
v 0.0068584587424993515 0.0022925911471247673 0.009915417060256004
v 0.006466365419328213 0.002263941802084446 0.009943231008946896
v 0.006529978942126036 0.0021248944103717804 0.009912158362567425
v 0.006030994467437267 0.0031076092272996902 0.010100684128701687
v -0.0060315607115626335 0.0031078290194272995 0.010101060383021832
v 0.006466365419328213 0.002263941802084446 0.009943231008946896
v 0.0068584587424993515 0.0022925911471247673 0.009915417060256004
v 0.006030994467437267 0.0031076092272996902 0.010100684128701687
v 0.006466365419328213 0.002263941802084446 0.009943231008946896
v -0.006583306472748518 0.0034376627299934626 0.010053872130811214
v -0.007177997846156359 0.002470434410497546 0.009848974645137787
v -0.0068584587424993515 0.0022925911471247673 0.009915417060256004
v -0.006436211988329887 0.0023257287684828043 0.009955707006156445
v -0.006309880875051022 0.003269586246460676 0.010103723034262657
v -0.0068584587424993515 0.0022925911471247673 0.009915417060256004
v -0.006309880875051022 0.003269586246460676 0.010103723034262657
v -0.006583306472748518 0.0034376627299934626 0.010053872130811214
v -0.0068584587424993515 0.0022925911471247673 0.009915417060256004
v 0.006309880875051022 0.003269586246460676 0.010103723034262657
v 0.006030994467437267 0.0031076092272996902 0.010100684128701687
v 0.0068584587424993515 0.0022925911471247673 0.009915417060256004
v 0.007177997846156359 0.002470434410497546 0.009848974645137787
v 0.006309880875051022 0.003269586246460676 0.010103723034262657
v 0.0068584587424993515 0.0022925911471247673 0.009915417060256004
v -0.0060315607115626335 0.0031078290194272995 0.010101060383021832
v -0.006309880875051022 0.003269586246460676 0.010103723034262657
v -0.006436211988329887 0.0023257287684828043 0.009955707006156445
v 0.01050749234855175 0.002384285442531109 -0.0014361371286213398
v 0.010391583666205406 0.0033389681484550238 0.0039619626477360725
v 0.01050838828086853 0.0023764409124851227 -0.0014338603941723704
v -0.010507982224225998 0.0023781131021678448 -0.0014264937490224838
v -0.010488501749932766 0.002546516014263034 -0.0014655424747616053
v 0.01050838828086853 0.0023764409124851227 -0.0014338603941723704
v -0.010488501749932766 0.002546516014263034 -0.0014655424747616053
v -0.01047027762979269 0.0026981127448379993 -0.001477061421610415
v 0.01050838828086853 0.0023764409124851227 -0.0014338603941723704
v -0.01047027762979269 0.0026981127448379993 -0.001477061421610415
v 0.01050749234855175 0.002384285442531109 -0.0014361371286213398
v 0.01050838828086853 0.0023764409124851227 -0.0014338603941723704
v -0.010468795895576477 0.002697923220694065 0.004019421990960836
v -0.010488501749932766 0.002546516014263034 -0.0014655424747616053
v -0.010507982224225998 0.0023781131021678448 -0.0014264937490224838
v 0.010453931987285614 0.002836152445524931 -0.0014955452643334866
v 0.010391583666205406 0.0033389681484550238 0.0039619626477360725
v 0.01050749234855175 0.002384285442531109 -0.0014361371286213398
v -0.01047027762979269 0.0026981127448379993 -0.001477061421610415
v 0.010453931987285614 0.002836152445524931 -0.0014955452643334866
v 0.01050749234855175 0.002384285442531109 -0.0014361371286213398
v -0.006842213682830334 0.0036060402635484934 0.009953311644494534
v -0.007475272286683321 0.002650447189807892 0.009717199020087719
v -0.007177997846156359 0.002470434410497546 0.009848974645137787
v -0.006583306472748518 0.0034376627299934626 0.010053872130811214
v -0.006842213682830334 0.0036060402635484934 0.009953311644494534
v -0.007177997846156359 0.002470434410497546 0.009848974645137787
v 0.007475272286683321 0.002650447189807892 0.009717199020087719
v 0.006583306472748518 0.0034376627299934626 0.010053872130811214
v 0.007177997846156359 0.002470434410497546 0.009848974645137787
v 0.006583306472748518 0.0034376627299934626 0.010053872130811214
v 0.006309880875051022 0.003269586246460676 0.010103723034262657
v 0.007177997846156359 0.002470434410497546 0.009848974645137787
v -0.010367595590651035 0.00330776977352798 0.004592604003846645
v -0.010468795895576477 0.002697923220694065 0.004019421990960836
v -0.010495548136532307 0.0024865835439413786 0.004040220286697149
v -0.0077357105910778046 0.0028220349922776222 0.009528467431664467
v -0.007806034293025732 0.003483217442408204 0.009344040416181087
v -0.007913473062217236 0.002537674969062209 0.009432211518287659
v -0.007475272286683321 0.002650447189807892 0.009717199020087719
v -0.0077357105910778046 0.0028220349922776222 0.009528467431664467
v -0.007913473062217236 0.002537674969062209 0.009432211518287659
v 0.007794110104441643 0.0035812328569591045 0.009333380497992039
v 0.007749215234071016 0.0028027722146362066 0.009521707892417908
v 0.007913438603281975 0.0025390535593032837 0.009432374499738216
v 0.008325513452291489 0.003597266972064972 0.008852070197463036
v 0.007794110104441643 0.0035812328569591045 0.009333380497992039
v 0.007913438603281975 0.0025390535593032837 0.009432374499738216
v 0.007749215234071016 0.0028027722146362066 0.009521707892417908
v 0.007475272286683321 0.002650447189807892 0.009717199020087719
v 0.007913438603281975 0.0025390535593032837 0.009432374499738216
v -0.010468795895576477 0.002697923220694065 0.004019421990960836
v -0.01047027762979269 0.0026981127448379993 -0.001477061421610415
v -0.010488501749932766 0.002546516014263034 -0.0014655424747616053
v -0.007296399213373661 0.0034592398442327976 0.00971823837608099
v -0.0077357105910778046 0.0028220349922776222 0.009528467431664467
v -0.007475272286683321 0.002650447189807892 0.009717199020087719
v -0.006842213682830334 0.0036060402635484934 0.009953311644494534
v -0.007296399213373661 0.0034592398442327976 0.00971823837608099
v -0.007475272286683321 0.002650447189807892 0.009717199020087719
v 0.006842213682830334 0.0036060402635484934 0.009953311644494534
v 0.006583306472748518 0.0034376627299934626 0.010053872130811214
v 0.007475272286683321 0.002650447189807892 0.009717199020087719
v 0.007749215234071016 0.0028027722146362066 0.009521707892417908
v 0.007735171355307102 0.0028231991454958916 0.009527825750410557
v 0.007475272286683321 0.002650447189807892 0.009717199020087719
v 0.007735171355307102 0.0028231991454958916 0.009527825750410557
v 0.006842213682830334 0.0036060402635484934 0.009953311644494534
v 0.007475272286683321 0.002650447189807892 0.009717199020087719
v -0.010367595590651035 0.00330776977352798 0.004592604003846645
v -0.010399386286735535 0.0032462486997246742 0.003965459298342466
v -0.010468795895576477 0.002697923220694065 0.004019421990960836
v -0.010399386286735535 0.0032462486997246742 0.003965459298342466
v -0.01047027762979269 0.0026981127448379993 -0.001477061421610415
v -0.010468795895576477 0.002697923220694065 0.004019421990960836
v -0.010399386286735535 0.0032462486997246742 0.003965459298342466
v -0.010279427282512188 0.004193914122879505 0.003872196888551116
v -0.01047027762979269 0.0026981127448379993 -0.001477061421610415
v -0.010279427282512188 0.004193914122879505 0.003872196888551116
v -0.010433985851705074 0.003000000026077032 -0.001500000013038516
v -0.01047027762979269 0.0026981127448379993 -0.001477061421610415
v -0.010433985851705074 0.003000000026077032 -0.001500000013038516
v 0.010433985851705074 0.003000000026077032 -0.001500000013038516
v -0.01047027762979269 0.0026981127448379993 -0.001477061421610415
v 0.010433985851705074 0.003000000026077032 -0.001500000013038516
v 0.010453931987285614 0.002836152445524931 -0.0014955452643334866
v -0.01047027762979269 0.0026981127448379993 -0.001477061421610415
v 0.007794110104441643 0.0035812328569591045 0.009333380497992039
v 0.007735171355307102 0.0028231991454958916 0.009527825750410557
v 0.007749215234071016 0.0028027722146362066 0.009521707892417908
v -0.007296399213373661 0.0034592398442327976 0.00971823837608099
v -0.007806034293025732 0.003483217442408204 0.009344040416181087
v -0.0077357105910778046 0.0028220349922776222 0.009528467431664467
v 0.007794110104441643 0.0035812328569591045 0.009333380497992039
v 0.007232481613755226 0.0035543579142540693 0.009746801108121872
v 0.007735171355307102 0.0028231991454958916 0.009527825750410557
v 0.007232481613755226 0.0035543579142540693 0.009746801108121872
v 0.006842213682830334 0.0036060402635484934 0.009953311644494534
v 0.007735171355307102 0.0028231991454958916 0.009527825750410557
v 0.010388904251158237 0.0033617806620895863 0.003960007801651955
v 0.010391583666205406 0.0033389681484550238 0.0039619626477360725
v 0.010453931987285614 0.002836152445524931 -0.0014955452643334866
v 0.010433985851705074 0.003000000026077032 -0.001500000013038516
v 0.010388904251158237 0.0033617806620895863 0.003960007801651955
v 0.010453931987285614 0.002836152445524931 -0.0014955452643334866
v -0.009934931993484497 0.0064534395933151245 -0.001500000013038516
v 0.010433985851705074 0.003000000026077032 -0.001500000013038516
v -0.010433985851705074 0.003000000026077032 -0.001500000013038516
v -0.010279427282512188 0.004193914122879505 0.003872196888551116
v -0.010151701979339123 0.005061738193035126 0.00375969335436821
v -0.010433985851705074 0.003000000026077032 -0.001500000013038516
v -0.010151701979339123 0.005061738193035126 0.00375969335436821
v -0.01005175244063139 0.005740847438573837 0.003671654500067234
v -0.010433985851705074 0.003000000026077032 -0.001500000013038516
v -0.01005175244063139 0.005740847438573837 0.003671654500067234
v -0.009934931993484497 0.0064534395933151245 -0.001500000013038516
v -0.010433985851705074 0.003000000026077032 -0.001500000013038516
v -0.009934931993484497 0.0064534395933151245 -0.001500000013038516
v -0.00941646471619606 0.009096575900912285 -0.001500000013038516
v 0.010433985851705074 0.003000000026077032 -0.001500000013038516
v -0.00941646471619606 0.009096575900912285 -0.001500000013038516
v -0.008964729495346546 0.010748195461928844 -0.001500000013038516
v 0.010433985851705074 0.003000000026077032 -0.001500000013038516
v -0.008964729495346546 0.010748195461928844 -0.001500000013038516
v -0.008691851049661636 0.011529523879289627 -0.001500000013038516
v 0.010433985851705074 0.003000000026077032 -0.001500000013038516
v -0.008691851049661636 0.011529523879289627 -0.001500000013038516
v -0.008654357865452766 0.01162528246641159 -0.001499979174695909
v 0.010433985851705074 0.003000000026077032 -0.001500000013038516
v -0.008654357865452766 0.01162528246641159 -0.001499979174695909
v -0.008428310044109821 0.012105860747396946 -0.0015000246930867434
v 0.010433985851705074 0.003000000026077032 -0.001500000013038516
v -0.008428310044109821 0.012105860747396946 -0.0015000246930867434
v -0.00842532329261303 0.012112210504710674 -0.0015000252751633525
v 0.010433985851705074 0.003000000026077032 -0.001500000013038516
v -0.00842532329261303 0.012112210504710674 -0.0015000252751633525
v -0.008157587610185146 0.012549097649753094 -0.00150004168972373
v 0.010433985851705074 0.003000000026077032 -0.001500000013038516
v -0.008157587610185146 0.012549097649753094 -0.00150004168972373
v -0.008083551190793514 0.012643544934689999 -0.0015001079300418496
v 0.010433985851705074 0.003000000026077032 -0.001500000013038516
v -0.008083551190793514 0.012643544934689999 -0.0015001079300418496
v -0.007819125428795815 0.01298086903989315 -0.0015003447188064456
v 0.010433985851705074 0.003000000026077032 -0.001500000013038516
v -0.007235512137413025 0.013515016064047813 -0.0015001404099166393
v -0.007042261306196451 0.013662733137607574 -0.001500205253250897
v 0.010433985851705074 0.003000000026077032 -0.001500000013038516
v -0.007042261306196451 0.013662733137607574 -0.001500205253250897
v -0.006774439476430416 0.013819054700434208 -0.0015000913990661502
v 0.010433985851705074 0.003000000026077032 -0.001500000013038516
v -0.006774439476430416 0.013819054700434208 -0.0015000913990661502
v -0.006675850134342909 0.013876599259674549 -0.0015000494895502925
v 0.010433985851705074 0.003000000026077032 -0.001500000013038516
v -0.006675850134342909 0.013876599259674549 -0.0015000494895502925
v -0.0063169049099087715 0.014026912860572338 -0.0015000824350863695
v 0.010433985851705074 0.003000000026077032 -0.001500000013038516
v -0.0063169049099087715 0.014026912860572338 -0.0015000824350863695
v -0.006275756750255823 0.014044144190847874 -0.001500086160376668
v 0.010433985851705074 0.003000000026077032 -0.001500000013038516
v -0.006275756750255823 0.014044144190847874 -0.001500086160376668
v -0.005983960349112749 0.014119137078523636 -0.001500118407420814
v 0.010433985851705074 0.003000000026077032 -0.001500000013038516
v 0.0059892465360462666 0.014122341759502888 -0.0015001368010416627
v 0.00600320054218173 0.014120382256805897 -0.0015001411084085703
v 0.010433985851705074 0.003000000026077032 -0.001500000013038516
v 0.00600320054218173 0.014120382256805897 -0.0015001411084085703
v 0.0063171181827783585 0.014027324505150318 -0.001500065322034061
v 0.010433985851705074 0.003000000026077032 -0.001500000013038516
v 0.0063171181827783585 0.014027324505150318 -0.001500065322034061
v 0.006357128266245127 0.01401546411216259 -0.0015000556595623493
v 0.010433985851705074 0.003000000026077032 -0.001500000013038516
v -0.007819125428795815 0.01298086903989315 -0.0015003447188064456
v -0.007732513826340437 0.013066736049950123 -0.0015002844156697392
v 0.010433985851705074 0.003000000026077032 -0.001500000013038516
v -0.007732513826340437 0.013066736049950123 -0.0015002844156697392
v -0.007679286412894726 0.01311950571835041 -0.0015002473955973983
v 0.010433985851705074 0.003000000026077032 -0.001500000013038516
v -0.007679286412894726 0.01311950571835041 -0.0015002473955973983
v -0.007235512137413025 0.013515016064047813 -0.0015001404099166393
v 0.010433985851705074 0.003000000026077032 -0.001500000013038516
v -0.005496333818882704 0.014178366400301456 -0.001500000013038516
v 0.005496333818882704 0.014178366400301456 -0.001500000013038516
v 0.010433985851705074 0.003000000026077032 -0.001500000013038516
v 0.006357128266245127 0.01401546411216259 -0.0015000556595623493
v 0.0067515624687075615 0.013837272301316261 -0.001500093494541943
v 0.010433985851705074 0.003000000026077032 -0.001500000013038516
v 0.0067515624687075615 0.013837272301316261 -0.001500093494541943
v 0.00677482970058918 0.013822557404637337 -0.0015000981511548162
v 0.010433985851705074 0.003000000026077032 -0.001500000013038516
v 0.00677482970058918 0.013822557404637337 -0.0015000981511548162
v 0.007179996930062771 0.013566314242780209 -0.0015001804567873478
v 0.010433985851705074 0.003000000026077032 -0.001500000013038516
v 0.005496333818882704 0.014178366400301456 -0.001500000013038516
v 0.005613141227513552 0.01417515054345131 -0.0015000192215666175
v 0.010433985851705074 0.003000000026077032 -0.001500000013038516
v 0.005613141227513552 0.01417515054345131 -0.0015000192215666175
v 0.005882017780095339 0.014137397520244122 -0.0015001032734289765
v 0.010433985851705074 0.003000000026077032 -0.001500000013038516
v 0.005882017780095339 0.014137397520244122 -0.0015001032734289765
v 0.0059892465360462666 0.014122341759502888 -0.0015001368010416627
v 0.010433985851705074 0.003000000026077032 -0.001500000013038516
v -0.00588073767721653 0.014143528416752815 -0.0015001242281869054
v -0.005496333818882704 0.014178366400301456 -0.001500000013038516
v 0.010433985851705074 0.003000000026077032 -0.001500000013038516
v -0.005983960349112749 0.014119137078523636 -0.001500118407420814
v -0.00588073767721653 0.014143528416752815 -0.0015001242281869054
v 0.010433985851705074 0.003000000026077032 -0.001500000013038516
v 0.007179996930062771 0.013566314242780209 -0.0015001804567873478
v 0.007236550562083721 0.013519068248569965 -0.0015001717256382108
v 0.010433985851705074 0.003000000026077032 -0.001500000013038516
v 0.007236550562083721 0.013519068248569965 -0.0015001717256382108
v 0.007557954639196396 0.013250559568405151 -0.0015001220162957907
v 0.010433985851705074 0.003000000026077032 -0.001500000013038516
v 0.007557954639196396 0.013250559568405151 -0.0015001220162957907
v 0.007679347414523363 0.013120618648827076 -0.0015001854626461864
v 0.010433985851705074 0.003000000026077032 -0.001500000013038516
v 0.007679347414523363 0.013120618648827076 -0.0015001854626461864
v 0.007730666548013687 0.013065685518085957 -0.0015002123545855284
v 0.010433985851705074 0.003000000026077032 -0.001500000013038516
v 0.007730666548013687 0.013065685518085957 -0.0015002123545855284
v 0.007921039126813412 0.012861906550824642 -0.0015003120061010122
v 0.010433985851705074 0.003000000026077032 -0.001500000013038516
v 0.007921039126813412 0.012861906550824642 -0.0015003120061010122
v 0.008082274347543716 0.012642567045986652 -0.0015001781284809113
v 0.010433985851705074 0.003000000026077032 -0.001500000013038516
v 0.008082274347543716 0.012642567045986652 -0.0015001781284809113
v 0.008226839825510979 0.012445904314517975 -0.0015000582206994295
v 0.010433985851705074 0.003000000026077032 -0.001500000013038516
v 0.008226839825510979 0.012445904314517975 -0.0015000582206994295
v 0.008424323052167892 0.012103438377380371 -0.0015000043204054236
v 0.010433985851705074 0.003000000026077032 -0.001500000013038516
v 0.008424323052167892 0.012103438377380371 -0.0015000043204054236
v 0.010286223143339157 0.004144076723605394 -0.001500000013038516
v 0.010433985851705074 0.003000000026077032 -0.001500000013038516
v 0.010282371193170547 0.004143550526350737 0.0038718951400369406
v 0.010388904251158237 0.0033617806620895863 0.003960007801651955
v 0.010433985851705074 0.003000000026077032 -0.001500000013038516
v 0.010286223143339157 0.004144076723605394 -0.001500000013038516
v 0.010282371193170547 0.004143550526350737 0.0038718951400369406
v 0.010433985851705074 0.003000000026077032 -0.001500000013038516
v 0.005992986261844635 0.003181261708959937 0.010114430449903011
v -0.0060315607115626335 0.0031078290194272995 0.010101060383021832
v 0.006030994467437267 0.0031076092272996902 0.010100684128701687
v 0.006309880875051022 0.003269586246460676 0.010103723034262657
v 0.005992986261844635 0.003181261708959937 0.010114430449903011
v 0.006030994467437267 0.0031076092272996902 0.010100684128701687
v 0.005992986261844635 0.003181261708959937 0.010114430449903011
v 0.005540421232581139 0.003952508792281151 0.010235325433313847
v -0.0060315607115626335 0.0031078290194272995 0.010101060383021832
v 0.005540421232581139 0.003952508792281151 0.010235325433313847
v 0.005464588291943073 0.004064107313752174 0.010250052437186241
v -0.0060315607115626335 0.0031078290194272995 0.010101060383021832
v 0.005464588291943073 0.004064107313752174 0.010250052437186241
v -0.0060030329041182995 0.0031629670411348343 0.0101113086566329
v -0.0060315607115626335 0.0031078290194272995 0.010101060383021832
v -0.0060030329041182995 0.0031629670411348343 0.0101113086566329
v -0.006309880875051022 0.003269586246460676 0.010103723034262657
v -0.0060315607115626335 0.0031078290194272995 0.010101060383021832
v 0.005464588291943073 0.004064107313752174 0.010250052437186241
v -0.005581082310527563 0.0038874996826052666 0.010225939564406872
v -0.0060030329041182995 0.0031629670411348343 0.0101113086566329
v -0.005692823324352503 0.0042214710265398026 0.01025415025651455
v -0.006309880875051022 0.003269586246460676 0.010103723034262657
v -0.0060030329041182995 0.0031629670411348343 0.0101113086566329
v -0.005581082310527563 0.0038874996826052666 0.010225939564406872
v -0.005692823324352503 0.0042214710265398026 0.01025415025651455
v -0.0060030329041182995 0.0031629670411348343 0.0101113086566329
v 0.006309880875051022 0.003269586246460676 0.010103723034262657
v 0.005540421232581139 0.003952508792281151 0.010235325433313847
v 0.005992986261844635 0.003181261708959937 0.010114430449903011
v -0.010367595590651035 0.00330776977352798 0.004592604003846645
v -0.010279427282512188 0.004193914122879505 0.003872196888551116
v -0.010399386286735535 0.0032462486997246742 0.003965459298342466
v -0.005692823324352503 0.0042214710265398026 0.01025415025651455
v -0.005915618501603603 0.004380517639219761 0.010219362564384937
v -0.006309880875051022 0.003269586246460676 0.010103723034262657
v -0.005915618501603603 0.004380517639219761 0.010219362564384937
v -0.006583306472748518 0.0034376627299934626 0.010053872130811214
v -0.006309880875051022 0.003269586246460676 0.010103723034262657
v 0.005692823324352503 0.0042214710265398026 0.01025415025651455
v 0.005540421232581139 0.003952508792281151 0.010235325433313847
v 0.006309880875051022 0.003269586246460676 0.010103723034262657
v 0.006583306472748518 0.0034376627299934626 0.010053872130811214
v 0.005692823324352503 0.0042214710265398026 0.01025415025651455
v 0.006309880875051022 0.003269586246460676 0.010103723034262657
v -0.010272767394781113 0.003362421179190278 0.005229335278272629
v -0.01001645252108574 0.005223677959293127 0.005012788809835911
v -0.010367595590651035 0.00330776977352798 0.004592604003846645
v -0.01001645252108574 0.005223677959293127 0.005012788809835911
v -0.010115312412381172 0.005146673880517483 0.0043820166029036045
v -0.010367595590651035 0.00330776977352798 0.004592604003846645
v -0.010115312412381172 0.005146673880517483 0.0043820166029036045
v -0.010279427282512188 0.004193914122879505 0.003872196888551116
v -0.010367595590651035 0.00330776977352798 0.004592604003846645
v 0.010388904251158237 0.0033617806620895863 0.003960007801651955
v 0.010355872102081776 0.0034004617482423782 0.004583475645631552
v 0.010391583666205406 0.0033389681484550238 0.0039619626477360725
v 0.010282371193170547 0.004143550526350737 0.0038718951400369406
v 0.010355872102081776 0.0034004617482423782 0.004583475645631552
v 0.010388904251158237 0.0033617806620895863 0.003960007801651955
v -0.010114554315805435 0.0034098979085683823 0.005873432382941246
v -0.009854975156486034 0.005292439833283424 0.00565076619386673
v -0.010272767394781113 0.003362421179190278 0.005229335278272629
v -0.009854975156486034 0.005292439833283424 0.00565076619386673
v -0.01001645252108574 0.005223677959293127 0.005012788809835911
v -0.010272767394781113 0.003362421179190278 0.005229335278272629
v 0.010282371193170547 0.004143550526350737 0.0038718951400369406
v 0.010094059631228447 0.005287525709718466 0.004362756386399269
v 0.010355872102081776 0.0034004617482423782 0.004583475645631552
v 0.010094059631228447 0.005287525709718466 0.004362756386399269
v 0.00999478343874216 0.005366539116948843 0.004992867819964886
v 0.010355872102081776 0.0034004617482423782 0.004583475645631552
v 0.00999478343874216 0.005366539116948843 0.004992867819964886
v 0.010260886512696743 0.0034560654312372208 0.00521998293697834
v 0.010355872102081776 0.0034004617482423782 0.004583475645631552
v -0.009890072047710419 0.003448881907388568 0.0065157474018633366
v -0.009628139436244965 0.005351250525563955 0.006286983378231525
v -0.010114554315805435 0.0034098979085683823 0.005873432382941246
v -0.009628139436244965 0.005351250525563955 0.006286983378231525
v -0.009854975156486034 0.005292439833283424 0.00565076619386673
v -0.010114554315805435 0.0034098979085683823 0.005873432382941246
v -0.006129891611635685 0.004538831766694784 0.010147477500140667
v -0.006842213682830334 0.0036060402635484934 0.009953311644494534
v -0.006583306472748518 0.0034376627299934626 0.010053872130811214
v -0.005915618501603603 0.004380517639219761 0.010219362564384937
v -0.006129891611635685 0.004538831766694784 0.010147477500140667
v -0.006583306472748518 0.0034376627299934626 0.010053872130811214
v 0.006842213682830334 0.0036060402635484934 0.009953311644494534
v 0.005915618501603603 0.004380517639219761 0.010219362564384937
v 0.006583306472748518 0.0034376627299934626 0.010053872130811214
v 0.005915618501603603 0.004380517639219761 0.010219362564384937
v 0.005692823324352503 0.0042214710265398026 0.01025415025651455
v 0.006583306472748518 0.0034376627299934626 0.010053872130811214
v -0.009598182514309883 0.0034781822469085455 0.0071462481282651424
v -0.009334919974207878 0.005398529581725597 0.00691161397844553
v -0.009890072047710419 0.003448881907388568 0.0065157474018633366
v -0.009334919974207878 0.005398529581725597 0.00691161397844553
v -0.009628139436244965 0.005351250525563955 0.006286983378231525
v -0.009890072047710419 0.003448881907388568 0.0065157474018633366
v 0.00999478343874216 0.005366539116948843 0.004992867819964886
v 0.009832967072725296 0.005437222309410572 0.005630169063806534
v 0.010260886512696743 0.0034560654312372208 0.00521998293697834
v 0.009832967072725296 0.005437222309410572 0.005630169063806534
v 0.010102546773850918 0.00350444414652884 0.00586384953930974
v 0.010260886512696743 0.0034560654312372208 0.00521998293697834
v -0.007217138074338436 0.0035742053296417 0.009752476587891579
v -0.007806034293025732 0.003483217442408204 0.009344040416181087
v -0.007296399213373661 0.0034592398442327976 0.00971823837608099
v -0.006842213682830334 0.0036060402635484934 0.009953311644494534
v -0.007217138074338436 0.0035742053296417 0.009752476587891579
v -0.007296399213373661 0.0034592398442327976 0.00971823837608099
v -0.009239760227501392 0.0034968117251992226 0.007754434831440449
v -0.008976256474852562 0.00543292285874486 0.007514382246881723
v -0.009598182514309883 0.0034781822469085455 0.0071462481282651424
v -0.008976256474852562 0.00543292285874486 0.007514382246881723
v -0.009334919974207878 0.005398529581725597 0.00691161397844553
v -0.009598182514309883 0.0034781822469085455 0.0071462481282651424
v -0.008076818659901619 0.0054592955857515335 0.008613965474069118
v -0.008337554521858692 0.0034995321184396744 0.008862626738846302
v -0.007806034293025732 0.003483217442408204 0.009344040416181087
v -0.00754815898835659 0.005450424738228321 0.009092560037970543
v -0.008076818659901619 0.0054592955857515335 0.008613965474069118
v -0.007806034293025732 0.003483217442408204 0.009344040416181087
v -0.007217138074338436 0.0035742053296417 0.009752476587891579
v -0.00754815898835659 0.005450424738228321 0.009092560037970543
v -0.007806034293025732 0.003483217442408204 0.009344040416181087
v -0.008555185049772263 0.005453393328934908 0.008085052482783794
v -0.008976256474852562 0.00543292285874486 0.007514382246881723
v -0.009239760227501392 0.0034968117251992226 0.007754434831440449
v -0.008817831054329872 0.0035040562506765127 0.008329848758876324
v -0.008555185049772263 0.005453393328934908 0.008085052482783794
v -0.009239760227501392 0.0034968117251992226 0.007754434831440449
v -0.008076818659901619 0.0054592955857515335 0.008613965474069118
v -0.008817831054329872 0.0035040562506765127 0.008329848758876324
v -0.008337554521858692 0.0034995321184396744 0.008862626738846302
v -0.008076818659901619 0.0054592955857515335 0.008613965474069118
v -0.008555185049772263 0.005453393328934908 0.008085052482783794
v -0.008817831054329872 0.0035040562506765127 0.008329848758876324
v 0.009832967072725296 0.005437222309410572 0.005630169063806534
v 0.009605885483324528 0.005497830919921398 0.006265711970627308
v 0.010102546773850918 0.00350444414652884 0.00586384953930974
v 0.009605885483324528 0.005497830919921398 0.006265711970627308
v 0.009877974167466164 0.003544263541698456 0.006505934987217188
v 0.010102546773850918 0.00350444414652884 0.00586384953930974
v 0.009605885483324528 0.005497830919921398 0.006265711970627308
v 0.00931252259761095 0.005546750966459513 0.006889693439006805
v 0.009877974167466164 0.003544263541698456 0.006505934987217188
v 0.00931252259761095 0.005546750966459513 0.006889693439006805
v 0.009586034342646599 0.0035743152257055044 0.007136215455830097
v 0.009877974167466164 0.003544263541698456 0.006505934987217188
v 0.007794110104441643 0.0035812328569591045 0.009333380497992039
v 0.007217325270175934 0.0035764030180871487 0.009753403253853321
v 0.007232481613755226 0.0035543579142540693 0.009746801108121872
v 0.007217325270175934 0.0035764030180871487 0.009753403253853321
v 0.006842213682830334 0.0036060402635484934 0.009953311644494534
v 0.007232481613755226 0.0035543579142540693 0.009746801108121872
v -0.006977761164307594 0.005427030846476555 0.009513831697404385
v -0.00754815898835659 0.005450424738228321 0.009092560037970543
v -0.007217138074338436 0.0035742053296417 0.009752476587891579
v -0.007184721063822508 0.003621224779635668 0.009766479954123497
v -0.006977761164307594 0.005427030846476555 0.009513831697404385
v -0.007217138074338436 0.0035742053296417 0.009752476587891579
v -0.006842213682830334 0.0036060402635484934 0.009953311644494534
v -0.007184721063822508 0.003621224779635668 0.009766479954123497
v -0.007217138074338436 0.0035742053296417 0.009752476587891579
v 0.00931252259761095 0.005546750966459513 0.006889693439006805
v 0.008953825570642948 0.005582596641033888 0.007491861004382372
v 0.009586034342646599 0.0035743152257055044 0.007136215455830097
v 0.008953825570642948 0.005582596641033888 0.007491861004382372
v 0.009227605536580086 0.0035935959313064814 0.00774419866502285
v 0.009586034342646599 0.0035743152257055044 0.007136215455830097
v 0.006956235505640507 0.0055801342241466045 0.009489819407463074
v 0.007210358511656523 0.0035865362733602524 0.009756438434123993
v 0.007217325270175934 0.0035764030180871487 0.009753403253853321
v 0.007526271510869265 0.005603060591965914 0.009068748913705349
v 0.006956235505640507 0.0055801342241466045 0.009489819407463074
v 0.007217325270175934 0.0035764030180871487 0.009753403253853321
v 0.007794110104441643 0.0035812328569591045 0.009333380497992039
v 0.007526271510869265 0.005603060591965914 0.009068748913705349
v 0.007217325270175934 0.0035764030180871487 0.009753403253853321
v 0.007210358511656523 0.0035865362733602524 0.009756438434123993
v 0.006842213682830334 0.0036060402635484934 0.009953311644494534
v 0.007217325270175934 0.0035764030180871487 0.009753403253853321
v 0.008054651319980621 0.005611197091639042 0.008590479381382465
v 0.007526271510869265 0.005603060591965914 0.009068748913705349
v 0.007794110104441643 0.0035812328569591045 0.009333380497992039
v 0.008325513452291489 0.003597266972064972 0.008852070197463036
v 0.008054651319980621 0.005611197091639042 0.008590479381382465
v 0.007794110104441643 0.0035812328569591045 0.009333380497992039
v 0.006956235505640507 0.0055801342241466045 0.009489819407463074
v 0.007072833366692066 0.0037658463697880507 0.009804151952266693
v 0.007210358511656523 0.0035865362733602524 0.009756438434123993
v 0.007072833366692066 0.0037658463697880507 0.009804151952266693
v 0.006842213682830334 0.0036060402635484934 0.009953311644494534
v 0.007210358511656523 0.0035865362733602524 0.009756438434123993
v 0.008953825570642948 0.005582596641033888 0.007491861004382372
v 0.008532832376658916 0.005604301579296589 0.008062002249062061
v 0.009227605536580086 0.0035935959313064814 0.00774419866502285
v 0.008532832376658916 0.005604301579296589 0.008062002249062061
v 0.008805712684988976 0.003601378295570612 0.008319435641169548
v 0.009227605536580086 0.0035935959313064814 0.00774419866502285
v 0.008805712684988976 0.003601378295570612 0.008319435641169548
v 0.008054651319980621 0.005611197091639042 0.008590479381382465
v 0.008325513452291489 0.003597266972064972 0.008852070197463036
v 0.008532832376658916 0.005604301579296589 0.008062002249062061
v 0.008054651319980621 0.005611197091639042 0.008590479381382465
v 0.008805712684988976 0.003601378295570612 0.008319435641169548
v -0.006129891611635685 0.004538831766694784 0.010147477500140667
v -0.006650334689766169 0.00431514997035265 0.009950274601578712
v -0.006842213682830334 0.0036060402635484934 0.009953311644494534
v -0.006650334689766169 0.00431514997035265 0.009950274601578712
v -0.007073250133544207 0.0037659748923033476 0.009804818779230118
v -0.006842213682830334 0.0036060402635484934 0.009953311644494534
v -0.007073250133544207 0.0037659748923033476 0.009804818779230118
v -0.007184721063822508 0.003621224779635668 0.009766479954123497
v -0.006842213682830334 0.0036060402635484934 0.009953311644494534
v 0.006129891611635685 0.004538831766694784 0.010147477500140667
v 0.005915618501603603 0.004380517639219761 0.010219362564384937
v 0.006842213682830334 0.0036060402635484934 0.009953311644494534
v 0.007072833366692066 0.0037658463697880507 0.009804151952266693
v 0.0066685425117611885 0.004292973782867193 0.00994442030787468
v 0.006842213682830334 0.0036060402635484934 0.009953311644494534
v 0.0066685425117611885 0.004292973782867193 0.00994442030787468
v 0.006129891611635685 0.004538831766694784 0.010147477500140667
v 0.006842213682830334 0.0036060402635484934 0.009953311644494534
v -0.007073250133544207 0.0037659748923033476 0.009804818779230118
v -0.006977761164307594 0.005427030846476555 0.009513831697404385
v -0.007184721063822508 0.003621224779635668 0.009766479954123497
v 0.006956235505640507 0.0055801342241466045 0.009489819407463074
v 0.0066685425117611885 0.004292973782867193 0.00994442030787468
v 0.007072833366692066 0.0037658463697880507 0.009804151952266693
v -0.006650334689766169 0.00431514997035265 0.009950274601578712
v -0.006977761164307594 0.005427030846476555 0.009513831697404385
v -0.007073250133544207 0.0037659748923033476 0.009804818779230118
v 0.005464588291943073 0.004064107313752174 0.010250052437186241
v -0.005463242065161467 0.004063313361257315 0.010249488055706024
v -0.005581082310527563 0.0038874996826052666 0.010225939564406872
v -0.005463242065161467 0.004063313361257315 0.010249488055706024
v -0.005692823324352503 0.0042214710265398026 0.01025415025651455
v -0.005581082310527563 0.0038874996826052666 0.010225939564406872
v 0.005692823324352503 0.0042214710265398026 0.01025415025651455
v 0.005464588291943073 0.004064107313752174 0.010250052437186241
v 0.005540421232581139 0.003952508792281151 0.010235325433313847
v 0.005464588291943073 0.004064107313752174 0.010250052437186241
v -0.005408043507486582 0.004145668353885412 0.01026051864027977
v -0.005463242065161467 0.004063313361257315 0.010249488055706024
v -0.005408043507486582 0.004145668353885412 0.01026051864027977
v -0.005692823324352503 0.0042214710265398026 0.01025415025651455
v -0.005463242065161467 0.004063313361257315 0.010249488055706024
v 0.0054091946221888065 0.0041456264443695545 0.010260810144245625
v -0.005408043507486582 0.004145668353885412 0.01026051864027977
v 0.005464588291943073 0.004064107313752174 0.010250052437186241
v 0.005692823324352503 0.0042214710265398026 0.01025415025651455
v 0.0054091946221888065 0.0041456264443695545 0.010260810144245625
v 0.005464588291943073 0.004064107313752174 0.010250052437186241
v 0.010174334980547428 0.004936345387250185 0.003782539861276746
v 0.010094059631228447 0.005287525709718466 0.004362756386399269
v 0.010282371193170547 0.004143550526350737 0.0038718951400369406
v 0.010286223143339157 0.004144076723605394 -0.001500000013038516
v 0.010174334980547428 0.004936345387250185 0.003782539861276746
v 0.010282371193170547 0.004143550526350737 0.0038718951400369406
v 0.008424323052167892 0.012103438377380371 -0.0015000043204054236
v 0.009798738174140453 0.007226260378956795 -0.001500000013038516
v 0.010286223143339157 0.004144076723605394 -0.001500000013038516
v 0.009932475164532661 0.006467909552156925 0.0035574915818870068
v 0.010132540948688984 0.005201003514230251 0.0037436510901898146
v 0.010286223143339157 0.004144076723605394 -0.001500000013038516
v 0.009798738174140453 0.007226260378956795 -0.001500000013038516
v 0.009932475164532661 0.006467909552156925 0.0035574915818870068
v 0.010286223143339157 0.004144076723605394 -0.001500000013038516
v 0.010132540948688984 0.005201003514230251 0.0037436510901898146
v 0.010174334980547428 0.004936345387250185 0.003782539861276746
v 0.010286223143339157 0.004144076723605394 -0.001500000013038516
v 0.00515335239470005 0.004522132687270641 0.01031049620360136
v -0.004351621028035879 0.005105096846818924 0.010377349331974983
v 0.0054091946221888065 0.0041456264443695545 0.010260810144245625
v -0.004351621028035879 0.005105096846818924 0.010377349331974983
v -0.005408043507486582 0.004145668353885412 0.01026051864027977
v 0.0054091946221888065 0.0041456264443695545 0.010260810144245625
v 0.005352842155843973 0.004675970878452063 0.010314662009477615
v 0.00515335239470005 0.004522132687270641 0.01031049620360136
v 0.0054091946221888065 0.0041456264443695545 0.010260810144245625
v 0.005692823324352503 0.0042214710265398026 0.01025415025651455
v 0.005352842155843973 0.004675970878452063 0.010314662009477615
v 0.0054091946221888065 0.0041456264443695545 0.010260810144245625
v -0.004351621028035879 0.005105096846818924 0.010377349331974983
v -0.005155006889253855 0.0045231906697154045 0.010311084799468517
v -0.005408043507486582 0.004145668353885412 0.01026051864027977
v -0.005155006889253855 0.0045231906697154045 0.010311084799468517
v -0.005352842155843973 0.004675970878452063 0.010314662009477615
v -0.005408043507486582 0.004145668353885412 0.01026051864027977
v -0.005352842155843973 0.004675970878452063 0.010314662009477615
v -0.005692823324352503 0.0042214710265398026 0.01025415025651455
v -0.005408043507486582 0.004145668353885412 0.01026051864027977
v -0.010115312412381172 0.005146673880517483 0.0043820166029036045
v -0.010151701979339123 0.005061738193035126 0.00375969335436821
v -0.010279427282512188 0.004193914122879505 0.003872196888551116
v -0.005352842155843973 0.004675970878452063 0.010314662009477615
v -0.00554799335077405 0.00483067287132144 0.010286792181432247
v -0.005692823324352503 0.0042214710265398026 0.01025415025651455
v -0.00554799335077405 0.00483067287132144 0.010286792181432247
v -0.005915618501603603 0.004380517639219761 0.010219362564384937
v -0.005692823324352503 0.0042214710265398026 0.01025415025651455
v 0.005915618501603603 0.004380517639219761 0.010219362564384937
v 0.005352842155843973 0.004675970878452063 0.010314662009477615
v 0.005692823324352503 0.0042214710265398026 0.01025415025651455
v 0.006956235505640507 0.0055801342241466045 0.009489819407463074
v 0.006491684354841709 0.0044974684715271 0.009993283078074455
v 0.0066685425117611885 0.004292973782867193 0.00994442030787468
v 0.006491684354841709 0.0044974684715271 0.009993283078074455
v 0.006129891611635685 0.004538831766694784 0.010147477500140667
v 0.0066685425117611885 0.004292973782867193 0.00994442030787468
v -0.0064918179996311665 0.004496006760746241 0.00999327003955841
v -0.006375280674546957 0.005389804020524025 0.009872665628790855
v -0.006650334689766169 0.00431514997035265 0.009950274601578712
v -0.006375280674546957 0.005389804020524025 0.009872665628790855
v -0.006977761164307594 0.005427030846476555 0.009513831697404385
v -0.006650334689766169 0.00431514997035265 0.009950274601578712
v -0.006129891611635685 0.004538831766694784 0.010147477500140667
v -0.0064918179996311665 0.004496006760746241 0.00999327003955841
v -0.006650334689766169 0.00431514997035265 0.009950274601578712
v -0.005736993625760078 0.004984402563422918 0.010228155180811882
v -0.006129891611635685 0.004538831766694784 0.010147477500140667
v -0.005915618501603603 0.004380517639219761 0.010219362564384937
v -0.00554799335077405 0.00483067287132144 0.010286792181432247
v -0.005736993625760078 0.004984402563422918 0.010228155180811882
v -0.005915618501603603 0.004380517639219761 0.010219362564384937
v 0.006129891611635685 0.004538831766694784 0.010147477500140667
v 0.00554799335077405 0.00483067287132144 0.010286792181432247
v 0.005915618501603603 0.004380517639219761 0.010219362564384937
v 0.00554799335077405 0.00483067287132144 0.010286792181432247
v 0.005352842155843973 0.004675970878452063 0.010314662009477615
v 0.005915618501603603 0.004380517639219761 0.010219362564384937
v -0.006323997396975756 0.004687478765845299 0.010038789361715317
v -0.006375280674546957 0.005389804020524025 0.009872665628790855
v -0.0064918179996311665 0.004496006760746241 0.00999327003955841
v -0.006129891611635685 0.004538831766694784 0.010147477500140667
v -0.006323997396975756 0.004687478765845299 0.010038789361715317
v -0.0064918179996311665 0.004496006760746241 0.00999327003955841
v 0.006354179233312607 0.005543104372918606 0.009848582558333874
v 0.0063259173184633255 0.004689138848334551 0.010039081797003746
v 0.006491684354841709 0.0044974684715271 0.009993283078074455
v 0.006956235505640507 0.0055801342241466045 0.009489819407463074
v 0.006354179233312607 0.005543104372918606 0.009848582558333874
v 0.006491684354841709 0.0044974684715271 0.009993283078074455
v 0.0063259173184633255 0.004689138848334551 0.010039081797003746
v 0.006129891611635685 0.004538831766694784 0.010147477500140667
v 0.006491684354841709 0.0044974684715271 0.009993283078074455
v 0.00510036526247859 0.004600110929459333 0.010320786386728287
v -0.004351621028035879 0.005105096846818924 0.010377349331974983
v 0.00515335239470005 0.004522132687270641 0.01031049620360136
v 0.005352842155843973 0.004675970878452063 0.010314662009477615
v 0.00510036526247859 0.004600110929459333 0.010320786386728287
v 0.00515335239470005 0.004522132687270641 0.01031049620360136
v -0.004351621028035879 0.005105096846818924 0.010377349331974983
v -0.005136027932167053 0.004551506135612726 0.010314878076314926
v -0.005155006889253855 0.0045231906697154045 0.010311084799468517
v -0.005136027932167053 0.004551506135612726 0.010314878076314926
v -0.005352842155843973 0.004675970878452063 0.010314662009477615
v -0.005155006889253855 0.0045231906697154045 0.010311084799468517
v -0.005736993625760078 0.004984402563422918 0.010228155180811882
v -0.005909423343837261 0.005127732176333666 0.010138710960745811
v -0.006129891611635685 0.004538831766694784 0.010147477500140667
v -0.005909423343837261 0.005127732176333666 0.010138710960745811
v -0.006109085865318775 0.004932677838951349 0.0100970808416605
v -0.006129891611635685 0.004538831766694784 0.010147477500140667
v -0.006109085865318775 0.004932677838951349 0.0100970808416605
v -0.006323997396975756 0.004687478765845299 0.010038789361715317
v -0.006129891611635685 0.004538831766694784 0.010147477500140667
v 0.006185219623148441 0.00485182274132967 0.010077954269945621
v 0.005736993625760078 0.004984402563422918 0.010228155180811882
v 0.006129891611635685 0.004538831766694784 0.010147477500140667
v 0.0063259173184633255 0.004689138848334551 0.010039081797003746
v 0.006185219623148441 0.00485182274132967 0.010077954269945621
v 0.006129891611635685 0.004538831766694784 0.010147477500140667
v 0.005736993625760078 0.004984402563422918 0.010228155180811882
v 0.00554799335077405 0.00483067287132144 0.010286792181432247
v 0.006129891611635685 0.004538831766694784 0.010147477500140667
v -0.004351621028035879 0.005105096846818924 0.010377349331974983
v -0.004813135601580143 0.004955814685672522 0.010360553860664368
v -0.005136027932167053 0.004551506135612726 0.010314878076314926
v -0.004813135601580143 0.004955814685672522 0.010360553860664368
v -0.004984577652066946 0.005108353216201067 0.010365563444793224
v -0.005136027932167053 0.004551506135612726 0.010314878076314926
v -0.004984577652066946 0.005108353216201067 0.010365563444793224
v -0.005352842155843973 0.004675970878452063 0.010314662009477615
v -0.005136027932167053 0.004551506135612726 0.010314878076314926
v 0.0048138536512851715 0.00495633902028203 0.010360757820308208
v -0.004351621028035879 0.005105096846818924 0.010377349331974983
v 0.00510036526247859 0.004600110929459333 0.010320786386728287
v 0.005352842155843973 0.004675970878452063 0.010314662009477615
v 0.0048138536512851715 0.00495633902028203 0.010360757820308208
v 0.00510036526247859 0.004600110929459333 0.010320786386728287
v -0.0051497831009328365 0.005258674267679453 0.010344178415834904
v -0.00554799335077405 0.00483067287132144 0.010286792181432247
v -0.005352842155843973 0.004675970878452063 0.010314662009477615
v -0.004984577652066946 0.005108353216201067 0.010365563444793224
v -0.0051497831009328365 0.005258674267679453 0.010344178415834904
v -0.005352842155843973 0.004675970878452063 0.010314662009477615
v 0.004984577652066946 0.005108353216201067 0.010365563444793224
v 0.0048138536512851715 0.00495633902028203 0.010360757820308208
v 0.005352842155843973 0.004675970878452063 0.010314662009477615
v 0.00554799335077405 0.00483067287132144 0.010286792181432247
v 0.004984577652066946 0.005108353216201067 0.010365563444793224
v 0.005352842155843973 0.004675970878452063 0.010314662009477615
v -0.006109085865318775 0.004932677838951349 0.0100970808416605
v -0.006375280674546957 0.005389804020524025 0.009872665628790855
v -0.006323997396975756 0.004687478765845299 0.010038789361715317
v 0.006354179233312607 0.005543104372918606 0.009848582558333874
v 0.006185219623148441 0.00485182274132967 0.010077954269945621
v 0.0063259173184633255 0.004689138848334551 0.010039081797003746
v -0.005310817155987024 0.0054079447872936726 0.010297991335391998
v -0.005736993625760078 0.004984402563422918 0.010228155180811882
v -0.00554799335077405 0.00483067287132144 0.010286792181432247
v -0.0051497831009328365 0.005258674267679453 0.010344178415834904
v -0.005310817155987024 0.0054079447872936726 0.010297991335391998
v -0.00554799335077405 0.00483067287132144 0.010286792181432247
v 0.005736993625760078 0.004984402563422918 0.010228155180811882
v 0.0051497831009328365 0.005258674267679453 0.010344178415834904
v 0.00554799335077405 0.00483067287132144 0.010286792181432247
v 0.0051497831009328365 0.005258674267679453 0.010344178415834904
v 0.004984577652066946 0.005108353216201067 0.010365563444793224
v 0.00554799335077405 0.00483067287132144 0.010286792181432247
v 0.006354179233312607 0.005543104372918606 0.009848582558333874
v 0.005910186097025871 0.005128786433488131 0.010138239711523056
v 0.006185219623148441 0.00485182274132967 0.010077954269945621
v 0.005910186097025871 0.005128786433488131 0.010138239711523056
v 0.005736993625760078 0.004984402563422918 0.010228155180811882
v 0.006185219623148441 0.00485182274132967 0.010077954269945621
v -0.005909423343837261 0.005127732176333666 0.010138710960745811
v -0.006375280674546957 0.005389804020524025 0.009872665628790855
v -0.006109085865318775 0.004932677838951349 0.0100970808416605
v 0.010132540948688984 0.005201003514230251 0.0037436510901898146
v 0.010094059631228447 0.005287525709718466 0.004362756386399269
v 0.010174334980547428 0.004936345387250185 0.003782539861276746
v -0.004351621028035879 0.005105096846818924 0.010377349331974983
v -0.0046997531317174435 0.0050977859646081924 0.010376593098044395
v -0.004813135601580143 0.004955814685672522 0.010360553860664368
v -0.0046997531317174435 0.0050977859646081924 0.010376593098044395
v -0.004984577652066946 0.005108353216201067 0.010365563444793224
v -0.004813135601580143 0.004955814685672522 0.010360553860664368
v 0.004703471437096596 0.005093580577522516 0.010376157239079475
v -0.004351621028035879 0.005105096846818924 0.010377349331974983
v 0.0048138536512851715 0.00495633902028203 0.010360757820308208
v 0.004984577652066946 0.005108353216201067 0.010365563444793224
v 0.004703471437096596 0.005093580577522516 0.010376157239079475
v 0.0048138536512851715 0.00495633902028203 0.010360757820308208
v -0.005551727022975683 0.005477172322571278 0.010213292203843594
v -0.005697079934179783 0.005335174035280943 0.010182985104620457
v -0.005736993625760078 0.004984402563422918 0.010228155180811882
v -0.005310817155987024 0.0054079447872936726 0.010297991335391998
v -0.005551727022975683 0.005477172322571278 0.010213292203843594
v -0.005736993625760078 0.004984402563422918 0.010228155180811882
v -0.005697079934179783 0.005335174035280943 0.010182985104620457
v -0.0057584866881370544 0.005275184754282236 0.010170182213187218
v -0.005736993625760078 0.004984402563422918 0.010228155180811882
v -0.0057584866881370544 0.005275184754282236 0.010170182213187218
v -0.005909423343837261 0.005127732176333666 0.010138710960745811
v -0.005736993625760078 0.004984402563422918 0.010228155180811882
v 0.005679264664649963 0.005361328832805157 0.010188855230808258
v 0.005310817155987024 0.0054079447872936726 0.010297991335391998
v 0.005736993625760078 0.004984402563422918 0.010228155180811882
v 0.005758052226155996 0.0052819885313510895 0.010171585716307163
v 0.005679264664649963 0.005361328832805157 0.010188855230808258
v 0.005736993625760078 0.004984402563422918 0.010228155180811882
v 0.005910186097025871 0.005128786433488131 0.010138239711523056
v 0.005758052226155996 0.0052819885313510895 0.010171585716307163
v 0.005736993625760078 0.004984402563422918 0.010228155180811882
v 0.005310817155987024 0.0054079447872936726 0.010297991335391998
v 0.0051497831009328365 0.005258674267679453 0.010344178415834904
v 0.005736993625760078 0.004984402563422918 0.010228155180811882
v -0.010115312412381172 0.005146673880517483 0.0043820166029036045
v -0.01005175244063139 0.005740847438573837 0.003671654500067234
v -0.010151701979339123 0.005061738193035126 0.00375969335436821
v 0.00444087153300643 0.005361505784094334 0.010402143001556396
v -0.004351621028035879 0.005105096846818924 0.010377349331974983
v 0.004703471437096596 0.005093580577522516 0.010376157239079475
v 0.004984577652066946 0.005108353216201067 0.010365563444793224
v 0.00444087153300643 0.005361505784094334 0.010402143001556396
v 0.004703471437096596 0.005093580577522516 0.010376157239079475
v -0.004351621028035879 0.005105096846818924 0.010377349331974983
v -0.004441040568053722 0.005361666902899742 0.010402178391814232
v -0.0046997531317174435 0.0050977859646081924 0.010376593098044395
v -0.0051497831009328365 0.005258674267679453 0.010344178415834904
v -0.004984577652066946 0.005108353216201067 0.010365563444793224
v -0.0046997531317174435 0.0050977859646081924 0.010376593098044395
v -0.004710316192358732 0.005656437948346138 0.010391746647655964
v -0.0051497831009328365 0.005258674267679453 0.010344178415834904
v -0.0046997531317174435 0.0050977859646081924 0.010376593098044395
v -0.004441040568053722 0.005361666902899742 0.010402178391814232
v -0.004710316192358732 0.005656437948346138 0.010391746647655964
v -0.0046997531317174435 0.0050977859646081924 0.010376593098044395
v 0.00444087153300643 0.005361505784094334 0.010402143001556396
v 0.004320628009736538 0.005484187509864569 0.010414041578769684
v -0.004351621028035879 0.005105096846818924 0.010377349331974983
v 0.004320628009736538 0.005484187509864569 0.010414041578769684
v 0.004024301189929247 0.005721345543861389 0.010434347204864025
v -0.004351621028035879 0.005105096846818924 0.010377349331974983
v 0.004024301189929247 0.005721345543861389 0.010434347204864025
v 0.003980173263698816 0.005756662227213383 0.010437371209263802
v -0.004351621028035879 0.005105096846818924 0.010377349331974983
v 0.003980173263698816 0.005756662227213383 0.010437371209263802
v 0.003631056286394596 0.005958000663667917 0.010452978312969208
v -0.004351621028035879 0.005105096846818924 0.010377349331974983
v 0.003631056286394596 0.005958000663667917 0.010452978312969208
v 0.003550493624061346 0.005986189469695091 0.010455016046762466
v -0.004351621028035879 0.005105096846818924 0.010377349331974983
v 0.003550493624061346 0.005986189469695091 0.010455016046762466
v 0.0033316086046397686 0.006062777247279882 0.01046055182814598
v -0.004351621028035879 0.005105096846818924 0.010377349331974983
v 0.0033316086046397686 0.006062777247279882 0.01046055182814598
v 0.003295091912150383 0.006067214533686638 0.010460861958563328
v -0.004351621028035879 0.005105096846818924 0.010377349331974983
v 0.003295091912150383 0.006067214533686638 0.010460861958563328
v 0.0030285106040537357 0.006099609658122063 0.010463126003742218
v -0.004351621028035879 0.005105096846818924 0.010377349331974983
v 0.0030285106040537357 0.006099609658122063 0.010463126003742218
v -0.0030285106040537357 0.006099609658122063 0.010463126003742218
v -0.004351621028035879 0.005105096846818924 0.010377349331974983
v -0.0030285106040537357 0.006099609658122063 0.010463126003742218
v -0.0032951992470771074 0.006068016868084669 0.010460919700562954
v -0.004351621028035879 0.005105096846818924 0.010377349331974983
v -0.0032951992470771074 0.006068016868084669 0.010460919700562954
v -0.0033237291499972343 0.0060646370984613895 0.010460683144629002
v -0.004351621028035879 0.005105096846818924 0.010377349331974983
v -0.0033237291499972343 0.0060646370984613895 0.010460683144629002
v -0.0035504878032952547 0.005986114963889122 0.010455010458827019
v -0.004351621028035879 0.005105096846818924 0.010377349331974983
v -0.0035504878032952547 0.005986114963889122 0.010455010458827019
v -0.003629049053415656 0.005958910565823317 0.01045304536819458
v -0.004351621028035879 0.005105096846818924 0.010377349331974983
v -0.003629049053415656 0.005958910565823317 0.01045304536819458
v -0.003953935578465462 0.005774607881903648 0.010438818484544754
v -0.004351621028035879 0.005105096846818924 0.010377349331974983
v -0.003953935578465462 0.005774607881903648 0.010438818484544754
v -0.00402307603508234 0.005719793029129505 0.010434139519929886
v -0.004351621028035879 0.005105096846818924 0.010377349331974983
v -0.00402307603508234 0.005719793029129505 0.010434139519929886
v -0.00432324456050992 0.00548181589692831 0.010413827374577522
v -0.004351621028035879 0.005105096846818924 0.010377349331974983
v -0.00432324456050992 0.00548181589692831 0.010413827374577522
v -0.004441040568053722 0.005361666902899742 0.010402178391814232
v -0.004351621028035879 0.005105096846818924 0.010377349331974983
v 0.004578317981213331 0.00551071809604764 0.01040711160749197
v 0.00444087153300643 0.005361505784094334 0.010402143001556396
v 0.004984577652066946 0.005108353216201067 0.010365563444793224
v 0.0051497831009328365 0.005258674267679453 0.010344178415834904
v 0.004578317981213331 0.00551071809604764 0.01040711160749197
v 0.004984577652066946 0.005108353216201067 0.010365563444793224
v -0.005750948563218117 0.0053398204036056995 0.010166025720536709
v -0.006375280674546957 0.005389804020524025 0.009872665628790855
v -0.005909423343837261 0.005127732176333666 0.010138710960745811
v -0.0057584866881370544 0.005275184754282236 0.010170182213187218
v -0.005750948563218117 0.0053398204036056995 0.010166025720536709
v -0.005909423343837261 0.005127732176333666 0.010138710960745811
v 0.006354179233312607 0.005543104372918606 0.009848582558333874
v 0.005758052226155996 0.0052819885313510895 0.010171585716307163
v 0.005910186097025871 0.005128786433488131 0.010138239711523056
v -0.009930958040058613 0.006452764384448528 0.0035530675668269396
v -0.01005175244063139 0.005740847438573837 0.003671654500067234
v -0.010115312412381172 0.005146673880517483 0.0043820166029036045
v -0.009808694943785667 0.00701887859031558 0.0040874481201171875
v -0.009930958040058613 0.006452764384448528 0.0035530675668269396
v -0.010115312412381172 0.005146673880517483 0.0043820166029036045
v -0.00970317330211401 0.007126056123524904 0.004707497078925371
v -0.009808694943785667 0.00701887859031558 0.0040874481201171875
v -0.010115312412381172 0.005146673880517483 0.0043820166029036045
v -0.01001645252108574 0.005223677959293127 0.005012788809835911
v -0.00970317330211401 0.007126056123524904 0.004707497078925371
v -0.010115312412381172 0.005146673880517483 0.0043820166029036045
v 0.009775339625775814 0.0072034974582493305 0.004053100943565369
v 0.010094059631228447 0.005287525709718466 0.004362756386399269
v 0.010132540948688984 0.005201003514230251 0.0037436510901898146
v 0.009932475164532661 0.006467909552156925 0.0035574915818870068
v 0.009775339625775814 0.0072034974582493305 0.004053100943565369
v 0.010132540948688984 0.005201003514230251 0.0037436510901898146
v -0.009854975156486034 0.005292439833283424 0.00565076619386673
v -0.00953627284616232 0.007223759777843952 0.005334482993930578
v -0.01001645252108574 0.005223677959293127 0.005012788809835911
v -0.00953627284616232 0.007223759777843952 0.005334482993930578
v -0.00970317330211401 0.007126056123524904 0.004707497078925371
v -0.01001645252108574 0.005223677959293127 0.005012788809835911
v -0.004839740693569183 0.005801161285489798 0.010357131250202656
v -0.005310817155987024 0.0054079447872936726 0.010297991335391998
v -0.0051497831009328365 0.005258674267679453 0.010344178415834904
v -0.004710316192358732 0.005656437948346138 0.010391746647655964
v -0.004839740693569183 0.005801161285489798 0.010357131250202656
v -0.0051497831009328365 0.005258674267679453 0.010344178415834904
v 0.004960281308740377 0.005936555098742247 0.010302412323653698
v 0.004710316192358732 0.005656437948346138 0.010391746647655964
v 0.0051497831009328365 0.005258674267679453 0.010344178415834904
v 0.005310817155987024 0.0054079447872936726 0.010297991335391998
v 0.004960281308740377 0.005936555098742247 0.010302412323653698
v 0.0051497831009328365 0.005258674267679453 0.010344178415834904
v 0.004710316192358732 0.005656437948346138 0.010391746647655964
v 0.004578317981213331 0.00551071809604764 0.01040711160749197
v 0.0051497831009328365 0.005258674267679453 0.010344178415834904
v -0.005697079934179783 0.005335174035280943 0.010182985104620457
v -0.005750948563218117 0.0053398204036056995 0.010166025720536709
v -0.0057584866881370544 0.005275184754282236 0.010170182213187218
v 0.005730312783271074 0.005493053700774908 0.010141999460756779
v 0.005679264664649963 0.005361328832805157 0.010188855230808258
v 0.005758052226155996 0.0052819885313510895 0.010171585716307163
v 0.006354179233312607 0.005543104372918606 0.009848582558333874
v 0.005730312783271074 0.005493053700774908 0.010141999460756779
v 0.005758052226155996 0.0052819885313510895 0.010171585716307163
v 0.009775339625775814 0.0072034974582493305 0.004053100943565369
v 0.009668991900980473 0.007314037997275591 0.004671764560043812
v 0.010094059631228447 0.005287525709718466 0.004362756386399269
v 0.009668991900980473 0.007314037997275591 0.004671764560043812
v 0.00999478343874216 0.005366539116948843 0.004992867819964886
v 0.010094059631228447 0.005287525709718466 0.004362756386399269
v -0.009305484592914581 0.007309786509722471 0.005959745962172747
v -0.00953627284616232 0.007223759777843952 0.005334482993930578
v -0.009854975156486034 0.005292439833283424 0.00565076619386673
v -0.009628139436244965 0.005351250525563955 0.006286983378231525
v -0.009305484592914581 0.007309786509722471 0.005959745962172747
v -0.009854975156486034 0.005292439833283424 0.00565076619386673
v -0.005453765857964754 0.0074051981791853905 0.009793324396014214
v -0.005750948563218117 0.0053398204036056995 0.010166025720536709
v -0.005697079934179783 0.005335174035280943 0.010182985104620457
v -0.005551727022975683 0.005477172322571278 0.010213292203843594
v -0.005453765857964754 0.0074051981791853905 0.009793324396014214
v -0.005697079934179783 0.005335174035280943 0.010182985104620457
v -0.006070740055292845 0.007454870734363794 0.00949919130653143
v -0.006375280674546957 0.005389804020524025 0.009872665628790855
v -0.005750948563218117 0.0053398204036056995 0.010166025720536709
v -0.005453765857964754 0.0074051981791853905 0.009793324396014214
v -0.006070740055292845 0.007454870734363794 0.00949919130653143
v -0.005750948563218117 0.0053398204036056995 0.010166025720536709
v -0.009009960107505322 0.00738206272944808 0.006573814433068037
v -0.009305484592914581 0.007309786509722471 0.005959745962172747
v -0.009628139436244965 0.005351250525563955 0.006286983378231525
v -0.009334919974207878 0.005398529581725597 0.00691161397844553
v -0.009009960107505322 0.00738206272944808 0.006573814433068037
v -0.009628139436244965 0.005351250525563955 0.006286983378231525
v 0.005730312783271074 0.005493053700774908 0.010141999460756779
v 0.005543701816350222 0.005476072896271944 0.010211830958724022
v 0.005679264664649963 0.005361328832805157 0.010188855230808258
v 0.005543701816350222 0.005476072896271944 0.010211830958724022
v 0.005310817155987024 0.0054079447872936726 0.010297991335391998
v 0.005679264664649963 0.005361328832805157 0.010188855230808258
v 0.004578317981213331 0.00551071809604764 0.01040711160749197
v 0.004320628009736538 0.005484187509864569 0.010414041578769684
v 0.00444087153300643 0.005361505784094334 0.010402143001556396
v -0.00432324456050992 0.00548181589692831 0.010413827374577522
v -0.004710316192358732 0.005656437948346138 0.010391746647655964
v -0.004441040568053722 0.005361666902899742 0.010402178391814232
v 0.009668991900980473 0.007314037997275591 0.004671764560043812
v 0.009501418098807335 0.007414977997541428 0.0052973320707678795
v 0.00999478343874216 0.005366539116948843 0.004992867819964886
v 0.009501418098807335 0.007414977997541428 0.0052973320707678795
v 0.009832967072725296 0.005437222309410572 0.005630169063806534
v 0.00999478343874216 0.005366539116948843 0.004992867819964886
v -0.006666521541774273 0.007487915456295013 0.009141666814684868
v -0.006977761164307594 0.005427030846476555 0.009513831697404385
v -0.006375280674546957 0.005389804020524025 0.009872665628790855
v -0.006070740055292845 0.007454870734363794 0.00949919130653143
v -0.006666521541774273 0.007487915456295013 0.009141666814684868
v -0.006375280674546957 0.005389804020524025 0.009872665628790855
v -0.008650744333863258 0.007438763976097107 0.007166789844632149
v -0.009009960107505322 0.00738206272944808 0.006573814433068037
v -0.009334919974207878 0.005398529581725597 0.00691161397844553
v -0.008976256474852562 0.00543292285874486 0.007514382246881723
v -0.008650744333863258 0.007438763976097107 0.007166789844632149
v -0.009334919974207878 0.005398529581725597 0.00691161397844553
v -0.004839740693569183 0.005801161285489798 0.010357131250202656
v -0.0050890445709228516 0.0058538541197776794 0.010287439450621605
v -0.005310817155987024 0.0054079447872936726 0.010297991335391998
v -0.0050890445709228516 0.0058538541197776794 0.010287439450621605
v -0.005462038330733776 0.005550190340727568 0.010227665305137634
v -0.005310817155987024 0.0054079447872936726 0.010297991335391998
v -0.005462038330733776 0.005550190340727568 0.010227665305137634
v -0.005551727022975683 0.005477172322571278 0.010213292203843594
v -0.005310817155987024 0.0054079447872936726 0.010297991335391998
v 0.005543701816350222 0.005476072896271944 0.010211830958724022
v 0.005459360778331757 0.005547461099922657 0.010226125828921795
v 0.005310817155987024 0.0054079447872936726 0.010297991335391998
v 0.005459360778331757 0.005547461099922657 0.010226125828921795
v 0.005163922440260649 0.005797527730464935 0.010276198387145996
v 0.005310817155987024 0.0054079447872936726 0.010297991335391998
v 0.005163922440260649 0.005797527730464935 0.010276198387145996
v 0.005033388733863831 0.005886644124984741 0.010293001309037209
v 0.005310817155987024 0.0054079447872936726 0.010297991335391998
v 0.005033388733863831 0.005886644124984741 0.010293001309037209
v 0.004960281308740377 0.005936555098742247 0.010302412323653698
v 0.005310817155987024 0.0054079447872936726 0.010297991335391998
v -0.007231204304844141 0.007503193337470293 0.0087237898260355
v -0.00754815898835659 0.005450424738228321 0.009092560037970543
v -0.006977761164307594 0.005427030846476555 0.009513831697404385
v -0.006666521541774273 0.007487915456295013 0.009141666814684868
v -0.007231204304844141 0.007503193337470293 0.0087237898260355
v -0.006977761164307594 0.005427030846476555 0.009513831697404385
v -0.008230889216065407 0.007478429935872555 0.007728813216090202
v -0.008650744333863258 0.007438763976097107 0.007166789844632149
v -0.008976256474852562 0.00543292285874486 0.007514382246881723
v -0.008555185049772263 0.005453393328934908 0.008085052482783794
v -0.008230889216065407 0.007478429935872555 0.007728813216090202
v -0.008976256474852562 0.00543292285874486 0.007514382246881723
v 0.009501418098807335 0.007414977997541428 0.0052973320707678795
v 0.0092701381072402 0.00750406039878726 0.005921181757003069
v 0.009832967072725296 0.005437222309410572 0.005630169063806534
v 0.0092701381072402 0.00750406039878726 0.005921181757003069
v 0.009605885483324528 0.005497830919921398 0.006265711970627308
v 0.009832967072725296 0.005437222309410572 0.005630169063806534
v -0.007755431346595287 0.007500062230974436 0.00825057178735733
v -0.008076818659901619 0.0054592955857515335 0.008613965474069118
v -0.00754815898835659 0.005450424738228321 0.009092560037970543
v -0.007231204304844141 0.007503193337470293 0.0087237898260355
v -0.007755431346595287 0.007500062230974436 0.00825057178735733
v -0.00754815898835659 0.005450424738228321 0.009092560037970543
v -0.007755431346595287 0.007500062230974436 0.00825057178735733
v -0.008230889216065407 0.007478429935872555 0.007728813216090202
v -0.008555185049772263 0.005453393328934908 0.008085052482783794
v -0.008076818659901619 0.0054592955857515335 0.008613965474069118
v -0.007755431346595287 0.007500062230974436 0.00825057178735733
v -0.008555185049772263 0.005453393328934908 0.008085052482783794
v 0.005730312783271074 0.005493053700774908 0.010141999460756779
v 0.005459360778331757 0.005547461099922657 0.010226125828921795
v 0.005543701816350222 0.005476072896271944 0.010211830958724022
v -0.005462038330733776 0.005550190340727568 0.010227665305137634
v -0.005453765857964754 0.0074051981791853905 0.009793324396014214
v -0.005551727022975683 0.005477172322571278 0.010213292203843594
v -0.00402307603508234 0.005719793029129505 0.010434139519929886
v -0.004215031862258911 0.006004517897963524 0.010429054498672485
v -0.00432324456050992 0.00548181589692831 0.010413827374577522
v -0.004215031862258911 0.006004517897963524 0.010429054498672485
v -0.004710316192358732 0.005656437948346138 0.010391746647655964
v -0.00432324456050992 0.00548181589692831 0.010413827374577522
v 0.004578317981213331 0.00551071809604764 0.01040711160749197
v 0.004024301189929247 0.005721345543861389 0.010434347204864025
v 0.004320628009736538 0.005484187509864569 0.010414041578769684
v 0.006354179233312607 0.005543104372918606 0.009848582558333874
v 0.006037569604814053 0.0076616439037024975 0.00945455301553011
v 0.005730312783271074 0.005493053700774908 0.010141999460756779
v 0.006037569604814053 0.0076616439037024975 0.00945455301553011
v 0.005421490874141455 0.007612156216055155 0.009748746640980244
v 0.005730312783271074 0.005493053700774908 0.010141999460756779
v 0.005421490874141455 0.007612156216055155 0.009748746640980244
v 0.005459360778331757 0.005547461099922657 0.010226125828921795
v 0.005730312783271074 0.005493053700774908 0.010141999460756779
v 0.0092701381072402 0.00750406039878726 0.005921181757003069
v 0.00897432491183281 0.007579159922897816 0.006533885840326548
v 0.009605885483324528 0.005497830919921398 0.006265711970627308
v 0.00897432491183281 0.007579159922897816 0.006533885840326548
v 0.00931252259761095 0.005546750966459513 0.006889693439006805
v 0.009605885483324528 0.005497830919921398 0.006265711970627308
v 0.004120890982449055 0.005863899365067482 0.010439034551382065
v 0.004024301189929247 0.005721345543861389 0.010434347204864025
v 0.004578317981213331 0.00551071809604764 0.01040711160749197
v 0.004710316192358732 0.005656437948346138 0.010391746647655964
v 0.004120890982449055 0.005863899365067482 0.010439034551382065
v 0.004578317981213331 0.00551071809604764 0.01040711160749197
v 0.006956235505640507 0.0055801342241466045 0.009489819407463074
v 0.0066325366497039795 0.0076940832659602165 0.009097231552004814
v 0.006354179233312607 0.005543104372918606 0.009848582558333874
v 0.0066325366497039795 0.0076940832659602165 0.009097231552004814
v 0.006037569604814053 0.0076616439037024975 0.00945455301553011
v 0.006354179233312607 0.005543104372918606 0.009848582558333874
v 0.00897432491183281 0.007579159922897816 0.006533885840326548
v 0.008615034632384777 0.007638401351869106 0.00712559325620532
v 0.00931252259761095 0.005546750966459513 0.006889693439006805
v 0.008615034632384777 0.007638401351869106 0.00712559325620532
v 0.008953825570642948 0.005582596641033888 0.007491861004382372
v 0.00931252259761095 0.005546750966459513 0.006889693439006805
v 0.005421490874141455 0.007612156216055155 0.009748746640980244
v 0.005163922440260649 0.005797527730464935 0.010276198387145996
v 0.005459360778331757 0.005547461099922657 0.010226125828921795
v -0.0050890445709228516 0.0058538541197776794 0.010287439450621605
v -0.005453765857964754 0.0074051981791853905 0.009793324396014214
v -0.005462038330733776 0.005550190340727568 0.010227665305137634
v 0.007196525577455759 0.007708331570029259 0.008679819293320179
v 0.0066325366497039795 0.0076940832659602165 0.009097231552004814
v 0.006956235505640507 0.0055801342241466045 0.009489819407463074
v 0.007526271510869265 0.005603060591965914 0.009068748913705349
v 0.007196525577455759 0.007708331570029259 0.008679819293320179
v 0.006956235505640507 0.0055801342241466045 0.009489819407463074
v 0.008615034632384777 0.007638401351869106 0.00712559325620532
v 0.008195322938263416 0.007680278737097979 0.0076864929869771
v 0.008953825570642948 0.005582596641033888 0.007491861004382372
v 0.008195322938263416 0.007680278737097979 0.0076864929869771
v 0.008532832376658916 0.005604301579296589 0.008062002249062061
v 0.008953825570642948 0.005582596641033888 0.007491861004382372
v 0.007720215246081352 0.007703754585236311 0.00820731371641159
v 0.007196525577455759 0.007708331570029259 0.008679819293320179
v 0.007526271510869265 0.005603060591965914 0.009068748913705349
v 0.008054651319980621 0.005611197091639042 0.008590479381382465
v 0.007720215246081352 0.007703754585236311 0.00820731371641159
v 0.007526271510869265 0.005603060591965914 0.009068748913705349
v 0.008195322938263416 0.007680278737097979 0.0076864929869771
v 0.007720215246081352 0.007703754585236311 0.00820731371641159
v 0.008532832376658916 0.005604301579296589 0.008062002249062061
v 0.007720215246081352 0.007703754585236311 0.00820731371641159
v 0.008054651319980621 0.005611197091639042 0.008590479381382465
v 0.008532832376658916 0.005604301579296589 0.008062002249062061
v -0.004307817667722702 0.006144296377897263 0.010404795408248901
v -0.004839740693569183 0.005801161285489798 0.010357131250202656
v -0.004710316192358732 0.005656437948346138 0.010391746647655964
v -0.004215031862258911 0.006004517897963524 0.010429054498672485
v -0.004307817667722702 0.006144296377897263 0.010404795408248901
v -0.004710316192358732 0.005656437948346138 0.010391746647655964
v 0.004960281308740377 0.005936555098742247 0.010302412323653698
v 0.004690407309681177 0.006120800971984863 0.01033715158700943
v 0.004710316192358732 0.005656437948346138 0.010391746647655964
v 0.004690407309681177 0.006120800971984863 0.01033715158700943
v 0.004215031862258911 0.006004517897963524 0.010429054498672485
v 0.004710316192358732 0.005656437948346138 0.010391746647655964
v 0.004215031862258911 0.006004517897963524 0.010429054498672485
v 0.004120890982449055 0.005863899365067482 0.010439034551382065
v 0.004710316192358732 0.005656437948346138 0.010391746647655964
v -0.003953935578465462 0.005774607881903648 0.010438818484544754
v -0.004215031862258911 0.006004517897963524 0.010429054498672485
v -0.00402307603508234 0.005719793029129505 0.010434139519929886
v 0.004120890982449055 0.005863899365067482 0.010439034551382065
v 0.003980173263698816 0.005756662227213383 0.010437371209263802
v 0.004024301189929247 0.005721345543861389 0.010434347204864025
v -0.009930958040058613 0.006452764384448528 0.0035530675668269396
v -0.009934931993484497 0.0064534395933151245 -0.001500000013038516
v -0.01005175244063139 0.005740847438573837 0.003671654500067234
v 0.004120890982449055 0.005863899365067482 0.010439034551382065
v 0.003631056286394596 0.005958000663667917 0.010452978312969208
v 0.003980173263698816 0.005756662227213383 0.010437371209263802
v -0.003629049053415656 0.005958910565823317 0.01045304536819458
v -0.0036532008089125156 0.006260708440095186 0.010454390197992325
v -0.003953935578465462 0.005774607881903648 0.010438818484544754
v -0.0036532008089125156 0.006260708440095186 0.010454390197992325
v -0.004215031862258911 0.006004517897963524 0.010429054498672485
v -0.003953935578465462 0.005774607881903648 0.010438818484544754
v 0.005421490874141455 0.007612156216055155 0.009748746640980244
v 0.005033388733863831 0.005886644124984741 0.010293001309037209
v 0.005163922440260649 0.005797527730464935 0.010276198387145996
v -0.004629208240658045 0.006157094147056341 0.010344136506319046
v -0.004961470142006874 0.005937983747571707 0.01030316948890686
v -0.004839740693569183 0.005801161285489798 0.010357131250202656
v -0.004307817667722702 0.006144296377897263 0.010404795408248901
v -0.004629208240658045 0.006157094147056341 0.010344136506319046
v -0.004839740693569183 0.005801161285489798 0.010357131250202656
v -0.004961470142006874 0.005937983747571707 0.01030316948890686
v -0.005033113993704319 0.0058907377533614635 0.010294335894286633
v -0.004839740693569183 0.005801161285489798 0.010357131250202656
v -0.005033113993704319 0.0058907377533614635 0.010294335894286633
v -0.0050890445709228516 0.0058538541197776794 0.010287439450621605
v -0.004839740693569183 0.005801161285489798 0.010357131250202656
v -0.004825543612241745 0.007340450305491686 0.0100230248644948
v -0.005453765857964754 0.0074051981791853905 0.009793324396014214
v -0.0050890445709228516 0.0058538541197776794 0.010287439450621605
v -0.005033113993704319 0.0058907377533614635 0.010294335894286633
v -0.004825543612241745 0.007340450305491686 0.0100230248644948
v -0.0050890445709228516 0.0058538541197776794 0.010287439450621605
v 0.0036028854083269835 0.00612601125612855 0.010460086166858673
v 0.003631056286394596 0.005958000663667917 0.010452978312969208
v 0.004120890982449055 0.005863899365067482 0.010439034551382065
v 0.003943562041968107 0.006147550884634256 0.010443346574902534
v 0.0036028854083269835 0.00612601125612855 0.010460086166858673
v 0.004120890982449055 0.005863899365067482 0.010439034551382065
v 0.004215031862258911 0.006004517897963524 0.010429054498672485
v 0.003943562041968107 0.006147550884634256 0.010443346574902534
v 0.004120890982449055 0.005863899365067482 0.010439034551382065
v 0.004794204607605934 0.007547188084572554 0.009978759102523327
v 0.004960281308740377 0.005936555098742247 0.010302412323653698
v 0.005033388733863831 0.005886644124984741 0.010293001309037209
v 0.005421490874141455 0.007612156216055155 0.009748746640980244
v 0.004794204607605934 0.007547188084572554 0.009978759102523327
v 0.005033388733863831 0.005886644124984741 0.010293001309037209
v -0.004961470142006874 0.005937983747571707 0.01030316948890686
v -0.004825543612241745 0.007340450305491686 0.0100230248644948
v -0.005033113993704319 0.0058907377533614635 0.010294335894286633
v 0.004794204607605934 0.007547188084572554 0.009978759102523327
v 0.004690407309681177 0.006120800971984863 0.01033715158700943
v 0.004960281308740377 0.005936555098742247 0.010302412323653698
v -0.004629208240658045 0.006157094147056341 0.010344136506319046
v -0.004825543612241745 0.007340450305491686 0.0100230248644948
v -0.004961470142006874 0.005937983747571707 0.01030316948890686
v 0.0036028854083269835 0.00612601125612855 0.010460086166858673
v 0.003550493624061346 0.005986189469695091 0.010455016046762466
v 0.003631056286394596 0.005958000663667917 0.010452978312969208
v -0.0035504878032952547 0.005986114963889122 0.010455010458827019
v -0.0036532008089125156 0.006260708440095186 0.010454390197992325
v -0.003629049053415656 0.005958910565823317 0.01045304536819458
v -0.0033237291499972343 0.0060646370984613895 0.010460683144629002
v -0.0033474829979240894 0.006333375349640846 0.010461641475558281
v -0.0035504878032952547 0.005986114963889122 0.010455010458827019
v -0.0033474829979240894 0.006333375349640846 0.010461641475558281
v -0.0036532008089125156 0.006260708440095186 0.010454390197992325
v -0.0035504878032952547 0.005986114963889122 0.010455010458827019
v 0.0036028854083269835 0.00612601125612855 0.010460086166858673
v 0.0033316086046397686 0.006062777247279882 0.01046055182814598
v 0.003550493624061346 0.005986189469695091 0.010455016046762466
v -0.0036532008089125156 0.006260708440095186 0.010454390197992325
v -0.003702994668856263 0.006394765805453062 0.010438374243676662
v -0.004215031862258911 0.006004517897963524 0.010429054498672485
v -0.004015775863081217 0.0062845987267792225 0.010423547588288784
v -0.004307817667722702 0.006144296377897263 0.010404795408248901
v -0.004215031862258911 0.006004517897963524 0.010429054498672485
v -0.003702994668856263 0.006394765805453062 0.010438374243676662
v -0.004015775863081217 0.0062845987267792225 0.010423547588288784
v -0.004215031862258911 0.006004517897963524 0.010429054498672485
v 0.004330880474299192 0.00630789902061224 0.010371379554271698
v 0.004228135105222464 0.006361368112266064 0.010381161235272884
v 0.004215031862258911 0.006004517897963524 0.010429054498672485
v 0.004690407309681177 0.006120800971984863 0.01033715158700943
v 0.004394518211483955 0.006274782121181488 0.010365321300923824
v 0.004215031862258911 0.006004517897963524 0.010429054498672485
v 0.004394518211483955 0.006274782121181488 0.010365321300923824
v 0.004330880474299192 0.00630789902061224 0.010371379554271698
v 0.004215031862258911 0.006004517897963524 0.010429054498672485
v 0.004228135105222464 0.006361368112266064 0.010381161235272884
v 0.003943562041968107 0.006147550884634256 0.010443346574902534
v 0.004215031862258911 0.006004517897963524 0.010429054498672485
v 0.003321548691019416 0.006202033255249262 0.010465865023434162
v 0.003295091912150383 0.006067214533686638 0.010460861958563328
v 0.0033316086046397686 0.006062777247279882 0.01046055182814598
v 0.0036028854083269835 0.00612601125612855 0.010460086166858673
v 0.003321548691019416 0.006202033255249262 0.010465865023434162
v 0.0033316086046397686 0.006062777247279882 0.01046055182814598
v -0.0032951992470771074 0.006068016868084669 0.010460919700562954
v -0.0033474829979240894 0.006333375349640846 0.010461641475558281
v -0.0033237291499972343 0.0060646370984613895 0.010460683144629002
v 0.003321548691019416 0.006202033255249262 0.010465865023434162
v 0.0030285106040537357 0.006099609658122063 0.010463126003742218
v 0.003295091912150383 0.006067214533686638 0.010460861958563328
v -0.0030285106040537357 0.006099609658122063 0.010463126003742218
v -0.0030285106040537357 0.006237768568098545 0.010467903688549995
v -0.0032951992470771074 0.006068016868084669 0.010460919700562954
v -0.0030285106040537357 0.006237768568098545 0.010467903688549995
v -0.0033474829979240894 0.006333375349640846 0.010461641475558281
v -0.0032951992470771074 0.006068016868084669 0.010460919700562954
v 0.0030285106040537357 0.006227039732038975 0.010467532090842724
v -0.0030285106040537357 0.006237768568098545 0.010467903688549995
v -0.0030285106040537357 0.006099609658122063 0.010463126003742218
v 0.0030285106040537357 0.006099609658122063 0.010463126003742218
v 0.0030285106040537357 0.006227039732038975 0.010467532090842724
v -0.0030285106040537357 0.006099609658122063 0.010463126003742218
v 0.003321548691019416 0.006202033255249262 0.010465865023434162
v 0.0030285106040537357 0.006227039732038975 0.010467532090842724
v 0.0030285106040537357 0.006099609658122063 0.010463126003742218
v 0.004794204607605934 0.007547188084572554 0.009978759102523327
v 0.004394518211483955 0.006274782121181488 0.010365321300923824
v 0.004690407309681177 0.006120800971984863 0.01033715158700943
v 0.0036532008089125156 0.006260708440095186 0.010454390197992325
v 0.003321548691019416 0.006202033255249262 0.010465865023434162
v 0.0036028854083269835 0.00612601125612855 0.010460086166858673
v 0.003943562041968107 0.006147550884634256 0.010443346574902534
v 0.0036532008089125156 0.006260708440095186 0.010454390197992325
v 0.0036028854083269835 0.00612601125612855 0.010460086166858673
v -0.004394971299916506 0.006275389343500137 0.010365700349211693
v -0.004629208240658045 0.006157094147056341 0.010344136506319046
v -0.004307817667722702 0.006144296377897263 0.010404795408248901
v -0.004015775863081217 0.0062845987267792225 0.010423547588288784
v -0.00420357147231698 0.006372051313519478 0.010383320972323418
v -0.004307817667722702 0.006144296377897263 0.010404795408248901
v -0.00420357147231698 0.006372051313519478 0.010383320972323418
v -0.004330936353653669 0.006307728588581085 0.010371595621109009
v -0.004307817667722702 0.006144296377897263 0.010404795408248901
v -0.004330936353653669 0.006307728588581085 0.010371595621109009
v -0.004394971299916506 0.006275389343500137 0.010365700349211693
v -0.004307817667722702 0.006144296377897263 0.010404795408248901
v 0.0038463727105408907 0.00650102598592639 0.010407176800072193
v 0.0036532008089125156 0.006260708440095186 0.010454390197992325
v 0.003943562041968107 0.006147550884634256 0.010443346574902534
v 0.004084307234734297 0.0064139836467802525 0.010390962474048138
v 0.0038463727105408907 0.00650102598592639 0.010407176800072193
v 0.003943562041968107 0.006147550884634256 0.010443346574902534
v 0.004228135105222464 0.006361368112266064 0.010381161235272884
v 0.004084307234734297 0.0064139836467802525 0.010390962474048138
v 0.003943562041968107 0.006147550884634256 0.010443346574902534
v -0.004394971299916506 0.006275389343500137 0.010365700349211693
v -0.004825543612241745 0.007340450305491686 0.0100230248644948
v -0.004629208240658045 0.006157094147056341 0.010344136506319046
v 0.0030285106040537357 0.006237768568098545 0.010467903688549995
v 0.0030285106040537357 0.006227039732038975 0.010467532090842724
v 0.003321548691019416 0.006202033255249262 0.010465865023434162
v 0.0033474829979240894 0.006333375349640846 0.010461641475558281
v 0.0030285106040537357 0.006237768568098545 0.010467903688549995
v 0.003321548691019416 0.006202033255249262 0.010465865023434162
v 0.0036532008089125156 0.006260708440095186 0.010454390197992325
v 0.0033474829979240894 0.006333375349640846 0.010461641475558281
v 0.003321548691019416 0.006202033255249262 0.010465865023434162
v 0.0030285106040537357 0.006237768568098545 0.010467903688549995
v -0.0030285106040537357 0.006237768568098545 0.010467903688549995
v 0.0030285106040537357 0.006227039732038975 0.010467532090842724
v 0.0030285106040537357 0.006237768568098545 0.010467903688549995
v -0.0030285106040537357 0.00635405583307147 0.010457047261297703
v -0.0030285106040537357 0.006237768568098545 0.010467903688549995
v -0.0030285106040537357 0.00635405583307147 0.010457047261297703
v -0.0033474829979240894 0.006333375349640846 0.010461641475558281
v -0.0030285106040537357 0.006237768568098545 0.010467903688549995
v 0.0033474829979240894 0.006333375349640846 0.010461641475558281
v 0.0030285106040537357 0.00635405583307147 0.010457047261297703
v 0.0030285106040537357 0.006237768568098545 0.010467903688549995
v 0.0030285106040537357 0.00635405583307147 0.010457047261297703
v -0.0030285106040537357 0.00635405583307147 0.010457047261297703
v 0.0030285106040537357 0.006237768568098545 0.010467903688549995
v -0.0033474829979240894 0.006333375349640846 0.010461641475558281
v -0.0033731863368302584 0.006464170292019844 0.01044846884906292
v -0.0036532008089125156 0.006260708440095186 0.010454390197992325
v -0.0033731863368302584 0.006464170292019844 0.01044846884906292
v -0.003702994668856263 0.006394765805453062 0.010438374243676662
v -0.0036532008089125156 0.006260708440095186 0.010454390197992325
v 0.0038463727105408907 0.00650102598592639 0.010407176800072193
v 0.0037506239023059607 0.006521392147988081 0.010411396622657776
v 0.0036532008089125156 0.006260708440095186 0.010454390197992325
v 0.0034316868986934423 0.006589231081306934 0.010425451211631298
v 0.0033474829979240894 0.006333375349640846 0.010461641475558281
v 0.0036532008089125156 0.006260708440095186 0.010454390197992325
v 0.00366102228872478 0.006540450733155012 0.010415345430374146
v 0.0034316868986934423 0.006589231081306934 0.010425451211631298
v 0.0036532008089125156 0.006260708440095186 0.010454390197992325
v 0.0037506239023059607 0.006521392147988081 0.010411396622657776
v 0.00366102228872478 0.006540450733155012 0.010415345430374146
v 0.0036532008089125156 0.006260708440095186 0.010454390197992325
v 0.004794204607605934 0.007547188084572554 0.009978759102523327
v 0.004330880474299192 0.00630789902061224 0.010371379554271698
v 0.004394518211483955 0.006274782121181488 0.010365321300923824
v -0.0041955909691751 0.007262485567480326 0.010189139284193516
v -0.004825543612241745 0.007340450305491686 0.0100230248644948
v -0.004394971299916506 0.006275389343500137 0.010365700349211693
v -0.004330936353653669 0.006307728588581085 0.010371595621109009
v -0.0041955909691751 0.007262485567480326 0.010189139284193516
v -0.004394971299916506 0.006275389343500137 0.010365700349211693
v -0.0037897774018347263 0.0065170712769031525 0.010410411283373833
v -0.004084354266524315 0.006413832772523165 0.01039112638682127
v -0.004015775863081217 0.0062845987267792225 0.010423547588288784
v -0.004084354266524315 0.006413832772523165 0.01039112638682127
v -0.00420357147231698 0.006372051313519478 0.010383320972323418
v -0.004015775863081217 0.0062845987267792225 0.010423547588288784
v -0.003702994668856263 0.006394765805453062 0.010438374243676662
v -0.0037897774018347263 0.0065170712769031525 0.010410411283373833
v -0.004015775863081217 0.0062845987267792225 0.010423547588288784
v -0.00420357147231698 0.006372051313519478 0.010383320972323418
v -0.0041955909691751 0.007262485567480326 0.010189139284193516
v -0.004330936353653669 0.006307728588581085 0.010371595621109009
v 0.0041651916690170765 0.007468621712177992 0.010145414620637894
v 0.004228135105222464 0.006361368112266064 0.010381161235272884
v 0.004330880474299192 0.00630789902061224 0.010371379554271698
v 0.004794204607605934 0.007547188084572554 0.009978759102523327
v 0.0041651916690170765 0.007468621712177992 0.010145414620637894
v 0.004330880474299192 0.00630789902061224 0.010371379554271698
v -0.0030285106040537357 0.00635405583307147 0.010457047261297703
v -0.0030285106040537357 0.006481268908828497 0.010445170104503632
v -0.0033474829979240894 0.006333375349640846 0.010461641475558281
v -0.0030285106040537357 0.006481268908828497 0.010445170104503632
v -0.0033731863368302584 0.006464170292019844 0.01044846884906292
v -0.0033474829979240894 0.006333375349640846 0.010461641475558281
v 0.0033983509056270123 0.006590781733393669 0.010426104068756104
v 0.0030285106040537357 0.00635405583307147 0.010457047261297703
v 0.0033474829979240894 0.006333375349640846 0.010461641475558281
v 0.0034316868986934423 0.006589231081306934 0.010425451211631298
v 0.0033983509056270123 0.006590781733393669 0.010426104068756104
v 0.0033474829979240894 0.006333375349640846 0.010461641475558281
v 0.0030285106040537357 0.00635405583307147 0.010457047261297703
v -0.0030285106040537357 0.006481268908828497 0.010445170104503632
v -0.0030285106040537357 0.00635405583307147 0.010457047261297703
v 0.0033983509056270123 0.006590781733393669 0.010426104068756104
v 0.0030285106040537357 0.0066079855896532536 0.010433339513838291
v 0.0030285106040537357 0.00635405583307147 0.010457047261297703
v 0.0030285106040537357 0.0066079855896532536 0.010433339513838291
v -0.0030285106040537357 0.006481268908828497 0.010445170104503632
v 0.0030285106040537357 0.00635405583307147 0.010457047261297703
v 0.0041651916690170765 0.007468621712177992 0.010145414620637894
v 0.004084307234734297 0.0064139836467802525 0.010390962474048138
v 0.004228135105222464 0.006361368112266064 0.010381161235272884
v -0.004084354266524315 0.006413832772523165 0.01039112638682127
v -0.0041955909691751 0.007262485567480326 0.010189139284193516
v -0.00420357147231698 0.006372051313519478 0.010383320972323418
v -0.003660963848233223 0.006541188340634108 0.010415580123662949
v -0.0037513345014303923 0.006524268537759781 0.010411953553557396
v -0.003702994668856263 0.006394765805453062 0.010438374243676662
v -0.0033731863368302584 0.006464170292019844 0.01044846884906292
v -0.003660963848233223 0.006541188340634108 0.010415580123662949
v -0.003702994668856263 0.006394765805453062 0.010438374243676662
v -0.0037513345014303923 0.006524268537759781 0.010411953553557396
v -0.0037897774018347263 0.0065170712769031525 0.010410411283373833
v -0.003702994668856263 0.006394765805453062 0.010438374243676662
v -0.0037897774018347263 0.0065170712769031525 0.010410411283373833
v -0.0041955909691751 0.007262485567480326 0.010189139284193516
v -0.004084354266524315 0.006413832772523165 0.01039112638682127
v 0.0041651916690170765 0.007468621712177992 0.010145414620637894
v 0.0038463727105408907 0.00650102598592639 0.010407176800072193
v 0.004084307234734297 0.0064139836467802525 0.010390962474048138
v -0.009808694943785667 0.00701887859031558 0.0040874481201171875
v -0.009854493662714958 0.006903422996401787 0.003477999707683921
v -0.009930958040058613 0.006452764384448528 0.0035530675668269396
v -0.009854493662714958 0.006903422996401787 0.003477999707683921
v -0.009934931993484497 0.0064534395933151245 -0.001500000013038516
v -0.009930958040058613 0.006452764384448528 0.0035530675668269396
v -0.009854493662714958 0.006903422996401787 0.003477999707683921
v -0.009812887758016586 0.007148628123104572 0.0034371549263596535
v -0.009934931993484497 0.0064534395933151245 -0.001500000013038516
v -0.009812887758016586 0.007148628123104572 0.0034371549263596535
v -0.009538870304822922 0.008548014797270298 0.003152708988636732
v -0.009934931993484497 0.0064534395933151245 -0.001500000013038516
v -0.009538870304822922 0.008548014797270298 0.003152708988636732
v -0.00941646471619606 0.009096575900912285 -0.001500000013038516
v -0.009934931993484497 0.0064534395933151245 -0.001500000013038516
v -0.0033599575981497765 0.006597544532269239 0.010427657514810562
v -0.0033978926949203014 0.006590442266315222 0.01042613573372364
v -0.0033731863368302584 0.006464170292019844 0.01044846884906292
v -0.0030285106040537357 0.006481268908828497 0.010445170104503632
v -0.0033599575981497765 0.006597544532269239 0.010427657514810562
v -0.0033731863368302584 0.006464170292019844 0.01044846884906292
v -0.0033978926949203014 0.006590442266315222 0.01042613573372364
v -0.003660963848233223 0.006541188340634108 0.010415580123662949
v -0.0033731863368302584 0.006464170292019844 0.01044846884906292
v 0.009819966740906239 0.007083461154252291 0.003441574750468135
v 0.009775339625775814 0.0072034974582493305 0.004053100943565369
v 0.009932475164532661 0.006467909552156925 0.0035574915818870068
v 0.009798738174140453 0.007226260378956795 -0.001500000013038516
v 0.009819966740906239 0.007083461154252291 0.003441574750468135
v 0.009932475164532661 0.006467909552156925 0.0035574915818870068
v 0.0030285106040537357 0.0066079855896532536 0.010433339513838291
v -0.0030285106040537357 0.0066079855896532536 0.010433339513838291
v -0.0030285106040537357 0.006481268908828497 0.010445170104503632
v -0.0030285106040537357 0.0066079855896532536 0.010433339513838291
v -0.0033599575981497765 0.006597544532269239 0.010427657514810562
v -0.0030285106040537357 0.006481268908828497 0.010445170104503632
v 0.0041651916690170765 0.007468621712177992 0.010145414620637894
v 0.0037506239023059607 0.006521392147988081 0.010411396622657776
v 0.0038463727105408907 0.00650102598592639 0.010407176800072193
v -0.0037513345014303923 0.006524268537759781 0.010411953553557396
v -0.0041955909691751 0.007262485567480326 0.010189139284193516
v -0.0037897774018347263 0.0065170712769031525 0.010410411283373833
v 0.0041651916690170765 0.007468621712177992 0.010145414620637894
v 0.0035431201104074717 0.007378540001809597 0.0102511802688241
v 0.0037506239023059607 0.006521392147988081 0.010411396622657776
v 0.0035431201104074717 0.007378540001809597 0.0102511802688241
v 0.00366102228872478 0.006540450733155012 0.010415345430374146
v 0.0037506239023059607 0.006521392147988081 0.010411396622657776
v -0.0035726078785955906 0.007173353806138039 0.010294164530932903
v -0.0041955909691751 0.007262485567480326 0.010189139284193516
v -0.0037513345014303923 0.006524268537759781 0.010411953553557396
v -0.003660963848233223 0.006541188340634108 0.010415580123662949
v -0.0035726078785955906 0.007173353806138039 0.010294164530932903
v -0.0037513345014303923 0.006524268537759781 0.010411953553557396
v 0.0035431201104074717 0.007378540001809597 0.0102511802688241
v 0.0034316868986934423 0.006589231081306934 0.010425451211631298
v 0.00366102228872478 0.006540450733155012 0.010415345430374146
v -0.0033978926949203014 0.006590442266315222 0.01042613573372364
v -0.0035726078785955906 0.007173353806138039 0.010294164530932903
v -0.003660963848233223 0.006541188340634108 0.010415580123662949
v 0.0035431201104074717 0.007378540001809597 0.0102511802688241
v 0.0033983509056270123 0.006590781733393669 0.010426104068756104
v 0.0034316868986934423 0.006589231081306934 0.010425451211631298
v -0.0033599575981497765 0.006597544532269239 0.010427657514810562
v -0.0035726078785955906 0.007173353806138039 0.010294164530932903
v -0.0033978926949203014 0.006590442266315222 0.01042613573372364
v 0.0029337580781430006 0.007277156691998243 0.01029184553772211
v 0.0030285106040537357 0.0066079855896532536 0.010433339513838291
v 0.0033983509056270123 0.006590781733393669 0.010426104068756104
v 0.0035431201104074717 0.007378540001809597 0.0102511802688241
v 0.0029337580781430006 0.007277156691998243 0.01029184553772211
v 0.0033983509056270123 0.006590781733393669 0.010426104068756104
v -0.0030285106040537357 0.0066079855896532536 0.010433339513838291
v -0.002964084967970848 0.007075022906064987 0.01034120935946703
v -0.0033599575981497765 0.006597544532269239 0.010427657514810562
v -0.002964084967970848 0.007075022906064987 0.01034120935946703
v -0.0035726078785955906 0.007173353806138039 0.010294164530932903
v -0.0033599575981497765 0.006597544532269239 0.010427657514810562
v 3.221279985154979e-05 0.006841693539172411 0.010388476774096489
v -0.002964084967970848 0.007075022906064987 0.01034120935946703
v -0.0030285106040537357 0.0066079855896532536 0.010433339513838291
v 0.0030285106040537357 0.0066079855896532536 0.010433339513838291
v 3.221279985154979e-05 0.006841693539172411 0.010388476774096489
v -0.0030285106040537357 0.0066079855896532536 0.010433339513838291
v 0.0029337580781430006 0.007277156691998243 0.01029184553772211
v 3.221279985154979e-05 0.006841693539172411 0.010388476774096489
v 0.0030285106040537357 0.0066079855896532536 0.010433339513838291
v 0.0029337580781430006 0.007277156691998243 0.01029184553772211
v 0.00284812250174582 0.007881942205131054 0.010163964703679085
v 3.221279985154979e-05 0.006841693539172411 0.010388476774096489
v 0.00284812250174582 0.007881942205131054 0.010163964703679085
v -0.0028469914104789495 0.007880921475589275 0.010159718804061413
v 3.221279985154979e-05 0.006841693539172411 0.010388476774096489
v -0.0028469914104789495 0.007880921475589275 0.010159718804061413
v -0.0029498401563614607 0.007178287487477064 0.01032083947211504
v 3.221279985154979e-05 0.006841693539172411 0.010388476774096489
v -0.0029498401563614607 0.007178287487477064 0.01032083947211504
v -0.002964084967970848 0.007075022906064987 0.01034120935946703
v 3.221279985154979e-05 0.006841693539172411 0.010388476774096489
v -0.009808694943785667 0.00701887859031558 0.0040874481201171875
v -0.009812887758016586 0.007148628123104572 0.0034371549263596535
v -0.009854493662714958 0.006903422996401787 0.003477999707683921
v -0.009415493346750736 0.008984825573861599 0.00367928110063076
v -0.009538870304822922 0.008548014797270298 0.003152708988636732
v -0.009808694943785667 0.00701887859031558 0.0040874481201171875
v -0.009298578836023808 0.009128221310675144 0.004280421882867813
v -0.009415493346750736 0.008984825573861599 0.00367928110063076
v -0.009808694943785667 0.00701887859031558 0.0040874481201171875
v -0.009538870304822922 0.008548014797270298 0.003152708988636732
v -0.009812887758016586 0.007148628123104572 0.0034371549263596535
v -0.009808694943785667 0.00701887859031558 0.0040874481201171875
v -0.00970317330211401 0.007126056123524904 0.004707497078925371
v -0.009298578836023808 0.009128221310675144 0.004280421882867813
v -0.009808694943785667 0.00701887859031558 0.0040874481201171875
v -0.0029498401563614607 0.007178287487477064 0.01032083947211504
v -0.0035726078785955906 0.007173353806138039 0.010294164530932903
v -0.002964084967970848 0.007075022906064987 0.01034120935946703
v 0.00979402381926775 0.007225397974252701 0.0034148460254073143
v 0.009775339625775814 0.0072034974582493305 0.004053100943565369
v 0.009819966740906239 0.007083461154252291 0.003441574750468135
v 0.009798738174140453 0.007226260378956795 -0.001500000013038516
v 0.00979402381926775 0.007225397974252701 0.0034148460254073143
v 0.009819966740906239 0.007083461154252291 0.003441574750468135
v -0.009349468164145947 0.008209272287786007 0.005130567587912083
v -0.009298578836023808 0.009128221310675144 0.004280421882867813
v -0.00970317330211401 0.007126056123524904 0.004707497078925371
v -0.00953627284616232 0.007223759777843952 0.005334482993930578
v -0.009349468164145947 0.008209272287786007 0.005130567587912083
v -0.00970317330211401 0.007126056123524904 0.004707497078925371
v -0.0029498401563614607 0.007178287487477064 0.01032083947211504
v -0.0028469914104789495 0.007880921475589275 0.010159718804061413
v -0.0035726078785955906 0.007173353806138039 0.010294164530932903
v -0.0028469914104789495 0.007880921475589275 0.010159718804061413
v -0.0034160648938268423 0.00823375303298235 0.010056431405246258
v -0.0035726078785955906 0.007173353806138039 0.010294164530932903
v -0.0034160648938268423 0.00823375303298235 0.010056431405246258
v -0.004033917095512152 0.00832783430814743 0.009947280399501324
v -0.0035726078785955906 0.007173353806138039 0.010294164530932903
v -0.004033917095512152 0.00832783430814743 0.009947280399501324
v -0.0041955909691751 0.007262485567480326 0.010189139284193516
v -0.0035726078785955906 0.007173353806138039 0.010294164530932903
v 0.00979402381926775 0.007225397974252701 0.0034148460254073143
v 0.009588931687176228 0.008176554925739765 0.0038557485677301884
v 0.009775339625775814 0.0072034974582493305 0.004053100943565369
v 0.009588931687176228 0.008176554925739765 0.0038557485677301884
v 0.00947757251560688 0.008305482566356659 0.0044659036211669445
v 0.009775339625775814 0.0072034974582493305 0.004053100943565369
v 0.00947757251560688 0.008305482566356659 0.0044659036211669445
v 0.009668991900980473 0.007314037997275591 0.004671764560043812
v 0.009775339625775814 0.0072034974582493305 0.004053100943565369
v -0.009305484592914581 0.007309786509722471 0.005959745962172747
v -0.009349468164145947 0.008209272287786007 0.005130567587912083
v -0.00953627284616232 0.007223759777843952 0.005334482993930578
v 0.009663399308919907 0.007940067909657955 0.0032802638597786427
v 0.009588931687176228 0.008176554925739765 0.0038557485677301884
v 0.00979402381926775 0.007225397974252701 0.0034148460254073143
v 0.009798738174140453 0.007226260378956795 -0.001500000013038516
v 0.009663399308919907 0.007940067909657955 0.0032802638597786427
v 0.00979402381926775 0.007225397974252701 0.0034148460254073143
v 0.008424323052167892 0.012103438377380371 -0.0015000043204054236
v 0.009380773641169071 0.00924753025174141 -0.001500000013038516
v 0.009798738174140453 0.007226260378956795 -0.001500000013038516
v 0.009380773641169071 0.00924753025174141 -0.001500000013038516
v 0.00937819853425026 0.009246967732906342 0.0030006610322743654
v 0.009798738174140453 0.007226260378956795 -0.001500000013038516
v 0.00937819853425026 0.009246967732906342 0.0030006610322743654
v 0.009416240267455578 0.00907264743000269 0.0030379556119441986
v 0.009798738174140453 0.007226260378956795 -0.001500000013038516
v 0.009416240267455578 0.00907264743000269 0.0030379556119441986
v 0.009663399308919907 0.007940067909657955 0.0032802638597786427
v 0.009798738174140453 0.007226260378956795 -0.001500000013038516
v -0.004033917095512152 0.00832783430814743 0.009947280399501324
v -0.0046585798263549805 0.008408891968429089 0.009778172709047794
v -0.0041955909691751 0.007262485567480326 0.010189139284193516
v -0.0046585798263549805 0.008408891968429089 0.009778172709047794
v -0.004825543612241745 0.007340450305491686 0.0100230248644948
v -0.0041955909691751 0.007262485567480326 0.010189139284193516
v 0.0035431201104074717 0.007378540001809597 0.0102511802688241
v 0.00284812250174582 0.007881942205131054 0.010163964703679085
v 0.0029337580781430006 0.007277156691998243 0.01029184553772211
v -0.009009960107505322 0.00738206272944808 0.006573814433068037
v -0.009115919470787048 0.008311539888381958 0.005747771821916103
v -0.009305484592914581 0.007309786509722471 0.005959745962172747
v -0.009115919470787048 0.008311539888381958 0.005747771821916103
v -0.009349468164145947 0.008209272287786007 0.005130567587912083
v -0.009305484592914581 0.007309786509722471 0.005959745962172747
v 0.00947757251560688 0.008305482566356659 0.0044659036211669445
v 0.009305929765105247 0.008424056693911552 0.00508275767788291
v 0.009668991900980473 0.007314037997275591 0.004671764560043812
v 0.009305929765105247 0.008424056693911552 0.00508275767788291
v 0.009501418098807335 0.007414977997541428 0.0052973320707678795
v 0.009668991900980473 0.007314037997275591 0.004671764560043812
v -0.0046585798263549805 0.008408891968429089 0.009778172709047794
v -0.005281531717628241 0.008474710397422314 0.009546780027449131
v -0.004825543612241745 0.007340450305491686 0.0100230248644948
v -0.005281531717628241 0.008474710397422314 0.009546780027449131
v -0.005453765857964754 0.0074051981791853905 0.009793324396014214
v -0.004825543612241745 0.007340450305491686 0.0100230248644948
v 0.003380910959094763 0.008461235091090202 0.01000018510967493
v 0.00284812250174582 0.007881942205131054 0.010163964703679085
v 0.0035431201104074717 0.007378540001809597 0.0102511802688241
v 0.0041651916690170765 0.007468621712177992 0.010145414620637894
v 0.003380910959094763 0.008461235091090202 0.01000018510967493
v 0.0035431201104074717 0.007378540001809597 0.0102511802688241
v -0.008650744333863258 0.007438763976097107 0.007166789844632149
v -0.008818776346743107 0.008398822508752346 0.006354058627039194
v -0.009009960107505322 0.00738206272944808 0.006573814433068037
v -0.008818776346743107 0.008398822508752346 0.006354058627039194
v -0.009115919470787048 0.008311539888381958 0.005747771821916103
v -0.009009960107505322 0.00738206272944808 0.006573814433068037
v -0.005281531717628241 0.008474710397422314 0.009546780027449131
v -0.005893465131521225 0.008523307740688324 0.009252377785742283
v -0.005453765857964754 0.0074051981791853905 0.009793324396014214
v -0.005893465131521225 0.008523307740688324 0.009252377785742283
v -0.006070740055292845 0.007454870734363794 0.00949919130653143
v -0.005453765857964754 0.0074051981791853905 0.009793324396014214
v 0.009305929765105247 0.008424056693911552 0.00508275767788291
v 0.009071691893041134 0.00852973759174347 0.005697924178093672
v 0.009501418098807335 0.007414977997541428 0.0052973320707678795
v 0.009071691893041134 0.00852973759174347 0.005697924178093672
v 0.0092701381072402 0.00750406039878726 0.005921181757003069
v 0.009501418098807335 0.007414977997541428 0.0052973320707678795
v -0.008230889216065407 0.007478429935872555 0.007728813216090202
v -0.008459152653813362 0.008469032123684883 0.006939798127859831
v -0.008650744333863258 0.007438763976097107 0.007166789844632149
v -0.008459152653813362 0.008469032123684883 0.006939798127859831
v -0.008818776346743107 0.008398822508752346 0.006354058627039194
v -0.008650744333863258 0.007438763976097107 0.007166789844632149
v -0.005893465131521225 0.008523307740688324 0.009252377785742283
v -0.006484659388661385 0.008553056046366692 0.008896072395145893
v -0.006070740055292845 0.007454870734363794 0.00949919130653143
v -0.006484659388661385 0.008553056046366692 0.008896072395145893
v -0.006666521541774273 0.007487915456295013 0.009141666814684868
v -0.006070740055292845 0.007454870734363794 0.00949919130653143
v 0.003997379913926125 0.008556786924600601 0.009889966808259487
v 0.003380910959094763 0.008461235091090202 0.01000018510967493
v 0.0041651916690170765 0.007468621712177992 0.010145414620637894
v 0.004794204607605934 0.007547188084572554 0.009978759102523327
v 0.003997379913926125 0.008556786924600601 0.009889966808259487
v 0.0041651916690170765 0.007468621712177992 0.010145414620637894
v -0.007755431346595287 0.007500062230974436 0.00825057178735733
v -0.008040111511945724 0.008520469069480896 0.0074953967705369
v -0.008230889216065407 0.007478429935872555 0.007728813216090202
v -0.008040111511945724 0.008520469069480896 0.0074953967705369
v -0.008459152653813362 0.008469032123684883 0.006939798127859831
v -0.008230889216065407 0.007478429935872555 0.007728813216090202
v -0.006484659388661385 0.008553056046366692 0.008896072395145893
v -0.007045432459563017 0.008562796749174595 0.008480897173285484
v -0.006666521541774273 0.007487915456295013 0.009141666814684868
v -0.007045432459563017 0.008562796749174595 0.008480897173285484
v -0.007231204304844141 0.007503193337470293 0.0087237898260355
v -0.006666521541774273 0.007487915456295013 0.009141666814684868
v -0.007231204304844141 0.007503193337470293 0.0087237898260355
v -0.007566631305962801 0.00855193194001913 0.00801178626716137
v -0.007755431346595287 0.007500062230974436 0.00825057178735733
v -0.007566631305962801 0.00855193194001913 0.00801178626716137
v -0.008040111511945724 0.008520469069480896 0.0074953967705369
v -0.007755431346595287 0.007500062230974436 0.00825057178735733
v -0.007045432459563017 0.008562796749174595 0.008480897173285484
v -0.007566631305962801 0.00855193194001913 0.00801178626716137
v -0.007231204304844141 0.007503193337470293 0.0087237898260355
v 0.009071691893041134 0.00852973759174347 0.005697924178093672
v 0.008774160407483578 0.008620120584964752 0.006302244495600462
v 0.0092701381072402 0.00750406039878726 0.005921181757003069
v 0.008774160407483578 0.008620120584964752 0.006302244495600462
v 0.00897432491183281 0.007579159922897816 0.006533885840326548
v 0.0092701381072402 0.00750406039878726 0.005921181757003069
v 0.005421490874141455 0.007612156216055155 0.009748746640980244
v 0.004620617255568504 0.00863891001790762 0.009720082394778728
v 0.004794204607605934 0.007547188084572554 0.009978759102523327
v 0.004620617255568504 0.00863891001790762 0.009720082394778728
v 0.003997379913926125 0.008556786924600601 0.009889966808259487
v 0.004794204607605934 0.007547188084572554 0.009978759102523327
v 0.008774160407483578 0.008620120584964752 0.006302244495600462
v 0.008414466865360737 0.008693059906363487 0.006886155344545841
v 0.00897432491183281 0.007579159922897816 0.006533885840326548
v 0.008414466865360737 0.008693059906363487 0.006886155344545841
v 0.008615034632384777 0.007638401351869106 0.00712559325620532
v 0.00897432491183281 0.007579159922897816 0.006533885840326548
v 0.006037569604814053 0.0076616439037024975 0.00945455301553011
v 0.0052421498112380505 0.008705348707735538 0.009488243609666824
v 0.005421490874141455 0.007612156216055155 0.009748746640980244
v 0.0052421498112380505 0.008705348707735538 0.009488243609666824
v 0.004620617255568504 0.00863891001790762 0.009720082394778728
v 0.005421490874141455 0.007612156216055155 0.009748746640980244
v 0.008414466865360737 0.008693059906363487 0.006886155344545841
v 0.00799567624926567 0.00874680932611227 0.007440132554620504
v 0.008615034632384777 0.007638401351869106 0.00712559325620532
v 0.00799567624926567 0.00874680932611227 0.007440132554620504
v 0.008195322938263416 0.007680278737097979 0.0076864929869771
v 0.008615034632384777 0.007638401351869106 0.00712559325620532
v 0.0066325366497039795 0.0076940832659602165 0.009097231552004814
v 0.005852723494172096 0.00875408761203289 0.00919375941157341
v 0.006037569604814053 0.0076616439037024975 0.00945455301553011
v 0.005852723494172096 0.00875408761203289 0.00919375941157341
v 0.0052421498112380505 0.008705348707735538 0.009488243609666824
v 0.006037569604814053 0.0076616439037024975 0.00945455301553011
v 0.00799567624926567 0.00874680932611227 0.007440132554620504
v 0.007522753905504942 0.00878012552857399 0.007955169305205345
v 0.008195322938263416 0.007680278737097979 0.0076864929869771
v 0.007522753905504942 0.00878012552857399 0.007955169305205345
v 0.007720215246081352 0.007703754585236311 0.00820731371641159
v 0.008195322938263416 0.007680278737097979 0.0076864929869771
v 0.007196525577455759 0.007708331570029259 0.008679819293320179
v 0.006442677229642868 0.008783480152487755 0.008837750181555748
v 0.0066325366497039795 0.0076940832659602165 0.009097231552004814
v 0.006442677229642868 0.008783480152487755 0.008837750181555748
v 0.005852723494172096 0.00875408761203289 0.00919375941157341
v 0.0066325366497039795 0.0076940832659602165 0.009097231552004814
v 0.0070023867301642895 0.008792358450591564 0.008423248305916786
v 0.007196525577455759 0.007708331570029259 0.008679819293320179
v 0.007720215246081352 0.007703754585236311 0.00820731371641159
v 0.007522753905504942 0.00878012552857399 0.007955169305205345
v 0.0070023867301642895 0.008792358450591564 0.008423248305916786
v 0.007720215246081352 0.007703754585236311 0.00820731371641159
v 0.0070023867301642895 0.008792358450591564 0.008423248305916786
v 0.006442677229642868 0.008783480152487755 0.008837750181555748
v 0.007196525577455759 0.007708331570029259 0.008679819293320179
v -0.0028109196573495865 0.00812735315412283 0.010103209875524044
v -0.0034160648938268423 0.00823375303298235 0.010056431405246258
v -0.0028469914104789495 0.007880921475589275 0.010159718804061413
v 0.00284812250174582 0.007881942205131054 0.010163964703679085
v -0.0028109196573495865 0.00812735315412283 0.010103209875524044
v -0.0028469914104789495 0.007880921475589275 0.010159718804061413
v 0.003380910959094763 0.008461235091090202 0.01000018510967493
v 0.0028264380525797606 0.00803508423268795 0.01013158354908228
v 0.00284812250174582 0.007881942205131054 0.010163964703679085
v -7.64295255066827e-05 0.0089837945997715 0.009890853427350521
v -0.00275532272644341 0.008507175371050835 0.010016112588346004
v 0.00284812250174582 0.007881942205131054 0.010163964703679085
v 0.0028264380525797606 0.00803508423268795 0.01013158354908228
v -7.64295255066827e-05 0.0089837945997715 0.009890853427350521
v 0.00284812250174582 0.007881942205131054 0.010163964703679085
v -0.00275532272644341 0.008507175371050835 0.010016112588346004
v -0.0028109196573495865 0.00812735315412283 0.010103209875524044
v 0.00284812250174582 0.007881942205131054 0.010163964703679085
v 0.009358137845993042 0.00923075433820486 0.0036238667089492083
v 0.009588931687176228 0.008176554925739765 0.0038557485677301884
v 0.009663399308919907 0.007940067909657955 0.0032802638597786427
v 0.009416240267455578 0.00907264743000269 0.0030379556119441986
v 0.009358137845993042 0.00923075433820486 0.0036238667089492083
v 0.009663399308919907 0.007940067909657955 0.0032802638597786427
v 0.003380910959094763 0.008461235091090202 0.01000018510967493
v 0.002776940120384097 0.008352885954082012 0.010048682801425457
v 0.0028264380525797606 0.00803508423268795 0.01013158354908228
v 0.002776940120384097 0.008352885954082012 0.010048682801425457
v -7.64295255066827e-05 0.0089837945997715 0.009890853427350521
v 0.0028264380525797606 0.00803508423268795 0.01013158354908228
v -0.00275532272644341 0.008507175371050835 0.010016112588346004
v -0.0034160648938268423 0.00823375303298235 0.010056431405246258
v -0.0028109196573495865 0.00812735315412283 0.010103209875524044
v 0.009358137845993042 0.00923075433820486 0.0036238667089492083
v 0.009239197708666325 0.009378433227539062 0.004221788607537746
v 0.009588931687176228 0.008176554925739765 0.0038557485677301884
v 0.009239197708666325 0.009378433227539062 0.004221788607537746
v 0.00947757251560688 0.008305482566356659 0.0044659036211669445
v 0.009588931687176228 0.008176554925739765 0.0038557485677301884
v -0.009122512303292751 0.009260231629014015 0.004888039082288742
v -0.009298578836023808 0.009128221310675144 0.004280421882867813
v -0.009349468164145947 0.008209272287786007 0.005130567587912083
v -0.009115919470787048 0.008311539888381958 0.005747771821916103
v -0.009122512303292751 0.009260231629014015 0.004888039082288742
v -0.009349468164145947 0.008209272287786007 0.005130567587912083
v -0.003850298933684826 0.009426482021808624 0.009653406217694283
v -0.004033917095512152 0.00832783430814743 0.009947280399501324
v -0.0034160648938268423 0.00823375303298235 0.010056431405246258
v -0.0032407338730990887 0.009322856552898884 0.009768704883754253
v -0.003850298933684826 0.009426482021808624 0.009653406217694283
v -0.0034160648938268423 0.00823375303298235 0.010056431405246258
v -0.00275532272644341 0.008507175371050835 0.010016112588346004
v -0.0032407338730990887 0.009322856552898884 0.009768704883754253
v -0.0034160648938268423 0.00823375303298235 0.010056431405246258
v 0.009239197708666325 0.009378433227539062 0.004221788607537746
v 0.009061534889042377 0.009514335542917252 0.0048261065967381
v 0.00947757251560688 0.008305482566356659 0.0044659036211669445
v 0.009061534889042377 0.009514335542917252 0.0048261065967381
v 0.009305929765105247 0.008424056693911552 0.00508275767788291
v 0.00947757251560688 0.008305482566356659 0.0044659036211669445
v -0.008885171264410019 0.009378091432154179 0.005494001787155867
v -0.009122512303292751 0.009260231629014015 0.004888039082288742
v -0.009115919470787048 0.008311539888381958 0.005747771821916103
v -0.008818776346743107 0.008398822508752346 0.006354058627039194
v -0.008885171264410019 0.009378091432154179 0.005494001787155867
v -0.009115919470787048 0.008311539888381958 0.005747771821916103
v -0.004466430749744177 0.009515124373137951 0.009479773230850697
v -0.0046585798263549805 0.008408891968429089 0.009778172709047794
v -0.004033917095512152 0.00832783430814743 0.009947280399501324
v -0.003850298933684826 0.009426482021808624 0.009653406217694283
v -0.004466430749744177 0.009515124373137951 0.009479773230850697
v -0.004033917095512152 0.00832783430814743 0.009947280399501324
v 0.003380910959094763 0.008461235091090202 0.01000018510967493
v 0.0026237519923597574 0.009336428716778755 0.009792119264602661
v 0.002776940120384097 0.008352885954082012 0.010048682801425457
v 0.0026237519923597574 0.009336428716778755 0.009792119264602661
v -7.64295255066827e-05 0.0089837945997715 0.009890853427350521
v 0.002776940120384097 0.008352885954082012 0.010048682801425457
v -0.00858600065112114 0.009479175321757793 0.006089443806558847
v -0.008885171264410019 0.009378091432154179 0.005494001787155867
v -0.008818776346743107 0.008398822508752346 0.006354058627039194
v -0.008459152653813362 0.008469032123684883 0.006939798127859831
v -0.00858600065112114 0.009479175321757793 0.006089443806558847
v -0.008818776346743107 0.008398822508752346 0.006354058627039194
v -0.005080885253846645 0.009586352854967117 0.009245711378753185
v -0.005281531717628241 0.008474710397422314 0.009546780027449131
v -0.0046585798263549805 0.008408891968429089 0.009778172709047794
v -0.004466430749744177 0.009515124373137951 0.009479773230850697
v -0.005080885253846645 0.009586352854967117 0.009245711378753185
v -0.0046585798263549805 0.008408891968429089 0.009778172709047794
v 0.009061534889042377 0.009514335542917252 0.0048261065967381
v 0.008823097683489323 0.009635629132390022 0.005428782198578119
v 0.009305929765105247 0.008424056693911552 0.00508275767788291
v 0.008823097683489323 0.009635629132390022 0.005428782198578119
v 0.009071691893041134 0.00852973759174347 0.005697924178093672
v 0.009305929765105247 0.008424056693911552 0.00508275767788291
v 0.0031967516988515854 0.009578363969922066 0.009693962521851063
v 0.0026237519923597574 0.009336428716778755 0.009792119264602661
v 0.003380910959094763 0.008461235091090202 0.01000018510967493
v 0.003997379913926125 0.008556786924600601 0.009889966808259487
v 0.0031967516988515854 0.009578363969922066 0.009693962521851063
v 0.003380910959094763 0.008461235091090202 0.01000018510967493
v -0.008226211182773113 0.009561147540807724 0.006665114779025316
v -0.00858600065112114 0.009479175321757793 0.006089443806558847
v -0.008459152653813362 0.008469032123684883 0.006939798127859831
v -0.008040111511945724 0.008520469069480896 0.0074953967705369
v -0.008226211182773113 0.009561147540807724 0.006665114779025316
v -0.008459152653813362 0.008469032123684883 0.006939798127859831
v -0.005684671923518181 0.009638005867600441 0.008950675837695599
v -0.005893465131521225 0.008523307740688324 0.009252377785742283
v -0.005281531717628241 0.008474710397422314 0.009546780027449131
v -0.005080885253846645 0.009586352854967117 0.009245711378753185
v -0.005684671923518181 0.009638005867600441 0.008950675837695599
v -0.005281531717628241 0.008474710397422314 0.009546780027449131
v -0.0026431081350892782 0.009204969741404057 0.00982343778014183
v -0.0032407338730990887 0.009322856552898884 0.009768704883754253
v -0.00275532272644341 0.008507175371050835 0.010016112588346004
v -7.64295255066827e-05 0.0089837945997715 0.009890853427350521
v -0.0026431081350892782 0.009204969741404057 0.00982343778014183
v -0.00275532272644341 0.008507175371050835 0.010016112588346004
v -0.00780887296423316 0.009622093290090561 0.007211802061647177
v -0.008226211182773113 0.009561147540807724 0.006665114779025316
v -0.008040111511945724 0.008520469069480896 0.0074953967705369
v -0.007566631305962801 0.00855193194001913 0.00801178626716137
v -0.00780887296423316 0.009622093290090561 0.007211802061647177
v -0.008040111511945724 0.008520469069480896 0.0074953967705369
v -0.006268410477787256 0.009668325074017048 0.008595858700573444
v -0.006484659388661385 0.008553056046366692 0.008896072395145893
v -0.005893465131521225 0.008523307740688324 0.009252377785742283
v -0.005684671923518181 0.009638005867600441 0.008950675837695599
v -0.006268410477787256 0.009668325074017048 0.008595858700573444
v -0.005893465131521225 0.008523307740688324 0.009252377785742283
v 0.008823097683489323 0.009635629132390022 0.005428782198578119
v 0.008523382246494293 0.009739626199007034 0.006021054927259684
v 0.009071691893041134 0.00852973759174347 0.005697924178093672
v 0.008523382246494293 0.009739626199007034 0.006021054927259684
v 0.008774160407483578 0.008620120584964752 0.006302244495600462
v 0.009071691893041134 0.00852973759174347 0.005697924178093672
v -0.009415493346750736 0.008984825573861599 0.00367928110063076
v -0.009472204372286797 0.008831568993628025 0.0030908233020454645
v -0.009538870304822922 0.008548014797270298 0.003152708988636732
v -0.009472204372286797 0.008831568993628025 0.0030908233020454645
v -0.00941646471619606 0.009096575900912285 -0.001500000013038516
v -0.009538870304822922 0.008548014797270298 0.003152708988636732
v -0.007338875904679298 0.009660647250711918 0.007720786612480879
v -0.00780887296423316 0.009622093290090561 0.007211802061647177
v -0.007566631305962801 0.00855193194001913 0.00801178626716137
v -0.007045432459563017 0.008562796749174595 0.008480897173285484
v -0.007338875904679298 0.009660647250711918 0.007720786612480879
v -0.007566631305962801 0.00855193194001913 0.00801178626716137
v -0.006822758819907904 0.009676077403128147 0.008184288628399372
v -0.007045432459563017 0.008562796749174595 0.008480897173285484
v -0.006484659388661385 0.008553056046366692 0.008896072395145893
v -0.006268410477787256 0.009668325074017048 0.008595858700573444
v -0.006822758819907904 0.009676077403128147 0.008184288628399372
v -0.006484659388661385 0.008553056046366692 0.008896072395145893
v 0.0038036659825593233 0.00968509167432785 0.009576785378158092
v 0.0031967516988515854 0.009578363969922066 0.009693962521851063
v 0.003997379913926125 0.008556786924600601 0.009889966808259487
v 0.004620617255568504 0.00863891001790762 0.009720082394778728
v 0.0038036659825593233 0.00968509167432785 0.009576785378158092
v 0.003997379913926125 0.008556786924600601 0.009889966808259487
v -0.006822758819907904 0.009676077403128147 0.008184288628399372
v -0.007338875904679298 0.009660647250711918 0.007720786612480879
v -0.007045432459563017 0.008562796749174595 0.008480897173285484
v 0.008523382246494293 0.009739626199007034 0.006021054927259684
v 0.008163627237081528 0.009823936969041824 0.006593787577003241
v 0.008774160407483578 0.008620120584964752 0.006302244495600462
v 0.008163627237081528 0.009823936969041824 0.006593787577003241
v 0.008414466865360737 0.008693059906363487 0.006886155344545841
v 0.008774160407483578 0.008620120584964752 0.006302244495600462
v 0.0052421498112380505 0.008705348707735538 0.009488243609666824
v 0.004417072515934706 0.009776364080607891 0.009401754476130009
v 0.004620617255568504 0.00863891001790762 0.009720082394778728
v 0.004417072515934706 0.009776364080607891 0.009401754476130009
v 0.0038036659825593233 0.00968509167432785 0.009576785378158092
v 0.004620617255568504 0.00863891001790762 0.009720082394778728
v 0.008163627237081528 0.009823936969041824 0.006593787577003241
v 0.007746902760118246 0.0098866056650877 0.007137879263609648
v 0.008414466865360737 0.008693059906363487 0.006886155344545841
v 0.007746902760118246 0.0098866056650877 0.007137879263609648
v 0.00799567624926567 0.00874680932611227 0.007440132554620504
v 0.008414466865360737 0.008693059906363487 0.006886155344545841
v 0.005852723494172096 0.00875408761203289 0.00919375941157341
v 0.005028811749070883 0.009849692694842815 0.009166850708425045
v 0.0052421498112380505 0.008705348707735538 0.009488243609666824
v 0.005028811749070883 0.009849692694842815 0.009166850708425045
v 0.004417072515934706 0.009776364080607891 0.009401754476130009
v 0.0052421498112380505 0.008705348707735538 0.009488243609666824
v 0.007746902760118246 0.0098866056650877 0.007137879263609648
v 0.007278070319443941 0.009926237165927887 0.007644714787602425
v 0.00799567624926567 0.00874680932611227 0.007440132554620504
v 0.007278070319443941 0.009926237165927887 0.007644714787602425
v 0.007522753905504942 0.00878012552857399 0.007955169305205345
v 0.00799567624926567 0.00874680932611227 0.007440132554620504
v 0.006442677229642868 0.008783480152487755 0.008837750181555748
v 0.005629992112517357 0.009902863763272762 0.008871575817465782
v 0.005852723494172096 0.00875408761203289 0.00919375941157341
v 0.005629992112517357 0.009902863763272762 0.008871575817465782
v 0.005028811749070883 0.009849692694842815 0.009166850708425045
v 0.005852723494172096 0.00875408761203289 0.00919375941157341
v 0.007278070319443941 0.009926237165927887 0.007644714787602425
v 0.006763612385839224 0.009942080825567245 0.008106601424515247
v 0.007522753905504942 0.00878012552857399 0.007955169305205345
v 0.006763612385839224 0.009942080825567245 0.008106601424515247
v 0.0070023867301642895 0.008792358450591564 0.008423248305916786
v 0.007522753905504942 0.00878012552857399 0.007955169305205345
v 0.0070023867301642895 0.008792358450591564 0.008423248305916786
v 0.006211338099092245 0.009934079833328724 0.008517150767147541
v 0.006442677229642868 0.008783480152487755 0.008837750181555748
v 0.006211338099092245 0.009934079833328724 0.008517150767147541
v 0.005629992112517357 0.009902863763272762 0.008871575817465782
v 0.006442677229642868 0.008783480152487755 0.008837750181555748
v 0.006763612385839224 0.009942080825567245 0.008106601424515247
v 0.006211338099092245 0.009934079833328724 0.008517150767147541
v 0.0070023867301642895 0.008792358450591564 0.008423248305916786
v -0.009415493346750736 0.008984825573861599 0.00367928110063076
v -0.009410242550075054 0.009095115587115288 0.0030333043541759253
v -0.009472204372286797 0.008831568993628025 0.0030908233020454645
v -0.009410242550075054 0.009095115587115288 0.0030333043541759253
v -0.00941646471619606 0.009096575900912285 -0.001500000013038516
v -0.009472204372286797 0.008831568993628025 0.0030908233020454645
v 0.0026237519923597574 0.009336428716778755 0.009792119264602661
v 0.002602463588118553 0.009457811713218689 0.009753970429301262
v -7.64295255066827e-05 0.0089837945997715 0.009890853427350521
v 0.002602463588118553 0.009457811713218689 0.009753970429301262
v 0.002536890795454383 0.00983169674873352 0.009636466391384602
v -7.64295255066827e-05 0.0089837945997715 0.009890853427350521
v -0.0025772321969270706 0.009614611975848675 0.009710326790809631
v -0.0026431081350892782 0.009204969741404057 0.00982343778014183
v -7.64295255066827e-05 0.0089837945997715 0.009890853427350521
v 0.002536890795454383 0.00983169674873352 0.009636466391384602
v -0.0025772321969270706 0.009614611975848675 0.009710326790809631
v -7.64295255066827e-05 0.0089837945997715 0.009890853427350521
v -0.009298578836023808 0.009128221310675144 0.004280421882867813
v -0.009131587110459805 0.010107116773724556 0.003420569933950901
v -0.009415493346750736 0.008984825573861599 0.00367928110063076
v -0.009131587110459805 0.010107116773724556 0.003420569933950901
v -0.009410242550075054 0.009095115587115288 0.0030333043541759253
v -0.009415493346750736 0.008984825573861599 0.00367928110063076
v 0.00937819853425026 0.009246967732906342 0.0030006610322743654
v 0.009358137845993042 0.00923075433820486 0.0036238667089492083
v 0.009416240267455578 0.00907264743000269 0.0030379556119441986
v -0.009131587110459805 0.010107116773724556 0.003420569933950901
v -0.009270085021853447 0.009691257029771805 0.0029031969606876373
v -0.009410242550075054 0.009095115587115288 0.0030333043541759253
v -0.009270085021853447 0.009691257029771805 0.0029031969606876373
v -0.00941646471619606 0.009096575900912285 -0.001500000013038516
v -0.009410242550075054 0.009095115587115288 0.0030333043541759253
v -0.009270085021853447 0.009691257029771805 0.0029031969606876373
v -0.009200218133628368 0.009933293797075748 0.002848769770935178
v -0.00941646471619606 0.009096575900912285 -0.001500000013038516
v -0.009200218133628368 0.009933293797075748 0.002848769770935178
v -0.008967278525233269 0.010740249417722225 0.0026673085521906614
v -0.00941646471619606 0.009096575900912285 -0.001500000013038516
v -0.008967278525233269 0.010740249417722225 0.0026673085521906614
v -0.008964729495346546 0.010748195461928844 -0.001500000013038516
v -0.00941646471619606 0.009096575900912285 -0.001500000013038516
v -0.009122512303292751 0.009260231629014015 0.004888039082288742
v -0.009004051797091961 0.010269100777804852 0.004005021881312132
v -0.009298578836023808 0.009128221310675144 0.004280421882867813
v -0.009004051797091961 0.010269100777804852 0.004005021881312132
v -0.009131587110459805 0.010107116773724556 0.003420569933950901
v -0.009298578836023808 0.009128221310675144 0.004280421882867813
v -0.0025772321969270706 0.009614611975848675 0.009710326790809631
v -0.0032407338730990887 0.009322856552898884 0.009768704883754253
v -0.0026431081350892782 0.009204969741404057 0.00982343778014183
v 0.009353308007121086 0.0093610268086195 0.0029762587510049343
v 0.009046022780239582 0.010402840562164783 0.0033501426223665476
v 0.009358137845993042 0.00923075433820486 0.0036238667089492083
v 0.00937819853425026 0.009246967732906342 0.0030006610322743654
v 0.009353308007121086 0.0093610268086195 0.0029762587510049343
v 0.009358137845993042 0.00923075433820486 0.0036238667089492083
v 0.009046022780239582 0.010402840562164783 0.0033501426223665476
v 0.00891509372740984 0.010569150559604168 0.003929306287318468
v 0.009358137845993042 0.00923075433820486 0.0036238667089492083
v 0.00891509372740984 0.010569150559604168 0.003929306287318468
v 0.009239197708666325 0.009378433227539062 0.004221788607537746
v 0.009358137845993042 0.00923075433820486 0.0036238667089492083
v 0.009380773641169071 0.00924753025174141 -0.001500000013038516
v 0.009353308007121086 0.0093610268086195 0.0029762587510049343
v 0.00937819853425026 0.009246967732906342 0.0030006610322743654
v 0.008424323052167892 0.012103438377380371 -0.0015000043204054236
v 0.00890408270061016 0.010933410376310349 -0.001500000013038516
v 0.009380773641169071 0.00924753025174141 -0.001500000013038516
v 0.00890408270061016 0.010933410376310349 -0.001500000013038516
v 0.008896262384951115 0.010930788703262806 0.0026238153222948313
v 0.009380773641169071 0.00924753025174141 -0.001500000013038516
v 0.008896262384951115 0.010930788703262806 0.0026238153222948313
v 0.00904010608792305 0.010507539846003056 0.0027198961470276117
v 0.009380773641169071 0.00924753025174141 -0.001500000013038516
v 0.00904010608792305 0.010507539846003056 0.0027198961470276117
v 0.009117593988776207 0.01022388692945242 0.0027833213098347187
v 0.009380773641169071 0.00924753025174141 -0.001500000013038516
v 0.009117593988776207 0.01022388692945242 0.0027833213098347187
v 0.009353308007121086 0.0093610268086195 0.0029762587510049343
v 0.009380773641169071 0.00924753025174141 -0.001500000013038516
v -0.008885171264410019 0.009378091432154179 0.005494001787155867
v -0.00881971139460802 0.010417656041681767 0.004595531616359949
v -0.009122512303292751 0.009260231629014015 0.004888039082288742
v -0.00881971139460802 0.010417656041681767 0.004595531616359949
v -0.009004051797091961 0.010269100777804852 0.004005021881312132
v -0.009122512303292751 0.009260231629014015 0.004888039082288742
v -0.0025772321969270706 0.009614611975848675 0.009710326790809631
v -0.0030332112219184637 0.01046266220510006 0.009410805068910122
v -0.0032407338730990887 0.009322856552898884 0.009768704883754253
v -0.0030332112219184637 0.01046266220510006 0.009410805068910122
v -0.0036282141227275133 0.010582521557807922 0.00928553193807602
v -0.0032407338730990887 0.009322856552898884 0.009768704883754253
v -0.0036282141227275133 0.010582521557807922 0.00928553193807602
v -0.003850298933684826 0.009426482021808624 0.009653406217694283
v -0.0032407338730990887 0.009322856552898884 0.009768704883754253
v 0.0031967516988515854 0.009578363969922066 0.009693962521851063
v 0.002602463588118553 0.009457811713218689 0.009753970429301262
v 0.0026237519923597574 0.009336428716778755 0.009792119264602661
v 0.009117593988776207 0.01022388692945242 0.0027833213098347187
v 0.009046022780239582 0.010402840562164783 0.0033501426223665476
v 0.009353308007121086 0.0093610268086195 0.0029762587510049343
v -0.00858600065112114 0.009479175321757793 0.006089443806558847
v -0.00857680756598711 0.010549727827310562 0.005184450652450323
v -0.008885171264410019 0.009378091432154179 0.005494001787155867
v -0.00857680756598711 0.010549727827310562 0.005184450652450323
v -0.00881971139460802 0.010417656041681767 0.004595531616359949
v -0.008885171264410019 0.009378091432154179 0.005494001787155867
v 0.00891509372740984 0.010569150559604168 0.003929306287318468
v 0.008728157728910446 0.010721392929553986 0.004514393862336874
v 0.009239197708666325 0.009378433227539062 0.004221788607537746
v 0.008728157728910446 0.010721392929553986 0.004514393862336874
v 0.009061534889042377 0.009514335542917252 0.0048261065967381
v 0.009239197708666325 0.009378433227539062 0.004221788607537746
v -0.0036282141227275133 0.010582521557807922 0.00928553193807602
v -0.004229384008795023 0.010685279034078121 0.00910446047782898
v -0.003850298933684826 0.009426482021808624 0.009653406217694283
v -0.004229384008795023 0.010685279034078121 0.00910446047782898
v -0.004466430749744177 0.009515124373137951 0.009479773230850697
v -0.003850298933684826 0.009426482021808624 0.009653406217694283
v 0.0031967516988515854 0.009578363969922066 0.009693962521851063
v 0.002536890795454383 0.00983169674873352 0.009636466391384602
v 0.002602463588118553 0.009457811713218689 0.009753970429301262
v -0.008226211182773113 0.009561147540807724 0.006665114779025316
v -0.008275052532553673 0.010662440210580826 0.0057634636759757996
v -0.00858600065112114 0.009479175321757793 0.006089443806558847
v -0.008275052532553673 0.010662440210580826 0.0057634636759757996
v -0.00857680756598711 0.010549727827310562 0.005184450652450323
v -0.00858600065112114 0.009479175321757793 0.006089443806558847
v 0.008728157728910446 0.010721392929553986 0.004514393862336874
v 0.008483571000397205 0.010856452398002148 0.005097912158817053
v 0.009061534889042377 0.009514335542917252 0.0048261065967381
v 0.008483571000397205 0.010856452398002148 0.005097912158817053
v 0.008823097683489323 0.009635629132390022 0.005428782198578119
v 0.009061534889042377 0.009514335542917252 0.0048261065967381
v -0.004229384008795023 0.010685279034078121 0.00910446047782898
v -0.00482893455773592 0.010768234729766846 0.008865864016115665
v -0.004466430749744177 0.009515124373137951 0.009479773230850697
v -0.00482893455773592 0.010768234729766846 0.008865864016115665
v -0.005080885253846645 0.009586352854967117 0.009245711378753185
v -0.004466430749744177 0.009515124373137951 0.009479773230850697
v -0.00780887296423316 0.009622093290090561 0.007211802061647177
v -0.007915797643363476 0.01075324509292841 0.0063239093869924545
v -0.008226211182773113 0.009561147540807724 0.006665114779025316
v -0.007915797643363476 0.01075324509292841 0.0063239093869924545
v -0.008275052532553673 0.010662440210580826 0.0057634636759757996
v -0.008226211182773113 0.009561147540807724 0.006665114779025316
v 0.00297526060603559 0.010751490481197834 0.009309296496212482
v 0.002429710002616048 0.0104428231716156 0.009444402530789375
v 0.0031967516988515854 0.009578363969922066 0.009693962521851063
v 0.002429710002616048 0.0104428231716156 0.009444402530789375
v 0.002536890795454383 0.00983169674873352 0.009636466391384602
v 0.0031967516988515854 0.009578363969922066 0.009693962521851063
v 0.0038036659825593233 0.00968509167432785 0.009576785378158092
v 0.00297526060603559 0.010751490481197834 0.009309296496212482
v 0.0031967516988515854 0.009578363969922066 0.009693962521851063
v -0.00482893455773592 0.010768234729766846 0.008865864016115665
v -0.0054184007458388805 0.010828987695276737 0.008569459430873394
v -0.005080885253846645 0.009586352854967117 0.009245711378753185
v -0.0054184007458388805 0.010828987695276737 0.008569459430873394
v -0.005684671923518181 0.009638005867600441 0.008950675837695599
v -0.005080885253846645 0.009586352854967117 0.009245711378753185
v -0.002537693362683058 0.009832297451794147 0.009638608433306217
v -0.0030332112219184637 0.01046266220510006 0.009410805068910122
v -0.0025772321969270706 0.009614611975848675 0.009710326790809631
v 0.002536890795454383 0.00983169674873352 0.009636466391384602
v -0.002537693362683058 0.009832297451794147 0.009638608433306217
v -0.0025772321969270706 0.009614611975848675 0.009710326790809631
v -0.007338875904679298 0.009660647250711918 0.007720786612480879
v -0.007502106949687004 0.010820074938237667 0.0068571618758141994
v -0.00780887296423316 0.009622093290090561 0.007211802061647177
v -0.007502106949687004 0.010820074938237667 0.0068571618758141994
v -0.007915797643363476 0.01075324509292841 0.0063239093869924545
v -0.00780887296423316 0.009622093290090561 0.007211802061647177
v 0.008483571000397205 0.010856452398002148 0.005097912158817053
v 0.008181130513548851 0.010971401818096638 0.005671720486134291
v 0.008823097683489323 0.009635629132390022 0.005428782198578119
v 0.008181130513548851 0.010971401818096638 0.005671720486134291
v 0.008523382246494293 0.009739626199007034 0.006021054927259684
v 0.008823097683489323 0.009635629132390022 0.005428782198578119
v -0.0054184007458388805 0.010828987695276737 0.008569459430873394
v -0.005988963879644871 0.010865583084523678 0.008216575719416142
v -0.005684671923518181 0.009638005867600441 0.008950675837695599
v -0.005988963879644871 0.010865583084523678 0.008216575719416142
v -0.006268410477787256 0.009668325074017048 0.008595858700573444
v -0.005684671923518181 0.009638005867600441 0.008950675837695599
v -0.006822758819907904 0.009676077403128147 0.008184288628399372
v -0.007038711104542017 0.010861463844776154 0.007355041336268187
v -0.007338875904679298 0.009660647250711918 0.007720786612480879
v -0.007038711104542017 0.010861463844776154 0.007355041336268187
v -0.007502106949687004 0.010820074938237667 0.0068571618758141994
v -0.007338875904679298 0.009660647250711918 0.007720786612480879
v -0.005988963879644871 0.010865583084523678 0.008216575719416142
v -0.006531842984259129 0.010876642540097237 0.007810220587998629
v -0.006268410477787256 0.009668325074017048 0.008595858700573444
v -0.006531842984259129 0.010876642540097237 0.007810220587998629
v -0.006822758819907904 0.009676077403128147 0.008184288628399372
v -0.006268410477787256 0.009668325074017048 0.008595858700573444
v -0.006531842984259129 0.010876642540097237 0.007810220587998629
v -0.007038711104542017 0.010861463844776154 0.007355041336268187
v -0.006822758819907904 0.009676077403128147 0.008184288628399372
v 0.00356527091935277 0.010876395739614964 0.009180774912238121
v 0.00297526060603559 0.010751490481197834 0.009309296496212482
v 0.0038036659825593233 0.00968509167432785 0.009576785378158092
v 0.004417072515934706 0.009776364080607891 0.009401754476130009
v 0.00356527091935277 0.010876395739614964 0.009180774912238121
v 0.0038036659825593233 0.00968509167432785 0.009576785378158092
v -0.009131587110459805 0.010107116773724556 0.003420569933950901
v -0.009200218133628368 0.009933293797075748 0.002848769770935178
v -0.009270085021853447 0.009691257029771805 0.0029031969606876373
v 0.008181130513548851 0.010971401818096638 0.005671720486134291
v 0.007822229526937008 0.011063657701015472 0.006227345671504736
v 0.008523382246494293 0.009739626199007034 0.006021054927259684
v 0.007822229526937008 0.011063657701015472 0.006227345671504736
v 0.008163627237081528 0.009823936969041824 0.006593787577003241
v 0.008523382246494293 0.009739626199007034 0.006021054927259684
v 0.005028811749070883 0.009849692694842815 0.009166850708425045
v 0.004161316901445389 0.010983671061694622 0.008997275494039059
v 0.004417072515934706 0.009776364080607891 0.009401754476130009
v 0.004161316901445389 0.010983671061694622 0.008997275494039059
v 0.00356527091935277 0.010876395739614964 0.009180774912238121
v 0.004417072515934706 0.009776364080607891 0.009401754476130009
v 0.007822229526937008 0.011063657701015472 0.006227345671504736
v 0.007409924175590277 0.011131128296256065 0.006756347604095936
v 0.008163627237081528 0.009823936969041824 0.006593787577003241
v 0.007409924175590277 0.011131128296256065 0.006756347604095936
v 0.007746902760118246 0.0098866056650877 0.007137879263609648
v 0.008163627237081528 0.009823936969041824 0.006593787577003241
v 0.002429710002616048 0.0104428231716156 0.009444402530789375
v 4.43994504166767e-05 0.010081441141664982 0.009564763866364956
v 0.002536890795454383 0.00983169674873352 0.009636466391384602
v 4.43994504166767e-05 0.010081441141664982 0.009564763866364956
v -0.002537693362683058 0.009832297451794147 0.009638608433306217
v 0.002536890795454383 0.00983169674873352 0.009636466391384602
v -0.002448087325319648 0.01032563392072916 0.009476074948906898
v -0.0030332112219184637 0.01046266220510006 0.009410805068910122
v -0.002537693362683058 0.009832297451794147 0.009638608433306217
v 4.43994504166767e-05 0.010081441141664982 0.009564763866364956
v -0.002448087325319648 0.01032563392072916 0.009476074948906898
v -0.002537693362683058 0.009832297451794147 0.009638608433306217
v 0.005629992112517357 0.009902863763272762 0.008871575817465782
v 0.004755763337016106 0.01107054390013218 0.008757186122238636
v 0.005028811749070883 0.009849692694842815 0.009166850708425045
v 0.004755763337016106 0.01107054390013218 0.008757186122238636
v 0.004161316901445389 0.010983671061694622 0.008997275494039059
v 0.005028811749070883 0.009849692694842815 0.009166850708425045
v 0.007409924175590277 0.011131128296256065 0.006756347604095936
v 0.006948890630155802 0.0111723393201828 0.007250719238072634
v 0.007746902760118246 0.0098866056650877 0.007137879263609648
v 0.006948890630155802 0.0111723393201828 0.007250719238072634
v 0.007278070319443941 0.009926237165927887 0.007644714787602425
v 0.007746902760118246 0.0098866056650877 0.007137879263609648
v 0.006211338099092245 0.009934079833328724 0.008517150767147541
v 0.005340319126844406 0.011134552769362926 0.008460305631160736
v 0.005629992112517357 0.009902863763272762 0.008871575817465782
v 0.005340319126844406 0.011134552769362926 0.008460305631160736
v 0.004755763337016106 0.01107054390013218 0.008757186122238636
v 0.005629992112517357 0.009902863763272762 0.008871575817465782
v 0.006445259787142277 0.011186529882252216 0.007703276816755533
v 0.006763612385839224 0.009942080825567245 0.008106601424515247
v 0.007278070319443941 0.009926237165927887 0.007644714787602425
v 0.006948890630155802 0.0111723393201828 0.007250719238072634
v 0.006445259787142277 0.011186529882252216 0.007703276816755533
v 0.007278070319443941 0.009926237165927887 0.007644714787602425
v -0.009131587110459805 0.010107116773724556 0.003420569933950901
v -0.008967278525233269 0.010740249417722225 0.0026673085521906614
v -0.009200218133628368 0.009933293797075748 0.002848769770935178
v 0.006763612385839224 0.009942080825567245 0.008106601424515247
v 0.00590634997934103 0.011173688806593418 0.008108002133667469
v 0.006211338099092245 0.009934079833328724 0.008517150767147541
v 0.00590634997934103 0.011173688806593418 0.008108002133667469
v 0.005340319126844406 0.011134552769362926 0.008460305631160736
v 0.006211338099092245 0.009934079833328724 0.008517150767147541
v 0.006445259787142277 0.011186529882252216 0.007703276816755533
v 0.00590634997934103 0.011173688806593418 0.008108002133667469
v 0.006763612385839224 0.009942080825567245 0.008106601424515247
v 0.002429710002616048 0.0104428231716156 0.009444402530789375
v 9.102380863623694e-05 0.01106092520058155 0.009221458807587624
v 4.43994504166767e-05 0.010081441141664982 0.009564763866364956
v -0.0023700844030827284 0.010755088180303574 0.00933458749204874
v -0.002448087325319648 0.01032563392072916 0.009476074948906898
v 4.43994504166767e-05 0.010081441141664982 0.009564763866364956
v 9.102380863623694e-05 0.01106092520058155 0.009221458807587624
v -0.0023700844030827284 0.010755088180303574 0.00933458749204874
v 4.43994504166767e-05 0.010081441141664982 0.009564763866364956
v -0.00872507318854332 0.011374200694262981 0.0031136132311075926
v -0.008967278525233269 0.010740249417722225 0.0026673085521906614
v -0.009131587110459805 0.010107116773724556 0.003420569933950901
v -0.009004051797091961 0.010269100777804852 0.004005021881312132
v -0.00872507318854332 0.011374200694262981 0.0031136132311075926
v -0.009131587110459805 0.010107116773724556 0.003420569933950901
v 0.00904010608792305 0.010507539846003056 0.0027198961470276117
v 0.009046022780239582 0.010402840562164783 0.0033501426223665476
v 0.009117593988776207 0.01022388692945242 0.0027833213098347187
v -0.008581339381635189 0.011551976203918457 0.0036726221442222595
v -0.00872507318854332 0.011374200694262981 0.0031136132311075926
v -0.009004051797091961 0.010269100777804852 0.004005021881312132
v -0.00881971139460802 0.010417656041681767 0.004595531616359949
v -0.008581339381635189 0.011551976203918457 0.0036726221442222595
v -0.009004051797091961 0.010269100777804852 0.004005021881312132
v -0.0023700844030827284 0.010755088180303574 0.00933458749204874
v -0.0030332112219184637 0.01046266220510006 0.009410805068910122
v -0.002448087325319648 0.01032563392072916 0.009476074948906898
v 0.00904010608792305 0.010507539846003056 0.0027198961470276117
v 0.008896262384951115 0.010930788703262806 0.0026238153222948313
v 0.009046022780239582 0.010402840562164783 0.0033501426223665476
v 0.008896262384951115 0.010930788703262806 0.0026238153222948313
v 0.00858747586607933 0.011735940352082253 0.0030238074250519276
v 0.009046022780239582 0.010402840562164783 0.0033501426223665476
v 0.00858747586607933 0.011735940352082253 0.0030238074250519276
v 0.008438408374786377 0.011916614137589931 0.003574197879061103
v 0.009046022780239582 0.010402840562164783 0.0033501426223665476
v 0.008438408374786377 0.011916614137589931 0.003574197879061103
v 0.00891509372740984 0.010569150559604168 0.003929306287318468
v 0.009046022780239582 0.010402840562164783 0.0033501426223665476
v -0.00838483590632677 0.01171338651329279 0.004237050656229258
v -0.008581339381635189 0.011551976203918457 0.0036726221442222595
v -0.00881971139460802 0.010417656041681767 0.004595531616359949
v -0.00857680756598711 0.010549727827310562 0.005184450652450323
v -0.00838483590632677 0.01171338651329279 0.004237050656229258
v -0.00881971139460802 0.010417656041681767 0.004595531616359949
v 0.00297526060603559 0.010751490481197834 0.009309296496212482
v 0.0023960687685757875 0.010610063560307026 0.00938182882964611
v 0.002429710002616048 0.0104428231716156 0.009444402530789375
v 0.0023960687685757875 0.010610063560307026 0.00938182882964611
v 9.102380863623694e-05 0.01106092520058155 0.009221458807587624
v 0.002429710002616048 0.0104428231716156 0.009444402530789375
v -0.0033430883195251226 0.011807966977357864 0.008813582360744476
v -0.0036282141227275133 0.010582521557807922 0.00928553193807602
v -0.0030332112219184637 0.01046266220510006 0.009410805068910122
v -0.002773500280454755 0.011665050871670246 0.008954646997153759
v -0.0033430883195251226 0.011807966977357864 0.008813582360744476
v -0.0030332112219184637 0.01046266220510006 0.009410805068910122
v -0.0023700844030827284 0.010755088180303574 0.00933458749204874
v -0.002773500280454755 0.011665050871670246 0.008954646997153759
v -0.0030332112219184637 0.01046266220510006 0.009410805068910122
v -0.008134350180625916 0.011855182237923145 0.00479999091476202
v -0.00838483590632677 0.01171338651329279 0.004237050656229258
v -0.00857680756598711 0.010549727827310562 0.005184450652450323
v -0.008275052532553673 0.010662440210580826 0.0057634636759757996
v -0.008134350180625916 0.011855182237923145 0.00479999091476202
v -0.00857680756598711 0.010549727827310562 0.005184450652450323
v 0.008438408374786377 0.011916614137589931 0.003574197879061103
v 0.00823803897947073 0.012080022133886814 0.004129793494939804
v 0.00891509372740984 0.010569150559604168 0.003929306287318468
v 0.00823803897947073 0.012080022133886814 0.004129793494939804
v 0.008728157728910446 0.010721392929553986 0.004514393862336874
v 0.00891509372740984 0.010569150559604168 0.003929306287318468
v -0.003918198402971029 0.01193166896700859 0.008620727807283401
v -0.004229384008795023 0.010685279034078121 0.00910446047782898
v -0.0036282141227275133 0.010582521557807922 0.00928553193807602
v -0.0033430883195251226 0.011807966977357864 0.008813582360744476
v -0.003918198402971029 0.01193166896700859 0.008620727807283401
v -0.0036282141227275133 0.010582521557807922 0.00928553193807602
v 0.00297526060603559 0.010751490481197834 0.009309296496212482
v 0.0022180755622684956 0.011494917795062065 0.009050756692886353
v 0.0023960687685757875 0.010610063560307026 0.00938182882964611
v 0.0022180755622684956 0.011494917795062065 0.009050756692886353
v 9.102380863623694e-05 0.01106092520058155 0.009221458807587624
v 0.0023960687685757875 0.010610063560307026 0.00938182882964611
v -0.007829982787370682 0.01197434589266777 0.005353971384465694
v -0.008134350180625916 0.011855182237923145 0.00479999091476202
v -0.008275052532553673 0.010662440210580826 0.0057634636759757996
v -0.007915797643363476 0.01075324509292841 0.0063239093869924545
v -0.007829982787370682 0.01197434589266777 0.005353971384465694
v -0.008275052532553673 0.010662440210580826 0.0057634636759757996
v -0.004491792060434818 0.012033192440867424 0.008374894969165325
v -0.00482893455773592 0.010768234729766846 0.008865864016115665
v -0.004229384008795023 0.010685279034078121 0.00910446047782898
v -0.003918198402971029 0.01193166896700859 0.008620727807283401
v -0.004491792060434818 0.012033192440867424 0.008374894969165325
v -0.004229384008795023 0.010685279034078121 0.00910446047782898
v 0.00823803897947073 0.012080022133886814 0.004129793494939804
v 0.007985332049429417 0.012222900055348873 0.004683937877416611
v 0.008728157728910446 0.010721392929553986 0.004514393862336874
v 0.007985332049429417 0.012222900055348873 0.004683937877416611
v 0.008483571000397205 0.010856452398002148 0.005097912158817053
v 0.008728157728910446 0.010721392929553986 0.004514393862336874
v -0.00872507318854332 0.011374200694262981 0.0031136132311075926
v -0.008964503183960915 0.010748117230832577 0.002665518783032894
v -0.008967278525233269 0.010740249417722225 0.0026673085521906614
v -0.008964503183960915 0.010748117230832577 0.002665518783032894
v -0.008964729495346546 0.010748195461928844 -0.001500000013038516
v -0.008967278525233269 0.010740249417722225 0.0026673085521906614
v -0.00872507318854332 0.011374200694262981 0.0031136132311075926
v -0.00881166197359562 0.011181275360286236 0.0025669748429208994
v -0.008964503183960915 0.010748117230832577 0.002665518783032894
v -0.00863371416926384 0.011680289171636105 -0.0013747923076152802
v -0.008964729495346546 0.010748195461928844 -0.001500000013038516
v -0.008964503183960915 0.010748117230832577 0.002665518783032894
v -0.00881166197359562 0.011181275360286236 0.0025669748429208994
v -0.00863371416926384 0.011680289171636105 -0.0013747923076152802
v -0.008964503183960915 0.010748117230832577 0.002665518783032894
v -0.00863371416926384 0.011680289171636105 -0.0013747923076152802
v -0.008691851049661636 0.011529523879289627 -0.001500000013038516
v -0.008964729495346546 0.010748195461928844 -0.001500000013038516
v 0.00356527091935277 0.010876395739614964 0.009180774912238121
v 0.002693461487069726 0.011991566978394985 0.008814148604869843
v 0.00297526060603559 0.010751490481197834 0.009309296496212482
v 0.002693461487069726 0.011991566978394985 0.008814148604869843
v 0.0022180755622684956 0.011494917795062065 0.009050756692886353
v 0.00297526060603559 0.010751490481197834 0.009309296496212482
v -0.00747326947748661 0.012068246491253376 0.0058912294916808605
v -0.007829982787370682 0.01197434589266777 0.005353971384465694
v -0.007915797643363476 0.01075324509292841 0.0063239093869924545
v -0.007502106949687004 0.010820074938237667 0.0068571618758141994
v -0.00747326947748661 0.012068246491253376 0.0058912294916808605
v -0.007915797643363476 0.01075324509292841 0.0063239093869924545
v -0.002214021049439907 0.011504349298775196 0.009042719379067421
v -0.002773500280454755 0.011665050871670246 0.008954646997153759
v -0.0023700844030827284 0.010755088180303574 0.00933458749204874
v 9.102380863623694e-05 0.01106092520058155 0.009221458807587624
v -0.002214021049439907 0.011504349298775196 0.009042719379067421
v -0.0023700844030827284 0.010755088180303574 0.00933458749204874
v -0.005056256894022226 0.012109896168112755 0.008076180703938007
v -0.0054184007458388805 0.010828987695276737 0.008569459430873394
v -0.00482893455773592 0.010768234729766846 0.008865864016115665
v -0.004491792060434818 0.012033192440867424 0.008374894969165325
v -0.005056256894022226 0.012109896168112755 0.008076180703938007
v -0.00482893455773592 0.010768234729766846 0.008865864016115665
v -0.0070672244764864445 0.012134787626564503 0.006404033396393061
v -0.00747326947748661 0.012068246491253376 0.0058912294916808605
v -0.007502106949687004 0.010820074938237667 0.0068571618758141994
v -0.007038711104542017 0.010861463844776154 0.007355041336268187
v -0.0070672244764864445 0.012134787626564503 0.006404033396393061
v -0.007502106949687004 0.010820074938237667 0.0068571618758141994
v -0.005603681784123182 0.012159612029790878 0.007726092357188463
v -0.005988963879644871 0.010865583084523678 0.008216575719416142
v -0.0054184007458388805 0.010828987695276737 0.008569459430873394
v -0.005056256894022226 0.012109896168112755 0.008076180703938007
v -0.005603681784123182 0.012159612029790878 0.007726092357188463
v -0.0054184007458388805 0.010828987695276737 0.008569459430873394
v 0.007985332049429417 0.012222900055348873 0.004683937877416611
v 0.0076805101707577705 0.012342230416834354 0.005229441914707422
v 0.008483571000397205 0.010856452398002148 0.005097912158817053
v 0.0076805101707577705 0.012342230416834354 0.005229441914707422
v 0.007956640794873238 0.011637757532298565 0.0054641347378492355
v 0.008483571000397205 0.010856452398002148 0.005097912158817053
v 0.007956640794873238 0.011637757532298565 0.0054641347378492355
v 0.008181130513548851 0.010971401818096638 0.005671720486134291
v 0.008483571000397205 0.010856452398002148 0.005097912158817053
v -0.006616291124373674 0.01217252854257822 0.00688503123819828
v -0.0070672244764864445 0.012134787626564503 0.006404033396393061
v -0.007038711104542017 0.010861463844776154 0.007355041336268187
v -0.006531842984259129 0.010876642540097237 0.007810220587998629
v -0.006616291124373674 0.01217252854257822 0.00688503123819828
v -0.007038711104542017 0.010861463844776154 0.007355041336268187
v -0.006126190535724163 0.01218077540397644 0.007327589206397533
v -0.006531842984259129 0.010876642540097237 0.007810220587998629
v -0.005988963879644871 0.010865583084523678 0.008216575719416142
v -0.005603681784123182 0.012159612029790878 0.007726092357188463
v -0.006126190535724163 0.01218077540397644 0.007327589206397533
v -0.005988963879644871 0.010865583084523678 0.008216575719416142
v 0.0032537064980715513 0.01214147824794054 0.008667703717947006
v 0.002693461487069726 0.011991566978394985 0.008814148604869843
v 0.00356527091935277 0.010876395739614964 0.009180774912238121
v 0.004161316901445389 0.010983671061694622 0.008997275494039059
v 0.0032537064980715513 0.01214147824794054 0.008667703717947006
v 0.00356527091935277 0.010876395739614964 0.009180774912238121
v -0.006126190535724163 0.01218077540397644 0.007327589206397533
v -0.006616291124373674 0.01217252854257822 0.00688503123819828
v -0.006531842984259129 0.010876642540097237 0.007810220587998629
v 0.008700967766344547 0.0115054277703166 0.002493367763236165
v 0.00858747586607933 0.011735940352082253 0.0030238074250519276
v 0.008896262384951115 0.010930788703262806 0.0026238153222948313
v 0.00890408270061016 0.010933410376310349 -0.001500000013038516
v 0.008691851049661636 0.011529523879289627 -0.001500000013038516
v 0.008896262384951115 0.010930788703262806 0.0026238153222948313
v 0.008691851049661636 0.011529523879289627 -0.001500000013038516
v 0.008332669734954834 0.012390372343361378 -0.0007919917115941644
v 0.008896262384951115 0.010930788703262806 0.0026238153222948313
v 0.008332669734954834 0.012390372343361378 -0.0007919917115941644
v 0.008700967766344547 0.0115054277703166 0.002493367763236165
v 0.008896262384951115 0.010930788703262806 0.0026238153222948313
v 0.008424323052167892 0.012103438377380371 -0.0015000043204054236
v 0.008691851049661636 0.011529523879289627 -0.001500000013038516
v 0.00890408270061016 0.010933410376310349 -0.001500000013038516
v 0.007956640794873238 0.011637757532298565 0.0054641347378492355
v 0.0075989686883986 0.011731673032045364 0.0060080476105213165
v 0.008181130513548851 0.010971401818096638 0.005671720486134291
v 0.0075989686883986 0.011731673032045364 0.0060080476105213165
v 0.007822229526937008 0.011063657701015472 0.006227345671504736
v 0.008181130513548851 0.010971401818096638 0.005671720486134291
v 0.004755763337016106 0.01107054390013218 0.008757186122238636
v 0.003819249803200364 0.012271667830646038 0.008470858447253704
v 0.004161316901445389 0.010983671061694622 0.008997275494039059
v 0.003819249803200364 0.012271667830646038 0.008470858447253704
v 0.0032537064980715513 0.01214147824794054 0.008667703717947006
v 0.004161316901445389 0.010983671061694622 0.008997275494039059
v 0.0022180755622684956 0.011494917795062065 0.009050756692886353
v 0.0022053977008908987 0.011549302376806736 0.009026781655848026
v 9.102380863623694e-05 0.01106092520058155 0.009221458807587624
v 0.0022053977008908987 0.011549302376806736 0.009026781655848026
v -0.002214021049439907 0.011504349298775196 0.009042719379067421
v 9.102380863623694e-05 0.01106092520058155 0.009221458807587624
v 0.0075989686883986 0.011731673032045364 0.0060080476105213165
v 0.00719046825543046 0.011799068190157413 0.006526722572743893
v 0.007822229526937008 0.011063657701015472 0.006227345671504736
v 0.00719046825543046 0.011799068190157413 0.006526722572743893
v 0.007409924175590277 0.011131128296256065 0.006756347604095936
v 0.007822229526937008 0.011063657701015472 0.006227345671504736
v 0.005340319126844406 0.011134552769362926 0.008460305631160736
v 0.004383315797895193 0.012379121035337448 0.00822259671986103
v 0.004755763337016106 0.01107054390013218 0.008757186122238636
v 0.004383315797895193 0.012379121035337448 0.00822259671986103
v 0.003819249803200364 0.012271667830646038 0.008470858447253704
v 0.004755763337016106 0.01107054390013218 0.008757186122238636
v 0.00719046825543046 0.011799068190157413 0.006526722572743893
v 0.006735669914633036 0.01183848362416029 0.007012571208178997
v 0.007409924175590277 0.011131128296256065 0.006756347604095936
v 0.006735669914633036 0.01183848362416029 0.007012571208178997
v 0.006948890630155802 0.0111723393201828 0.007250719238072634
v 0.007409924175590277 0.011131128296256065 0.006756347604095936
v 0.00590634997934103 0.011173688806593418 0.008108002133667469
v 0.005711764097213745 0.01183123979717493 0.007859527133405209
v 0.005340319126844406 0.011134552769362926 0.008460305631160736
v 0.005711764097213745 0.01183123979717493 0.007859527133405209
v 0.004938586615025997 0.012461149133741856 0.007923135533928871
v 0.005340319126844406 0.011134552769362926 0.008460305631160736
v 0.004938586615025997 0.012461149133741856 0.007923135533928871
v 0.004383315797895193 0.012379121035337448 0.00822259671986103
v 0.005340319126844406 0.011134552769362926 0.008460305631160736
v 0.006240447051823139 0.011849191039800644 0.0074587599374353886
v 0.006445259787142277 0.011186529882252216 0.007703276816755533
v 0.006948890630155802 0.0111723393201828 0.007250719238072634
v 0.006735669914633036 0.01183848362416029 0.007012571208178997
v 0.006240447051823139 0.011849191039800644 0.0074587599374353886
v 0.006948890630155802 0.0111723393201828 0.007250719238072634
v 0.006445259787142277 0.011186529882252216 0.007703276816755533
v 0.005711764097213745 0.01183123979717493 0.007859527133405209
v 0.00590634997934103 0.011173688806593418 0.008108002133667469
v -0.00872507318854332 0.011374200694262981 0.0031136132311075926
v -0.008653420954942703 0.011629735119640827 0.002464950317516923
v -0.00881166197359562 0.011181275360286236 0.0025669748429208994
v -0.008653420954942703 0.011629735119640827 0.002464950317516923
v -0.00863371416926384 0.011680289171636105 -0.0013747923076152802
v -0.00881166197359562 0.011181275360286236 0.0025669748429208994
v 0.006240447051823139 0.011849191039800644 0.0074587599374353886
v 0.005711764097213745 0.01183123979717493 0.007859527133405209
v 0.006445259787142277 0.011186529882252216 0.007703276816755533
v -0.008581339381635189 0.011551976203918457 0.0036726221442222595
v -0.008447125554084778 0.012077667750418186 0.002938094548881054
v -0.00872507318854332 0.011374200694262981 0.0031136132311075926
v -0.008447125554084778 0.012077667750418186 0.002938094548881054
v -0.008653420954942703 0.011629735119640827 0.002464950317516923
v -0.00872507318854332 0.011374200694262981 0.0031136132311075926
v 0.002693461487069726 0.011991566978394985 0.008814148604869843
v 0.0022053977008908987 0.011549302376806736 0.009026781655848026
v 0.0022180755622684956 0.011494917795062065 0.009050756692886353
v -0.0022047560196369886 0.01154883112758398 0.0090253921225667
v -0.002773500280454755 0.011665050871670246 0.008954646997153759
v -0.002214021049439907 0.011504349298775196 0.009042719379067421
v 0.0022053977008908987 0.011549302376806736 0.009026781655848026
v -0.0022047560196369886 0.01154883112758398 0.0090253921225667
v -0.002214021049439907 0.011504349298775196 0.009042719379067421
v 0.008686207234859467 0.011541131883859634 0.0024851264897733927
v 0.00858747586607933 0.011735940352082253 0.0030238074250519276
v 0.008700967766344547 0.0115054277703166 0.002493367763236165
v 0.008332669734954834 0.012390372343361378 -0.0007919917115941644
v 0.008686207234859467 0.011541131883859634 0.0024851264897733927
v 0.008700967766344547 0.0115054277703166 0.002493367763236165
v -0.00863371416926384 0.011680289171636105 -0.0013747923076152802
v -0.008654357865452766 0.01162528246641159 -0.001499979174695909
v -0.008691851049661636 0.011529523879289627 -0.001500000013038516
v 0.008424323052167892 0.012103438377380371 -0.0015000043204054236
v 0.008485001511871815 0.011998211964964867 -0.0014999877894297242
v 0.008691851049661636 0.011529523879289627 -0.001500000013038516
v 0.008485001511871815 0.011998211964964867 -0.0014999877894297242
v 0.008332669734954834 0.012390372343361378 -0.0007919917115941644
v 0.008691851049661636 0.011529523879289627 -0.001500000013038516
v 0.008382784202694893 0.012275079265236855 0.0023157172836363316
v 0.00858747586607933 0.011735940352082253 0.0030238074250519276
v 0.008686207234859467 0.011541131883859634 0.0024851264897733927
v 0.008332669734954834 0.012390372343361378 -0.0007919917115941644
v 0.008382784202694893 0.012275079265236855 0.0023157172836363316
v 0.008686207234859467 0.011541131883859634 0.0024851264897733927
v -0.002178811002522707 0.011673393659293652 0.008976870216429234
v -0.002773500280454755 0.011665050871670246 0.008954646997153759
v -0.0022047560196369886 0.01154883112758398 0.0090253921225667
v 0.0022053977008908987 0.011549302376806736 0.009026781655848026
v -3.1475923606194556e-05 0.011687506921589375 0.00897093117237091
v -0.0022047560196369886 0.01154883112758398 0.0090253921225667
v -3.1475923606194556e-05 0.011687506921589375 0.00897093117237091
v -0.00010663735884008929 0.012007603421807289 0.008832331746816635
v -0.0022047560196369886 0.01154883112758398 0.0090253921225667
v -0.00010663735884008929 0.012007603421807289 0.008832331746816635
v -0.002178811002522707 0.011673393659293652 0.008976870216429234
v -0.0022047560196369886 0.01154883112758398 0.0090253921225667
v 0.002693461487069726 0.011991566978394985 0.008814148604869843
v 0.00214183097705245 0.011821980588138103 0.008906572125852108
v 0.0022053977008908987 0.011549302376806736 0.009026781655848026
v 0.00214183097705245 0.011821980588138103 0.008906572125852108
v -3.1475923606194556e-05 0.011687506921589375 0.00897093117237091
v 0.0022053977008908987 0.011549302376806736 0.009026781655848026
v -0.00838483590632677 0.01171338651329279 0.004237050656229258
v -0.008292803540825844 0.012260272167623043 0.003479780163615942
v -0.008581339381635189 0.011551976203918457 0.0036726221442222595
v -0.008292803540825844 0.012260272167623043 0.003479780163615942
v -0.008447125554084778 0.012077667750418186 0.002938094548881054
v -0.008581339381635189 0.011551976203918457 0.0036726221442222595
v -0.00863371416926384 0.011680289171636105 -0.0013747923076152802
v -0.008428310044109821 0.012105860747396946 -0.0015000246930867434
v -0.008654357865452766 0.01162528246641159 -0.001499979174695909
v -0.008447125554084778 0.012077667750418186 0.002938094548881054
v -0.008547146804630756 0.011877784505486488 0.0024076553527265787
v -0.008653420954942703 0.011629735119640827 0.002464950317516923
v -0.008547146804630756 0.011877784505486488 0.0024076553527265787
v -0.00863371416926384 0.011680289171636105 -0.0013747923076152802
v -0.008653420954942703 0.011629735119640827 0.002464950317516923
v 0.0076805101707577705 0.012342230416834354 0.005229441914707422
v 0.0073251579888165 0.012435400858521461 0.0057588438503444195
v 0.007956640794873238 0.011637757532298565 0.0054641347378492355
v 0.0073251579888165 0.012435400858521461 0.0057588438503444195
v 0.0075989686883986 0.011731673032045364 0.0060080476105213165
v 0.007956640794873238 0.011637757532298565 0.0054641347378492355
v -0.002178811002522707 0.011673393659293652 0.008976870216429234
v -0.0024325025733560324 0.012940635904669762 0.00835762545466423
v -0.002773500280454755 0.011665050871670246 0.008954646997153759
v -0.0024325025733560324 0.012940635904669762 0.00835762545466423
v -0.003165519330650568 0.01245033647865057 0.008525088429450989
v -0.002773500280454755 0.011665050871670246 0.008954646997153759
v -0.003165519330650568 0.01245033647865057 0.008525088429450989
v -0.0033430883195251226 0.011807966977357864 0.008813582360744476
v -0.002773500280454755 0.011665050871670246 0.008954646997153759
v -0.0019709307234734297 0.012542786076664925 0.008582759648561478
v -0.0024325025733560324 0.012940635904669762 0.00835762545466423
v -0.002178811002522707 0.011673393659293652 0.008976870216429234
v -0.00010663735884008929 0.012007603421807289 0.008832331746816635
v -0.0019709307234734297 0.012542786076664925 0.008582759648561478
v -0.002178811002522707 0.011673393659293652 0.008976870216429234
v -0.008547146804630756 0.011877784505486488 0.0024076553527265787
v -0.008401010185480118 0.012223170138895512 -0.0009298310615122318
v -0.00863371416926384 0.011680289171636105 -0.0013747923076152802
v -0.008141466416418552 0.012731789611279964 -0.0009724745759740472
v -0.008428310044109821 0.012105860747396946 -0.0015000246930867434
v -0.00863371416926384 0.011680289171636105 -0.0013747923076152802
v -0.008401010185480118 0.012223170138895512 -0.0009298310615122318
v -0.008141466416418552 0.012731789611279964 -0.0009724745759740472
v -0.00863371416926384 0.011680289171636105 -0.0013747923076152802
v 0.00214183097705245 0.011821980588138103 0.008906572125852108
v 0.002007786650210619 0.012396982870995998 0.008653083816170692
v -3.1475923606194556e-05 0.011687506921589375 0.00897093117237091
v 0.002007786650210619 0.012396982870995998 0.008653083816170692
v -0.00010663735884008929 0.012007603421807289 0.008832331746816635
v -3.1475923606194556e-05 0.011687506921589375 0.00897093117237091
v -0.008134350180625916 0.011855182237923145 0.00479999091476202
v -0.008088702335953712 0.012424762360751629 0.004026457667350769
v -0.00838483590632677 0.01171338651329279 0.004237050656229258
v -0.008088702335953712 0.012424762360751629 0.004026457667350769
v -0.008292803540825844 0.012260272167623043 0.003479780163615942
v -0.00838483590632677 0.01171338651329279 0.004237050656229258
v 0.0073251579888165 0.012435400858521461 0.0057588438503444195
v 0.0069222645834088326 0.01250034011900425 0.0062647126615047455
v 0.0075989686883986 0.011731673032045364 0.0060080476105213165
v 0.0069222645834088326 0.01250034011900425 0.0062647126615047455
v 0.00719046825543046 0.011799068190157413 0.006526722572743893
v 0.0075989686883986 0.011731673032045364 0.0060080476105213165
v 0.008382784202694893 0.012275079265236855 0.0023157172836363316
v 0.008270016871392727 0.012475404888391495 0.0028367640916258097
v 0.00858747586607933 0.011735940352082253 0.0030238074250519276
v 0.008270016871392727 0.012475404888391495 0.0028367640916258097
v 0.008109407499432564 0.012659252621233463 0.003367593977600336
v 0.00858747586607933 0.011735940352082253 0.0030238074250519276
v 0.008109407499432564 0.012659252621233463 0.003367593977600336
v 0.008438408374786377 0.011916614137589931 0.003574197879061103
v 0.00858747586607933 0.011735940352082253 0.0030238074250519276
v 0.0069222645834088326 0.01250034011900425 0.0062647126615047455
v 0.006476163864135742 0.012535648420453072 0.006739973556250334
v 0.00719046825543046 0.011799068190157413 0.006526722572743893
v 0.006476163864135742 0.012535648420453072 0.006739973556250334
v 0.006735669914633036 0.01183848362416029 0.007012571208178997
v 0.00719046825543046 0.011799068190157413 0.006526722572743893
v -0.003165519330650568 0.01245033647865057 0.008525088429450989
v -0.003721078624948859 0.012586666271090508 0.00832425057888031
v -0.0033430883195251226 0.011807966977357864 0.008813582360744476
v -0.003721078624948859 0.012586666271090508 0.00832425057888031
v -0.003918198402971029 0.01193166896700859 0.008620727807283401
v -0.0033430883195251226 0.011807966977357864 0.008813582360744476
v 0.002693461487069726 0.011991566978394985 0.008814148604869843
v 0.002007786650210619 0.012396982870995998 0.008653083816170692
v 0.00214183097705245 0.011821980588138103 0.008906572125852108
v 0.006240447051823139 0.011849191039800644 0.0074587599374353886
v 0.005477467551827431 0.012515535578131676 0.007574034389108419
v 0.005711764097213745 0.01183123979717493 0.007859527133405209
v 0.005477467551827431 0.012515535578131676 0.007574034389108419
v 0.004938586615025997 0.012461149133741856 0.007923135533928871
v 0.005711764097213745 0.01183123979717493 0.007859527133405209
v 0.005992393475025892 0.012540669180452824 0.007178227882832289
v 0.006240447051823139 0.011849191039800644 0.0074587599374353886
v 0.006735669914633036 0.01183848362416029 0.007012571208178997
v 0.006476163864135742 0.012535648420453072 0.006739973556250334
v 0.005992393475025892 0.012540669180452824 0.007178227882832289
v 0.006735669914633036 0.01183848362416029 0.007012571208178997
v 0.005992393475025892 0.012540669180452824 0.007178227882832289
v 0.005477467551827431 0.012515535578131676 0.007574034389108419
v 0.006240447051823139 0.011849191039800644 0.0074587599374353886
v -0.007829982787370682 0.01197434589266777 0.005353971384465694
v -0.007833962328732014 0.01256787683814764 0.00457172142341733
v -0.008134350180625916 0.011855182237923145 0.00479999091476202
v -0.007833962328732014 0.01256787683814764 0.00457172142341733
v -0.008088702335953712 0.012424762360751629 0.004026457667350769
v -0.008134350180625916 0.011855182237923145 0.00479999091476202
v -0.008447125554084778 0.012077667750418186 0.002938094548881054
v -0.008399542421102524 0.012222301214933395 0.002328078728169203
v -0.008547146804630756 0.011877784505486488 0.0024076553527265787
v -0.008399542421102524 0.012222301214933395 0.002328078728169203
v -0.008401010185480118 0.012223170138895512 -0.0009298310615122318
v -0.008547146804630756 0.011877784505486488 0.0024076553527265787
v 0.008109407499432564 0.012659252621233463 0.003367593977600336
v 0.007900959812104702 0.012824026867747307 0.0039031533524394035
v 0.008438408374786377 0.011916614137589931 0.003574197879061103
v 0.007900959812104702 0.012824026867747307 0.0039031533524394035
v 0.00823803897947073 0.012080022133886814 0.004129793494939804
v 0.008438408374786377 0.011916614137589931 0.003574197879061103
v -0.003721078624948859 0.012586666271090508 0.00832425057888031
v -0.004275201354175806 0.012699797749519348 0.00807358417659998
v -0.003918198402971029 0.01193166896700859 0.008620727807283401
v -0.004275201354175806 0.012699797749519348 0.00807358417659998
v -0.004491792060434818 0.012033192440867424 0.008374894969165325
v -0.003918198402971029 0.01193166896700859 0.008620727807283401
v -0.00747326947748661 0.012068246491253376 0.0058912294916808605
v -0.007528919260948896 0.012686622329056263 0.005108666140586138
v -0.007829982787370682 0.01197434589266777 0.005353971384465694
v -0.007528919260948896 0.012686622329056263 0.005108666140586138
v -0.007833962328732014 0.01256787683814764 0.00457172142341733
v -0.007829982787370682 0.01197434589266777 0.005353971384465694
v 0.0025198764633387327 0.012640194036066532 0.008510485291481018
v 0.002007786650210619 0.012396982870995998 0.008653083816170692
v 0.002693461487069726 0.011991566978394985 0.008814148604869843
v 0.0032537064980715513 0.01214147824794054 0.008667703717947006
v 0.0025198764633387327 0.012640194036066532 0.008510485291481018
v 0.002693461487069726 0.011991566978394985 0.008814148604869843
v 0.008424323052167892 0.012103438377380371 -0.0015000043204054236
v 0.008332669734954834 0.012390372343361378 -0.0007919917115941644
v 0.008485001511871815 0.011998211964964867 -0.0014999877894297242
v 0.002007786650210619 0.012396982870995998 0.008653083816170692
v 0.001991508062928915 0.01245800219476223 0.008621742017567158
v -0.00010663735884008929 0.012007603421807289 0.008832331746816635
v -0.0019142560195177794 0.012750194407999516 0.00847321655601263
v -0.0019709307234734297 0.012542786076664925 0.008582759648561478
v -0.00010663735884008929 0.012007603421807289 0.008832331746816635
v 0.001991508062928915 0.01245800219476223 0.008621742017567158
v 0.0018310816958546638 0.013059348799288273 0.008312868885695934
v -0.00010663735884008929 0.012007603421807289 0.008832331746816635
v 0.0018310816958546638 0.013059348799288273 0.008312868885695934
v -0.0018301235977560282 0.013058086857199669 0.008310602977871895
v -0.00010663735884008929 0.012007603421807289 0.008832331746816635
v -0.0018301235977560282 0.013058086857199669 0.008310602977871895
v -0.0019142560195177794 0.012750194407999516 0.00847321655601263
v -0.00010663735884008929 0.012007603421807289 0.008832331746816635
v -0.004275201354175806 0.012699797749519348 0.00807358417659998
v -0.004820869769901037 0.012787007726728916 0.007773418445140123
v -0.004491792060434818 0.012033192440867424 0.008374894969165325
v -0.004820869769901037 0.012787007726728916 0.007773418445140123
v -0.005056256894022226 0.012109896168112755 0.008076180703938007
v -0.004491792060434818 0.012033192440867424 0.008374894969165325
v -0.0070672244764864445 0.012134787626564503 0.006404033396393061
v -0.007175204809755087 0.012778416275978088 0.005630131345242262
v -0.00747326947748661 0.012068246491253376 0.0058912294916808605
v -0.007175204809755087 0.012778416275978088 0.005630131345242262
v -0.007528919260948896 0.012686622329056263 0.005108666140586138
v -0.00747326947748661 0.012068246491253376 0.0058912294916808605
v -0.00826683547347784 0.012532048858702183 0.002256532898172736
v -0.008399542421102524 0.012222301214933395 0.002328078728169203
v -0.008447125554084778 0.012077667750418186 0.002938094548881054
v -0.008102319203317165 0.012822731398046017 0.0027460705023258924
v -0.00826683547347784 0.012532048858702183 0.002256532898172736
v -0.008447125554084778 0.012077667750418186 0.002938094548881054
v -0.008292803540825844 0.012260272167623043 0.003479780163615942
v -0.008102319203317165 0.012822731398046017 0.0027460705023258924
v -0.008447125554084778 0.012077667750418186 0.002938094548881054
v 0.007900959812104702 0.012824026867747307 0.0039031533524394035
v 0.007644019089639187 0.012966498732566833 0.004437346011400223
v 0.00823803897947073 0.012080022133886814 0.004129793494939804
v 0.007644019089639187 0.012966498732566833 0.004437346011400223
v 0.007985332049429417 0.012222900055348873 0.004683937877416611
v 0.00823803897947073 0.012080022133886814 0.004129793494939804
v 0.008141466416418552 0.012731789611279964 -0.0009724745759740472
v 0.008332669734954834 0.012390372343361378 -0.0007919917115941644
v 0.008424323052167892 0.012103438377380371 -0.0015000043204054236
v 0.008226839825510979 0.012445904314517975 -0.0015000582206994295
v 0.008141466416418552 0.012731789611279964 -0.0009724745759740472
v 0.008424323052167892 0.012103438377380371 -0.0015000043204054236
v -0.008141466416418552 0.012731789611279964 -0.0009724745759740472
v -0.00842532329261303 0.012112210504710674 -0.0015000252751633525
v -0.008428310044109821 0.012105860747396946 -0.0015000246930867434
v -0.004820869769901037 0.012787007726728916 0.007773418445140123
v -0.005350808147341013 0.012846045196056366 0.007425359915941954
v -0.005056256894022226 0.012109896168112755 0.008076180703938007
v -0.005350808147341013 0.012846045196056366 0.007425359915941954
v -0.005603681784123182 0.012159612029790878 0.007726092357188463
v -0.005056256894022226 0.012109896168112755 0.008076180703938007
v -0.008141466416418552 0.012731789611279964 -0.0009724745759740472
v -0.008157587610185146 0.012549097649753094 -0.00150004168972373
v -0.00842532329261303 0.012112210504710674 -0.0015000252751633525
v -0.006616291124373674 0.01217252854257822 0.00688503123819828
v -0.0067757731303572655 0.012841233983635902 0.006128986831754446
v -0.0070672244764864445 0.012134787626564503 0.006404033396393061
v -0.0067757731303572655 0.012841233983635902 0.006128986831754446
v -0.007175204809755087 0.012778416275978088 0.005630131345242262
v -0.0070672244764864445 0.012134787626564503 0.006404033396393061
v 0.003057856112718582 0.012804022058844566 0.008352010510861874
v 0.0025198764633387327 0.012640194036066532 0.008510485291481018
v 0.0032537064980715513 0.01214147824794054 0.008667703717947006
v 0.003819249803200364 0.012271667830646038 0.008470858447253704
v 0.003057856112718582 0.012804022058844566 0.008352010510861874
v 0.0032537064980715513 0.01214147824794054 0.008667703717947006
v -0.005350808147341013 0.012846045196056366 0.007425359915941954
v -0.005857768468558788 0.012875263579189777 0.007032314315438271
v -0.005603681784123182 0.012159612029790878 0.007726092357188463
v -0.005857768468558788 0.012875263579189777 0.007032314315438271
v -0.006126190535724163 0.01218077540397644 0.007327589206397533
v -0.005603681784123182 0.012159612029790878 0.007726092357188463
v -0.006126190535724163 0.01218077540397644 0.007327589206397533
v -0.0063348449766635895 0.01287371851503849 0.0065984358079731464
v -0.006616291124373674 0.01217252854257822 0.00688503123819828
v -0.0063348449766635895 0.01287371851503849 0.0065984358079731464
v -0.0067757731303572655 0.012841233983635902 0.006128986831754446
v -0.006616291124373674 0.01217252854257822 0.00688503123819828
v -0.005857768468558788 0.012875263579189777 0.007032314315438271
v -0.0063348449766635895 0.01287371851503849 0.0065984358079731464
v -0.006126190535724163 0.01218077540397644 0.007327589206397533
v -0.008287153206765652 0.01248878799378872 -0.0007121224189177155
v -0.008401010185480118 0.012223170138895512 -0.0009298310615122318
v -0.008399542421102524 0.012222301214933395 0.002328078728169203
v -0.00826683547347784 0.012532048858702183 0.002256532898172736
v -0.007909105159342289 0.013233489356935024 -0.00011491792974993587
v -0.008399542421102524 0.012222301214933395 0.002328078728169203
v -0.007909105159342289 0.013233489356935024 -0.00011491792974993587
v -0.008274474181234837 0.012513763271272182 -0.0006920933374203742
v -0.008399542421102524 0.012222301214933395 0.002328078728169203
v -0.008274474181234837 0.012513763271272182 -0.0006920933374203742
v -0.008287153206765652 0.01248878799378872 -0.0007121224189177155
v -0.008399542421102524 0.012222301214933395 0.002328078728169203
v 0.007644019089639187 0.012966498732566833 0.004437346011400223
v 0.007339055649936199 0.013083722442388535 0.004963615909218788
v 0.007985332049429417 0.012222900055348873 0.004683937877416611
v 0.007339055649936199 0.013083722442388535 0.004963615909218788
v 0.0076805101707577705 0.012342230416834354 0.005229441914707422
v 0.007985332049429417 0.012222900055348873 0.004683937877416611
v -0.008287153206765652 0.01248878799378872 -0.0007121224189177155
v -0.008141466416418552 0.012731789611279964 -0.0009724745759740472
v -0.008401010185480118 0.012223170138895512 -0.0009298310615122318
v -0.00793612003326416 0.01300684455782175 0.0032667352352291346
v -0.008102319203317165 0.012822731398046017 0.0027460705023258924
v -0.008292803540825844 0.012260272167623043 0.003479780163615942
v -0.008088702335953712 0.012424762360751629 0.004026457667350769
v -0.00793612003326416 0.01300684455782175 0.0032667352352291346
v -0.008292803540825844 0.012260272167623043 0.003479780163615942
v 0.004383315797895193 0.012379121035337448 0.00822259671986103
v 0.003600629046559334 0.012947266921401024 0.008146333508193493
v 0.003819249803200364 0.012271667830646038 0.008470858447253704
v 0.003600629046559334 0.012947266921401024 0.008146333508193493
v 0.003057856112718582 0.012804022058844566 0.008352010510861874
v 0.003819249803200364 0.012271667830646038 0.008470858447253704
v 0.008359699510037899 0.012330918572843075 0.0023028282448649406
v 0.008270016871392727 0.012475404888391495 0.0028367640916258097
v 0.008382784202694893 0.012275079265236855 0.0023157172836363316
v 0.008332669734954834 0.012390372343361378 -0.0007919917115941644
v 0.008359699510037899 0.012330918572843075 0.0023028282448649406
v 0.008382784202694893 0.012275079265236855 0.0023157172836363316
v 0.008319989778101444 0.012411494739353657 0.0022839168086647987
v 0.008270016871392727 0.012475404888391495 0.0028367640916258097
v 0.008359699510037899 0.012330918572843075 0.0023028282448649406
v 0.008332669734954834 0.012390372343361378 -0.0007919917115941644
v 0.008319989778101444 0.012411494739353657 0.0022839168086647987
v 0.008359699510037899 0.012330918572843075 0.0023028282448649406
v 0.007339055649936199 0.013083722442388535 0.004963615909218788
v 0.006987747270613909 0.013173178769648075 0.005475172773003578
v 0.0076805101707577705 0.012342230416834354 0.005229441914707422
v 0.006987747270613909 0.013173178769648075 0.005475172773003578
v 0.0073251579888165 0.012435400858521461 0.0057588438503444195
v 0.0076805101707577705 0.012342230416834354 0.005229441914707422
v 0.004938586615025997 0.012461149133741856 0.007923135533928871
v 0.004142016638070345 0.013066859915852547 0.007892807014286518
v 0.004383315797895193 0.012379121035337448 0.00822259671986103
v 0.004142016638070345 0.013066859915852547 0.007892807014286518
v 0.003600629046559334 0.012947266921401024 0.008146333508193493
v 0.004383315797895193 0.012379121035337448 0.00822259671986103
v 0.008321713656187057 0.012412350624799728 -0.0007743246969766915
v 0.008319989778101444 0.012411494739353657 0.0022839168086647987
v 0.008332669734954834 0.012390372343361378 -0.0007919917115941644
v 0.008141466416418552 0.012731789611279964 -0.0009724745759740472
v 0.008321713656187057 0.012412350624799728 -0.0007743246969766915
v 0.008332669734954834 0.012390372343361378 -0.0007919917115941644
v 0.0025198764633387327 0.012640194036066532 0.008510485291481018
v 0.001991508062928915 0.01245800219476223 0.008621742017567158
v 0.002007786650210619 0.012396982870995998 0.008653083816170692
v 0.008006938733160496 0.013046717271208763 0.0021348281297832727
v 0.007878601551055908 0.013248381204903126 0.0026331099215894938
v 0.008319989778101444 0.012411494739353657 0.0022839168086647987
v 0.007878601551055908 0.013248381204903126 0.0026331099215894938
v 0.008270016871392727 0.012475404888391495 0.0028367640916258097
v 0.008319989778101444 0.012411494739353657 0.0022839168086647987
v 0.008321713656187057 0.012412350624799728 -0.0007743246969766915
v 0.008271437138319016 0.012513197958469391 -0.0006932572578079998
v 0.008319989778101444 0.012411494739353657 0.0022839168086647987
v 0.008271437138319016 0.012513197958469391 -0.0006932572578079998
v 0.007946150377392769 0.01316568348556757 -0.00016874747234396636
v 0.008319989778101444 0.012411494739353657 0.0022839168086647987
v 0.007946150377392769 0.01316568348556757 -0.00016874747234396636
v 0.008006938733160496 0.013046717271208763 0.0021348281297832727
v 0.008319989778101444 0.012411494739353657 0.0022839168086647987
v 0.008141466416418552 0.012731789611279964 -0.0009724745759740472
v 0.008271437138319016 0.012513197958469391 -0.0006932572578079998
v 0.008321713656187057 0.012412350624799728 -0.0007743246969766915
v -0.00772392051294446 0.013171098195016384 0.0037918894086033106
v -0.00793612003326416 0.01300684455782175 0.0032667352352291346
v -0.008088702335953712 0.012424762360751629 0.004026457667350769
v -0.007833962328732014 0.01256787683814764 0.00457172142341733
v -0.00772392051294446 0.013171098195016384 0.0037918894086033106
v -0.008088702335953712 0.012424762360751629 0.004026457667350769
v 0.006987747270613909 0.013173178769648075 0.005475172773003578
v 0.006592997349798679 0.01323290728032589 0.005965253803879023
v 0.0073251579888165 0.012435400858521461 0.0057588438503444195
v 0.006592997349798679 0.01323290728032589 0.005965253803879023
v 0.0069222645834088326 0.01250034011900425 0.0062647126615047455
v 0.0073251579888165 0.012435400858521461 0.0057588438503444195
v 0.00795004703104496 0.012926691211760044 -0.001257343334145844
v 0.008141466416418552 0.012731789611279964 -0.0009724745759740472
v 0.008226839825510979 0.012445904314517975 -0.0015000582206994295
v 0.008082274347543716 0.012642567045986652 -0.0015001781284809113
v 0.00795004703104496 0.012926691211760044 -0.001257343334145844
v 0.008226839825510979 0.012445904314517975 -0.0015000582206994295
v -0.0034891797695308924 0.01325915940105915 0.007983115501701832
v -0.003721078624948859 0.012586666271090508 0.00832425057888031
v -0.003165519330650568 0.01245033647865057 0.008525088429450989
v -0.00295857316814363 0.01311035268008709 0.00819313433021307
v -0.0034891797695308924 0.01325915940105915 0.007983115501701832
v -0.003165519330650568 0.01245033647865057 0.008525088429450989
v -0.0024325025733560324 0.012940635904669762 0.00835762545466423
v -0.00295857316814363 0.01311035268008709 0.00819313433021307
v -0.003165519330650568 0.01245033647865057 0.008525088429450989
v 0.0025198764633387327 0.012640194036066532 0.008510485291481018
v 0.0018310816958546638 0.013059348799288273 0.008312868885695934
v 0.001991508062928915 0.01245800219476223 0.008621742017567158
v 0.005477467551827431 0.012515535578131676 0.007574034389108419
v 0.004675374832004309 0.013160059228539467 0.007591896690428257
v 0.004938586615025997 0.012461149133741856 0.007923135533928871
v 0.004675374832004309 0.013160059228539467 0.007591896690428257
v 0.004142016638070345 0.013066859915852547 0.007892807014286518
v 0.004938586615025997 0.012461149133741856 0.007923135533928871
v 0.007878601551055908 0.013248381204903126 0.0026331099215894938
v 0.007705558557063341 0.0134314289316535 0.0031404790934175253
v 0.008270016871392727 0.012475404888391495 0.0028367640916258097
v 0.007705558557063341 0.0134314289316535 0.0031404790934175253
v 0.008109407499432564 0.012659252621233463 0.003367593977600336
v 0.008270016871392727 0.012475404888391495 0.0028367640916258097
v -0.008274474181234837 0.012513763271272182 -0.0006920933374203742
v -0.008141466416418552 0.012731789611279964 -0.0009724745759740472
v -0.008287153206765652 0.01248878799378872 -0.0007121224189177155
v 0.006592997349798679 0.01323290728032589 0.005965253803879023
v 0.006158879026770592 0.01326162088662386 0.006427404470741749
v 0.0069222645834088326 0.01250034011900425 0.0062647126615047455
v 0.006158879026770592 0.01326162088662386 0.006427404470741749
v 0.006476163864135742 0.012535648420453072 0.006739973556250334
v 0.0069222645834088326 0.01250034011900425 0.0062647126615047455
v 0.008141466416418552 0.012731789611279964 -0.0009724745759740472
v 0.007946150377392769 0.01316568348556757 -0.00016874747234396636
v 0.008271437138319016 0.012513197958469391 -0.0006932572578079998
v -0.0075964187271893024 0.01372238527983427 -0.00015370732580777258
v -0.008141466416418552 0.012731789611279964 -0.0009724745759740472
v -0.008274474181234837 0.012513763271272182 -0.0006920933374203742
v -0.007909105159342289 0.013233489356935024 -0.00011491792974993587
v -0.0075964187271893024 0.01372238527983427 -0.00015370732580777258
v -0.008274474181234837 0.012513763271272182 -0.0006920933374203742
v 0.005992393475025892 0.012540669180452824 0.007178227882832289
v 0.005193821620196104 0.013224589638411999 0.007245257031172514
v 0.005477467551827431 0.012515535578131676 0.007574034389108419
v 0.005193821620196104 0.013224589638411999 0.007245257031172514
v 0.004675374832004309 0.013160059228539467 0.007591896690428257
v 0.005477467551827431 0.012515535578131676 0.007574034389108419
v -0.008102319203317165 0.012822731398046017 0.0027460705023258924
v -0.008222200907766819 0.012621368281543255 0.00223546358756721
v -0.00826683547347784 0.012532048858702183 0.002256532898172736
v -0.008222200907766819 0.012621368281543255 0.00223546358756721
v -0.007909105159342289 0.013233489356935024 -0.00011491792974993587
v -0.00826683547347784 0.012532048858702183 0.002256532898172736
v 0.006158879026770592 0.01326162088662386 0.006427404470741749
v 0.005690503399819136 0.01325877197086811 0.0068557532504200935
v 0.006476163864135742 0.012535648420453072 0.006739973556250334
v 0.005690503399819136 0.01325877197086811 0.0068557532504200935
v 0.005992393475025892 0.012540669180452824 0.007178227882832289
v 0.006476163864135742 0.012535648420453072 0.006739973556250334
v 0.005690503399819136 0.01325877197086811 0.0068557532504200935
v 0.005193821620196104 0.013224589638411999 0.007245257031172514
v 0.005992393475025892 0.012540669180452824 0.007178227882832289
v -0.0019142560195177794 0.012750194407999516 0.00847321655601263
v -0.0024325025733560324 0.012940635904669762 0.00835762545466423
v -0.0019709307234734297 0.012542786076664925 0.008582759648561478
v -0.008141466416418552 0.012731789611279964 -0.0009724745759740472
v -0.008083551190793514 0.012643544934689999 -0.0015001079300418496
v -0.008157587610185146 0.012549097649753094 -0.00150004168972373
v -0.007465247064828873 0.013312318362295628 0.004315721802413464
v -0.00772392051294446 0.013171098195016384 0.0037918894086033106
v -0.007833962328732014 0.01256787683814764 0.00457172142341733
v -0.007528919260948896 0.012686622329056263 0.005108666140586138
v -0.007465247064828873 0.013312318362295628 0.004315721802413464
v -0.007833962328732014 0.01256787683814764 0.00457172142341733
v -0.0040184510871768 0.01338399387896061 0.00772709958255291
v -0.004275201354175806 0.012699797749519348 0.00807358417659998
v -0.003721078624948859 0.012586666271090508 0.00832425057888031
v -0.0034891797695308924 0.01325915940105915 0.007983115501701832
v -0.0040184510871768 0.01338399387896061 0.00772709958255291
v -0.003721078624948859 0.012586666271090508 0.00832425057888031
v -0.008102319203317165 0.012822731398046017 0.0027460705023258924
v -0.008006807416677475 0.013052405789494514 0.0021337871439754963
v -0.008222200907766819 0.012621368281543255 0.00223546358756721
v -0.008006807416677475 0.013052405789494514 0.0021337871439754963
v -0.007909105159342289 0.013233489356935024 -0.00011491792974993587
v -0.008222200907766819 0.012621368281543255 0.00223546358756721
v 0.0023206400219351053 0.013303103856742382 0.00816181767731905
v 0.0018310816958546638 0.013059348799288273 0.008312868885695934
v 0.0025198764633387327 0.012640194036066532 0.008510485291481018
v 0.003057856112718582 0.012804022058844566 0.008352010510861874
v 0.0023206400219351053 0.013303103856742382 0.00816181767731905
v 0.0025198764633387327 0.012640194036066532 0.008510485291481018
v 0.007921039126813412 0.012861906550824642 -0.0015003120061010122
v 0.00795004703104496 0.012926691211760044 -0.001257343334145844
v 0.008082274347543716 0.012642567045986652 -0.0015001781284809113
v -0.00795004703104496 0.012926691211760044 -0.001257343334145844
v -0.007819125428795815 0.01298086903989315 -0.0015003447188064456
v -0.008083551190793514 0.012643544934689999 -0.0015001079300418496
v -0.008141466416418552 0.012731789611279964 -0.0009724745759740472
v -0.00795004703104496 0.012926691211760044 -0.001257343334145844
v -0.008083551190793514 0.012643544934689999 -0.0015001079300418496
v 0.007705558557063341 0.0134314289316535 0.0031404790934175253
v 0.007488965056836605 0.013593733310699463 0.0036520306020975113
v 0.008109407499432564 0.012659252621233463 0.003367593977600336
v 0.007488965056836605 0.013593733310699463 0.0036520306020975113
v 0.007900959812104702 0.012824026867747307 0.0039031533524394035
v 0.008109407499432564 0.012659252621233463 0.003367593977600336
v -0.0071606822311878204 0.013427621684968472 0.004831997212022543
v -0.007465247064828873 0.013312318362295628 0.004315721802413464
v -0.007528919260948896 0.012686622329056263 0.005108666140586138
v -0.007175204809755087 0.012778416275978088 0.005630131345242262
v -0.0071606822311878204 0.013427621684968472 0.004831997212022543
v -0.007528919260948896 0.012686622329056263 0.005108666140586138
v -0.004540086258202791 0.013482117094099522 0.007425664458423853
v -0.004820869769901037 0.012787007726728916 0.007773418445140123
v -0.004275201354175806 0.012699797749519348 0.00807358417659998
v -0.0040184510871768 0.01338399387896061 0.00772709958255291
v -0.004540086258202791 0.013482117094099522 0.007425664458423853
v -0.004275201354175806 0.012699797749519348 0.00807358417659998
v -0.0075964187271893024 0.01372238527983427 -0.00015370732580777258
v -0.00795004703104496 0.012926691211760044 -0.001257343334145844
v -0.008141466416418552 0.012731789611279964 -0.0009724745759740472
v 0.00795004703104496 0.012926691211760044 -0.001257343334145844
v 0.007404126692563295 0.013886897824704647 -0.0004314587276894599
v 0.008141466416418552 0.012731789611279964 -0.0009724745759740472
v 0.007404126692563295 0.013886897824704647 -0.0004314587276894599
v 0.0075964187271893024 0.01372238527983427 -0.00015370732580777258
v 0.008141466416418552 0.012731789611279964 -0.0009724745759740472
v 0.0075964187271893024 0.01372238527983427 -0.00015370732580777258
v 0.007946150377392769 0.01316568348556757 -0.00016874747234396636
v 0.008141466416418552 0.012731789611279964 -0.0009724745759740472
v -0.0018301235977560282 0.013058086857199669 0.008310602977871895
v -0.0024325025733560324 0.012940635904669762 0.00835762545466423
v -0.0019142560195177794 0.012750194407999516 0.00847321655601263
v -0.006811937782913446 0.013514559715986252 0.005334263667464256
v -0.0071606822311878204 0.013427621684968472 0.004831997212022543
v -0.007175204809755087 0.012778416275978088 0.005630131345242262
v -0.0067757731303572655 0.012841233983635902 0.006128986831754446
v -0.006811937782913446 0.013514559715986252 0.005334263667464256
v -0.007175204809755087 0.012778416275978088 0.005630131345242262
v -0.005047567654401064 0.013551250100135803 0.007080503273755312
v -0.005350808147341013 0.012846045196056366 0.007425359915941954
v -0.004820869769901037 0.012787007726728916 0.007773418445140123
v -0.004540086258202791 0.013482117094099522 0.007425664458423853
v -0.005047567654401064 0.013551250100135803 0.007080503273755312
v -0.004820869769901037 0.012787007726728916 0.007773418445140123
v 0.0028306939639151096 0.013479425571858883 0.007989685982465744
v 0.0023206400219351053 0.013303103856742382 0.00816181767731905
v 0.003057856112718582 0.012804022058844566 0.008352010510861874
v 0.003600629046559334 0.012947266921401024 0.008146333508193493
v 0.0028306939639151096 0.013479425571858883 0.007989685982465744
v 0.003057856112718582 0.012804022058844566 0.008352010510861874
v -0.00793612003326416 0.01300684455782175 0.0032667352352291346
v -0.007674050517380238 0.013605003245174885 0.0025379310827702284
v -0.008102319203317165 0.012822731398046017 0.0027460705023258924
v -0.007674050517380238 0.013605003245174885 0.0025379310827702284
v -0.007912050932645798 0.01322813518345356 0.0020924957934767008
v -0.008102319203317165 0.012822731398046017 0.0027460705023258924
v -0.007912050932645798 0.01322813518345356 0.0020924957934767008
v -0.008006807416677475 0.013052405789494514 0.0021337871439754963
v -0.008102319203317165 0.012822731398046017 0.0027460705023258924
v 0.007488965056836605 0.013593733310699463 0.0036520306020975113
v 0.007228564471006393 0.013732213526964188 0.004162320867180824
v 0.007900959812104702 0.012824026867747307 0.0039031533524394035
v 0.007228564471006393 0.013732213526964188 0.004162320867180824
v 0.007644019089639187 0.012966498732566833 0.004437346011400223
v 0.007900959812104702 0.012824026867747307 0.0039031533524394035
v -0.006421862635761499 0.013571245595812798 0.005816096439957619
v -0.006811937782913446 0.013514559715986252 0.005334263667464256
v -0.0067757731303572655 0.012841233983635902 0.006128986831754446
v -0.0063348449766635895 0.01287371851503849 0.0065984358079731464
v -0.006421862635761499 0.013571245595812798 0.005816096439957619
v -0.0067757731303572655 0.012841233983635902 0.006128986831754446
v -0.005534403026103973 0.013589700683951378 0.006694437004625797
v -0.005857768468558788 0.012875263579189777 0.007032314315438271
v -0.005350808147341013 0.012846045196056366 0.007425359915941954
v -0.005047567654401064 0.013551250100135803 0.007080503273755312
v -0.005534403026103973 0.013589700683951378 0.006694437004625797
v -0.005350808147341013 0.012846045196056366 0.007425359915941954
v 0.007730666548013687 0.013065685518085957 -0.0015002123545855284
v 0.00795004703104496 0.012926691211760044 -0.001257343334145844
v 0.007921039126813412 0.012861906550824642 -0.0015003120061010122
v -0.005994388367980719 0.013596455566585064 0.00627135531976819
v -0.006421862635761499 0.013571245595812798 0.005816096439957619
v -0.0063348449766635895 0.01287371851503849 0.0065984358079731464
v -0.005857768468558788 0.012875263579189777 0.007032314315438271
v -0.005994388367980719 0.013596455566585064 0.00627135531976819
v -0.0063348449766635895 0.01287371851503849 0.0065984358079731464
v -0.005534403026103973 0.013589700683951378 0.006694437004625797
v -0.005994388367980719 0.013596455566585064 0.00627135531976819
v -0.005857768468558788 0.012875263579189777 0.007032314315438271
v -0.007679286412894726 0.01311950571835041 -0.0015002473955973983
v -0.007732513826340437 0.013066736049950123 -0.0015002844156697392
v -0.00795004703104496 0.012926691211760044 -0.001257343334145844
v -0.007732513826340437 0.013066736049950123 -0.0015002844156697392
v -0.007819125428795815 0.01298086903989315 -0.0015003447188064456
v -0.00795004703104496 0.012926691211760044 -0.001257343334145844
v -0.0075964187271893024 0.01372238527983427 -0.00015370732580777258
v -0.007404126692563295 0.013886897824704647 -0.0004314587276894599
v -0.00795004703104496 0.012926691211760044 -0.001257343334145844
v -0.007404126692563295 0.013886897824704647 -0.0004314587276894599
v -0.007679286412894726 0.01311950571835041 -0.0015002473955973983
v -0.00795004703104496 0.012926691211760044 -0.001257343334145844
v 0.007730666548013687 0.013065685518085957 -0.0015002123545855284
v 0.007679347414523363 0.013120618648827076 -0.0015001854626461864
v 0.00795004703104496 0.012926691211760044 -0.001257343334145844
v 0.007679347414523363 0.013120618648827076 -0.0015001854626461864
v 0.007404126692563295 0.013886897824704647 -0.0004314587276894599
v 0.00795004703104496 0.012926691211760044 -0.001257343334145844
v -0.0018301235977560282 0.013058086857199669 0.008310602977871895
v -0.0022234220523387194 0.01359901949763298 0.007991979829967022
v -0.0024325025733560324 0.012940635904669762 0.00835762545466423
v -0.0027186970692127943 0.013780425302684307 0.00781325064599514
v -0.00295857316814363 0.01311035268008709 0.00819313433021307
v -0.0024325025733560324 0.012940635904669762 0.00835762545466423
v -0.0022234220523387194 0.01359901949763298 0.007991979829967022
v -0.0027186970692127943 0.013780425302684307 0.00781325064599514
v -0.0024325025733560324 0.012940635904669762 0.00835762545466423
v 0.004142016638070345 0.013066859915852547 0.007892807014286518
v 0.003344952128827572 0.013634534552693367 0.00777423195540905
v 0.003600629046559334 0.012947266921401024 0.008146333508193493
v 0.003344952128827572 0.013634534552693367 0.00777423195540905
v 0.0028306939639151096 0.013479425571858883 0.007989685982465744
v 0.003600629046559334 0.012947266921401024 0.008146333508193493
v 0.007228564471006393 0.013732213526964188 0.004162320867180824
v 0.006925071589648724 0.013844097964465618 0.004665524233132601
v 0.007644019089639187 0.012966498732566833 0.004437346011400223
v 0.006925071589648724 0.013844097964465618 0.004665524233132601
v 0.007339055649936199 0.013083722442388535 0.004963615909218788
v 0.007644019089639187 0.012966498732566833 0.004437346011400223
v -0.00772392051294446 0.013171098195016384 0.0037918894086033106
v -0.007495433557778597 0.013785669580101967 0.003033517161384225
v -0.00793612003326416 0.01300684455782175 0.0032667352352291346
v -0.007495433557778597 0.013785669580101967 0.003033517161384225
v -0.007674050517380238 0.013605003245174885 0.0025379310827702284
v -0.00793612003326416 0.01300684455782175 0.0032667352352291346
v 0.007971121929585934 0.013119392096996307 0.0021177709568291903
v 0.007878601551055908 0.013248381204903126 0.0026331099215894938
v 0.008006938733160496 0.013046717271208763 0.0021348281297832727
v 0.007946150377392769 0.01316568348556757 -0.00016874747234396636
v 0.007971121929585934 0.013119392096996307 0.0021177709568291903
v 0.008006938733160496 0.013046717271208763 0.0021348281297832727
v -0.007912050932645798 0.01322813518345356 0.0020924957934767008
v -0.007909105159342289 0.013233489356935024 -0.00011491792974993587
v -0.008006807416677475 0.013052405789494514 0.0021337871439754963
v -0.0017373826121911407 0.01339748315513134 0.008131349459290504
v -0.0022234220523387194 0.01359901949763298 0.007991979829967022
v -0.0018301235977560282 0.013058086857199669 0.008310602977871895
v 0.0018310816958546638 0.013059348799288273 0.008312868885695934
v 0.0018184296786785126 0.013106772676110268 0.008288509212434292
v -0.0018301235977560282 0.013058086857199669 0.008310602977871895
v 0.0018184296786785126 0.013106772676110268 0.008288509212434292
v -0.00010440130427014083 0.013418716378509998 0.008119209669530392
v -0.0018301235977560282 0.013058086857199669 0.008310602977871895
v -0.00010440130427014083 0.013418716378509998 0.008119209669530392
v -0.0017373826121911407 0.01339748315513134 0.008131349459290504
v -0.0018301235977560282 0.013058086857199669 0.008310602977871895
v 0.0023206400219351053 0.013303103856742382 0.00816181767731905
v 0.0018184296786785126 0.013106772676110268 0.008288509212434292
v 0.0018310816958546638 0.013059348799288273 0.008312868885695934
v 0.004675374832004309 0.013160059228539467 0.007591896690428257
v 0.003857942298054695 0.013765400275588036 0.007515202276408672
v 0.004142016638070345 0.013066859915852547 0.007892807014286518
v 0.003857942298054695 0.013765400275588036 0.007515202276408672
v 0.003344952128827572 0.013634534552693367 0.00777423195540905
v 0.004142016638070345 0.013066859915852547 0.007892807014286518
v 0.006925071589648724 0.013844097964465618 0.004665524233132601
v 0.006580226588994265 0.01392704900354147 0.00515562342479825
v 0.007339055649936199 0.013083722442388535 0.004963615909218788
v 0.006580226588994265 0.01392704900354147 0.00515562342479825
v 0.006987747270613909 0.013173178769648075 0.005475172773003578
v 0.007339055649936199 0.013083722442388535 0.004963615909218788
v 0.0023206400219351053 0.013303103856742382 0.00816181767731905
v 0.0017840395448729396 0.013235681690275669 0.008222296833992004
v 0.0018184296786785126 0.013106772676110268 0.008288509212434292
v 0.0017840395448729396 0.013235681690275669 0.008222296833992004
v -0.00010440130427014083 0.013418716378509998 0.008119209669530392
v 0.0018184296786785126 0.013106772676110268 0.008288509212434292
v -0.0027186970692127943 0.013780425302684307 0.00781325064599514
v -0.003217886434867978 0.013940468430519104 0.00759317260235548
v -0.00295857316814363 0.01311035268008709 0.00819313433021307
v -0.003217886434867978 0.013940468430519104 0.00759317260235548
v -0.0034891797695308924 0.01325915940105915 0.007983115501701832
v -0.00295857316814363 0.01311035268008709 0.00819313433021307
v 0.007373612839728594 0.01408051885664463 0.002412449801340699
v 0.007878601551055908 0.013248381204903126 0.0026331099215894938
v 0.007971121929585934 0.013119392096996307 0.0021177709568291903
v 0.007623256184160709 0.013716274872422218 0.0019800676964223385
v 0.007373612839728594 0.01408051885664463 0.002412449801340699
v 0.007971121929585934 0.013119392096996307 0.0021177709568291903
v 0.007946150377392769 0.01316568348556757 -0.00016874747234396636
v 0.007732519879937172 0.013530516996979713 0.00011769931734306738
v 0.007971121929585934 0.013119392096996307 0.0021177709568291903
v 0.007732519879937172 0.013530516996979713 0.00011769931734306738
v 0.007623256184160709 0.013716274872422218 0.0019800676964223385
v 0.007971121929585934 0.013119392096996307 0.0021177709568291903
v -0.0074312989600002766 0.013365359976887703 -0.001500074751675129
v -0.007235512137413025 0.013515016064047813 -0.0015001404099166393
v -0.007679286412894726 0.01311950571835041 -0.0015002473955973983
v -0.007404126692563295 0.013886897824704647 -0.0004314587276894599
v -0.00716474698856473 0.014017298817634583 -0.0007028270047158003
v -0.007679286412894726 0.01311950571835041 -0.0015002473955973983
v -0.00716474698856473 0.014017298817634583 -0.0007028270047158003
v -0.0074312989600002766 0.013365359976887703 -0.001500074751675129
v -0.007679286412894726 0.01311950571835041 -0.0015002473955973983
v 0.00716474698856473 0.014017298817634583 -0.0007028270047158003
v 0.007404126692563295 0.013886897824704647 -0.0004314587276894599
v 0.007679347414523363 0.013120618648827076 -0.0015001854626461864
v 0.007557954639196396 0.013250559568405151 -0.0015001220162957907
v 0.00716474698856473 0.014017298817634583 -0.0007028270047158003
v 0.007679347414523363 0.013120618648827076 -0.0015001854626461864
v 0.005193821620196104 0.013224589638411999 0.007245257031172514
v 0.004363808315247297 0.013869315385818481 0.007213306613266468
v 0.004675374832004309 0.013160059228539467 0.007591896690428257
v 0.004363808315247297 0.013869315385818481 0.007213306613266468
v 0.003857942298054695 0.013765400275588036 0.007515202276408672
v 0.004675374832004309 0.013160059228539467 0.007591896690428257
v 0.0075964187271893024 0.01372238527983427 -0.00015370732580777258
v 0.007732519879937172 0.013530516996979713 0.00011769931734306738
v 0.007946150377392769 0.01316568348556757 -0.00016874747234396636
v -0.007465247064828873 0.013312318362295628 0.004315721802413464
v -0.00727549334987998 0.01394492294639349 0.0035330194514244795
v -0.00772392051294446 0.013171098195016384 0.0037918894086033106
v -0.00727549334987998 0.01394492294639349 0.0035330194514244795
v -0.007495433557778597 0.013785669580101967 0.003033517161384225
v -0.00772392051294446 0.013171098195016384 0.0037918894086033106
v 0.006580226588994265 0.01392704900354147 0.00515562342479825
v 0.006196796894073486 0.013979286886751652 0.005626624915748835
v 0.006987747270613909 0.013173178769648075 0.005475172773003578
v 0.006196796894073486 0.013979286886751652 0.005626624915748835
v 0.006592997349798679 0.01323290728032589 0.005965253803879023
v 0.006987747270613909 0.013173178769648075 0.005475172773003578
v 0.0048565007746219635 0.013944020494818687 0.006870276760309935
v 0.004363808315247297 0.013869315385818481 0.007213306613266468
v 0.005193821620196104 0.013224589638411999 0.007245257031172514
v 0.005690503399819136 0.01325877197086811 0.0068557532504200935
v 0.0048565007746219635 0.013944020494818687 0.006870276760309935
v 0.005193821620196104 0.013224589638411999 0.007245257031172514
v -0.007674050517380238 0.013605003245174885 0.0025379310827702284
v -0.007807237561792135 0.013403440825641155 0.0020523108541965485
v -0.007912050932645798 0.01322813518345356 0.0020924957934767008
v -0.007807237561792135 0.013403440825641155 0.0020523108541965485
v -0.007909105159342289 0.013233489356935024 -0.00011491792974993587
v -0.007912050932645798 0.01322813518345356 0.0020924957934767008
v 0.006196796894073486 0.013979286886751652 0.005626624915748835
v 0.005778521299362183 0.013999683782458305 0.006072790827602148
v 0.006592997349798679 0.01323290728032589 0.005965253803879023
v 0.005778521299362183 0.013999683782458305 0.006072790827602148
v 0.006158879026770592 0.01326162088662386 0.006427404470741749
v 0.006592997349798679 0.01323290728032589 0.005965253803879023
v -0.007807237561792135 0.013403440825641155 0.0020523108541965485
v -0.007733645383268595 0.013530770316720009 0.00011818060738733038
v -0.007909105159342289 0.013233489356935024 -0.00011491792974993587
v -0.007733645383268595 0.013530770316720009 0.00011818060738733038
v -0.0075964187271893024 0.01372238527983427 -0.00015370732580777258
v -0.007909105159342289 0.013233489356935024 -0.00011491792974993587
v 0.0023206400219351053 0.013303103856742382 0.00816181767731905
v 0.0016213639173656702 0.01376611553132534 0.007904882542788982
v 0.0017840395448729396 0.013235681690275669 0.008222296833992004
v 0.0016213639173656702 0.01376611553132534 0.007904882542788982
v -0.00010440130427014083 0.013418716378509998 0.008119209669530392
v 0.0017840395448729396 0.013235681690275669 0.008222296833992004
v 0.007373612839728594 0.01408051885664463 0.002412449801340699
v 0.007188144605606794 0.014255319721996784 0.0028916141018271446
v 0.007878601551055908 0.013248381204903126 0.0026331099215894938
v 0.007188144605606794 0.014255319721996784 0.0028916141018271446
v 0.007705558557063341 0.0134314289316535 0.0031404790934175253
v 0.007878601551055908 0.013248381204903126 0.0026331099215894938
v 0.006884491536766291 0.01410697866231203 -0.0009575456497259438
v 0.00716474698856473 0.014017298817634583 -0.0007028270047158003
v 0.007557954639196396 0.013250559568405151 -0.0015001220162957907
v 0.007236550562083721 0.013519068248569965 -0.0015001717256382108
v 0.006884491536766291 0.01410697866231203 -0.0009575456497259438
v 0.007557954639196396 0.013250559568405151 -0.0015001220162957907
v 0.006158879026770592 0.01326162088662386 0.006427404470741749
v 0.005329994484782219 0.013987821526825428 0.006488865241408348
v 0.005690503399819136 0.01325877197086811 0.0068557532504200935
v 0.005329994484782219 0.013987821526825428 0.006488865241408348
v 0.0048565007746219635 0.013944020494818687 0.006870276760309935
v 0.005690503399819136 0.01325877197086811 0.0068557532504200935
v -0.003217886434867978 0.013940468430519104 0.00759317260235548
v -0.0037158692721277475 0.014076175168156624 0.0073316665366292
v -0.0034891797695308924 0.01325915940105915 0.007983115501701832
v -0.0037158692721277475 0.014076175168156624 0.0073316665366292
v -0.0040184510871768 0.01338399387896061 0.00772709958255291
v -0.0034891797695308924 0.01325915940105915 0.007983115501701832
v 0.005778521299362183 0.013999683782458305 0.006072790827602148
v 0.005329994484782219 0.013987821526825428 0.006488865241408348
v 0.006158879026770592 0.01326162088662386 0.006427404470741749
v 0.0020900480449199677 0.013976657763123512 0.007761016953736544
v 0.0016213639173656702 0.01376611553132534 0.007904882542788982
v 0.0023206400219351053 0.013303103856742382 0.00816181767731905
v 0.0028306939639151096 0.013479425571858883 0.007989685982465744
v 0.0020900480449199677 0.013976657763123512 0.007761016953736544
v 0.0023206400219351053 0.013303103856742382 0.00816181767731905
v -0.0071606822311878204 0.013427621684968472 0.004831997212022543
v -0.007014151196926832 0.014079796150326729 0.004031314980238676
v -0.007465247064828873 0.013312318362295628 0.004315721802413464
v -0.007014151196926832 0.014079796150326729 0.004031314980238676
v -0.00727549334987998 0.01394492294639349 0.0035330194514244795
v -0.007465247064828873 0.013312318362295628 0.004315721802413464
v -0.00716474698856473 0.014017298817634583 -0.0007028270047158003
v -0.007235512137413025 0.013515016064047813 -0.0015001404099166393
v -0.0074312989600002766 0.013365359976887703 -0.001500074751675129
v -0.0037158692721277475 0.014076175168156624 0.0073316665366292
v -0.004207180812954903 0.014184881001710892 0.007029547356069088
v -0.0040184510871768 0.01338399387896061 0.00772709958255291
v -0.004207180812954903 0.014184881001710892 0.007029547356069088
v -0.004540086258202791 0.013482117094099522 0.007425664458423853
v -0.0040184510871768 0.01338399387896061 0.00772709958255291
v -0.0019798297435045242 0.01426330953836441 0.007574134971946478
v -0.0022234220523387194 0.01359901949763298 0.007991979829967022
v -0.0017373826121911407 0.01339748315513134 0.008131349459290504
v -0.0015314765041694045 0.014049490913748741 0.007730124983936548
v -0.0019798297435045242 0.01426330953836441 0.007574134971946478
v -0.0017373826121911407 0.01339748315513134 0.008131349459290504
v -0.00010440130427014083 0.013418716378509998 0.008119209669530392
v 4.4943699322175235e-05 0.01391145121306181 0.007823358289897442
v -0.0017373826121911407 0.01339748315513134 0.008131349459290504
v 4.4943699322175235e-05 0.01391145121306181 0.007823358289897442
v -0.0015314765041694045 0.014049490913748741 0.007730124983936548
v -0.0017373826121911407 0.01339748315513134 0.008131349459290504
v -0.007674050517380238 0.013605003245174885 0.0025379310827702284
v -0.007731584832072258 0.013529973104596138 0.0020233059767633677
v -0.007807237561792135 0.013403440825641155 0.0020523108541965485
v -0.007731584832072258 0.013529973104596138 0.0020233059767633677
v -0.007733645383268595 0.013530770316720009 0.00011818060738733038
v -0.007807237561792135 0.013403440825641155 0.0020523108541965485
v 0.0016213639173656702 0.01376611553132534 0.007904882542788982
v 4.4943699322175235e-05 0.01391145121306181 0.007823358289897442
v -0.00010440130427014083 0.013418716378509998 0.008119209669530392
v -0.006811937782913446 0.013514559715986252 0.005334263667464256
v -0.0067122215405106544 0.014187631197273731 0.004522934556007385
v -0.0071606822311878204 0.013427621684968472 0.004831997212022543
v -0.0067122215405106544 0.014187631197273731 0.004522934556007385
v -0.007014151196926832 0.014079796150326729 0.004031314980238676
v -0.0071606822311878204 0.013427621684968472 0.004831997212022543
v 0.007188144605606794 0.014255319721996784 0.0028916141018271446
v 0.006964582949876785 0.014407934620976448 0.0033743323292583227
v 0.007705558557063341 0.0134314289316535 0.0031404790934175253
v 0.006964582949876785 0.014407934620976448 0.0033743323292583227
v 0.007488965056836605 0.013593733310699463 0.0036520306020975113
v 0.007705558557063341 0.0134314289316535 0.0031404790934175253
v 0.002563389018177986 0.014164408668875694 0.007573266979306936
v 0.0020900480449199677 0.013976657763123512 0.007761016953736544
v 0.0028306939639151096 0.013479425571858883 0.007989685982465744
v 0.003344952128827572 0.013634534552693367 0.00777423195540905
v 0.002563389018177986 0.014164408668875694 0.007573266979306936
v 0.0028306939639151096 0.013479425571858883 0.007989685982465744
v -0.004207180812954903 0.014184881001710892 0.007029547356069088
v -0.004686182830482721 0.014264361932873726 0.0066885678097605705
v -0.004540086258202791 0.013482117094099522 0.007425664458423853
v -0.004686182830482721 0.014264361932873726 0.0066885678097605705
v -0.005047567654401064 0.013551250100135803 0.007080503273755312
v -0.004540086258202791 0.013482117094099522 0.007425664458423853
v -0.006421862635761499 0.013571245595812798 0.005816096439957619
v -0.006371455732733011 0.014266212470829487 0.005002237390726805
v -0.006811937782913446 0.013514559715986252 0.005334263667464256
v -0.006371455732733011 0.014266212470829487 0.005002237390726805
v -0.0067122215405106544 0.014187631197273731 0.004522934556007385
v -0.006811937782913446 0.013514559715986252 0.005334263667464256
v -0.00716474698856473 0.014017298817634583 -0.0007028270047158003
v -0.006884491536766291 0.01410697866231203 -0.0009575456497259438
v -0.007235512137413025 0.013515016064047813 -0.0015001404099166393
v -0.006884491536766291 0.01410697866231203 -0.0009575456497259438
v -0.007042261306196451 0.013662733137607574 -0.001500205253250897
v -0.007235512137413025 0.013515016064047813 -0.0015001404099166393
v 0.007179996930062771 0.013566314242780209 -0.0015001804567873478
v 0.006884491536766291 0.01410697866231203 -0.0009575456497259438
v 0.007236550562083721 0.013519068248569965 -0.0015001717256382108
v -0.007674050517380238 0.013605003245174885 0.0025379310827702284
v -0.007478082552552223 0.013953967951238155 0.0019261144334450364
v -0.007731584832072258 0.013529973104596138 0.0020233059767633677
v -0.007550838403403759 0.013840499334037304 0.00036103915772400796
v -0.007733645383268595 0.013530770316720009 0.00011818060738733038
v -0.007731584832072258 0.013529973104596138 0.0020233059767633677
v -0.007478082552552223 0.013953967951238155 0.0019261144334450364
v -0.00711045553907752 0.014483632519841194 0.0008510526386089623
v -0.007731584832072258 0.013529973104596138 0.0020233059767633677
v -0.00711045553907752 0.014483632519841194 0.0008510526386089623
v -0.007414710242301226 0.014039300382137299 0.0005125089082866907
v -0.007731584832072258 0.013529973104596138 0.0020233059767633677
v -0.007414710242301226 0.014039300382137299 0.0005125089082866907
v -0.007550838403403759 0.013840499334037304 0.00036103915772400796
v -0.007731584832072258 0.013529973104596138 0.0020233059767633677
v 0.0076236482709646225 0.013716446235775948 0.0002636800054460764
v 0.007623256184160709 0.013716274872422218 0.0019800676964223385
v 0.007732519879937172 0.013530516996979713 0.00011769931734306738
v 0.0075964187271893024 0.01372238527983427 -0.00015370732580777258
v 0.0076236482709646225 0.013716446235775948 0.0002636800054460764
v 0.007732519879937172 0.013530516996979713 0.00011769931734306738
v -0.007584302686154842 0.013787382282316685 0.000318187172524631
v -0.0075964187271893024 0.01372238527983427 -0.00015370732580777258
v -0.007733645383268595 0.013530770316720009 0.00011818060738733038
v -0.007550838403403759 0.013840499334037304 0.00036103915772400796
v -0.007584302686154842 0.013787382282316685 0.000318187172524631
v -0.007733645383268595 0.013530770316720009 0.00011818060738733038
v -0.004686182830482721 0.014264361932873726 0.0066885678097605705
v -0.0051472606137394905 0.014312936924397945 0.006311413366347551
v -0.005047567654401064 0.013551250100135803 0.007080503273755312
v -0.0051472606137394905 0.014312936924397945 0.006311413366347551
v -0.005534403026103973 0.013589700683951378 0.006694437004625797
v -0.005047567654401064 0.013551250100135803 0.007080503273755312
v 0.006572834216058254 0.014151974581182003 -0.0011860724771395326
v 0.006884491536766291 0.01410697866231203 -0.0009575456497259438
v 0.007179996930062771 0.013566314242780209 -0.0015001804567873478
v 0.00677482970058918 0.013822557404637337 -0.0015000981511548162
v 0.006572834216058254 0.014151974581182003 -0.0011860724771395326
v 0.007179996930062771 0.013566314242780209 -0.0015001804567873478
v -0.005994388367980719 0.013596455566585064 0.00627135531976819
v -0.005994537845253944 0.014313867315649986 0.005463604349642992
v -0.006421862635761499 0.013571245595812798 0.005816096439957619
v -0.005994537845253944 0.014313867315649986 0.005463604349642992
v -0.006371455732733011 0.014266212470829487 0.005002237390726805
v -0.006421862635761499 0.013571245595812798 0.005816096439957619
v -0.0051472606137394905 0.014312936924397945 0.006311413366347551
v -0.0055850292555987835 0.014329558238387108 0.005901647731661797
v -0.005534403026103973 0.013589700683951378 0.006694437004625797
v -0.0055850292555987835 0.014329558238387108 0.005901647731661797
v -0.005994388367980719 0.013596455566585064 0.00627135531976819
v -0.005534403026103973 0.013589700683951378 0.006694437004625797
v 0.006964582949876785 0.014407934620976448 0.0033743323292583227
v 0.006703068967908621 0.014535585418343544 0.0038559208624064922
v 0.007488965056836605 0.013593733310699463 0.0036520306020975113
v 0.006703068967908621 0.014535585418343544 0.0038559208624064922
v 0.007228564471006393 0.013732213526964188 0.004162320867180824
v 0.007488965056836605 0.013593733310699463 0.0036520306020975113
v -0.0055850292555987835 0.014329558238387108 0.005901647731661797
v -0.005994537845253944 0.014313867315649986 0.005463604349642992
v -0.005994388367980719 0.013596455566585064 0.00627135531976819
v -0.00243313773535192 0.01445613894611597 0.007378893904387951
v -0.0027186970692127943 0.013780425302684307 0.00781325064599514
v -0.0022234220523387194 0.01359901949763298 0.007991979829967022
v -0.0019798297435045242 0.01426330953836441 0.007574134971946478
v -0.00243313773535192 0.01445613894611597 0.007378893904387951
v -0.0022234220523387194 0.01359901949763298 0.007991979829967022
v -0.007251288276165724 0.014276347123086452 0.0018587479135021567
v -0.007478082552552223 0.013953967951238155 0.0019261144334450364
v -0.007674050517380238 0.013605003245174885 0.0025379310827702284
v -0.00710228830575943 0.014467191882431507 0.002314059529453516
v -0.007251288276165724 0.014276347123086452 0.0018587479135021567
v -0.007674050517380238 0.013605003245174885 0.0025379310827702284
v -0.007495433557778597 0.013785669580101967 0.003033517161384225
v -0.00710228830575943 0.014467191882431507 0.002314059529453516
v -0.007674050517380238 0.013605003245174885 0.0025379310827702284
v 0.003857942298054695 0.013765400275588036 0.007515202276408672
v 0.0030402406118810177 0.014330792240798473 0.0073469546623528
v 0.003344952128827572 0.013634534552693367 0.00777423195540905
v 0.0030402406118810177 0.014330792240798473 0.0073469546623528
v 0.002563389018177986 0.014164408668875694 0.007573266979306936
v 0.003344952128827572 0.013634534552693367 0.00777423195540905
v -0.006884491536766291 0.01410697866231203 -0.0009575456497259438
v -0.006774439476430416 0.013819054700434208 -0.0015000913990661502
v -0.007042261306196451 0.013662733137607574 -0.001500205253250897
v 0.007551081478595734 0.013840114697813988 0.0019514975138008595
v 0.007373612839728594 0.01408051885664463 0.002412449801340699
v 0.007623256184160709 0.013716274872422218 0.0019800676964223385
v 0.0076236482709646225 0.013716446235775948 0.0002636800054460764
v 0.007553131319582462 0.013836873695254326 0.0003582328208722174
v 0.007623256184160709 0.013716274872422218 0.0019800676964223385
v 0.007553131319582462 0.013836873695254326 0.0003582328208722174
v 0.007551081478595734 0.013840114697813988 0.0019514975138008595
v 0.007623256184160709 0.013716274872422218 0.0019800676964223385
v 0.0075964187271893024 0.01372238527983427 -0.00015370732580777258
v 0.007553131319582462 0.013836873695254326 0.0003582328208722174
v 0.0076236482709646225 0.013716446235775948 0.0002636800054460764
v -0.007275367621332407 0.014215323142707348 0.00024492788361385465
v -0.007404126692563295 0.013886897824704647 -0.0004314587276894599
v -0.0075964187271893024 0.01372238527983427 -0.00015370732580777258
v -0.007584302686154842 0.013787382282316685 0.000318187172524631
v -0.007275367621332407 0.014215323142707348 0.00024492788361385465
v -0.0075964187271893024 0.01372238527983427 -0.00015370732580777258
v 0.007404126692563295 0.013886897824704647 -0.0004314587276894599
v 0.007275367621332407 0.014215323142707348 0.00024492788361385465
v 0.0075964187271893024 0.01372238527983427 -0.00015370732580777258
v 0.007275367621332407 0.014215323142707348 0.00024492788361385465
v 0.007553131319582462 0.013836873695254326 0.0003582328208722174
v 0.0075964187271893024 0.01372238527983427 -0.00015370732580777258
v 0.006703068967908621 0.014535585418343544 0.0038559208624064922
v 0.006404532119631767 0.01463581807911396 0.004331400152295828
v 0.007228564471006393 0.013732213526964188 0.004162320867180824
v 0.006404532119631767 0.01463581807911396 0.004331400152295828
v 0.006925071589648724 0.013844097964465618 0.004665524233132601
v 0.007228564471006393 0.013732213526964188 0.004162320867180824
v 0.004363808315247297 0.013869315385818481 0.007213306613266468
v 0.00351597648113966 0.014472936280071735 0.007082223892211914
v 0.003857942298054695 0.013765400275588036 0.007515202276408672
v 0.00351597648113966 0.014472936280071735 0.007082223892211914
v 0.0030402406118810177 0.014330792240798473 0.0073469546623528
v 0.003857942298054695 0.013765400275588036 0.007515202276408672
v 0.0020900480449199677 0.013976657763123512 0.007761016953736544
v 0.00153438956476748 0.014049711637198925 0.0077351778745651245
v 0.0016213639173656702 0.01376611553132534 0.007904882542788982
v 0.00153438956476748 0.014049711637198925 0.0077351778745651245
v 4.4943699322175235e-05 0.01391145121306181 0.007823358289897442
v 0.0016213639173656702 0.01376611553132534 0.007904882542788982
v -0.0028896178118884563 0.014627793803811073 0.007147459778934717
v -0.003217886434867978 0.013940468430519104 0.00759317260235548
v -0.0027186970692127943 0.013780425302684307 0.00781325064599514
v -0.00243313773535192 0.01445613894611597 0.007378893904387951
v -0.0028896178118884563 0.014627793803811073 0.007147459778934717
v -0.0027186970692127943 0.013780425302684307 0.00781325064599514
v -0.0069121550768613815 0.014634411782026291 0.002779545960947871
v -0.00710228830575943 0.014467191882431507 0.002314059529453516
v -0.007495433557778597 0.013785669580101967 0.003033517161384225
v -0.00727549334987998 0.01394492294639349 0.0035330194514244795
v -0.0069121550768613815 0.014634411782026291 0.002779545960947871
v -0.007495433557778597 0.013785669580101967 0.003033517161384225
v -0.007414710242301226 0.014039300382137299 0.0005125089082866907
v -0.007275367621332407 0.014215323142707348 0.00024492788361385465
v -0.007584302686154842 0.013787382282316685 0.000318187172524631
v -0.007550838403403759 0.013840499334037304 0.00036103915772400796
v -0.007414710242301226 0.014039300382137299 0.0005125089082866907
v -0.007584302686154842 0.013787382282316685 0.000318187172524631
v -0.006884491536766291 0.01410697866231203 -0.0009575456497259438
v -0.006572834216058254 0.014151974581182003 -0.0011860724771395326
v -0.006774439476430416 0.013819054700434208 -0.0015000913990661502
v -0.006572834216058254 0.014151974581182003 -0.0011860724771395326
v -0.006675850134342909 0.013876599259674549 -0.0015000494895502925
v -0.006774439476430416 0.013819054700434208 -0.0015000913990661502
v 0.0067515624687075615 0.013837272301316261 -0.001500093494541943
v 0.006572834216058254 0.014151974581182003 -0.0011860724771395326
v 0.00677482970058918 0.013822557404637337 -0.0015000981511548162
v 0.007415004074573517 0.014039401896297932 0.0005126633332110941
v 0.007551081478595734 0.013840114697813988 0.0019514975138008595
v 0.007553131319582462 0.013836873695254326 0.0003582328208722174
v 0.007275367621332407 0.014215323142707348 0.00024492788361385465
v 0.007415004074573517 0.014039401896297932 0.0005126633332110941
v 0.007553131319582462 0.013836873695254326 0.0003582328208722174
v 0.006357128266245127 0.01401546411216259 -0.0015000556595623493
v 0.006572834216058254 0.014151974581182003 -0.0011860724771395326
v 0.0067515624687075615 0.013837272301316261 -0.001500093494541943
v 0.007519958075135946 0.013885566964745522 0.0019417997682467103
v 0.007373612839728594 0.01408051885664463 0.002412449801340699
v 0.007551081478595734 0.013840114697813988 0.0019514975138008595
v 0.007415004074573517 0.014039401896297932 0.0005126633332110941
v 0.007519958075135946 0.013885566964745522 0.0019417997682467103
v 0.007551081478595734 0.013840114697813988 0.0019514975138008595
v 0.006404532119631767 0.01463581807911396 0.004331400152295828
v 0.006070715840905905 0.014706606976687908 0.004795642103999853
v 0.006925071589648724 0.013844097964465618 0.004665524233132601
v 0.006070715840905905 0.014706606976687908 0.004795642103999853
v 0.006580226588994265 0.01392704900354147 0.00515562342479825
v 0.006925071589648724 0.013844097964465618 0.004665524233132601
v 0.0039856769144535065 0.014588270336389542 0.006780013907700777
v 0.00351597648113966 0.014472936280071735 0.007082223892211914
v 0.004363808315247297 0.013869315385818481 0.007213306613266468
v 0.0048565007746219635 0.013944020494818687 0.006870276760309935
v 0.0039856769144535065 0.014588270336389542 0.006780013907700777
v 0.004363808315247297 0.013869315385818481 0.007213306613266468
v -0.006572834216058254 0.014151974581182003 -0.0011860724771395326
v -0.0063169049099087715 0.014026912860572338 -0.0015000824350863695
v -0.006675850134342909 0.013876599259674549 -0.0015000494895502925
v 0.0072001866064965725 0.014352552592754364 0.0018421616405248642
v 0.007373612839728594 0.01408051885664463 0.002412449801340699
v 0.007519958075135946 0.013885566964745522 0.0019417997682467103
v 0.007415004074573517 0.014039401896297932 0.0005126633332110941
v 0.00713096559047699 0.01445587258785963 0.0008302275091409683
v 0.007519958075135946 0.013885566964745522 0.0019417997682467103
v 0.00713096559047699 0.01445587258785963 0.0008302275091409683
v 0.0072001866064965725 0.014352552592754364 0.0018421616405248642
v 0.007519958075135946 0.013885566964745522 0.0019417997682467103
v -0.007084328215569258 0.014362579211592674 -2.911427873186767e-05
v -0.00716474698856473 0.014017298817634583 -0.0007028270047158003
v -0.007404126692563295 0.013886897824704647 -0.0004314587276894599
v -0.007275367621332407 0.014215323142707348 0.00024492788361385465
v -0.007084328215569258 0.014362579211592674 -2.911427873186767e-05
v -0.007404126692563295 0.013886897824704647 -0.0004314587276894599
v 0.00716474698856473 0.014017298817634583 -0.0007028270047158003
v 0.007084328215569258 0.014362579211592674 -2.9114276912878267e-05
v 0.007404126692563295 0.013886897824704647 -0.0004314587276894599
v 0.007084328215569258 0.014362579211592674 -2.9114276912878267e-05
v 0.007275367621332407 0.014215323142707348 0.00024492788361385465
v 0.007404126692563295 0.013886897824704647 -0.0004314587276894599
v 0.00153438956476748 0.014049711637198925 0.0077351778745651245
v 0.0014072535559535027 0.014400273561477661 0.007495613768696785
v 4.4943699322175235e-05 0.01391145121306181 0.007823358289897442
v -0.0014899505767971277 0.0141809843480587 0.007649208419024944
v -0.0015314765041694045 0.014049490913748741 0.007730124983936548
v 4.4943699322175235e-05 0.01391145121306181 0.007823358289897442
v -0.0014060871908441186 0.014400080777704716 0.007495416793972254
v -0.0014899505767971277 0.0141809843480587 0.007649208419024944
v 4.4943699322175235e-05 0.01391145121306181 0.007823358289897442
v 0.0014072535559535027 0.014400273561477661 0.007495613768696785
v -0.0014060871908441186 0.014400080777704716 0.007495416793972254
v 4.4943699322175235e-05 0.01391145121306181 0.007823358289897442
v 0.006070715840905905 0.014706606976687908 0.004795642103999853
v 0.005704168230295181 0.014746454544365406 0.0052435388788580894
v 0.006580226588994265 0.01392704900354147 0.00515562342479825
v 0.005704168230295181 0.014746454544365406 0.0052435388788580894
v 0.006196796894073486 0.013979286886751652 0.005626624915748835
v 0.006580226588994265 0.01392704900354147 0.00515562342479825
v -0.003345062956213951 0.014775511808693409 0.006880143657326698
v -0.0037158692721277475 0.014076175168156624 0.0073316665366292
v -0.003217886434867978 0.013940468430519104 0.00759317260235548
v -0.0028896178118884563 0.014627793803811073 0.007147459778934717
v -0.003345062956213951 0.014775511808693409 0.006880143657326698
v -0.003217886434867978 0.013940468430519104 0.00759317260235548
v 0.005329994484782219 0.013987821526825428 0.006488865241408348
v 0.004444276914000511 0.014674635604023933 0.006442090962082148
v 0.0048565007746219635 0.013944020494818687 0.006870276760309935
v 0.004444276914000511 0.014674635604023933 0.006442090962082148
v 0.0039856769144535065 0.014588270336389542 0.006780013907700777
v 0.0048565007746219635 0.013944020494818687 0.006870276760309935
v -0.00668677594512701 0.014778926968574524 0.003248289693146944
v -0.0069121550768613815 0.014634411782026291 0.002779545960947871
v -0.00727549334987998 0.01394492294639349 0.0035330194514244795
v -0.007014151196926832 0.014079796150326729 0.004031314980238676
v -0.00668677594512701 0.014778926968574524 0.003248289693146944
v -0.00727549334987998 0.01394492294639349 0.0035330194514244795
v -0.007251288276165724 0.014276347123086452 0.0018587479135021567
v -0.00711045553907752 0.014483632519841194 0.0008510526386089623
v -0.007478082552552223 0.013953967951238155 0.0019261144334450364
v 0.002563389018177986 0.014164408668875694 0.007573266979306936
v 0.0018117714207619429 0.014651459641754627 0.007303657475858927
v 0.0020900480449199677 0.013976657763123512 0.007761016953736544
v 0.0018117714207619429 0.014651459641754627 0.007303657475858927
v 0.0014072535559535027 0.014400273561477661 0.007495613768696785
v 0.0020900480449199677 0.013976657763123512 0.007761016953736544
v 0.0014072535559535027 0.014400273561477661 0.007495613768696785
v 0.00153438956476748 0.014049711637198925 0.0077351778745651245
v 0.0020900480449199677 0.013976657763123512 0.007761016953736544
v 0.005704168230295181 0.014746454544365406 0.0052435388788580894
v 0.0053081875666975975 0.014754462987184525 0.005670181475579739
v 0.006196796894073486 0.013979286886751652 0.005626624915748835
v 0.0053081875666975975 0.014754462987184525 0.005670181475579739
v 0.005778521299362183 0.013999683782458305 0.006072790827602148
v 0.006196796894073486 0.013979286886751652 0.005626624915748835
v 0.005778521299362183 0.013999683782458305 0.006072790827602148
v 0.00488673010841012 0.01473038550466299 0.006071033421903849
v 0.005329994484782219 0.013987821526825428 0.006488865241408348
v 0.00488673010841012 0.01473038550466299 0.006071033421903849
v 0.004444276914000511 0.014674635604023933 0.006442090962082148
v 0.005329994484782219 0.013987821526825428 0.006488865241408348
v 0.0053081875666975975 0.014754462987184525 0.005670181475579739
v 0.00488673010841012 0.01473038550466299 0.006071033421903849
v 0.005778521299362183 0.013999683782458305 0.006072790827602148
v 0.00624148128554225 0.014151516370475292 -0.0013807449722662568
v 0.006572834216058254 0.014151974581182003 -0.0011860724771395326
v 0.006357128266245127 0.01401546411216259 -0.0015000556595623493
v 0.0063171181827783585 0.014027324505150318 -0.001500065322034061
v 0.00624148128554225 0.014151516370475292 -0.0013807449722662568
v 0.006357128266245127 0.01401546411216259 -0.0015000556595623493
v -0.006850568111985922 0.014475539326667786 -0.0002972124784719199
v -0.006884491536766291 0.01410697866231203 -0.0009575456497259438
v -0.00716474698856473 0.014017298817634583 -0.0007028270047158003
v -0.007084328215569258 0.014362579211592674 -2.911427873186767e-05
v -0.006850568111985922 0.014475539326667786 -0.0002972124784719199
v -0.00716474698856473 0.014017298817634583 -0.0007028270047158003
v 0.006884491536766291 0.01410697866231203 -0.0009575456497259438
v 0.006850568111985922 0.014475539326667786 -0.0002972124784719199
v 0.00716474698856473 0.014017298817634583 -0.0007028270047158003
v 0.006850568111985922 0.014475539326667786 -0.0002972124784719199
v 0.007084328215569258 0.014362579211592674 -2.9114276912878267e-05
v 0.00716474698856473 0.014017298817634583 -0.0007028270047158003
v -0.00624148128554225 0.014151516370475292 -0.0013807449722662568
v -0.006275756750255823 0.014044144190847874 -0.001500086160376668
v -0.0063169049099087715 0.014026912860572338 -0.0015000824350863695
v -0.006572834216058254 0.014151974581182003 -0.0011860724771395326
v -0.00624148128554225 0.014151516370475292 -0.0013807449722662568
v -0.0063169049099087715 0.014026912860572338 -0.0015000824350863695
v 0.00600320054218173 0.014120382256805897 -0.0015001411084085703
v 0.00624148128554225 0.014151516370475292 -0.0013807449722662568
v 0.0063171181827783585 0.014027324505150318 -0.001500065322034061
v -0.00711045553907752 0.014483632519841194 0.0008510526386089623
v -0.007275367621332407 0.014215323142707348 0.00024492788361385465
v -0.007414710242301226 0.014039300382137299 0.0005125089082866907
v 0.007275367621332407 0.014215323142707348 0.00024492788361385465
v 0.00713096559047699 0.01445587258785963 0.0008302275091409683
v 0.007415004074573517 0.014039401896297932 0.0005126633332110941
v -0.00624148128554225 0.014151516370475292 -0.0013807449722662568
v -0.005983960349112749 0.014119137078523636 -0.001500118407420814
v -0.006275756750255823 0.014044144190847874 -0.001500086160376668
v -0.0014899505767971277 0.0141809843480587 0.007649208419024944
v -0.0019798297435045242 0.01426330953836441 0.007574134971946478
v -0.0015314765041694045 0.014049490913748741 0.007730124983936548
v -0.003795014228671789 0.01489681750535965 0.006577970460057259
v -0.004207180812954903 0.014184881001710892 0.007029547356069088
v -0.0037158692721277475 0.014076175168156624 0.0073316665366292
v -0.003345062956213951 0.014775511808693409 0.006880143657326698
v -0.003795014228671789 0.01489681750535965 0.006577970460057259
v -0.0037158692721277475 0.014076175168156624 0.0073316665366292
v -0.006426453124731779 0.014898155815899372 0.003715970553457737
v -0.00668677594512701 0.014778926968574524 0.003248289693146944
v -0.007014151196926832 0.014079796150326729 0.004031314980238676
v -0.0067122215405106544 0.014187631197273731 0.004522934556007385
v -0.006426453124731779 0.014898155815899372 0.003715970553457737
v -0.007014151196926832 0.014079796150326729 0.004031314980238676
v 0.0072001866064965725 0.014352552592754364 0.0018421616405248642
v 0.007047814317047596 0.014540419913828373 0.0022960316855460405
v 0.007373612839728594 0.01408051885664463 0.002412449801340699
v 0.007047814317047596 0.014540419913828373 0.0022960316855460405
v 0.006856931373476982 0.014705874025821686 0.0027589243836700916
v 0.007373612839728594 0.01408051885664463 0.002412449801340699
v 0.006856931373476982 0.014705874025821686 0.0027589243836700916
v 0.007188144605606794 0.014255319721996784 0.0028916141018271446
v 0.007373612839728594 0.01408051885664463 0.002412449801340699
v -0.006579952780157328 0.014548583887517452 -0.0005498533719219267
v -0.006572834216058254 0.014151974581182003 -0.0011860724771395326
v -0.006884491536766291 0.01410697866231203 -0.0009575456497259438
v -0.006850568111985922 0.014475539326667786 -0.0002972124784719199
v -0.006579952780157328 0.014548583887517452 -0.0005498533719219267
v -0.006884491536766291 0.01410697866231203 -0.0009575456497259438
v 0.006572834216058254 0.014151974581182003 -0.0011860724771395326
v 0.006579952780157328 0.014548583887517452 -0.0005498533719219267
v 0.006884491536766291 0.01410697866231203 -0.0009575456497259438
v 0.006579952780157328 0.014548583887517452 -0.0005498533719219267
v 0.006850568111985922 0.014475539326667786 -0.0002972124784719199
v 0.006884491536766291 0.01410697866231203 -0.0009575456497259438
v -0.00589358527213335 0.014142363332211971 -0.0015001283027231693
v -0.00588073767721653 0.014143528416752815 -0.0015001242281869054
v -0.005983960349112749 0.014119137078523636 -0.001500118407420814
v -0.00624148128554225 0.014151516370475292 -0.0013807449722662568
v -0.00589358527213335 0.014142363332211971 -0.0015001283027231693
v -0.005983960349112749 0.014119137078523636 -0.001500118407420814
v 0.0059892465360462666 0.014122341759502888 -0.0015001368010416627
v 0.00624148128554225 0.014151516370475292 -0.0013807449722662568
v 0.00600320054218173 0.014120382256805897 -0.0015001411084085703
v 0.005882017780095339 0.014137397520244122 -0.0015001032734289765
v 0.005351913161575794 0.014905687421560287 -0.0007426052470691502
v 0.0059892465360462666 0.014122341759502888 -0.0015001368010416627
v 0.00565694784745574 0.014970927499234676 -0.000577661907300353
v 0.00624148128554225 0.014151516370475292 -0.0013807449722662568
v 0.0059892465360462666 0.014122341759502888 -0.0015001368010416627
v 0.005351913161575794 0.014905687421560287 -0.0007426052470691502
v 0.00565694784745574 0.014970927499234676 -0.000577661907300353
v 0.0059892465360462666 0.014122341759502888 -0.0015001368010416627
v 0.005613141227513552 0.01417515054345131 -0.0015000192215666175
v 0.005351913161575794 0.014905687421560287 -0.0007426052470691502
v 0.005882017780095339 0.014137397520244122 -0.0015001032734289765
v -0.00565694784745574 0.014970927499234676 -0.000577661907300353
v -0.00588073767721653 0.014143528416752815 -0.0015001242281869054
v -0.00589358527213335 0.014142363332211971 -0.0015001283027231693
v -0.00624148128554225 0.014151516370475292 -0.0013807449722662568
v -0.00565694784745574 0.014970927499234676 -0.000577661907300353
v -0.00589358527213335 0.014142363332211971 -0.0015001283027231693
v -0.00565694784745574 0.014970927499234676 -0.000577661907300353
v -0.005351913161575794 0.014905687421560287 -0.0007426053052768111
v -0.00588073767721653 0.014143528416752815 -0.0015001242281869054
v -0.005060570314526558 0.014810938388109207 -0.0008674277341924608
v -0.005496333818882704 0.014178366400301456 -0.001500000013038516
v -0.00588073767721653 0.014143528416752815 -0.0015001242281869054
v -0.005351913161575794 0.014905687421560287 -0.0007426053052768111
v -0.005060570314526558 0.014810938388109207 -0.0008674277341924608
v -0.00588073767721653 0.014143528416752815 -0.0015001242281869054
v -0.0059562609530985355 0.014997942373156548 -0.00037881170283071697
v -0.00565694784745574 0.014970927499234676 -0.000577661907300353
v -0.00624148128554225 0.014151516370475292 -0.0013807449722662568
v -0.006572834216058254 0.014151974581182003 -0.0011860724771395326
v -0.0059562609530985355 0.014997942373156548 -0.00037881170283071697
v -0.00624148128554225 0.014151516370475292 -0.0013807449722662568
v 0.00565694784745574 0.014970927499234676 -0.000577661907300353
v 0.006572834216058254 0.014151974581182003 -0.0011860724771395326
v 0.00624148128554225 0.014151516370475292 -0.0013807449722662568
v -0.006579952780157328 0.014548583887517452 -0.0005498533719219267
v -0.0059562609530985355 0.014997942373156548 -0.00037881170283071697
v -0.006572834216058254 0.014151974581182003 -0.0011860724771395326
v 0.00565694784745574 0.014970927499234676 -0.000577661907300353
v 0.0059562609530985355 0.014997942373156548 -0.00037881170283071697
v 0.006572834216058254 0.014151974581182003 -0.0011860724771395326
v 0.0059562609530985355 0.014997942373156548 -0.00037881170283071697
v 0.006239986512809992 0.014984002336859703 -0.0001507680135546252
v 0.006572834216058254 0.014151974581182003 -0.0011860724771395326
v 0.006239986512809992 0.014984002336859703 -0.0001507680135546252
v 0.006579952780157328 0.014548583887517452 -0.0005498533719219267
v 0.006572834216058254 0.014151974581182003 -0.0011860724771395326
v 0.0022295238450169563 0.014852922409772873 0.007096641696989536
v 0.0018117714207619429 0.014651459641754627 0.007303657475858927
v 0.002563389018177986 0.014164408668875694 0.007573266979306936
v 0.0030402406118810177 0.014330792240798473 0.0073469546623528
v 0.0022295238450169563 0.014852922409772873 0.007096641696989536
v 0.002563389018177986 0.014164408668875694 0.007573266979306936
v 0.005496333818882704 0.014178366400301456 -0.001500000013038516
v 0.005060570314526558 0.014810938388109207 -0.0008674277341924608
v 0.005613141227513552 0.01417515054345131 -0.0015000192215666175
v 0.005060570314526558 0.014810938388109207 -0.0008674277341924608
v 0.005351913161575794 0.014905687421560287 -0.0007426052470691502
v 0.005613141227513552 0.01417515054345131 -0.0015000192215666175
v 0.004420009441673756 0.01554977148771286 -0.00012859485286753625
v 0.0047465963289141655 0.015181221999228 -0.0004971439484506845
v -0.005496333818882704 0.014178366400301456 -0.001500000013038516
v 0.004052090924233198 0.01586141809821129 0.0001830515539040789
v 0.004420009441673756 0.01554977148771286 -0.00012859485286753625
v -0.005496333818882704 0.014178366400301456 -0.001500000013038516
v 0.0047465963289141655 0.015181221999228 -0.0004971439484506845
v 0.00501115620136261 0.014882669784128666 -0.0007956959889270365
v -0.005496333818882704 0.014178366400301456 -0.001500000013038516
v 0.00501115620136261 0.014882669784128666 -0.0007956959889270365
v 0.005060570314526558 0.014810938388109207 -0.0008674277341924608
v -0.005496333818882704 0.014178366400301456 -0.001500000013038516
v 0.005060570314526558 0.014810938388109207 -0.0008674277341924608
v 0.005496333818882704 0.014178366400301456 -0.001500000013038516
v -0.005496333818882704 0.014178366400301456 -0.001500000013038516
v 0.004013082943856716 0.015884095802903175 0.00020573071378748864
v 0.004052090924233198 0.01586141809821129 0.0001830515539040789
v -0.005496333818882704 0.014178366400301456 -0.001500000013038516
v -0.005060570314526558 0.014810938388109207 -0.0008674277341924608
v 0.004013082943856716 0.015884095802903175 0.00020573071378748864
v -0.005496333818882704 0.014178366400301456 -0.001500000013038516
v -0.0018376476364210248 0.01459591742604971 0.007343653589487076
v -0.0019798297435045242 0.01426330953836441 0.007574134971946478
v -0.0014899505767971277 0.0141809843480587 0.007649208419024944
v -0.0014060871908441186 0.014400080777704716 0.007495416793972254
v -0.0018376476364210248 0.01459591742604971 0.007343653589487076
v -0.0014899505767971277 0.0141809843480587 0.007649208419024944
v -0.0042348881252110004 0.014989623799920082 0.006242700852453709
v -0.004686182830482721 0.014264361932873726 0.0066885678097605705
v -0.004207180812954903 0.014184881001710892 0.007029547356069088
v -0.003795014228671789 0.01489681750535965 0.006577970460057259
v -0.0042348881252110004 0.014989623799920082 0.006242700852453709
v -0.004207180812954903 0.014184881001710892 0.007029547356069088
v -0.006132185459136963 0.014989840798079967 0.004178009927272797
v -0.006426453124731779 0.014898155815899372 0.003715970553457737
v -0.0067122215405106544 0.014187631197273731 0.004522934556007385
v -0.006371455732733011 0.014266212470829487 0.005002237390726805
v -0.006132185459136963 0.014989840798079967 0.004178009927272797
v -0.0067122215405106544 0.014187631197273731 0.004522934556007385
v -0.006913146004080772 0.014706671237945557 0.0006345379515551031
v -0.007084328215569258 0.014362579211592674 -2.911427873186767e-05
v -0.007275367621332407 0.014215323142707348 0.00024492788361385465
v -0.00711045553907752 0.014483632519841194 0.0008510526386089623
v -0.006913146004080772 0.014706671237945557 0.0006345379515551031
v -0.007275367621332407 0.014215323142707348 0.00024492788361385465
v 0.006913146004080772 0.014706671237945557 0.0006345379515551031
v 0.00713096559047699 0.01445587258785963 0.0008302275091409683
v 0.007275367621332407 0.014215323142707348 0.00024492788361385465
v 0.007084328215569258 0.014362579211592674 -2.9114276912878267e-05
v 0.006913146004080772 0.014706671237945557 0.0006345379515551031
v 0.007275367621332407 0.014215323142707348 0.00024492788361385465
v 0.006856931373476982 0.014705874025821686 0.0027589243836700916
v 0.006631364580243826 0.014848536811769009 0.003225018037483096
v 0.007188144605606794 0.014255319721996784 0.0028916141018271446
v 0.006631364580243826 0.014848536811769009 0.003225018037483096
v 0.006964582949876785 0.014407934620976448 0.0033743323292583227
v 0.007188144605606794 0.014255319721996784 0.0028916141018271446
v -0.0022613985929638147 0.014795901253819466 0.007138502784073353
v -0.00243313773535192 0.01445613894611597 0.007378893904387951
v -0.0019798297435045242 0.01426330953836441 0.007574134971946478
v -0.0018376476364210248 0.01459591742604971 0.007343653589487076
v -0.0022613985929638147 0.014795901253819466 0.007138502784073353
v -0.0019798297435045242 0.01426330953836441 0.007574134971946478
v -0.004660117905586958 0.015052318572998047 0.005876814015209675
v -0.0051472606137394905 0.014312936924397945 0.006311413366347551
v -0.004686182830482721 0.014264361932873726 0.0066885678097605705
v -0.0042348881252110004 0.014989623799920082 0.006242700852453709
v -0.004660117905586958 0.015052318572998047 0.005876814015209675
v -0.004686182830482721 0.014264361932873726 0.0066885678097605705
v -0.005805687513202429 0.015052144415676594 0.004629700910300016
v -0.006132185459136963 0.014989840798079967 0.004178009927272797
v -0.006371455732733011 0.014266212470829487 0.005002237390726805
v -0.005994537845253944 0.014313867315649986 0.005463604349642992
v -0.005805687513202429 0.015052144415676594 0.004629700910300016
v -0.006371455732733011 0.014266212470829487 0.005002237390726805
v -0.00710228830575943 0.014467191882431507 0.002314059529453516
v -0.0070325410924851894 0.014587286859750748 0.0017937719821929932
v -0.007251288276165724 0.014276347123086452 0.0018587479135021567
v -0.0070325410924851894 0.014587286859750748 0.0017937719821929932
v -0.00711045553907752 0.014483632519841194 0.0008510526386089623
v -0.007251288276165724 0.014276347123086452 0.0018587479135021567
v -0.005066306795924902 0.015083842910826206 0.0054834564216434956
v -0.0055850292555987835 0.014329558238387108 0.005901647731661797
v -0.0051472606137394905 0.014312936924397945 0.006311413366347551
v -0.004660117905586958 0.015052318572998047 0.005876814015209675
v -0.005066306795924902 0.015083842910826206 0.0054834564216434956
v -0.0051472606137394905 0.014312936924397945 0.006311413366347551
v -0.00544937327504158 0.015083733014762402 0.005066355224698782
v -0.005805687513202429 0.015052144415676594 0.004629700910300016
v -0.005994537845253944 0.014313867315649986 0.005463604349642992
v -0.0055850292555987835 0.014329558238387108 0.005901647731661797
v -0.00544937327504158 0.015083733014762402 0.005066355224698782
v -0.005994537845253944 0.014313867315649986 0.005463604349642992
v -0.005066306795924902 0.015083842910826206 0.0054834564216434956
v -0.00544937327504158 0.015083733014762402 0.005066355224698782
v -0.0055850292555987835 0.014329558238387108 0.005901647731661797
v 0.00351597648113966 0.014472936280071735 0.007082223892211914
v 0.0026499165687710047 0.01503391657024622 0.0068571604788303375
v 0.0030402406118810177 0.014330792240798473 0.0073469546623528
v 0.0026499165687710047 0.01503391657024622 0.0068571604788303375
v 0.0022295238450169563 0.014852922409772873 0.007096641696989536
v 0.0030402406118810177 0.014330792240798473 0.0073469546623528
v 0.007110112812370062 0.014484094455838203 0.0018140953034162521
v 0.007047814317047596 0.014540419913828373 0.0022960316855460405
v 0.0072001866064965725 0.014352552592754364 0.0018421616405248642
v 0.00713096559047699 0.01445587258785963 0.0008302275091409683
v 0.007110112812370062 0.014484094455838203 0.0018140953034162521
v 0.0072001866064965725 0.014352552592754364 0.0018421616405248642
v -0.006913146004080772 0.014706671237945557 0.0006345379515551031
v -0.006725025828927755 0.014834880828857422 0.00036437087692320347
v -0.007084328215569258 0.014362579211592674 -2.911427873186767e-05
v -0.006725025828927755 0.014834880828857422 0.00036437087692320347
v -0.006850568111985922 0.014475539326667786 -0.0002972124784719199
v -0.007084328215569258 0.014362579211592674 -2.911427873186767e-05
v 0.006725025828927755 0.014834880828857422 0.00036437087692320347
v 0.006913146004080772 0.014706671237945557 0.0006345379515551031
v 0.007084328215569258 0.014362579211592674 -2.9114276912878267e-05
v 0.006850568111985922 0.014475539326667786 -0.0002972124784719199
v 0.006725025828927755 0.014834880828857422 0.00036437087692320347
v 0.007084328215569258 0.014362579211592674 -2.9114276912878267e-05
v -0.001668095006607473 0.014926446601748466 0.007099038455635309
v -0.0018376476364210248 0.01459591742604971 0.007343653589487076
v -0.0014060871908441186 0.014400080777704716 0.007495416793972254
v -0.0012925287010148168 0.014696757309138775 0.007287169806659222
v -0.001668095006607473 0.014926446601748466 0.007099038455635309
v -0.0014060871908441186 0.014400080777704716 0.007495416793972254
v 0.0014072535559535027 0.014400273561477661 0.007495613768696785
v -0.0005522924475371838 0.014987238682806492 0.0070678177289664745
v -0.0014060871908441186 0.014400080777704716 0.007495416793972254
v -0.0005522924475371838 0.014987238682806492 0.0070678177289664745
v -0.0012925287010148168 0.014696757309138775 0.007287169806659222
v -0.0014060871908441186 0.014400080777704716 0.007495416793972254
v 0.0018117714207619429 0.014651459641754627 0.007303657475858927
v 0.0013967014383524656 0.014429369941353798 0.007475730497390032
v 0.0014072535559535027 0.014400273561477661 0.007495613768696785
v 0.0013967014383524656 0.014429369941353798 0.007475730497390032
v -0.0005522924475371838 0.014987238682806492 0.0070678177289664745
v 0.0014072535559535027 0.014400273561477661 0.007495613768696785
v 0.006631364580243826 0.014848536811769009 0.003225018037483096
v 0.006371443159878254 0.014965868555009365 0.0036900618579238653
v 0.006964582949876785 0.014407934620976448 0.0033743323292583227
v 0.006371443159878254 0.014965868555009365 0.0036900618579238653
v 0.006703068967908621 0.014535585418343544 0.0038559208624064922
v 0.006964582949876785 0.014407934620976448 0.0033743323292583227
v 0.0018117714207619429 0.014651459641754627 0.007303657475858927
v 0.001334620756097138 0.014600549824535847 0.007358751259744167
v 0.0013967014383524656 0.014429369941353798 0.007475730497390032
v 0.001334620756097138 0.014600549824535847 0.007358751259744167
v -0.0005522924475371838 0.014987238682806492 0.0070678177289664745
v 0.0013967014383524656 0.014429369941353798 0.007475730497390032
v 0.007056399714201689 0.014549261890351772 0.000899186241440475
v 0.007110112812370062 0.014484094455838203 0.0018140953034162521
v 0.00713096559047699 0.01445587258785963 0.0008302275091409683
v 0.006913146004080772 0.014706671237945557 0.0006345379515551031
v 0.007056399714201689 0.014549261890351772 0.000899186241440475
v 0.00713096559047699 0.01445587258785963 0.0008302275091409683
v -0.0022613985929638147 0.014795901253819466 0.007138502784073353
v -0.002687873551622033 0.014975270256400108 0.006900302600115538
v -0.00243313773535192 0.01445613894611597 0.007378893904387951
v -0.002687873551622033 0.014975270256400108 0.006900302600115538
v -0.0028896178118884563 0.014627793803811073 0.007147459778934717
v -0.00243313773535192 0.01445613894611597 0.007378893904387951
v -0.006978899240493774 0.014651879668235779 0.0017825945978984237
v -0.0070325410924851894 0.014587286859750748 0.0017937719821929932
v -0.00710228830575943 0.014467191882431507 0.002314059529453516
v -0.0069121550768613815 0.014634411782026291 0.002779545960947871
v -0.006706973537802696 0.014968320727348328 0.002196317771449685
v -0.00710228830575943 0.014467191882431507 0.002314059529453516
v -0.006706973537802696 0.014968320727348328 0.002196317771449685
v -0.0068637593649327755 0.014790522865951061 0.0017586031462997198
v -0.00710228830575943 0.014467191882431507 0.002314059529453516
v -0.0068637593649327755 0.014790522865951061 0.0017586031462997198
v -0.006978899240493774 0.014651879668235779 0.0017825945978984237
v -0.00710228830575943 0.014467191882431507 0.002314059529453516
v 0.0033118980936706066 0.01483031827956438 0.006842438597232103
v 0.0026499165687710047 0.01503391657024622 0.0068571604788303375
v 0.00351597648113966 0.014472936280071735 0.007082223892211914
v 0.0039856769144535065 0.014588270336389542 0.006780013907700777
v 0.0033118980936706066 0.01483031827956438 0.006842438597232103
v 0.00351597648113966 0.014472936280071735 0.007082223892211914
v -0.006725025828927755 0.014834880828857422 0.00036437087692320347
v -0.006498824339359999 0.014928866177797318 9.969021630240604e-05
v -0.006850568111985922 0.014475539326667786 -0.0002972124784719199
v -0.006498824339359999 0.014928866177797318 9.969021630240604e-05
v -0.006579952780157328 0.014548583887517452 -0.0005498533719219267
v -0.006850568111985922 0.014475539326667786 -0.0002972124784719199
v 0.006498824339359999 0.014928866177797318 9.969022357836366e-05
v 0.006725025828927755 0.014834880828857422 0.00036437087692320347
v 0.006850568111985922 0.014475539326667786 -0.0002972124784719199
v 0.006579952780157328 0.014548583887517452 -0.0005498533719219267
v 0.006498824339359999 0.014928866177797318 9.969022357836366e-05
v 0.006850568111985922 0.014475539326667786 -0.0002972124784719199
v -0.0070325410924851894 0.014587286859750748 0.0017937719821929932
v -0.007057471666485071 0.014549674466252327 0.0008997689583338797
v -0.00711045553907752 0.014483632519841194 0.0008510526386089623
v -0.007057471666485071 0.014549674466252327 0.0008997689583338797
v -0.006913146004080772 0.014706671237945557 0.0006345379515551031
v -0.00711045553907752 0.014483632519841194 0.0008510526386089623
v 0.006627459079027176 0.01506110467016697 0.0021762694232165813
v 0.007047814317047596 0.014540419913828373 0.0022960316855460405
v 0.007110112812370062 0.014484094455838203 0.0018140953034162521
v 0.0068391901440918446 0.01482255570590496 0.0017523831920698285
v 0.006627459079027176 0.01506110467016697 0.0021762694232165813
v 0.007110112812370062 0.014484094455838203 0.0018140953034162521
v 0.007056399714201689 0.014549261890351772 0.000899186241440475
v 0.0068391901440918446 0.01482255570590496 0.0017523831920698285
v 0.007110112812370062 0.014484094455838203 0.0018140953034162521
v 0.006371443159878254 0.014965868555009365 0.0036900618579238653
v 0.006078177131712437 0.015055651776492596 0.004149553366005421
v 0.006703068967908621 0.014535585418343544 0.0038559208624064922
v 0.006078177131712437 0.015055651776492596 0.004149553366005421
v 0.006404532119631767 0.01463581807911396 0.004331400152295828
v 0.006703068967908621 0.014535585418343544 0.0038559208624064922
v 0.006627459079027176 0.01506110467016697 0.0021762694232165813
v 0.006433028262108564 0.01521049253642559 0.0026210614014416933
v 0.007047814317047596 0.014540419913828373 0.0022960316855460405
v 0.006433028262108564 0.01521049253642559 0.0026210614014416933
v 0.006856931373476982 0.014705874025821686 0.0027589243836700916
v 0.007047814317047596 0.014540419913828373 0.0022960316855460405
v -0.006498824339359999 0.014928866177797318 9.969021630240604e-05
v -0.006239986512809992 0.014984002336859703 -0.0001507680135546252
v -0.006579952780157328 0.014548583887517452 -0.0005498533719219267
v -0.006239986512809992 0.014984002336859703 -0.0001507680135546252
v -0.0059562609530985355 0.014997942373156548 -0.00037881170283071697
v -0.006579952780157328 0.014548583887517452 -0.0005498533719219267
v 0.006239986512809992 0.014984002336859703 -0.0001507680135546252
v 0.006498824339359999 0.014928866177797318 9.969022357836366e-05
v 0.006579952780157328 0.014548583887517452 -0.0005498533719219267
v 0.006838651839643717 0.014821977354586124 0.0011005598353222013
v 0.0068391901440918446 0.01482255570590496 0.0017523831920698285
v 0.007056399714201689 0.014549261890351772 0.000899186241440475
v 0.006913146004080772 0.014706671237945557 0.0006345379515551031
v 0.006838651839643717 0.014821977354586124 0.0011005598353222013
v 0.007056399714201689 0.014549261890351772 0.000899186241440475
v -0.0070325410924851894 0.014587286859750748 0.0017937719821929932
v -0.006978899240493774 0.014651879668235779 0.0017825945978984237
v -0.007057471666485071 0.014549674466252327 0.0008997689583338797
v -0.006978899240493774 0.014651879668235779 0.0017825945978984237
v -0.006976840551942587 0.014650178141891956 0.0009739057277329266
v -0.007057471666485071 0.014549674466252327 0.0008997689583338797
v -0.006976840551942587 0.014650178141891956 0.0009739057277329266
v -0.006913146004080772 0.014706671237945557 0.0006345379515551031
v -0.007057471666485071 0.014549674466252327 0.0008997689583338797
v 0.004444276914000511 0.014674635604023933 0.006442090962082148
v 0.00375785818323493 0.01495285239070654 0.00654027471318841
v 0.0039856769144535065 0.014588270336389542 0.006780013907700777
v 0.00375785818323493 0.01495285239070654 0.00654027471318841
v 0.0033118980936706066 0.01483031827956438 0.006842438597232103
v 0.0039856769144535065 0.014588270336389542 0.006780013907700777
v -0.0020469629671424627 0.015138248912990093 0.006880930624902248
v -0.0022613985929638147 0.014795901253819466 0.007138502784073353
v -0.0018376476364210248 0.01459591742604971 0.007343653589487076
v -0.001668095006607473 0.014926446601748466 0.007099038455635309
v -0.0020469629671424627 0.015138248912990093 0.006880930624902248
v -0.0018376476364210248 0.01459591742604971 0.007343653589487076
v 0.0022295238450169563 0.014852922409772873 0.007096641696989536
v 0.0012645127717405558 0.01474943570792675 0.0072476062923669815
v 0.001334620756097138 0.014600549824535847 0.007358751259744167
v 0.0018117714207619429 0.014651459641754627 0.007303657475858927
v 0.0022295238450169563 0.014852922409772873 0.007096641696989536
v 0.001334620756097138 0.014600549824535847 0.007358751259744167
v 0.0012645127717405558 0.01474943570792675 0.0072476062923669815
v -0.0005522924475371838 0.014987238682806492 0.0070678177289664745
v 0.001334620756097138 0.014600549824535847 0.007358751259744167
v -0.002687873551622033 0.014975270256400108 0.006900302600115538
v -0.003113427432253957 0.015131430700421333 0.0066295526921749115
v -0.0028896178118884563 0.014627793803811073 0.007147459778934717
v -0.003113427432253957 0.015131430700421333 0.0066295526921749115
v -0.003345062956213951 0.014775511808693409 0.006880143657326698
v -0.0028896178118884563 0.014627793803811073 0.007147459778934717
v -0.00668677594512701 0.014778926968574524 0.003248289693146944
v -0.006512902677059174 0.015121052972972393 0.002644262509420514
v -0.0069121550768613815 0.014634411782026291 0.002779545960947871
v -0.006512902677059174 0.015121052972972393 0.002644262509420514
v -0.006706973537802696 0.014968320727348328 0.002196317771449685
v -0.0069121550768613815 0.014634411782026291 0.002779545960947871
v 0.006078177131712437 0.015055651776492596 0.004149553366005421
v 0.00575327267870307 0.015116088092327118 0.004598864354193211
v 0.006404532119631767 0.01463581807911396 0.004331400152295828
v 0.00575327267870307 0.015116088092327118 0.004598864354193211
v 0.006070715840905905 0.014706606976687908 0.004795642103999853
v 0.006404532119631767 0.01463581807911396 0.004331400152295828
v -0.006978899240493774 0.014651879668235779 0.0017825945978984237
v -0.006649554241448641 0.015058129094541073 0.0012748310109600425
v -0.006976840551942587 0.014650178141891956 0.0009739057277329266
v -0.006649554241448641 0.015058129094541073 0.0012748310109600425
v -0.006913146004080772 0.014706671237945557 0.0006345379515551031
v -0.006976840551942587 0.014650178141891956 0.0009739057277329266
v -0.0068637593649327755 0.014790522865951061 0.0017586031462997198
v -0.006649554241448641 0.015058129094541073 0.0012748310109600425
v -0.006978899240493774 0.014651879668235779 0.0017825945978984237
v 0.00488673010841012 0.01473038550466299 0.006071033421903849
v 0.004193937871605158 0.015047002583742142 0.006205511745065451
v 0.004444276914000511 0.014674635604023933 0.006442090962082148
v 0.004193937871605158 0.015047002583742142 0.006205511745065451
v 0.00375785818323493 0.01495285239070654 0.00654027471318841
v 0.004444276914000511 0.014674635604023933 0.006442090962082148
v -0.0012784961145371199 0.014733417890965939 0.007261436432600021
v -0.001668095006607473 0.014926446601748466 0.007099038455635309
v -0.0012925287010148168 0.014696757309138775 0.007287169806659222
v -0.0005522924475371838 0.014987238682806492 0.0070678177289664745
v -0.0012784961145371199 0.014733417890965939 0.007261436432600021
v -0.0012925287010148168 0.014696757309138775 0.007287169806659222
v 0.006433028262108564 0.01521049253642559 0.0026210614014416933
v 0.0062081050127744675 0.015336592681705952 0.0030686643440276384
v 0.006856931373476982 0.014705874025821686 0.0027589243836700916
v 0.0062081050127744675 0.015336592681705952 0.0030686643440276384
v 0.006631364580243826 0.014848536811769009 0.003225018037483096
v 0.006856931373476982 0.014705874025821686 0.0027589243836700916
v 0.00575327267870307 0.015116088092327118 0.004598864354193211
v 0.0053991153836250305 0.015145876444876194 0.005033385474234819
v 0.006070715840905905 0.014706606976687908 0.004795642103999853
v 0.0053991153836250305 0.015145876444876194 0.005033385474234819
v 0.005704168230295181 0.014746454544365406 0.0052435388788580894
v 0.006070715840905905 0.014706606976687908 0.004795642103999853
v -0.006649554241448641 0.015058129094541073 0.0012748310109600425
v -0.006500741466879845 0.015196294523775578 0.001013668137602508
v -0.006913146004080772 0.014706671237945557 0.0006345379515551031
v -0.006500741466879845 0.015196294523775578 0.001013668137602508
v -0.006725025828927755 0.014834880828857422 0.00036437087692320347
v -0.006913146004080772 0.014706671237945557 0.0006345379515551031
v 0.006725025828927755 0.014834880828857422 0.00036437087692320347
v 0.006500741466879845 0.015196294523775578 0.001013668137602508
v 0.006913146004080772 0.014706671237945557 0.0006345379515551031
v 0.006500741466879845 0.015196294523775578 0.001013668137602508
v 0.006656331941485405 0.015050321817398071 0.0012691699666902423
v 0.006913146004080772 0.014706671237945557 0.0006345379515551031
v 0.006656331941485405 0.015050321817398071 0.0012691699666902423
v 0.006838651839643717 0.014821977354586124 0.0011005598353222013
v 0.006913146004080772 0.014706671237945557 0.0006345379515551031
v 0.0053081875666975975 0.014754462987184525 0.005670181475579739
v 0.004615663085132837 0.015111166052520275 0.005840608850121498
v 0.00488673010841012 0.01473038550466299 0.006071033421903849
v 0.004615663085132837 0.015111166052520275 0.005840608850121498
v 0.004193937871605158 0.015047002583742142 0.006205511745065451
v 0.00488673010841012 0.01473038550466299 0.006071033421903849
v -0.0015571381663903594 0.015088132582604885 0.006973881274461746
v -0.001668095006607473 0.014926446601748466 0.007099038455635309
v -0.0012784961145371199 0.014733417890965939 0.007261436432600021
v -0.0011432631872594357 0.014977099373936653 0.007075612433254719
v -0.0015571381663903594 0.015088132582604885 0.006973881274461746
v -0.0012784961145371199 0.014733417890965939 0.007261436432600021
v -0.0005522924475371838 0.014987238682806492 0.0070678177289664745
v -0.0011432631872594357 0.014977099373936653 0.007075612433254719
v -0.0012784961145371199 0.014733417890965939 0.007261436432600021
v 0.0053991153836250305 0.015145876444876194 0.005033385474234819
v 0.005018723662942648 0.015144281089305878 0.005448675714433193
v 0.005704168230295181 0.014746454544365406 0.0052435388788580894
v 0.005018723662942648 0.015144281089305878 0.005448675714433193
v 0.0053081875666975975 0.014754462987184525 0.005670181475579739
v 0.005704168230295181 0.014746454544365406 0.0052435388788580894
v 0.0019997810013592243 0.015199108980596066 0.00683379452675581
v 0.0011949234176427126 0.014897220768034458 0.007137283682823181
v 0.0012645127717405558 0.01474943570792675 0.0072476062923669815
v 0.0022295238450169563 0.014852922409772873 0.007096641696989536
v 0.0019997810013592243 0.015199108980596066 0.00683379452675581
v 0.0012645127717405558 0.01474943570792675 0.0072476062923669815
v 0.0011949234176427126 0.014897220768034458 0.007137283682823181
v -0.0005522924475371838 0.014987238682806492 0.0070678177289664745
v 0.0012645127717405558 0.01474943570792675 0.0072476062923669815
v 0.005018723662942648 0.015144281089305878 0.005448675714433193
v 0.004615663085132837 0.015111166052520275 0.005840608850121498
v 0.0053081875666975975 0.014754462987184525 0.005670181475579739
v -0.003113427432253957 0.015131430700421333 0.0066295526921749115
v -0.0035342152696102858 0.015262051485478878 0.00632736599072814
v -0.003345062956213951 0.014775511808693409 0.006880143657326698
v -0.0035342152696102858 0.015262051485478878 0.00632736599072814
v -0.003795014228671789 0.01489681750535965 0.006577970460057259
v -0.003345062956213951 0.014775511808693409 0.006880143657326698
v -0.006426453124731779 0.014898155815899372 0.003715970553457737
v -0.006287567783147097 0.015250572003424168 0.003095086431130767
v -0.00668677594512701 0.014778926968574524 0.003248289693146944
v -0.006287567783147097 0.015250572003424168 0.003095086431130767
v -0.006512902677059174 0.015121052972972393 0.002644262509420514
v -0.00668677594512701 0.014778926968574524 0.003248289693146944
v -0.006706973537802696 0.014968320727348328 0.002196317771449685
v -0.006524840369820595 0.015198626555502415 0.0016879831673577428
v -0.0068637593649327755 0.014790522865951061 0.0017586031462997198
v -0.006647233385592699 0.01506059244275093 0.0012765839928761125
v -0.006649554241448641 0.015058129094541073 0.0012748310109600425
v -0.0068637593649327755 0.014790522865951061 0.0017586031462997198
v -0.006524840369820595 0.015198626555502415 0.0016879831673577428
v -0.006647233385592699 0.01506059244275093 0.0012765839928761125
v -0.0068637593649327755 0.014790522865951061 0.0017586031462997198
v -0.0020469629671424627 0.015138248912990093 0.006880930624902248
v -0.002427985891699791 0.015330689959228039 0.0066336821764707565
v -0.0022613985929638147 0.014795901253819466 0.007138502784073353
v -0.002427985891699791 0.015330689959228039 0.0066336821764707565
v -0.002687873551622033 0.014975270256400108 0.006900302600115538
v -0.0022613985929638147 0.014795901253819466 0.007138502784073353
v -0.00501115620136261 0.014882669784128666 -0.0007956959889270365
v 0.004013082943856716 0.015884095802903175 0.00020573071378748864
v -0.005060570314526558 0.014810938388109207 -0.0008674277341924608
v -0.005351913161575794 0.014905687421560287 -0.0007426053052768111
v -0.00501115620136261 0.014882669784128666 -0.0007956959889270365
v -0.005060570314526558 0.014810938388109207 -0.0008674277341924608
v 0.00501115620136261 0.014882669784128666 -0.0007956959889270365
v 0.005351913161575794 0.014905687421560287 -0.0007426052470691502
v 0.005060570314526558 0.014810938388109207 -0.0008674277341924608
v 0.006656331941485405 0.015050321817398071 0.0012691699666902423
v 0.0068391901440918446 0.01482255570590496 0.0017523831920698285
v 0.006838651839643717 0.014821977354586124 0.0011005598353222013
v 0.006786947138607502 0.014887822791934013 0.0017404829850420356
v 0.006627459079027176 0.01506110467016697 0.0021762694232165813
v 0.0068391901440918446 0.01482255570590496 0.0017523831920698285
v 0.006656331941485405 0.015050321817398071 0.0012691699666902423
v 0.006786947138607502 0.014887822791934013 0.0017404829850420356
v 0.0068391901440918446 0.01482255570590496 0.0017523831920698285
v 0.00375785818323493 0.01495285239070654 0.00654027471318841
v 0.0030694107990711927 0.015191880986094475 0.006585743743926287
v 0.0033118980936706066 0.01483031827956438 0.006842438597232103
v 0.0030694107990711927 0.015191880986094475 0.006585743743926287
v 0.0026499165687710047 0.01503391657024622 0.0068571604788303375
v 0.0033118980936706066 0.01483031827956438 0.006842438597232103
v -0.006500741466879845 0.015196294523775578 0.001013668137602508
v -0.006317846477031708 0.015303324908018112 0.0007475645397789776
v -0.006725025828927755 0.014834880828857422 0.00036437087692320347
v -0.006317846477031708 0.015303324908018112 0.0007475645397789776
v -0.006498824339359999 0.014928866177797318 9.969021630240604e-05
v -0.006725025828927755 0.014834880828857422 0.00036437087692320347
v 0.006498824339359999 0.014928866177797318 9.969022357836366e-05
v 0.006317846477031708 0.015303324908018112 0.0007475645397789776
v 0.006725025828927755 0.014834880828857422 0.00036437087692320347
v 0.006317846477031708 0.015303324908018112 0.0007475645397789776
v 0.006500741466879845 0.015196294523775578 0.001013668137602508
v 0.006725025828927755 0.014834880828857422 0.00036437087692320347
v 0.0062081050127744675 0.015336592681705952 0.0030686643440276384
v 0.005953188519924879 0.015437188558280468 0.00351531058549881
v 0.006631364580243826 0.014848536811769009 0.003225018037483096
v 0.005953188519924879 0.015437188558280468 0.00351531058549881
v 0.006371443159878254 0.014965868555009365 0.0036900618579238653
v 0.006631364580243826 0.014848536811769009 0.003225018037483096
v 0.0026499165687710047 0.01503391657024622 0.0068571604788303375
v 0.0019997810013592243 0.015199108980596066 0.00683379452675581
v 0.0022295238450169563 0.014852922409772873 0.007096641696989536
v -0.0047465963289141655 0.015181221999228 -0.0004971439484506845
v 0.004013082943856716 0.015884095802903175 0.00020573071378748864
v -0.00501115620136261 0.014882669784128666 -0.0007956959889270365
v -0.005351913161575794 0.014905687421560287 -0.0007426053052768111
v -0.0047465963289141655 0.015181221999228 -0.0004971439484506845
v -0.00501115620136261 0.014882669784128666 -0.0007956959889270365
v 0.005028789862990379 0.015290053561329842 -0.000360304256901145
v 0.005351913161575794 0.014905687421560287 -0.0007426052470691502
v 0.00501115620136261 0.014882669784128666 -0.0007956959889270365
v 0.0047465963289141655 0.015181221999228 -0.0004971439484506845
v 0.005028789862990379 0.015290053561329842 -0.000360304256901145
v 0.00501115620136261 0.014882669784128666 -0.0007956959889270365
v 0.00666348310187459 0.01504206471145153 0.0017123597208410501
v 0.006627459079027176 0.01506110467016697 0.0021762694232165813
v 0.006786947138607502 0.014887822791934013 0.0017404829850420356
v 0.006656331941485405 0.015050321817398071 0.0012691699666902423
v 0.00666348310187459 0.01504206471145153 0.0017123597208410501
v 0.006786947138607502 0.014887822791934013 0.0017404829850420356
v -0.0035342152696102858 0.015262051485478878 0.00632736599072814
v -0.0039462922140955925 0.015365148894488811 0.005995473824441433
v -0.003795014228671789 0.01489681750535965 0.006577970460057259
v -0.0039462922140955925 0.015365148894488811 0.005995473824441433
v -0.0042348881252110004 0.014989623799920082 0.006242700852453709
v -0.003795014228671789 0.01489681750535965 0.006577970460057259
v 0.0017998677212744951 0.015384852886199951 0.006690714042633772
v 0.0011870409362018108 0.014913960359990597 0.007124787196516991
v 0.0011949234176427126 0.014897220768034458 0.007137283682823181
v 0.0019997810013592243 0.015199108980596066 0.00683379452675581
v 0.0017998677212744951 0.015384852886199951 0.006690714042633772
v 0.0011949234176427126 0.014897220768034458 0.007137283682823181
v 0.0011870409362018108 0.014913960359990597 0.007124787196516991
v -0.0005522924475371838 0.014987238682806492 0.0070678177289664745
v 0.0011949234176427126 0.014897220768034458 0.007137283682823181
v -0.006132185459136963 0.014989840798079967 0.004178009927272797
v -0.006031441502273083 0.015354598872363567 0.0035449371207505465
v -0.006426453124731779 0.014898155815899372 0.003715970553457737
v -0.006031441502273083 0.015354598872363567 0.0035449371207505465
v -0.006287567783147097 0.015250572003424168 0.003095086431130767
v -0.006426453124731779 0.014898155815899372 0.003715970553457737
v -0.00565694784745574 0.014970927499234676 -0.000577661907300353
v -0.005028789862990379 0.015290053561329842 -0.00036030428600497544
v -0.005351913161575794 0.014905687421560287 -0.0007426053052768111
v -0.005028789862990379 0.015290053561329842 -0.00036030428600497544
v -0.0047465963289141655 0.015181221999228 -0.0004971439484506845
v -0.005351913161575794 0.014905687421560287 -0.0007426053052768111
v 0.005028789862990379 0.015290053561329842 -0.000360304256901145
v 0.00565694784745574 0.014970927499234676 -0.000577661907300353
v 0.005351913161575794 0.014905687421560287 -0.0007426052470691502
v 0.0017998677212744951 0.015384852886199951 0.006690714042633772
v 0.001105720642954111 0.015016277320683002 0.007043970283120871
v 0.0011870409362018108 0.014913960359990597 0.007124787196516991
v 0.001105720642954111 0.015016277320683002 0.007043970283120871
v -0.0005522924475371838 0.014987238682806492 0.0070678177289664745
v 0.0011870409362018108 0.014913960359990597 0.007124787196516991
v -0.0018937828717753291 0.01531301625072956 0.006745339836925268
v -0.0020469629671424627 0.015138248912990093 0.006880930624902248
v -0.001668095006607473 0.014926446601748466 0.007099038455635309
v -0.0015571381663903594 0.015088132582604885 0.006973881274461746
v -0.0018937828717753291 0.01531301625072956 0.006745339836925268
v -0.001668095006607473 0.014926446601748466 0.007099038455635309
v -0.006317846477031708 0.015303324908018112 0.0007475645397789776
v -0.006101807113736868 0.015376522205770016 0.0004864682268816978
v -0.006498824339359999 0.014928866177797318 9.969021630240604e-05
v -0.006101807113736868 0.015376522205770016 0.0004864682268816978
v -0.006239986512809992 0.014984002336859703 -0.0001507680135546252
v -0.006498824339359999 0.014928866177797318 9.969021630240604e-05
v 0.006239986512809992 0.014984002336859703 -0.0001507680135546252
v 0.006101807113736868 0.015376522205770016 0.0004864682268816978
v 0.006498824339359999 0.014928866177797318 9.969022357836366e-05
v 0.006101807113736868 0.015376522205770016 0.0004864682268816978
v 0.006317846477031708 0.015303324908018112 0.0007475645397789776
v 0.006498824339359999 0.014928866177797318 9.969022357836366e-05
v 0.004193937871605158 0.015047002583742142 0.006205511745065451
v 0.003484275657683611 0.01532451156526804 0.006283517461270094
v 0.00375785818323493 0.01495285239070654 0.00654027471318841
v 0.003484275657683611 0.01532451156526804 0.006283517461270094
v 0.0030694107990711927 0.015191880986094475 0.006585743743926287
v 0.00375785818323493 0.01495285239070654 0.00654027471318841
v 0.005953188519924879 0.015437188558280468 0.00351531058549881
v 0.005669334903359413 0.015510383993387222 0.003957028035074472
v 0.006371443159878254 0.014965868555009365 0.0036900618579238653
v 0.005669334903359413 0.015510383993387222 0.003957028035074472
v 0.006078177131712437 0.015055651776492596 0.004149553366005421
v 0.006371443159878254 0.014965868555009365 0.0036900618579238653
v -0.006282550282776356 0.015450292266905308 0.0016549229621887207
v -0.006524840369820595 0.015198626555502415 0.0016879831673577428
v -0.006706973537802696 0.014968320727348328 0.002196317771449685
v -0.006117953918874264 0.015599348582327366 0.0020753401331603527
v -0.006282550282776356 0.015450292266905308 0.0016549229621887207
v -0.006706973537802696 0.014968320727348328 0.002196317771449685
v -0.006512902677059174 0.015121052972972393 0.002644262509420514
v -0.006117953918874264 0.015599348582327366 0.0020753401331603527
v -0.006706973537802696 0.014968320727348328 0.002196317771449685
v -0.0059562609530985355 0.014997942373156548 -0.00037881170283071697
v -0.0053128087893128395 0.015367254614830017 -0.00019048496324103326
v -0.00565694784745574 0.014970927499234676 -0.000577661907300353
v -0.0053128087893128395 0.015367254614830017 -0.00019048496324103326
v -0.005028789862990379 0.015290053561329842 -0.00036030428600497544
v -0.00565694784745574 0.014970927499234676 -0.000577661907300353
v 0.005028789862990379 0.015290053561329842 -0.000360304256901145
v 0.0053128087893128395 0.015367254614830017 -0.00019048496324103326
v 0.00565694784745574 0.014970927499234676 -0.000577661907300353
v 0.0053128087893128395 0.015367254614830017 -0.00019048496324103326
v 0.0059562609530985355 0.014997942373156548 -0.00037881170283071697
v 0.00565694784745574 0.014970927499234676 -0.000577661907300353
v -0.002808246063068509 0.015501408837735653 0.0063579804264009
v -0.003113427432253957 0.015131430700421333 0.0066295526921749115
v -0.002687873551622033 0.014975270256400108 0.006900302600115538
v -0.002427985891699791 0.015330689959228039 0.0066336821764707565
v -0.002808246063068509 0.015501408837735653 0.0063579804264009
v -0.002687873551622033 0.014975270256400108 0.006900302600115538
v -0.0014005739940330386 0.01523849181830883 0.006854817736893892
v -0.0015571381663903594 0.015088132582604885 0.006973881274461746
v -0.0011432631872594357 0.014977099373936653 0.007075612433254719
v -0.0011393235763534904 0.014984197914600372 0.007070199120789766
v -0.0014005739940330386 0.01523849181830883 0.006854817736893892
v -0.0011432631872594357 0.014977099373936653 0.007075612433254719
v -0.0005522924475371838 0.014987238682806492 0.0070678177289664745
v -0.0011393235763534904 0.014984197914600372 0.007070199120789766
v -0.0011432631872594357 0.014977099373936653 0.007075612433254719
v -0.006101807113736868 0.015376522205770016 0.0004864682268816978
v -0.005857559852302074 0.015412247739732265 0.00023831016733311117
v -0.006239986512809992 0.014984002336859703 -0.0001507680135546252
v -0.005857559852302074 0.015412247739732265 0.00023831016733311117
v -0.005591887515038252 0.01540892943739891 1.0564169315330219e-05
v -0.006239986512809992 0.014984002336859703 -0.0001507680135546252
v -0.005591887515038252 0.01540892943739891 1.0564169315330219e-05
v -0.0059562609530985355 0.014997942373156548 -0.00037881170283071697
v -0.006239986512809992 0.014984002336859703 -0.0001507680135546252
v 0.005591887515038252 0.01540892943739891 1.0564172953309026e-05
v 0.005857559852302074 0.015412247739732265 0.00023831016733311117
v 0.006239986512809992 0.014984002336859703 -0.0001507680135546252
v 0.005857559852302074 0.015412247739732265 0.00023831016733311117
v 0.006101807113736868 0.015376522205770016 0.0004864682268816978
v 0.006239986512809992 0.014984002336859703 -0.0001507680135546252
v 0.0059562609530985355 0.014997942373156548 -0.00037881170283071697
v 0.005591887515038252 0.01540892943739891 1.0564172953309026e-05
v 0.006239986512809992 0.014984002336859703 -0.0001507680135546252
v -0.001140332082286477 0.015454035252332687 0.006674762815237045
v -0.0014005739940330386 0.01523849181830883 0.006854817736893892
v -0.0011393235763534904 0.014984197914600372 0.007070199120789766
v -0.0009571979753673077 0.015184681862592697 0.006909423507750034
v -0.001140332082286477 0.015454035252332687 0.006674762815237045
v -0.0011393235763534904 0.014984197914600372 0.007070199120789766
v -0.0005522924475371838 0.014987238682806492 0.0070678177289664745
v -0.0009571979753673077 0.015184681862592697 0.006909423507750034
v -0.0011393235763534904 0.014984197914600372 0.007070199120789766
v 0.001105720642954111 0.015016277320683002 0.007043970283120871
v 0.0010119049111381173 0.015134316869080067 0.006950735114514828
v -0.0005522924475371838 0.014987238682806492 0.0070678177289664745
v 0.0010119049111381173 0.015134316869080067 0.006950735114514828
v 0.0009180672350339592 0.015213746577501297 0.00688506755977869
v -0.0005522924475371838 0.014987238682806492 0.0070678177289664745
v 0.0009180672350339592 0.015213746577501297 0.00688506755977869
v 0.0007755401893518865 0.015334390103816986 0.006785327102988958
v -0.0005522924475371838 0.014987238682806492 0.0070678177289664745
v 0.0007755401893518865 0.015334390103816986 0.006785327102988958
v 0.000721305375918746 0.015364918857812881 0.0067591313272714615
v -0.0005522924475371838 0.014987238682806492 0.0070678177289664745
v 0.000721305375918746 0.015364918857812881 0.0067591313272714615
v 0.0005348717677406967 0.015469863079488277 0.006669081747531891
v -0.0005522924475371838 0.014987238682806492 0.0070678177289664745
v 0.0005348717677406967 0.015469863079488277 0.006669081747531891
v 0.0005154490354470909 0.01547623984515667 0.006663470529019833
v -0.0005522924475371838 0.014987238682806492 0.0070678177289664745
v 0.0005154490354470909 0.01547623984515667 0.006663470529019833
v 0.00030145043274387717 0.015546496957540512 0.006601650733500719
v -0.0005522924475371838 0.014987238682806492 0.0070678177289664745
v 0.00030145043274387717 0.015546496957540512 0.006601650733500719
v 0.00027057688566856086 0.015556633472442627 0.006592731922864914
v -0.0005522924475371838 0.014987238682806492 0.0070678177289664745
v 0.00027057688566856086 0.015556633472442627 0.006592731922864914
v 8.57789273140952e-05 0.015576773323118687 0.006574774160981178
v -0.0005522924475371838 0.014987238682806492 0.0070678177289664745
v 8.57789273140952e-05 0.015576773323118687 0.006574774160981178
v 3.91828007195727e-06 0.015585694462060928 0.0065668197348713875
v -0.0005522924475371838 0.014987238682806492 0.0070678177289664745
v 3.91828007195727e-06 0.015585694462060928 0.0065668197348713875
v -0.00012795120710507035 0.015572630800306797 0.006578472442924976
v -0.0005522924475371838 0.014987238682806492 0.0070678177289664745
v -0.00012795120710507035 0.015572630800306797 0.006578472442924976
v -0.00025364867178723216 0.015560178086161613 0.006589580327272415
v -0.0005522924475371838 0.014987238682806492 0.0070678177289664745
v -0.00025364867178723216 0.015560178086161613 0.006589580327272415
v -0.0003400995919946581 0.015534385107457638 0.006612342316657305
v -0.0005522924475371838 0.014987238682806492 0.0070678177289664745
v -0.0003400995919946581 0.015534385107457638 0.006612342316657305
v -0.00048258324386551976 0.015491873025894165 0.0066498578526079655
v -0.0005522924475371838 0.014987238682806492 0.0070678177289664745
v -0.00048258324386551976 0.015491873025894165 0.0066498578526079655
v -0.0005499661201611161 0.015457672998309135 0.0066794040612876415
v -0.0005522924475371838 0.014987238682806492 0.0070678177289664745
v -0.0005499661201611161 0.015457672998309135 0.0066794040612876415
v -0.0007167203002609313 0.015373039059340954 0.006752523127943277
v -0.0005522924475371838 0.014987238682806492 0.0070678177289664745
v -0.0007167203002609313 0.015373039059340954 0.006752523127943277
v -0.0007577133947052062 0.015342003665864468 0.006778490263968706
v -0.0005522924475371838 0.014987238682806492 0.0070678177289664745
v -0.0007577133947052062 0.015342003665864468 0.006778490263968706
v -0.0009388765320181847 0.015204849652945995 0.006893249694257975
v -0.0005522924475371838 0.014987238682806492 0.0070678177289664745
v -0.0009388765320181847 0.015204849652945995 0.006893249694257975
v -0.0009571979753673077 0.015184681862592697 0.006909423507750034
v -0.0005522924475371838 0.014987238682806492 0.0070678177289664745
v -0.0039462922140955925 0.015365148894488811 0.005995473824441433
v -0.004345728550106287 0.015439164824783802 0.005636211019009352
v -0.0042348881252110004 0.014989623799920082 0.006242700852453709
v -0.004345728550106287 0.015439164824783802 0.005636211019009352
v -0.004660117905586958 0.015052318572998047 0.005876814015209675
v -0.0042348881252110004 0.014989623799920082 0.006242700852453709
v -0.005805687513202429 0.015052144415676594 0.004629700910300016
v -0.00574557576328516 0.015431175008416176 0.0039897495880723
v -0.006132185459136963 0.014989840798079967 0.004178009927272797
v -0.00574557576328516 0.015431175008416176 0.0039897495880723
v -0.006031441502273083 0.015354598872363567 0.0035449371207505465
v -0.006132185459136963 0.014989840798079967 0.004178009927272797
v -0.005591887515038252 0.01540892943739891 1.0564169315330219e-05
v -0.0053128087893128395 0.015367254614830017 -0.00019048496324103326
v -0.0059562609530985355 0.014997942373156548 -0.00037881170283071697
v 0.0053128087893128395 0.015367254614830017 -0.00019048496324103326
v 0.005591887515038252 0.01540892943739891 1.0564172953309026e-05
v 0.0059562609530985355 0.014997942373156548 -0.00037881170283071697
v 0.001591767999343574 0.01553409080952406 0.006571256555616856
v 0.0010119049111381173 0.015134316869080067 0.006950735114514828
v 0.001105720642954111 0.015016277320683002 0.007043970283120871
v 0.0017998677212744951 0.015384852886199951 0.006690714042633772
v 0.001591767999343574 0.01553409080952406 0.006571256555616856
v 0.001105720642954111 0.015016277320683002 0.007043970283120871
v 0.0030694107990711927 0.015191880986094475 0.006585743743926287
v 0.0023689204826951027 0.015395374968647957 0.0065843407064676285
v 0.0026499165687710047 0.01503391657024622 0.0068571604788303375
v 0.0023689204826951027 0.015395374968647957 0.0065843407064676285
v 0.0019997810013592243 0.015199108980596066 0.00683379452675581
v 0.0026499165687710047 0.01503391657024622 0.0068571604788303375
v 0.006167115177959204 0.015570193529129028 0.0016391720855608582
v 0.006627459079027176 0.01506110467016697 0.0021762694232165813
v 0.00666348310187459 0.01504206471145153 0.0017123597208410501
v 0.006646846886724234 0.015060401521623135 0.0012763435952365398
v 0.006167115177959204 0.015570193529129028 0.0016391720855608582
v 0.00666348310187459 0.01504206471145153 0.0017123597208410501
v 0.006656331941485405 0.015050321817398071 0.0012691699666902423
v 0.006646846886724234 0.015060401521623135 0.0012763435952365398
v 0.00666348310187459 0.01504206471145153 0.0017123597208410501
v 0.004615663085132837 0.015111166052520275 0.005840608850121498
v 0.0038906866684556007 0.0154298460111022 0.00595220597460866
v 0.004193937871605158 0.015047002583742142 0.006205511745065451
v 0.0038906866684556007 0.0154298460111022 0.00595220597460866
v 0.003484275657683611 0.01532451156526804 0.006283517461270094
v 0.004193937871605158 0.015047002583742142 0.006205511745065451
v 0.006500741466879845 0.015196294523775578 0.001013668137602508
v 0.006646846886724234 0.015060401521623135 0.0012763435952365398
v 0.006656331941485405 0.015050321817398071 0.0012691699666902423
v -0.00544937327504158 0.015083733014762402 0.005066355224698782
v -0.005431609693914652 0.015478745102882385 0.004425353370606899
v -0.005805687513202429 0.015052144415676594 0.004629700910300016
v -0.005431609693914652 0.015478745102882385 0.004425353370606899
v -0.00574557576328516 0.015431175008416176 0.0039897495880723
v -0.005805687513202429 0.015052144415676594 0.004629700910300016
v -0.004345728550106287 0.015439164824783802 0.005636211019009352
v -0.0047287289053201675 0.01548303384333849 0.005252463277429342
v -0.004660117905586958 0.015052318572998047 0.005876814015209675
v -0.0047287289053201675 0.01548303384333849 0.005252463277429342
v -0.005066306795924902 0.015083842910826206 0.0054834564216434956
v -0.004660117905586958 0.015052318572998047 0.005876814015209675
v 0.005669334903359413 0.015510383993387222 0.003957028035074472
v 0.005358164198696613 0.01555467676371336 0.0043897442519664764
v 0.006078177131712437 0.015055651776492596 0.004149553366005421
v 0.005358164198696613 0.01555467676371336 0.0043897442519664764
v 0.00575327267870307 0.015116088092327118 0.004598864354193211
v 0.006078177131712437 0.015055651776492596 0.004149553366005421
v -0.006647233385592699 0.01506059244275093 0.0012765839928761125
v -0.006500741466879845 0.015196294523775578 0.001013668137602508
v -0.006649554241448641 0.015058129094541073 0.0012748310109600425
v 0.006500741466879845 0.015196294523775578 0.001013668137602508
v 0.00600184453651309 0.015655605122447014 0.001384603907354176
v 0.006646846886724234 0.015060401521623135 0.0012763435952365398
v 0.00600184453651309 0.015655605122447014 0.001384603907354176
v 0.006167115177959204 0.015570193529129028 0.0016391720855608582
v 0.006646846886724234 0.015060401521623135 0.0012763435952365398
v -0.006282550282776356 0.015450292266905308 0.0016549229621887207
v -0.006167115177959204 0.015570193529129028 0.0016391720855608582
v -0.006647233385592699 0.01506059244275093 0.0012765839928761125
v -0.006524840369820595 0.015198626555502415 0.0016879831673577428
v -0.006282550282776356 0.015450292266905308 0.0016549229621887207
v -0.006647233385592699 0.01506059244275093 0.0012765839928761125
v -0.006002856884151697 0.01565508171916008 0.0013861632905900478
v -0.006500741466879845 0.015196294523775578 0.001013668137602508
v -0.006647233385592699 0.01506059244275093 0.0012765839928761125
v -0.006167115177959204 0.015570193529129028 0.0016391720855608582
v -0.006002856884151697 0.01565508171916008 0.0013861632905900478
v -0.006647233385592699 0.01506059244275093 0.0012765839928761125
v 0.006167115177959204 0.015570193529129028 0.0016391720855608582
v 0.006104893982410431 0.015624812804162502 0.0016982021043077111
v 0.006627459079027176 0.01506110467016697 0.0021762694232165813
v 0.006104893982410431 0.015624812804162502 0.0016982021043077111
v 0.005965987220406532 0.015742553398013115 0.0020538894459605217
v 0.006627459079027176 0.01506110467016697 0.0021762694232165813
v 0.005965987220406532 0.015742553398013115 0.0020538894459605217
v 0.005774352233856916 0.01585998199880123 0.002477573463693261
v 0.006627459079027176 0.01506110467016697 0.0021762694232165813
v 0.005774352233856916 0.01585998199880123 0.002477573463693261
v 0.006433028262108564 0.01521049253642559 0.0026210614014416933
v 0.006627459079027176 0.01506110467016697 0.0021762694232165813
v -0.005066306795924902 0.015083842910826206 0.0054834564216434956
v -0.005091750528663397 0.01549622043967247 0.00484759546816349
v -0.00544937327504158 0.015083733014762402 0.005066355224698782
v -0.005091750528663397 0.01549622043967247 0.00484759546816349
v -0.005431609693914652 0.015478745102882385 0.004425353370606899
v -0.00544937327504158 0.015083733014762402 0.005066355224698782
v -0.0047287289053201675 0.01548303384333849 0.005252463277429342
v -0.005091750528663397 0.01549622043967247 0.00484759546816349
v -0.005066306795924902 0.015083842910826206 0.0054834564216434956
v -0.0016595630440860987 0.015485749579966068 0.00661096815019846
v -0.0018937828717753291 0.01531301625072956 0.006745339836925268
v -0.0015571381663903594 0.015088132582604885 0.006973881274461746
v -0.0014005739940330386 0.01523849181830883 0.006854817736893892
v -0.0016595630440860987 0.015485749579966068 0.00661096815019846
v -0.0015571381663903594 0.015088132582604885 0.006973881274461746
v 0.005018723662942648 0.015144281089305878 0.005448675714433193
v 0.004284832626581192 0.015506336465477943 0.0055941143073141575
v 0.004615663085132837 0.015111166052520275 0.005840608850121498
v 0.004284832626581192 0.015506336465477943 0.0055941143073141575
v 0.0038906866684556007 0.0154298460111022 0.00595220597460866
v 0.004615663085132837 0.015111166052520275 0.005840608850121498
v 0.005358164198696613 0.01555467676371336 0.0043897442519664764
v 0.005021841265261173 0.015569030307233334 0.0048094019293785095
v 0.00575327267870307 0.015116088092327118 0.004598864354193211
v 0.005021841265261173 0.015569030307233334 0.0048094019293785095
v 0.0053991153836250305 0.015145876444876194 0.005033385474234819
v 0.00575327267870307 0.015116088092327118 0.004598864354193211
v -0.005924759898334742 0.01572464406490326 0.002503065625205636
v -0.006117953918874264 0.015599348582327366 0.0020753401331603527
v -0.006512902677059174 0.015121052972972393 0.002644262509420514
v -0.006287567783147097 0.015250572003424168 0.003095086431130767
v -0.005924759898334742 0.01572464406490326 0.002503065625205636
v -0.006512902677059174 0.015121052972972393 0.002644262509420514
v -0.0031846833880990744 0.015648262575268745 0.00605500303208828
v -0.0035342152696102858 0.015262051485478878 0.00632736599072814
v -0.003113427432253957 0.015131430700421333 0.0066295526921749115
v -0.002808246063068509 0.015501408837735653 0.0063579804264009
v -0.0031846833880990744 0.015648262575268745 0.00605500303208828
v -0.003113427432253957 0.015131430700421333 0.0066295526921749115
v 0.001591767999343574 0.01553409080952406 0.006571256555616856
v 0.0009180672350339592 0.015213746577501297 0.00688506755977869
v 0.0010119049111381173 0.015134316869080067 0.006950735114514828
v -0.0018937828717753291 0.01531301625072956 0.006745339836925268
v -0.0022321559954434633 0.0155198834836483 0.006490419153124094
v -0.0020469629671424627 0.015138248912990093 0.006880930624902248
v -0.0022321559954434633 0.0155198834836483 0.006490419153124094
v -0.002427985891699791 0.015330689959228039 0.0066336821764707565
v -0.0020469629671424627 0.015138248912990093 0.006880930624902248
v 0.0046630315482616425 0.015552913770079613 0.0052120801992714405
v 0.004284832626581192 0.015506336465477943 0.0055941143073141575
v 0.005018723662942648 0.015144281089305878 0.005448675714433193
v 0.0053991153836250305 0.015145876444876194 0.005033385474234819
v 0.0046630315482616425 0.015552913770079613 0.0052120801992714405
v 0.005018723662942648 0.015144281089305878 0.005448675714433193
v 0.005021841265261173 0.015569030307233334 0.0048094019293785095
v 0.0046630315482616425 0.015552913770079613 0.0052120801992714405
v 0.0053991153836250305 0.015145876444876194 0.005033385474234819
v -0.004420009441673756 0.01554977148771286 -0.00012859485286753625
v 0.004013082943856716 0.015884095802903175 0.00020573071378748864
v -0.0047465963289141655 0.015181221999228 -0.0004971439484506845
v -0.004659280646592379 0.01563563384115696 3.0440653063124046e-05
v -0.004420009441673756 0.01554977148771286 -0.00012859485286753625
v -0.0047465963289141655 0.015181221999228 -0.0004971439484506845
v -0.005028789862990379 0.015290053561329842 -0.00036030428600497544
v -0.004659280646592379 0.01563563384115696 3.0440653063124046e-05
v -0.0047465963289141655 0.015181221999228 -0.0004971439484506845
v 0.004420009441673756 0.01554977148771286 -0.00012859485286753625
v 0.005028789862990379 0.015290053561329842 -0.000360304256901145
v 0.0047465963289141655 0.015181221999228 -0.0004971439484506845
v -0.0009388765320181847 0.015204849652945995 0.006893249694257975
v -0.001140332082286477 0.015454035252332687 0.006674762815237045
v -0.0009571979753673077 0.015184681862592697 0.006909423507750034
v 0.003484275657683611 0.01532451156526804 0.006283517461270094
v 0.002737335627898574 0.015570338815450668 0.006307320203632116
v 0.0030694107990711927 0.015191880986094475 0.006585743743926287
v 0.002737335627898574 0.015570338815450668 0.006307320203632116
v 0.0023689204826951027 0.015395374968647957 0.0065843407064676285
v 0.0030694107990711927 0.015191880986094475 0.006585743743926287
v -0.0058333612978458405 0.015742676332592964 0.0011250869138166308
v -0.006317846477031708 0.015303324908018112 0.0007475645397789776
v -0.006500741466879845 0.015196294523775578 0.001013668137602508
v -0.006002856884151697 0.01565508171916008 0.0013861632905900478
v -0.0058333612978458405 0.015742676332592964 0.0011250869138166308
v -0.006500741466879845 0.015196294523775578 0.001013668137602508
v 0.0058333612978458405 0.015742676332592964 0.0011250869138166308
v 0.00600184453651309 0.015655605122447014 0.001384603907354176
v 0.006500741466879845 0.015196294523775578 0.001013668137602508
v 0.006317846477031708 0.015303324908018112 0.0007475645397789776
v 0.0058333612978458405 0.015742676332592964 0.0011250869138166308
v 0.006500741466879845 0.015196294523775578 0.001013668137602508
v 0.0023689204826951027 0.015395374968647957 0.0065843407064676285
v 0.0017998677212744951 0.015384852886199951 0.006690714042633772
v 0.0019997810013592243 0.015199108980596066 0.00683379452675581
v -0.0008915116777643561 0.01561170443892479 0.006536764558404684
v -0.001140332082286477 0.015454035252332687 0.006674762815237045
v -0.0009388765320181847 0.015204849652945995 0.006893249694257975
v -0.0007577133947052062 0.015342003665864468 0.006778490263968706
v -0.0008915116777643561 0.01561170443892479 0.006536764558404684
v -0.0009388765320181847 0.015204849652945995 0.006893249694257975
v 0.005774352233856916 0.01585998199880123 0.002477573463693261
v 0.005558206234127283 0.015953771770000458 0.0029035962652415037
v 0.006433028262108564 0.01521049253642559 0.0026210614014416933
v 0.005558206234127283 0.015953771770000458 0.0029035962652415037
v 0.0062081050127744675 0.015336592681705952 0.0030686643440276384
v 0.006433028262108564 0.01521049253642559 0.0026210614014416933
v 0.001591767999343574 0.01553409080952406 0.006571256555616856
v 0.0012669883435592055 0.015742387622594833 0.006391921080648899
v 0.0009180672350339592 0.015213746577501297 0.00688506755977869
v 0.0012669883435592055 0.015742387622594833 0.006391921080648899
v 0.0007755401893518865 0.015334390103816986 0.006785327102988958
v 0.0009180672350339592 0.015213746577501297 0.00688506755977869
v -0.0013229779433459044 0.015709754079580307 0.006420823745429516
v -0.0016595630440860987 0.015485749579966068 0.00661096815019846
v -0.0014005739940330386 0.01523849181830883 0.006854817736893892
v -0.001140332082286477 0.015454035252332687 0.006674762815237045
v -0.0013229779433459044 0.015709754079580307 0.006420823745429516
v -0.0014005739940330386 0.01523849181830883 0.006854817736893892
v -0.005705753806978464 0.015826350077986717 0.0029332239646464586
v -0.005924759898334742 0.01572464406490326 0.002503065625205636
v -0.006287567783147097 0.015250572003424168 0.003095086431130767
v -0.006031441502273083 0.015354598872363567 0.0035449371207505465
v -0.005705753806978464 0.015826350077986717 0.0029332239646464586
v -0.006287567783147097 0.015250572003424168 0.003095086431130767
v -0.0035541679244488478 0.01576940342783928 0.0057264165952801704
v -0.0039462922140955925 0.015365148894488811 0.005995473824441433
v -0.0035342152696102858 0.015262051485478878 0.00632736599072814
v -0.0031846833880990744 0.015648262575268745 0.00605500303208828
v -0.0035541679244488478 0.01576940342783928 0.0057264165952801704
v -0.0035342152696102858 0.015262051485478878 0.00632736599072814
v -0.00467006117105484 0.015639502555131912 3.760583058465272e-05
v -0.004659280646592379 0.01563563384115696 3.0440653063124046e-05
v -0.005028789862990379 0.015290053561329842 -0.00036030428600497544
v -0.0053128087893128395 0.015367254614830017 -0.00019048496324103326
v -0.00467006117105484 0.015639502555131912 3.760583058465272e-05
v -0.005028789862990379 0.015290053561329842 -0.00036030428600497544
v 0.004420009441673756 0.01554977148771286 -0.00012859485286753625
v 0.004659280646592379 0.01563563384115696 3.0440651244134642e-05
v 0.005028789862990379 0.015290053561329842 -0.000360304256901145
v 0.004659280646592379 0.01563563384115696 3.0440651244134642e-05
v 0.00467006117105484 0.015639502555131912 3.760583058465272e-05
v 0.005028789862990379 0.015290053561329842 -0.000360304256901145
v 0.00467006117105484 0.015639502555131912 3.760583058465272e-05
v 0.0053128087893128395 0.015367254614830017 -0.00019048496324103326
v 0.005028789862990379 0.015290053561329842 -0.000360304256901145
v -0.005714885890483856 0.015803903341293335 0.0009425978641957045
v -0.006101807113736868 0.015376522205770016 0.0004864682268816978
v -0.006317846477031708 0.015303324908018112 0.0007475645397789776
v -0.005831297021359205 0.015743743628263474 0.0011219076113775373
v -0.005714885890483856 0.015803903341293335 0.0009425978641957045
v -0.006317846477031708 0.015303324908018112 0.0007475645397789776
v -0.0058333612978458405 0.015742676332592964 0.0011250869138166308
v -0.005831297021359205 0.015743743628263474 0.0011219076113775373
v -0.006317846477031708 0.015303324908018112 0.0007475645397789776
v 0.005831297021359205 0.015743743628263474 0.0011219076113775373
v 0.0058333612978458405 0.015742676332592964 0.0011250869138166308
v 0.006317846477031708 0.015303324908018112 0.0007475645397789776
v 0.005714885890483856 0.015803903341293335 0.0009425978641957045
v 0.005831297021359205 0.015743743628263474 0.0011219076113775373
v 0.006317846477031708 0.015303324908018112 0.0007475645397789776
v 0.006101807113736868 0.015376522205770016 0.0004864682268816978
v 0.005714885890483856 0.015803903341293335 0.0009425978641957045
v 0.006317846477031708 0.015303324908018112 0.0007475645397789776
v -0.0016595630440860987 0.015485749579966068 0.00661096815019846
v -0.0019196830689907074 0.01571720652282238 0.006344465538859367
v -0.0018937828717753291 0.01531301625072956 0.006745339836925268
v -0.0019196830689907074 0.01571720652282238 0.006344465538859367
v -0.0022321559954434633 0.0155198834836483 0.006490419153124094
v -0.0018937828717753291 0.01531301625072956 0.006745339836925268
v 0.0038906866684556007 0.0154298460111022 0.00595220597460866
v 0.0031021442264318466 0.015721900388598442 0.006003919057548046
v 0.003484275657683611 0.01532451156526804 0.006283517461270094
v 0.0031021442264318466 0.015721900388598442 0.006003919057548046
v 0.002737335627898574 0.015570338815450668 0.006307320203632116
v 0.003484275657683611 0.01532451156526804 0.006283517461270094
v -0.0025698961690068245 0.015706535428762436 0.006209908053278923
v -0.002808246063068509 0.015501408837735653 0.0063579804264009
v -0.002427985891699791 0.015330689959228039 0.0066336821764707565
v -0.0022321559954434633 0.0155198834836483 0.006490419153124094
v -0.0025698961690068245 0.015706535428762436 0.006209908053278923
v -0.002427985891699791 0.015330689959228039 0.0066336821764707565
v 0.0012669883435592055 0.015742387622594833 0.006391921080648899
v 0.000721305375918746 0.015364918857812881 0.0067591313272714615
v 0.0007755401893518865 0.015334390103816986 0.006785327102988958
v 0.005558206234127283 0.015953771770000458 0.0029035962652415037
v 0.005318174138665199 0.016022205352783203 0.0033287829719483852
v 0.0062081050127744675 0.015336592681705952 0.0030686643440276384
v 0.005318174138665199 0.016022205352783203 0.0033287829719483852
v 0.005953188519924879 0.015437188558280468 0.00351531058549881
v 0.0062081050127744675 0.015336592681705952 0.0030686643440276384
v -0.0007167203002609313 0.015373039059340954 0.006752523127943277
v -0.0008915116777643561 0.01561170443892479 0.006536764558404684
v -0.0007577133947052062 0.015342003665864468 0.006778490263968706
v -0.005461544264107943 0.01590263657271862 0.0033625212963670492
v -0.005705753806978464 0.015826350077986717 0.0029332239646464586
v -0.006031441502273083 0.015354598872363567 0.0035449371207505465
v -0.00574557576328516 0.015431175008416176 0.0039897495880723
v -0.005461544264107943 0.01590263657271862 0.0033625212963670492
v -0.006031441502273083 0.015354598872363567 0.0035449371207505465
v 0.0009714187472127378 0.015890417620539665 0.006257259286940098
v 0.0005348717677406967 0.015469863079488277 0.006669081747531891
v 0.000721305375918746 0.015364918857812881 0.0067591313272714615
v 0.0012669883435592055 0.015742387622594833 0.006391921080648899
v 0.0009714187472127378 0.015890417620539665 0.006257259286940098
v 0.000721305375918746 0.015364918857812881 0.0067591313272714615
v -0.003913579974323511 0.015863334760069847 0.0053743538446724415
v -0.004345728550106287 0.015439164824783802 0.005636211019009352
v -0.0039462922140955925 0.015365148894488811 0.005995473824441433
v -0.0035541679244488478 0.01576940342783928 0.0057264165952801704
v -0.003913579974323511 0.015863334760069847 0.0053743538446724415
v -0.0039462922140955925 0.015365148894488811 0.005995473824441433
v -0.004918660968542099 0.01572871208190918 0.00020284170750528574
v -0.00467006117105484 0.015639502555131912 3.760583058465272e-05
v -0.0053128087893128395 0.015367254614830017 -0.00019048496324103326
v -0.005591887515038252 0.01540892943739891 1.0564169315330219e-05
v -0.005108442157506943 0.01579681597650051 0.0003289825690444559
v -0.0053128087893128395 0.015367254614830017 -0.00019048496324103326
v -0.005108442157506943 0.01579681597650051 0.0003289825690444559
v -0.004928085952997208 0.015732094645500183 0.00020910610328428447
v -0.0053128087893128395 0.015367254614830017 -0.00019048496324103326
v -0.004928085952997208 0.015732094645500183 0.00020910610328428447
v -0.004918660968542099 0.01572871208190918 0.00020284170750528574
v -0.0053128087893128395 0.015367254614830017 -0.00019048496324103326
v 0.00467006117105484 0.015639502555131912 3.760583058465272e-05
v 0.004918660968542099 0.01572871208190918 0.00020284170750528574
v 0.0053128087893128395 0.015367254614830017 -0.00019048496324103326
v 0.004918660968542099 0.01572871208190918 0.00020284170750528574
v 0.004928085952997208 0.015732094645500183 0.00020910610328428447
v 0.0053128087893128395 0.015367254614830017 -0.00019048496324103326
v 0.004928085952997208 0.015732094645500183 0.00020910610328428447
v 0.005108442157506943 0.01579681597650051 0.0003289825690444559
v 0.0053128087893128395 0.015367254614830017 -0.00019048496324103326
v 0.005108442157506943 0.01579681597650051 0.0003289825690444559
v 0.005591887515038252 0.01540892943739891 1.0564172953309026e-05
v 0.0053128087893128395 0.015367254614830017 -0.00019048496324103326
v -0.0006429411005228758 0.015726417303085327 0.006432980764657259
v -0.0008915116777643561 0.01561170443892479 0.006536764558404684
v -0.0007167203002609313 0.015373039059340954 0.006752523127943277
v -0.0005499661201611161 0.015457672998309135 0.0066794040612876415
v -0.0006429411005228758 0.015726417303085327 0.006432980764657259
v -0.0007167203002609313 0.015373039059340954 0.006752523127943277
v -0.0056444923393428326 0.015803081914782524 0.0008713717688806355
v -0.005640307441353798 0.015803031623363495 0.000867137627210468
v -0.006101807113736868 0.015376522205770016 0.0004864682268816978
v -0.005714885890483856 0.015803903341293335 0.0009425978641957045
v -0.0056444923393428326 0.015803081914782524 0.0008713717688806355
v -0.006101807113736868 0.015376522205770016 0.0004864682268816978
v -0.005640307441353798 0.015803031623363495 0.000867137627210468
v -0.0054116640239953995 0.015800360590219498 0.0006357902311719954
v -0.006101807113736868 0.015376522205770016 0.0004864682268816978
v -0.0054116640239953995 0.015800360590219498 0.0006357902311719954
v -0.005857559852302074 0.015412247739732265 0.00023831016733311117
v -0.006101807113736868 0.015376522205770016 0.0004864682268816978
v 0.0056444923393428326 0.015803081914782524 0.0008713717688806355
v 0.005714885890483856 0.015803903341293335 0.0009425978641957045
v 0.006101807113736868 0.015376522205770016 0.0004864682268816978
v 0.005857559852302074 0.015412247739732265 0.00023831016733311117
v 0.0054116640239953995 0.015800360590219498 0.0006357902311719954
v 0.006101807113736868 0.015376522205770016 0.0004864682268816978
v 0.0054116640239953995 0.015800360590219498 0.0006357902311719954
v 0.005640307441353798 0.015803031623363495 0.000867137627210468
v 0.006101807113736868 0.015376522205770016 0.0004864682268816978
v 0.005640307441353798 0.015803031623363495 0.000867137627210468
v 0.0056444923393428326 0.015803081914782524 0.0008713717688806355
v 0.006101807113736868 0.015376522205770016 0.0004864682268816978
v 0.0023689204826951027 0.015395374968647957 0.0065843407064676285
v 0.0021045098546892405 0.015603909268975258 0.006430231966078281
v 0.0017998677212744951 0.015384852886199951 0.006690714042633772
v 0.0021045098546892405 0.015603909268975258 0.006430231966078281
v 0.001591767999343574 0.01553409080952406 0.006571256555616856
v 0.0017998677212744951 0.015384852886199951 0.006690714042633772
v 0.002737335627898574 0.015570338815450668 0.006307320203632116
v 0.0021045098546892405 0.015603909268975258 0.006430231966078281
v 0.0023689204826951027 0.015395374968647957 0.0065843407064676285
v -0.005857559852302074 0.015412247739732265 0.00023831016733311117
v -0.005178835708647966 0.015797637403011322 0.0004002086352556944
v -0.005591887515038252 0.01540892943739891 1.0564169315330219e-05
v -0.005178835708647966 0.015797637403011322 0.0004002086352556944
v -0.005171865690499544 0.015797557309269905 0.00039315622416324914
v -0.005591887515038252 0.01540892943739891 1.0564169315330219e-05
v -0.005171865690499544 0.015797557309269905 0.00039315622416324914
v -0.005108442157506943 0.01579681597650051 0.0003289825690444559
v -0.005591887515038252 0.01540892943739891 1.0564169315330219e-05
v 0.005108442157506943 0.01579681597650051 0.0003289825690444559
v 0.005171865690499544 0.015797557309269905 0.00039315622416324914
v 0.005591887515038252 0.01540892943739891 1.0564172953309026e-05
v 0.005171865690499544 0.015797557309269905 0.00039315622416324914
v 0.005178835708647966 0.015797637403011322 0.0004002086352556944
v 0.005591887515038252 0.01540892943739891 1.0564172953309026e-05
v 0.005178835708647966 0.015797637403011322 0.0004002086352556944
v 0.005857559852302074 0.015412247739732265 0.00023831016733311117
v 0.005591887515038252 0.01540892943739891 1.0564172953309026e-05
v -0.0054116640239953995 0.015800360590219498 0.0006357902311719954
v -0.005406011361628771 0.015800293534994125 0.0006300705717876554
v -0.005857559852302074 0.015412247739732265 0.00023831016733311117
v -0.005406011361628771 0.015800293534994125 0.0006300705717876554
v -0.005178835708647966 0.015797637403011322 0.0004002086352556944
v -0.005857559852302074 0.015412247739732265 0.00023831016733311117
v 0.005178835708647966 0.015797637403011322 0.0004002086352556944
v 0.005406011361628771 0.015800293534994125 0.0006300705717876554
v 0.005857559852302074 0.015412247739732265 0.00023831016733311117
v 0.005406011361628771 0.015800293534994125 0.0006300705717876554
v 0.0054116640239953995 0.015800360590219498 0.0006357902311719954
v 0.005857559852302074 0.015412247739732265 0.00023831016733311117
v 0.004284832626581192 0.015506336465477943 0.0055941143073141575
v 0.003460400504991412 0.01584823988378048 0.005675784777849913
v 0.0038906866684556007 0.0154298460111022 0.00595220597460866
v 0.003460400504991412 0.01584823988378048 0.005675784777849913
v 0.0031021442264318466 0.015721900388598442 0.006003919057548046
v 0.0038906866684556007 0.0154298460111022 0.00595220597460866
v -0.005193174816668034 0.015951983630657196 0.0037875028792768717
v -0.005461544264107943 0.01590263657271862 0.0033625212963670492
v -0.00574557576328516 0.015431175008416176 0.0039897495880723
v -0.005431609693914652 0.015478745102882385 0.004425353370606899
v -0.005193174816668034 0.015951983630657196 0.0037875028792768717
v -0.00574557576328516 0.015431175008416176 0.0039897495880723
v 0.005318174138665199 0.016022205352783203 0.0033287829719483852
v 0.005055283196270466 0.016063867136836052 0.0037498073652386665
v 0.005953188519924879 0.015437188558280468 0.00351531058549881
v 0.005055283196270466 0.016063867136836052 0.0037498073652386665
v 0.005669334903359413 0.015510383993387222 0.003957028035074472
v 0.005953188519924879 0.015437188558280468 0.00351531058549881
v -0.004259897395968437 0.0159289687871933 0.005001372657716274
v -0.0047287289053201675 0.01548303384333849 0.005252463277429342
v -0.004345728550106287 0.015439164824783802 0.005636211019009352
v -0.003913579974323511 0.015863334760069847 0.0053743538446724415
v -0.004259897395968437 0.0159289687871933 0.005001372657716274
v -0.004345728550106287 0.015439164824783802 0.005636211019009352
v -0.0060687740333378315 0.015663526952266693 0.0017405211692675948
v -0.006167115177959204 0.015570193529129028 0.0016391720855608582
v -0.006282550282776356 0.015450292266905308 0.0016549229621887207
v -0.006117953918874264 0.015599348582327366 0.0020753401331603527
v -0.0060687740333378315 0.015663526952266693 0.0017405211692675948
v -0.006282550282776356 0.015450292266905308 0.0016549229621887207
v -0.0010233953362330794 0.015867341309785843 0.006278631277382374
v -0.0013229779433459044 0.015709754079580307 0.006420823745429516
v -0.001140332082286477 0.015454035252332687 0.006674762815237045
v -0.0008915116777643561 0.01561170443892479 0.006536764558404684
v -0.0010233953362330794 0.015867341309785843 0.006278631277382374
v -0.001140332082286477 0.015454035252332687 0.006674762815237045
v -0.00048258324386551976 0.015491873025894165 0.0066498578526079655
v -0.0006429411005228758 0.015726417303085327 0.006432980764657259
v -0.0005499661201611161 0.015457672998309135 0.0066794040612876415
v 0.0009714187472127378 0.015890417620539665 0.006257259286940098
v 0.0005154490354470909 0.01547623984515667 0.006663470529019833
v 0.0005348717677406967 0.015469863079488277 0.006669081747531891
v 0.0006831249338574708 0.015995854511857033 0.006157809868454933
v 0.00030145043274387717 0.015546496957540512 0.006601650733500719
v 0.0005154490354470909 0.01547623984515667 0.006663470529019833
v 0.0009714187472127378 0.015890417620539665 0.006257259286940098
v 0.0006831249338574708 0.015995854511857033 0.006157809868454933
v 0.0005154490354470909 0.01547623984515667 0.006663470529019833
v -0.00490212207660079 0.01597323827445507 0.004204634577035904
v -0.005193174816668034 0.015951983630657196 0.0037875028792768717
v -0.005431609693914652 0.015478745102882385 0.004425353370606899
v -0.005091750528663397 0.01549622043967247 0.00484759546816349
v -0.00490212207660079 0.01597323827445507 0.004204634577035904
v -0.005431609693914652 0.015478745102882385 0.004425353370606899
v -0.004590273834764957 0.015965662896633148 0.0046103959903120995
v -0.005091750528663397 0.01549622043967247 0.00484759546816349
v -0.0047287289053201675 0.01548303384333849 0.005252463277429342
v -0.004259897395968437 0.0159289687871933 0.005001372657716274
v -0.004590273834764957 0.015965662896633148 0.0046103959903120995
v -0.0047287289053201675 0.01548303384333849 0.005252463277429342
v -0.0013229779433459044 0.015709754079580307 0.006420823745429516
v -0.0015063054161146283 0.015951381996273994 0.0061475420370697975
v -0.0016595630440860987 0.015485749579966068 0.00661096815019846
v -0.0015063054161146283 0.015951381996273994 0.0061475420370697975
v -0.0019196830689907074 0.01571720652282238 0.006344465538859367
v -0.0016595630440860987 0.015485749579966068 0.00661096815019846
v -0.00039598584407940507 0.015801813453435898 0.006363205146044493
v -0.0006429411005228758 0.015726417303085327 0.006432980764657259
v -0.00048258324386551976 0.015491873025894165 0.0066498578526079655
v -0.0003400995919946581 0.015534385107457638 0.006612342316657305
v -0.00039598584407940507 0.015801813453435898 0.006363205146044493
v -0.00048258324386551976 0.015491873025894165 0.0066498578526079655
v -0.004590273834764957 0.015965662896633148 0.0046103959903120995
v -0.00490212207660079 0.01597323827445507 0.004204634577035904
v -0.005091750528663397 0.01549622043967247 0.00484759546816349
v -0.0029045380651950836 0.015870962291955948 0.005905003286898136
v -0.0031846833880990744 0.015648262575268745 0.00605500303208828
v -0.002808246063068509 0.015501408837735653 0.0063579804264009
v -0.0025698961690068245 0.015706535428762436 0.006209908053278923
v -0.0029045380651950836 0.015870962291955948 0.005905003286898136
v -0.002808246063068509 0.015501408837735653 0.0063579804264009
v 0.0038091696333140135 0.015947870910167694 0.005325003061443567
v 0.003460400504991412 0.01584823988378048 0.005675784777849913
v 0.004284832626581192 0.015506336465477943 0.0055941143073141575
v 0.0046630315482616425 0.015552913770079613 0.0052120801992714405
v 0.0038091696333140135 0.015947870910167694 0.005325003061443567
v 0.004284832626581192 0.015506336465477943 0.0055941143073141575
v 0.005055283196270466 0.016063867136836052 0.0037498073652386665
v 0.004770962055772543 0.01607769913971424 0.0041632698848843575
v 0.005669334903359413 0.015510383993387222 0.003957028035074472
v 0.004770962055772543 0.01607769913971424 0.0041632698848843575
v 0.005358164198696613 0.01555467676371336 0.0043897442519664764
v 0.005669334903359413 0.015510383993387222 0.003957028035074472
v -0.002179369330406189 0.0159309022128582 0.006056184880435467
v -0.0025698961690068245 0.015706535428762436 0.006209908053278923
v -0.0022321559954434633 0.0155198834836483 0.006490419153124094
v -0.0019196830689907074 0.01571720652282238 0.006344465538859367
v -0.002179369330406189 0.0159309022128582 0.006056184880435467
v -0.0022321559954434633 0.0155198834836483 0.006490419153124094
v 0.0021045098546892405 0.015603909268975258 0.006430231966078281
v 0.0018337798537686467 0.01576913520693779 0.006302760448306799
v 0.001591767999343574 0.01553409080952406 0.006571256555616856
v 0.0018337798537686467 0.01576913520693779 0.006302760448306799
v 0.0012669883435592055 0.015742387622594833 0.006391921080648899
v 0.001591767999343574 0.01553409080952406 0.006571256555616856
v -0.00025364867178723216 0.015560178086161613 0.006589580327272415
v -0.00039598584407940507 0.015801813453435898 0.006363205146044493
v -0.0003400995919946581 0.015534385107457638 0.006612342316657305
v 0.0003975277941208333 0.016063394024968147 0.006092539988458157
v 0.00027057688566856086 0.015556633472442627 0.006592731922864914
v 0.00030145043274387717 0.015546496957540512 0.006601650733500719
v 0.0006831249338574708 0.015995854511857033 0.006157809868454933
v 0.0003975277941208333 0.016063394024968147 0.006092539988458157
v 0.00030145043274387717 0.015546496957540512 0.006601650733500719
v -0.003996407613158226 0.015878843143582344 0.0002004778798436746
v 0.004013082943856716 0.015884095802903175 0.00020573071378748864
v -0.004420009441673756 0.01554977148771286 -0.00012859485286753625
v -0.004659280646592379 0.01563563384115696 3.0440653063124046e-05
v -0.003996407613158226 0.015878843143582344 0.0002004778798436746
v -0.004420009441673756 0.01554977148771286 -0.00012859485286753625
v 0.004052090924233198 0.01586141809821129 0.0001830515539040789
v 0.004659280646592379 0.01563563384115696 3.0440651244134642e-05
v 0.004420009441673756 0.01554977148771286 -0.00012859485286753625
v 0.004145603161305189 0.016019698232412338 0.004954060073941946
v 0.0038091696333140135 0.015947870910167694 0.005325003061443567
v 0.0046630315482616425 0.015552913770079613 0.0052120801992714405
v 0.005021841265261173 0.015569030307233334 0.0048094019293785095
v 0.004145603161305189 0.016019698232412338 0.004954060073941946
v 0.0046630315482616425 0.015552913770079613 0.0052120801992714405
v 0.004770962055772543 0.01607769913971424 0.0041632698848843575
v 0.004467017482966185 0.01606304943561554 0.0045657833106815815
v 0.005358164198696613 0.01555467676371336 0.0043897442519664764
v 0.004467017482966185 0.01606304943561554 0.0045657833106815815
v 0.005021841265261173 0.015569030307233334 0.0048094019293785095
v 0.005358164198696613 0.01555467676371336 0.0043897442519664764
v 0.0003975277941208333 0.016063394024968147 0.006092539988458157
v 8.57789273140952e-05 0.015576773323118687 0.006574774160981178
v 0.00027057688566856086 0.015556633472442627 0.006592731922864914
v -0.00014886714052408934 0.015840670093894005 0.006326674949377775
v -0.00039598584407940507 0.015801813453435898 0.006363205146044493
v -0.00025364867178723216 0.015560178086161613 0.006589580327272415
v -0.00012795120710507035 0.015572630800306797 0.006578472442924976
v -0.00014886714052408934 0.015840670093894005 0.006326674949377775
v -0.00025364867178723216 0.015560178086161613 0.006589580327272415
v 0.004467017482966185 0.01606304943561554 0.0045657833106815815
v 0.004145603161305189 0.016019698232412338 0.004954060073941946
v 0.005021841265261173 0.015569030307233334 0.0048094019293785095
v -0.0060687740333378315 0.015663526952266693 0.0017405211692675948
v -0.006002856884151697 0.01565508171916008 0.0013861632905900478
v -0.006167115177959204 0.015570193529129028 0.0016391720855608582
v 0.00600184453651309 0.015655605122447014 0.001384603907354176
v 0.006104893982410431 0.015624812804162502 0.0016982021043077111
v 0.006167115177959204 0.015570193529129028 0.0016391720855608582
v 0.0031021442264318466 0.015721900388598442 0.006003919057548046
v 0.002408609725534916 0.015803875401616096 0.006145887542515993
v 0.002737335627898574 0.015570338815450668 0.006307320203632116
v 0.002408609725534916 0.015803875401616096 0.006145887542515993
v 0.0021045098546892405 0.015603909268975258 0.006430231966078281
v 0.002737335627898574 0.015570338815450668 0.006307320203632116
v 3.91828007195727e-06 0.015585694462060928 0.0065668197348713875
v -0.00014886714052408934 0.015840670093894005 0.006326674949377775
v -0.00012795120710507035 0.015572630800306797 0.006578472442924976
v 0.0003975277941208333 0.016063394024968147 0.006092539988458157
v 0.00011363251542206854 0.016094934195280075 0.0060616759583354
v 8.57789273140952e-05 0.015576773323118687 0.006574774160981178
v 0.00011363251542206854 0.016094934195280075 0.0060616759583354
v 3.91828007195727e-06 0.015585694462060928 0.0065668197348713875
v 8.57789273140952e-05 0.015576773323118687 0.006574774160981178
v 0.00011363251542206854 0.016094934195280075 0.0060616759583354
v -0.00014886714052408934 0.015840670093894005 0.006326674949377775
v 3.91828007195727e-06 0.015585694462060928 0.0065668197348713875
v -0.005924759898334742 0.01572464406490326 0.002503065625205636
v -0.005701620131731033 0.015970593318343163 0.002072911709547043
v -0.006117953918874264 0.015599348582327366 0.0020753401331603527
v -0.005701620131731033 0.015970593318343163 0.002072911709547043
v -0.005751398857682943 0.0159289613366127 0.002027846174314618
v -0.006117953918874264 0.015599348582327366 0.0020753401331603527
v -0.005751398857682943 0.0159289613366127 0.002027846174314618
v -0.0060687740333378315 0.015663526952266693 0.0017405211692675948
v -0.006117953918874264 0.015599348582327366 0.0020753401331603527
v 0.002408609725534916 0.015803875401616096 0.006145887542515993
v 0.0018337798537686467 0.01576913520693779 0.006302760448306799
v 0.0021045098546892405 0.015603909268975258 0.006430231966078281
v -0.0007333018584176898 0.015980223193764687 0.006172740366309881
v -0.0010233953362330794 0.015867341309785843 0.006278631277382374
v -0.0008915116777643561 0.01561170443892479 0.006536764558404684
v -0.0006429411005228758 0.015726417303085327 0.006432980764657259
v -0.0007333018584176898 0.015980223193764687 0.006172740366309881
v -0.0008915116777643561 0.01561170443892479 0.006536764558404684
v 0.0057805669493973255 0.01590951532125473 0.002005894435569644
v 0.005965987220406532 0.015742553398013115 0.0020538894459605217
v 0.006104893982410431 0.015624812804162502 0.0016982021043077111
v 0.00600184453651309 0.015655605122447014 0.001384603907354176
v 0.0057805669493973255 0.01590951532125473 0.002005894435569644
v 0.006104893982410431 0.015624812804162502 0.0016982021043077111
v 0.004052090924233198 0.01586141809821129 0.0001830515539040789
v 0.004243239760398865 0.016030630096793175 0.0003810566267929971
v 0.004659280646592379 0.01563563384115696 3.0440651244134642e-05
v 0.004243239760398865 0.016030630096793175 0.0003810566267929971
v 0.00467006117105484 0.015639502555131912 3.760583058465272e-05
v 0.004659280646592379 0.01563563384115696 3.0440651244134642e-05
v -0.00467006117105484 0.015639502555131912 3.760583058465272e-05
v -0.004239519126713276 0.016033319756388664 0.0003837510012090206
v -0.004659280646592379 0.01563563384115696 3.0440653063124046e-05
v -0.004239519126713276 0.016033319756388664 0.0003837510012090206
v -0.003996407613158226 0.015878843143582344 0.0002004778798436746
v -0.004659280646592379 0.01563563384115696 3.0440653063124046e-05
v -0.004918660968542099 0.01572871208190918 0.00020284170750528574
v -0.004239519126713276 0.016033319756388664 0.0003837510012090206
v -0.00467006117105484 0.015639502555131912 3.760583058465272e-05
v 0.004243239760398865 0.016030630096793175 0.0003810566267929971
v 0.004918660968542099 0.01572871208190918 0.00020284170750528574
v 0.00467006117105484 0.015639502555131912 3.760583058465272e-05
v -0.003233564319089055 0.016011402010917664 0.005577304400503635
v -0.0035541679244488478 0.01576940342783928 0.0057264165952801704
v -0.0031846833880990744 0.015648262575268745 0.00605500303208828
v -0.0029045380651950836 0.015870962291955948 0.005905003286898136
v -0.003233564319089055 0.016011402010917664 0.005577304400503635
v -0.0031846833880990744 0.015648262575268745 0.00605500303208828
v -0.0060687740333378315 0.015663526952266693 0.0017405211692675948
v -0.005434756632894278 0.016176888719201088 0.0019096012692898512
v -0.006002856884151697 0.01565508171916008 0.0013861632905900478
v 0.005439821630716324 0.01617324911057949 0.001905739540234208
v 0.0057805669493973255 0.01590951532125473 0.002005894435569644
v 0.00600184453651309 0.015655605122447014 0.001384603907354176
v -0.005434756632894278 0.016176888719201088 0.0019096012692898512
v -0.005282830912619829 0.01624639704823494 0.0016278941184282303
v -0.006002856884151697 0.01565508171916008 0.0013861632905900478
v -0.005282830912619829 0.01624639704823494 0.0016278941184282303
v -0.0058333612978458405 0.015742676332592964 0.0011250869138166308
v -0.006002856884151697 0.01565508171916008 0.0013861632905900478
v 0.0058333612978458405 0.015742676332592964 0.0011250869138166308
v 0.005287716165184975 0.01624285988509655 0.001624186639674008
v 0.00600184453651309 0.015655605122447014 0.001384603907354176
v 0.005287716165184975 0.01624285988509655 0.001624186639674008
v 0.005439821630716324 0.01617324911057949 0.001905739540234208
v 0.00600184453651309 0.015655605122447014 0.001384603907354176
v -0.005751398857682943 0.0159289613366127 0.002027846174314618
v -0.005434756632894278 0.016176888719201088 0.0019096012692898512
v -0.0060687740333378315 0.015663526952266693 0.0017405211692675948
v -0.002436997601762414 0.016125014051795006 0.0057473075576126575
v -0.0029045380651950836 0.015870962291955948 0.005905003286898136
v -0.0025698961690068245 0.015706535428762436 0.006209908053278923
v -0.002179369330406189 0.0159309022128582 0.006056184880435467
v -0.002436997601762414 0.016125014051795006 0.0057473075576126575
v -0.0025698961690068245 0.015706535428762436 0.006209908053278923
v -0.0010233953362330794 0.015867341309785843 0.006278631277382374
v -0.0011557250982150435 0.016109811142086983 0.006003058515489101
v -0.0013229779433459044 0.015709754079580307 0.006420823745429516
v -0.0011557250982150435 0.016109811142086983 0.006003058515489101
v -0.0015063054161146283 0.015951381996273994 0.0061475420370697975
v -0.0013229779433459044 0.015709754079580307 0.006420823745429516
v -0.00168936129193753 0.0161772221326828 0.005855802912265062
v -0.002179369330406189 0.0159309022128582 0.006056184880435467
v -0.0019196830689907074 0.01571720652282238 0.006344465538859367
v -0.0015063054161146283 0.015951381996273994 0.0061475420370697975
v -0.00168936129193753 0.0161772221326828 0.005855802912265062
v -0.0019196830689907074 0.01571720652282238 0.006344465538859367
v 0.003460400504991412 0.01584823988378048 0.005675784777849913
v 0.0027100921142846346 0.015982812270522118 0.00583887891843915
v 0.0031021442264318466 0.015721900388598442 0.006003919057548046
v 0.0027100921142846346 0.015982812270522118 0.00583887891843915
v 0.002408609725534916 0.015803875401616096 0.006145887542515993
v 0.0031021442264318466 0.015721900388598442 0.006003919057548046
v -0.005465287249535322 0.016134174540638924 0.002247598022222519
v -0.005554613657295704 0.01607234589755535 0.0021815721411257982
v -0.005924759898334742 0.01572464406490326 0.002503065625205636
v -0.005554613657295704 0.01607234589755535 0.0021815721411257982
v -0.005701620131731033 0.015970593318343163 0.002072911709547043
v -0.005924759898334742 0.01572464406490326 0.002503065625205636
v -0.005391500890254974 0.016173332929611206 0.0024300289805978537
v -0.005465287249535322 0.016134174540638924 0.002247598022222519
v -0.005924759898334742 0.01572464406490326 0.002503065625205636
v -0.005705753806978464 0.015826350077986717 0.0029332239646464586
v -0.005391500890254974 0.016173332929611206 0.0024300289805978537
v -0.005924759898334742 0.01572464406490326 0.002503065625205636
v -0.00044984175474382937 0.0160538237541914 0.0061019123531877995
v -0.0007333018584176898 0.015980223193764687 0.006172740366309881
v -0.0006429411005228758 0.015726417303085327 0.006432980764657259
v -0.00039598584407940507 0.015801813453435898 0.006363205146044493
v -0.00044984175474382937 0.0160538237541914 0.0061019123531877995
v -0.0006429411005228758 0.015726417303085327 0.006432980764657259
v -0.004928085952997208 0.015732094645500183 0.00020910610328428447
v -0.004468210972845554 0.01614854671061039 0.0005879433010704815
v -0.004918660968542099 0.01572871208190918 0.00020284170750528574
v -0.004468210972845554 0.01614854671061039 0.0005879433010704815
v -0.004239519126713276 0.016033319756388664 0.0003837510012090206
v -0.004918660968542099 0.01572871208190918 0.00020284170750528574
v 0.004243239760398865 0.016030630096793175 0.0003810566267929971
v 0.004472183063626289 0.016145657747983932 0.0005850353045389056
v 0.004918660968542099 0.01572871208190918 0.00020284170750528574
v 0.004472183063626289 0.016145657747983932 0.0005850353045389056
v 0.004928085952997208 0.015732094645500183 0.00020910610328428447
v 0.004918660968542099 0.01572871208190918 0.00020284170750528574
v -0.005108442157506943 0.01579681597650051 0.0003289825690444559
v -0.004468210972845554 0.01614854671061039 0.0005879433010704815
v -0.004928085952997208 0.015732094645500183 0.00020910610328428447
v 0.004472183063626289 0.016145657747983932 0.0005850353045389056
v 0.005108442157506943 0.01579681597650051 0.0003289825690444559
v 0.004928085952997208 0.015732094645500183 0.00020910610328428447
v 0.0018337798537686467 0.01576913520693779 0.006302760448306799
v 0.0014399177161976695 0.015984490513801575 0.006118041928857565
v 0.0012669883435592055 0.015742387622594833 0.006391921080648899
v 0.0014399177161976695 0.015984490513801575 0.006118041928857565
v 0.0009714187472127378 0.015890417620539665 0.006257259286940098
v 0.0012669883435592055 0.015742387622594833 0.006391921080648899
v 0.0057805669493973255 0.01590951532125473 0.002005894435569644
v 0.005751617718487978 0.015930231660604477 0.0020281183533370495
v 0.005965987220406532 0.015742553398013115 0.0020538894459605217
v 0.005751617718487978 0.015930231660604477 0.0020281183533370495
v 0.005774352233856916 0.01585998199880123 0.002477573463693261
v 0.005965987220406532 0.015742553398013115 0.0020538894459605217
v -0.005282830912619829 0.01624639704823494 0.0016278941184282303
v -0.005831297021359205 0.015743743628263474 0.0011219076113775373
v -0.0058333612978458405 0.015742676332592964 0.0011250869138166308
v 0.005831297021359205 0.015743743628263474 0.0011219076113775373
v 0.005287716165184975 0.01624285988509655 0.001624186639674008
v 0.0058333612978458405 0.015742676332592964 0.0011250869138166308
v -0.005282830912619829 0.01624639704823494 0.0016278941184282303
v -0.005714885890483856 0.015803903341293335 0.0009425978641957045
v -0.005831297021359205 0.015743743628263474 0.0011219076113775373
v 0.005714885890483856 0.015803903341293335 0.0009425978641957045
v 0.005287716165184975 0.01624285988509655 0.001624186639674008
v 0.005831297021359205 0.015743743628263474 0.0011219076113775373
v 0.002075399039313197 0.015986915677785873 0.006013304926455021
v 0.0014399177161976695 0.015984490513801575 0.006118041928857565
v 0.0018337798537686467 0.01576913520693779 0.006302760448306799
v 0.002408609725534916 0.015803875401616096 0.006145887542515993
v 0.002075399039313197 0.015986915677785873 0.006013304926455021
v 0.0018337798537686467 0.01576913520693779 0.006302760448306799
v -0.0035544673446565866 0.01612638682126999 0.005228789988905191
v -0.003913579974323511 0.015863334760069847 0.0053743538446724415
v -0.0035541679244488478 0.01576940342783928 0.0057264165952801704
v -0.003233564319089055 0.016011402010917664 0.005577304400503635
v -0.0035544673446565866 0.01612638682126999 0.005228789988905191
v -0.0035541679244488478 0.01576940342783928 0.0057264165952801704
v -0.005171865690499544 0.015797557309269905 0.00039315622416324914
v -0.004692963790148497 0.016230104491114616 0.0008203033939935267
v -0.005108442157506943 0.01579681597650051 0.0003289825690444559
v -0.004692963790148497 0.016230104491114616 0.0008203033939935267
v -0.004468210972845554 0.01614854671061039 0.0005879433010704815
v -0.005108442157506943 0.01579681597650051 0.0003289825690444559
v 0.004472183063626289 0.016145657747983932 0.0005850353045389056
v 0.004697184078395367 0.016227025538682938 0.0008171804947778583
v 0.005108442157506943 0.01579681597650051 0.0003289825690444559
v 0.004697184078395367 0.016227025538682938 0.0008171804947778583
v 0.005171865690499544 0.015797557309269905 0.00039315622416324914
v 0.005108442157506943 0.01579681597650051 0.0003289825690444559
v -0.005178835708647966 0.015797637403011322 0.0004002086352556944
v -0.004692963790148497 0.016230104491114616 0.0008203033939935267
v -0.005171865690499544 0.015797557309269905 0.00039315622416324914
v 0.004697184078395367 0.016227025538682938 0.0008171804947778583
v 0.005178835708647966 0.015797637403011322 0.0004002086352556944
v 0.005171865690499544 0.015797557309269905 0.00039315622416324914
v -0.005406011361628771 0.015800293534994125 0.0006300705717876554
v -0.004692963790148497 0.016230104491114616 0.0008203033939935267
v -0.005178835708647966 0.015797637403011322 0.0004002086352556944
v 0.004697184078395367 0.016227025538682938 0.0008171804947778583
v 0.005406011361628771 0.015800293534994125 0.0006300705717876554
v 0.005178835708647966 0.015797637403011322 0.0004002086352556944
v -0.0054116640239953995 0.015800360590219498 0.0006357902311719954
v -0.004907484166324139 0.01627439074218273 0.0010756438132375479
v -0.005406011361628771 0.015800293534994125 0.0006300705717876554
v -0.004907484166324139 0.01627439074218273 0.0010756438132375479
v -0.004692963790148497 0.016230104491114616 0.0008203033939935267
v -0.005406011361628771 0.015800293534994125 0.0006300705717876554
v 0.004697184078395367 0.016227025538682938 0.0008171804947778583
v 0.00491194287315011 0.016271136701107025 0.0010723114246502519
v 0.005406011361628771 0.015800293534994125 0.0006300705717876554
v 0.00491194287315011 0.016271136701107025 0.0010723114246502519
v 0.0054116640239953995 0.015800360590219498 0.0006357902311719954
v 0.005406011361628771 0.015800293534994125 0.0006300705717876554
v -0.005640307441353798 0.015803031623363495 0.000867137627210468
v -0.004907484166324139 0.01627439074218273 0.0010756438132375479
v -0.0054116640239953995 0.015800360590219498 0.0006357902311719954
v 0.00491194287315011 0.016271136701107025 0.0010723114246502519
v 0.005640307441353798 0.015803031623363495 0.000867137627210468
v 0.0054116640239953995 0.015800360590219498 0.0006357902311719954
v -0.00016876864538062364 0.016091566532850266 0.006064946297556162
v -0.00044984175474382937 0.0160538237541914 0.0061019123531877995
v -0.00039598584407940507 0.015801813453435898 0.006363205146044493
v -0.00014886714052408934 0.015840670093894005 0.006326674949377775
v -0.00016876864538062364 0.016091566532850266 0.006064946297556162
v -0.00039598584407940507 0.015801813453435898 0.006363205146044493
v -0.0056444923393428326 0.015803081914782524 0.0008713717688806355
v -0.005105806048959494 0.016279693692922592 0.0013473407598212361
v -0.005640307441353798 0.015803031623363495 0.000867137627210468
v -0.005105806048959494 0.016279693692922592 0.0013473407598212361
v -0.004907484166324139 0.01627439074218273 0.0010756438132375479
v -0.005640307441353798 0.015803031623363495 0.000867137627210468
v 0.00491194287315011 0.016271136701107025 0.0010723114246502519
v 0.005110487807542086 0.01627628691494465 0.0013438115129247308
v 0.005640307441353798 0.015803031623363495 0.000867137627210468
v 0.005110487807542086 0.01627628691494465 0.0013438115129247308
v 0.0056444923393428326 0.015803081914782524 0.0008713717688806355
v 0.005640307441353798 0.015803031623363495 0.000867137627210468
v -0.005714885890483856 0.015803903341293335 0.0009425978641957045
v -0.005105806048959494 0.016279693692922592 0.0013473407598212361
v -0.0056444923393428326 0.015803081914782524 0.0008713717688806355
v 0.005110487807542086 0.01627628691494465 0.0013438115129247308
v 0.005714885890483856 0.015803903341293335 0.0009425978641957045
v 0.0056444923393428326 0.015803081914782524 0.0008713717688806355
v 0.0027100921142846346 0.015982812270522118 0.00583887891843915
v 0.002075399039313197 0.015986915677785873 0.006013304926455021
v 0.002408609725534916 0.015803875401616096 0.006145887542515993
v -0.005282830912619829 0.01624639704823494 0.0016278941184282303
v -0.005105806048959494 0.016279693692922592 0.0013473407598212361
v -0.005714885890483856 0.015803903341293335 0.0009425978641957045
v 0.005110487807542086 0.01627628691494465 0.0013438115129247308
v 0.005287716165184975 0.01624285988509655 0.001624186639674008
v 0.005714885890483856 0.015803903341293335 0.0009425978641957045
v -0.005184878129512072 0.016246149316430092 0.0028474966529756784
v -0.005391500890254974 0.016173332929611206 0.0024300289805978537
v -0.005705753806978464 0.015826350077986717 0.0029332239646464586
v -0.005461544264107943 0.01590263657271862 0.0033625212963670492
v -0.005184878129512072 0.016246149316430092 0.0028474966529756784
v -0.005705753806978464 0.015826350077986717 0.0029332239646464586
v 0.00011363251542206854 0.016094934195280075 0.0060616759583354
v -0.00016876864538062364 0.016091566532850266 0.006064946297556162
v -0.00014886714052408934 0.015840670093894005 0.006326674949377775
v 0.0036214825231581926 0.016083121299743652 0.0052507794462144375
v 0.003006842453032732 0.01613900624215603 0.005510755814611912
v 0.003460400504991412 0.01584823988378048 0.005675784777849913
v 0.0038091696333140135 0.015947870910167694 0.005325003061443567
v 0.0036214825231581926 0.016083121299743652 0.0052507794462144375
v 0.003460400504991412 0.01584823988378048 0.005675784777849913
v 0.003006842453032732 0.01613900624215603 0.005510755814611912
v 0.0027100921142846346 0.015982812270522118 0.00583887891843915
v 0.003460400504991412 0.01584823988378048 0.005675784777849913
v 0.0056306165643036366 0.016016820445656776 0.0021210091654211283
v 0.005494543816894293 0.016093213111162186 0.00244053453207016
v 0.005774352233856916 0.01585998199880123 0.002477573463693261
v 0.005751617718487978 0.015930231660604477 0.0020281183533370495
v 0.0056306165643036366 0.016016820445656776 0.0021210091654211283
v 0.005774352233856916 0.01585998199880123 0.002477573463693261
v 0.005494543816894293 0.016093213111162186 0.00244053453207016
v 0.005285047460347414 0.016171753406524658 0.002860040869563818
v 0.005774352233856916 0.01585998199880123 0.002477573463693261
v 0.005285047460347414 0.016171753406524658 0.002860040869563818
v 0.005558206234127283 0.015953771770000458 0.0029035962652415037
v 0.005774352233856916 0.01585998199880123 0.002477573463693261
v 0.004013082943856716 0.015884095802903175 0.00020573071378748864
v 0.004243239760398865 0.016030630096793175 0.0003810566267929971
v 0.004052090924233198 0.01586141809821129 0.0001830515539040789
v -0.003864808939397335 0.016214795410633087 0.0048617832362651825
v -0.004259897395968437 0.0159289687871933 0.005001372657716274
v -0.003913579974323511 0.015863334760069847 0.0053743538446724415
v -0.0035544673446565866 0.01612638682126999 0.005228789988905191
v -0.003864808939397335 0.016214795410633087 0.0048617832362651825
v -0.003913579974323511 0.015863334760069847 0.0053743538446724415
v -0.0007333018584176898 0.015980223193764687 0.006172740366309881
v -0.0008239477756433189 0.016221461817622185 0.005896306596696377
v -0.0010233953362330794 0.015867341309785843 0.006278631277382374
v -0.0008239477756433189 0.016221461817622185 0.005896306596696377
v -0.0011557250982150435 0.016109811142086983 0.006003058515489101
v -0.0010233953362330794 0.015867341309785843 0.006278631277382374
v -0.0026909150183200836 0.016297901049256325 0.005419311113655567
v -0.003233564319089055 0.016011402010917664 0.005577304400503635
v -0.0029045380651950836 0.015870962291955948 0.005905003286898136
v -0.002436997601762414 0.016125014051795006 0.0057473075576126575
v -0.0026909150183200836 0.016297901049256325 0.005419311113655567
v -0.0029045380651950836 0.015870962291955948 0.005905003286898136
v -0.0037998072803020477 0.016031572595238686 0.000353205919964239
v 0.004013082943856716 0.015884095802903175 0.00020573071378748864
v -0.003996407613158226 0.015878843143582344 0.0002004778798436746
v -0.004239519126713276 0.016033319756388664 0.0003837510012090206
v -0.0037998072803020477 0.016031572595238686 0.000353205919964239
v -0.003996407613158226 0.015878843143582344 0.0002004778798436746
v -0.0037998072803020477 0.016031572595238686 0.000353205919964239
v -0.0035243250895291567 0.016167771071195602 0.0004894056473858654
v 0.004013082943856716 0.015884095802903175 0.00020573071378748864
v -0.0035243250895291567 0.016167771071195602 0.0004894056473858654
v -0.0030494616366922855 0.01640254631638527 0.0007241803104989231
v 0.004013082943856716 0.015884095802903175 0.00020573071378748864
v -0.0030494616366922855 0.01640254631638527 0.0007241803104989231
v -0.0030090392101556063 0.01641479879617691 0.0007364334305748343
v 0.004013082943856716 0.015884095802903175 0.00020573071378748864
v -0.0030090392101556063 0.01641479879617691 0.0007364334305748343
v 0.0035323742777109146 0.016163581982254982 0.0004852159763686359
v 0.004013082943856716 0.015884095802903175 0.00020573071378748864
v 0.0035323742777109146 0.016163581982254982 0.0004852159763686359
v 0.004243239760398865 0.016030630096793175 0.0003810566267929971
v 0.004013082943856716 0.015884095802903175 0.00020573071378748864
v 0.0014399177161976695 0.015984490513801575 0.006118041928857565
v 0.001095848041586578 0.016132742166519165 0.005981463007628918
v 0.0009714187472127378 0.015890417620539665 0.006257259286940098
v 0.001095848041586578 0.016132742166519165 0.005981463007628918
v 0.0006831249338574708 0.015995854511857033 0.006157809868454933
v 0.0009714187472127378 0.015890417620539665 0.006257259286940098
v -0.00495751341804862 0.016293805092573166 0.003264184109866619
v -0.005184878129512072 0.016246149316430092 0.0028474966529756784
v -0.005461544264107943 0.01590263657271862 0.0033625212963670492
v -0.005193174816668034 0.015951983630657196 0.0037875028792768717
v -0.00495751341804862 0.016293805092573166 0.003264184109866619
v -0.005461544264107943 0.01590263657271862 0.0033625212963670492
v 0.005439821630716324 0.01617324911057949 0.001905739540234208
v 0.005751617718487978 0.015930231660604477 0.0020281183533370495
v 0.0057805669493973255 0.01590951532125473 0.002005894435569644
v -0.005701620131731033 0.015970593318343163 0.002072911709547043
v -0.005434756632894278 0.016176888719201088 0.0019096012692898512
v -0.005751398857682943 0.0159289613366127 0.002027846174314618
v -0.00416228175163269 0.016275886446237564 0.004478899296373129
v -0.004590273834764957 0.015965662896633148 0.0046103959903120995
v -0.004259897395968437 0.0159289687871933 0.005001372657716274
v -0.003864808939397335 0.016214795410633087 0.0048617832362651825
v -0.00416228175163269 0.016275886446237564 0.004478899296373129
v -0.004259897395968437 0.0159289687871933 0.005001372657716274
v 0.005439821630716324 0.01617324911057949 0.001905739540234208
v 0.0056306165643036366 0.016016820445656776 0.0021210091654211283
v 0.005751617718487978 0.015930231660604477 0.0020281183533370495
v -0.0018711609300225973 0.016385693103075027 0.005546721629798412
v -0.002436997601762414 0.016125014051795006 0.0057473075576126575
v -0.002179369330406189 0.0159309022128582 0.006056184880435467
v -0.00168936129193753 0.0161772221326828 0.005855802912265062
v -0.0018711609300225973 0.016385693103075027 0.005546721629798412
v -0.002179369330406189 0.0159309022128582 0.006056184880435467
v 0.004145603161305189 0.016019698232412338 0.004954060073941946
v 0.0036214825231581926 0.016083121299743652 0.0052507794462144375
v 0.0038091696333140135 0.015947870910167694 0.005325003061443567
v -0.0012878731358796358 0.016337590292096138 0.005710913799703121
v -0.00168936129193753 0.0161772221326828 0.005855802912265062
v -0.0015063054161146283 0.015951381996273994 0.0061475420370697975
v -0.0011557250982150435 0.016109811142086983 0.006003058515489101
v -0.0012878731358796358 0.016337590292096138 0.005710913799703121
v -0.0015063054161146283 0.015951381996273994 0.0061475420370697975
v -0.0047103771939873695 0.01631513610482216 0.0036770484875887632
v -0.00495751341804862 0.016293805092573166 0.003264184109866619
v -0.005193174816668034 0.015951983630657196 0.0037875028792768717
v -0.00490212207660079 0.01597323827445507 0.004204634577035904
v -0.0047103771939873695 0.01631513610482216 0.0036770484875887632
v -0.005193174816668034 0.015951983630657196 0.0037875028792768717
v 0.005285047460347414 0.016171753406524658 0.002860040869563818
v 0.0050539919175207615 0.01622507907450199 0.003278752788901329
v 0.005558206234127283 0.015953771770000458 0.0029035962652415037
v 0.0050539919175207615 0.01622507907450199 0.003278752788901329
v 0.005318174138665199 0.016022205352783203 0.0033287829719483852
v 0.005558206234127283 0.015953771770000458 0.0029035962652415037
v -0.00444476492702961 0.016309313476085663 0.004082984756678343
v -0.00490212207660079 0.01597323827445507 0.004204634577035904
v -0.004590273834764957 0.015965662896633148 0.0046103959903120995
v -0.00416228175163269 0.016275886446237564 0.004478899296373129
v -0.00444476492702961 0.016309313476085663 0.004082984756678343
v -0.004590273834764957 0.015965662896633148 0.0046103959903120995
v -0.005554613657295704 0.01607234589755535 0.0021815721411257982
v -0.005434756632894278 0.016176888719201088 0.0019096012692898512
v -0.005701620131731033 0.015970593318343163 0.002072911709547043
v -0.00444476492702961 0.016309313476085663 0.004082984756678343
v -0.0047103771939873695 0.01631513610482216 0.0036770484875887632
v -0.00490212207660079 0.01597323827445507 0.004204634577035904
v -0.00044984175474382937 0.0160538237541914 0.0061019123531877995
v -0.0005038605304434896 0.016293643042445183 0.005825200583785772
v -0.0007333018584176898 0.015980223193764687 0.006172740366309881
v -0.0005038605304434896 0.016293643042445183 0.005825200583785772
v -0.0008239477756433189 0.016221461817622185 0.005896306596696377
v -0.0007333018584176898 0.015980223193764687 0.006172740366309881
v 0.003006842453032732 0.01613900624215603 0.005510755814611912
v 0.0023151671048253775 0.016185663640499115 0.005704059731215239
v 0.0027100921142846346 0.015982812270522118 0.00583887891843915
v 0.0023151671048253775 0.016185663640499115 0.005704059731215239
v 0.002075399039313197 0.015986915677785873 0.006013304926455021
v 0.0027100921142846346 0.015982812270522118 0.00583887891843915
v 0.0016125949332490563 0.016211045905947685 0.005826117005199194
v 0.001095848041586578 0.016132742166519165 0.005981463007628918
v 0.0014399177161976695 0.015984490513801575 0.006118041928857565
v 0.002075399039313197 0.015986915677785873 0.006013304926455021
v 0.0016125949332490563 0.016211045905947685 0.005826117005199194
v 0.0014399177161976695 0.015984490513801575 0.006118041928857565
v 0.0023151671048253775 0.016185663640499115 0.005704059731215239
v 0.0016125949332490563 0.016211045905947685 0.005826117005199194
v 0.002075399039313197 0.015986915677785873 0.006013304926455021
v 0.001095848041586578 0.016132742166519165 0.005981463007628918
v 0.0007670581107959151 0.01623682677745819 0.00588129973039031
v 0.0006831249338574708 0.015995854511857033 0.006157809868454933
v 0.0007670581107959151 0.01623682677745819 0.00588129973039031
v 0.0003975277941208333 0.016063394024968147 0.006092539988458157
v 0.0006831249338574708 0.015995854511857033 0.006157809868454933
v -0.0029394745361059904 0.01644814945757389 0.005073949694633484
v -0.0035544673446565866 0.01612638682126999 0.005228789988905191
v -0.003233564319089055 0.016011402010917664 0.005577304400503635
v -0.0026909150183200836 0.016297901049256325 0.005419311113655567
v -0.0029394745361059904 0.01644814945757389 0.005073949694633484
v -0.003233564319089055 0.016011402010917664 0.005577304400503635
v 0.005558540113270283 0.01606840081512928 0.0021763413678854704
v 0.005494543816894293 0.016093213111162186 0.00244053453207016
v 0.0056306165643036366 0.016016820445656776 0.0021210091654211283
v 0.005439821630716324 0.01617324911057949 0.001905739540234208
v 0.005558540113270283 0.01606840081512928 0.0021763413678854704
v 0.0056306165643036366 0.016016820445656776 0.0021210091654211283
v 0.00393897807225585 0.01616697572171688 0.004882880952209234
v 0.0036214825231581926 0.016083121299743652 0.0052507794462144375
v 0.004145603161305189 0.016019698232412338 0.004954060073941946
v 0.004467017482966185 0.01606304943561554 0.0045657833106815815
v 0.00393897807225585 0.01616697572171688 0.004882880952209234
v 0.004145603161305189 0.016019698232412338 0.004954060073941946
v 0.0050539919175207615 0.01622507907450199 0.003278752788901329
v 0.004802364856004715 0.016251955181360245 0.003693557344377041
v 0.005318174138665199 0.016022205352783203 0.0033287829719483852
v 0.004802364856004715 0.016251955181360245 0.003693557344377041
v 0.005055283196270466 0.016063867136836052 0.0037498073652386665
v 0.005318174138665199 0.016022205352783203 0.0033287829719483852
v 0.0035323742777109146 0.016163581982254982 0.0004852159763686359
v 0.0037390999495983124 0.016343502327799797 0.0006943712360225618
v 0.004243239760398865 0.016030630096793175 0.0003810566267929971
v 0.0037390999495983124 0.016343502327799797 0.0006943712360225618
v 0.0039328476414084435 0.01648186333477497 0.000923093524761498
v 0.004243239760398865 0.016030630096793175 0.0003810566267929971
v 0.0039328476414084435 0.01648186333477497 0.000923093524761498
v 0.004472183063626289 0.016145657747983932 0.0005850353045389056
v 0.004243239760398865 0.016030630096793175 0.0003810566267929971
v -0.004239519126713276 0.016033319756388664 0.0003837510012090206
v -0.0035243250895291567 0.016167771071195602 0.0004894056473858654
v -0.0037998072803020477 0.016031572595238686 0.000353205919964239
v -0.003728912677615881 0.01634889841079712 0.00069977599196136
v -0.0035243250895291567 0.016167771071195602 0.0004894056473858654
v -0.004239519126713276 0.016033319756388664 0.0003837510012090206
v -0.004468210972845554 0.01614854671061039 0.0005879433010704815
v -0.003728912677615881 0.01634889841079712 0.00069977599196136
v -0.004239519126713276 0.016033319756388664 0.0003837510012090206
v -0.00016876864538062364 0.016091566532850266 0.006064946297556162
v -0.0001887288090074435 0.01633046381175518 0.0057881842367351055
v -0.00044984175474382937 0.0160538237541914 0.0061019123531877995
v -0.0001887288090074435 0.01633046381175518 0.0057881842367351055
v -0.0005038605304434896 0.016293643042445183 0.005825200583785772
v -0.00044984175474382937 0.0160538237541914 0.0061019123531877995
v 0.004770962055772543 0.01607769913971424 0.0041632698848843575
v 0.00424305209890008 0.016223207116127014 0.004498743452131748
v 0.004467017482966185 0.01606304943561554 0.0045657833106815815
v 0.00424305209890008 0.016223207116127014 0.004498743452131748
v 0.00393897807225585 0.01616697572171688 0.004882880952209234
v 0.004467017482966185 0.01606304943561554 0.0045657833106815815
v 0.0007670581107959151 0.01623682677745819 0.00588129973039031
v 0.00044510498992167413 0.01630297861993313 0.0058158147148787975
v 0.0003975277941208333 0.016063394024968147 0.006092539988458157
v 0.00044510498992167413 0.01630297861993313 0.0058158147148787975
v 0.00011363251542206854 0.016094934195280075 0.0060616759583354
v 0.0003975277941208333 0.016063394024968147 0.006092539988458157
v 0.004802364856004715 0.016251955181360245 0.003693557344377041
v 0.004531498532742262 0.016251500695943832 0.004101276863366365
v 0.005055283196270466 0.016063867136836052 0.0037498073652386665
v 0.004531498532742262 0.016251500695943832 0.004101276863366365
v 0.004770962055772543 0.01607769913971424 0.0041632698848843575
v 0.005055283196270466 0.016063867136836052 0.0037498073652386665
v 0.005354458931833506 0.016214441508054733 0.0023330114781856537
v 0.005494543816894293 0.016093213111162186 0.00244053453207016
v 0.005558540113270283 0.01606840081512928 0.0021763413678854704
v 0.005439821630716324 0.01617324911057949 0.001905739540234208
v 0.005354458931833506 0.016214441508054733 0.0023330114781856537
v 0.005558540113270283 0.01606840081512928 0.0021763413678854704
v -0.005465287249535322 0.016134174540638924 0.002247598022222519
v -0.005434756632894278 0.016176888719201088 0.0019096012692898512
v -0.005554613657295704 0.01607234589755535 0.0021815721411257982
v 0.004531498532742262 0.016251500695943832 0.004101276863366365
v 0.00424305209890008 0.016223207116127014 0.004498743452131748
v 0.004770962055772543 0.01607769913971424 0.0041632698848843575
v 0.00393897807225585 0.01616697572171688 0.004882880952209234
v 0.0032967529259622097 0.016270997002720833 0.005163399036973715
v 0.0036214825231581926 0.016083121299743652 0.0052507794462144375
v 0.0032967529259622097 0.016270997002720833 0.005163399036973715
v 0.003006842453032732 0.01613900624215603 0.005510755814611912
v 0.0036214825231581926 0.016083121299743652 0.0052507794462144375
v 0.00011363251542206854 0.016094934195280075 0.0060616759583354
v 0.00012706917186733335 0.01633375510573387 0.005784906912595034
v -0.00016876864538062364 0.016091566532850266 0.006064946297556162
v 0.00012706917186733335 0.01633375510573387 0.005784906912595034
v -0.0001887288090074435 0.01633046381175518 0.0057881842367351055
v -0.00016876864538062364 0.016091566532850266 0.006064946297556162
v 0.005354458931833506 0.016214441508054733 0.0023330114781856537
v 0.005230720620602369 0.016286980360746384 0.002409928012639284
v 0.005494543816894293 0.016093213111162186 0.00244053453207016
v 0.005230720620602369 0.016286980360746384 0.002409928012639284
v 0.005285047460347414 0.016171753406524658 0.002860040869563818
v 0.005494543816894293 0.016093213111162186 0.00244053453207016
v 0.00044510498992167413 0.01630297861993313 0.0058158147148787975
v 0.00012706917186733335 0.01633375510573387 0.005784906912595034
v 0.00011363251542206854 0.016094934195280075 0.0060616759583354
v -0.000914475996978581 0.01644873060286045 0.005604526959359646
v -0.0012878731358796358 0.016337590292096138 0.005710913799703121
v -0.0011557250982150435 0.016109811142086983 0.006003058515489101
v -0.0008239477756433189 0.016221461817622185 0.005896306596696377
v -0.000914475996978581 0.01644873060286045 0.005604526959359646
v -0.0011557250982150435 0.016109811142086983 0.006003058515489101
v -0.0020507052540779114 0.016575345769524574 0.005221630446612835
v -0.0026909150183200836 0.016297901049256325 0.005419311113655567
v -0.002436997601762414 0.016125014051795006 0.0057473075576126575
v -0.0018711609300225973 0.016385693103075027 0.005546721629798412
v -0.0020507052540779114 0.016575345769524574 0.005221630446612835
v -0.002436997601762414 0.016125014051795006 0.0057473075576126575
v -0.0031810682266950607 0.01657460816204548 0.004713223781436682
v -0.003864808939397335 0.016214795410633087 0.0048617832362651825
v -0.0035544673446565866 0.01612638682126999 0.005228789988905191
v -0.0029394745361059904 0.01644814945757389 0.005073949694633484
v -0.0031810682266950607 0.01657460816204548 0.004713223781436682
v -0.0035544673446565866 0.01612638682126999 0.005228789988905191
v 0.001220108475536108 0.016360526904463768 0.0056893532164394855
v 0.0007670581107959151 0.01623682677745819 0.00588129973039031
v 0.001095848041586578 0.016132742166519165 0.005981463007628918
v 0.0016125949332490563 0.016211045905947685 0.005826117005199194
v 0.001220108475536108 0.016360526904463768 0.0056893532164394855
v 0.001095848041586578 0.016132742166519165 0.005981463007628918
v -0.005391500890254974 0.016173332929611206 0.0024300289805978537
v -0.005288534797728062 0.01625651679933071 0.00237824534997344
v -0.005465287249535322 0.016134174540638924 0.002247598022222519
v -0.005288534797728062 0.01625651679933071 0.00237824534997344
v -0.005434756632894278 0.016176888719201088 0.0019096012692898512
v -0.005465287249535322 0.016134174540638924 0.002247598022222519
v 0.0032967529259622097 0.016270997002720833 0.005163399036973715
v 0.002551601268351078 0.016363780945539474 0.005376469809561968
v 0.003006842453032732 0.01613900624215603 0.005510755814611912
v 0.002551601268351078 0.016363780945539474 0.005376469809561968
v 0.0023151671048253775 0.016185663640499115 0.005704059731215239
v 0.003006842453032732 0.01613900624215603 0.005510755814611912
v 0.0039328476414084435 0.01648186333477497 0.000923093524761498
v 0.0041232043877244 0.016585584729909897 0.0011800294741988182
v 0.004472183063626289 0.016145657747983932 0.0005850353045389056
v 0.0041232043877244 0.016585584729909897 0.0011800294741988182
v 0.004697184078395367 0.016227025538682938 0.0008171804947778583
v 0.004472183063626289 0.016145657747983932 0.0005850353045389056
v -0.004692963790148497 0.016230104491114616 0.0008203033939935267
v -0.003921946976333857 0.016487661749124527 0.0009289276786148548
v -0.004468210972845554 0.01614854671061039 0.0005879433010704815
v -0.003921946976333857 0.016487661749124527 0.0009289276786148548
v -0.003728912677615881 0.01634889841079712 0.00069977599196136
v -0.004468210972845554 0.01614854671061039 0.0005879433010704815
v -0.0030090392101556063 0.01641479879617691 0.0007364334305748343
v 0.003311584237962961 0.016291949898004532 0.0006135837757028639
v 0.0035323742777109146 0.016163581982254982 0.0004852159763686359
v 0.003311584237962961 0.016291949898004532 0.0006135837757028639
v 0.0037390999495983124 0.016343502327799797 0.0006943712360225618
v 0.0035323742777109146 0.016163581982254982 0.0004852159763686359
v 0.003577770898118615 0.016377637162804604 0.004798987414687872
v 0.0032967529259622097 0.016270997002720833 0.005163399036973715
v 0.00393897807225585 0.01616697572171688 0.004882880952209234
v 0.00424305209890008 0.016223207116127014 0.004498743452131748
v 0.003577770898118615 0.016377637162804604 0.004798987414687872
v 0.00393897807225585 0.01616697572171688 0.004882880952209234
v -0.003728912677615881 0.01634889841079712 0.00069977599196136
v -0.0030494616366922855 0.01640254631638527 0.0007241803104989231
v -0.0035243250895291567 0.016167771071195602 0.0004894056473858654
v 0.004880130756646395 0.01649250090122223 0.002627856098115444
v 0.004787176847457886 0.016514591872692108 0.0028118551708757877
v 0.005285047460347414 0.016171753406524658 0.002860040869563818
v 0.005230720620602369 0.016286980360746384 0.002409928012639284
v 0.004880130756646395 0.01649250090122223 0.002627856098115444
v 0.005285047460347414 0.016171753406524658 0.002860040869563818
v 0.004787176847457886 0.016514591872692108 0.0028118551708757877
v 0.004576363600790501 0.016539759933948517 0.0032220245338976383
v 0.005285047460347414 0.016171753406524658 0.002860040869563818
v 0.004576363600790501 0.016539759933948517 0.0032220245338976383
v 0.0050539919175207615 0.01622507907450199 0.003278752788901329
v 0.005285047460347414 0.016171753406524658 0.002860040869563818
v 0.005287716165184975 0.01624285988509655 0.001624186639674008
v 0.004749291576445103 0.016598829999566078 0.0023529990576207638
v 0.005439821630716324 0.01617324911057949 0.001905739540234208
v 0.004749291576445103 0.016598829999566078 0.0023529990576207638
v 0.004880130756646395 0.01649250090122223 0.002627856098115444
v 0.005439821630716324 0.01617324911057949 0.001905739540234208
v 0.004880130756646395 0.01649250090122223 0.002627856098115444
v 0.005230720620602369 0.016286980360746384 0.002409928012639284
v 0.005439821630716324 0.01617324911057949 0.001905739540234208
v 0.005230720620602369 0.016286980360746384 0.002409928012639284
v 0.005354458931833506 0.016214441508054733 0.0023330114781856537
v 0.005439821630716324 0.01617324911057949 0.001905739540234208
v -0.005184878129512072 0.016246149316430092 0.0028474966529756784
v -0.005208227317780256 0.01630178838968277 0.002426222199574113
v -0.005391500890254974 0.016173332929611206 0.0024300289805978537
v -0.005208227317780256 0.01630178838968277 0.002426222199574113
v -0.005228507332503796 0.01629035547375679 0.00241410662420094
v -0.005391500890254974 0.016173332929611206 0.0024300289805978537
v -0.005228507332503796 0.01629035547375679 0.00241410662420094
v -0.005288534797728062 0.01625651679933071 0.00237824534997344
v -0.005391500890254974 0.016173332929611206 0.0024300289805978537
v -0.005288534797728062 0.01625651679933071 0.00237824534997344
v -0.005096739623695612 0.01640106737613678 0.0021455660462379456
v -0.005434756632894278 0.016176888719201088 0.0019096012692898512
v -0.005096739623695612 0.01640106737613678 0.0021455660462379456
v -0.0046081384643912315 0.01666306145489216 0.0020613803062587976
v -0.005434756632894278 0.016176888719201088 0.0019096012692898512
v -0.0046081384643912315 0.01666306145489216 0.0020613803062587976
v -0.005282830912619829 0.01624639704823494 0.0016278941184282303
v -0.005434756632894278 0.016176888719201088 0.0019096012692898512
v -0.0014191934606060386 0.016549251973628998 0.005403254646807909
v -0.0018711609300225973 0.016385693103075027 0.005546721629798412
v -0.00168936129193753 0.0161772221326828 0.005855802912265062
v -0.0012878731358796358 0.016337590292096138 0.005710913799703121
v -0.0014191934606060386 0.016549251973628998 0.005403254646807909
v -0.00168936129193753 0.0161772221326828 0.005855802912265062
v 0.002551601268351078 0.016363780945539474 0.005376469809561968
v 0.0017841097433120012 0.016420502215623856 0.005517249461263418
v 0.0023151671048253775 0.016185663640499115 0.005704059731215239
v 0.0017841097433120012 0.016420502215623856 0.005517249461263418
v 0.0016125949332490563 0.016211045905947685 0.005826117005199194
v 0.0023151671048253775 0.016185663640499115 0.005704059731215239
v 0.0017841097433120012 0.016420502215623856 0.005517249461263418
v 0.001220108475536108 0.016360526904463768 0.0056893532164394855
v 0.0016125949332490563 0.016211045905947685 0.005826117005199194
v -0.003414161503314972 0.01667640544474125 0.004339343868196011
v -0.00416228175163269 0.016275886446237564 0.004478899296373129
v -0.003864808939397335 0.016214795410633087 0.0048617832362651825
v -0.0031810682266950607 0.01657460816204548 0.004713223781436682
v -0.003414161503314972 0.01667640544474125 0.004339343868196011
v -0.003864808939397335 0.016214795410633087 0.0048617832362651825
v -0.0005578119889833033 0.016519946977496147 0.005533901043236256
v -0.000914475996978581 0.01644873060286045 0.005604526959359646
v -0.0008239477756433189 0.016221461817622185 0.005896306596696377
v -0.0005038605304434896 0.016293643042445183 0.005825200583785772
v -0.0005578119889833033 0.016519946977496147 0.005533901043236256
v -0.0008239477756433189 0.016221461817622185 0.005896306596696377
v 0.004531498532742262 0.016251500695943832 0.004101276863366365
v 0.0038479461800307035 0.016458110883831978 0.004419950768351555
v 0.00424305209890008 0.016223207116127014 0.004498743452131748
v 0.0038479461800307035 0.016458110883831978 0.004419950768351555
v 0.003577770898118615 0.016377637162804604 0.004798987414687872
v 0.00424305209890008 0.016223207116127014 0.004498743452131748
v 0.004576363600790501 0.016539759933948517 0.0032220245338976383
v 0.004348746966570616 0.016539085656404495 0.0036286634858697653
v 0.0050539919175207615 0.01622507907450199 0.003278752788901329
v 0.004348746966570616 0.016539085656404495 0.0036286634858697653
v 0.004802364856004715 0.016251955181360245 0.003693557344377041
v 0.0050539919175207615 0.01622507907450199 0.003278752788901329
v 0.0041232043877244 0.016585584729909897 0.0011800294741988182
v 0.0043047466315329075 0.016650350764393806 0.001459222985431552
v 0.004697184078395367 0.016227025538682938 0.0008171804947778583
v 0.0043047466315329075 0.016650350764393806 0.001459222985431552
v 0.00491194287315011 0.016271136701107025 0.0010723114246502519
v 0.004697184078395367 0.016227025538682938 0.0008171804947778583
v -0.00411160197108984 0.016591770574450493 0.0011862943647429347
v -0.003921946976333857 0.016487661749124527 0.0009289276786148548
v -0.004692963790148497 0.016230104491114616 0.0008203033939935267
v -0.004907484166324139 0.01627439074218273 0.0010756438132375479
v -0.00411160197108984 0.016591770574450493 0.0011862943647429347
v -0.004692963790148497 0.016230104491114616 0.0008203033939935267
v 0.0008508831961080432 0.016463926061987877 0.005589607637375593
v 0.00044510498992167413 0.01630297861993313 0.0058158147148787975
v 0.0007670581107959151 0.01623682677745819 0.00588129973039031
v 0.001220108475536108 0.016360526904463768 0.0056893532164394855
v 0.0008508831961080432 0.016463926061987877 0.005589607637375593
v 0.0007670581107959151 0.01623682677745819 0.00588129973039031
v 0.005110487807542086 0.01627628691494465 0.0013438115129247308
v 0.004621600266546011 0.016655946150422096 0.002053953241556883
v 0.005287716165184975 0.01624285988509655 0.001624186639674008
v 0.004621600266546011 0.016655946150422096 0.002053953241556883
v 0.004749291576445103 0.016598829999566078 0.0023529990576207638
v 0.005287716165184975 0.01624285988509655 0.001624186639674008
v -0.004761128686368465 0.016553834080696106 0.002693325513973832
v -0.0048363166861236095 0.016511447727680206 0.0026484071277081966
v -0.005184878129512072 0.016246149316430092 0.0028474966529756784
v -0.0048363166861236095 0.016511447727680206 0.0026484071277081966
v -0.005208227317780256 0.01630178838968277 0.002426222199574113
v -0.005184878129512072 0.016246149316430092 0.0028474966529756784
v -0.00495751341804862 0.016293805092573166 0.003264184109866619
v -0.004642456769943237 0.01660318486392498 0.0027996436692774296
v -0.005184878129512072 0.016246149316430092 0.0028474966529756784
v -0.004642456769943237 0.01660318486392498 0.0027996436692774296
v -0.0046759434044361115 0.016591692343354225 0.002735140500590205
v -0.005184878129512072 0.016246149316430092 0.0028474966529756784
v -0.0046759434044361115 0.016591692343354225 0.002735140500590205
v -0.004761128686368465 0.016553834080696106 0.002693325513973832
v -0.005184878129512072 0.016246149316430092 0.0028474966529756784
v -0.004459438379853964 0.016680682078003883 0.001760343904606998
v -0.005105806048959494 0.016279693692922592 0.0013473407598212361
v -0.005282830912619829 0.01624639704823494 0.0016278941184282303
v -0.0046081384643912315 0.01666306145489216 0.0020613803062587976
v -0.004459438379853964 0.016680682078003883 0.001760343904606998
v -0.005282830912619829 0.01624639704823494 0.0016278941184282303
v 0.004802364856004715 0.016251955181360245 0.003693557344377041
v 0.004105476662516594 0.016511958092451096 0.004028920084238052
v 0.004531498532742262 0.016251500695943832 0.004101276863366365
v 0.004105476662516594 0.016511958092451096 0.004028920084238052
v 0.0038479461800307035 0.016458110883831978 0.004419950768351555
v 0.004531498532742262 0.016251500695943832 0.004101276863366365
v 0.004348746966570616 0.016539085656404495 0.0036286634858697653
v 0.004105476662516594 0.016511958092451096 0.004028920084238052
v 0.004802364856004715 0.016251955181360245 0.003693557344377041
v -0.005228507332503796 0.01629035547375679 0.00241410662420094
v -0.005096739623695612 0.01640106737613678 0.0021455660462379456
v -0.005288534797728062 0.01625651679933071 0.00237824534997344
v 0.003577770898118615 0.016377637162804604 0.004798987414687872
v 0.0027832232881337404 0.016519879922270775 0.0050322371535003185
v 0.0032967529259622097 0.016270997002720833 0.005163399036973715
v 0.0027832232881337404 0.016519879922270775 0.0050322371535003185
v 0.002551601268351078 0.016363780945539474 0.005376469809561968
v 0.0032967529259622097 0.016270997002720833 0.005163399036973715
v 0.0043047466315329075 0.016650350764393806 0.001459222985431552
v 0.004472337197512388 0.016673829406499863 0.0017532691126689315
v 0.00491194287315011 0.016271136701107025 0.0010723114246502519
v 0.004472337197512388 0.016673829406499863 0.0017532691126689315
v 0.005110487807542086 0.01627628691494465 0.0013438115129247308
v 0.00491194287315011 0.016271136701107025 0.0010723114246502519
v -0.005105806048959494 0.016279693692922592 0.0013473407598212361
v -0.004292472265660763 0.016656890511512756 0.0014659061562269926
v -0.004907484166324139 0.01627439074218273 0.0010756438132375479
v -0.004292472265660763 0.016656890511512756 0.0014659061562269926
v -0.00411160197108984 0.016591770574450493 0.0011862943647429347
v -0.004907484166324139 0.01627439074218273 0.0010756438132375479
v -0.003414161503314972 0.01667640544474125 0.004339343868196011
v -0.003637326881289482 0.01675298810005188 0.003954682964831591
v -0.00416228175163269 0.016275886446237564 0.004478899296373129
v -0.003637326881289482 0.01675298810005188 0.003954682964831591
v -0.003982772119343281 0.01657874695956707 0.0040105595253407955
v -0.00416228175163269 0.016275886446237564 0.004478899296373129
v -0.003982772119343281 0.01657874695956707 0.0040105595253407955
v -0.00444476492702961 0.016309313476085663 0.004082984756678343
v -0.00416228175163269 0.016275886446237564 0.004478899296373129
v 0.004472337197512388 0.016673829406499863 0.0017532691126689315
v 0.004621600266546011 0.016655946150422096 0.002053953241556883
v 0.005110487807542086 0.01627628691494465 0.0013438115129247308
v -0.004459438379853964 0.016680682078003883 0.001760343904606998
v -0.004292472265660763 0.016656890511512756 0.0014659061562269926
v -0.005105806048959494 0.016279693692922592 0.0013473407598212361
v -0.005208227317780256 0.01630178838968277 0.002426222199574113
v -0.005096739623695612 0.01640106737613678 0.0021455660462379456
v -0.005228507332503796 0.01629035547375679 0.00241410662420094
v -0.0030090392101556063 0.01641479879617691 0.0007364334305748343
v 0.003008549567312002 0.016401320695877075 0.0007229543989524245
v 0.003311584237962961 0.016291949898004532 0.0006135837757028639
v 0.003172175493091345 0.01660137251019478 0.000952850328758359
v 0.0037390999495983124 0.016343502327799797 0.0006943712360225618
v 0.003311584237962961 0.016291949898004532 0.0006135837757028639
v 0.003008549567312002 0.016401320695877075 0.0007229543989524245
v 0.003172175493091345 0.01660137251019478 0.000952850328758359
v 0.003311584237962961 0.016291949898004532 0.0006135837757028639
v -0.00020866446720901877 0.016556069254875183 0.005497210659086704
v -0.0005578119889833033 0.016519946977496147 0.005533901043236256
v -0.0005038605304434896 0.016293643042445183 0.005825200583785772
v -0.0001887288090074435 0.01633046381175518 0.0057881842367351055
v -0.00020866446720901877 0.016556069254875183 0.005497210659086704
v -0.0005038605304434896 0.016293643042445183 0.005825200583785772
v -0.0047103771939873695 0.01631513610482216 0.0036770484875887632
v -0.004438014235347509 0.016620861366391182 0.0032076402567327023
v -0.00495751341804862 0.016293805092573166 0.003264184109866619
v -0.004438014235347509 0.016620861366391182 0.0032076402567327023
v -0.004642456769943237 0.01660318486392498 0.0027996436692774296
v -0.00495751341804862 0.016293805092573166 0.003264184109866619
v -0.0022269978653639555 0.016744907945394516 0.0048820641823112965
v -0.0029394745361059904 0.01644814945757389 0.005073949694633484
v -0.0026909150183200836 0.016297901049256325 0.005419311113655567
v -0.0020507052540779114 0.016575345769524574 0.005221630446612835
v -0.0022269978653639555 0.016744907945394516 0.0048820641823112965
v -0.0026909150183200836 0.016297901049256325 0.005419311113655567
v -0.0048363166861236095 0.016511447727680206 0.0026484071277081966
v -0.004735340364277363 0.016606155782938004 0.002360728569328785
v -0.005208227317780256 0.01630178838968277 0.002426222199574113
v -0.004735340364277363 0.016606155782938004 0.002360728569328785
v -0.005096739623695612 0.01640106737613678 0.0021455660462379456
v -0.005208227317780256 0.01630178838968277 0.002426222199574113
v 0.0004926229012198746 0.016529103741049767 0.005524597596377134
v 0.00012706917186733335 0.01633375510573387 0.005784906912595034
v 0.00044510498992167413 0.01630297861993313 0.0058158147148787975
v 0.0008508831961080432 0.016463926061987877 0.005589607637375593
v 0.0004926229012198746 0.016529103741049767 0.005524597596377134
v 0.00044510498992167413 0.01630297861993313 0.0058158147148787975
v -0.003982772119343281 0.01657874695956707 0.0040105595253407955
v -0.004217753652483225 0.01661289855837822 0.003612202126532793
v -0.00444476492702961 0.016309313476085663 0.004082984756678343
v -0.004217753652483225 0.01661289855837822 0.003612202126532793
v -0.0047103771939873695 0.01631513610482216 0.0036770484875887632
v -0.00444476492702961 0.016309313476085663 0.004082984756678343
v -0.004217753652483225 0.01661289855837822 0.003612202126532793
v -0.004438014235347509 0.016620861366391182 0.0032076402567327023
v -0.0047103771939873695 0.01631513610482216 0.0036770484875887632
v 0.0001404894283041358 0.016559306532144547 0.005493960343301296
v -0.00020866446720901877 0.016556069254875183 0.005497210659086704
v -0.0001887288090074435 0.01633046381175518 0.0057881842367351055
v 0.00012706917186733335 0.01633375510573387 0.005784906912595034
v 0.0001404894283041358 0.016559306532144547 0.005493960343301296
v -0.0001887288090074435 0.01633046381175518 0.0057881842367351055
v 0.0004926229012198746 0.016529103741049767 0.005524597596377134
v 0.0001404894283041358 0.016559306532144547 0.005493960343301296
v 0.00012706917186733335 0.01633375510573387 0.005784906912595034
v -0.0010044724913313985 0.01666071079671383 0.005298413801938295
v -0.0014191934606060386 0.016549251973628998 0.005403254646807909
v -0.0012878731358796358 0.016337590292096138 0.005710913799703121
v -0.000914475996978581 0.01644873060286045 0.005604526959359646
v -0.0010044724913313985 0.01666071079671383 0.005298413801938295
v -0.0012878731358796358 0.016337590292096138 0.005710913799703121
v 0.003172175493091345 0.01660137251019478 0.000952850328758359
v 0.0033277112524956465 0.016758868470788002 0.001202654791995883
v 0.0037390999495983124 0.016343502327799797 0.0006943712360225618
v 0.0033277112524956465 0.016758868470788002 0.001202654791995883
v 0.0039328476414084435 0.01648186333477497 0.000923093524761498
v 0.0037390999495983124 0.016343502327799797 0.0006943712360225618
v -0.003164174035191536 0.016604460775852203 0.0009559504105709493
v -0.0030494616366922855 0.01640254631638527 0.0007241803104989231
v -0.003728912677615881 0.01634889841079712 0.00069977599196136
v -0.003921946976333857 0.016487661749124527 0.0009289276786148548
v -0.003164174035191536 0.016604460775852203 0.0009559504105709493
v -0.003728912677615881 0.01634889841079712 0.00069977599196136
v 0.001343600801192224 0.016572367399930954 0.005381977651268244
v 0.0008508831961080432 0.016463926061987877 0.005589607637375593
v 0.001220108475536108 0.016360526904463768 0.0056893532164394855
v 0.0017841097433120012 0.016420502215623856 0.005517249461263418
v 0.001343600801192224 0.016572367399930954 0.005381977651268244
v 0.001220108475536108 0.016360526904463768 0.0056893532164394855
v 0.0027832232881337404 0.016519879922270775 0.0050322371535003185
v 0.0019535385072231293 0.01661144196987152 0.005192751996219158
v 0.002551601268351078 0.016363780945539474 0.005376469809561968
v 0.0019535385072231293 0.01661144196987152 0.005192751996219158
v 0.0017841097433120012 0.016420502215623856 0.005517249461263418
v 0.002551601268351078 0.016363780945539474 0.005376469809561968
v 0.0030085889156907797 0.016652816906571388 0.004673291463404894
v 0.0027832232881337404 0.016519879922270775 0.0050322371535003185
v 0.003577770898118615 0.016377637162804604 0.004798987414687872
v 0.0038479461800307035 0.016458110883831978 0.004419950768351555
v 0.0030085889156907797 0.016652816906571388 0.004673291463404894
v 0.003577770898118615 0.016377637162804604 0.004798987414687872
v -0.0015490312362089753 0.016743488609790802 0.005081317387521267
v -0.0020507052540779114 0.016575345769524574 0.005221630446612835
v -0.0018711609300225973 0.016385693103075027 0.005546721629798412
v -0.0014191934606060386 0.016549251973628998 0.005403254646807909
v -0.0015490312362089753 0.016743488609790802 0.005081317387521267
v -0.0018711609300225973 0.016385693103075027 0.005546721629798412
v -0.004735340364277363 0.016606155782938004 0.002360728569328785
v -0.0046081384643912315 0.01666306145489216 0.0020613803062587976
v -0.005096739623695612 0.01640106737613678 0.0021455660462379456
v -0.0030090392101556063 0.01641479879617691 0.0007364334305748343
v 0.002506881719455123 0.01658238098025322 0.0009040152654051781
v 0.003008549567312002 0.016401320695877075 0.0007229543989524245
v 0.002568183932453394 0.01679978519678116 0.001152188633568585
v 0.003172175493091345 0.01660137251019478 0.000952850328758359
v 0.003008549567312002 0.016401320695877075 0.0007229543989524245
v 0.002506881719455123 0.01658238098025322 0.0009040152654051781
v 0.002568183932453394 0.01679978519678116 0.001152188633568585
v 0.003008549567312002 0.016401320695877075 0.0007229543989524245
v -0.003164174035191536 0.016604460775852203 0.0009559504105709493
v -0.0030090392101556063 0.01641479879617691 0.0007364334305748343
v -0.0030494616366922855 0.01640254631638527 0.0007241803104989231
v 0.002449563005939126 0.016594242304563522 0.0009158754255622625
v 0.002506881719455123 0.01658238098025322 0.0009040152654051781
v -0.0030090392101556063 0.01641479879617691 0.0007364334305748343
v -0.0024318238720297813 0.01658976823091507 0.0009114026906900108
v 0.002449563005939126 0.016594242304563522 0.0009158754255622625
v -0.0030090392101556063 0.01641479879617691 0.0007364334305748343
v -0.003164174035191536 0.016604460775852203 0.0009559504105709493
v -0.0024318238720297813 0.01658976823091507 0.0009114026906900108
v -0.0030090392101556063 0.01641479879617691 0.0007364334305748343
v 0.0019535385072231293 0.01661144196987152 0.005192751996219158
v 0.001343600801192224 0.016572367399930954 0.005381977651268244
v 0.0017841097433120012 0.016420502215623856 0.005517249461263418
v -0.0023990629706531763 0.016893303021788597 0.0045297336764633656
v -0.0031810682266950607 0.01657460816204548 0.004713223781436682
v -0.0029394745361059904 0.01644814945757389 0.005073949694633484
v -0.0022269978653639555 0.016744907945394516 0.0048820641823112965
v -0.0023990629706531763 0.016893303021788597 0.0045297336764633656
v -0.0029394745361059904 0.01644814945757389 0.005073949694633484
v -0.0006114600691944361 0.01673148013651371 0.005228996742516756
v -0.0010044724913313985 0.01666071079671383 0.005298413801938295
v -0.000914475996978581 0.01644873060286045 0.005604526959359646
v -0.0005578119889833033 0.016519946977496147 0.005533901043236256
v -0.0006114600691944361 0.01673148013651371 0.005228996742516756
v -0.000914475996978581 0.01644873060286045 0.005604526959359646
v 0.004105476662516594 0.016511958092451096 0.004028920084238052
v 0.003226318396627903 0.016761718317866325 0.0043017566204071045
v 0.0038479461800307035 0.016458110883831978 0.004419950768351555
v 0.003226318396627903 0.016761718317866325 0.0043017566204071045
v 0.0030085889156907797 0.016652816906571388 0.004673291463404894
v 0.0038479461800307035 0.016458110883831978 0.004419950768351555
v 0.0009342202101834118 0.01667584851384163 0.005283739883452654
v 0.0004926229012198746 0.016529103741049767 0.005524597596377134
v 0.0008508831961080432 0.016463926061987877 0.005589607637375593
v 0.001343600801192224 0.016572367399930954 0.005381977651268244
v 0.0009342202101834118 0.01667584851384163 0.005283739883452654
v 0.0008508831961080432 0.016463926061987877 0.005589607637375593
v 0.0033277112524956465 0.016758868470788002 0.001202654791995883
v 0.0034804646857082844 0.016880590468645096 0.0014809500426054
v 0.0039328476414084435 0.01648186333477497 0.000923093524761498
v 0.0034804646857082844 0.016880590468645096 0.0014809500426054
v 0.0041232043877244 0.016585584729909897 0.0011800294741988182
v 0.0039328476414084435 0.01648186333477497 0.000923093524761498
v -0.00411160197108984 0.016591770574450493 0.0011862943647429347
v -0.0033191926777362823 0.016762185841798782 0.0012060165172442794
v -0.003921946976333857 0.016487661749124527 0.0009289276786148548
v -0.0033191926777362823 0.016762185841798782 0.0012060165172442794
v -0.003164174035191536 0.016604460775852203 0.0009559504105709493
v -0.003921946976333857 0.016487661749124527 0.0009289276786148548
v 0.004874785430729389 0.01649502106010914 0.0026305990759283304
v 0.004787176847457886 0.016514591872692108 0.0028118551708757877
v 0.004880130756646395 0.01649250090122223 0.002627856098115444
v 0.004749291576445103 0.016598829999566078 0.0023529990576207638
v 0.004874785430729389 0.01649502106010914 0.0026305990759283304
v 0.004880130756646395 0.01649250090122223 0.002627856098115444
v 0.004852612037211657 0.016505476087331772 0.0026419772766530514
v 0.004787176847457886 0.016514591872692108 0.0028118551708757877
v 0.004874785430729389 0.01649502106010914 0.0026305990759283304
v 0.004749291576445103 0.016598829999566078 0.0023529990576207638
v 0.004852612037211657 0.016505476087331772 0.0026419772766530514
v 0.004874785430729389 0.01649502106010914 0.0026305990759283304
v 0.004543378949165344 0.01665128581225872 0.002800658578053117
v 0.004787176847457886 0.016514591872692108 0.0028118551708757877
v 0.004852612037211657 0.016505476087331772 0.0026419772766530514
v 0.004749291576445103 0.016598829999566078 0.0023529990576207638
v 0.004543378949165344 0.01665128581225872 0.002800658578053117
v 0.004852612037211657 0.016505476087331772 0.0026419772766530514
v -0.004761128686368465 0.016553834080696106 0.002693325513973832
v -0.004735340364277363 0.016606155782938004 0.002360728569328785
v -0.0048363166861236095 0.016511447727680206 0.0026484071277081966
v 0.004348746966570616 0.016539085656404495 0.0036286634858697653
v 0.00343512324616313 0.016846003010869026 0.003919907845556736
v 0.004105476662516594 0.016511958092451096 0.004028920084238052
v 0.00343512324616313 0.016846003010869026 0.003919907845556736
v 0.003226318396627903 0.016761718317866325 0.0043017566204071045
v 0.004105476662516594 0.016511958092451096 0.004028920084238052
v 0.004543378949165344 0.01665128581225872 0.002800658578053117
v 0.004576363600790501 0.016539759933948517 0.0032220245338976383
v 0.004787176847457886 0.016514591872692108 0.0028118551708757877
v 0.0030085889156907797 0.016652816906571388 0.004673291463404894
v 0.0021199604962021112 0.016782615333795547 0.0048541296273469925
v 0.0027832232881337404 0.016519879922270775 0.0050322371535003185
v 0.0021199604962021112 0.016782615333795547 0.0048541296273469925
v 0.0019535385072231293 0.01661144196987152 0.005192751996219158
v 0.0027832232881337404 0.016519879922270775 0.0050322371535003185
v -0.00022849025845061988 0.016767168417572975 0.005192992277443409
v -0.0006114600691944361 0.01673148013651371 0.005228996742516756
v -0.0005578119889833033 0.016519946977496147 0.005533901043236256
v -0.00020866446720901877 0.016556069254875183 0.005497210659086704
v -0.00022849025845061988 0.016767168417572975 0.005192992277443409
v -0.0005578119889833033 0.016519946977496147 0.005533901043236256
v 0.0005398745997808874 0.016740525141358376 0.0052198669873178005
v 0.0001404894283041358 0.016559306532144547 0.005493960343301296
v 0.0004926229012198746 0.016529103741049767 0.005524597596377134
v 0.0009342202101834118 0.01667584851384163 0.005283739883452654
v 0.0005398745997808874 0.016740525141358376 0.0052198669873178005
v 0.0004926229012198746 0.016529103741049767 0.005524597596377134
v 0.004576363600790501 0.016539759933948517 0.0032220245338976383
v 0.0036338327918201685 0.01690538413822651 0.003530125832185149
v 0.004348746966570616 0.016539085656404495 0.0036286634858697653
v 0.0036338327918201685 0.01690538413822651 0.003530125832185149
v 0.00343512324616313 0.016846003010869026 0.003919907845556736
v 0.004348746966570616 0.016539085656404495 0.0036286634858697653
v 0.004058679565787315 0.016850853338837624 0.0030251587741076946
v 0.0038214148953557014 0.016939882189035416 0.0031348473858088255
v 0.004576363600790501 0.016539759933948517 0.0032220245338976383
v 0.004338916391134262 0.016747692599892616 0.0029055774211883545
v 0.004058679565787315 0.016850853338837624 0.0030251587741076946
v 0.004576363600790501 0.016539759933948517 0.0032220245338976383
v 0.004543378949165344 0.01665128581225872 0.002800658578053117
v 0.004338916391134262 0.016747692599892616 0.0029055774211883545
v 0.004576363600790501 0.016539759933948517 0.0032220245338976383
v 0.0038214148953557014 0.016939882189035416 0.0031348473858088255
v 0.0036338327918201685 0.01690538413822651 0.003530125832185149
v 0.004576363600790501 0.016539759933948517 0.0032220245338976383
v -0.0010935179889202118 0.01685618981719017 0.004979136399924755
v -0.0015490312362089753 0.016743488609790802 0.005081317387521267
v -0.0014191934606060386 0.016549251973628998 0.005403254646807909
v -0.0010044724913313985 0.01666071079671383 0.005298413801938295
v -0.0010935179889202118 0.01685618981719017 0.004979136399924755
v -0.0014191934606060386 0.016549251973628998 0.005403254646807909
v -0.0046759434044361115 0.016591692343354225 0.002735140500590205
v -0.004735340364277363 0.016606155782938004 0.002360728569328785
v -0.004761128686368465 0.016553834080696106 0.002693325513973832
v 0.0001538359501864761 0.0167703740298748 0.005189801566302776
v -0.00022849025845061988 0.016767168417572975 0.005192992277443409
v -0.00020866446720901877 0.016556069254875183 0.005497210659086704
v 0.0001404894283041358 0.016559306532144547 0.005493960343301296
v 0.0001538359501864761 0.0167703740298748 0.005189801566302776
v -0.00020866446720901877 0.016556069254875183 0.005497210659086704
v 0.0005398745997808874 0.016740525141358376 0.0052198669873178005
v 0.0001538359501864761 0.0167703740298748 0.005189801566302776
v 0.0001404894283041358 0.016559306532144547 0.005493960343301296
v 0.001465717563405633 0.016766974702477455 0.005060558672994375
v 0.0009342202101834118 0.01667584851384163 0.005283739883452654
v 0.001343600801192224 0.016572367399930954 0.005381977651268244
v 0.0019535385072231293 0.01661144196987152 0.005192751996219158
v 0.001465717563405633 0.016766974702477455 0.005060558672994375
v 0.001343600801192224 0.016572367399930954 0.005381977651268244
v -0.0025659636594355106 0.01701967790722847 0.0041665006428956985
v -0.003414161503314972 0.01667640544474125 0.004339343868196011
v -0.0031810682266950607 0.01657460816204548 0.004713223781436682
v -0.0023990629706531763 0.016893303021788597 0.0045297336764633656
v -0.0025659636594355106 0.01701967790722847 0.0041665006428956985
v -0.0031810682266950607 0.01657460816204548 0.004713223781436682
v -0.0016767330234870315 0.01691913604736328 0.004746501799672842
v -0.0022269978653639555 0.016744907945394516 0.0048820641823112965
v -0.0020507052540779114 0.016575345769524574 0.005221630446612835
v -0.0015490312362089753 0.016743488609790802 0.005081317387521267
v -0.0016767330234870315 0.01691913604736328 0.004746501799672842
v -0.0020507052540779114 0.016575345769524574 0.005221630446612835
v -0.003637326881289482 0.01675298810005188 0.003954682964831591
v -0.0038492712192237377 0.016804112121462822 0.0035617307294160128
v -0.003982772119343281 0.01657874695956707 0.0040105595253407955
v -0.0038492712192237377 0.016804112121462822 0.0035617307294160128
v -0.004217753652483225 0.01661289855837822 0.003612202126532793
v -0.003982772119343281 0.01657874695956707 0.0040105595253407955
v 0.002449563005939126 0.016594242304563522 0.0009158754255622625
v 0.002568183932453394 0.01679978519678116 0.001152188633568585
v 0.002506881719455123 0.01658238098025322 0.0009040152654051781
v 0.0034804646857082844 0.016880590468645096 0.0014809500426054
v 0.003625978948548436 0.016961554065346718 0.0017810456920415163
v 0.0041232043877244 0.016585584729909897 0.0011800294741988182
v 0.003625978948548436 0.016961554065346718 0.0017810456920415163
v 0.0043047466315329075 0.016650350764393806 0.001459222985431552
v 0.0041232043877244 0.016585584729909897 0.0011800294741988182
v -0.0021976407151669264 0.01666075550019741 0.0009823899017646909
v 0.002449563005939126 0.016594242304563522 0.0009158754255622625
v -0.0024318238720297813 0.01658976823091507 0.0009114026906900108
v -0.003164174035191536 0.016604460775852203 0.0009559504105709493
v -0.002555075567215681 0.016803381964564323 0.0011558076366782188
v -0.0024318238720297813 0.01658976823091507 0.0009114026906900108
v -0.002555075567215681 0.016803381964564323 0.0011558076366782188
v -0.0021976407151669264 0.01666075550019741 0.0009823899017646909
v -0.0024318238720297813 0.01658976823091507 0.0009114026906900108
v -0.004642456769943237 0.01660318486392498 0.0027996436692774296
v -0.004541997332125902 0.016651222482323647 0.0028008909430354834
v -0.0046759434044361115 0.016591692343354225 0.002735140500590205
v -0.004541997332125902 0.016651222482323647 0.0028008909430354834
v -0.004735340364277363 0.016606155782938004 0.002360728569328785
v -0.0046759434044361115 0.016591692343354225 0.002735140500590205
v -0.00347143760882318 0.01688411645591259 0.0014845799887552857
v -0.0033191926777362823 0.016762185841798782 0.0012060165172442794
v -0.00411160197108984 0.016591770574450493 0.0011862943647429347
v -0.004292472265660763 0.016656890511512756 0.0014659061562269926
v -0.00347143760882318 0.01688411645591259 0.0014845799887552857
v -0.00411160197108984 0.016591770574450493 0.0011862943647429347
v -0.0021976407151669264 0.01666075550019741 0.0009823899017646909
v -0.001840404816903174 0.016719777137041092 0.001041410374455154
v 0.002449563005939126 0.016594242304563522 0.0009158754255622625
v -0.001840404816903174 0.016719777137041092 0.001041410374455154
v -0.0012437039986252785 0.01681835949420929 0.0011399938957765698
v 0.002449563005939126 0.016594242304563522 0.0009158754255622625
v -0.0012437039986252785 0.01681835949420929 0.0011399938957765698
v -0.0006196773611009121 0.01685476116836071 0.0011763954535126686
v 0.002449563005939126 0.016594242304563522 0.0009158754255622625
v -0.0006196773611009121 0.01685476116836071 0.0011763954535126686
v -0.0001430112315574661 0.01688256673514843 0.0012042010203003883
v 0.002449563005939126 0.016594242304563522 0.0009158754255622625
v -0.0001430112315574661 0.01688256673514843 0.0012042010203003883
v 2.8207264222146478e-06 0.016880854964256287 0.001202489249408245
v 0.002449563005939126 0.016594242304563522 0.0009158754255622625
v 0.001240431796759367 0.016806181520223618 0.0011278152232989669
v 0.001847780542448163 0.016718760132789612 0.0010403941851109266
v 0.002449563005939126 0.016594242304563522 0.0009158754255622625
v 0.0006242471863515675 0.01685967855155468 0.001181311788968742
v 0.001240431796759367 0.016806181520223618 0.0011278152232989669
v 0.002449563005939126 0.016594242304563522 0.0009158754255622625
v 2.8207264222146478e-06 0.016880854964256287 0.001202489249408245
v 0.0006242471863515675 0.01685967855155468 0.001181311788968742
v 0.002449563005939126 0.016594242304563522 0.0009158754255622625
v 0.00193556840531528 0.01694461703300476 0.0012981456238776445
v 0.002568183932453394 0.01679978519678116 0.001152188633568585
v 0.002449563005939126 0.016594242304563522 0.0009158754255622625
v 0.001847780542448163 0.016718760132789612 0.0010403941851109266
v 0.00193556840531528 0.01694461703300476 0.0012981456238776445
v 0.002449563005939126 0.016594242304563522 0.0009158754255622625
v 0.004621600266546011 0.016655946150422096 0.002053953241556883
v 0.003980431240051985 0.016943393275141716 0.0027274126186966896
v 0.004749291576445103 0.016598829999566078 0.0023529990576207638
v 0.003980431240051985 0.016943393275141716 0.0027274126186966896
v 0.004338916391134262 0.016747692599892616 0.0029055774211883545
v 0.004749291576445103 0.016598829999566078 0.0023529990576207638
v 0.004338916391134262 0.016747692599892616 0.0029055774211883545
v 0.004543378949165344 0.01665128581225872 0.002800658578053117
v 0.004749291576445103 0.016598829999566078 0.0023529990576207638
v 0.002568183932453394 0.01679978519678116 0.001152188633568585
v 0.002686559222638607 0.01697182096540928 0.00141948985401541
v 0.003172175493091345 0.01660137251019478 0.000952850328758359
v 0.002686559222638607 0.01697182096540928 0.00141948985401541
v 0.0033277112524956465 0.016758868470788002 0.001202654791995883
v 0.003172175493091345 0.01660137251019478 0.000952850328758359
v -0.004438014235347509 0.016620861366391182 0.0032076402567327023
v -0.004184042103588581 0.016810307279229164 0.002976600546389818
v -0.004642456769943237 0.01660318486392498 0.0027996436692774296
v -0.004184042103588581 0.016810307279229164 0.002976600546389818
v -0.004541997332125902 0.016651222482323647 0.0028008909430354834
v -0.004642456769943237 0.01660318486392498 0.0027996436692774296
v -0.0033191926777362823 0.016762185841798782 0.0012060165172442794
v -0.002555075567215681 0.016803381964564323 0.0011558076366782188
v -0.003164174035191536 0.016604460775852203 0.0009559504105709493
v -0.003868686966598034 0.016996150836348534 0.0024175485596060753
v -0.0046081384643912315 0.01666306145489216 0.0020613803062587976
v -0.004735340364277363 0.016606155782938004 0.002360728569328785
v -0.0039696963503956795 0.016947437077760696 0.00273197703063488
v -0.003868686966598034 0.016996150836348534 0.0024175485596060753
v -0.004735340364277363 0.016606155782938004 0.002360728569328785
v -0.004541997332125902 0.016651222482323647 0.0028008909430354834
v -0.0039696963503956795 0.016947437077760696 0.00273197703063488
v -0.004735340364277363 0.016606155782938004 0.002360728569328785
v 0.0021199604962021112 0.016782615333795547 0.0048541296273469925
v 0.001465717563405633 0.016766974702477455 0.005060558672994375
v 0.0019535385072231293 0.01661144196987152 0.005192751996219158
v -0.0038492712192237377 0.016804112121462822 0.0035617307294160128
v -0.004048861097544432 0.016829857602715492 0.003163035726174712
v -0.004217753652483225 0.01661289855837822 0.003612202126532793
v -0.004048861097544432 0.016829857602715492 0.003163035726174712
v -0.004438014235347509 0.016620861366391182 0.0032076402567327023
v -0.004217753652483225 0.01661289855837822 0.003612202126532793
v -0.004048861097544432 0.016829857602715492 0.003163035726174712
v -0.004127660300582647 0.016829468309879303 0.002999276854097843
v -0.004438014235347509 0.016620861366391182 0.0032076402567327023
v -0.004127660300582647 0.016829468309879303 0.002999276854097843
v -0.004184042103588581 0.016810307279229164 0.002976600546389818
v -0.004438014235347509 0.016620861366391182 0.0032076402567327023
v 0.003625978948548436 0.016961554065346718 0.0017810456920415163
v 0.0037600381765514612 0.01699889451265335 0.0020947663579136133
v 0.0043047466315329075 0.016650350764393806 0.001459222985431552
v 0.0037600381765514612 0.01699889451265335 0.0020947663579136133
v 0.004472337197512388 0.016673829406499863 0.0017532691126689315
v 0.0043047466315329075 0.016650350764393806 0.001459222985431552
v -0.004184042103588581 0.016810307279229164 0.002976600546389818
v -0.0039696963503956795 0.016947437077760696 0.00273197703063488
v -0.004541997332125902 0.016651222482323647 0.0028008909430354834
v 0.0022824734915047884 0.016932960599660873 0.004503058735281229
v 0.0021199604962021112 0.016782615333795547 0.0048541296273469925
v 0.0030085889156907797 0.016652816906571388 0.004673291463404894
v 0.003226318396627903 0.016761718317866325 0.0043017566204071045
v 0.0022824734915047884 0.016932960599660873 0.004503058735281229
v 0.0030085889156907797 0.016652816906571388 0.004673291463404894
v 0.004472337197512388 0.016673829406499863 0.0017532691126689315
v 0.003879064926877618 0.016992179676890373 0.002413177164271474
v 0.004621600266546011 0.016655946150422096 0.002053953241556883
v 0.003879064926877618 0.016992179676890373 0.002413177164271474
v 0.003980431240051985 0.016943393275141716 0.0027274126186966896
v 0.004621600266546011 0.016655946150422096 0.002053953241556883
v -0.004459438379853964 0.016680682078003883 0.001760343904606998
v -0.0036164643242955208 0.016965262591838837 0.0017849403666332364
v -0.004292472265660763 0.016656890511512756 0.0014659061562269926
v -0.0036164643242955208 0.016965262591838837 0.0017849403666332364
v -0.00347143760882318 0.01688411645591259 0.0014845799887552857
v -0.004292472265660763 0.016656890511512756 0.0014659061562269926
v -0.0006645655957981944 0.016927096992731094 0.004911611322313547
v -0.0010935179889202118 0.01685618981719017 0.004979136399924755
v -0.0010044724913313985 0.01666071079671383 0.005298413801938295
v -0.0006114600691944361 0.01673148013651371 0.005228996742516756
v -0.0006645655957981944 0.016927096992731094 0.004911611322313547
v -0.0010044724913313985 0.01666071079671383 0.005298413801938295
v -0.002555075567215681 0.016803381964564323 0.0011558076366782188
v -0.001840404816903174 0.016719777137041092 0.001041410374455154
v -0.0021976407151669264 0.01666075550019741 0.0009823899017646909
v -0.003750069532543421 0.017002753913402557 0.002098911674693227
v -0.004459438379853964 0.016680682078003883 0.001760343904606998
v -0.0046081384643912315 0.01666306145489216 0.0020613803062587976
v -0.003868686966598034 0.016996150836348534 0.0024175485596060753
v -0.003750069532543421 0.017002753913402557 0.002098911674693227
v -0.0046081384643912315 0.01666306145489216 0.0020613803062587976
v 0.0037600381765514612 0.01699889451265335 0.0020947663579136133
v 0.003879064926877618 0.016992179676890373 0.002413177164271474
v 0.004472337197512388 0.016673829406499863 0.0017532691126689315
v 0.0010166846914216876 0.016871394589543343 0.004964854102581739
v 0.0005398745997808874 0.016740525141358376 0.0052198669873178005
v 0.0009342202101834118 0.01667584851384163 0.005283739883452654
v 0.001465717563405633 0.016766974702477455 0.005060558672994375
v 0.0010166846914216876 0.016871394589543343 0.004964854102581739
v 0.0009342202101834118 0.01667584851384163 0.005283739883452654
v -0.0025659636594355106 0.01701967790722847 0.0041665006428956985
v -0.0027268179692327976 0.01712341234087944 0.003794343676418066
v -0.003414161503314972 0.01667640544474125 0.004339343868196011
v -0.0027268179692327976 0.01712341234087944 0.003794343676418066
v -0.003637326881289482 0.01675298810005188 0.003954682964831591
v -0.003414161503314972 0.01667640544474125 0.004339343868196011
v -0.003750069532543421 0.017002753913402557 0.002098911674693227
v -0.0036164643242955208 0.016965262591838837 0.0017849403666332364
v -0.004459438379853964 0.016680682078003883 0.001760343904606998
v 0.001240431796759367 0.016806181520223618 0.0011278152232989669
v 0.0015589181566610932 0.016778530552983284 0.0011001646053045988
v 0.001847780542448163 0.016718760132789612 0.0010403941851109266
v 0.0015589181566610932 0.016778530552983284 0.0011001646053045988
v 0.00193556840531528 0.01694461703300476 0.0012981456238776445
v 0.001847780542448163 0.016718760132789612 0.0010403941851109266
v -0.001926970318891108 0.016946343705058098 0.0012998883612453938
v -0.0012437039986252785 0.01681835949420929 0.0011399938957765698
v -0.001840404816903174 0.016719777137041092 0.001041410374455154
v -0.002555075567215681 0.016803381964564323 0.0011558076366782188
v -0.001926970318891108 0.016946343705058098 0.0012998883612453938
v -0.001840404816903174 0.016719777137041092 0.001041410374455154
v -0.00024811981711536646 0.01696263998746872 0.00487663084641099
v -0.0006645655957981944 0.016927096992731094 0.004911611322313547
v -0.0006114600691944361 0.01673148013651371 0.005228996742516756
v -0.00022849025845061988 0.016767168417572975 0.005192992277443409
v -0.00024811981711536646 0.01696263998746872 0.00487663084641099
v -0.0006114600691944361 0.01673148013651371 0.005228996742516756
v 0.0005866508581675589 0.016936102882027626 0.004902740940451622
v 0.0001538359501864761 0.0167703740298748 0.005189801566302776
v 0.0005398745997808874 0.016740525141358376 0.0052198669873178005
v 0.0010166846914216876 0.016871394589543343 0.004964854102581739
v 0.0005866508581675589 0.016936102882027626 0.004902740940451622
v 0.0005398745997808874 0.016740525141358376 0.0052198669873178005
v -0.0011811943259090185 0.01703408546745777 0.004648003727197647
v -0.0016767330234870315 0.01691913604736328 0.004746501799672842
v -0.0015490312362089753 0.016743488609790802 0.005081317387521267
v -0.0010935179889202118 0.01685618981719017 0.004979136399924755
v -0.0011811943259090185 0.01703408546745777 0.004648003727197647
v -0.0015490312362089753 0.016743488609790802 0.005081317387521267
v -0.0018016583053395152 0.017075197771191597 0.004400352947413921
v -0.0023990629706531763 0.016893303021788597 0.0045297336764633656
v -0.0022269978653639555 0.016744907945394516 0.0048820641823112965
v -0.0016767330234870315 0.01691913604736328 0.004746501799672842
v -0.0018016583053395152 0.017075197771191597 0.004400352947413921
v -0.0022269978653639555 0.016744907945394516 0.0048820641823112965
v 0.003980431240051985 0.016943393275141716 0.0027274126186966896
v 0.004058679565787315 0.016850853338837624 0.0030251587741076946
v 0.004338916391134262 0.016747692599892616 0.0029055774211883545
v -0.0027268179692327976 0.01712341234087944 0.003794343676418066
v -0.0029440876096487045 0.017176441848278046 0.003428590716794133
v -0.003637326881289482 0.01675298810005188 0.003954682964831591
v -0.0029440876096487045 0.017176441848278046 0.003428590716794133
v -0.0038492712192237377 0.016804112121462822 0.0035617307294160128
v -0.003637326881289482 0.01675298810005188 0.003954682964831591
v 0.002686559222638607 0.01697182096540928 0.00141948985401541
v 0.0028027473017573357 0.017106585204601288 0.0017159453127533197
v 0.0033277112524956465 0.016758868470788002 0.001202654791995883
v 0.0028027473017573357 0.017106585204601288 0.0017159453127533197
v 0.0034804646857082844 0.016880590468645096 0.0014809500426054
v 0.0033277112524956465 0.016758868470788002 0.001202654791995883
v 0.00343512324616313 0.016846003010869026 0.003919907845556736
v 0.00244021019898355 0.017061632126569748 0.00414135679602623
v 0.003226318396627903 0.016761718317866325 0.0043017566204071045
v 0.00244021019898355 0.017061632126569748 0.00414135679602623
v 0.0022824734915047884 0.016932960599660873 0.004503058735281229
v 0.003226318396627903 0.016761718317866325 0.0043017566204071045
v -0.00347143760882318 0.01688411645591259 0.0014845799887552857
v -0.002672686940059066 0.016975680366158485 0.0014234425034373999
v -0.0033191926777362823 0.016762185841798782 0.0012060165172442794
v -0.002672686940059066 0.016975680366158485 0.0014234425034373999
v -0.002555075567215681 0.016803381964564323 0.0011558076366782188
v -0.0033191926777362823 0.016762185841798782 0.0012060165172442794
v 0.0015858531696721911 0.016943201422691345 0.004726477432996035
v 0.0010166846914216876 0.016871394589543343 0.004964854102581739
v 0.001465717563405633 0.016766974702477455 0.005060558672994375
v 0.0021199604962021112 0.016782615333795547 0.0048541296273469925
v 0.0015858531696721911 0.016943201422691345 0.004726477432996035
v 0.001465717563405633 0.016766974702477455 0.005060558672994375
v 0.00016705074813216925 0.016965841874480247 0.00487352954223752
v -0.00024811981711536646 0.01696263998746872 0.00487663084641099
v -0.00022849025845061988 0.016767168417572975 0.005192992277443409
v 0.0001538359501864761 0.0167703740298748 0.005189801566302776
v 0.00016705074813216925 0.016965841874480247 0.00487352954223752
v -0.00022849025845061988 0.016767168417572975 0.005192992277443409
v 0.0005866508581675589 0.016936102882027626 0.004902740940451622
v 0.00016705074813216925 0.016965841874480247 0.00487352954223752
v 0.0001538359501864761 0.0167703740298748 0.005189801566302776
v 0.0012946303468197584 0.017040083184838295 0.00139470468275249
v 0.00193556840531528 0.01694461703300476 0.0012981456238776445
v 0.0015589181566610932 0.016778530552983284 0.0011001646053045988
v 0.001240431796759367 0.016806181520223618 0.0011278152232989669
v 0.0012946303468197584 0.017040083184838295 0.00139470468275249
v 0.0015589181566610932 0.016778530552983284 0.0011001646053045988
v 0.0022824734915047884 0.016932960599660873 0.004503058735281229
v 0.0015858531696721911 0.016943201422691345 0.004726477432996035
v 0.0021199604962021112 0.016782615333795547 0.0048541296273469925
v 0.00193556840531528 0.01694461703300476 0.0012981456238776445
v 0.002019170904532075 0.017127186059951782 0.0015795857179909945
v 0.002568183932453394 0.01679978519678116 0.001152188633568585
v 0.002019170904532075 0.017127186059951782 0.0015795857179909945
v 0.002686559222638607 0.01697182096540928 0.00141948985401541
v 0.002568183932453394 0.01679978519678116 0.001152188633568585
v -0.002672686940059066 0.016975680366158485 0.0014234425034373999
v -0.001926970318891108 0.016946343705058098 0.0012998883612453938
v -0.002555075567215681 0.016803381964564323 0.0011558076366782188
v -0.0029440876096487045 0.017176441848278046 0.003428590716794133
v -0.0032201323192566633 0.017108255997300148 0.0033392300829291344
v -0.0038492712192237377 0.016804112121462822 0.0035617307294160128
v -0.0032201323192566633 0.017108255997300148 0.0033392300829291344
v -0.0035392872523516417 0.017029421404004097 0.00323591404594481
v -0.0038492712192237377 0.016804112121462822 0.0035617307294160128
v -0.0035392872523516417 0.017029421404004097 0.00323591404594481
v -0.004048861097544432 0.016829857602715492 0.003163035726174712
v -0.0038492712192237377 0.016804112121462822 0.0035617307294160128
v 0.0006506788195110857 0.01709398813545704 0.0014494175557047129
v 0.0012946303468197584 0.017040083184838295 0.00139470468275249
v 0.001240431796759367 0.016806181520223618 0.0011278152232989669
v 0.0006242471863515675 0.01685967855155468 0.001181311788968742
v 0.0006506788195110857 0.01709398813545704 0.0014494175557047129
v 0.001240431796759367 0.016806181520223618 0.0011278152232989669
v -0.004127660300582647 0.016829468309879303 0.002999276854097843
v -0.0039696963503956795 0.016947437077760696 0.00273197703063488
v -0.004184042103588581 0.016810307279229164 0.002976600546389818
v -0.0012902345042675734 0.017040584236383438 0.0013952127192169428
v -0.0006196773611009121 0.01685476116836071 0.0011763954535126686
v -0.0012437039986252785 0.01681835949420929 0.0011399938957765698
v -0.001926970318891108 0.016946343705058098 0.0012998883612453938
v -0.0012902345042675734 0.017040584236383438 0.0013952127192169428
v -0.0012437039986252785 0.01681835949420929 0.0011399938957765698
v -0.004048861097544432 0.016829857602715492 0.003163035726174712
v -0.004048812668770552 0.01685626432299614 0.0030309883877635
v -0.004127660300582647 0.016829468309879303 0.002999276854097843
v -0.004048812668770552 0.01685626432299614 0.0030309883877635
v -0.0039696963503956795 0.016947437077760696 0.00273197703063488
v -0.004127660300582647 0.016829468309879303 0.002999276854097843
v -0.0035392872523516417 0.017029421404004097 0.00323591404594481
v -0.0037831098306924105 0.01694655977189541 0.003137851133942604
v -0.004048861097544432 0.016829857602715492 0.003163035726174712
v -0.0037831098306924105 0.01694655977189541 0.003137851133942604
v -0.004048812668770552 0.01685626432299614 0.0030309883877635
v -0.004048861097544432 0.016829857602715492 0.003163035726174712
v 0.0029394954908639193 0.017176514491438866 0.003428578842431307
v 0.002592353383079171 0.017168009653687477 0.003770954441279173
v 0.00343512324616313 0.016846003010869026 0.003919907845556736
v 0.0036338327918201685 0.01690538413822651 0.003530125832185149
v 0.0029394954908639193 0.017176514491438866 0.003428578842431307
v 0.00343512324616313 0.016846003010869026 0.003919907845556736
v 0.002592353383079171 0.017168009653687477 0.003770954441279173
v 0.00244021019898355 0.017061632126569748 0.00414135679602623
v 0.00343512324616313 0.016846003010869026 0.003919907845556736
v 0.003828141838312149 0.016935717314481735 0.003123532747849822
v 0.0038214148953557014 0.016939882189035416 0.0031348473858088255
v 0.004058679565787315 0.016850853338837624 0.0030251587741076946
v 0.003980431240051985 0.016943393275141716 0.0027274126186966896
v 0.003828141838312149 0.016935717314481735 0.003123532747849822
v 0.004058679565787315 0.016850853338837624 0.0030251587741076946
v -0.0006460710428655148 0.01709418185055256 0.0014496131334453821
v -0.0001430112315574661 0.01688256673514843 0.0012042010203003883
v -0.0006196773611009121 0.01685476116836071 0.0011763954535126686
v -0.0012902345042675734 0.017040584236383438 0.0013952127192169428
v -0.0006460710428655148 0.01709418185055256 0.0014496131334453821
v -0.0006196773611009121 0.01685476116836071 0.0011763954535126686
v -0.0007168902084231377 0.017105765640735626 0.004582997877150774
v -0.0011811943259090185 0.01703408546745777 0.004648003727197647
v -0.0010935179889202118 0.01685618981719017 0.004979136399924755
v -0.0006645655957981944 0.016927096992731094 0.004911611322313547
v -0.0007168902084231377 0.017105765640735626 0.004582997877150774
v -0.0010935179889202118 0.01685618981719017 0.004979136399924755
v -0.0037831098306924105 0.01694655977189541 0.003137851133942604
v -0.0039696963503956795 0.016947437077760696 0.00273197703063488
v -0.004048812668770552 0.01685626432299614 0.0030309883877635
v 2.8207264222146478e-06 0.016880854964256287 0.001202489249408245
v 0.00043933698907494545 0.016875730827450752 0.0011973654618486762
v 0.0006242471863515675 0.01685967855155468 0.001181311788968742
v 0.00043933698907494545 0.016875730827450752 0.0011973654618486762
v 0.0006506788195110857 0.01709398813545704 0.0014494175557047129
v 0.0006242471863515675 0.01685967855155468 0.001181311788968742
v 0.001097892876714468 0.01704949326813221 0.004634249489754438
v 0.0005866508581675589 0.016936102882027626 0.004902740940451622
v 0.0010166846914216876 0.016871394589543343 0.004964854102581739
v 0.0015858531696721911 0.016943201422691345 0.004726477432996035
v 0.001097892876714468 0.01704949326813221 0.004634249489754438
v 0.0010166846914216876 0.016871394589543343 0.004964854102581739
v 2.9922932753834175e-06 0.017111260443925858 0.001466999645344913
v 0.0006506788195110857 0.01709398813545704 0.0014494175557047129
v 0.00043933698907494545 0.016875730827450752 0.0011973654618486762
v 2.8207264222146478e-06 0.016880854964256287 0.001202489249408245
v 2.9922932753834175e-06 0.017111260443925858 0.001466999645344913
v 0.00043933698907494545 0.016875730827450752 0.0011973654618486762
v 0.0028027473017573357 0.017106585204601288 0.0017159453127533197
v 0.002913236152380705 0.01719847321510315 0.002034125616773963
v 0.0034804646857082844 0.016880590468645096 0.0014809500426054
v 0.002913236152380705 0.01719847321510315 0.002034125616773963
v 0.003625978948548436 0.016961554065346718 0.0017810456920415163
v 0.0034804646857082844 0.016880590468645096 0.0014809500426054
v -0.0001430112315574661 0.01688256673514843 0.0012042010203003883
v 2.9922932753834175e-06 0.017111260443925858 0.001466999645344913
v 2.8207264222146478e-06 0.016880854964256287 0.001202489249408245
v -0.0006460710428655148 0.01709418185055256 0.0014496131334453821
v 2.9922932753834175e-06 0.017111260443925858 0.001466999645344913
v -0.0001430112315574661 0.01688256673514843 0.0012042010203003883
v -0.0027881236746907234 0.0171106718480587 0.0017202489543706179
v -0.002672686940059066 0.016975680366158485 0.0014234425034373999
v -0.00347143760882318 0.01688411645591259 0.0014845799887552857
v -0.0036164643242955208 0.016965262591838837 0.0017849403666332364
v -0.0027881236746907234 0.0171106718480587 0.0017202489543706179
v -0.00347143760882318 0.01688411645591259 0.0014845799887552857
v -0.0019231890328228474 0.017210861667990685 0.00404453556984663
v -0.0025659636594355106 0.01701967790722847 0.0041665006428956985
v -0.0023990629706531763 0.016893303021788597 0.0045297336764633656
v -0.0018016583053395152 0.017075197771191597 0.004400352947413921
v -0.0019231890328228474 0.017210861667990685 0.00404453556984663
v -0.0023990629706531763 0.016893303021788597 0.0045297336764633656
v 0.0038011916913092136 0.01694563776254654 0.003135032719001174
v 0.0037444704212248325 0.01696651801466942 0.003159236628562212
v 0.0036338327918201685 0.01690538413822651 0.003530125832185149
v 0.0037444704212248325 0.01696651801466942 0.003159236628562212
v 0.0032389063853770494 0.01710665598511696 0.003335663815960288
v 0.0036338327918201685 0.01690538413822651 0.003530125832185149
v 0.0032389063853770494 0.01710665598511696 0.003335663815960288
v 0.0031048404052853584 0.017143817618489265 0.0033824490383267403
v 0.0036338327918201685 0.01690538413822651 0.003530125832185149
v 0.0038214148953557014 0.016939882189035416 0.0031348473858088255
v 0.0038011916913092136 0.01694563776254654 0.003135032719001174
v 0.0036338327918201685 0.01690538413822651 0.003530125832185149
v 0.0031048404052853584 0.017143817618489265 0.0033824490383267403
v 0.0029394954908639193 0.017176514491438866 0.003428578842431307
v 0.0036338327918201685 0.01690538413822651 0.003530125832185149
v -0.0012670905562117696 0.017193462699651718 0.004306450951844454
v -0.0018016583053395152 0.017075197771191597 0.004400352947413921
v -0.0016767330234870315 0.01691913604736328 0.004746501799672842
v -0.0011811943259090185 0.01703408546745777 0.004648003727197647
v -0.0012670905562117696 0.017193462699651718 0.004306450951844454
v -0.0016767330234870315 0.01691913604736328 0.004746501799672842
v -0.00026746702496893704 0.01714148186147213 0.004549350589513779
v -0.0007168902084231377 0.017105765640735626 0.004582997877150774
v -0.0006645655957981944 0.016927096992731094 0.004911611322313547
v -0.00024811981711536646 0.01696263998746872 0.00487663084641099
v -0.00026746702496893704 0.01714148186147213 0.004549350589513779
v -0.0006645655957981944 0.016927096992731094 0.004911611322313547
v 0.0017034130869433284 0.01710006594657898 0.004381256178021431
v 0.0015858531696721911 0.016943201422691345 0.004726477432996035
v 0.0022824734915047884 0.016932960599660873 0.004503058735281229
v 0.00244021019898355 0.017061632126569748 0.00414135679602623
v 0.0017034130869433284 0.01710006594657898 0.004381256178021431
v 0.0022824734915047884 0.016932960599660873 0.004503058735281229
v 0.0038011916913092136 0.01694563776254654 0.003135032719001174
v 0.0038214148953557014 0.016939882189035416 0.0031348473858088255
v 0.003828141838312149 0.016935717314481735 0.003123532747849822
v 0.003980431240051985 0.016943393275141716 0.0027274126186966896
v 0.0038011916913092136 0.01694563776254654 0.003135032719001174
v 0.003828141838312149 0.016935717314481735 0.003123532747849822
v 0.0006327427690848708 0.017114810645580292 0.004574465565383434
v 0.00016705074813216925 0.016965841874480247 0.00487352954223752
v 0.0005866508581675589 0.016936102882027626 0.004902740940451622
v 0.001097892876714468 0.01704949326813221 0.004634249489754438
v 0.0006327427690848708 0.017114810645580292 0.004574465565383434
v 0.0005866508581675589 0.016936102882027626 0.004902740940451622
v 0.0017034130869433284 0.01710006594657898 0.004381256178021431
v 0.001097892876714468 0.01704949326813221 0.004634249489754438
v 0.0015858531696721911 0.016943201422691345 0.004726477432996035
v 0.0037444704212248325 0.01696651801466942 0.003159236628562212
v 0.0038011916913092136 0.01694563776254654 0.003135032719001174
v 0.003980431240051985 0.016943393275141716 0.0027274126186966896
v 0.003879064926877618 0.016992179676890373 0.002413177164271474
v 0.003180201631039381 0.01719704084098339 0.0030263722874224186
v 0.003980431240051985 0.016943393275141716 0.0027274126186966896
v 0.003180201631039381 0.01719704084098339 0.0030263722874224186
v 0.0032389063853770494 0.01710665598511696 0.003335663815960288
v 0.003980431240051985 0.016943393275141716 0.0027274126186966896
v 0.0032389063853770494 0.01710665598511696 0.003335663815960288
v 0.0037444704212248325 0.01696651801466942 0.003159236628562212
v 0.003980431240051985 0.016943393275141716 0.0027274126186966896
v 0.0012946303468197584 0.017040083184838295 0.00139470468275249
v 0.0013472656719386578 0.017229599878191948 0.0016866126097738743
v 0.00193556840531528 0.01694461703300476 0.0012981456238776445
v 0.0013472656719386578 0.017229599878191948 0.0016866126097738743
v 0.002019170904532075 0.017127186059951782 0.0015795857179909945
v 0.00193556840531528 0.01694461703300476 0.0012981456238776445
v -0.002672686940059066 0.016975680366158485 0.0014234425034373999
v -0.002010174561291933 0.017129039391875267 0.0015815114602446556
v -0.001926970318891108 0.016946343705058098 0.0012998883612453938
v -0.002010174561291933 0.017129039391875267 0.0015815114602446556
v -0.0012902345042675734 0.017040584236383438 0.0013952127192169428
v -0.001926970318891108 0.016946343705058098 0.0012998883612453938
v -0.0031630685552954674 0.0172015018761158 0.0030319259967654943
v -0.0039696963503956795 0.016947437077760696 0.00273197703063488
v -0.0037831098306924105 0.01694655977189541 0.003137851133942604
v -0.0035392872523516417 0.017029421404004097 0.00323591404594481
v -0.0031630685552954674 0.0172015018761158 0.0030319259967654943
v -0.0037831098306924105 0.01694655977189541 0.003137851133942604
v -0.0030877620447427034 0.017247475683689117 0.00270426319912076
v -0.003868686966598034 0.016996150836348534 0.0024175485596060753
v -0.0039696963503956795 0.016947437077760696 0.00273197703063488
v -0.0031630685552954674 0.0172015018761158 0.0030319259967654943
v -0.0030877620447427034 0.017247475683689117 0.00270426319912076
v -0.0039696963503956795 0.016947437077760696 0.00273197703063488
v 0.002913236152380705 0.01719847321510315 0.002034125616773963
v 0.0030147104989737272 0.017244169488549232 0.0023650405928492546
v 0.003625978948548436 0.016961554065346718 0.0017810456920415163
v 0.0030147104989737272 0.017244169488549232 0.0023650405928492546
v 0.0037600381765514612 0.01699889451265335 0.0020947663579136133
v 0.003625978948548436 0.016961554065346718 0.0017810456920415163
v 0.00018007592007052153 0.017144707962870598 0.004546366631984711
v -0.00026746702496893704 0.01714148186147213 0.004549350589513779
v -0.00024811981711536646 0.01696263998746872 0.00487663084641099
v 0.00016705074813216925 0.016965841874480247 0.00487352954223752
v 0.00018007592007052153 0.017144707962870598 0.004546366631984711
v -0.00024811981711536646 0.01696263998746872 0.00487663084641099
v -0.003750069532543421 0.017002753913402557 0.002098911674693227
v -0.002897893311455846 0.01720273867249489 0.0020387819968163967
v -0.0036164643242955208 0.016965262591838837 0.0017849403666332364
v -0.002897893311455846 0.01720273867249489 0.0020387819968163967
v -0.0027881236746907234 0.0171106718480587 0.0017202489543706179
v -0.0036164643242955208 0.016965262591838837 0.0017849403666332364
v 0.0006327427690848708 0.017114810645580292 0.004574465565383434
v 0.00018007592007052153 0.017144707962870598 0.004546366631984711
v 0.00016705074813216925 0.016965841874480247 0.00487352954223752
v 0.002019170904532075 0.017127186059951782 0.0015795857179909945
v 0.00210116826929152 0.01727076806128025 0.0018911055522039533
v 0.002686559222638607 0.01697182096540928 0.00141948985401541
v 0.00210116826929152 0.01727076806128025 0.0018911055522039533
v 0.0028027473017573357 0.017106585204601288 0.0017159453127533197
v 0.002686559222638607 0.01697182096540928 0.00141948985401541
v -0.0027881236746907234 0.0171106718480587 0.0017202489543706179
v -0.002010174561291933 0.017129039391875267 0.0015815114602446556
v -0.002672686940059066 0.016975680366158485 0.0014234425034373999
v 0.0037600381765514612 0.01699889451265335 0.0020947663579136133
v 0.0031043740455061197 0.017243020236492157 0.002698965836316347
v 0.003879064926877618 0.016992179676890373 0.002413177164271474
v 0.0031043740455061197 0.017243020236492157 0.002698965836316347
v 0.003180201631039381 0.01719704084098339 0.0030263722874224186
v 0.003879064926877618 0.016992179676890373 0.002413177164271474
v -0.002998699201270938 0.01724855974316597 0.002370034111663699
v -0.003750069532543421 0.017002753913402557 0.002098911674693227
v -0.003868686966598034 0.016996150836348534 0.0024175485596060753
v -0.0030877620447427034 0.017247475683689117 0.00270426319912076
v -0.002998699201270938 0.01724855974316597 0.002370034111663699
v -0.003868686966598034 0.016996150836348534 0.0024175485596060753
v 0.0030147104989737272 0.017244169488549232 0.0023650405928492546
v 0.0031043740455061197 0.017243020236492157 0.002698965836316347
v 0.0037600381765514612 0.01699889451265335 0.0020947663579136133
v -0.002998699201270938 0.01724855974316597 0.002370034111663699
v -0.002897893311455846 0.01720273867249489 0.0020387819968163967
v -0.003750069532543421 0.017002753913402557 0.002098911674693227
v -0.0019231890328228474 0.017210861667990685 0.00404453556984663
v -0.0020407408010214567 0.017325518652796745 0.0036808098666369915
v -0.0025659636594355106 0.01701967790722847 0.0041665006428956985
v -0.0020407408010214567 0.017325518652796745 0.0036808098666369915
v -0.0027268179692327976 0.01712341234087944 0.003794343676418066
v -0.0025659636594355106 0.01701967790722847 0.0041665006428956985
v -0.0032201323192566633 0.017108255997300148 0.0033392300829291344
v -0.0031630685552954674 0.0172015018761158 0.0030319259967654943
v -0.0035392872523516417 0.017029421404004097 0.00323591404594481
v -0.0007681993884034455 0.017266590148210526 0.004244523122906685
v -0.0012670905562117696 0.017193462699651718 0.004306450951844454
v -0.0011811943259090185 0.01703408546745777 0.004648003727197647
v -0.0007168902084231377 0.017105765640735626 0.004582997877150774
v -0.0007681993884034455 0.017266590148210526 0.004244523122906685
v -0.0011811943259090185 0.01703408546745777 0.004648003727197647
v 0.0006506788195110857 0.01709398813545704 0.0014494175557047129
v 0.000676001887768507 0.017287468537688255 0.0017478863010182977
v 0.0012946303468197584 0.017040083184838295 0.00139470468275249
v 0.000676001887768507 0.017287468537688255 0.0017478863010182977
v 0.0013472656719386578 0.017229599878191948 0.0016866126097738743
v 0.0012946303468197584 0.017040083184838295 0.00139470468275249
v -0.002010174561291933 0.017129039391875267 0.0015815114602446556
v -0.0013426714576780796 0.017230138182640076 0.001687179203145206
v -0.0012902345042675734 0.017040584236383438 0.0013952127192169428
v -0.0013426714576780796 0.017230138182640076 0.001687179203145206
v -0.0006460710428655148 0.01709418185055256 0.0014496131334453821
v -0.0012902345042675734 0.017040584236383438 0.0013952127192169428
v 0.0011774679878726602 0.017209216952323914 0.0042933449149131775
v 0.0006327427690848708 0.017114810645580292 0.004574465565383434
v 0.001097892876714468 0.01704949326813221 0.004634249489754438
v 0.0017034130869433284 0.01710006594657898 0.004381256178021431
v 0.0011774679878726602 0.017209216952323914 0.0042933449149131775
v 0.001097892876714468 0.01704949326813221 0.004634249489754438
v 0.001949169673025608 0.017339510843157768 0.0036717941984534264
v 0.001817823969759047 0.01723676174879074 0.004026532638818026
v 0.00244021019898355 0.017061632126569748 0.00414135679602623
v 0.002592353383079171 0.017168009653687477 0.003770954441279173
v 0.001949169673025608 0.017339510843157768 0.0036717941984534264
v 0.00244021019898355 0.017061632126569748 0.00414135679602623
v 0.001817823969759047 0.01723676174879074 0.004026532638818026
v 0.0017034130869433284 0.01710006594657898 0.004381256178021431
v 0.00244021019898355 0.017061632126569748 0.00414135679602623
v -0.001350809819996357 0.01733354851603508 0.00395601661875844
v -0.0019231890328228474 0.017210861667990685 0.00404453556984663
v -0.0018016583053395152 0.017075197771191597 0.004400352947413921
v -0.0012670905562117696 0.017193462699651718 0.004306450951844454
v -0.001350809819996357 0.01733354851603508 0.00395601661875844
v -0.0018016583053395152 0.017075197771191597 0.004400352947413921
v 2.9922932753834175e-06 0.017111260443925858 0.001466999645344913
v 3.1062309062690474e-06 0.017306016758084297 0.0017677480354905128
v 0.0006506788195110857 0.01709398813545704 0.0014494175557047129
v 3.1062309062690474e-06 0.017306016758084297 0.0017677480354905128
v 0.000676001887768507 0.017287468537688255 0.0017478863010182977
v 0.0006506788195110857 0.01709398813545704 0.0014494175557047129
v -0.0013426714576780796 0.017230138182640076 0.001687179203145206
v -0.0006712150061503053 0.01728767342865467 0.0017481072572991252
v -0.0006460710428655148 0.01709418185055256 0.0014496131334453821
v -0.0006712150061503053 0.01728767342865467 0.0017481072572991252
v 2.9922932753834175e-06 0.017111260443925858 0.001466999645344913
v -0.0006460710428655148 0.01709418185055256 0.0014496131334453821
v 0.001817823969759047 0.01723676174879074 0.004026532638818026
v 0.0011774679878726602 0.017209216952323914 0.0042933449149131775
v 0.0017034130869433284 0.01710006594657898 0.004381256178021431
v -0.00028644714620895684 0.017302820459008217 0.0042124842293560505
v -0.0007681993884034455 0.017266590148210526 0.004244523122906685
v -0.0007168902084231377 0.017105765640735626 0.004582997877150774
v -0.00026746702496893704 0.01714148186147213 0.004549350589513779
v -0.00028644714620895684 0.017302820459008217 0.0042124842293560505
v -0.0007168902084231377 0.017105765640735626 0.004582997877150774
v 0.00210116826929152 0.01727076806128025 0.0018911055522039533
v 0.0021789767779409885 0.01736917532980442 0.0022245487198233604
v 0.0028027473017573357 0.017106585204601288 0.0017159453127533197
v 0.0021789767779409885 0.01736917532980442 0.0022245487198233604
v 0.002913236152380705 0.01719847321510315 0.002034125616773963
v 0.0028027473017573357 0.017106585204601288 0.0017159453127533197
v 0.003180201631039381 0.01719704084098339 0.0030263722874224186
v 0.0031048404052853584 0.017143817618489265 0.0033824490383267403
v 0.0032389063853770494 0.01710665598511696 0.003335663815960288
v -0.0029440876096487045 0.017176441848278046 0.003428590716794133
v -0.0031630685552954674 0.0172015018761158 0.0030319259967654943
v -0.0032201323192566633 0.017108255997300148 0.0033392300829291344
v -0.0020917749498039484 0.017272721976041794 0.0018932295497506857
v -0.002010174561291933 0.017129039391875267 0.0015815114602446556
v -0.0027881236746907234 0.0171106718480587 0.0017202489543706179
v -0.002897893311455846 0.01720273867249489 0.0020387819968163967
v -0.0020917749498039484 0.017272721976041794 0.0018932295497506857
v -0.0027881236746907234 0.0171106718480587 0.0017202489543706179
v -0.0006712150061503053 0.01728767342865467 0.0017481072572991252
v 3.1062309062690474e-06 0.017306016758084297 0.0017677480354905128
v 2.9922932753834175e-06 0.017111260443925858 0.001466999645344913
v 0.0006779450341127813 0.017275763675570488 0.0042363982647657394
v 0.00018007592007052153 0.017144707962870598 0.004546366631984711
v 0.0006327427690848708 0.017114810645580292 0.004574465565383434
v 0.0011774679878726602 0.017209216952323914 0.0042933449149131775
v 0.0006779450341127813 0.017275763675570488 0.0042363982647657394
v 0.0006327427690848708 0.017114810645580292 0.004574465565383434
v -0.0023931467439979315 0.017276575788855553 0.0035735778510570526
v -0.002843079622834921 0.017201391980051994 0.0034612887538969517
v -0.0027268179692327976 0.01712341234087944 0.003794343676418066
v -0.0020407408010214567 0.017325518652796745 0.0036808098666369915
v -0.0020492435432970524 0.017330359667539597 0.003655313514173031
v -0.0027268179692327976 0.01712341234087944 0.003794343676418066
v -0.0020492435432970524 0.017330359667539597 0.003655313514173031
v -0.002104833023622632 0.017324751242995262 0.003645531600341201
v -0.0027268179692327976 0.01712341234087944 0.003794343676418066
v -0.002104833023622632 0.017324751242995262 0.003645531600341201
v -0.0023931467439979315 0.017276575788855553 0.0035735778510570526
v -0.0027268179692327976 0.01712341234087944 0.003794343676418066
v -0.002843079622834921 0.017201391980051994 0.0034612887538969517
v -0.002865880262106657 0.01719575934112072 0.0034539077896624804
v -0.0027268179692327976 0.01712341234087944 0.003794343676418066
v -0.002865880262106657 0.01719575934112072 0.0034539077896624804
v -0.0029440876096487045 0.017176441848278046 0.003428590716794133
v -0.0027268179692327976 0.01712341234087944 0.003794343676418066
v 0.0013472656719386578 0.017229599878191948 0.0016866126097738743
v 0.0013988536084070802 0.01737850159406662 0.0020095568615943193
v 0.002019170904532075 0.017127186059951782 0.0015795857179909945
v 0.0013988536084070802 0.01737850159406662 0.0020095568615943193
v 0.00210116826929152 0.01727076806128025 0.0018911055522039533
v 0.002019170904532075 0.017127186059951782 0.0015795857179909945
v -0.0020917749498039484 0.017272721976041794 0.0018932295497506857
v -0.0013426714576780796 0.017230138182640076 0.001687179203145206
v -0.002010174561291933 0.017129039391875267 0.0015815114602446556
v 0.00019285458256490529 0.017306100577116013 0.004209642298519611
v -0.00028644714620895684 0.017302820459008217 0.0042124842293560505
v -0.00026746702496893704 0.01714148186147213 0.004549350589513779
v 0.00018007592007052153 0.017144707962870598 0.004546366631984711
v 0.00019285458256490529 0.017306100577116013 0.004209642298519611
v -0.00026746702496893704 0.01714148186147213 0.004549350589513779
v 0.003180201631039381 0.01719704084098339 0.0030263722874224186
v 0.0029394954908639193 0.017176514491438866 0.003428578842431307
v 0.0031048404052853584 0.017143817618489265 0.0033824490383267403
v 0.0006779450341127813 0.017275763675570488 0.0042363982647657394
v 0.00019285458256490529 0.017306100577116013 0.004209642298519611
v 0.00018007592007052153 0.017144707962870598 0.004546366631984711
v 0.0024303693789988756 0.017277192324399948 0.003570620669052005
v 0.0024064090102910995 0.017280295491218567 0.0035756584256887436
v 0.002592353383079171 0.017168009653687477 0.003770954441279173
v 0.0029394954908639193 0.017176514491438866 0.003428578842431307
v 0.0027017751708626747 0.017223522067070007 0.0034949008841067553
v 0.002592353383079171 0.017168009653687477 0.003770954441279173
v 0.0027017751708626747 0.017223522067070007 0.0034949008841067553
v 0.0024303693789988756 0.017277192324399948 0.003570620669052005
v 0.002592353383079171 0.017168009653687477 0.003770954441279173
v 0.0024064090102910995 0.017280295491218567 0.0035756584256887436
v 0.001949169673025608 0.017339510843157768 0.0036717941984534264
v 0.002592353383079171 0.017168009653687477 0.003770954441279173
v -0.002865880262106657 0.01719575934112072 0.0034539077896624804
v -0.0031630685552954674 0.0172015018761158 0.0030319259967654943
v -0.0029440876096487045 0.017176441848278046 0.003428590716794133
v 0.003180201631039381 0.01719704084098339 0.0030263722874224186
v 0.0027017751708626747 0.017223522067070007 0.0034949008841067553
v 0.0029394954908639193 0.017176514491438866 0.003428578842431307
v -0.0008182663004845381 0.01740882731974125 0.0038976469077169895
v -0.001350809819996357 0.01733354851603508 0.00395601661875844
v -0.0012670905562117696 0.017193462699651718 0.004306450951844454
v -0.0007681993884034455 0.017266590148210526 0.004244523122906685
v -0.0008182663004845381 0.01740882731974125 0.0038976469077169895
v -0.0012670905562117696 0.017193462699651718 0.004306450951844454
v -0.002843079622834921 0.017201391980051994 0.0034612887538969517
v -0.0031630685552954674 0.0172015018761158 0.0030319259967654943
v -0.002865880262106657 0.01719575934112072 0.0034539077896624804
v 0.0031043740455061197 0.017243020236492157 0.002698965836316347
v 0.0023651043884456158 0.01737116277217865 0.003255602205172181
v 0.003180201631039381 0.01719704084098339 0.0030263722874224186
v 0.0023651043884456158 0.01737116277217865 0.003255602205172181
v 0.0027017751708626747 0.017223522067070007 0.0034949008841067553
v 0.003180201631039381 0.01719704084098339 0.0030263722874224186
v 0.0021789767779409885 0.01736917532980442 0.0022245487198233604
v 0.002250162186101079 0.017418723553419113 0.0025700919795781374
v 0.002913236152380705 0.01719847321510315 0.002034125616773963
v 0.002250162186101079 0.017418723553419113 0.0025700919795781374
v 0.0030147104989737272 0.017244169488549232 0.0023650405928492546
v 0.002913236152380705 0.01719847321510315 0.002034125616773963
v -0.0023543399292975664 0.017373155802488327 0.003258445532992482
v -0.0031630685552954674 0.0172015018761158 0.0030319259967654943
v -0.002843079622834921 0.017201391980051994 0.0034612887538969517
v -0.0023931467439979315 0.017276575788855553 0.0035735778510570526
v -0.0023543399292975664 0.017373155802488327 0.003258445532992482
v -0.002843079622834921 0.017201391980051994 0.0034612887538969517
v -0.0023543399292975664 0.017373155802488327 0.003258445532992482
v -0.0023022156674414873 0.017420699819922447 0.0029198837000876665
v -0.0031630685552954674 0.0172015018761158 0.0030319259967654943
v -0.0023022156674414873 0.017420699819922447 0.0029198837000876665
v -0.0030877620447427034 0.017247475683689117 0.00270426319912076
v -0.0031630685552954674 0.0172015018761158 0.0030319259967654943
v -0.002998699201270938 0.01724855974316597 0.002370034111663699
v -0.0021691983565688133 0.017371196299791336 0.002226875629276037
v -0.002897893311455846 0.01720273867249489 0.0020387819968163967
v -0.0021691983565688133 0.017371196299791336 0.002226875629276037
v -0.0020917749498039484 0.017272721976041794 0.0018932295497506857
v -0.002897893311455846 0.01720273867249489 0.0020387819968163967
v 0.001255045528523624 0.01734980009496212 0.003943663090467453
v 0.0006779450341127813 0.017275763675570488 0.0042363982647657394
v 0.0011774679878726602 0.017209216952323914 0.0042933449149131775
v 0.001817823969759047 0.01723676174879074 0.004026532638818026
v 0.001255045528523624 0.01734980009496212 0.003943663090467453
v 0.0011774679878726602 0.017209216952323914 0.0042933449149131775
v -0.001350809819996357 0.01733354851603508 0.00395601661875844
v -0.0013938306365162134 0.01739647053182125 0.003770642913877964
v -0.0019231890328228474 0.017210861667990685 0.00404453556984663
v -0.0013938306365162134 0.01739647053182125 0.003770642913877964
v -0.0015816629165783525 0.017377523705363274 0.0037375912070274353
v -0.0019231890328228474 0.017210861667990685 0.00404453556984663
v -0.0015816629165783525 0.017377523705363274 0.0037375912070274353
v -0.001955455169081688 0.01733982004225254 0.0036718170158565044
v -0.0019231890328228474 0.017210861667990685 0.00404453556984663
v -0.001955455169081688 0.01733982004225254 0.0036718170158565044
v -0.0020407408010214567 0.017325518652796745 0.0036808098666369915
v -0.0019231890328228474 0.017210861667990685 0.00404453556984663
v 0.0023651043884456158 0.01737116277217865 0.003255602205172181
v 0.0024303693789988756 0.017277192324399948 0.003570620669052005
v 0.0027017751708626747 0.017223522067070007 0.0034949008841067553
v 0.000676001887768507 0.017287468537688255 0.0017478863010182977
v 0.0007008023676462471 0.017439138144254684 0.002078116172924638
v 0.0013472656719386578 0.017229599878191948 0.0016866126097738743
v 0.0007008023676462471 0.017439138144254684 0.002078116172924638
v 0.0013988536084070802 0.01737850159406662 0.0020095568615943193
v 0.0013472656719386578 0.017229599878191948 0.0016866126097738743
v -0.0020917749498039484 0.017272721976041794 0.0018932295497506857
v -0.0013940645148977637 0.017379065975546837 0.0020101878326386213
v -0.0013426714576780796 0.017230138182640076 0.001687179203145206
v -0.0013940645148977637 0.017379065975546837 0.0020101878326386213
v -0.0006712150061503053 0.01728767342865467 0.0017481072572991252
v -0.0013426714576780796 0.017230138182640076 0.001687179203145206
v 0.001587942591868341 0.017379092052578926 0.003738590981811285
v 0.001255045528523624 0.01734980009496212 0.003943663090467453
v 0.001817823969759047 0.01723676174879074 0.004026532638818026
v 0.0017156621906906366 0.017369752749800682 0.0037208895664662123
v 0.001587942591868341 0.017379092052578926 0.003738590981811285
v 0.001817823969759047 0.01723676174879074 0.004026532638818026
v 0.001949169673025608 0.017339510843157768 0.0036717941984534264
v 0.0019260372500866652 0.01734250783920288 0.003676657797768712
v 0.001817823969759047 0.01723676174879074 0.004026532638818026
v 0.0019260372500866652 0.01734250783920288 0.003676657797768712
v 0.0017156621906906366 0.017369752749800682 0.0037208895664662123
v 0.001817823969759047 0.01723676174879074 0.004026532638818026
v 0.0030147104989737272 0.017244169488549232 0.0023650405928492546
v 0.0023126881569623947 0.01741865836083889 0.002917185891419649
v 0.0031043740455061197 0.017243020236492157 0.002698965836316347
v 0.0023126881569623947 0.01741865836083889 0.002917185891419649
v 0.0023651043884456158 0.01737116277217865 0.003255602205172181
v 0.0031043740455061197 0.017243020236492157 0.002698965836316347
v 0.002250162186101079 0.017418723553419113 0.0025700919795781374
v 0.0023126881569623947 0.01741865836083889 0.002917185891419649
v 0.0030147104989737272 0.017244169488549232 0.0023650405928492546
v -0.002240021014586091 0.017420774325728416 0.0025726142339408398
v -0.002998699201270938 0.01724855974316597 0.002370034111663699
v -0.0030877620447427034 0.017247475683689117 0.00270426319912076
v -0.0023022156674414873 0.017420699819922447 0.0029198837000876665
v -0.002240021014586091 0.017420774325728416 0.0025726142339408398
v -0.0030877620447427034 0.017247475683689117 0.00270426319912076
v -0.002240021014586091 0.017420774325728416 0.0025726142339408398
v -0.0021691983565688133 0.017371196299791336 0.002226875629276037
v -0.002998699201270938 0.01724855974316597 0.002370034111663699
v -0.0003049781371373683 0.01744592934846878 0.003867453197017312
v -0.0008182663004845381 0.01740882731974125 0.0038976469077169895
v -0.0007681993884034455 0.017266590148210526 0.004244523122906685
v -0.00028644714620895684 0.017302820459008217 0.0042124842293560505
v -0.0003049781371373683 0.01744592934846878 0.003867453197017312
v -0.0007681993884034455 0.017266590148210526 0.004244523122906685
v 0.0013988536084070802 0.01737850159406662 0.0020095568615943193
v 0.001447702874429524 0.017480110749602318 0.0023547436576336622
v 0.00210116826929152 0.01727076806128025 0.0018911055522039533
v 0.001447702874429524 0.017480110749602318 0.0023547436576336622
v 0.0021789767779409885 0.01736917532980442 0.0022245487198233604
v 0.00210116826929152 0.01727076806128025 0.0018911055522039533
v -0.0021691983565688133 0.017371196299791336 0.002226875629276037
v -0.0013940645148977637 0.017379065975546837 0.0020101878326386213
v -0.0020917749498039484 0.017272721976041794 0.0018932295497506857
v 0.00025719276163727045 0.01744474284350872 0.003868433879688382
v 0.00019285458256490529 0.017306100577116013 0.004209642298519611
v 0.0006779450341127813 0.017275763675570488 0.0042363982647657394
v 0.0007220588740892708 0.01741821877658367 0.003889989573508501
v 0.00025719276163727045 0.01744474284350872 0.003868433879688382
v 0.0006779450341127813 0.017275763675570488 0.0042363982647657394
v 0.001255045528523624 0.01734980009496212 0.003943663090467453
v 0.0007220588740892708 0.01741821877658367 0.003889989573508501
v 0.0006779450341127813 0.017275763675570488 0.0042363982647657394
v -0.002104833023622632 0.017324751242995262 0.003645531600341201
v -0.0023543399292975664 0.017373155802488327 0.003258445532992482
v -0.0023931467439979315 0.017276575788855553 0.0035735778510570526
v 0.0023651043884456158 0.01737116277217865 0.003255602205172181
v 0.0024064090102910995 0.017280295491218567 0.0035756584256887436
v 0.0024303693789988756 0.017277192324399948 0.003570620669052005
v 0.0023651043884456158 0.01737116277217865 0.003255602205172181
v 0.001949169673025608 0.017339510843157768 0.0036717941984534264
v 0.0024064090102910995 0.017280295491218567 0.0035756584256887436
v 3.1062309062690474e-06 0.017306016758084297 0.0017677480354905128
v 3.2178190849663224e-06 0.017458507791161537 0.0021005424205213785
v 0.000676001887768507 0.017287468537688255 0.0017478863010182977
v 3.2178190849663224e-06 0.017458507791161537 0.0021005424205213785
v 0.0007008023676462471 0.017439138144254684 0.002078116172924638
v 0.000676001887768507 0.017287468537688255 0.0017478863010182977
v -0.0013940645148977637 0.017379065975546837 0.0020101878326386213
v -0.0006958396406844258 0.017439354211091995 0.002078365534543991
v -0.0006712150061503053 0.01728767342865467 0.0017481072572991252
v -0.0006958396406844258 0.017439354211091995 0.002078365534543991
v 3.1062309062690474e-06 0.017306016758084297 0.0017677480354905128
v -0.0006712150061503053 0.01728767342865467 0.0017481072572991252
v -4.034825451526558e-06 0.017444772645831108 0.003868440631777048
v -0.0003049781371373683 0.01744592934846878 0.003867453197017312
v -0.00028644714620895684 0.017302820459008217 0.0042124842293560505
v 0.00019285458256490529 0.017306100577116013 0.004209642298519611
v -4.034825451526558e-06 0.017444772645831108 0.003868440631777048
v -0.00028644714620895684 0.017302820459008217 0.0042124842293560505
v -0.0006958396406844258 0.017439354211091995 0.002078365534543991
v 3.2178190849663224e-06 0.017458507791161537 0.0021005424205213785
v 3.1062309062690474e-06 0.017306016758084297 0.0017677480354905128
v 0.00025719276163727045 0.01744474284350872 0.003868433879688382
v 0.00020512031915131956 0.01744621805846691 0.0038716280832886696
v 0.00019285458256490529 0.017306100577116013 0.004209642298519611
v 0.00020512031915131956 0.01744621805846691 0.0038716280832886696
v 0.00019234797218814492 0.017446579411625862 0.003872411558404565
v 0.00019285458256490529 0.017306100577116013 0.004209642298519611
v 3.763165295822546e-06 0.017444845288991928 0.0038685982581228018
v -4.034825451526558e-06 0.017444772645831108 0.003868440631777048
v 0.00019285458256490529 0.017306100577116013 0.004209642298519611
v 0.00019234797218814492 0.017446579411625862 0.003872411558404565
v 3.763165295822546e-06 0.017444845288991928 0.0038685982581228018
v 0.00019285458256490529 0.017306100577116013 0.004209642298519611
v -0.0020492435432970524 0.017330359667539597 0.003655313514173031
v -0.0023543399292975664 0.017373155802488327 0.003258445532992482
v -0.002104833023622632 0.017324751242995262 0.003645531600341201
v -0.001955455169081688 0.01733982004225254 0.0036718170158565044
v -0.0020492435432970524 0.017330359667539597 0.003655313514173031
v -0.0020407408010214567 0.017325518652796745 0.0036808098666369915
v -0.001955455169081688 0.01733982004225254 0.0036718170158565044
v -0.001557980664074421 0.01747804507613182 0.0034164299722760916
v -0.0020492435432970524 0.017330359667539597 0.003655313514173031
v -0.001557980664074421 0.01747804507613182 0.0034164299722760916
v -0.0023543399292975664 0.017373155802488327 0.003258445532992482
v -0.0020492435432970524 0.017330359667539597 0.003655313514173031
v -0.0008182663004845381 0.01740882731974125 0.0038976469077169895
v -0.0008286318043246865 0.01742708683013916 0.0038315122947096825
v -0.001350809819996357 0.01733354851603508 0.00395601661875844
v -0.0008286318043246865 0.01742708683013916 0.0038315122947096825
v -0.0013400320895016193 0.01740189641714096 0.0037801095750182867
v -0.001350809819996357 0.01733354851603508 0.00395601661875844
v -0.0013400320895016193 0.01740189641714096 0.0037801095750182867
v -0.0013938306365162134 0.01739647053182125 0.003770642913877964
v -0.001350809819996357 0.01733354851603508 0.00395601661875844
v 0.0015634003793820739 0.01747751049697399 0.0034155631437897682
v 0.0019260372500866652 0.01734250783920288 0.003676657797768712
v 0.001949169673025608 0.017339510843157768 0.0036717941984534264
v 0.0023651043884456158 0.01737116277217865 0.003255602205172181
v 0.0015634003793820739 0.01747751049697399 0.0034155631437897682
v 0.001949169673025608 0.017339510843157768 0.0036717941984534264
v -0.0015816629165783525 0.017377523705363274 0.0037375912070274353
v -0.001557980664074421 0.01747804507613182 0.0034164299722760916
v -0.001955455169081688 0.01733982004225254 0.0036718170158565044
v 0.0015634003793820739 0.01747751049697399 0.0034155631437897682
v 0.0017156621906906366 0.017369752749800682 0.0037208895664662123
v 0.0019260372500866652 0.01734250783920288 0.003676657797768712
v 0.0012915388215333223 0.017400767654180527 0.00377967138774693
v 0.0009638607734814286 0.017424728721380234 0.0038250861689448357
v 0.001255045528523624 0.01734980009496212 0.003943663090467453
v 0.0009638607734814286 0.017424728721380234 0.0038250861689448357
v 0.0007220588740892708 0.01741821877658367 0.003889989573508501
v 0.001255045528523624 0.01734980009496212 0.003943663090467453
v 0.001587942591868341 0.017379092052578926 0.003738590981811285
v 0.0012915388215333223 0.017400767654180527 0.00377967138774693
v 0.001255045528523624 0.01734980009496212 0.003943663090467453
v 0.001447702874429524 0.017480110749602318 0.0023547436576336622
v 0.001492224051617086 0.01753046363592148 0.0027116008568555117
v 0.0021789767779409885 0.01736917532980442 0.0022245487198233604
v 0.001492224051617086 0.01753046363592148 0.0027116008568555117
v 0.002250162186101079 0.017418723553419113 0.0025700919795781374
v 0.0021789767779409885 0.01736917532980442 0.0022245487198233604
v 0.0015634003793820739 0.01747751049697399 0.0034155631437897682
v 0.001587942591868341 0.017379092052578926 0.003738590981811285
v 0.0017156621906906366 0.017369752749800682 0.0037208895664662123
v 0.0023126881569623947 0.01741865836083889 0.002917185891419649
v 0.0015634003793820739 0.01747751049697399 0.0034155631437897682
v 0.0023651043884456158 0.01737116277217865 0.003255602205172181
v -0.002240021014586091 0.017420774325728416 0.0025726142339408398
v -0.0014427286805585027 0.01748069003224373 0.002355441451072693
v -0.0021691983565688133 0.017371196299791336 0.002226875629276037
v -0.0014427286805585027 0.01748069003224373 0.002355441451072693
v -0.0013940645148977637 0.017379065975546837 0.0020101878326386213
v -0.0021691983565688133 0.017371196299791336 0.002226875629276037
v -0.001557980664074421 0.01747804507613182 0.0034164299722760916
v -0.0015258040511980653 0.017529351636767387 0.003069648751989007
v -0.0023543399292975664 0.017373155802488327 0.003258445532992482
v -0.0015258040511980653 0.017529351636767387 0.003069648751989007
v -0.0023022156674414873 0.017420699819922447 0.0029198837000876665
v -0.0023543399292975664 0.017373155802488327 0.003258445532992482
v -0.0013938306365162134 0.01739647053182125 0.003770642913877964
v -0.001557980664074421 0.01747804507613182 0.0034164299722760916
v -0.0015816629165783525 0.017377523705363274 0.0037375912070274353
v 0.0007008023676462471 0.017439138144254684 0.002078116172924638
v 0.0007242434658110142 0.01754198968410492 0.0024308650754392147
v 0.0013988536084070802 0.01737850159406662 0.0020095568615943193
v 0.0007242434658110142 0.01754198968410492 0.0024308650754392147
v 0.001447702874429524 0.017480110749602318 0.0023547436576336622
v 0.0013988536084070802 0.01737850159406662 0.0020095568615943193
v -0.0014427286805585027 0.01748069003224373 0.002355441451072693
v -0.0006958396406844258 0.017439354211091995 0.002078365534543991
v -0.0013940645148977637 0.017379065975546837 0.0020101878326386213
v 0.0015634003793820739 0.01747751049697399 0.0034155631437897682
v 0.0012915388215333223 0.017400767654180527 0.00377967138774693
v 0.001587942591868341 0.017379092052578926 0.003738590981811285
v -0.0013400320895016193 0.01740189641714096 0.0037801095750182867
v -0.001557980664074421 0.01747804507613182 0.0034164299722760916
v -0.0013938306365162134 0.01739647053182125 0.003770642913877964
v 0.0015634003793820739 0.01747751049697399 0.0034155631437897682
v 0.0009638607734814286 0.017424728721380234 0.0038250861689448357
v 0.0012915388215333223 0.017400767654180527 0.00377967138774693
v -0.0007737889536656439 0.017533352598547935 0.0035110933240503073
v -0.001557980664074421 0.01747804507613182 0.0034164299722760916
v -0.0013400320895016193 0.01740189641714096 0.0037801095750182867
v -0.0008286318043246865 0.01742708683013916 0.0038315122947096825
v -0.0007737889536656439 0.017533352598547935 0.0035110933240503073
v -0.0013400320895016193 0.01740189641714096 0.0037801095750182867
v -0.0003049781371373683 0.01744592934846878 0.003867453197017312
v -0.0005763742956332862 0.01743951067328453 0.0038568677846342325
v -0.0008182663004845381 0.01740882731974125 0.0038976469077169895
v -0.0005763742956332862 0.01743951067328453 0.0038568677846342325
v -0.0007847646484151483 0.017429247498512268 0.0038359216414391994
v -0.0008182663004845381 0.01740882731974125 0.0038976469077169895
v -0.0007847646484151483 0.017429247498512268 0.0038359216414391994
v -0.0008286318043246865 0.01742708683013916 0.0038315122947096825
v -0.0008182663004845381 0.01740882731974125 0.0038976469077169895
v 0.0009638607734814286 0.017424728721380234 0.0038250861689448357
v 0.0007907011895440519 0.01742963306605816 0.003835707902908325
v 0.0007220588740892708 0.01741821877658367 0.003889989573508501
v 0.0007907011895440519 0.01742963306605816 0.003835707902908325
v 0.0007292510708793998 0.01743137277662754 0.0038394774310290813
v 0.0007220588740892708 0.01741821877658367 0.003889989573508501
v 0.0007292510708793998 0.01743137277662754 0.0038394774310290813
v 0.00025719276163727045 0.01744474284350872 0.003868433879688382
v 0.0007220588740892708 0.01741821877658367 0.003889989573508501
v 0.002250162186101079 0.017418723553419113 0.0025700919795781374
v 0.0015310975722968578 0.01752879098057747 0.0030688289552927017
v 0.0023126881569623947 0.01741865836083889 0.002917185891419649
v 0.0015310975722968578 0.01752879098057747 0.0030688289552927017
v 0.0015634003793820739 0.01747751049697399 0.0034155631437897682
v 0.0023126881569623947 0.01741865836083889 0.002917185891419649
v 0.001492224051617086 0.01753046363592148 0.0027116008568555117
v 0.0015310975722968578 0.01752879098057747 0.0030688289552927017
v 0.002250162186101079 0.017418723553419113 0.0025700919795781374
v -0.001487080124206841 0.01753104105591774 0.0027123631443828344
v -0.002240021014586091 0.017420774325728416 0.0025726142339408398
v -0.0023022156674414873 0.017420699819922447 0.0029198837000876665
v -0.0015258040511980653 0.017529351636767387 0.003069648751989007
v -0.001487080124206841 0.01753104105591774 0.0027123631443828344
v -0.0023022156674414873 0.017420699819922447 0.0029198837000876665
v -0.001487080124206841 0.01753104105591774 0.0027123631443828344
v -0.0014427286805585027 0.01748069003224373 0.002355441451072693
v -0.002240021014586091 0.017420774325728416 0.0025726142339408398
v 0.0007793143740855157 0.017533166334033012 0.0035107391886413097
v 0.0007907011895440519 0.01742963306605816 0.003835707902908325
v 0.0009638607734814286 0.017424728721380234 0.0038250861689448357
v 0.0015634003793820739 0.01747751049697399 0.0034155631437897682
v 0.0007793143740855157 0.017533166334033012 0.0035107391886413097
v 0.0009638607734814286 0.017424728721380234 0.0038250861689448357
v -0.0007847646484151483 0.017429247498512268 0.0038359216414391994
v -0.0007737889536656439 0.017533352598547935 0.0035110933240503073
v -0.0008286318043246865 0.01742708683013916 0.0038315122947096825
v -0.0005763742956332862 0.01743951067328453 0.0038568677846342325
v -0.0007737889536656439 0.017533352598547935 0.0035110933240503073
v -0.0007847646484151483 0.017429247498512268 0.0038359216414391994
v 0.0007793143740855157 0.017533166334033012 0.0035107391886413097
v 0.0007292510708793998 0.01743137277662754 0.0038394774310290813
v 0.0007907011895440519 0.01742963306605816 0.003835707902908325
v 0.0007793143740855157 0.017533166334033012 0.0035107391886413097
v 0.00025719276163727045 0.01744474284350872 0.003868433879688382
v 0.0007292510708793998 0.01743137277662754 0.0038394774310290813
v 3.2178190849663224e-06 0.017458507791161537 0.0021005424205213785
v 3.3232529403903754e-06 0.017561599612236023 0.002455972833558917
v 0.0007008023676462471 0.017439138144254684 0.002078116172924638
v 3.3232529403903754e-06 0.017561599612236023 0.002455972833558917
v 0.0007242434658110142 0.01754198968410492 0.0024308650754392147
v 0.0007008023676462471 0.017439138144254684 0.002078116172924638
v -0.0014427286805585027 0.01748069003224373 0.002355441451072693
v -0.0007191140321083367 0.01754220761358738 0.0024311442393809557
v -0.0006958396406844258 0.017439354211091995 0.002078365534543991
v -0.0007191140321083367 0.01754220761358738 0.0024311442393809557
v 3.2178190849663224e-06 0.017458507791161537 0.0021005424205213785
v -0.0006958396406844258 0.017439354211091995 0.002078365534543991
v -0.0003049781371373683 0.01744592934846878 0.003867453197017312
v -0.00030567843350581825 0.017441999167203903 0.0038623411674052477
v -0.0005763742956332862 0.01743951067328453 0.0038568677846342325
v 3.5703976664080983e-06 0.017549792304635048 0.00354258855804801
v -0.0007737889536656439 0.017533352598547935 0.0035110933240503073
v -0.0005763742956332862 0.01743951067328453 0.0038568677846342325
v -0.00030567843350581825 0.017441999167203903 0.0038623411674052477
v 3.5703976664080983e-06 0.017549792304635048 0.00354258855804801
v -0.0005763742956332862 0.01743951067328453 0.0038568677846342325
v -0.0003049781371373683 0.01744592934846878 0.003867453197017312
v -4.034825451526558e-06 0.017444772645831108 0.003868440631777048
v -0.00030567843350581825 0.017441999167203903 0.0038623411674052477
v -4.034825451526558e-06 0.017444772645831108 0.003868440631777048
v 3.5703976664080983e-06 0.017549792304635048 0.00354258855804801
v -0.00030567843350581825 0.017441999167203903 0.0038623411674052477
v 3.5703976664080983e-06 0.017549792304635048 0.00354258855804801
v 0.00020512031915131956 0.01744621805846691 0.0038716280832886696
v 0.00025719276163727045 0.01744474284350872 0.003868433879688382
v 0.0007793143740855157 0.017533166334033012 0.0035107391886413097
v 3.5703976664080983e-06 0.017549792304635048 0.00354258855804801
v 0.00025719276163727045 0.01744474284350872 0.003868433879688382
v 3.763165295822546e-06 0.017444845288991928 0.0038685982581228018
v 3.5703976664080983e-06 0.017549792304635048 0.00354258855804801
v -4.034825451526558e-06 0.017444772645831108 0.003868440631777048
v 0.00019234797218814492 0.017446579411625862 0.003872411558404565
v 3.5703976664080983e-06 0.017549792304635048 0.00354258855804801
v 3.763165295822546e-06 0.017444845288991928 0.0038685982581228018
v 3.5703976664080983e-06 0.017549792304635048 0.00354258855804801
v 0.00019234797218814492 0.017446579411625862 0.003872411558404565
v 0.00020512031915131956 0.01744621805846691 0.0038716280832886696
v -0.0007191140321083367 0.01754220761358738 0.0024311442393809557
v 3.3232529403903754e-06 0.017561599612236023 0.002455972833558917
v 3.2178190849663224e-06 0.017458507791161537 0.0021005424205213785
v 0.0015310975722968578 0.01752879098057747 0.0030688289552927017
v 0.0007793143740855157 0.017533166334033012 0.0035107391886413097
v 0.0015634003793820739 0.01747751049697399 0.0034155631437897682
v -0.0007737889536656439 0.017533352598547935 0.0035110933240503073
v -0.000758631678763777 0.017588265240192413 0.0031590894795954227
v -0.001557980664074421 0.01747804507613182 0.0034164299722760916
v -0.000758631678763777 0.017588265240192413 0.0031590894795954227
v -0.0015258040511980653 0.017529351636767387 0.003069648751989007
v -0.001557980664074421 0.01747804507613182 0.0034164299722760916
v 0.0007242434658110142 0.01754198968410492 0.0024308650754392147
v 0.0007455405429936945 0.01759188063442707 0.0027950245421379805
v 0.001447702874429524 0.017480110749602318 0.0023547436576336622
v 0.0007455405429936945 0.01759188063442707 0.0027950245421379805
v 0.001492224051617086 0.01753046363592148 0.0027116008568555117
v 0.001447702874429524 0.017480110749602318 0.0023547436576336622
v -0.001487080124206841 0.01753104105591774 0.0027123631443828344
v -0.0007191140321083367 0.01754220761358738 0.0024311442393809557
v -0.0014427286805585027 0.01748069003224373 0.002355441451072693
v 0.001492224051617086 0.01753046363592148 0.0027116008568555117
v 0.0007640463300049305 0.017588062211871147 0.0031587558332830667
v 0.0015310975722968578 0.01752879098057747 0.0030688289552927017
v 0.0007640463300049305 0.017588062211871147 0.0031587558332830667
v 0.0007793143740855157 0.017533166334033012 0.0035107391886413097
v 0.0015310975722968578 0.01752879098057747 0.0030688289552927017
v -0.0007402589544653893 0.017592094838619232 0.0027953325770795345
v -0.001487080124206841 0.01753104105591774 0.0027123631443828344
v -0.0015258040511980653 0.017529351636767387 0.003069648751989007
v -0.000758631678763777 0.017588265240192413 0.0031590894795954227
v -0.0007402589544653893 0.017592094838619232 0.0027953325770795345
v -0.0015258040511980653 0.017529351636767387 0.003069648751989007
v 0.0007455405429936945 0.01759188063442707 0.0027950245421379805
v 0.0007640463300049305 0.017588062211871147 0.0031587558332830667
v 0.001492224051617086 0.01753046363592148 0.0027116008568555117
v -0.0007402589544653893 0.017592094838619232 0.0027953325770795345
v -0.0007191140321083367 0.01754220761358738 0.0024311442393809557
v -0.001487080124206841 0.01753104105591774 0.0027123631443828344
v 0.0007640463300049305 0.017588062211871147 0.0031587558332830667
v 3.5703976664080983e-06 0.017549792304635048 0.00354258855804801
v 0.0007793143740855157 0.017533166334033012 0.0035107391886413097
v 3.5703976664080983e-06 0.017549792304635048 0.00354258855804801
v 3.502020035739406e-06 0.017606249079108238 0.0031887637451291084
v -0.0007737889536656439 0.017533352598547935 0.0035110933240503073
v 3.502020035739406e-06 0.017606249079108238 0.0031887637451291084
v -0.000758631678763777 0.017588265240192413 0.0031590894795954227
v -0.0007737889536656439 0.017533352598547935 0.0035110933240503073
v 3.3232529403903754e-06 0.017561599612236023 0.002455972833558917
v 3.4189661164418794e-06 0.01761109195649624 0.0028227276634424925
v 0.0007242434658110142 0.01754198968410492 0.0024308650754392147
v 3.4189661164418794e-06 0.01761109195649624 0.0028227276634424925
v 0.0007455405429936945 0.01759188063442707 0.0027950245421379805
v 0.0007242434658110142 0.01754198968410492 0.0024308650754392147
v -0.0007402589544653893 0.017592094838619232 0.0027953325770795345
v 3.3232529403903754e-06 0.017561599612236023 0.002455972833558917
v -0.0007191140321083367 0.01754220761358738 0.0024311442393809557
v 0.0007640463300049305 0.017588062211871147 0.0031587558332830667
v 3.502020035739406e-06 0.017606249079108238 0.0031887637451291084
v 3.5703976664080983e-06 0.017549792304635048 0.00354258855804801
v -0.0007402589544653893 0.017592094838619232 0.0027953325770795345
v 3.4189661164418794e-06 0.01761109195649624 0.0028227276634424925
v 3.3232529403903754e-06 0.017561599612236023 0.002455972833558917
v 0.0007455405429936945 0.01759188063442707 0.0027950245421379805
v 3.502020035739406e-06 0.017606249079108238 0.0031887637451291084
v 0.0007640463300049305 0.017588062211871147 0.0031587558332830667
v 3.4189661164418794e-06 0.01761109195649624 0.0028227276634424925
v -0.0007402589544653893 0.017592094838619232 0.0027953325770795345
v -0.000758631678763777 0.017588265240192413 0.0031590894795954227
v 3.502020035739406e-06 0.017606249079108238 0.0031887637451291084
v 3.4189661164418794e-06 0.01761109195649624 0.0028227276634424925
v -0.000758631678763777 0.017588265240192413 0.0031590894795954227
v 3.4189661164418794e-06 0.01761109195649624 0.0028227276634424925
v 3.502020035739406e-06 0.017606249079108238 0.0031887637451291084
v 0.0007455405429936945 0.01759188063442707 0.0027950245421379805
usemtl DefaultMaterial
f 1 2 3
f 4 5 6
f 7 8 9
f 10 11 12
f 13 14 15
f 16 17 18
f 19 20 21
f 22 23 24
f 25 26 27
f 28 29 30
f 31 32 33
f 34 35 36
f 37 38 39
f 40 41 42
f 43 44 45
f 46 47 48
f 49 50 51
f 52 53 54
f 55 56 57
f 58 59 60
f 61 62 63
f 64 65 66
f 67 68 69
f 70 71 72
f 73 74 75
f 76 77 78
f 79 80 81
f 82 83 84
f 85 86 87
f 88 89 90
f 91 92 93
f 94 95 96
f 97 98 99
f 100 101 102
f 103 104 105
f 106 107 108
f 109 110 111
f 112 113 114
f 115 116 117
f 118 119 120
f 121 122 123
f 124 125 126
f 127 128 129
f 130 131 132
f 133 134 135
f 136 137 138
f 139 140 141
f 142 143 144
f 145 146 147
f 148 149 150
f 151 152 153
f 154 155 156
f 157 158 159
f 160 161 162
f 163 164 165
f 166 167 168
f 169 170 171
f 172 173 174
f 175 176 177
f 178 179 180
f 181 182 183
f 184 185 186
f 187 188 189
f 190 191 192
f 193 194 195
f 196 197 198
f 199 200 201
f 202 203 204
f 205 206 207
f 208 209 210
f 211 212 213
f 214 215 216
f 217 218 219
f 220 221 222
f 223 224 225
f 226 227 228
f 229 230 231
f 232 233 234
f 235 236 237
f 238 239 240
f 241 242 243
f 244 245 246
f 247 248 249
f 250 251 252
f 253 254 255
f 256 257 258
f 259 260 261
f 262 263 264
f 265 266 267
f 268 269 270
f 271 272 273
f 274 275 276
f 277 278 279
f 280 281 282
f 283 284 285
f 286 287 288
f 289 290 291
f 292 293 294
f 295 296 297
f 298 299 300
f 301 302 303
f 304 305 306
f 307 308 309
f 310 311 312
f 313 314 315
f 316 317 318
f 319 320 321
f 322 323 324
f 325 326 327
f 328 329 330
f 331 332 333
f 334 335 336
f 337 338 339
f 340 341 342
f 343 344 345
f 346 347 348
f 349 350 351
f 352 353 354
f 355 356 357
f 358 359 360
f 361 362 363
f 364 365 366
f 367 368 369
f 370 371 372
f 373 374 375
f 376 377 378
f 379 380 381
f 382 383 384
f 385 386 387
f 388 389 390
f 391 392 393
f 394 395 396
f 397 398 399
f 400 401 402
f 403 404 405
f 406 407 408
f 409 410 411
f 412 413 414
f 415 416 417
f 418 419 420
f 421 422 423
f 424 425 426
f 427 428 429
f 430 431 432
f 433 434 435
f 436 437 438
f 439 440 441
f 442 443 444
f 445 446 447
f 448 449 450
f 451 452 453
f 454 455 456
f 457 458 459
f 460 461 462
f 463 464 465
f 466 467 468
f 469 470 471
f 472 473 474
f 475 476 477
f 478 479 480
f 481 482 483
f 484 485 486
f 487 488 489
f 490 491 492
f 493 494 495
f 496 497 498
f 499 500 501
f 502 503 504
f 505 506 507
f 508 509 510
f 511 512 513
f 514 515 516
f 517 518 519
f 520 521 522
f 523 524 525
f 526 527 528
f 529 530 531
f 532 533 534
f 535 536 537
f 538 539 540
f 541 542 543
f 544 545 546
f 547 548 549
f 550 551 552
f 553 554 555
f 556 557 558
f 559 560 561
f 562 563 564
f 565 566 567
f 568 569 570
f 571 572 573
f 574 575 576
f 577 578 579
f 580 581 582
f 583 584 585
f 586 587 588
f 589 590 591
f 592 593 594
f 595 596 597
f 598 599 600
f 601 602 603
f 604 605 606
f 607 608 609
f 610 611 612
f 613 614 615
f 616 617 618
f 619 620 621
f 622 623 624
f 625 626 627
f 628 629 630
f 631 632 633
f 634 635 636
f 637 638 639
f 640 641 642
f 643 644 645
f 646 647 648
f 649 650 651
f 652 653 654
f 655 656 657
f 658 659 660
f 661 662 663
f 664 665 666
f 667 668 669
f 670 671 672
f 673 674 675
f 676 677 678
f 679 680 681
f 682 683 684
f 685 686 687
f 688 689 690
f 691 692 693
f 694 695 696
f 697 698 699
f 700 701 702
f 703 704 705
f 706 707 708
f 709 710 711
f 712 713 714
f 715 716 717
f 718 719 720
f 721 722 723
f 724 725 726
f 727 728 729
f 730 731 732
f 733 734 735
f 736 737 738
f 739 740 741
f 742 743 744
f 745 746 747
f 748 749 750
f 751 752 753
f 754 755 756
f 757 758 759
f 760 761 762
f 763 764 765
f 766 767 768
f 769 770 771
f 772 773 774
f 775 776 777
f 778 779 780
f 781 782 783
f 784 785 786
f 787 788 789
f 790 791 792
f 793 794 795
f 796 797 798
f 799 800 801
f 802 803 804
f 805 806 807
f 808 809 810
f 811 812 813
f 814 815 816
f 817 818 819
f 820 821 822
f 823 824 825
f 826 827 828
f 829 830 831
f 832 833 834
f 835 836 837
f 838 839 840
f 841 842 843
f 844 845 846
f 847 848 849
f 850 851 852
f 853 854 855
f 856 857 858
f 859 860 861
f 862 863 864
f 865 866 867
f 868 869 870
f 871 872 873
f 874 875 876
f 877 878 879
f 880 881 882
f 883 884 885
f 886 887 888
f 889 890 891
f 892 893 894
f 895 896 897
f 898 899 900
f 901 902 903
f 904 905 906
f 907 908 909
f 910 911 912
f 913 914 915
f 916 917 918
f 919 920 921
f 922 923 924
f 925 926 927
f 928 929 930
f 931 932 933
f 934 935 936
f 937 938 939
f 940 941 942
f 943 944 945
f 946 947 948
f 949 950 951
f 952 953 954
f 955 956 957
f 958 959 960
f 961 962 963
f 964 965 966
f 967 968 969
f 970 971 972
f 973 974 975
f 976 977 978
f 979 980 981
f 982 983 984
f 985 986 987
f 988 989 990
f 991 992 993
f 994 995 996
f 997 998 999
f 1000 1001 1002
f 1003 1004 1005
f 1006 1007 1008
f 1009 1010 1011
f 1012 1013 1014
f 1015 1016 1017
f 1018 1019 1020
f 1021 1022 1023
f 1024 1025 1026
f 1027 1028 1029
f 1030 1031 1032
f 1033 1034 1035
f 1036 1037 1038
f 1039 1040 1041
f 1042 1043 1044
f 1045 1046 1047
f 1048 1049 1050
f 1051 1052 1053
f 1054 1055 1056
f 1057 1058 1059
f 1060 1061 1062
f 1063 1064 1065
f 1066 1067 1068
f 1069 1070 1071
f 1072 1073 1074
f 1075 1076 1077
f 1078 1079 1080
f 1081 1082 1083
f 1084 1085 1086
f 1087 1088 1089
f 1090 1091 1092
f 1093 1094 1095
f 1096 1097 1098
f 1099 1100 1101
f 1102 1103 1104
f 1105 1106 1107
f 1108 1109 1110
f 1111 1112 1113
f 1114 1115 1116
f 1117 1118 1119
f 1120 1121 1122
f 1123 1124 1125
f 1126 1127 1128
f 1129 1130 1131
f 1132 1133 1134
f 1135 1136 1137
f 1138 1139 1140
f 1141 1142 1143
f 1144 1145 1146
f 1147 1148 1149
f 1150 1151 1152
f 1153 1154 1155
f 1156 1157 1158
f 1159 1160 1161
f 1162 1163 1164
f 1165 1166 1167
f 1168 1169 1170
f 1171 1172 1173
f 1174 1175 1176
f 1177 1178 1179
f 1180 1181 1182
f 1183 1184 1185
f 1186 1187 1188
f 1189 1190 1191
f 1192 1193 1194
f 1195 1196 1197
f 1198 1199 1200
f 1201 1202 1203
f 1204 1205 1206
f 1207 1208 1209
f 1210 1211 1212
f 1213 1214 1215
f 1216 1217 1218
f 1219 1220 1221
f 1222 1223 1224
f 1225 1226 1227
f 1228 1229 1230
f 1231 1232 1233
f 1234 1235 1236
f 1237 1238 1239
f 1240 1241 1242
f 1243 1244 1245
f 1246 1247 1248
f 1249 1250 1251
f 1252 1253 1254
f 1255 1256 1257
f 1258 1259 1260
f 1261 1262 1263
f 1264 1265 1266
f 1267 1268 1269
f 1270 1271 1272
f 1273 1274 1275
f 1276 1277 1278
f 1279 1280 1281
f 1282 1283 1284
f 1285 1286 1287
f 1288 1289 1290
f 1291 1292 1293
f 1294 1295 1296
f 1297 1298 1299
f 1300 1301 1302
f 1303 1304 1305
f 1306 1307 1308
f 1309 1310 1311
f 1312 1313 1314
f 1315 1316 1317
f 1318 1319 1320
f 1321 1322 1323
f 1324 1325 1326
f 1327 1328 1329
f 1330 1331 1332
f 1333 1334 1335
f 1336 1337 1338
f 1339 1340 1341
f 1342 1343 1344
f 1345 1346 1347
f 1348 1349 1350
f 1351 1352 1353
f 1354 1355 1356
f 1357 1358 1359
f 1360 1361 1362
f 1363 1364 1365
f 1366 1367 1368
f 1369 1370 1371
f 1372 1373 1374
f 1375 1376 1377
f 1378 1379 1380
f 1381 1382 1383
f 1384 1385 1386
f 1387 1388 1389
f 1390 1391 1392
f 1393 1394 1395
f 1396 1397 1398
f 1399 1400 1401
f 1402 1403 1404
f 1405 1406 1407
f 1408 1409 1410
f 1411 1412 1413
f 1414 1415 1416
f 1417 1418 1419
f 1420 1421 1422
f 1423 1424 1425
f 1426 1427 1428
f 1429 1430 1431
f 1432 1433 1434
f 1435 1436 1437
f 1438 1439 1440
f 1441 1442 1443
f 1444 1445 1446
f 1447 1448 1449
f 1450 1451 1452
f 1453 1454 1455
f 1456 1457 1458
f 1459 1460 1461
f 1462 1463 1464
f 1465 1466 1467
f 1468 1469 1470
f 1471 1472 1473
f 1474 1475 1476
f 1477 1478 1479
f 1480 1481 1482
f 1483 1484 1485
f 1486 1487 1488
f 1489 1490 1491
f 1492 1493 1494
f 1495 1496 1497
f 1498 1499 1500
f 1501 1502 1503
f 1504 1505 1506
f 1507 1508 1509
f 1510 1511 1512
f 1513 1514 1515
f 1516 1517 1518
f 1519 1520 1521
f 1522 1523 1524
f 1525 1526 1527
f 1528 1529 1530
f 1531 1532 1533
f 1534 1535 1536
f 1537 1538 1539
f 1540 1541 1542
f 1543 1544 1545
f 1546 1547 1548
f 1549 1550 1551
f 1552 1553 1554
f 1555 1556 1557
f 1558 1559 1560
f 1561 1562 1563
f 1564 1565 1566
f 1567 1568 1569
f 1570 1571 1572
f 1573 1574 1575
f 1576 1577 1578
f 1579 1580 1581
f 1582 1583 1584
f 1585 1586 1587
f 1588 1589 1590
f 1591 1592 1593
f 1594 1595 1596
f 1597 1598 1599
f 1600 1601 1602
f 1603 1604 1605
f 1606 1607 1608
f 1609 1610 1611
f 1612 1613 1614
f 1615 1616 1617
f 1618 1619 1620
f 1621 1622 1623
f 1624 1625 1626
f 1627 1628 1629
f 1630 1631 1632
f 1633 1634 1635
f 1636 1637 1638
f 1639 1640 1641
f 1642 1643 1644
f 1645 1646 1647
f 1648 1649 1650
f 1651 1652 1653
f 1654 1655 1656
f 1657 1658 1659
f 1660 1661 1662
f 1663 1664 1665
f 1666 1667 1668
f 1669 1670 1671
f 1672 1673 1674
f 1675 1676 1677
f 1678 1679 1680
f 1681 1682 1683
f 1684 1685 1686
f 1687 1688 1689
f 1690 1691 1692
f 1693 1694 1695
f 1696 1697 1698
f 1699 1700 1701
f 1702 1703 1704
f 1705 1706 1707
f 1708 1709 1710
f 1711 1712 1713
f 1714 1715 1716
f 1717 1718 1719
f 1720 1721 1722
f 1723 1724 1725
f 1726 1727 1728
f 1729 1730 1731
f 1732 1733 1734
f 1735 1736 1737
f 1738 1739 1740
f 1741 1742 1743
f 1744 1745 1746
f 1747 1748 1749
f 1750 1751 1752
f 1753 1754 1755
f 1756 1757 1758
f 1759 1760 1761
f 1762 1763 1764
f 1765 1766 1767
f 1768 1769 1770
f 1771 1772 1773
f 1774 1775 1776
f 1777 1778 1779
f 1780 1781 1782
f 1783 1784 1785
f 1786 1787 1788
f 1789 1790 1791
f 1792 1793 1794
f 1795 1796 1797
f 1798 1799 1800
f 1801 1802 1803
f 1804 1805 1806
f 1807 1808 1809
f 1810 1811 1812
f 1813 1814 1815
f 1816 1817 1818
f 1819 1820 1821
f 1822 1823 1824
f 1825 1826 1827
f 1828 1829 1830
f 1831 1832 1833
f 1834 1835 1836
f 1837 1838 1839
f 1840 1841 1842
f 1843 1844 1845
f 1846 1847 1848
f 1849 1850 1851
f 1852 1853 1854
f 1855 1856 1857
f 1858 1859 1860
f 1861 1862 1863
f 1864 1865 1866
f 1867 1868 1869
f 1870 1871 1872
f 1873 1874 1875
f 1876 1877 1878
f 1879 1880 1881
f 1882 1883 1884
f 1885 1886 1887
f 1888 1889 1890
f 1891 1892 1893
f 1894 1895 1896
f 1897 1898 1899
f 1900 1901 1902
f 1903 1904 1905
f 1906 1907 1908
f 1909 1910 1911
f 1912 1913 1914
f 1915 1916 1917
f 1918 1919 1920
f 1921 1922 1923
f 1924 1925 1926
f 1927 1928 1929
f 1930 1931 1932
f 1933 1934 1935
f 1936 1937 1938
f 1939 1940 1941
f 1942 1943 1944
f 1945 1946 1947
f 1948 1949 1950
f 1951 1952 1953
f 1954 1955 1956
f 1957 1958 1959
f 1960 1961 1962
f 1963 1964 1965
f 1966 1967 1968
f 1969 1970 1971
f 1972 1973 1974
f 1975 1976 1977
f 1978 1979 1980
f 1981 1982 1983
f 1984 1985 1986
f 1987 1988 1989
f 1990 1991 1992
f 1993 1994 1995
f 1996 1997 1998
f 1999 2000 2001
f 2002 2003 2004
f 2005 2006 2007
f 2008 2009 2010
f 2011 2012 2013
f 2014 2015 2016
f 2017 2018 2019
f 2020 2021 2022
f 2023 2024 2025
f 2026 2027 2028
f 2029 2030 2031
f 2032 2033 2034
f 2035 2036 2037
f 2038 2039 2040
f 2041 2042 2043
f 2044 2045 2046
f 2047 2048 2049
f 2050 2051 2052
f 2053 2054 2055
f 2056 2057 2058
f 2059 2060 2061
f 2062 2063 2064
f 2065 2066 2067
f 2068 2069 2070
f 2071 2072 2073
f 2074 2075 2076
f 2077 2078 2079
f 2080 2081 2082
f 2083 2084 2085
f 2086 2087 2088
f 2089 2090 2091
f 2092 2093 2094
f 2095 2096 2097
f 2098 2099 2100
f 2101 2102 2103
f 2104 2105 2106
f 2107 2108 2109
f 2110 2111 2112
f 2113 2114 2115
f 2116 2117 2118
f 2119 2120 2121
f 2122 2123 2124
f 2125 2126 2127
f 2128 2129 2130
f 2131 2132 2133
f 2134 2135 2136
f 2137 2138 2139
f 2140 2141 2142
f 2143 2144 2145
f 2146 2147 2148
f 2149 2150 2151
f 2152 2153 2154
f 2155 2156 2157
f 2158 2159 2160
f 2161 2162 2163
f 2164 2165 2166
f 2167 2168 2169
f 2170 2171 2172
f 2173 2174 2175
f 2176 2177 2178
f 2179 2180 2181
f 2182 2183 2184
f 2185 2186 2187
f 2188 2189 2190
f 2191 2192 2193
f 2194 2195 2196
f 2197 2198 2199
f 2200 2201 2202
f 2203 2204 2205
f 2206 2207 2208
f 2209 2210 2211
f 2212 2213 2214
f 2215 2216 2217
f 2218 2219 2220
f 2221 2222 2223
f 2224 2225 2226
f 2227 2228 2229
f 2230 2231 2232
f 2233 2234 2235
f 2236 2237 2238
f 2239 2240 2241
f 2242 2243 2244
f 2245 2246 2247
f 2248 2249 2250
f 2251 2252 2253
f 2254 2255 2256
f 2257 2258 2259
f 2260 2261 2262
f 2263 2264 2265
f 2266 2267 2268
f 2269 2270 2271
f 2272 2273 2274
f 2275 2276 2277
f 2278 2279 2280
f 2281 2282 2283
f 2284 2285 2286
f 2287 2288 2289
f 2290 2291 2292
f 2293 2294 2295
f 2296 2297 2298
f 2299 2300 2301
f 2302 2303 2304
f 2305 2306 2307
f 2308 2309 2310
f 2311 2312 2313
f 2314 2315 2316
f 2317 2318 2319
f 2320 2321 2322
f 2323 2324 2325
f 2326 2327 2328
f 2329 2330 2331
f 2332 2333 2334
f 2335 2336 2337
f 2338 2339 2340
f 2341 2342 2343
f 2344 2345 2346
f 2347 2348 2349
f 2350 2351 2352
f 2353 2354 2355
f 2356 2357 2358
f 2359 2360 2361
f 2362 2363 2364
f 2365 2366 2367
f 2368 2369 2370
f 2371 2372 2373
f 2374 2375 2376
f 2377 2378 2379
f 2380 2381 2382
f 2383 2384 2385
f 2386 2387 2388
f 2389 2390 2391
f 2392 2393 2394
f 2395 2396 2397
f 2398 2399 2400
f 2401 2402 2403
f 2404 2405 2406
f 2407 2408 2409
f 2410 2411 2412
f 2413 2414 2415
f 2416 2417 2418
f 2419 2420 2421
f 2422 2423 2424
f 2425 2426 2427
f 2428 2429 2430
f 2431 2432 2433
f 2434 2435 2436
f 2437 2438 2439
f 2440 2441 2442
f 2443 2444 2445
f 2446 2447 2448
f 2449 2450 2451
f 2452 2453 2454
f 2455 2456 2457
f 2458 2459 2460
f 2461 2462 2463
f 2464 2465 2466
f 2467 2468 2469
f 2470 2471 2472
f 2473 2474 2475
f 2476 2477 2478
f 2479 2480 2481
f 2482 2483 2484
f 2485 2486 2487
f 2488 2489 2490
f 2491 2492 2493
f 2494 2495 2496
f 2497 2498 2499
f 2500 2501 2502
f 2503 2504 2505
f 2506 2507 2508
f 2509 2510 2511
f 2512 2513 2514
f 2515 2516 2517
f 2518 2519 2520
f 2521 2522 2523
f 2524 2525 2526
f 2527 2528 2529
f 2530 2531 2532
f 2533 2534 2535
f 2536 2537 2538
f 2539 2540 2541
f 2542 2543 2544
f 2545 2546 2547
f 2548 2549 2550
f 2551 2552 2553
f 2554 2555 2556
f 2557 2558 2559
f 2560 2561 2562
f 2563 2564 2565
f 2566 2567 2568
f 2569 2570 2571
f 2572 2573 2574
f 2575 2576 2577
f 2578 2579 2580
f 2581 2582 2583
f 2584 2585 2586
f 2587 2588 2589
f 2590 2591 2592
f 2593 2594 2595
f 2596 2597 2598
f 2599 2600 2601
f 2602 2603 2604
f 2605 2606 2607
f 2608 2609 2610
f 2611 2612 2613
f 2614 2615 2616
f 2617 2618 2619
f 2620 2621 2622
f 2623 2624 2625
f 2626 2627 2628
f 2629 2630 2631
f 2632 2633 2634
f 2635 2636 2637
f 2638 2639 2640
f 2641 2642 2643
f 2644 2645 2646
f 2647 2648 2649
f 2650 2651 2652
f 2653 2654 2655
f 2656 2657 2658
f 2659 2660 2661
f 2662 2663 2664
f 2665 2666 2667
f 2668 2669 2670
f 2671 2672 2673
f 2674 2675 2676
f 2677 2678 2679
f 2680 2681 2682
f 2683 2684 2685
f 2686 2687 2688
f 2689 2690 2691
f 2692 2693 2694
f 2695 2696 2697
f 2698 2699 2700
f 2701 2702 2703
f 2704 2705 2706
f 2707 2708 2709
f 2710 2711 2712
f 2713 2714 2715
f 2716 2717 2718
f 2719 2720 2721
f 2722 2723 2724
f 2725 2726 2727
f 2728 2729 2730
f 2731 2732 2733
f 2734 2735 2736
f 2737 2738 2739
f 2740 2741 2742
f 2743 2744 2745
f 2746 2747 2748
f 2749 2750 2751
f 2752 2753 2754
f 2755 2756 2757
f 2758 2759 2760
f 2761 2762 2763
f 2764 2765 2766
f 2767 2768 2769
f 2770 2771 2772
f 2773 2774 2775
f 2776 2777 2778
f 2779 2780 2781
f 2782 2783 2784
f 2785 2786 2787
f 2788 2789 2790
f 2791 2792 2793
f 2794 2795 2796
f 2797 2798 2799
f 2800 2801 2802
f 2803 2804 2805
f 2806 2807 2808
f 2809 2810 2811
f 2812 2813 2814
f 2815 2816 2817
f 2818 2819 2820
f 2821 2822 2823
f 2824 2825 2826
f 2827 2828 2829
f 2830 2831 2832
f 2833 2834 2835
f 2836 2837 2838
f 2839 2840 2841
f 2842 2843 2844
f 2845 2846 2847
f 2848 2849 2850
f 2851 2852 2853
f 2854 2855 2856
f 2857 2858 2859
f 2860 2861 2862
f 2863 2864 2865
f 2866 2867 2868
f 2869 2870 2871
f 2872 2873 2874
f 2875 2876 2877
f 2878 2879 2880
f 2881 2882 2883
f 2884 2885 2886
f 2887 2888 2889
f 2890 2891 2892
f 2893 2894 2895
f 2896 2897 2898
f 2899 2900 2901
f 2902 2903 2904
f 2905 2906 2907
f 2908 2909 2910
f 2911 2912 2913
f 2914 2915 2916
f 2917 2918 2919
f 2920 2921 2922
f 2923 2924 2925
f 2926 2927 2928
f 2929 2930 2931
f 2932 2933 2934
f 2935 2936 2937
f 2938 2939 2940
f 2941 2942 2943
f 2944 2945 2946
f 2947 2948 2949
f 2950 2951 2952
f 2953 2954 2955
f 2956 2957 2958
f 2959 2960 2961
f 2962 2963 2964
f 2965 2966 2967
f 2968 2969 2970
f 2971 2972 2973
f 2974 2975 2976
f 2977 2978 2979
f 2980 2981 2982
f 2983 2984 2985
f 2986 2987 2988
f 2989 2990 2991
f 2992 2993 2994
f 2995 2996 2997
f 2998 2999 3000
f 3001 3002 3003
f 3004 3005 3006
f 3007 3008 3009
f 3010 3011 3012
f 3013 3014 3015
f 3016 3017 3018
f 3019 3020 3021
f 3022 3023 3024
f 3025 3026 3027
f 3028 3029 3030
f 3031 3032 3033
f 3034 3035 3036
f 3037 3038 3039
f 3040 3041 3042
f 3043 3044 3045
f 3046 3047 3048
f 3049 3050 3051
f 3052 3053 3054
f 3055 3056 3057
f 3058 3059 3060
f 3061 3062 3063
f 3064 3065 3066
f 3067 3068 3069
f 3070 3071 3072
f 3073 3074 3075
f 3076 3077 3078
f 3079 3080 3081
f 3082 3083 3084
f 3085 3086 3087
f 3088 3089 3090
f 3091 3092 3093
f 3094 3095 3096
f 3097 3098 3099
f 3100 3101 3102
f 3103 3104 3105
f 3106 3107 3108
f 3109 3110 3111
f 3112 3113 3114
f 3115 3116 3117
f 3118 3119 3120
f 3121 3122 3123
f 3124 3125 3126
f 3127 3128 3129
f 3130 3131 3132
f 3133 3134 3135
f 3136 3137 3138
f 3139 3140 3141
f 3142 3143 3144
f 3145 3146 3147
f 3148 3149 3150
f 3151 3152 3153
f 3154 3155 3156
f 3157 3158 3159
f 3160 3161 3162
f 3163 3164 3165
f 3166 3167 3168
f 3169 3170 3171
f 3172 3173 3174
f 3175 3176 3177
f 3178 3179 3180
f 3181 3182 3183
f 3184 3185 3186
f 3187 3188 3189
f 3190 3191 3192
f 3193 3194 3195
f 3196 3197 3198
f 3199 3200 3201
f 3202 3203 3204
f 3205 3206 3207
f 3208 3209 3210
f 3211 3212 3213
f 3214 3215 3216
f 3217 3218 3219
f 3220 3221 3222
f 3223 3224 3225
f 3226 3227 3228
f 3229 3230 3231
f 3232 3233 3234
f 3235 3236 3237
f 3238 3239 3240
f 3241 3242 3243
f 3244 3245 3246
f 3247 3248 3249
f 3250 3251 3252
f 3253 3254 3255
f 3256 3257 3258
f 3259 3260 3261
f 3262 3263 3264
f 3265 3266 3267
f 3268 3269 3270
f 3271 3272 3273
f 3274 3275 3276
f 3277 3278 3279
f 3280 3281 3282
f 3283 3284 3285
f 3286 3287 3288
f 3289 3290 3291
f 3292 3293 3294
f 3295 3296 3297
f 3298 3299 3300
f 3301 3302 3303
f 3304 3305 3306
f 3307 3308 3309
f 3310 3311 3312
f 3313 3314 3315
f 3316 3317 3318
f 3319 3320 3321
f 3322 3323 3324
f 3325 3326 3327
f 3328 3329 3330
f 3331 3332 3333
f 3334 3335 3336
f 3337 3338 3339
f 3340 3341 3342
f 3343 3344 3345
f 3346 3347 3348
f 3349 3350 3351
f 3352 3353 3354
f 3355 3356 3357
f 3358 3359 3360
f 3361 3362 3363
f 3364 3365 3366
f 3367 3368 3369
f 3370 3371 3372
f 3373 3374 3375
f 3376 3377 3378
f 3379 3380 3381
f 3382 3383 3384
f 3385 3386 3387
f 3388 3389 3390
f 3391 3392 3393
f 3394 3395 3396
f 3397 3398 3399
f 3400 3401 3402
f 3403 3404 3405
f 3406 3407 3408
f 3409 3410 3411
f 3412 3413 3414
f 3415 3416 3417
f 3418 3419 3420
f 3421 3422 3423
f 3424 3425 3426
f 3427 3428 3429
f 3430 3431 3432
f 3433 3434 3435
f 3436 3437 3438
f 3439 3440 3441
f 3442 3443 3444
f 3445 3446 3447
f 3448 3449 3450
f 3451 3452 3453
f 3454 3455 3456
f 3457 3458 3459
f 3460 3461 3462
f 3463 3464 3465
f 3466 3467 3468
f 3469 3470 3471
f 3472 3473 3474
f 3475 3476 3477
f 3478 3479 3480
f 3481 3482 3483
f 3484 3485 3486
f 3487 3488 3489
f 3490 3491 3492
f 3493 3494 3495
f 3496 3497 3498
f 3499 3500 3501
f 3502 3503 3504
f 3505 3506 3507
f 3508 3509 3510
f 3511 3512 3513
f 3514 3515 3516
f 3517 3518 3519
f 3520 3521 3522
f 3523 3524 3525
f 3526 3527 3528
f 3529 3530 3531
f 3532 3533 3534
f 3535 3536 3537
f 3538 3539 3540
f 3541 3542 3543
f 3544 3545 3546
f 3547 3548 3549
f 3550 3551 3552
f 3553 3554 3555
f 3556 3557 3558
f 3559 3560 3561
f 3562 3563 3564
f 3565 3566 3567
f 3568 3569 3570
f 3571 3572 3573
f 3574 3575 3576
f 3577 3578 3579
f 3580 3581 3582
f 3583 3584 3585
f 3586 3587 3588
f 3589 3590 3591
f 3592 3593 3594
f 3595 3596 3597
f 3598 3599 3600
f 3601 3602 3603
f 3604 3605 3606
f 3607 3608 3609
f 3610 3611 3612
f 3613 3614 3615
f 3616 3617 3618
f 3619 3620 3621
f 3622 3623 3624
f 3625 3626 3627
f 3628 3629 3630
f 3631 3632 3633
f 3634 3635 3636
f 3637 3638 3639
f 3640 3641 3642
f 3643 3644 3645
f 3646 3647 3648
f 3649 3650 3651
f 3652 3653 3654
f 3655 3656 3657
f 3658 3659 3660
f 3661 3662 3663
f 3664 3665 3666
f 3667 3668 3669
f 3670 3671 3672
f 3673 3674 3675
f 3676 3677 3678
f 3679 3680 3681
f 3682 3683 3684
f 3685 3686 3687
f 3688 3689 3690
f 3691 3692 3693
f 3694 3695 3696
f 3697 3698 3699
f 3700 3701 3702
f 3703 3704 3705
f 3706 3707 3708
f 3709 3710 3711
f 3712 3713 3714
f 3715 3716 3717
f 3718 3719 3720
f 3721 3722 3723
f 3724 3725 3726
f 3727 3728 3729
f 3730 3731 3732
f 3733 3734 3735
f 3736 3737 3738
f 3739 3740 3741
f 3742 3743 3744
f 3745 3746 3747
f 3748 3749 3750
f 3751 3752 3753
f 3754 3755 3756
f 3757 3758 3759
f 3760 3761 3762
f 3763 3764 3765
f 3766 3767 3768
f 3769 3770 3771
f 3772 3773 3774
f 3775 3776 3777
f 3778 3779 3780
f 3781 3782 3783
f 3784 3785 3786
f 3787 3788 3789
f 3790 3791 3792
f 3793 3794 3795
f 3796 3797 3798
f 3799 3800 3801
f 3802 3803 3804
f 3805 3806 3807
f 3808 3809 3810
f 3811 3812 3813
f 3814 3815 3816
f 3817 3818 3819
f 3820 3821 3822
f 3823 3824 3825
f 3826 3827 3828
f 3829 3830 3831
f 3832 3833 3834
f 3835 3836 3837
f 3838 3839 3840
f 3841 3842 3843
f 3844 3845 3846
f 3847 3848 3849
f 3850 3851 3852
f 3853 3854 3855
f 3856 3857 3858
f 3859 3860 3861
f 3862 3863 3864
f 3865 3866 3867
f 3868 3869 3870
f 3871 3872 3873
f 3874 3875 3876
f 3877 3878 3879
f 3880 3881 3882
f 3883 3884 3885
f 3886 3887 3888
f 3889 3890 3891
f 3892 3893 3894
f 3895 3896 3897
f 3898 3899 3900
f 3901 3902 3903
f 3904 3905 3906
f 3907 3908 3909
f 3910 3911 3912
f 3913 3914 3915
f 3916 3917 3918
f 3919 3920 3921
f 3922 3923 3924
f 3925 3926 3927
f 3928 3929 3930
f 3931 3932 3933
f 3934 3935 3936
f 3937 3938 3939
f 3940 3941 3942
f 3943 3944 3945
f 3946 3947 3948
f 3949 3950 3951
f 3952 3953 3954
f 3955 3956 3957
f 3958 3959 3960
f 3961 3962 3963
f 3964 3965 3966
f 3967 3968 3969
f 3970 3971 3972
f 3973 3974 3975
f 3976 3977 3978
f 3979 3980 3981
f 3982 3983 3984
f 3985 3986 3987
f 3988 3989 3990
f 3991 3992 3993
f 3994 3995 3996
f 3997 3998 3999
f 4000 4001 4002
f 4003 4004 4005
f 4006 4007 4008
f 4009 4010 4011
f 4012 4013 4014
f 4015 4016 4017
f 4018 4019 4020
f 4021 4022 4023
f 4024 4025 4026
f 4027 4028 4029
f 4030 4031 4032
f 4033 4034 4035
f 4036 4037 4038
f 4039 4040 4041
f 4042 4043 4044
f 4045 4046 4047
f 4048 4049 4050
f 4051 4052 4053
f 4054 4055 4056
f 4057 4058 4059
f 4060 4061 4062
f 4063 4064 4065
f 4066 4067 4068
f 4069 4070 4071
f 4072 4073 4074
f 4075 4076 4077
f 4078 4079 4080
f 4081 4082 4083
f 4084 4085 4086
f 4087 4088 4089
f 4090 4091 4092
f 4093 4094 4095
f 4096 4097 4098
f 4099 4100 4101
f 4102 4103 4104
f 4105 4106 4107
f 4108 4109 4110
f 4111 4112 4113
f 4114 4115 4116
f 4117 4118 4119
f 4120 4121 4122
f 4123 4124 4125
f 4126 4127 4128
f 4129 4130 4131
f 4132 4133 4134
f 4135 4136 4137
f 4138 4139 4140
f 4141 4142 4143
f 4144 4145 4146
f 4147 4148 4149
f 4150 4151 4152
f 4153 4154 4155
f 4156 4157 4158
f 4159 4160 4161
f 4162 4163 4164
f 4165 4166 4167
f 4168 4169 4170
f 4171 4172 4173
f 4174 4175 4176
f 4177 4178 4179
f 4180 4181 4182
f 4183 4184 4185
f 4186 4187 4188
f 4189 4190 4191
f 4192 4193 4194
f 4195 4196 4197
f 4198 4199 4200
f 4201 4202 4203
f 4204 4205 4206
f 4207 4208 4209
f 4210 4211 4212
f 4213 4214 4215
f 4216 4217 4218
f 4219 4220 4221
f 4222 4223 4224
f 4225 4226 4227
f 4228 4229 4230
f 4231 4232 4233
f 4234 4235 4236
f 4237 4238 4239
f 4240 4241 4242
f 4243 4244 4245
f 4246 4247 4248
f 4249 4250 4251
f 4252 4253 4254
f 4255 4256 4257
f 4258 4259 4260
f 4261 4262 4263
f 4264 4265 4266
f 4267 4268 4269
f 4270 4271 4272
f 4273 4274 4275
f 4276 4277 4278
f 4279 4280 4281
f 4282 4283 4284
f 4285 4286 4287
f 4288 4289 4290
f 4291 4292 4293
f 4294 4295 4296
f 4297 4298 4299
f 4300 4301 4302
f 4303 4304 4305
f 4306 4307 4308
f 4309 4310 4311
f 4312 4313 4314
f 4315 4316 4317
f 4318 4319 4320
f 4321 4322 4323
f 4324 4325 4326
f 4327 4328 4329
f 4330 4331 4332
f 4333 4334 4335
f 4336 4337 4338
f 4339 4340 4341
f 4342 4343 4344
f 4345 4346 4347
f 4348 4349 4350
f 4351 4352 4353
f 4354 4355 4356
f 4357 4358 4359
f 4360 4361 4362
f 4363 4364 4365
f 4366 4367 4368
f 4369 4370 4371
f 4372 4373 4374
f 4375 4376 4377
f 4378 4379 4380
f 4381 4382 4383
f 4384 4385 4386
f 4387 4388 4389
f 4390 4391 4392
f 4393 4394 4395
f 4396 4397 4398
f 4399 4400 4401
f 4402 4403 4404
f 4405 4406 4407
f 4408 4409 4410
f 4411 4412 4413
f 4414 4415 4416
f 4417 4418 4419
f 4420 4421 4422
f 4423 4424 4425
f 4426 4427 4428
f 4429 4430 4431
f 4432 4433 4434
f 4435 4436 4437
f 4438 4439 4440
f 4441 4442 4443
f 4444 4445 4446
f 4447 4448 4449
f 4450 4451 4452
f 4453 4454 4455
f 4456 4457 4458
f 4459 4460 4461
f 4462 4463 4464
f 4465 4466 4467
f 4468 4469 4470
f 4471 4472 4473
f 4474 4475 4476
f 4477 4478 4479
f 4480 4481 4482
f 4483 4484 4485
f 4486 4487 4488
f 4489 4490 4491
f 4492 4493 4494
f 4495 4496 4497
f 4498 4499 4500
f 4501 4502 4503
f 4504 4505 4506
f 4507 4508 4509
f 4510 4511 4512
f 4513 4514 4515
f 4516 4517 4518
f 4519 4520 4521
f 4522 4523 4524
f 4525 4526 4527
f 4528 4529 4530
f 4531 4532 4533
f 4534 4535 4536
f 4537 4538 4539
f 4540 4541 4542
f 4543 4544 4545
f 4546 4547 4548
f 4549 4550 4551
f 4552 4553 4554
f 4555 4556 4557
f 4558 4559 4560
f 4561 4562 4563
f 4564 4565 4566
f 4567 4568 4569
f 4570 4571 4572
f 4573 4574 4575
f 4576 4577 4578
f 4579 4580 4581
f 4582 4583 4584
f 4585 4586 4587
f 4588 4589 4590
f 4591 4592 4593
f 4594 4595 4596
f 4597 4598 4599
f 4600 4601 4602
f 4603 4604 4605
f 4606 4607 4608
f 4609 4610 4611
f 4612 4613 4614
f 4615 4616 4617
f 4618 4619 4620
f 4621 4622 4623
f 4624 4625 4626
f 4627 4628 4629
f 4630 4631 4632
f 4633 4634 4635
f 4636 4637 4638
f 4639 4640 4641
f 4642 4643 4644
f 4645 4646 4647
f 4648 4649 4650
f 4651 4652 4653
f 4654 4655 4656
f 4657 4658 4659
f 4660 4661 4662
f 4663 4664 4665
f 4666 4667 4668
f 4669 4670 4671
f 4672 4673 4674
f 4675 4676 4677
f 4678 4679 4680
f 4681 4682 4683
f 4684 4685 4686
f 4687 4688 4689
f 4690 4691 4692
f 4693 4694 4695
f 4696 4697 4698
f 4699 4700 4701
f 4702 4703 4704
f 4705 4706 4707
f 4708 4709 4710
f 4711 4712 4713
f 4714 4715 4716
f 4717 4718 4719
f 4720 4721 4722
f 4723 4724 4725
f 4726 4727 4728
f 4729 4730 4731
f 4732 4733 4734
f 4735 4736 4737
f 4738 4739 4740
f 4741 4742 4743
f 4744 4745 4746
f 4747 4748 4749
f 4750 4751 4752
f 4753 4754 4755
f 4756 4757 4758
f 4759 4760 4761
f 4762 4763 4764
f 4765 4766 4767
f 4768 4769 4770
f 4771 4772 4773
f 4774 4775 4776
f 4777 4778 4779
f 4780 4781 4782
f 4783 4784 4785
f 4786 4787 4788
f 4789 4790 4791
f 4792 4793 4794
f 4795 4796 4797
f 4798 4799 4800
f 4801 4802 4803
f 4804 4805 4806
f 4807 4808 4809
f 4810 4811 4812
f 4813 4814 4815
f 4816 4817 4818
f 4819 4820 4821
f 4822 4823 4824
f 4825 4826 4827
f 4828 4829 4830
f 4831 4832 4833
f 4834 4835 4836
f 4837 4838 4839
f 4840 4841 4842
f 4843 4844 4845
f 4846 4847 4848
f 4849 4850 4851
f 4852 4853 4854
f 4855 4856 4857
f 4858 4859 4860
f 4861 4862 4863
f 4864 4865 4866
f 4867 4868 4869
f 4870 4871 4872
f 4873 4874 4875
f 4876 4877 4878
f 4879 4880 4881
f 4882 4883 4884
f 4885 4886 4887
f 4888 4889 4890
f 4891 4892 4893
f 4894 4895 4896
f 4897 4898 4899
f 4900 4901 4902
f 4903 4904 4905
f 4906 4907 4908
f 4909 4910 4911
f 4912 4913 4914
f 4915 4916 4917
f 4918 4919 4920
f 4921 4922 4923
f 4924 4925 4926
f 4927 4928 4929
f 4930 4931 4932
f 4933 4934 4935
f 4936 4937 4938
f 4939 4940 4941
f 4942 4943 4944
f 4945 4946 4947
f 4948 4949 4950
f 4951 4952 4953
f 4954 4955 4956
f 4957 4958 4959
f 4960 4961 4962
f 4963 4964 4965
f 4966 4967 4968
f 4969 4970 4971
f 4972 4973 4974
f 4975 4976 4977
f 4978 4979 4980
f 4981 4982 4983
f 4984 4985 4986
f 4987 4988 4989
f 4990 4991 4992
f 4993 4994 4995
f 4996 4997 4998
f 4999 5000 5001
f 5002 5003 5004
f 5005 5006 5007
f 5008 5009 5010
f 5011 5012 5013
f 5014 5015 5016
f 5017 5018 5019
f 5020 5021 5022
f 5023 5024 5025
f 5026 5027 5028
f 5029 5030 5031
f 5032 5033 5034
f 5035 5036 5037
f 5038 5039 5040
f 5041 5042 5043
f 5044 5045 5046
f 5047 5048 5049
f 5050 5051 5052
f 5053 5054 5055
f 5056 5057 5058
f 5059 5060 5061
f 5062 5063 5064
f 5065 5066 5067
f 5068 5069 5070
f 5071 5072 5073
f 5074 5075 5076
f 5077 5078 5079
f 5080 5081 5082
f 5083 5084 5085
f 5086 5087 5088
f 5089 5090 5091
f 5092 5093 5094
f 5095 5096 5097
f 5098 5099 5100
f 5101 5102 5103
f 5104 5105 5106
f 5107 5108 5109
f 5110 5111 5112
f 5113 5114 5115
f 5116 5117 5118
f 5119 5120 5121
f 5122 5123 5124
f 5125 5126 5127
f 5128 5129 5130
f 5131 5132 5133
f 5134 5135 5136
f 5137 5138 5139
f 5140 5141 5142
f 5143 5144 5145
f 5146 5147 5148
f 5149 5150 5151
f 5152 5153 5154
f 5155 5156 5157
f 5158 5159 5160
f 5161 5162 5163
f 5164 5165 5166
f 5167 5168 5169
f 5170 5171 5172
f 5173 5174 5175
f 5176 5177 5178
f 5179 5180 5181
f 5182 5183 5184
f 5185 5186 5187
f 5188 5189 5190
f 5191 5192 5193
f 5194 5195 5196
f 5197 5198 5199
f 5200 5201 5202
f 5203 5204 5205
f 5206 5207 5208
f 5209 5210 5211
f 5212 5213 5214
f 5215 5216 5217
f 5218 5219 5220
f 5221 5222 5223
f 5224 5225 5226
f 5227 5228 5229
f 5230 5231 5232
f 5233 5234 5235
f 5236 5237 5238
f 5239 5240 5241
f 5242 5243 5244
f 5245 5246 5247
f 5248 5249 5250
f 5251 5252 5253
f 5254 5255 5256
f 5257 5258 5259
f 5260 5261 5262
f 5263 5264 5265
f 5266 5267 5268
f 5269 5270 5271
f 5272 5273 5274
f 5275 5276 5277
f 5278 5279 5280
f 5281 5282 5283
f 5284 5285 5286
f 5287 5288 5289
f 5290 5291 5292
f 5293 5294 5295
f 5296 5297 5298
f 5299 5300 5301
f 5302 5303 5304
f 5305 5306 5307
f 5308 5309 5310
f 5311 5312 5313
f 5314 5315 5316
f 5317 5318 5319
f 5320 5321 5322
f 5323 5324 5325
f 5326 5327 5328
f 5329 5330 5331
f 5332 5333 5334
f 5335 5336 5337
f 5338 5339 5340
f 5341 5342 5343
f 5344 5345 5346
f 5347 5348 5349
f 5350 5351 5352
f 5353 5354 5355
f 5356 5357 5358
f 5359 5360 5361
f 5362 5363 5364
f 5365 5366 5367
f 5368 5369 5370
f 5371 5372 5373
f 5374 5375 5376
f 5377 5378 5379
f 5380 5381 5382
f 5383 5384 5385
f 5386 5387 5388
f 5389 5390 5391
f 5392 5393 5394
f 5395 5396 5397
f 5398 5399 5400
f 5401 5402 5403
f 5404 5405 5406
f 5407 5408 5409
f 5410 5411 5412
f 5413 5414 5415
f 5416 5417 5418
f 5419 5420 5421
f 5422 5423 5424
f 5425 5426 5427
f 5428 5429 5430
f 5431 5432 5433
f 5434 5435 5436
f 5437 5438 5439
f 5440 5441 5442
f 5443 5444 5445
f 5446 5447 5448
f 5449 5450 5451
f 5452 5453 5454
f 5455 5456 5457
f 5458 5459 5460
f 5461 5462 5463
f 5464 5465 5466
f 5467 5468 5469
f 5470 5471 5472
f 5473 5474 5475
f 5476 5477 5478
f 5479 5480 5481
f 5482 5483 5484
f 5485 5486 5487
f 5488 5489 5490
f 5491 5492 5493
f 5494 5495 5496
f 5497 5498 5499
f 5500 5501 5502
f 5503 5504 5505
f 5506 5507 5508
f 5509 5510 5511
f 5512 5513 5514
f 5515 5516 5517
f 5518 5519 5520
f 5521 5522 5523
f 5524 5525 5526
f 5527 5528 5529
f 5530 5531 5532
f 5533 5534 5535
f 5536 5537 5538
f 5539 5540 5541
f 5542 5543 5544
f 5545 5546 5547
f 5548 5549 5550
f 5551 5552 5553
f 5554 5555 5556
f 5557 5558 5559
f 5560 5561 5562
f 5563 5564 5565
f 5566 5567 5568
f 5569 5570 5571
f 5572 5573 5574
f 5575 5576 5577
f 5578 5579 5580
f 5581 5582 5583
f 5584 5585 5586
f 5587 5588 5589
f 5590 5591 5592
f 5593 5594 5595
f 5596 5597 5598
f 5599 5600 5601
f 5602 5603 5604
f 5605 5606 5607
f 5608 5609 5610
f 5611 5612 5613
f 5614 5615 5616
f 5617 5618 5619
f 5620 5621 5622
f 5623 5624 5625
f 5626 5627 5628
f 5629 5630 5631
f 5632 5633 5634
f 5635 5636 5637
f 5638 5639 5640
f 5641 5642 5643
f 5644 5645 5646
f 5647 5648 5649
f 5650 5651 5652
f 5653 5654 5655
f 5656 5657 5658
f 5659 5660 5661
f 5662 5663 5664
f 5665 5666 5667
f 5668 5669 5670
f 5671 5672 5673
f 5674 5675 5676
f 5677 5678 5679
f 5680 5681 5682
f 5683 5684 5685
f 5686 5687 5688
f 5689 5690 5691
f 5692 5693 5694
f 5695 5696 5697
f 5698 5699 5700
f 5701 5702 5703
f 5704 5705 5706
f 5707 5708 5709
f 5710 5711 5712
f 5713 5714 5715
f 5716 5717 5718
f 5719 5720 5721
f 5722 5723 5724
f 5725 5726 5727
f 5728 5729 5730
f 5731 5732 5733
f 5734 5735 5736
f 5737 5738 5739
f 5740 5741 5742
f 5743 5744 5745
f 5746 5747 5748
f 5749 5750 5751
f 5752 5753 5754
f 5755 5756 5757
f 5758 5759 5760
f 5761 5762 5763
f 5764 5765 5766
f 5767 5768 5769
f 5770 5771 5772
f 5773 5774 5775
f 5776 5777 5778
f 5779 5780 5781
f 5782 5783 5784
f 5785 5786 5787
f 5788 5789 5790
f 5791 5792 5793
f 5794 5795 5796
f 5797 5798 5799
f 5800 5801 5802
f 5803 5804 5805
f 5806 5807 5808
f 5809 5810 5811
f 5812 5813 5814
f 5815 5816 5817
f 5818 5819 5820
f 5821 5822 5823
f 5824 5825 5826
f 5827 5828 5829
f 5830 5831 5832
f 5833 5834 5835
f 5836 5837 5838
f 5839 5840 5841
f 5842 5843 5844
f 5845 5846 5847
f 5848 5849 5850
f 5851 5852 5853
f 5854 5855 5856
f 5857 5858 5859
f 5860 5861 5862
f 5863 5864 5865
f 5866 5867 5868
f 5869 5870 5871
f 5872 5873 5874
f 5875 5876 5877
f 5878 5879 5880
f 5881 5882 5883
f 5884 5885 5886
f 5887 5888 5889
f 5890 5891 5892
f 5893 5894 5895
f 5896 5897 5898
f 5899 5900 5901
f 5902 5903 5904
f 5905 5906 5907
f 5908 5909 5910
f 5911 5912 5913
f 5914 5915 5916
f 5917 5918 5919
f 5920 5921 5922
f 5923 5924 5925
f 5926 5927 5928
f 5929 5930 5931
f 5932 5933 5934
f 5935 5936 5937
f 5938 5939 5940
f 5941 5942 5943
f 5944 5945 5946
f 5947 5948 5949
f 5950 5951 5952
f 5953 5954 5955
f 5956 5957 5958
f 5959 5960 5961
f 5962 5963 5964
f 5965 5966 5967
f 5968 5969 5970
f 5971 5972 5973
f 5974 5975 5976
f 5977 5978 5979
f 5980 5981 5982
f 5983 5984 5985
f 5986 5987 5988
f 5989 5990 5991
f 5992 5993 5994
f 5995 5996 5997
f 5998 5999 6000
f 6001 6002 6003
f 6004 6005 6006
f 6007 6008 6009
f 6010 6011 6012
f 6013 6014 6015
f 6016 6017 6018
f 6019 6020 6021
f 6022 6023 6024
f 6025 6026 6027
f 6028 6029 6030
f 6031 6032 6033
f 6034 6035 6036
f 6037 6038 6039
f 6040 6041 6042
f 6043 6044 6045
f 6046 6047 6048
f 6049 6050 6051
f 6052 6053 6054
f 6055 6056 6057
f 6058 6059 6060
f 6061 6062 6063
f 6064 6065 6066
f 6067 6068 6069
f 6070 6071 6072
f 6073 6074 6075
f 6076 6077 6078
f 6079 6080 6081
f 6082 6083 6084
f 6085 6086 6087
f 6088 6089 6090
f 6091 6092 6093
f 6094 6095 6096
f 6097 6098 6099
f 6100 6101 6102
f 6103 6104 6105
f 6106 6107 6108
f 6109 6110 6111
f 6112 6113 6114
f 6115 6116 6117
f 6118 6119 6120
f 6121 6122 6123
f 6124 6125 6126
f 6127 6128 6129
f 6130 6131 6132
f 6133 6134 6135
f 6136 6137 6138
f 6139 6140 6141
f 6142 6143 6144
f 6145 6146 6147
f 6148 6149 6150
f 6151 6152 6153
f 6154 6155 6156
f 6157 6158 6159
f 6160 6161 6162
f 6163 6164 6165
f 6166 6167 6168
f 6169 6170 6171
f 6172 6173 6174
f 6175 6176 6177
f 6178 6179 6180
f 6181 6182 6183
f 6184 6185 6186
f 6187 6188 6189
f 6190 6191 6192
f 6193 6194 6195
f 6196 6197 6198
f 6199 6200 6201
f 6202 6203 6204
f 6205 6206 6207
f 6208 6209 6210
f 6211 6212 6213
f 6214 6215 6216
f 6217 6218 6219
f 6220 6221 6222
f 6223 6224 6225
f 6226 6227 6228
f 6229 6230 6231
f 6232 6233 6234
f 6235 6236 6237
f 6238 6239 6240
f 6241 6242 6243
f 6244 6245 6246
f 6247 6248 6249
f 6250 6251 6252
f 6253 6254 6255
f 6256 6257 6258
f 6259 6260 6261
f 6262 6263 6264
f 6265 6266 6267
f 6268 6269 6270
f 6271 6272 6273
f 6274 6275 6276
f 6277 6278 6279
f 6280 6281 6282
f 6283 6284 6285
f 6286 6287 6288
f 6289 6290 6291
f 6292 6293 6294
f 6295 6296 6297
f 6298 6299 6300
f 6301 6302 6303
f 6304 6305 6306
f 6307 6308 6309
f 6310 6311 6312
f 6313 6314 6315
f 6316 6317 6318
f 6319 6320 6321
f 6322 6323 6324
f 6325 6326 6327
f 6328 6329 6330
f 6331 6332 6333
f 6334 6335 6336
f 6337 6338 6339
f 6340 6341 6342
f 6343 6344 6345
f 6346 6347 6348
f 6349 6350 6351
f 6352 6353 6354
f 6355 6356 6357
f 6358 6359 6360
f 6361 6362 6363
f 6364 6365 6366
f 6367 6368 6369
f 6370 6371 6372
f 6373 6374 6375
f 6376 6377 6378
f 6379 6380 6381
f 6382 6383 6384
f 6385 6386 6387
f 6388 6389 6390
f 6391 6392 6393
f 6394 6395 6396
f 6397 6398 6399
f 6400 6401 6402
f 6403 6404 6405
f 6406 6407 6408
f 6409 6410 6411
f 6412 6413 6414
f 6415 6416 6417
f 6418 6419 6420
f 6421 6422 6423
f 6424 6425 6426
f 6427 6428 6429
f 6430 6431 6432
f 6433 6434 6435
f 6436 6437 6438
f 6439 6440 6441
f 6442 6443 6444
f 6445 6446 6447
f 6448 6449 6450
f 6451 6452 6453
f 6454 6455 6456
f 6457 6458 6459
f 6460 6461 6462
f 6463 6464 6465
f 6466 6467 6468
f 6469 6470 6471
f 6472 6473 6474
f 6475 6476 6477
f 6478 6479 6480
f 6481 6482 6483
f 6484 6485 6486
f 6487 6488 6489
f 6490 6491 6492
f 6493 6494 6495
f 6496 6497 6498
f 6499 6500 6501
f 6502 6503 6504
f 6505 6506 6507
f 6508 6509 6510
f 6511 6512 6513
f 6514 6515 6516
f 6517 6518 6519
f 6520 6521 6522
f 6523 6524 6525
f 6526 6527 6528
f 6529 6530 6531
f 6532 6533 6534
f 6535 6536 6537
f 6538 6539 6540
f 6541 6542 6543
f 6544 6545 6546
f 6547 6548 6549
f 6550 6551 6552
f 6553 6554 6555
f 6556 6557 6558
f 6559 6560 6561
f 6562 6563 6564
f 6565 6566 6567
f 6568 6569 6570
f 6571 6572 6573
f 6574 6575 6576
f 6577 6578 6579
f 6580 6581 6582
f 6583 6584 6585
f 6586 6587 6588
f 6589 6590 6591
f 6592 6593 6594
f 6595 6596 6597
f 6598 6599 6600
f 6601 6602 6603
f 6604 6605 6606
f 6607 6608 6609
f 6610 6611 6612
f 6613 6614 6615
f 6616 6617 6618
f 6619 6620 6621
f 6622 6623 6624
f 6625 6626 6627
f 6628 6629 6630
f 6631 6632 6633
f 6634 6635 6636
f 6637 6638 6639
f 6640 6641 6642
f 6643 6644 6645
f 6646 6647 6648
f 6649 6650 6651
f 6652 6653 6654
f 6655 6656 6657
f 6658 6659 6660
f 6661 6662 6663
f 6664 6665 6666
f 6667 6668 6669
f 6670 6671 6672
f 6673 6674 6675
f 6676 6677 6678
f 6679 6680 6681
f 6682 6683 6684
f 6685 6686 6687
f 6688 6689 6690
f 6691 6692 6693
f 6694 6695 6696
f 6697 6698 6699
f 6700 6701 6702
f 6703 6704 6705
f 6706 6707 6708
f 6709 6710 6711
f 6712 6713 6714
f 6715 6716 6717
f 6718 6719 6720
f 6721 6722 6723
f 6724 6725 6726
f 6727 6728 6729
f 6730 6731 6732
f 6733 6734 6735
f 6736 6737 6738
f 6739 6740 6741
f 6742 6743 6744
f 6745 6746 6747
f 6748 6749 6750
f 6751 6752 6753
f 6754 6755 6756
f 6757 6758 6759
f 6760 6761 6762
f 6763 6764 6765
f 6766 6767 6768
f 6769 6770 6771
f 6772 6773 6774
f 6775 6776 6777
f 6778 6779 6780
f 6781 6782 6783
f 6784 6785 6786
f 6787 6788 6789
f 6790 6791 6792
f 6793 6794 6795
f 6796 6797 6798
f 6799 6800 6801
f 6802 6803 6804
f 6805 6806 6807
f 6808 6809 6810
f 6811 6812 6813
f 6814 6815 6816
f 6817 6818 6819
f 6820 6821 6822
f 6823 6824 6825
f 6826 6827 6828
f 6829 6830 6831
f 6832 6833 6834
f 6835 6836 6837
f 6838 6839 6840
f 6841 6842 6843
f 6844 6845 6846
f 6847 6848 6849
f 6850 6851 6852
f 6853 6854 6855
f 6856 6857 6858
f 6859 6860 6861
f 6862 6863 6864
f 6865 6866 6867
f 6868 6869 6870
f 6871 6872 6873
f 6874 6875 6876
f 6877 6878 6879
f 6880 6881 6882
f 6883 6884 6885
f 6886 6887 6888
f 6889 6890 6891
f 6892 6893 6894
f 6895 6896 6897
f 6898 6899 6900
f 6901 6902 6903
f 6904 6905 6906
f 6907 6908 6909
f 6910 6911 6912
f 6913 6914 6915
f 6916 6917 6918
f 6919 6920 6921
f 6922 6923 6924
f 6925 6926 6927
f 6928 6929 6930
f 6931 6932 6933
f 6934 6935 6936
f 6937 6938 6939
f 6940 6941 6942
f 6943 6944 6945
f 6946 6947 6948
f 6949 6950 6951
f 6952 6953 6954
f 6955 6956 6957
f 6958 6959 6960
f 6961 6962 6963
f 6964 6965 6966
f 6967 6968 6969
f 6970 6971 6972
f 6973 6974 6975
f 6976 6977 6978
f 6979 6980 6981
f 6982 6983 6984
f 6985 6986 6987
f 6988 6989 6990
f 6991 6992 6993
f 6994 6995 6996
f 6997 6998 6999
f 7000 7001 7002
f 7003 7004 7005
f 7006 7007 7008
f 7009 7010 7011
f 7012 7013 7014
f 7015 7016 7017
f 7018 7019 7020
f 7021 7022 7023
f 7024 7025 7026
f 7027 7028 7029
f 7030 7031 7032
f 7033 7034 7035
f 7036 7037 7038
f 7039 7040 7041
f 7042 7043 7044
f 7045 7046 7047
f 7048 7049 7050
f 7051 7052 7053
f 7054 7055 7056
f 7057 7058 7059
f 7060 7061 7062
f 7063 7064 7065
f 7066 7067 7068
f 7069 7070 7071
f 7072 7073 7074
f 7075 7076 7077
f 7078 7079 7080
f 7081 7082 7083
f 7084 7085 7086
f 7087 7088 7089
f 7090 7091 7092
f 7093 7094 7095
f 7096 7097 7098
f 7099 7100 7101
f 7102 7103 7104
f 7105 7106 7107
f 7108 7109 7110
f 7111 7112 7113
f 7114 7115 7116
f 7117 7118 7119
f 7120 7121 7122
f 7123 7124 7125
f 7126 7127 7128
f 7129 7130 7131
f 7132 7133 7134
f 7135 7136 7137
f 7138 7139 7140
f 7141 7142 7143
f 7144 7145 7146
f 7147 7148 7149
f 7150 7151 7152
f 7153 7154 7155
f 7156 7157 7158
f 7159 7160 7161
f 7162 7163 7164
f 7165 7166 7167
f 7168 7169 7170
f 7171 7172 7173
f 7174 7175 7176
f 7177 7178 7179
f 7180 7181 7182
f 7183 7184 7185
f 7186 7187 7188
f 7189 7190 7191
f 7192 7193 7194
f 7195 7196 7197
f 7198 7199 7200
f 7201 7202 7203
f 7204 7205 7206
f 7207 7208 7209
f 7210 7211 7212
f 7213 7214 7215
f 7216 7217 7218
f 7219 7220 7221
f 7222 7223 7224
f 7225 7226 7227
f 7228 7229 7230
f 7231 7232 7233
f 7234 7235 7236
f 7237 7238 7239
f 7240 7241 7242
f 7243 7244 7245
f 7246 7247 7248
f 7249 7250 7251
f 7252 7253 7254
f 7255 7256 7257
f 7258 7259 7260
f 7261 7262 7263
f 7264 7265 7266
f 7267 7268 7269
f 7270 7271 7272
f 7273 7274 7275
f 7276 7277 7278
f 7279 7280 7281
f 7282 7283 7284
f 7285 7286 7287
f 7288 7289 7290
f 7291 7292 7293
f 7294 7295 7296
f 7297 7298 7299
f 7300 7301 7302
f 7303 7304 7305
f 7306 7307 7308
f 7309 7310 7311
f 7312 7313 7314
f 7315 7316 7317
f 7318 7319 7320
f 7321 7322 7323
f 7324 7325 7326
f 7327 7328 7329
f 7330 7331 7332
f 7333 7334 7335
f 7336 7337 7338
f 7339 7340 7341
f 7342 7343 7344
f 7345 7346 7347
f 7348 7349 7350
f 7351 7352 7353
f 7354 7355 7356
f 7357 7358 7359
f 7360 7361 7362
f 7363 7364 7365
f 7366 7367 7368
f 7369 7370 7371
f 7372 7373 7374
f 7375 7376 7377
f 7378 7379 7380
f 7381 7382 7383
f 7384 7385 7386
f 7387 7388 7389
f 7390 7391 7392
f 7393 7394 7395
f 7396 7397 7398
f 7399 7400 7401
f 7402 7403 7404
f 7405 7406 7407
f 7408 7409 7410
f 7411 7412 7413
f 7414 7415 7416
f 7417 7418 7419
f 7420 7421 7422
f 7423 7424 7425
f 7426 7427 7428
f 7429 7430 7431
f 7432 7433 7434
f 7435 7436 7437
f 7438 7439 7440
f 7441 7442 7443
f 7444 7445 7446
f 7447 7448 7449
f 7450 7451 7452
f 7453 7454 7455
f 7456 7457 7458
f 7459 7460 7461
f 7462 7463 7464
f 7465 7466 7467
f 7468 7469 7470
f 7471 7472 7473
f 7474 7475 7476
f 7477 7478 7479
f 7480 7481 7482
f 7483 7484 7485
f 7486 7487 7488
f 7489 7490 7491
f 7492 7493 7494
f 7495 7496 7497
f 7498 7499 7500
f 7501 7502 7503
f 7504 7505 7506
f 7507 7508 7509
f 7510 7511 7512
f 7513 7514 7515
f 7516 7517 7518
f 7519 7520 7521
f 7522 7523 7524
f 7525 7526 7527
f 7528 7529 7530
f 7531 7532 7533
f 7534 7535 7536
f 7537 7538 7539
f 7540 7541 7542
f 7543 7544 7545
f 7546 7547 7548
f 7549 7550 7551
f 7552 7553 7554
f 7555 7556 7557
f 7558 7559 7560
f 7561 7562 7563
f 7564 7565 7566
f 7567 7568 7569
f 7570 7571 7572
f 7573 7574 7575
f 7576 7577 7578
f 7579 7580 7581
f 7582 7583 7584
f 7585 7586 7587
f 7588 7589 7590
f 7591 7592 7593
f 7594 7595 7596
f 7597 7598 7599
f 7600 7601 7602
f 7603 7604 7605
f 7606 7607 7608
f 7609 7610 7611
f 7612 7613 7614
f 7615 7616 7617
f 7618 7619 7620
f 7621 7622 7623
f 7624 7625 7626
f 7627 7628 7629
f 7630 7631 7632
f 7633 7634 7635
f 7636 7637 7638
f 7639 7640 7641
f 7642 7643 7644
f 7645 7646 7647
f 7648 7649 7650
f 7651 7652 7653
f 7654 7655 7656
f 7657 7658 7659
f 7660 7661 7662
f 7663 7664 7665
f 7666 7667 7668
f 7669 7670 7671
f 7672 7673 7674
f 7675 7676 7677
f 7678 7679 7680
f 7681 7682 7683
f 7684 7685 7686
f 7687 7688 7689
f 7690 7691 7692
f 7693 7694 7695
f 7696 7697 7698
f 7699 7700 7701
f 7702 7703 7704
f 7705 7706 7707
f 7708 7709 7710
f 7711 7712 7713
f 7714 7715 7716
f 7717 7718 7719
f 7720 7721 7722
f 7723 7724 7725
f 7726 7727 7728
f 7729 7730 7731
f 7732 7733 7734
f 7735 7736 7737
f 7738 7739 7740
f 7741 7742 7743
f 7744 7745 7746
f 7747 7748 7749
f 7750 7751 7752
f 7753 7754 7755
f 7756 7757 7758
f 7759 7760 7761
f 7762 7763 7764
f 7765 7766 7767
f 7768 7769 7770
f 7771 7772 7773
f 7774 7775 7776
f 7777 7778 7779
f 7780 7781 7782
f 7783 7784 7785
f 7786 7787 7788
f 7789 7790 7791
f 7792 7793 7794
f 7795 7796 7797
f 7798 7799 7800
f 7801 7802 7803
f 7804 7805 7806
f 7807 7808 7809
f 7810 7811 7812
f 7813 7814 7815
f 7816 7817 7818
f 7819 7820 7821
f 7822 7823 7824
f 7825 7826 7827
f 7828 7829 7830
f 7831 7832 7833
f 7834 7835 7836
f 7837 7838 7839
f 7840 7841 7842
f 7843 7844 7845
f 7846 7847 7848
f 7849 7850 7851
f 7852 7853 7854
