mtllib TS_F_A_right_pad_4_visuals.mtl
v 1.4022460873374222e-05 0.012061380959237367 0.004995421170039538
v 1.4408030300223744e-05 0.012063210106663114 0.004984982250476333
v 1.0774010372790045e-05 0.012045440292281495 0.004988119362289156
v 0.0003673942263583696 0.012435391063061463 0.004995421170039538
v 0.0003663655097453297 0.012436540240667315 0.004840240231577531
v 0.00036333362993785576 0.012434210414201674 0.004995421170039538
v 0.00036333362993785576 0.012434210414201674 0.004995421170039538
v 0.0003663655097453297 0.012436540240667315 0.004840240231577531
v 0.000349422531035308 0.012431430453437309 0.0048401954088825305
v 0.00036333362993785576 0.012434210414201674 0.004995421170039538
v 0.000349422531035308 0.012431430453437309 0.0048401954088825305
v 0.000349422531035308 0.012429960841245924 0.004995421170039538
v 0.000349422531035308 0.012429960841245924 0.004995421170039538
v 0.000349422531035308 0.012431430453437309 0.0048401954088825305
v 0.0003408729297896089 0.012427130335740388 0.004995421170039538
v 0.0003408729297896089 0.012427130335740388 0.004995421170039538
v 0.000349422531035308 0.012431430453437309 0.0048401954088825305
v 0.00033196021703069123 0.012425460451933046 0.004840143433629818
v 0.0003408729297896089 0.012427130335740388 0.004995421170039538
v 0.00033196021703069123 0.012425460451933046 0.004840143433629818
v 0.00033196021703069123 0.012424000376485278 0.004995421170039538
v 0.00033196021703069123 0.012424000376485278 0.004995421170039538
v 0.00033196021703069123 0.012425460451933046 0.004840143433629818
v 0.00031471760575715185 0.01241885053493208 0.004840076199587318
v 0.00033196021703069123 0.012424000376485278 0.004995421170039538
v 0.00031471760575715185 0.01241885053493208 0.004840076199587318
v 0.00031878151023560786 0.012419010752224846 0.004995421170039538
v 0.00031878151023560786 0.012419010752224846 0.004995421170039538
v 0.00031471760575715185 0.01241885053493208 0.004840076199587318
v 0.0002977187178876753 0.012411600702434411 0.004840009442381998
v 0.00031878151023560786 0.012419010752224846 0.004995421170039538
v 0.0002977187178876753 0.012411600702434411 0.004840009442381998
v 0.0002970588050317004 0.012409840219562707 0.004995421170039538
v 0.0002970588050317004 0.012409840219562707 0.004995421170039538
v 0.0002977187178876753 0.012411600702434411 0.004840009442381998
v 0.00028098751449059933 0.012403720491183656 0.004839942208339498
v 0.0002970588050317004 0.012409840219562707 0.004995421170039538
v 0.00028098751449059933 0.012403720491183656 0.004839942208339498
v 0.0002757092249218093 0.012399610154684715 0.004995421170039538
v 0.0002757092249218093 0.012399610154684715 0.004995421170039538
v 0.00028098751449059933 0.012403720491183656 0.004839942208339498
v 0.00026454780762264277 0.012395220391597794 0.004839860192344392
v 0.0002757092249218093 0.012399610154684715 0.004995421170039538
v 0.00026454780762264277 0.012395220391597794 0.004839860192344392
v 0.00026454780762264277 0.012393760316150026 0.004995421170039538
v 0.00026454780762264277 0.012393760316150026 0.004995421170039538
v 0.00026454780762264277 0.012395220391597794 0.004839860192344392
v 0.0002547381045218955 0.012388311020847254 0.004995421170039538
v 0.0002547381045218955 0.012388311020847254 0.004995421170039538
v 0.00026454780762264277 0.012395220391597794 0.004839860192344392
v 0.0002484219192243342 0.012386120430838421 0.004839778176349285
v 0.0002547381045218955 0.012388311020847254 0.004995421170039538
v 0.0002484219192243342 0.012386120430838421 0.004839778176349285
v 0.0002484219192243342 0.012384650818647036 0.004995421170039538
v 0.0002484219192243342 0.012384650818647036 0.004995421170039538
v 0.0002484219192243342 0.012386120430838421 0.004839778176349285
v 0.00023415450373839505 0.012375910393122025 0.004995421170039538
v 0.00023415450373839505 0.012375910393122025 0.004995421170039538
v 0.0002484219192243342 0.012386120430838421 0.004839778176349285
v 0.0002326341083872495 0.012376410118487557 0.004839689007796466
v 0.00023415450373839505 0.012375910393122025 0.004995421170039538
v 0.0002326341083872495 0.012376410118487557 0.004839689007796466
v 0.00023187140731647723 0.012374450317674257 0.004995421170039538
v 0.00023187140731647723 0.012374450317674257 0.004995421170039538
v 0.0002326341083872495 0.012376410118487557 0.004839689007796466
v 0.00021720580298220313 0.01236612092579914 0.004839592209848753
v 0.00023187140731647723 0.012374450317674257 0.004995421170039538
v 0.00021720580298220313 0.01236612092579914 0.004839592209848753
v 0.00021237000341608157 0.012361250510833921 0.004995421170039538
v 0.00021237000341608157 0.012361250510833921 0.004995421170039538
v 0.00021720580298220313 0.01236612092579914 0.004839592209848753
v 0.00020215941435669516 0.012355250945424445 0.00483949541190104
v 0.00021237000341608157 0.012361250510833921 0.004995421170039538
v 0.00020215941435669516 0.012355250945424445 0.00483949541190104
v 0.00020215941435669516 0.012353790869976677 0.004995421170039538
v 0.00020215941435669516 0.012353790869976677 0.004995421170039538
v 0.00020215941435669516 0.012355250945424445 0.00483949541190104
v 0.00018751620646875918 0.012343830694943048 0.00483938335516354
v 0.00020215941435669516 0.012353790869976677 0.004995421170039538
v 0.00018751620646875918 0.012343830694943048 0.00483938335516354
v 0.00019353950942914422 0.012347170462557733 0.004995421170039538
v 0.00019353950942914422 0.012347170462557733 0.004995421170039538
v 0.00018751620646875918 0.012343830694943048 0.00483938335516354
v 0.00017404931120249857 0.012332450498784842 0.004846931210899241
v 0.00019353950942914422 0.012347170462557733 0.004995421170039538
v 0.00017404931120249857 0.012332450498784842 0.004846931210899241
v 0.0001753792100998939 0.012332200636102075 0.004995421170039538
v 0.0001753792100998939 0.012332200636102075 0.004995421170039538
v 0.00017404931120249857 0.012332450498784842 0.004846931210899241
v 0.00015689010173212253 0.01231666051237812 0.004861765138758356
v 0.0001753792100998939 0.012332200636102075 0.004995421170039538
v 0.00015689010173212253 0.01231666051237812 0.004861765138758356
v 0.00015789271150951079 0.012316350568210566 0.004995421170039538
v 0.00015789271150951079 0.012316350568210566 0.004995421170039538
v 0.00015689010173212253 0.01231666051237812 0.004861765138758356
v 0.00014623811045488648 0.012306080449009382 0.004870981447789857
v 0.00015789271150951079 0.012316350568210566 0.004995421170039538
v 0.00014623811045488648 0.012306080449009382 0.004870981447789857
v 0.0001410884030121455 0.012299600231721608 0.004995421170039538
v 0.0001410884030121455 0.012299600231721608 0.004995421170039538
v 0.00014623811045488648 0.012306080449009382 0.004870981447789857
v 0.0001406842089955642 0.012300310719121077 0.004875779383503587
v 0.0001410884030121455 0.012299600231721608 0.004995421170039538
v 0.0001406842089955642 0.012300310719121077 0.004875779383503587
v 0.00013339380063403725 0.012291380512398087 0.004995421170039538
v 0.0001406842089955642 0.012300310719121077 0.004875779383503587
v 0.00013341659941174672 0.012292481052611492 0.004882067435407478
v 0.00013339380063403725 0.012291380512398087 0.004995421170039538
v 0.00013339380063403725 0.012291380512398087 0.004995421170039538
v 0.00013341659941174672 0.012292481052611492 0.004882067435407478
v 0.000125404006238658 0.012283440219662545 0.0048889963564824335
v 0.00013339380063403725 0.012291380512398087 0.004995421170039538
v 0.000125404006238658 0.012283440219662545 0.0048889963564824335
v 0.00012497980741222377 0.012281941043565947 0.004995421170039538
v 0.00012497980741222377 0.012281941043565947 0.004995421170039538
v 0.000125404006238658 0.012283440219662545 0.0048889963564824335
v 0.00012107380309585823 0.012277390109511899 0.004995421170039538
v 0.000125404006238658 0.012283440219662545 0.0048889963564824335
v 0.0001210924071964924 0.012278390513917325 0.0048927223622136085
v 0.00012107380309585823 0.012277390109511899 0.004995421170039538
v 0.00012107380309585823 0.012277390109511899 0.004995421170039538
v 0.0001210924071964924 0.012278390513917325 0.0048927223622136085
v 0.00011102620294535168 0.012266060458094863 0.004901424163926971
v 0.00012107380309585823 0.012277390109511899 0.004995421170039538
v 0.00011102620294535168 0.012266060458094863 0.004901424163926971
v 0.00010958590879000824 0.012263340578815285 0.004995421170039538
v 0.00010958590879000824 0.012263340578815285 0.004995421170039538
v 0.00011102620294535168 0.012266060458094863 0.004901424163926971
v 0.0001092851064852813 0.012263840304180817 0.004902937168301813
v 0.00010958590879000824 0.012263340578815285 0.004995421170039538
v 0.0001092851064852813 0.012263840304180817 0.004902937168301813
v 0.00010791700845935118 0.012261211023965601 0.004995421170039538
v 0.00010791700845935118 0.012261211023965601 0.004995421170039538
v 0.0001092851064852813 0.012263840304180817 0.004902937168301813
v 9.75308911633447e-05 0.012248180971161649 0.004913099045462943
v 0.00010791700845935118 0.012261211023965601 0.004995421170039538
v 9.75308911633447e-05 0.012248180971161649 0.004913099045462943
v 9.388430117452436e-05 0.012242300615047386 0.004995421170039538
v 9.388430117452436e-05 0.012242300615047386 0.004995421170039538
v 9.75308911633447e-05 0.012248180971161649 0.004913099045462943
v 8.490076319308832e-05 0.012229820832350136 0.004924022431601893
v 9.388430117452436e-05 0.012242300615047386 0.004995421170039538
v 8.490076319308832e-05 0.012229820832350136 0.004924022431601893
v 8.732034680744398e-05 0.012232770547150884 0.004995421170039538
v 8.732034680744398e-05 0.012232770547150884 0.004995421170039538
v 8.490076319308832e-05 0.012229820832350136 0.004924022431601893
v 8.335896232287109e-05 0.012227450951561303 0.004925355191522374
v 8.732034680744398e-05 0.012232770547150884 0.004995421170039538
v 8.335896232287109e-05 0.012227450951561303 0.004925355191522374
v 8.077687408739737e-05 0.012222780808212041 0.004995421170039538
v 8.335896232287109e-05 0.012227450951561303 0.004925355191522374
v 7.720431307090426e-05 0.012217710121630865 0.004930675263949136
v 8.077687408739737e-05 0.012222780808212041 0.004995421170039538
v 8.077687408739737e-05 0.012222780808212041 0.004995421170039538
v 7.720431307090426e-05 0.012217710121630865 0.004930675263949136
v 7.270835685369188e-05 0.012210270507935217 0.004934564347996162
v 8.077687408739737e-05 0.012222780808212041 0.004995421170039538
v 7.270835685369188e-05 0.012210270507935217 0.004934564347996162
v 6.859330413700859e-05 0.012202640159367228 0.004995421170039538
v 7.270835685369188e-05 0.012210270507935217 0.004934564347996162
v 6.765919500088206e-05 0.012201550109571802 0.00493893026922404
v 6.859330413700859e-05 0.012202640159367228 0.004995421170039538
v 6.859330413700859e-05 0.012202640159367228 0.004995421170039538
v 6.765919500088206e-05 0.012201550109571802 0.00493893026922404
v 6.288150251559585e-05 0.012192900283111152 0.004943058248698673
v 6.859330413700859e-05 0.012202640159367228 0.004995421170039538
v 6.288150251559585e-05 0.012192900283111152 0.004943058248698673
v 5.733874340008551e-05 0.012181900603023266 0.004995421170039538
v 6.288150251559585e-05 0.012192900283111152 0.004943058248698673
v 5.87157038920566e-05 0.012185030562278376 0.004946664091460273
v 5.733874340008551e-05 0.012181900603023266 0.004995421170039538
v 5.733874340008551e-05 0.012181900603023266 0.004995421170039538
v 5.87157038920566e-05 0.012185030562278376 0.004946664091460273
v 5.3847673112741856e-05 0.012175370794668683 0.004950874086930013
v 5.733874340008551e-05 0.012181900603023266 0.004995421170039538
v 5.3847673112741856e-05 0.012175370794668683 0.004950874086930013
v 5.037757248548425e-05 0.01216776047326229 0.004995421170039538
v 5.037757248548425e-05 0.01216776047326229 0.004995421170039538
v 5.3847673112741856e-05 0.012175370794668683 0.004950874086930013
v 5.038828269560104e-05 0.012168181043655801 0.0049538614718680485
v 5.037757248548425e-05 0.01216776047326229 0.004995421170039538
v 5.038828269560104e-05 0.012168181043655801 0.0049538614718680485
v 4.7024811057620915e-05 0.012160530667926217 0.004995421170039538
v 4.7024811057620915e-05 0.012160530667926217 0.004995421170039538
v 5.038828269560104e-05 0.012168181043655801 0.0049538614718680485
v 4.558079161180208e-05 0.012157670598515469 0.004958019015247894
v 4.7024811057620915e-05 0.012160530667926217 0.004995421170039538
v 4.558079161180208e-05 0.012157670598515469 0.004958019015247894
v 4.268065297670029e-05 0.012150680165444183 0.004995421170039538
v 4.268065297670029e-05 0.012150680165444183 0.004995421170039538
v 4.558079161180208e-05 0.012157670598515469 0.004958019015247894
v 3.8058502544633614e-05 0.012139800648325871 0.004964530226952424
v 4.268065297670029e-05 0.012150680165444183 0.004995421170039538
v 3.8058502544633614e-05 0.012139800648325871 0.004964530226952424
v 3.767014101257278e-05 0.012138530354076082 0.004995421170039538
v 3.8058502544633614e-05 0.012139800648325871 0.004964530226952424
v 3.563147207461762e-05 0.01213359032088246 0.0049666240190135436
v 3.767014101257278e-05 0.012138530354076082 0.004995421170039538
v 3.767014101257278e-05 0.012138530354076082 0.004995421170039538
v 3.563147207461762e-05 0.01213359032088246 0.0049666240190135436
v 3.126357271749725e-05 0.012121750453681912 0.004970401999997431
v 3.767014101257278e-05 0.012138530354076082 0.004995421170039538
v 3.126357271749725e-05 0.012121750453681912 0.004970401999997431
v 2.9299871525069118e-05 0.012115880587985628 0.004995421170039538
v 3.126357271749725e-05 0.012121750453681912 0.004970401999997431
v 2.922630076347037e-05 0.012115890124729245 0.004972167251240944
v 2.9299871525069118e-05 0.012115880587985628 0.004995421170039538
v 2.9299871525069118e-05 0.012115880587985628 0.004995421170039538
v 2.922630076347037e-05 0.012115890124729245 0.004972167251240944
v 2.5182961751083833e-05 0.012103510477839974 0.004975662467776587
v 2.9299871525069118e-05 0.012115880587985628 0.004995421170039538
v 2.5182961751083833e-05 0.012103510477839974 0.004975662467776587
v 2.2454650276514804e-05 0.012094310381272622 0.004995421170039538
v 2.5182961751083833e-05 0.012103510477839974 0.004975662467776587
v 2.3755711700340024e-05 0.012098860361652308 0.004976898429749355
v 2.2454650276514804e-05 0.012094310381272622 0.004995421170039538
v 2.2454650276514804e-05 0.012094310381272622 0.004995421170039538
v 2.3755711700340024e-05 0.012098860361652308 0.004976898429749355
v 1.8726571421190255e-05 0.012081010438624307 0.004981242416466913
v 2.2454650276514804e-05 0.012094310381272622 0.004995421170039538
v 1.8726571421190255e-05 0.012081010438624307 0.004981242416466913
v 1.8410381804154653e-05 0.012079670526146113 0.004995421170039538
v 1.4408030300223744e-05 0.012063210106663114 0.004984982250476333
v 1.4022460873374222e-05 0.012061380959237367 0.004995421170039538
v 1.8726571421190255e-05 0.012081010438624307 0.004981242416466913
v 1.8726571421190255e-05 0.012081010438624307 0.004981242416466913
v 1.4022460873374222e-05 0.012061380959237367 0.004995421170039538
v 1.6382899913497135e-05 0.012071590996953763 0.004995421170039538
v 1.8726571421190255e-05 0.012081010438624307 0.004981242416466913
v 1.6382899913497135e-05 0.012071590996953763 0.004995421170039538
v 1.8410381804154653e-05 0.012079670526146113 0.004995421170039538
v 7.80448354597077e-06 0.012027690505061472 0.004990689037856766
v 7.465016451399607e-06 0.012025340651434235 0.004995421170039538
v 1.0774010372790045e-05 0.012045440292281495 0.004988119362289156
v 1.0774010372790045e-05 0.012045440292281495 0.004988119362289156
v 7.465016451399607e-06 0.012025340651434235 0.004995421170039538
v 1.1384950560175302e-05 0.01204860076911618 0.004995421170039538
v 1.0774010372790045e-05 0.012045440292281495 0.004988119362289156
v 1.1384950560175302e-05 0.01204860076911618 0.004995421170039538
v 1.4022460873374222e-05 0.012061380959237367 0.004995421170039538
v 7.80448354597077e-06 0.012027690505061472 0.004990689037856766
v 7.319730122858862e-06 0.012024360274190404 0.004991107224064373
v 7.465016451399607e-06 0.012025340651434235 0.004995421170039538
v 7.465016451399607e-06 0.012025340651434235 0.004995421170039538
v 7.319730122858862e-06 0.012024360274190404 0.004991107224064373
v 5.4840932411036845e-06 0.012009950254585067 0.004992694138202247
v 7.465016451399607e-06 0.012025340651434235 0.004995421170039538
v 5.4840932411036845e-06 0.012009950254585067 0.004992694138202247
v 4.63565833533049e-06 0.01200180015348995 0.004995421170039538
v 4.63565833533049e-06 0.01200180015348995 0.004995421170039538
v 5.4840932411036845e-06 0.012009950254585067 0.004992694138202247
v 3.803521109725877e-06 0.011992200467365044 0.004994147061092302
v 4.63565833533049e-06 0.01200180015348995 0.004995421170039538
v 3.803521109725877e-06 0.011992200467365044 0.004994147061092302
v 3.4193512279418338e-06 0.01198680076312908 0.004995421170039538
v 3.4193512279418338e-06 0.01198680076312908 0.004995421170039538
v 3.803521109725877e-06 0.011992200467365044 0.004994147061092302
v 2.916437246592988e-06 0.011977990719375664 0.004995421170039538
v 2.916437246592988e-06 0.011977990719375664 0.004995421170039538
v 3.803521109725877e-06 0.011992200467365044 0.004994147061092302
v 2.756715184629399e-06 0.011974420162565447 0.004995055435921825
v 2.916437246592988e-06 0.011977990719375664 0.004995421170039538
v 2.756715184629399e-06 0.011974420162565447 0.004995055435921825
v 2.343208174690242e-06 0.011956590266699041 0.004995413063807463
v 0.0002326341083872495 0.012376410118487557 0.004839689007796466
v 0.00021894651201206407 0.01236761056515212 0.004808106173959936
v 0.00021720580298220313 0.01236612092579914 0.004839592209848753
v 0.00021720580298220313 0.01236612092579914 0.004839592209848753
v 0.00021894651201206407 0.01236761056515212 0.004808106173959936
v 0.00020217760867537703 0.012355420699460828 0.004822604408443731
v 0.00021720580298220313 0.01236612092579914 0.004839592209848753
v 0.00020217760867537703 0.012355420699460828 0.004822604408443731
v 0.00020215941435669516 0.012355250945424445 0.00483949541190104
v 0.00020215941435669516 0.012355250945424445 0.00483949541190104
v 0.00020217760867537703 0.012355420699460828 0.004822604408443731
v 0.00019751861139521813 0.012351850142650611 0.004826635113133471
v 0.00020215941435669516 0.012355250945424445 0.00483949541190104
v 0.00019751861139521813 0.012351850142650611 0.004826635113133471
v 0.00018751620646875918 0.012343830694943048 0.00483938335516354
v 0.00018751620646875918 0.012343830694943048 0.00483938335516354
v 0.00019751861139521813 0.012351850142650611 0.004826635113133471
v 0.00019219150562003844 0.01234765016076167 0.004831240406626136
v 0.00018751620646875918 0.012343830694943048 0.00483938335516354
v 0.00019219150562003844 0.01234765016076167 0.004831240406626136
v 0.00017404931120249857 0.012332450498784842 0.004846931210899241
v 0.00028098751449059933 0.012403720491183656 0.004839942208339498
v 0.00026451800529883954 0.012395860307094497 0.004768692243102279
v 0.00026454780762264277 0.012395220391597794 0.004839860192344392
v 0.00026454780762264277 0.012395220391597794 0.004839860192344392
v 0.00026451800529883954 0.012395860307094497 0.004768692243102279
v 0.0002484401135430161 0.012386650673783528 0.004782595384784372
v 0.00026454780762264277 0.012395220391597794 0.004839860192344392
v 0.0002484401135430161 0.012386650673783528 0.004782595384784372
v 0.0002484219192243342 0.012386120430838421 0.004839778176349285
v 0.0002484219192243342 0.012386120430838421 0.004839778176349285
v 0.0002484401135430161 0.012386650673783528 0.004782595384784372
v 0.0002412796135109474 0.01238229047460182 0.004788786161903369
v 0.0002484219192243342 0.012386120430838421 0.004839778176349285
v 0.0002412796135109474 0.01238229047460182 0.004788786161903369
v 0.0002326341083872495 0.012376410118487557 0.004839689007796466
v 0.0002326341083872495 0.012376410118487557 0.004839689007796466
v 0.0002412796135109474 0.01238229047460182 0.004788786161903369
v 0.00023265650483358762 0.01237682019846309 0.00479624437224907
v 0.0002326341083872495 0.012376410118487557 0.004839689007796466
v 0.00023265650483358762 0.01237682019846309 0.00479624437224907
v 0.00021894651201206407 0.01236761056515212 0.004808106173959936
v 0.00033196021703069123 0.012425460451933046 0.004840143433629818
v 0.00031371091306140256 0.012419480913685166 0.004726157412895948
v 0.00031471760575715185 0.01241885053493208 0.004840076199587318
v 0.00031471760575715185 0.01241885053493208 0.004840076199587318
v 0.00031371091306140256 0.012419480913685166 0.004726157412895948
v 0.00029772941692192065 0.012412520998193455 0.00473997043235086
v 0.00031471760575715185 0.01241885053493208 0.004840076199587318
v 0.00029772941692192065 0.012412520998193455 0.00473997043235086
v 0.0002977187178876753 0.012411600702434411 0.004840009442381998
v 0.0002977187178876753 0.012411600702434411 0.004840009442381998
v 0.00029772941692192065 0.012412520998193455 0.00473997043235086
v 0.00028866161286993097 0.012408270471563343 0.004747815357650231
v 0.0002977187178876753 0.012411600702434411 0.004840009442381998
v 0.00028866161286993097 0.012408270471563343 0.004747815357650231
v 0.00028098751449059933 0.012403720491183656 0.004839942208339498
v 0.00028098751449059933 0.012403720491183656 0.004839942208339498
v 0.00028866161286993097 0.012408270471563343 0.004747815357650231
v 0.00028100140237349164 0.012404510133555147 0.004754439102929442
v 0.00028098751449059933 0.012403720491183656 0.004839942208339498
v 0.00028100140237349164 0.012404510133555147 0.004754439102929442
v 0.00026451800529883954 0.012395860307094497 0.004768692243102279
v 0.0003673942263583696 0.012435391063061463 0.004995421170039538
v 0.0003666100080098114 0.01243807088801785 0.0046804101306022194
v 0.0003663655097453297 0.012436540240667315 0.004840240231577531
v 0.0003663655097453297 0.012436540240667315 0.004840240231577531
v 0.0003666100080098114 0.01243807088801785 0.0046804101306022194
v 0.00034942113032608926 0.01243274080201029 0.004695274099203728
v 0.0003663655097453297 0.012436540240667315 0.004840240231577531
v 0.00034942113032608926 0.01243274080201029 0.004695274099203728
v 0.000349422531035308 0.012431430453437309 0.0048401954088825305
v 0.000349422531035308 0.012431430453437309 0.0048401954088825305
v 0.00034942113032608926 0.01243274080201029 0.004695274099203728
v 0.00033966823045451094 0.0124294210615572 0.004703708395258632
v 0.000349422531035308 0.012431430453437309 0.0048401954088825305
v 0.00033966823045451094 0.0124294210615572 0.004703708395258632
v 0.00033196021703069123 0.012425460451933046 0.004840143433629818
v 0.00033196021703069123 0.012425460451933046 0.004840143433629818
v 0.00033966823045451094 0.0124294210615572 0.004703708395258632
v 0.0003319643297513761 0.012426640147118473 0.004710369333837949
v 0.00033196021703069123 0.012425460451933046 0.004840143433629818
v 0.0003319643297513761 0.012426640147118473 0.004710369333837949
v 0.00031371091306140256 0.012419480913685166 0.004726157412895948
v 0.0055023362865849745 0.013703080828168512 0.0034199511245056047
v 0.0055023362865849745 0.013722730334717048 0.0026756302197064596
v 0.005315447106107873 0.013722020800991941 0.0026497691936215595
v 0.00272818101489658 0.013228931101668118 0.002638213044543619
v 0.0027007631154161993 0.013216590555427676 0.0028336051856296673
v 0.0029695872286790437 0.013313560164525673 0.002765134227482452
v 0.0055023362865849745 0.0136470410153261 0.004995421170039538
v 0.0055023362865849745 0.013687590295511365 0.003907517141926442
v 0.005315222038958511 0.013687220269859024 0.003882974093809416
v 0.0055023362865849745 0.0136470410153261 0.004995421170039538
v 0.005315222038958511 0.013687220269859024 0.003882974093809416
v 0.0052821414595369265 0.013645450286490779 0.004995421170039538
v 0.0052821414595369265 0.013645450286490779 0.004995421170039538
v 0.005315222038958511 0.013687220269859024 0.003882974093809416
v 0.0051361634786653565 0.013684281045476254 0.0038628281997556135
v 0.0052821414595369265 0.013645450286490779 0.004995421170039538
v 0.0051361634786653565 0.013684281045476254 0.0038628281997556135
v 0.005063349010637763 0.013640340499260772 0.004995421170039538
v 0.0051361634786653565 0.013684281045476254 0.0038628281997556135
v 0.004964996096878116 0.01367878025175795 0.003847048226929689
v 0.005063349010637763 0.013640340499260772 0.004995421170039538
v 0.005063349010637763 0.013640340499260772 0.004995421170039538
v 0.004964996096878116 0.01367878025175795 0.003847048226929689
v 0.004801459063658864 0.013670730286470811 0.003835596266775765
v 0.005063349010637763 0.013640340499260772 0.004995421170039538
v 0.004801459063658864 0.013670730286470811 0.003835596266775765
v 0.004847547284536902 0.013631220511339803 0.004995421170039538
v 0.004847547284536902 0.013631220511339803 0.004995421170039538
v 0.004801459063658864 0.013670730286470811 0.003835596266775765
v 0.004645194274284781 0.013660120659196862 0.0038284291655289737
v 0.004847547284536902 0.013631220511339803 0.004995421170039538
v 0.004645194274284781 0.013660120659196862 0.0038284291655289737
v 0.0046399161635299335 0.013617911031947871 0.004995421170039538
v 0.0046399161635299335 0.013617911031947871 0.004995421170039538
v 0.004645194274284781 0.013660120659196862 0.0038284291655289737
v 0.004495755409154589 0.013646950416261738 0.003825486126448757
v 0.0046399161635299335 0.013617911031947871 0.004995421170039538
v 0.004495755409154589 0.013646950416261738 0.003825486126448757
v 0.0044391352854630806 0.0136000105641787 0.004995421170039538
v 0.004495755409154589 0.013646950416261738 0.003825486126448757
v 0.004352613178997544 0.013631231001757782 0.0038266782194008864
v 0.0044391352854630806 0.0136000105641787 0.004995421170039538
v 0.0044391352854630806 0.0136000105641787 0.004995421170039538
v 0.004352613178997544 0.013631231001757782 0.0038266782194008864
v 0.004215163431105506 0.01361296050833627 0.003831938210342861
v 0.0044391352854630806 0.0136000105641787 0.004995421170039538
v 0.004215163431105506 0.01361296050833627 0.003831938210342861
v 0.004243555270527777 0.013577000309179521 0.004995421170039538
v 0.004243555270527777 0.013577000309179521 0.004995421170039538
v 0.004215163431105506 0.01361296050833627 0.003831938210342861
v 0.0040827290566816665 0.013592140843345923 0.0038411693013269688
v 0.004243555270527777 0.013577000309179521 0.004995421170039538
v 0.0040827290566816665 0.013592140843345923 0.0038411693013269688
v 0.004051068021547477 0.013548170733225229 0.004995421170039538
v 0.004051068021547477 0.013548170733225229 0.004995421170039538
v 0.0040827290566816665 0.013592140843345923 0.0038411693013269688
v 0.003954571196514295 0.013568791080273979 0.0038542601508714802
v 0.004051068021547477 0.013548170733225229 0.004995421170039538
v 0.003954571196514295 0.013568791080273979 0.0038542601508714802
v 0.003959090182477226 0.013532020257909783 0.004995421170039538
v 0.003959090182477226 0.013532020257909783 0.004995421170039538
v 0.003954571196514295 0.013568791080273979 0.0038542601508714802
v 0.003829893294092779 0.013542890238284477 0.0038710982254017146
v 0.003959090182477226 0.013532020257909783 0.004995421170039538
v 0.003829893294092779 0.013542890238284477 0.0038710982254017146
v 0.003858870212735954 0.0135125910501388 0.004995421170039538
v 0.003858870212735954 0.0135125910501388 0.004995421170039538
v 0.003829893294092779 0.013542890238284477 0.0038710982254017146
v 0.0037078432413749363 0.013514450715144122 0.003891572183435943
v 0.003858870212735954 0.0135125910501388 0.004995421170039538
v 0.0037078432413749363 0.013514450715144122 0.003891572183435943
v 0.003663059170186528 0.013468960448090872 0.004995421170039538
v 0.0037078432413749363 0.013514450715144122 0.003891572183435943
v 0.003587527207065261 0.013483490630665784 0.0039155561399584204
v 0.003663059170186528 0.013468960448090872 0.004995421170039538
v 0.003663059170186528 0.013468960448090872 0.004995421170039538
v 0.003587527207065261 0.013483490630665784 0.0039155561399584204
v 0.003468008206103379 0.013450000448105848 0.003942914196372604
v 0.003663059170186528 0.013468960448090872 0.004995421170039538
v 0.003468008206103379 0.013450000448105848 0.003942914196372604
v 0.0034578892442885256 0.013415470760491655 0.004995421170039538
v 0.0034578892442885256 0.013415470760491655 0.004995421170039538
v 0.003468008206103379 0.013450000448105848 0.003942914196372604
v 0.003227460060827858 0.013375460306320752 0.00400721998174508
v 0.0034578892442885256 0.013415470760491655 0.004995421170039538
v 0.003227460060827858 0.013375460306320752 0.00400721998174508
v 0.003234182034566324 0.01334930101857923 0.004995421170039538
v 0.003234182034566324 0.01334930101857923 0.004995421170039538
v 0.003227460060827858 0.013375460306320752 0.00400721998174508
v 0.002978154085470225 0.013290870344112027 0.00408335800492321
v 0.003234182034566324 0.01334930101857923 0.004995421170039538
v 0.002978154085470225 0.013290870344112027 0.00408335800492321
v 0.002975278042013918 0.01326538053577242 0.004995421170039538
v 0.002975278042013918 0.01326538053577242 0.004995421170039538
v 0.002978154085470225 0.013290870344112027 0.00408335800492321
v 0.0027117961741067453 0.013196270615802863 0.004170164306348534
v 0.002975278042013918 0.01326538053577242 0.004995421170039538
v 0.0027117961741067453 0.013196270615802863 0.004170164306348534
v 0.0029442311731686654 0.013254960689696449 0.004995421170039538
v 0.0017279320583907243 0.012852800979737955 0.004483111117629945
v 0.0020187951093153522 0.012939040798592427 0.004995421170039538
v 0.0020947102111114335 0.012977190634083646 0.004371166436867302
v 0.0020947102111114335 0.012977190634083646 0.004371166436867302
v 0.0020187951093153522 0.012939040798592427 0.004995421170039538
v 0.00247652518591171 0.013094480182806456 0.004995421170039538
v 0.001131764108054309 0.012657500868227811 0.004995421170039538
v 0.0013215851219378766 0.01271543086365512 0.004995421170039538
v 0.0013123961118349792 0.012718540795748634 0.004601292351880948
v 0.0013123961118349792 0.012718540795748634 0.004601292351880948
v 0.0013215851219378766 0.01271543086365512 0.004995421170039538
v 0.0015793211018157866 0.01279607070665767 0.004995421170039538
v 0.0013123961118349792 0.012718540795748634 0.004601292351880948
v 0.0015793211018157866 0.01279607070665767 0.004995421170039538
v 0.0017279320583907243 0.012852800979737955 0.004483111117629945
v 0.0017279320583907243 0.012852800979737955 0.004483111117629945
v 0.0015793211018157866 0.01279607070665767 0.004995421170039538
v 0.0017386210790552858 0.012847100868078054 0.004995421170039538
v 0.0017279320583907243 0.012852800979737955 0.004483111117629945
v 0.0017386210790552858 0.012847100868078054 0.004995421170039538
v 0.0020187951093153522 0.012939040798592427 0.004995421170039538
v 0.0006641885357663163 0.012519670127428273 0.004995421170039538
v 0.0008484852120957745 0.01257321035976866 0.004995421170039538
v 0.0008415165347208653 0.012574460626856854 0.004724793181721532
v 0.0008415165347208653 0.012574460626856854 0.004724793181721532
v 0.0008484852120957745 0.01257321035976866 0.004995421170039538
v 0.001131764108054309 0.012657500868227811 0.004995421170039538
v 0.0008415165347208653 0.012574460626856854 0.004724793181721532
v 0.0008306438125323806 0.012576100946758983 0.004279129231568035
v 0.0007612971429025311 0.012554980874344701 0.004339099136455027
v 0.0006641885357663163 0.012519670127428273 0.004995421170039538
v 0.0008415165347208653 0.012574460626856854 0.004724793181721532
v 0.0003673942263583696 0.012435391063061463 0.004995421170039538
v 0.0003673942263583696 0.012435391063061463 0.004995421170039538
v 0.0008415165347208653 0.012574460626856854 0.004724793181721532
v 0.0007612971429025311 0.012554980874344701 0.004339099136455027
v 0.0003673942263583696 0.012435391063061463 0.004995421170039538
v 0.0007612971429025311 0.012554980874344701 0.004339099136455027
v 0.0003666100080098114 0.01243807088801785 0.0046804101306022194
v 0.001131764108054309 0.012657500868227811 0.004995421170039538
v 0.0013123961118349792 0.012718540795748634 0.004601292351880948
v 0.0008415165347208653 0.012574460626856854 0.004724793181721532
v 0.0008415165347208653 0.012574460626856854 0.004724793181721532
v 0.0013123961118349792 0.012718540795748634 0.004601292351880948
v 0.0011517360757463957 0.012676280623758474 0.004001461219111935
v 0.0008415165347208653 0.012574460626856854 0.004724793181721532
v 0.0011517360757463957 0.012676280623758474 0.004001461219111935
v 0.0008306438125323806 0.012576100946758983 0.004279129231568035
v 0.0012987710854386186 0.012723410257039491 0.003886513179365697
v 0.0017162741045746721 0.012859520569290517 0.003781423271496387
v 0.0015397021309703635 0.012802990567826189 0.003665961201269191
v 0.0015397021309703635 0.012802990567826189 0.003665961201269191
v 0.0017162741045746721 0.012859520569290517 0.003781423271496387
v 0.001711239061572764 0.012861110344451476 0.0035176202537479107
v 0.001711239061572764 0.012861110344451476 0.0035176202537479107
v 0.0017162741045746721 0.012859520569290517 0.003781423271496387
v 0.0019232721050147644 0.012934750217639124 0.003334269205152729
v 0.0019232721050147644 0.012934750217639124 0.003334269205152729
v 0.0017162741045746721 0.012859520569290517 0.003781423271496387
v 0.0020848830736512614 0.012985620161766742 0.0036815401872233866
v 0.0019232721050147644 0.012934750217639124 0.003334269205152729
v 0.0020848830736512614 0.012985620161766742 0.0036815401872233866
v 0.00203873119500958 0.012975670477151091 0.003234424267854197
v 0.00203873119500958 0.012975670477151091 0.003234424267854197
v 0.0020848830736512614 0.012985620161766742 0.0036815401872233866
v 0.002420047159700095 0.01309170022204209 0.004266486370554934
v 0.00203873119500958 0.012975670477151091 0.003234424267854197
v 0.002420047159700095 0.01309170022204209 0.004266486370554934
v 0.0022831960808886165 0.013064060831691204 0.0030230211263281015
v 0.0029442311731686654 0.013254960689696449 0.004995421170039538
v 0.0027117961741067453 0.013196270615802863 0.004170164306348534
v 0.002420047159700095 0.01309170022204209 0.004266486370554934
v 0.002420047159700095 0.01309170022204209 0.004266486370554934
v 0.0027117961741067453 0.013196270615802863 0.004170164306348534
v 0.002512269139406942 0.013148580221997164 0.002824925080008034
v 0.002420047159700095 0.01309170022204209 0.004266486370554934
v 0.002512269139406942 0.013148580221997164 0.002824925080008034
v 0.0022831960808886165 0.013064060831691204 0.0030230211263281015
v 0.003221085224557052 0.01340030066242004 0.002705462107414902
v 0.0031290391977699394 0.013374951044211603 0.0022915600434593453
v 0.0029695872286790437 0.013313560164525673 0.002765134227482452
v 0.0029695872286790437 0.013313560164525673 0.002765134227482452
v 0.0031290391977699394 0.013374951044211603 0.0022915600434593453
v 0.0029330772362527735 0.013304590857153853 0.0024610241628365837
v 0.0029695872286790437 0.013313560164525673 0.002765134227482452
v 0.0029330772362527735 0.013304590857153853 0.0024610241628365837
v 0.00272818101489658 0.013228931101668118 0.002638213044543619
v 0.0034635371422771233 0.013476760550695244 0.0026558121512144928
v 0.0033180722382121497 0.013439340276090728 0.00212809405898004
v 0.003221085224557052 0.01340030066242004 0.002705462107414902
v 0.003221085224557052 0.01340030066242004 0.002705462107414902
v 0.0033180722382121497 0.013439340276090728 0.00212809405898004
v 0.0032203420738106947 0.013406571071348239 0.0022126060583096963
v 0.003221085224557052 0.01340030066242004 0.002705462107414902
v 0.0032203420738106947 0.013406571071348239 0.0022126060583096963
v 0.0031290391977699394 0.013374951044211603 0.0022915600434593453
v 0.004802933444222057 0.013722531016775452 0.0013581660438947984
v 0.00475409101178742 0.013721250232107685 0.0008862838570032963
v 0.004646676284242868 0.013711030657647671 0.0013455820722735323
v 0.004646676284242868 0.013711030657647671 0.0013455820722735323
v 0.00475409101178742 0.013721250232107685 0.0008862838570032963
v 0.004531796193794901 0.013701810533918724 0.0010785090243480705
v 0.004646676284242868 0.013711030657647671 0.0013455820722735323
v 0.004531796193794901 0.013701810533918724 0.0010785090243480705
v 0.004497103427864857 0.013696910555048292 0.0013363580146378423
v 0.004497103427864857 0.013696910555048292 0.0013363580146378423
v 0.004531796193794901 0.013701810533918724 0.0010785090243480705
v 0.004354500023722174 0.013680850678797207 0.001231834112502203
v 0.004497103427864857 0.013696910555048292 0.0013363580146378423
v 0.004354500023722174 0.013680850678797207 0.001231834112502203
v 0.004353687016328822 0.013680170708977313 0.0013304200804339916
v 0.004353687016328822 0.013680170708977313 0.0013304200804339916
v 0.004354500023722174 0.013680850678797207 0.001231834112502203
v 0.004319920268203992 0.013676140481124754 0.0012617331150438504
v 0.004353687016328822 0.013680170708977313 0.0013304200804339916
v 0.004319920268203992 0.013676140481124754 0.0012617331150438504
v 0.004116920189897455 0.013644120864430564 0.0014372840610346604
v 0.004966319320054979 0.013731430705918868 0.001374170010986428
v 0.004910112137362088 0.01373086040865057 0.0007513613461697724
v 0.004802933444222057 0.013722531016775452 0.0013581660438947984
v 0.004802933444222057 0.013722531016775452 0.0013581660438947984
v 0.004910112137362088 0.01373086040865057 0.0007513613461697724
v 0.00480448602608291 0.01372469108920471 0.0008426979584410729
v 0.004802933444222057 0.013722531016775452 0.0013581660438947984
v 0.00480448602608291 0.01372469108920471 0.0008426979584410729
v 0.00475409101178742 0.013721250232107685 0.0008862838570032963
v 0.004967486140636523 0.013733640369414934 0.0007017478084090506
v 0.004967007396106948 0.013733680423738126 0.0007563606263831166
v 0.0049880092129003795 0.013734540638012382 0.0006839931336079241
v 0.0049880092129003795 0.013734540638012382 0.0006839931336079241
v 0.004967007396106948 0.013733680423738126 0.0007563606263831166
v 0.005137670284156848 0.013740131077120687 0.000776521958040649
v 0.0049880092129003795 0.013734540638012382 0.0006839931336079241
v 0.005137670284156848 0.013740131077120687 0.000776521958040649
v 0.005234472046567185 0.013741730389025264 0.00047086181492912715
v 0.005234472046567185 0.013741730389025264 0.00047086181492912715
v 0.005137670284156848 0.013740131077120687 0.000776521958040649
v 0.0055023362865849745 0.013745090183801545 0.0009298250520798149
v 0.005234472046567185 0.013741730389025264 0.00047086181492912715
v 0.0055023362865849745 0.013745090183801545 0.0009298250520798149
v 0.0055023362865849745 0.0137427803844975 0.00023922320846503885
v 0.0034629892563563247 0.013485270187024723 0.0020134371283327124
v 0.0035835820946494845 0.013519990609511257 0.001996085142530815
v 0.003502064155978396 0.013497210190033249 0.0019689870815894905
v 0.003502064155978396 0.013497210190033249 0.0019689870815894905
v 0.0035835820946494845 0.013519990609511257 0.001996085142530815
v 0.003704870161552326 0.013552120852431404 0.0019814450489857166
v 0.003502064155978396 0.013497210190033249 0.0019689870815894905
v 0.003704870161552326 0.013552120852431404 0.0019814450489857166
v 0.0036827282270594786 0.013548250841871612 0.0018127560284459526
v 0.0036827282270594786 0.013548250841871612 0.0018127560284459526
v 0.003704870161552326 0.013552120852431404 0.0019814450489857166
v 0.003827787104264957 0.013581650425367187 0.001969650123689465
v 0.0036827282270594786 0.013548250841871612 0.0018127560284459526
v 0.003827787104264957 0.013581650425367187 0.001969650123689465
v 0.0037294582707829427 0.013560420680401308 0.0017723440773687732
v 0.0037294582707829427 0.013560420680401308 0.0017723440773687732
v 0.003827787104264957 0.013581650425367187 0.001969650123689465
v 0.003953225085152751 0.013608580281992966 0.0019608291126808897
v 0.0037294582707829427 0.013560420680401308 0.0017723440773687732
v 0.003953225085152751 0.013608580281992966 0.0019608291126808897
v 0.003920875258710821 0.013605601003287005 0.0016068150568265133
v 0.003920875258710821 0.013605601003287005 0.0016068150568265133
v 0.003953225085152751 0.013608580281992966 0.0019608291126808897
v 0.004082034304909166 0.013632910422308742 0.001955114099859087
v 0.003920875258710821 0.013605601003287005 0.0016068150568265133
v 0.004082034304909166 0.013632910422308742 0.001955114099859087
v 0.004116920189897455 0.013644120864430564 0.0014372840610346604
v 0.004116920189897455 0.013644120864430564 0.0014372840610346604
v 0.004082034304909166 0.013632910422308742 0.001955114099859087
v 0.004215007982184549 0.013654650383058131 0.0019526260826586983
v 0.004116920189897455 0.013644120864430564 0.0014372840610346604
v 0.004215007982184549 0.013654650383058131 0.0019526260826586983
v 0.004353687016328822 0.013680170708977313 0.0013304200804339916
v 0.004353687016328822 0.013680170708977313 0.0013304200804339916
v 0.004215007982184549 0.013654650383058131 0.0019526260826586983
v 0.004352886406702172 0.0136737810907539 0.001953460070888008
v 0.004353687016328822 0.013680170708977313 0.0013304200804339916
v 0.004352886406702172 0.0136737810907539 0.001953460070888008
v 0.004497103427864857 0.013696910555048292 0.0013363580146378423
v 0.004497103427864857 0.013696910555048292 0.0013363580146378423
v 0.004352886406702172 0.0136737810907539 0.001953460070888008
v 0.004496341442049856 0.013690320665208922 0.00195772204161046
v 0.004497103427864857 0.013696910555048292 0.0013363580146378423
v 0.004496341442049856 0.013690320665208922 0.00195772204161046
v 0.004646676284242868 0.013711030657647671 0.0013455820722735323
v 0.004646676284242868 0.013711030657647671 0.0013455820722735323
v 0.004496341442049856 0.013690320665208922 0.00195772204161046
v 0.004645978194610101 0.013704240496192344 0.0019655080775179967
v 0.004646676284242868 0.013711030657647671 0.0013455820722735323
v 0.004645978194610101 0.013704240496192344 0.0019655080775179967
v 0.004802933444222057 0.013722531016775452 0.0013581660438947984
v 0.004802933444222057 0.013722531016775452 0.0013581660438947984
v 0.004645978194610101 0.013704240496192344 0.0019655080775179967
v 0.004802324046304929 0.013715560610865762 0.0019768920883736496
v 0.004802933444222057 0.013722531016775452 0.0013581660438947984
v 0.004802324046304929 0.013715560610865762 0.0019768920883736496
v 0.004966319320054979 0.013731430705918868 0.001374170010986428
v 0.004966319320054979 0.013731430705918868 0.001374170010986428
v 0.004802324046304929 0.013715560610865762 0.0019768920883736496
v 0.004965823409386894 0.013724281009229178 0.001991935109336568
v 0.004966319320054979 0.013731430705918868 0.001374170010986428
v 0.004965823409386894 0.013724281009229178 0.001991935109336568
v 0.00513719010911573 0.013737710651590684 0.0013936531013588466
v 0.00513719010911573 0.013737710651590684 0.0013936531013588466
v 0.004965823409386894 0.013724281009229178 0.001991935109336568
v 0.005136834388578815 0.01373039024719025 0.0020106881619851025
v 0.00513719010911573 0.013737710651590684 0.0013936531013588466
v 0.005136834388578815 0.01373039024719025 0.0020106881619851025
v 0.00531580902552814 0.013741380390534519 0.0014166531043586367
v 0.00531580902552814 0.013741380390534519 0.0014166531043586367
v 0.005136834388578815 0.01373039024719025 0.0020106881619851025
v 0.005315618290655799 0.0137338902320977 0.002033204175246328
v 0.004967486140636523 0.013733640369414934 0.0007017478084090506
v 0.004910112137362088 0.01373086040865057 0.0007513613461697724
v 0.004967007396106948 0.013733680423738126 0.0007563606263831166
v 0.004967007396106948 0.013733680423738126 0.0007563606263831166
v 0.004910112137362088 0.01373086040865057 0.0007513613461697724
v 0.004966319320054979 0.013731430705918868 0.001374170010986428
v 0.004967007396106948 0.013733680423738126 0.0007563606263831166
v 0.004966319320054979 0.013731430705918868 0.001374170010986428
v 0.005137670284156848 0.013740131077120687 0.000776521958040649
v 0.005137670284156848 0.013740131077120687 0.000776521958040649
v 0.004966319320054979 0.013731430705918868 0.001374170010986428
v 0.00513719010911573 0.013737710651590684 0.0013936531013588466
v 0.005137670284156848 0.013740131077120687 0.000776521958040649
v 0.00513719010911573 0.013737710651590684 0.0013936531013588466
v 0.0055023362865849745 0.013745090183801545 0.0009298250520798149
v 0.0055023362865849745 0.013745090183801545 0.0009298250520798149
v 0.00513719010911573 0.013737710651590684 0.0013936531013588466
v 0.00531580902552814 0.013741380390534519 0.0014166531043586367
v 0.0055023362865849745 0.013745090183801545 0.0009298250520798149
v 0.00531580902552814 0.013741380390534519 0.0014166531043586367
v 0.0055023362865849745 0.013742440876424733 0.0014431920737054127
v 0.0055023362865849745 0.013742440876424733 0.0014431920737054127
v 0.00531580902552814 0.013741380390534519 0.0014166531043586367
v 0.005315618290655799 0.0137338902320977 0.002033204175246328
v 0.0055023362865849745 0.013742440876424733 0.0014431920737054127
v 0.005315618290655799 0.0137338902320977 0.002033204175246328
v 0.0055023362865849745 0.013733920749677275 0.0021118150760443544
v 0.003502064155978396 0.013497210190033249 0.0019689870815894905
v 0.0033180722382121497 0.013439340276090728 0.00212809405898004
v 0.0034629892563563247 0.013485270187024723 0.0020134371283327124
v 0.0034629892563563247 0.013485270187024723 0.0020134371283327124
v 0.0033180722382121497 0.013439340276090728 0.00212809405898004
v 0.0034635371422771233 0.013476760550695244 0.0026558121512144928
v 0.0034629892563563247 0.013485270187024723 0.0020134371283327124
v 0.0034635371422771233 0.013476760550695244 0.0026558121512144928
v 0.0035835820946494845 0.013519990609511257 0.001996085142530815
v 0.0035835820946494845 0.013519990609511257 0.001996085142530815
v 0.0034635371422771233 0.013476760550695244 0.0026558121512144928
v 0.0035838972840260275 0.01351114051143465 0.002635114079705264
v 0.0035835820946494845 0.013519990609511257 0.001996085142530815
v 0.0035838972840260275 0.01351114051143465 0.002635114079705264
v 0.003704870161552326 0.013552120852431404 0.0019814450489857166
v 0.003704870161552326 0.013552120852431404 0.0019814450489857166
v 0.0035838972840260275 0.01351114051143465 0.002635114079705264
v 0.0037049791188481507 0.013542940783025648 0.002617359047276252
v 0.003704870161552326 0.013552120852431404 0.0019814450489857166
v 0.0037049791188481507 0.013542940783025648 0.002617359047276252
v 0.003827787104264957 0.013581650425367187 0.001969650123689465
v 0.003827787104264957 0.013581650425367187 0.001969650123689465
v 0.0037049791188481507 0.013542940783025648 0.002617359047276252
v 0.003827718201292324 0.013572160411793877 0.0026026741310361534
v 0.003827787104264957 0.013581650425367187 0.001969650123689465
v 0.003827718201292324 0.013572160411793877 0.0026026741310361534
v 0.003953225085152751 0.013608580281992966 0.0019608291126808897
v 0.003953225085152751 0.013608580281992966 0.0019608291126808897
v 0.003827718201292324 0.013572160411793877 0.0026026741310361534
v 0.00395300621688674 0.013598800351413698 0.00259120023637191
v 0.003953225085152751 0.013608580281992966 0.0019608291126808897
v 0.00395300621688674 0.013598800351413698 0.00259120023637191
v 0.004082034304909166 0.013632910422308742 0.001955114099859087
v 0.004082034304909166 0.013632910422308742 0.001955114099859087
v 0.00395300621688674 0.013598800351413698 0.00259120023637191
v 0.004081694319999218 0.013622851065141495 0.0025830570494159155
v 0.004082034304909166 0.013632910422308742 0.001955114099859087
v 0.004081694319999218 0.013622851065141495 0.0025830570494159155
v 0.004215007982184549 0.013654650383058131 0.0019526260826586983
v 0.004215007982184549 0.013654650383058131 0.0019526260826586983
v 0.004081694319999218 0.013622851065141495 0.0025830570494159155
v 0.00421457739821024 0.01364432018237216 0.0025783551963941276
v 0.004215007982184549 0.013654650383058131 0.0019526260826586983
v 0.00421457739821024 0.01364432018237216 0.0025783551963941276
v 0.004352886406702172 0.0136737810907539 0.001953460070888008
v 0.004352886406702172 0.0136737810907539 0.001953460070888008
v 0.00421457739821024 0.01364432018237216 0.0025783551963941276
v 0.004352395264405895 0.013663201027385163 0.0025772150786947112
v 0.004352886406702172 0.0136737810907539 0.001953460070888008
v 0.004352395264405895 0.013663201027385163 0.0025772150786947112
v 0.004496341442049856 0.013690320665208922 0.00195772204161046
v 0.004496341442049856 0.013690320665208922 0.00195772204161046
v 0.004352395264405895 0.013663201027385163 0.0025772150786947112
v 0.0044958221663599085 0.013679490739157418 0.002579726103289076
v 0.004496341442049856 0.013690320665208922 0.00195772204161046
v 0.0044958221663599085 0.013679490739157418 0.002579726103289076
v 0.004645978194610101 0.013704240496192344 0.0019655080775179967
v 0.004645978194610101 0.013704240496192344 0.0019655080775179967
v 0.0044958221663599085 0.013679490739157418 0.002579726103289076
v 0.004645463210454781 0.013693190271363287 0.002585977200311451
v 0.004645978194610101 0.013704240496192344 0.0019655080775179967
v 0.004645463210454781 0.013693190271363287 0.002585977200311451
v 0.004802324046304929 0.013715560610865762 0.0019768920883736496
v 0.004802324046304929 0.013715560610865762 0.0019768920883736496
v 0.004645463210454781 0.013693190271363287 0.002585977200311451
v 0.004801845301775354 0.013704291040933514 0.002596051101012714
v 0.004802324046304929 0.013715560610865762 0.0019768920883736496
v 0.004801845301775354 0.013704291040933514 0.002596051101012714
v 0.004965823409386894 0.013724281009229178 0.001991935109336568
v 0.004965823409386894 0.013724281009229178 0.001991935109336568
v 0.004801845301775354 0.013704291040933514 0.002596051101012714
v 0.004965414283085723 0.013712800677262993 0.002610005025854567
v 0.004965823409386894 0.013724281009229178 0.001991935109336568
v 0.004965414283085723 0.013712800677262993 0.002610005025854567
v 0.005136834388578815 0.01373039024719025 0.0020106881619851025
v 0.005136834388578815 0.01373039024719025 0.0020106881619851025
v 0.004965414283085723 0.013712800677262993 0.002610005025854567
v 0.005136527305434346 0.013718710597282469 0.002627902155763473
v 0.005136834388578815 0.01373039024719025 0.0020106881619851025
v 0.005136527305434346 0.013718710597282469 0.002627902155763473
v 0.005315618290655799 0.0137338902320977 0.002033204175246328
v 0.005315618290655799 0.0137338902320977 0.002033204175246328
v 0.005136527305434346 0.013718710597282469 0.002627902155763473
v 0.005315447106107873 0.013722020800991941 0.0026497691936215595
v 0.005315618290655799 0.0137338902320977 0.002033204175246328
v 0.005315447106107873 0.013722020800991941 0.0026497691936215595
v 0.0055023362865849745 0.013733920749677275 0.0021118150760443544
v 0.0055023362865849745 0.013733920749677275 0.0021118150760443544
v 0.005315447106107873 0.013722020800991941 0.0026497691936215595
v 0.0055023362865849745 0.013722730334717048 0.0026756302197064596
v 0.0015397021309703635 0.012802990567826189 0.003665961201269191
v 0.0011517360757463957 0.012676280623758474 0.004001461219111935
v 0.0012987710854386186 0.012723410257039491 0.003886513179365697
v 0.0012987710854386186 0.012723410257039491 0.003886513179365697
v 0.0011517360757463957 0.012676280623758474 0.004001461219111935
v 0.0013123961118349792 0.012718540795748634 0.004601292351880948
v 0.0012987710854386186 0.012723410257039491 0.003886513179365697
v 0.0013123961118349792 0.012718540795748634 0.004601292351880948
v 0.0017162741045746721 0.012859520569290517 0.003781423271496387
v 0.0017162741045746721 0.012859520569290517 0.003781423271496387
v 0.0013123961118349792 0.012718540795748634 0.004601292351880948
v 0.0017279320583907243 0.012852800979737955 0.004483111117629945
v 0.0017162741045746721 0.012859520569290517 0.003781423271496387
v 0.0017279320583907243 0.012852800979737955 0.004483111117629945
v 0.0020848830736512614 0.012985620161766742 0.0036815401872233866
v 0.0020848830736512614 0.012985620161766742 0.0036815401872233866
v 0.0017279320583907243 0.012852800979737955 0.004483111117629945
v 0.0020947102111114335 0.012977190634083646 0.004371166436867302
v 0.0020848830736512614 0.012985620161766742 0.0036815401872233866
v 0.0020947102111114335 0.012977190634083646 0.004371166436867302
v 0.002420047159700095 0.01309170022204209 0.004266486370554934
v 0.002420047159700095 0.01309170022204209 0.004266486370554934
v 0.0020947102111114335 0.012977190634083646 0.004371166436867302
v 0.00247652518591171 0.013094480182806456 0.004995421170039538
v 0.002420047159700095 0.01309170022204209 0.004266486370554934
v 0.00247652518591171 0.013094480182806456 0.004995421170039538
v 0.0029442311731686654 0.013254960689696449 0.004995421170039538
v 0.00272818101489658 0.013228931101668118 0.002638213044543619
v 0.002512269139406942 0.013148580221997164 0.002824925080008034
v 0.0027007631154161993 0.013216590555427676 0.0028336051856296673
v 0.0027007631154161993 0.013216590555427676 0.0028336051856296673
v 0.002512269139406942 0.013148580221997164 0.002824925080008034
v 0.0027117961741067453 0.013196270615802863 0.004170164306348534
v 0.0027007631154161993 0.013216590555427676 0.0028336051856296673
v 0.0027117961741067453 0.013196270615802863 0.004170164306348534
v 0.0029695872286790437 0.013313560164525673 0.002765134227482452
v 0.0029695872286790437 0.013313560164525673 0.002765134227482452
v 0.0027117961741067453 0.013196270615802863 0.004170164306348534
v 0.002978154085470225 0.013290870344112027 0.00408335800492321
v 0.0029695872286790437 0.013313560164525673 0.002765134227482452
v 0.002978154085470225 0.013290870344112027 0.00408335800492321
v 0.003221085224557052 0.01340030066242004 0.002705462107414902
v 0.003221085224557052 0.01340030066242004 0.002705462107414902
v 0.002978154085470225 0.013290870344112027 0.00408335800492321
v 0.003227460060827858 0.013375460306320752 0.00400721998174508
v 0.003221085224557052 0.01340030066242004 0.002705462107414902
v 0.003227460060827858 0.013375460306320752 0.00400721998174508
v 0.0034635371422771233 0.013476760550695244 0.0026558121512144928
v 0.0034635371422771233 0.013476760550695244 0.0026558121512144928
v 0.003227460060827858 0.013375460306320752 0.00400721998174508
v 0.003468008206103379 0.013450000448105848 0.003942914196372604
v 0.0034635371422771233 0.013476760550695244 0.0026558121512144928
v 0.003468008206103379 0.013450000448105848 0.003942914196372604
v 0.0035838972840260275 0.01351114051143465 0.002635114079705264
v 0.0035838972840260275 0.01351114051143465 0.002635114079705264
v 0.003468008206103379 0.013450000448105848 0.003942914196372604
v 0.003587527207065261 0.013483490630665784 0.0039155561399584204
v 0.0035838972840260275 0.01351114051143465 0.002635114079705264
v 0.003587527207065261 0.013483490630665784 0.0039155561399584204
v 0.0037049791188481507 0.013542940783025648 0.002617359047276252
v 0.0037049791188481507 0.013542940783025648 0.002617359047276252
v 0.003587527207065261 0.013483490630665784 0.0039155561399584204
v 0.0037078432413749363 0.013514450715144122 0.003891572183435943
v 0.0037049791188481507 0.013542940783025648 0.002617359047276252
v 0.0037078432413749363 0.013514450715144122 0.003891572183435943
v 0.003827718201292324 0.013572160411793877 0.0026026741310361534
v 0.003827718201292324 0.013572160411793877 0.0026026741310361534
v 0.0037078432413749363 0.013514450715144122 0.003891572183435943
v 0.003829893294092779 0.013542890238284477 0.0038710982254017146
v 0.003827718201292324 0.013572160411793877 0.0026026741310361534
v 0.003829893294092779 0.013542890238284477 0.0038710982254017146
v 0.00395300621688674 0.013598800351413698 0.00259120023637191
v 0.00395300621688674 0.013598800351413698 0.00259120023637191
v 0.003829893294092779 0.013542890238284477 0.0038710982254017146
v 0.003954571196514295 0.013568791080273979 0.0038542601508714802
v 0.00395300621688674 0.013598800351413698 0.00259120023637191
v 0.003954571196514295 0.013568791080273979 0.0038542601508714802
v 0.004081694319999218 0.013622851065141495 0.0025830570494159155
v 0.004081694319999218 0.013622851065141495 0.0025830570494159155
v 0.003954571196514295 0.013568791080273979 0.0038542601508714802
v 0.0040827290566816665 0.013592140843345923 0.0038411693013269688
v 0.004081694319999218 0.013622851065141495 0.0025830570494159155
v 0.0040827290566816665 0.013592140843345923 0.0038411693013269688
v 0.00421457739821024 0.01364432018237216 0.0025783551963941276
v 0.00421457739821024 0.01364432018237216 0.0025783551963941276
v 0.0040827290566816665 0.013592140843345923 0.0038411693013269688
v 0.004215163431105506 0.01361296050833627 0.003831938210342861
v 0.00421457739821024 0.01364432018237216 0.0025783551963941276
v 0.004215163431105506 0.01361296050833627 0.003831938210342861
v 0.004352395264405895 0.013663201027385163 0.0025772150786947112
v 0.004352395264405895 0.013663201027385163 0.0025772150786947112
v 0.004215163431105506 0.01361296050833627 0.003831938210342861
v 0.004352613178997544 0.013631231001757782 0.0038266782194008864
v 0.004352395264405895 0.013663201027385163 0.0025772150786947112
v 0.004352613178997544 0.013631231001757782 0.0038266782194008864
v 0.0044958221663599085 0.013679490739157418 0.002579726103289076
v 0.0044958221663599085 0.013679490739157418 0.002579726103289076
v 0.004352613178997544 0.013631231001757782 0.0038266782194008864
v 0.004495755409154589 0.013646950416261738 0.003825486126448757
v 0.0044958221663599085 0.013679490739157418 0.002579726103289076
v 0.004495755409154589 0.013646950416261738 0.003825486126448757
v 0.004645463210454781 0.013693190271363287 0.002585977200311451
v 0.004645463210454781 0.013693190271363287 0.002585977200311451
v 0.004495755409154589 0.013646950416261738 0.003825486126448757
v 0.004645194274284781 0.013660120659196862 0.0038284291655289737
v 0.004645463210454781 0.013693190271363287 0.002585977200311451
v 0.004645194274284781 0.013660120659196862 0.0038284291655289737
v 0.004801845301775354 0.013704291040933514 0.002596051101012714
v 0.004801845301775354 0.013704291040933514 0.002596051101012714
v 0.004645194274284781 0.013660120659196862 0.0038284291655289737
v 0.004801459063658864 0.013670730286470811 0.003835596266775765
v 0.004801845301775354 0.013704291040933514 0.002596051101012714
v 0.004801459063658864 0.013670730286470811 0.003835596266775765
v 0.004965414283085723 0.013712800677262993 0.002610005025854567
v 0.004965414283085723 0.013712800677262993 0.002610005025854567
v 0.004801459063658864 0.013670730286470811 0.003835596266775765
v 0.004964996096878116 0.01367878025175795 0.003847048226929689
v 0.004965414283085723 0.013712800677262993 0.002610005025854567
v 0.004964996096878116 0.01367878025175795 0.003847048226929689
v 0.005136527305434346 0.013718710597282469 0.002627902155763473
v 0.005136527305434346 0.013718710597282469 0.002627902155763473
v 0.004964996096878116 0.01367878025175795 0.003847048226929689
v 0.0051361634786653565 0.013684281045476254 0.0038628281997556135
v 0.005136527305434346 0.013718710597282469 0.002627902155763473
v 0.0051361634786653565 0.013684281045476254 0.0038628281997556135
v 0.005315447106107873 0.013722020800991941 0.0026497691936215595
v 0.005315447106107873 0.013722020800991941 0.0026497691936215595
v 0.0051361634786653565 0.013684281045476254 0.0038628281997556135
v 0.005315222038958511 0.013687220269859024 0.003882974093809416
v 0.005315447106107873 0.013722020800991941 0.0026497691936215595
v 0.005315222038958511 0.013687220269859024 0.003882974093809416
v 0.0055023362865849745 0.013703080828168512 0.0034199511245056047
v 0.0055023362865849745 0.013703080828168512 0.0034199511245056047
v 0.005315222038958511 0.013687220269859024 0.003882974093809416
v 0.0055023362865849745 0.013687590295511365 0.003907517141926442
v 0.010163160806820892 0.012574450136438875 0.004724801287953606
v 0.010637580423165649 0.012436740512283273 0.004840203038277424
v 0.010637980966397564 0.012438090915179445 0.004680336220839187
v 0.010637190370351712 0.012435410136548697 0.004995421170039538
v 0.010637580423165649 0.012436740512283273 0.004840203038277424
v 0.010340470805171864 0.012519670127428273 0.004995421170039538
v 0.010340470805171864 0.012519670127428273 0.004995421170039538
v 0.010637580423165649 0.012436740512283273 0.004840203038277424
v 0.010163160806820892 0.012574450136438875 0.004724801287953606
v 0.010340470805171864 0.012519670127428273 0.004995421170039538
v 0.010163160806820892 0.012574450136438875 0.004724801287953606
v 0.010156190400911203 0.01257321035976866 0.004995421170039538
v 0.010156190400911203 0.01257321035976866 0.004995421170039538
v 0.010163160806820892 0.012574450136438875 0.004724801287953606
v 0.009872891895023606 0.012657500868227811 0.004995421170039538
v 0.009872891895023606 0.012657500868227811 0.004995421170039538
v 0.010163160806820892 0.012574450136438875 0.004724801287953606
v 0.009692280276032417 0.012718540795748634 0.004601292351880948
v 0.009872891895023606 0.012657500868227811 0.004995421170039538
v 0.009692280276032417 0.012718540795748634 0.004601292351880948
v 0.009683091623557405 0.01271543086365512 0.004995421170039538
v 0.008985866019762256 0.012939050335336044 0.004995421170039538
v 0.008584627559237168 0.01309170022204209 0.004266486370554934
v 0.00852814238046784 0.013094480182806456 0.004995421170039538
v 0.00852814238046784 0.013094480182806456 0.004995421170039538
v 0.008584627559237168 0.01309170022204209 0.004266486370554934
v 0.008292877591156156 0.013196270615802863 0.004170164306348534
v 0.00852814238046784 0.013094480182806456 0.004995421170039538
v 0.008292877591156156 0.013196270615802863 0.004170164306348534
v 0.008060441400001284 0.013254960689696449 0.004995421170039538
v 0.008060441400001284 0.013254960689696449 0.004995421170039538
v 0.008292877591156156 0.013196270615802863 0.004170164306348534
v 0.008026519202955495 0.013290870344112027 0.00408335800492321
v 0.008060441400001284 0.013254960689696449 0.004995421170039538
v 0.008026519202955495 0.013290870344112027 0.00408335800492321
v 0.00802939357748167 0.01326538053577242 0.004995421170039538
v 0.00802939357748167 0.01326538053577242 0.004995421170039538
v 0.008026519202955495 0.013290870344112027 0.00408335800492321
v 0.007777212512342091 0.013375460306320752 0.00400721998174508
v 0.00802939357748167 0.01326538053577242 0.004995421170039538
v 0.007777212512342091 0.013375460306320752 0.00400721998174508
v 0.007770489584929263 0.01334930101857923 0.004995421170039538
v 0.007770489584929263 0.01334930101857923 0.004995421170039538
v 0.007777212512342091 0.013375460306320752 0.00400721998174508
v 0.007536665320740932 0.013450000448105848 0.003942914196372604
v 0.007770489584929263 0.01334930101857923 0.004995421170039538
v 0.007536665320740932 0.013450000448105848 0.003942914196372604
v 0.007546782375207062 0.013415470760491655 0.004995421170039538
v 0.007546782375207062 0.013415470760491655 0.004995421170039538
v 0.007536665320740932 0.013450000448105848 0.003942914196372604
v 0.00741714655819764 0.013483490630665784 0.0039155561399584204
v 0.007546782375207062 0.013415470760491655 0.004995421170039538
v 0.00741714655819764 0.013483490630665784 0.0039155561399584204
v 0.007341613164564831 0.013468960448090872 0.004995421170039538
v 0.00741714655819764 0.013483490630665784 0.0039155561399584204
v 0.007296829570213603 0.013514450715144122 0.003891572183435943
v 0.007341613164564831 0.013468960448090872 0.004995421170039538
v 0.007341613164564831 0.013468960448090872 0.004995421170039538
v 0.007296829570213603 0.013514450715144122 0.003891572183435943
v 0.007174780232751532 0.013542890238284477 0.0038710982254017146
v 0.007341613164564831 0.013468960448090872 0.004995421170039538
v 0.007174780232751532 0.013542890238284477 0.0038710982254017146
v 0.007145802360433995 0.0135125910501388 0.004995421170039538
v 0.007145802360433995 0.0135125910501388 0.004995421170039538
v 0.007174780232751532 0.013542890238284477 0.0038710982254017146
v 0.007050101138237064 0.013568791080273979 0.0038542601508714802
v 0.007145802360433995 0.0135125910501388 0.004995421170039538
v 0.007050101138237064 0.013568791080273979 0.0038542601508714802
v 0.007045583105948494 0.013532020257909783 0.004995421170039538
v 0.007045583105948494 0.013532020257909783 0.004995421170039538
v 0.007050101138237064 0.013568791080273979 0.0038542601508714802
v 0.0069219435164882825 0.013592140843345923 0.0038411693013269688
v 0.007045583105948494 0.013532020257909783 0.004995421170039538
v 0.0069219435164882825 0.013592140843345923 0.0038411693013269688
v 0.0069536031211109295 0.013548170733225229 0.004995421170039538
v 0.0069536031211109295 0.013548170733225229 0.004995421170039538
v 0.0069219435164882825 0.013592140843345923 0.0038411693013269688
v 0.006789509142064443 0.01361296050833627 0.003831938210342861
v 0.0069536031211109295 0.013548170733225229 0.004995421170039538
v 0.006789509142064443 0.01361296050833627 0.003831938210342861
v 0.0067611163489678106 0.013577000309179521 0.004995421170039538
v 0.0067611163489678106 0.013577000309179521 0.004995421170039538
v 0.006789509142064443 0.01361296050833627 0.003831938210342861
v 0.006652059394172405 0.013631231001757782 0.0038266782194008864
v 0.0067611163489678106 0.013577000309179521 0.004995421170039538
v 0.006652059394172405 0.013631231001757782 0.0038266782194008864
v 0.0065655372877068685 0.0136000105641787 0.004995421170039538
v 0.006652059394172405 0.013631231001757782 0.0038266782194008864
v 0.00650891716401536 0.013646950416261738 0.003825486126448757
v 0.0065655372877068685 0.0136000105641787 0.004995421170039538
v 0.0065655372877068685 0.0136000105641787 0.004995421170039538
v 0.00650891716401536 0.013646950416261738 0.003825486126448757
v 0.006359478298885168 0.013660120659196862 0.0038284291655289737
v 0.0065655372877068685 0.0136000105641787 0.004995421170039538
v 0.006359478298885168 0.013660120659196862 0.0038284291655289737
v 0.006364755455965654 0.013617911031947871 0.004995421170039538
v 0.006364755455965654 0.013617911031947871 0.004995421170039538
v 0.006359478298885168 0.013660120659196862 0.0038284291655289737
v 0.006203213509511085 0.013670730286470811 0.003835596266775765
v 0.006364755455965654 0.013617911031947871 0.004995421170039538
v 0.006203213509511085 0.013670730286470811 0.003835596266775765
v 0.006157125288633047 0.013631220511339803 0.004995421170039538
v 0.006157125288633047 0.013631220511339803 0.004995421170039538
v 0.006203213509511085 0.013670730286470811 0.003835596266775765
v 0.006039675522617471 0.01367878025175795 0.003847048226929689
v 0.006157125288633047 0.013631220511339803 0.004995421170039538
v 0.006039675522617471 0.01367878025175795 0.003847048226929689
v 0.005941322132020643 0.013640340499260772 0.004995421170039538
v 0.006039675522617471 0.01367878025175795 0.003847048226929689
v 0.005868509094504593 0.013684281045476254 0.0038628281997556135
v 0.005941322132020643 0.013640340499260772 0.004995421170039538
v 0.005941322132020643 0.013640340499260772 0.004995421170039538
v 0.005868509094504593 0.013684281045476254 0.0038628281997556135
v 0.005689449103699895 0.013687220269859024 0.003882974093809416
v 0.005941322132020643 0.013640340499260772 0.004995421170039538
v 0.005689449103699895 0.013687220269859024 0.003882974093809416
v 0.005722530159958661 0.013645450286490779 0.004995421170039538
v 0.0055023362865849745 0.013745090183801545 0.0009298250520798149
v 0.00586700133533874 0.013740131077120687 0.000776521958040649
v 0.0055023362865849745 0.0137427803844975 0.00023922320846503885
v 0.0055023362865849745 0.0137427803844975 0.00023922320846503885
v 0.00586700133533874 0.013740131077120687 0.000776521958040649
v 0.005704034122550605 0.013742610630461116 0.0004136488336102008
v 0.005704034122550605 0.013742610630461116 0.0004136488336102008
v 0.00586700133533874 0.013740131077120687 0.000776521958040649
v 0.005902065080595487 0.013738691028834515 0.0005849004069621855
v 0.005902065080595487 0.013738691028834515 0.0005849004069621855
v 0.00586700133533874 0.013740131077120687 0.000776521958040649
v 0.006037665177063001 0.013733680423738126 0.0007563606263831166
v 0.005902065080595487 0.013738691028834515 0.0005849004069621855
v 0.006037665177063001 0.013733680423738126 0.0007563606263831166
v 0.006096504500994193 0.01373076027284259 0.0007530376076744089
v 0.006762507283024355 0.013664780312128144 0.0013289750253574206
v 0.006659622508697893 0.013679580384547418 0.0012400000684335832
v 0.006650985080003946 0.013680170708977313 0.0013304200804339916
v 0.006650985080003946 0.013680170708977313 0.0013304200804339916
v 0.006659622508697893 0.013679580384547418 0.0012400000684335832
v 0.006475091288080104 0.013701580698397553 0.0010804310358147884
v 0.006650985080003946 0.013680170708977313 0.0013304200804339916
v 0.006475091288080104 0.013701580698397553 0.0010804310358147884
v 0.006507569145305092 0.013696910555048292 0.0013363580146378423
v 0.006507569145305092 0.013696910555048292 0.0013363580146378423
v 0.006475091288080104 0.013701580698397553 0.0010804310358147884
v 0.006287460148949597 0.01371851032566651 0.0009181723434727521
v 0.006651786166467777 0.0136737810907539 0.001953460070888008
v 0.0067896641141482195 0.013654650383058131 0.0019526260826586983
v 0.0068413613707846155 0.013652120284976532 0.0013971630998470957
v 0.0068413613707846155 0.013652120284976532 0.0013971630998470957
v 0.0067896641141482195 0.013654650383058131 0.0019526260826586983
v 0.0069226382682607834 0.013632910422308742 0.001955114099859087
v 0.0068413613707846155 0.013652120284976532 0.0013971630998470957
v 0.0069226382682607834 0.013632910422308742 0.001955114099859087
v 0.006968890521129034 0.013629120520395333 0.0015074461222437663
v 0.0069226382682607834 0.013632910422308742 0.001955114099859087
v 0.007051447249598608 0.013608580281992966 0.0019608291126808897
v 0.006968890521129034 0.013629120520395333 0.0015074461222437663
v 0.006968890521129034 0.013629120520395333 0.0015074461222437663
v 0.007051447249598608 0.013608580281992966 0.0019608291126808897
v 0.007176886422579354 0.013581650425367187 0.001969650123689465
v 0.006968890521129034 0.013629120520395333 0.0015074461222437663
v 0.007176886422579354 0.013581650425367187 0.001969650123689465
v 0.007145434242130377 0.013591880490245178 0.0016601160361114087
v 0.007145434242130377 0.013591880490245178 0.0016601160361114087
v 0.007176886422579354 0.013581650425367187 0.001969650123689465
v 0.007299802173199033 0.013552120852431404 0.0019814450489857166
v 0.007145434242130377 0.013591880490245178 0.0016601160361114087
v 0.007299802173199033 0.013552120852431404 0.0019814450489857166
v 0.007322241177255551 0.013548170733225229 0.0018130091097796897
v 0.007322241177255551 0.013548170733225229 0.0018130091097796897
v 0.007299802173199033 0.013552120852431404 0.0019814450489857166
v 0.007421091432194826 0.013519990609511257 0.001996085142530815
v 0.007322241177255551 0.013548170733225229 0.0018130091097796897
v 0.007421091432194826 0.013519990609511257 0.001996085142530815
v 0.007505415319256636 0.01349637095659495 0.001971416090188749
v 0.007505415319256636 0.01349637095659495 0.001971416090188749
v 0.007421091432194826 0.013519990609511257 0.001996085142530815
v 0.0075416845089065765 0.013485270187024723 0.0020134371283327124
v 0.007505415319256636 0.01349637095659495 0.001971416090188749
v 0.0075416845089065765 0.013485270187024723 0.0020134371283327124
v 0.007705399402394286 0.013433130902321677 0.0021443520610797684
v 0.008303911603521064 0.013216590555427676 0.0028336051856296673
v 0.007943763156544326 0.013350810685093806 0.00235047899919974
v 0.008035087013421038 0.013313560164525673 0.002765134227482452
v 0.008035087013421038 0.013313560164525673 0.002765134227482452
v 0.007943763156544326 0.013350810685093806 0.00235047899919974
v 0.007784293544477738 0.013406591098509835 0.0022125772096602547
v 0.008035087013421038 0.013313560164525673 0.002765134227482452
v 0.007784293544477738 0.013406591098509835 0.0022125772096602547
v 0.007783588302287259 0.01340030066242004 0.002705462107414902
v 0.007783588302287259 0.01340030066242004 0.002705462107414902
v 0.007784293544477738 0.013406591098509835 0.0022125772096602547
v 0.007541135192474235 0.013476760550695244 0.0026558121512144928
v 0.008582991054032485 0.013115010884465206 0.0029032601304969374
v 0.00840112726060438 0.013182531029273803 0.002745993029368704
v 0.008303911603521064 0.013216590555427676 0.0028336051856296673
v 0.008303911603521064 0.013216590555427676 0.0028336051856296673
v 0.00840112726060438 0.013182531029273803 0.002745993029368704
v 0.008315071500901716 0.013214580209873206 0.002671570189530098
v 0.008303911603521064 0.013216590555427676 0.0028336051856296673
v 0.008315071500901716 0.013214580209873206 0.002671570189530098
v 0.007943763156544326 0.013350810685093806 0.00235047899919974
v 0.008919792598960363 0.012985620161766742 0.0036815401872233866
v 0.008584627559237168 0.01309170022204209 0.004266486370554934
v 0.008909964030988649 0.012977190634083646 0.004371166436867302
v 0.008909964030988649 0.012977190634083646 0.004371166436867302
v 0.008584627559237168 0.01309170022204209 0.004266486370554934
v 0.008985866019762256 0.012939050335336044 0.004995421170039538
v 0.008909964030988649 0.012977190634083646 0.004371166436867302
v 0.008985866019762256 0.012939050335336044 0.004995421170039538
v 0.009266054593556339 0.012847100868078054 0.004995421170039538
v 0.009592279889812927 0.012760700831930816 0.003776059091630396
v 0.00920014615841902 0.01289326061453322 0.003436953231026052
v 0.009288401091199772 0.012859520569290517 0.003781423271496387
v 0.009288401091199772 0.012859520569290517 0.003781423271496387
v 0.00920014615841902 0.01289326061453322 0.003436953231026052
v 0.008806383551215324 0.013033110283956484 0.0030964390318080626
v 0.010637980966397564 0.012438090915179445 0.004680336220839187
v 0.010410340803607698 0.01250487100868336 0.004483484004305371
v 0.010163160806820892 0.012574450136438875 0.004724801287953606
v 0.010163160806820892 0.012574450136438875 0.004724801287953606
v 0.010410340803607698 0.01250487100868336 0.004483484004305371
v 0.010174640185112716 0.012575910211886643 0.0042796580440016
v 0.010163160806820892 0.012574450136438875 0.004724801287953606
v 0.010174640185112716 0.012575910211886643 0.0042796580440016
v 0.009692280276032417 0.012718540795748634 0.004601292351880948
v 0.009692280276032417 0.012718540795748634 0.004601292351880948
v 0.010174640185112716 0.012575910211886643 0.0042796580440016
v 0.009993949411149505 0.012631780270692672 0.004123405175557038
v 0.009692280276032417 0.012718540795748634 0.004601292351880948
v 0.009993949411149505 0.012631780270692672 0.004123405175557038
v 0.009705905421638072 0.012723410257039491 0.003886513179365697
v 0.009705905421638072 0.012723410257039491 0.003886513179365697
v 0.009993949411149505 0.012631780270692672 0.004123405175557038
v 0.009592279889812927 0.012760700831930816 0.003776059091630396
v 0.006507569145305092 0.013696910555048292 0.0013363580146378423
v 0.006508331131120093 0.013690320665208922 0.00195772204161046
v 0.006650985080003946 0.013680170708977313 0.0013304200804339916
v 0.006650985080003946 0.013680170708977313 0.0013304200804339916
v 0.006508331131120093 0.013690320665208922 0.00195772204161046
v 0.006651786166467777 0.0136737810907539 0.001953460070888008
v 0.006650985080003946 0.013680170708977313 0.0013304200804339916
v 0.006651786166467777 0.0136737810907539 0.001953460070888008
v 0.006762507283024355 0.013664780312128144 0.0013289750253574206
v 0.006762507283024355 0.013664780312128144 0.0013289750253574206
v 0.006651786166467777 0.0136737810907539 0.001953460070888008
v 0.0068413613707846155 0.013652120284976532 0.0013971630998470957
v 0.006358694378559848 0.013704240496192344 0.0019655080775179967
v 0.006357996288927081 0.013711030657647671 0.0013455820722735323
v 0.00620234852686502 0.013715560610865762 0.0019768920883736496
v 0.00620234852686502 0.013715560610865762 0.0019768920883736496
v 0.006357996288927081 0.013711030657647671 0.0013455820722735323
v 0.006201739128947892 0.013722531016775452 0.0013581660438947984
v 0.00620234852686502 0.013715560610865762 0.0019768920883736496
v 0.006201739128947892 0.013722531016775452 0.0013581660438947984
v 0.006038848210108694 0.013724281009229178 0.001991935109336568
v 0.006038848210108694 0.013724281009229178 0.001991935109336568
v 0.006201739128947892 0.013722531016775452 0.0013581660438947984
v 0.00603835325311497 0.013731430705918868 0.001374170010986428
v 0.006038848210108694 0.013724281009229178 0.001991935109336568
v 0.00603835325311497 0.013731430705918868 0.001374170010986428
v 0.005867838184591134 0.01373039024719025 0.0020106881619851025
v 0.005867838184591134 0.01373039024719025 0.0020106881619851025
v 0.00603835325311497 0.013731430705918868 0.001374170010986428
v 0.005867482464054219 0.013737710651590684 0.0013936531013588466
v 0.005867838184591134 0.01373039024719025 0.0020106881619851025
v 0.005867482464054219 0.013737710651590684 0.0013936531013588466
v 0.00568905428251415 0.0137338902320977 0.002033204175246328
v 0.00568905428251415 0.0137338902320977 0.002033204175246328
v 0.005867482464054219 0.013737710651590684 0.0013936531013588466
v 0.005688863070804628 0.013741380390534519 0.0014166531043586367
v 0.0055023362865849745 0.013745090183801545 0.0009298250520798149
v 0.005688863070804628 0.013741380390534519 0.0014166531043586367
v 0.00586700133533874 0.013740131077120687 0.000776521958040649
v 0.00586700133533874 0.013740131077120687 0.000776521958040649
v 0.005688863070804628 0.013741380390534519 0.0014166531043586367
v 0.005867482464054219 0.013737710651590684 0.0013936531013588466
v 0.00586700133533874 0.013740131077120687 0.000776521958040649
v 0.005867482464054219 0.013737710651590684 0.0013936531013588466
v 0.006037665177063001 0.013733680423738126 0.0007563606263831166
v 0.006037665177063001 0.013733680423738126 0.0007563606263831166
v 0.005867482464054219 0.013737710651590684 0.0013936531013588466
v 0.00603835325311497 0.013731430705918868 0.001374170010986428
v 0.006037665177063001 0.013733680423738126 0.0007563606263831166
v 0.00603835325311497 0.013731430705918868 0.001374170010986428
v 0.006096504500994193 0.01373076027284259 0.0007530376076744089
v 0.006096504500994193 0.01373076027284259 0.0007530376076744089
v 0.00603835325311497 0.013731430705918868 0.001374170010986428
v 0.006201739128947892 0.013722531016775452 0.0013581660438947984
v 0.006096504500994193 0.01373076027284259 0.0007530376076744089
v 0.006201739128947892 0.013722531016775452 0.0013581660438947984
v 0.006287460148949597 0.01371851032566651 0.0009181723434727521
v 0.006287460148949597 0.01371851032566651 0.0009181723434727521
v 0.006201739128947892 0.013722531016775452 0.0013581660438947984
v 0.006357996288927081 0.013711030657647671 0.0013455820722735323
v 0.006287460148949597 0.01371851032566651 0.0009181723434727521
v 0.006357996288927081 0.013711030657647671 0.0013455820722735323
v 0.006507569145305092 0.013696910555048292 0.0013363580146378423
v 0.006507569145305092 0.013696910555048292 0.0013363580146378423
v 0.006357996288927081 0.013711030657647671 0.0013455820722735323
v 0.006358694378559848 0.013704240496192344 0.0019655080775179967
v 0.006507569145305092 0.013696910555048292 0.0013363580146378423
v 0.006358694378559848 0.013704240496192344 0.0019655080775179967
v 0.006508331131120093 0.013690320665208922 0.00195772204161046
v 0.007784293544477738 0.013406591098509835 0.0022125772096602547
v 0.007705399402394286 0.013433130902321677 0.0021443520610797684
v 0.007541135192474235 0.013476760550695244 0.0026558121512144928
v 0.007541135192474235 0.013476760550695244 0.0026558121512144928
v 0.007705399402394286 0.013433130902321677 0.0021443520610797684
v 0.0075416845089065765 0.013485270187024723 0.0020134371283327124
v 0.007541135192474235 0.013476760550695244 0.0026558121512144928
v 0.0075416845089065765 0.013485270187024723 0.0020134371283327124
v 0.007420775289143922 0.01351114051143465 0.002635114079705264
v 0.007420775289143922 0.01351114051143465 0.002635114079705264
v 0.0075416845089065765 0.013485270187024723 0.0020134371283327124
v 0.007421091432194826 0.013519990609511257 0.001996085142530815
v 0.007420775289143922 0.01351114051143465 0.002635114079705264
v 0.007421091432194826 0.013519990609511257 0.001996085142530815
v 0.007299693454321798 0.013542940783025648 0.002617359047276252
v 0.007299693454321798 0.013542940783025648 0.002617359047276252
v 0.007421091432194826 0.013519990609511257 0.001996085142530815
v 0.007299802173199033 0.013552120852431404 0.0019814450489857166
v 0.007299693454321798 0.013542940783025648 0.002617359047276252
v 0.007299802173199033 0.013552120852431404 0.0019814450489857166
v 0.007176955563970577 0.013572160411793877 0.0026026741310361534
v 0.007176955563970577 0.013572160411793877 0.0026026741310361534
v 0.007299802173199033 0.013552120852431404 0.0019814450489857166
v 0.007176886422579354 0.013581650425367187 0.001969650123689465
v 0.007176955563970577 0.013572160411793877 0.0026026741310361534
v 0.007176886422579354 0.013581650425367187 0.001969650123689465
v 0.007051666117864619 0.013598800351413698 0.00259120023637191
v 0.007051666117864619 0.013598800351413698 0.00259120023637191
v 0.007176886422579354 0.013581650425367187 0.001969650123689465
v 0.007051447249598608 0.013608580281992966 0.0019608291126808897
v 0.007051666117864619 0.013598800351413698 0.00259120023637191
v 0.007051447249598608 0.013608580281992966 0.0019608291126808897
v 0.006922978253170731 0.013622851065141495 0.0025830570494159155
v 0.006922978253170731 0.013622851065141495 0.0025830570494159155
v 0.007051447249598608 0.013608580281992966 0.0019608291126808897
v 0.0069226382682607834 0.013632910422308742 0.001955114099859087
v 0.006922978253170731 0.013622851065141495 0.0025830570494159155
v 0.0069226382682607834 0.013632910422308742 0.001955114099859087
v 0.006790095174959709 0.01364432018237216 0.0025783551963941276
v 0.006790095174959709 0.01364432018237216 0.0025783551963941276
v 0.0069226382682607834 0.013632910422308742 0.001955114099859087
v 0.0067896641141482195 0.013654650383058131 0.0019526260826586983
v 0.006790095174959709 0.01364432018237216 0.0025783551963941276
v 0.0067896641141482195 0.013654650383058131 0.0019526260826586983
v 0.006652277308764054 0.013663201027385163 0.0025772150786947112
v 0.006652277308764054 0.013663201027385163 0.0025772150786947112
v 0.0067896641141482195 0.013654650383058131 0.0019526260826586983
v 0.006651786166467777 0.0136737810907539 0.001953460070888008
v 0.006652277308764054 0.013663201027385163 0.0025772150786947112
v 0.006651786166467777 0.0136737810907539 0.001953460070888008
v 0.006508850406810041 0.013679490739157418 0.002579726103289076
v 0.006508850406810041 0.013679490739157418 0.002579726103289076
v 0.006651786166467777 0.0136737810907539 0.001953460070888008
v 0.006508331131120093 0.013690320665208922 0.00195772204161046
v 0.006508850406810041 0.013679490739157418 0.002579726103289076
v 0.006508331131120093 0.013690320665208922 0.00195772204161046
v 0.006359209362715168 0.013693190271363287 0.002585977200311451
v 0.006359209362715168 0.013693190271363287 0.002585977200311451
v 0.006508331131120093 0.013690320665208922 0.00195772204161046
v 0.006358694378559848 0.013704240496192344 0.0019655080775179967
v 0.006359209362715168 0.013693190271363287 0.002585977200311451
v 0.006358694378559848 0.013704240496192344 0.0019655080775179967
v 0.006202827271394595 0.013704291040933514 0.002596051101012714
v 0.006202827271394595 0.013704291040933514 0.002596051101012714
v 0.006358694378559848 0.013704240496192344 0.0019655080775179967
v 0.00620234852686502 0.013715560610865762 0.0019768920883736496
v 0.006202827271394595 0.013704291040933514 0.002596051101012714
v 0.00620234852686502 0.013715560610865762 0.0019768920883736496
v 0.006039258290084226 0.013712800677262993 0.002610005025854567
v 0.006039258290084226 0.013712800677262993 0.002610005025854567
v 0.00620234852686502 0.013715560610865762 0.0019768920883736496
v 0.006038848210108694 0.013724281009229178 0.001991935109336568
v 0.006039258290084226 0.013712800677262993 0.002610005025854567
v 0.006038848210108694 0.013724281009229178 0.001991935109336568
v 0.005868144314061241 0.013718710597282469 0.002627902155763473
v 0.005868144314061241 0.013718710597282469 0.002627902155763473
v 0.006038848210108694 0.013724281009229178 0.001991935109336568
v 0.005867838184591134 0.01373039024719025 0.0020106881619851025
v 0.005868144314061241 0.013718710597282469 0.002627902155763473
v 0.005867838184591134 0.01373039024719025 0.0020106881619851025
v 0.005689224036550533 0.013722020800991941 0.0026497691936215595
v 0.005689224036550533 0.013722020800991941 0.0026497691936215595
v 0.005867838184591134 0.01373039024719025 0.0020106881619851025
v 0.00568905428251415 0.0137338902320977 0.002033204175246328
v 0.009592279889812927 0.012760700831930816 0.003776059091630396
v 0.009288401091199772 0.012859520569290517 0.003781423271496387
v 0.009705905421638072 0.012723410257039491 0.003886513179365697
v 0.009705905421638072 0.012723410257039491 0.003886513179365697
v 0.009288401091199772 0.012859520569290517 0.003781423271496387
v 0.00927674337580231 0.012852800979737955 0.004483111117629945
v 0.009705905421638072 0.012723410257039491 0.003886513179365697
v 0.00927674337580231 0.012852800979737955 0.004483111117629945
v 0.009692280276032417 0.012718540795748634 0.004601292351880948
v 0.009692280276032417 0.012718540795748634 0.004601292351880948
v 0.00927674337580231 0.012852800979737955 0.004483111117629945
v 0.009425337285448032 0.012796080243401287 0.004995421170039538
v 0.009692280276032417 0.012718540795748634 0.004601292351880948
v 0.009425337285448032 0.012796080243401287 0.004995421170039538
v 0.009683091623557405 0.01271543086365512 0.004995421170039538
v 0.0055023362865849745 0.0136470410153261 0.004995421170039538
v 0.005722530159958661 0.013645450286490779 0.004995421170039538
v 0.0055023362865849745 0.013687590295511365 0.003907517141926442
v 0.0055023362865849745 0.013687590295511365 0.003907517141926442
v 0.005722530159958661 0.013645450286490779 0.004995421170039538
v 0.005689449103699895 0.013687220269859024 0.003882974093809416
v 0.0055023362865849745 0.013687590295511365 0.003907517141926442
v 0.005689449103699895 0.013687220269859024 0.003882974093809416
v 0.0055023362865849745 0.013703080828168512 0.0034199511245056047
v 0.0055023362865849745 0.013703080828168512 0.0034199511245056047
v 0.005689449103699895 0.013687220269859024 0.003882974093809416
v 0.0055023362865849745 0.013722730334717048 0.0026756302197064596
v 0.0055023362865849745 0.013745090183801545 0.0009298250520798149
v 0.0055023362865849745 0.013742440876424733 0.0014431920737054127
v 0.005688863070804628 0.013741380390534519 0.0014166531043586367
v 0.005688863070804628 0.013741380390534519 0.0014166531043586367
v 0.0055023362865849745 0.013742440876424733 0.0014431920737054127
v 0.0055023362865849745 0.013733920749677275 0.0021118150760443544
v 0.005688863070804628 0.013741380390534519 0.0014166531043586367
v 0.0055023362865849745 0.013733920749677275 0.0021118150760443544
v 0.00568905428251415 0.0137338902320977 0.002033204175246328
v 0.00568905428251415 0.0137338902320977 0.002033204175246328
v 0.0055023362865849745 0.013733920749677275 0.0021118150760443544
v 0.0055023362865849745 0.013722730334717048 0.0026756302197064596
v 0.00568905428251415 0.0137338902320977 0.002033204175246328
v 0.0055023362865849745 0.013722730334717048 0.0026756302197064596
v 0.005689224036550533 0.013722020800991941 0.0026497691936215595
v 0.005689224036550533 0.013722020800991941 0.0026497691936215595
v 0.0055023362865849745 0.013722730334717048 0.0026756302197064596
v 0.005689449103699895 0.013687220269859024 0.003882974093809416
v 0.005689224036550533 0.013722020800991941 0.0026497691936215595
v 0.005689449103699895 0.013687220269859024 0.003882974093809416
v 0.005868144314061241 0.013718710597282469 0.002627902155763473
v 0.005868144314061241 0.013718710597282469 0.002627902155763473
v 0.005689449103699895 0.013687220269859024 0.003882974093809416
v 0.005868509094504593 0.013684281045476254 0.0038628281997556135
v 0.005868144314061241 0.013718710597282469 0.002627902155763473
v 0.005868509094504593 0.013684281045476254 0.0038628281997556135
v 0.006039258290084226 0.013712800677262993 0.002610005025854567
v 0.006039258290084226 0.013712800677262993 0.002610005025854567
v 0.005868509094504593 0.013684281045476254 0.0038628281997556135
v 0.006039675522617471 0.01367878025175795 0.003847048226929689
v 0.006039258290084226 0.013712800677262993 0.002610005025854567
v 0.006039675522617471 0.01367878025175795 0.003847048226929689
v 0.006202827271394595 0.013704291040933514 0.002596051101012714
v 0.006202827271394595 0.013704291040933514 0.002596051101012714
v 0.006039675522617471 0.01367878025175795 0.003847048226929689
v 0.006203213509511085 0.013670730286470811 0.003835596266775765
v 0.006202827271394595 0.013704291040933514 0.002596051101012714
v 0.006203213509511085 0.013670730286470811 0.003835596266775765
v 0.006359209362715168 0.013693190271363287 0.002585977200311451
v 0.006359209362715168 0.013693190271363287 0.002585977200311451
v 0.006203213509511085 0.013670730286470811 0.003835596266775765
v 0.006359478298885168 0.013660120659196862 0.0038284291655289737
v 0.006359209362715168 0.013693190271363287 0.002585977200311451
v 0.006359478298885168 0.013660120659196862 0.0038284291655289737
v 0.006508850406810041 0.013679490739157418 0.002579726103289076
v 0.006508850406810041 0.013679490739157418 0.002579726103289076
v 0.006359478298885168 0.013660120659196862 0.0038284291655289737
v 0.00650891716401536 0.013646950416261738 0.003825486126448757
v 0.006508850406810041 0.013679490739157418 0.002579726103289076
v 0.00650891716401536 0.013646950416261738 0.003825486126448757
v 0.006652277308764054 0.013663201027385163 0.0025772150786947112
v 0.006652277308764054 0.013663201027385163 0.0025772150786947112
v 0.00650891716401536 0.013646950416261738 0.003825486126448757
v 0.006652059394172405 0.013631231001757782 0.0038266782194008864
v 0.006652277308764054 0.013663201027385163 0.0025772150786947112
v 0.006652059394172405 0.013631231001757782 0.0038266782194008864
v 0.006790095174959709 0.01364432018237216 0.0025783551963941276
v 0.006790095174959709 0.01364432018237216 0.0025783551963941276
v 0.006652059394172405 0.013631231001757782 0.0038266782194008864
v 0.006789509142064443 0.01361296050833627 0.003831938210342861
v 0.006790095174959709 0.01364432018237216 0.0025783551963941276
v 0.006789509142064443 0.01361296050833627 0.003831938210342861
v 0.006922978253170731 0.013622851065141495 0.0025830570494159155
v 0.006922978253170731 0.013622851065141495 0.0025830570494159155
v 0.006789509142064443 0.01361296050833627 0.003831938210342861
v 0.0069219435164882825 0.013592140843345923 0.0038411693013269688
v 0.006922978253170731 0.013622851065141495 0.0025830570494159155
v 0.0069219435164882825 0.013592140843345923 0.0038411693013269688
v 0.007051666117864619 0.013598800351413698 0.00259120023637191
v 0.007051666117864619 0.013598800351413698 0.00259120023637191
v 0.0069219435164882825 0.013592140843345923 0.0038411693013269688
v 0.007050101138237064 0.013568791080273979 0.0038542601508714802
v 0.007051666117864619 0.013598800351413698 0.00259120023637191
v 0.007050101138237064 0.013568791080273979 0.0038542601508714802
v 0.007176955563970577 0.013572160411793877 0.0026026741310361534
v 0.007176955563970577 0.013572160411793877 0.0026026741310361534
v 0.007050101138237064 0.013568791080273979 0.0038542601508714802
v 0.007174780232751532 0.013542890238284477 0.0038710982254017146
v 0.007176955563970577 0.013572160411793877 0.0026026741310361534
v 0.007174780232751532 0.013542890238284477 0.0038710982254017146
v 0.007299693454321798 0.013542940783025648 0.002617359047276252
v 0.007299693454321798 0.013542940783025648 0.002617359047276252
v 0.007174780232751532 0.013542890238284477 0.0038710982254017146
v 0.007296829570213603 0.013514450715144122 0.003891572183435943
v 0.007299693454321798 0.013542940783025648 0.002617359047276252
v 0.007296829570213603 0.013514450715144122 0.003891572183435943
v 0.007420775289143922 0.01351114051143465 0.002635114079705264
v 0.007420775289143922 0.01351114051143465 0.002635114079705264
v 0.007296829570213603 0.013514450715144122 0.003891572183435943
v 0.00741714655819764 0.013483490630665784 0.0039155561399584204
v 0.007420775289143922 0.01351114051143465 0.002635114079705264
v 0.00741714655819764 0.013483490630665784 0.0039155561399584204
v 0.007541135192474235 0.013476760550695244 0.0026558121512144928
v 0.007541135192474235 0.013476760550695244 0.0026558121512144928
v 0.00741714655819764 0.013483490630665784 0.0039155561399584204
v 0.007536665320740932 0.013450000448105848 0.003942914196372604
v 0.007541135192474235 0.013476760550695244 0.0026558121512144928
v 0.007536665320740932 0.013450000448105848 0.003942914196372604
v 0.007783588302287259 0.01340030066242004 0.002705462107414902
v 0.007783588302287259 0.01340030066242004 0.002705462107414902
v 0.007536665320740932 0.013450000448105848 0.003942914196372604
v 0.007777212512342091 0.013375460306320752 0.00400721998174508
v 0.007783588302287259 0.01340030066242004 0.002705462107414902
v 0.007777212512342091 0.013375460306320752 0.00400721998174508
v 0.008035087013421038 0.013313560164525673 0.002765134227482452
v 0.008035087013421038 0.013313560164525673 0.002765134227482452
v 0.007777212512342091 0.013375460306320752 0.00400721998174508
v 0.008026519202955495 0.013290870344112027 0.00408335800492321
v 0.008035087013421038 0.013313560164525673 0.002765134227482452
v 0.008026519202955495 0.013290870344112027 0.00408335800492321
v 0.008303911603521064 0.013216590555427676 0.0028336051856296673
v 0.008303911603521064 0.013216590555427676 0.0028336051856296673
v 0.008026519202955495 0.013290870344112027 0.00408335800492321
v 0.008292877591156156 0.013196270615802863 0.004170164306348534
v 0.008303911603521064 0.013216590555427676 0.0028336051856296673
v 0.008292877591156156 0.013196270615802863 0.004170164306348534
v 0.008582991054032485 0.013115010884465206 0.0029032601304969374
v 0.008582991054032485 0.013115010884465206 0.0029032601304969374
v 0.008292877591156156 0.013196270615802863 0.004170164306348534
v 0.008584627559237168 0.01309170022204209 0.004266486370554934
v 0.008582991054032485 0.013115010884465206 0.0029032601304969374
v 0.008584627559237168 0.01309170022204209 0.004266486370554934
v 0.008806383551215324 0.013033110283956484 0.0030964390318080626
v 0.008806383551215324 0.013033110283956484 0.0030964390318080626
v 0.008584627559237168 0.01309170022204209 0.004266486370554934
v 0.008919792598960363 0.012985620161766742 0.0036815401872233866
v 0.008806383551215324 0.013033110283956484 0.0030964390318080626
v 0.008919792598960363 0.012985620161766742 0.0036815401872233866
v 0.009288401091199772 0.012859520569290517 0.003781423271496387
v 0.009288401091199772 0.012859520569290517 0.003781423271496387
v 0.008919792598960363 0.012985620161766742 0.0036815401872233866
v 0.008909964030988649 0.012977190634083646 0.004371166436867302
v 0.009288401091199772 0.012859520569290517 0.003781423271496387
v 0.008909964030988649 0.012977190634083646 0.004371166436867302
v 0.00927674337580231 0.012852800979737955 0.004483111117629945
v 0.00927674337580231 0.012852800979737955 0.004483111117629945
v 0.008909964030988649 0.012977190634083646 0.004371166436867302
v 0.009266054593556339 0.012847100868078054 0.004995421170039538
v 0.00927674337580231 0.012852800979737955 0.004483111117629945
v 0.009266054593556339 0.012847100868078054 0.004995421170039538
v 0.009425337285448032 0.012796080243401287 0.004995421170039538
v 0.010690740139435717 0.012419570559075166 0.004725963340163342
v 0.010690900356728483 0.012418460482118143 0.004840039006287211
v 0.010707880528738611 0.0124111801320409 0.004839972249081892
v 0.010707880528738611 0.0124111801320409 0.004839972249081892
v 0.010690900356728483 0.012418460482118143 0.004840039006287211
v 0.010704670460837118 0.012411150568135687 0.004995421170039538
v 0.010756750617729738 0.0123843504112231 0.004995421170039538
v 0.010757100616220483 0.01238561021505491 0.004839733353654285
v 0.010741000685646207 0.012394750230137475 0.004839815369649392
v 0.010826940097076743 0.012334220518400163 0.004995421170039538
v 0.010831780948136749 0.0123300310269292 0.004995421170039538
v 0.010832060374724728 0.012331170667791436 0.004848175279104083
v 0.010974020525510442 0.012119770625707016 0.004995421170039538
v 0.010974570795617145 0.01211844024997244 0.004971407172774667
v 0.010967920824292987 0.012136490444616399 0.004965656039536415
v 0.010990990207102591 0.012059890366210024 0.004985608337694791
v 0.010993340060729828 0.012048330879271818 0.004995421170039538
v 0.010994500682428021 0.012042120551828406 0.004988648174722721
v 0.010994500682428021 0.012042120551828406 0.004988648174722721
v 0.010993340060729828 0.012048330879271818 0.004995421170039538
v 0.010997250125612812 0.01202499065294349 0.004995421170039538
v 0.010994500682428021 0.012042120551828406 0.004988648174722721
v 0.010997250125612812 0.01202499065294349 0.004995421170039538
v 0.01099735026142079 0.012024360274190404 0.004991107224064373
v 0.01099735026142079 0.012024360274190404 0.004991107224064373
v 0.010997250125612812 0.01202499065294349 0.004995421170039538
v 0.011000060603956752 0.012001590345130375 0.004995421170039538
v 0.01099735026142079 0.012024360274190404 0.004991107224064373
v 0.011000060603956752 0.012001590345130375 0.004995421170039538
v 0.01099955038817324 0.012006610486970382 0.004993014095950599
v 0.01099955038817324 0.012006610486970382 0.004993014095950599
v 0.011000060603956752 0.012001590345130375 0.004995421170039538
v 0.011001260326303774 0.011986720654482697 0.004995421170039538
v 0.01099955038817324 0.012006610486970382 0.004993014095950599
v 0.011001260326303774 0.011986720654482697 0.004995421170039538
v 0.011001110599428987 0.01198885020933238 0.004994363068335228
v 0.011001110599428987 0.01198885020933238 0.004994363068335228
v 0.011001260326303774 0.011986720654482697 0.004995421170039538
v 0.01100175051492569 0.01197810039192726 0.004995421170039538
v 0.011001110599428987 0.01198885020933238 0.004994363068335228
v 0.01100175051492569 0.01197810039192726 0.004995421170039538
v 0.011002040431931648 0.011971060367789166 0.004995167015822144
v 0.011002040431931648 0.011971060367789166 0.004995167015822144
v 0.01100175051492569 0.01197810039192726 0.004995421170039538
v 0.011002340839355584 0.011953850360257867 0.004995421170039538
v 0.010986800715631628 0.012077690698171217 0.004981987236143404
v 0.010988290354984609 0.01207160053369738 0.004995421170039538
v 0.010990990207102591 0.012059890366210024 0.004985608337694791
v 0.010990990207102591 0.012059890366210024 0.004985608337694791
v 0.010988290354984609 0.01207160053369738 0.004995421170039538
v 0.01099067072619142 0.012061260796267792 0.004995421170039538
v 0.010990990207102591 0.012059890366210024 0.004985608337694791
v 0.01099067072619142 0.012061260796267792 0.004995421170039538
v 0.010993340060729828 0.012048330879271818 0.004995421170039538
v 0.010974570795617145 0.01211844024997244 0.004971407172774667
v 0.010974020525510442 0.012119770625707016 0.004995421170039538
v 0.010980500742798216 0.012100220301292097 0.004976541278700897
v 0.010980500742798216 0.012100220301292097 0.004976541278700897
v 0.010974020525510442 0.012119770625707016 0.004995421170039538
v 0.010981310412331302 0.012097370722299328 0.004995421170039538
v 0.010980500742798216 0.012100220301292097 0.004976541278700897
v 0.010981310412331302 0.012097370722299328 0.004995421170039538
v 0.010981900736761196 0.012095550157942836 0.004977748153605632
v 0.010981900736761196 0.012095550157942836 0.004977748153605632
v 0.010981310412331302 0.012097370722299328 0.004995421170039538
v 0.010982080981215558 0.01209479103315092 0.004995421170039538
v 0.010981900736761196 0.012095550157942836 0.004977748153605632
v 0.010982080981215558 0.01209479103315092 0.004995421170039538
v 0.010986800715631628 0.012077690698171217 0.004981987236143404
v 0.010986800715631628 0.012077690698171217 0.004981987236143404
v 0.010982080981215558 0.01209479103315092 0.004995421170039538
v 0.010986290499848117 0.012079550363176539 0.004995421170039538
v 0.010986800715631628 0.012077690698171217 0.004981987236143404
v 0.010986290499848117 0.012079550363176539 0.004995421170039538
v 0.010988290354984609 0.01207160053369738 0.004995421170039538
v 0.010962050958596703 0.012150530438569396 0.004995421170039538
v 0.010965700670378942 0.012141760449139172 0.004995421170039538
v 0.010967920824292987 0.012136490444616399 0.004965656039536415
v 0.010967920824292987 0.012136490444616399 0.004965656039536415
v 0.010965700670378942 0.012141760449139172 0.004995421170039538
v 0.010969100519478414 0.012133160213745331 0.004995421170039538
v 0.010967920824292987 0.012136490444616399 0.004965656039536415
v 0.010969100519478414 0.012133160213745331 0.004995421170039538
v 0.010974020525510442 0.012119770625707016 0.004995421170039538
v 0.010967920824292987 0.012136490444616399 0.004965656039536415
v 0.010960550828825744 0.012154360394805996 0.0049592783422425235
v 0.010962050958596703 0.012150530438569396 0.004995421170039538
v 0.010962050958596703 0.012150530438569396 0.004995421170039538
v 0.010960550828825744 0.012154360394805996 0.0049592783422425235
v 0.01095243029163584 0.01217206059095921 0.004952267405172461
v 0.010962050958596703 0.012150530438569396 0.004995421170039538
v 0.01095243029163584 0.01217206059095921 0.004952267405172461
v 0.010956350846936802 0.012163360219757391 0.004995421170039538
v 0.010956350846936802 0.012163360219757391 0.004995421170039538
v 0.01095243029163584 0.01217206059095921 0.004952267405172461
v 0.010946100754897214 0.012184750182016035 0.004946783300755486
v 0.010956350846936802 0.012163360219757391 0.004995421170039538
v 0.010946100754897214 0.012184750182016035 0.004946783300755486
v 0.010945960564766044 0.01218455086407444 0.004995421170039538
v 0.010945960564766044 0.01218455086407444 0.004995421170039538
v 0.010946100754897214 0.012184750182016035 0.004946783300755486
v 0.01093452028712305 0.012205340965159572 0.004995421170039538
v 0.010946100754897214 0.012184750182016035 0.004946783300755486
v 0.010943560166397637 0.012189600569819659 0.0049445931875838345
v 0.01093452028712305 0.012205340965159572 0.004995421170039538
v 0.01093452028712305 0.012205340965159572 0.004995421170039538
v 0.010943560166397637 0.012189600569819659 0.0049445931875838345
v 0.010937180084917841 0.012201250655822227 0.004939072366703934
v 0.01093452028712305 0.012205340965159572 0.004995421170039538
v 0.010937180084917841 0.012201250655822227 0.004939072366703934
v 0.010927580398792935 0.012216900452097779 0.004995421170039538
v 0.010937180084917841 0.012201250655822227 0.004939072366703934
v 0.010933890862044326 0.01220698033138734 0.004936233278129143
v 0.010927580398792935 0.012216900452097779 0.004995421170039538
v 0.010927580398792935 0.012216900452097779 0.004995421170039538
v 0.010933890862044326 0.01220698033138734 0.004936233278129143
v 0.010927660507439318 0.012217400177463311 0.004930839295939349
v 0.010927580398792935 0.012216900452097779 0.004995421170039538
v 0.010927660507439318 0.012217400177463311 0.004930839295939349
v 0.010922010940520588 0.012225710495851194 0.004995421170039538
v 0.010922010940520588 0.012225710495851194 0.004995421170039538
v 0.010927660507439318 0.012217400177463311 0.004930839295939349
v 0.010923410934483568 0.012224190338918639 0.004927166219135248
v 0.010922010940520588 0.012225710495851194 0.004995421170039538
v 0.010923410934483568 0.012224190338918639 0.004927166219135248
v 0.010917460960140901 0.012232610329858118 0.004995421170039538
v 0.010923410934483568 0.012224190338918639 0.004927166219135248
v 0.010921910804712609 0.01222652016538428 0.004925877328235406
v 0.010917460960140901 0.012232610329858118 0.004995421170039538
v 0.010917460960140901 0.012232610329858118 0.004995421170039538
v 0.010921910804712609 0.01222652016538428 0.004925877328235406
v 0.010917550605530901 0.012233170136708438 0.004922099347251518
v 0.010917460960140901 0.012232610329858118 0.004995421170039538
v 0.010917550605530901 0.012233170136708438 0.004922099347251518
v 0.010908400100030358 0.01224565087308005 0.004995421170039538
v 0.010908400100030358 0.01224565087308005 0.004995421170039538
v 0.010917550605530901 0.012233170136708438 0.004922099347251518
v 0.010909480613082168 0.012244900331357389 0.0049151260803187435
v 0.010908400100030358 0.01224565087308005 0.004995421170039538
v 0.010909480613082168 0.012244900331357389 0.0049151260803187435
v 0.010906820815287377 0.012247830972670903 0.004995421170039538
v 0.010906820815287377 0.012247830972670903 0.004995421170039538
v 0.010909480613082168 0.012244900331357389 0.0049151260803187435
v 0.01089619020717747 0.01226280079912656 0.004903629059051229
v 0.010906820815287377 0.012247830972670903 0.004995421170039538
v 0.01089619020717747 0.01226280079912656 0.004903629059051229
v 0.010895700972229916 0.012262550936443795 0.004995421170039538
v 0.010871630231340523 0.01229099045958415 0.004995421170039538
v 0.01087740091490319 0.012284550296619567 0.004995421170039538
v 0.010882020513511281 0.012280230151761051 0.004891373389828979
v 0.010882020513511281 0.012280230151761051 0.004891373389828979
v 0.01087740091490319 0.012284550296619567 0.004995421170039538
v 0.010883930723257773 0.012277001010372324 0.004995421170039538
v 0.010882020513511281 0.012280230151761051 0.004891373389828979
v 0.010883930723257773 0.012277001010372324 0.004995421170039538
v 0.01089619020717747 0.01226280079912656 0.004903629059051229
v 0.01089619020717747 0.01226280079912656 0.004903629059051229
v 0.010883930723257773 0.012277001010372324 0.004995421170039538
v 0.010892530958651614 0.012266550646716778 0.004995421170039538
v 0.01089619020717747 0.01226280079912656 0.004903629059051229
v 0.010892530958651614 0.012266550646716778 0.004995421170039538
v 0.010895700972229916 0.012262550936443795 0.004995421170039538
v 0.010882020513511281 0.012280230151761051 0.004891373389828979
v 0.010866950551247645 0.012297150242286392 0.0048783423833506645
v 0.010871630231340523 0.01229099045958415 0.004995421170039538
v 0.010871630231340523 0.01229099045958415 0.004995421170039538
v 0.010866950551247645 0.012297150242286392 0.0048783423833506645
v 0.010859030285673699 0.012305471051092254 0.0048714950014336345
v 0.010871630231340523 0.01229099045958415 0.004995421170039538
v 0.010859030285673699 0.012305471051092254 0.0048714950014336345
v 0.010861430684042106 0.012301830876053632 0.004995421170039538
v 0.010861430684042106 0.012301830876053632 0.004995421170039538
v 0.010859030285673699 0.012305471051092254 0.0048714950014336345
v 0.010850960293224965 0.012313560117028222 0.004864514105105966
v 0.010861430684042106 0.012301830876053632 0.004995421170039538
v 0.010850960293224965 0.012313560117028222 0.004864514105105966
v 0.010844610729324744 0.012318390477670249 0.004995421170039538
v 0.010844610729324744 0.012318390477670249 0.004995421170039538
v 0.010850960293224965 0.012313560117028222 0.004864514105105966
v 0.010831780948136749 0.0123300310269292 0.004995421170039538
v 0.010831780948136749 0.0123300310269292 0.004995421170039538
v 0.010850960293224965 0.012313560117028222 0.004864514105105966
v 0.010834020175538028 0.012329430212081327 0.004849866143747383
v 0.010831780948136749 0.0123300310269292 0.004995421170039538
v 0.010834020175538028 0.012329430212081327 0.004849866143747383
v 0.010832060374724728 0.012331170667791436 0.004848175279104083
v 0.010817580736890986 0.012342010130586556 0.004995421170039538
v 0.010817900217802157 0.012343220343351557 0.004839346161863434
v 0.01080839017706725 0.012349300971081778 0.004995421170039538
v 0.01080839017706725 0.012349300971081778 0.004995421170039538
v 0.010817900217802157 0.012343220343351557 0.004839346161863434
v 0.010803290880255223 0.012354670157738168 0.004839450112368859
v 0.01080839017706725 0.012349300971081778 0.004995421170039538
v 0.010803290880255223 0.012354670157738168 0.004839450112368859
v 0.010802950418508095 0.01235345040822955 0.004995421170039538
v 0.010802950418508095 0.01235345040822955 0.004995421170039538
v 0.010803290880255223 0.012354670157738168 0.004839450112368859
v 0.01078895047887829 0.012363610854879137 0.004995421170039538
v 0.01078895047887829 0.012363610854879137 0.004995421170039538
v 0.010803290880255223 0.012354670157738168 0.004839450112368859
v 0.010788270509058395 0.012365560165274458 0.004839547387153753
v 0.01078895047887829 0.012363610854879137 0.004995421170039538
v 0.010788270509058395 0.012365560165274458 0.004839547387153753
v 0.010786730324964244 0.012365160575716905 0.004995421170039538
v 0.010786730324964244 0.012365160575716905 0.004995421170039538
v 0.010788270509058395 0.012365560165274458 0.004839547387153753
v 0.01077287057546561 0.012375880829216812 0.004839644185101466
v 0.010786730324964244 0.012365160575716905 0.004995421170039538
v 0.01077287057546561 0.012375880829216812 0.004839644185101466
v 0.010767050300836134 0.012378090492712879 0.004995421170039538
v 0.010756750617729738 0.0123843504112231 0.004995421170039538
v 0.010741000685646207 0.012394750230137475 0.004839815369649392
v 0.010746810469857704 0.012390070550044596 0.004995421170039538
v 0.010746810469857704 0.012390070550044596 0.004995421170039538
v 0.010741000685646207 0.012394750230137475 0.004839815369649392
v 0.010724590810904377 0.012403270356884932 0.004839897385644498
v 0.010746810469857704 0.012390070550044596 0.004995421170039538
v 0.010724590810904377 0.012403270356884932 0.004839897385644498
v 0.01072602036877257 0.012401090257294078 0.004995421170039538
v 0.010673290759639631 0.012423781031382086 0.004995421170039538
v 0.010682760746051345 0.012420230501733465 0.004995421170039538
v 0.010690900356728483 0.012418460482118143 0.004840039006287211
v 0.010690900356728483 0.012418460482118143 0.004840039006287211
v 0.010682760746051345 0.012420230501733465 0.004995421170039538
v 0.010690520794332525 0.012417150133545163 0.004995421170039538
v 0.010690900356728483 0.012418460482118143 0.004840039006287211
v 0.010690520794332525 0.012417150133545163 0.004995421170039538
v 0.010704670460837118 0.012411150568135687 0.004995421170039538
v 0.010637580423165649 0.012436740512283273 0.004840203038277424
v 0.010656240969401098 0.012431110972526138 0.00484015010935035
v 0.010637980966397564 0.012438090915179445 0.004680336220839187
v 0.010637980966397564 0.012438090915179445 0.004680336220839187
v 0.010656240969401098 0.012431110972526138 0.00484015010935035
v 0.01065660050463546 0.012432290667711565 0.004696436151413463
v 0.010673680812453568 0.0124251104534423 0.004840098134097637
v 0.010673990756621121 0.012426160448914536 0.004711479410794972
v 0.010656240969401098 0.012431110972526138 0.00484015010935035
v 0.010656240969401098 0.012431110972526138 0.00484015010935035
v 0.010673990756621121 0.012426160448914536 0.004711479410794972
v 0.010664820223958982 0.012429480189367625 0.004703551992663313
v 0.010656240969401098 0.012431110972526138 0.00484015010935035
v 0.010664820223958982 0.012429480189367625 0.004703551992663313
v 0.01065660050463546 0.012432290667711565 0.004696436151413463
v 0.010690740139435717 0.012419570559075166 0.004725963340163342
v 0.010673990756621121 0.012426160448914536 0.004711479410794972
v 0.010690900356728483 0.012418460482118143 0.004840039006287211
v 0.010690900356728483 0.012418460482118143 0.004840039006287211
v 0.010673990756621121 0.012426160448914536 0.004711479410794972
v 0.010673680812453568 0.0124251104534423 0.004840098134097637
v 0.010690900356728483 0.012418460482118143 0.004840039006287211
v 0.010673680812453568 0.0124251104534423 0.004840098134097637
v 0.010673290759639631 0.012423781031382086 0.004995421170039538
v 0.010673290759639631 0.012423781031382086 0.004995421170039538
v 0.010673680812453568 0.0124251104534423 0.004840098134097637
v 0.010656240969401098 0.012431110972526138 0.00484015010935035
v 0.010673290759639631 0.012423781031382086 0.004995421170039538
v 0.010656240969401098 0.012431110972526138 0.00484015010935035
v 0.010660260706835678 0.012428320521343794 0.004995421170039538
v 0.010660260706835678 0.012428320521343794 0.004995421170039538
v 0.010656240969401098 0.012431110972526138 0.00484015010935035
v 0.010637580423165649 0.012436740512283273 0.004840203038277424
v 0.010660260706835678 0.012428320521343794 0.004995421170039538
v 0.010637580423165649 0.012436740512283273 0.004840203038277424
v 0.010637190370351712 0.012435410136548697 0.004995421170039538
v 0.010724770101684378 0.012403950326704827 0.004755393254128326
v 0.010715750249571387 0.012408390634532918 0.004747592197849593
v 0.010707880528738611 0.0124111801320409 0.004839972249081892
v 0.010707880528738611 0.0124111801320409 0.004839972249081892
v 0.010715750249571387 0.012408390634532918 0.004747592197849593
v 0.010708110364259782 0.012411980264830369 0.0047409832345229885
v 0.010707880528738611 0.0124111801320409 0.004839972249081892
v 0.010708110364259782 0.012411980264830369 0.0047409832345229885
v 0.010690740139435717 0.012419570559075166 0.004725963340163342
v 0.010757100616220483 0.01238561021505491 0.004839733353654285
v 0.010739850554365993 0.012396031014805242 0.004768424260606641
v 0.010741000685646207 0.012394750230137475 0.004839815369649392
v 0.010741000685646207 0.012394750230137475 0.004839815369649392
v 0.010739850554365993 0.012396031014805242 0.004768424260606641
v 0.010724770101684378 0.012403950326704827 0.004755393254128326
v 0.010741000685646207 0.012394750230137475 0.004839815369649392
v 0.010724770101684378 0.012403950326704827 0.004755393254128326
v 0.010724590810904377 0.012403270356884932 0.004839897385644498
v 0.010724590810904377 0.012403270356884932 0.004839897385644498
v 0.010724770101684378 0.012403950326704827 0.004755393254128326
v 0.010707880528738611 0.0124111801320409 0.004839972249081892
v 0.010724590810904377 0.012403270356884932 0.004839897385644498
v 0.010707880528738611 0.0124111801320409 0.004839972249081892
v 0.01072602036877257 0.012401090257294078 0.004995421170039538
v 0.01072602036877257 0.012401090257294078 0.004995421170039538
v 0.010707880528738611 0.0124111801320409 0.004839972249081892
v 0.010704670460837118 0.012411150568135687 0.004995421170039538
v 0.010772940193694014 0.012376220337289578 0.004797041167178273
v 0.010763030563401554 0.01238252031012299 0.00478847335671273
v 0.010757100616220483 0.01238561021505491 0.004839733353654285
v 0.010757100616220483 0.01238561021505491 0.004839733353654285
v 0.010763030563401554 0.01238252031012299 0.00478847335671273
v 0.010757220779190058 0.012386060349353634 0.004783452261198362
v 0.010757100616220483 0.01238561021505491 0.004839733353654285
v 0.010757220779190058 0.012386060349353634 0.004783452261198362
v 0.010739850554365993 0.012396031014805242 0.004768424260606641
v 0.0108066707021931 0.012352220168302952 0.004826210251205332
v 0.010803310907416819 0.012354810347869338 0.004823305359099583
v 0.010803290880255223 0.012354670157738168 0.004839450112368859
v 0.010803290880255223 0.012354670157738168 0.004839450112368859
v 0.010803310907416819 0.012354810347869338 0.004823305359099583
v 0.010785300767096051 0.012367900482158078 0.004807740439842223
v 0.010803290880255223 0.012354670157738168 0.004839450112368859
v 0.010785300767096051 0.012367900482158078 0.004807740439842223
v 0.010788270509058395 0.012365560165274458 0.004839547387153753
v 0.010788270509058395 0.012365560165274458 0.004839547387153753
v 0.010785300767096051 0.012367900482158078 0.004807740439842223
v 0.010772940193694014 0.012376220337289578 0.004797041167178273
v 0.010788270509058395 0.012365560165274458 0.004839547387153753
v 0.010772940193694014 0.012376220337289578 0.004797041167178273
v 0.01077287057546561 0.012375880829216812 0.004839644185101466
v 0.01077287057546561 0.012375880829216812 0.004839644185101466
v 0.010772940193694014 0.012376220337289578 0.004797041167178273
v 0.010757100616220483 0.01238561021505491 0.004839733353654285
v 0.01077287057546561 0.012375880829216812 0.004839644185101466
v 0.010757100616220483 0.01238561021505491 0.004839733353654285
v 0.010767050300836134 0.012378090492712879 0.004995421170039538
v 0.010767050300836134 0.012378090492712879 0.004995421170039538
v 0.010757100616220483 0.01238561021505491 0.004839733353654285
v 0.010756750617729738 0.0123843504112231 0.004995421170039538
v 0.010826940097076743 0.012334220518400163 0.004995421170039538
v 0.010832060374724728 0.012331170667791436 0.004848175279104083
v 0.010817580736890986 0.012342010130586556 0.004995421170039538
v 0.010817580736890986 0.012342010130586556 0.004995421170039538
v 0.010832060374724728 0.012331170667791436 0.004848175279104083
v 0.01082186082742631 0.012339970221126872 0.0048393533144211465
v 0.010817580736890986 0.012342010130586556 0.004995421170039538
v 0.01082186082742631 0.012339970221126872 0.0048393533144211465
v 0.010817900217802157 0.012343220343351557 0.004839346161863434
v 0.010817900217802157 0.012343220343351557 0.004839346161863434
v 0.01082186082742631 0.012339970221126872 0.0048393533144211465
v 0.010817900217802157 0.012343260397674749 0.0048359262856023655
v 0.010817900217802157 0.012343220343351557 0.004839346161863434
v 0.010817900217802157 0.012343260397674749 0.0048359262856023655
v 0.010803290880255223 0.012354670157738168 0.004839450112368859
v 0.010803290880255223 0.012354670157738168 0.004839450112368859
v 0.010817900217802157 0.012343260397674749 0.0048359262856023655
v 0.010816100634281622 0.012344730963540496 0.004834369412206885
v 0.010803290880255223 0.012354670157738168 0.004839450112368859
v 0.010816100634281622 0.012344730963540496 0.004834369412206885
v 0.0108066707021931 0.012352220168302952 0.004826210251205332
usemtl material_01000
f 1 2 3
f 4 5 6
f 7 8 9
f 10 11 12
f 13 14 15
f 16 17 18
f 19 20 21
f 22 23 24
f 25 26 27
f 28 29 30
f 31 32 33
f 34 35 36
f 37 38 39
f 40 41 42
f 43 44 45
f 46 47 48
f 49 50 51
f 52 53 54
f 55 56 57
f 58 59 60
f 61 62 63
f 64 65 66
f 67 68 69
f 70 71 72
f 73 74 75
f 76 77 78
f 79 80 81
f 82 83 84
f 85 86 87
f 88 89 90
f 91 92 93
f 94 95 96
f 97 98 99
f 100 101 102
f 103 104 105
f 106 107 108
f 109 110 111
f 112 113 114
f 115 116 117
f 118 119 120
f 121 122 123
f 124 125 126
f 127 128 129
f 130 131 132
f 133 134 135
f 136 137 138
f 139 140 141
f 142 143 144
f 145 146 147
f 148 149 150
f 151 152 153
f 154 155 156
f 157 158 159
f 160 161 162
f 163 164 165
f 166 167 168
f 169 170 171
f 172 173 174
f 175 176 177
f 178 179 180
f 181 182 183
f 184 185 186
f 187 188 189
f 190 191 192
f 193 194 195
f 196 197 198
f 199 200 201
f 202 203 204
f 205 206 207
f 208 209 210
f 211 212 213
f 214 215 216
f 217 218 219
f 220 221 222
f 223 224 225
f 226 227 228
f 229 230 231
f 232 233 234
f 235 236 237
f 238 239 240
f 241 242 243
f 244 245 246
f 247 248 249
f 250 251 252
f 253 254 255
f 256 257 258
f 259 260 261
f 262 263 264
f 265 266 267
f 268 269 270
f 271 272 273
f 274 275 276
f 277 278 279
f 280 281 282
f 283 284 285
f 286 287 288
f 289 290 291
f 292 293 294
f 295 296 297
f 298 299 300
f 301 302 303
f 304 305 306
f 307 308 309
f 310 311 312
f 313 314 315
f 316 317 318
f 319 320 321
f 322 323 324
f 325 326 327
f 328 329 330
f 331 332 333
f 334 335 336
f 337 338 339
f 340 341 342
f 343 344 345
f 346 347 348
f 349 350 351
f 352 353 354
f 355 356 357
f 358 359 360
f 361 362 363
f 364 365 366
f 367 368 369
f 370 371 372
f 373 374 375
f 376 377 378
f 379 380 381
f 382 383 384
f 385 386 387
f 388 389 390
f 391 392 393
f 394 395 396
f 397 398 399
f 400 401 402
f 403 404 405
f 406 407 408
f 409 410 411
f 412 413 414
f 415 416 417
f 418 419 420
f 421 422 423
f 424 425 426
f 427 428 429
f 430 431 432
f 433 434 435
f 436 437 438
f 439 440 441
f 442 443 444
f 445 446 447
f 448 449 450
f 451 452 453
f 454 455 456
f 457 458 459
f 460 461 462
f 463 464 465
f 466 467 468
f 469 470 471
f 472 473 474
f 475 476 477
f 478 479 480
f 481 482 483
f 484 485 486
f 487 488 489
f 490 491 492
f 493 494 495
f 496 497 498
f 499 500 501
f 502 503 504
f 505 506 507
f 508 509 510
f 511 512 513
f 514 515 516
f 517 518 519
f 520 521 522
f 523 524 525
f 526 527 528
f 529 530 531
f 532 533 534
f 535 536 537
f 538 539 540
f 541 542 543
f 544 545 546
f 547 548 549
f 550 551 552
f 553 554 555
f 556 557 558
f 559 560 561
f 562 563 564
f 565 566 567
f 568 569 570
f 571 572 573
f 574 575 576
f 577 578 579
f 580 581 582
f 583 584 585
f 586 587 588
f 589 590 591
f 592 593 594
f 595 596 597
f 598 599 600
f 601 602 603
f 604 605 606
f 607 608 609
f 610 611 612
f 613 614 615
f 616 617 618
f 619 620 621
f 622 623 624
f 625 626 627
f 628 629 630
f 631 632 633
f 634 635 636
f 637 638 639
f 640 641 642
f 643 644 645
f 646 647 648
f 649 650 651
f 652 653 654
f 655 656 657
f 658 659 660
f 661 662 663
f 664 665 666
f 667 668 669
f 670 671 672
f 673 674 675
f 676 677 678
f 679 680 681
f 682 683 684
f 685 686 687
f 688 689 690
f 691 692 693
f 694 695 696
f 697 698 699
f 700 701 702
f 703 704 705
f 706 707 708
f 709 710 711
f 712 713 714
f 715 716 717
f 718 719 720
f 721 722 723
f 724 725 726
f 727 728 729
f 730 731 732
f 733 734 735
f 736 737 738
f 739 740 741
f 742 743 744
f 745 746 747
f 748 749 750
f 751 752 753
f 754 755 756
f 757 758 759
f 760 761 762
f 763 764 765
f 766 767 768
f 769 770 771
f 772 773 774
f 775 776 777
f 778 779 780
f 781 782 783
f 784 785 786
f 787 788 789
f 790 791 792
f 793 794 795
f 796 797 798
f 799 800 801
f 802 803 804
f 805 806 807
f 808 809 810
f 811 812 813
f 814 815 816
f 817 818 819
f 820 821 822
f 823 824 825
f 826 827 828
f 829 830 831
f 832 833 834
f 835 836 837
f 838 839 840
f 841 842 843
f 844 845 846
f 847 848 849
f 850 851 852
f 853 854 855
f 856 857 858
f 859 860 861
f 862 863 864
f 865 866 867
f 868 869 870
f 871 872 873
f 874 875 876
f 877 878 879
f 880 881 882
f 883 884 885
f 886 887 888
f 889 890 891
f 892 893 894
f 895 896 897
f 898 899 900
f 901 902 903
f 904 905 906
f 907 908 909
f 910 911 912
f 913 914 915
f 916 917 918
f 919 920 921
f 922 923 924
f 925 926 927
f 928 929 930
f 931 932 933
f 934 935 936
f 937 938 939
f 940 941 942
f 943 944 945
f 946 947 948
f 949 950 951
f 952 953 954
f 955 956 957
f 958 959 960
f 961 962 963
f 964 965 966
f 967 968 969
f 970 971 972
f 973 974 975
f 976 977 978
f 979 980 981
f 982 983 984
f 985 986 987
f 988 989 990
f 991 992 993
f 994 995 996
f 997 998 999
f 1000 1001 1002
f 1003 1004 1005
f 1006 1007 1008
f 1009 1010 1011
f 1012 1013 1014
f 1015 1016 1017
f 1018 1019 1020
f 1021 1022 1023
f 1024 1025 1026
f 1027 1028 1029
f 1030 1031 1032
f 1033 1034 1035
f 1036 1037 1038
f 1039 1040 1041
f 1042 1043 1044
f 1045 1046 1047
f 1048 1049 1050
f 1051 1052 1053
f 1054 1055 1056
f 1057 1058 1059
f 1060 1061 1062
f 1063 1064 1065
f 1066 1067 1068
f 1069 1070 1071
f 1072 1073 1074
f 1075 1076 1077
f 1078 1079 1080
f 1081 1082 1083
f 1084 1085 1086
f 1087 1088 1089
f 1090 1091 1092
f 1093 1094 1095
f 1096 1097 1098
f 1099 1100 1101
f 1102 1103 1104
f 1105 1106 1107
f 1108 1109 1110
f 1111 1112 1113
f 1114 1115 1116
f 1117 1118 1119
f 1120 1121 1122
f 1123 1124 1125
f 1126 1127 1128
f 1129 1130 1131
f 1132 1133 1134
f 1135 1136 1137
f 1138 1139 1140
f 1141 1142 1143
f 1144 1145 1146
f 1147 1148 1149
f 1150 1151 1152
f 1153 1154 1155
f 1156 1157 1158
f 1159 1160 1161
f 1162 1163 1164
f 1165 1166 1167
f 1168 1169 1170
f 1171 1172 1173
f 1174 1175 1176
f 1177 1178 1179
f 1180 1181 1182
f 1183 1184 1185
f 1186 1187 1188
f 1189 1190 1191
f 1192 1193 1194
f 1195 1196 1197
f 1198 1199 1200
f 1201 1202 1203
f 1204 1205 1206
f 1207 1208 1209
f 1210 1211 1212
f 1213 1214 1215
f 1216 1217 1218
f 1219 1220 1221
f 1222 1223 1224
f 1225 1226 1227
f 1228 1229 1230
f 1231 1232 1233
f 1234 1235 1236
f 1237 1238 1239
f 1240 1241 1242
f 1243 1244 1245
f 1246 1247 1248
f 1249 1250 1251
f 1252 1253 1254
f 1255 1256 1257
f 1258 1259 1260
f 1261 1262 1263
f 1264 1265 1266
f 1267 1268 1269
f 1270 1271 1272
f 1273 1274 1275
f 1276 1277 1278
f 1279 1280 1281
f 1282 1283 1284
f 1285 1286 1287
f 1288 1289 1290
f 1291 1292 1293
f 1294 1295 1296
f 1297 1298 1299
f 1300 1301 1302
f 1303 1304 1305
f 1306 1307 1308
f 1309 1310 1311
f 1312 1313 1314
f 1315 1316 1317
f 1318 1319 1320
f 1321 1322 1323
f 1324 1325 1326
f 1327 1328 1329
f 1330 1331 1332
f 1333 1334 1335
f 1336 1337 1338
f 1339 1340 1341
f 1342 1343 1344
f 1345 1346 1347
f 1348 1349 1350
f 1351 1352 1353
f 1354 1355 1356
f 1357 1358 1359
f 1360 1361 1362
f 1363 1364 1365
f 1366 1367 1368
f 1369 1370 1371
f 1372 1373 1374
f 1375 1376 1377
f 1378 1379 1380
f 1381 1382 1383
f 1384 1385 1386
f 1387 1388 1389
f 1390 1391 1392
f 1393 1394 1395
f 1396 1397 1398
f 1399 1400 1401
f 1402 1403 1404
f 1405 1406 1407
f 1408 1409 1410
f 1411 1412 1413
f 1414 1415 1416
f 1417 1418 1419
f 1420 1421 1422
f 1423 1424 1425
f 1426 1427 1428
f 1429 1430 1431
f 1432 1433 1434
f 1435 1436 1437
f 1438 1439 1440
f 1441 1442 1443
f 1444 1445 1446
f 1447 1448 1449
f 1450 1451 1452
f 1453 1454 1455
f 1456 1457 1458
f 1459 1460 1461
f 1462 1463 1464
f 1465 1466 1467
f 1468 1469 1470
f 1471 1472 1473
f 1474 1475 1476
f 1477 1478 1479
f 1480 1481 1482
f 1483 1484 1485
f 1486 1487 1488
f 1489 1490 1491
f 1492 1493 1494
f 1495 1496 1497
f 1498 1499 1500
f 1501 1502 1503
f 1504 1505 1506
f 1507 1508 1509
f 1510 1511 1512
f 1513 1514 1515
f 1516 1517 1518
f 1519 1520 1521
f 1522 1523 1524
f 1525 1526 1527
f 1528 1529 1530
f 1531 1532 1533
f 1534 1535 1536
f 1537 1538 1539
f 1540 1541 1542
f 1543 1544 1545
f 1546 1547 1548
f 1549 1550 1551
f 1552 1553 1554
f 1555 1556 1557
f 1558 1559 1560
f 1561 1562 1563
f 1564 1565 1566
f 1567 1568 1569
f 1570 1571 1572
f 1573 1574 1575
f 1576 1577 1578
f 1579 1580 1581
f 1582 1583 1584
f 1585 1586 1587
f 1588 1589 1590
f 1591 1592 1593
f 1594 1595 1596
f 1597 1598 1599
f 1600 1601 1602
f 1603 1604 1605
f 1606 1607 1608
f 1609 1610 1611
f 1612 1613 1614
f 1615 1616 1617
f 1618 1619 1620
f 1621 1622 1623
f 1624 1625 1626
f 1627 1628 1629
f 1630 1631 1632
f 1633 1634 1635
f 1636 1637 1638
f 1639 1640 1641
f 1642 1643 1644
f 1645 1646 1647
f 1648 1649 1650
f 1651 1652 1653
f 1654 1655 1656
f 1657 1658 1659
f 1660 1661 1662
f 1663 1664 1665
f 1666 1667 1668
f 1669 1670 1671
f 1672 1673 1674
f 1675 1676 1677
f 1678 1679 1680
f 1681 1682 1683
f 1684 1685 1686
f 1687 1688 1689
f 1690 1691 1692
f 1693 1694 1695
f 1696 1697 1698
f 1699 1700 1701
f 1702 1703 1704
f 1705 1706 1707
f 1708 1709 1710
f 1711 1712 1713
f 1714 1715 1716
f 1717 1718 1719
f 1720 1721 1722
f 1723 1724 1725
f 1726 1727 1728
f 1729 1730 1731
f 1732 1733 1734
f 1735 1736 1737
f 1738 1739 1740
f 1741 1742 1743
f 1744 1745 1746
f 1747 1748 1749
f 1750 1751 1752
f 1753 1754 1755
f 1756 1757 1758
f 1759 1760 1761
f 1762 1763 1764
f 1765 1766 1767
f 1768 1769 1770
f 1771 1772 1773
f 1774 1775 1776
f 1777 1778 1779
f 1780 1781 1782
f 1783 1784 1785
f 1786 1787 1788
f 1789 1790 1791
f 1792 1793 1794
f 1795 1796 1797
f 1798 1799 1800
f 1801 1802 1803
f 1804 1805 1806
f 1807 1808 1809
f 1810 1811 1812
