v 0.005501335405342367 0.011050000715581708 0.0011731460651666357
v 0.005501335405342367 0.011953850360257865 0.0011731460651666357
v 0.005501335405342367 0.011050000715581708 0.004783135164473095
v 0.005501335405342367 0.011934840769206033 0.003051549102765504
v 0.005501335405342367 0.011925310701309531 0.0047831461317282544
v 0.005136186366850037 0.012435410136548693 0.0011731460651666357
v 0.005131262069283382 0.012418420427794948 0.0029688030699351327
v 0.005277694475988304 0.012352280249787736 0.0029681922415064617
v 0.0054767692306220694 0.012080100633283238 0.004783351171716021
v 0.005501335405342367 0.011925310701309531 0.0047831461317282544
v 0.005501335405342367 0.011934840769206033 0.003051549102765504
v 0.005344004408031899 0.012299710857947562 0.0029677082517678972
v 0.005287946475376615 0.012363610854879133 0.0011731460651666357
v 0.005277694475988304 0.012352280249787736 0.0029681922415064617
v 0.005277694475988304 0.012352280249787736 0.0029681922415064617
v 0.005287946475376615 0.012363610854879133 0.0011731460651666357
v 0.005232570419889948 0.012397230737152262 0.0011731460651666357
v 0.005277694475988304 0.012352280249787736 0.0029681922415064617
v 0.005232570419889948 0.012397230737152262 0.0011731460651666357
v 0.005136186366850037 0.012435410136548693 0.0011731460651666357
v 0.005499811433712365 0.011992900464346532 0.0011731460651666357
v 0.00548107507036516 0.012094791033150917 0.0011731460651666357
v 0.005478596470699093 0.012084680177568138 0.002965726039607097
v 0.005478596470699093 0.012084680177568138 0.002965726039607097
v 0.00548107507036516 0.012094791033150917 0.0011731460651666357
v 0.005458834430575876 0.012155630689055782 0.0011731460651666357
v 0.005478596470699093 0.012084680177568138 0.002965726039607097
v 0.005458834430575876 0.012155630689055782 0.0011731460651666357
v 0.0054466622078602756 0.012162950139781855 0.0029664491631918584
v 0.0054466622078602756 0.012162950139781855 0.0029664491631918584
v 0.005458834430575876 0.012155630689055782 0.0011731460651666357
v 0.005407399434388949 0.012245650873080046 0.0011731460651666357
v 0.0054466622078602756 0.012162950139781855 0.0029664491631918584
v 0.005407399434388949 0.012245650873080046 0.0011731460651666357
v 0.005401233452803356 0.012235740289113225 0.002967119119430955
v 0.005401233452803356 0.012235740289113225 0.002967119119430955
v 0.005407399434388949 0.012245650873080046 0.0011731460651666357
v 0.005366274134889215 0.0122957006572566 0.0011731460651666357
v 0.005401233452803356 0.012235740289113225 0.002967119119430955
v 0.005366274134889215 0.0122957006572566 0.0011731460651666357
v 0.005344004408031899 0.012299710857947562 0.0029677082517678972
v 0.005344004408031899 0.012299710857947562 0.0029677082517678972
v 0.005366274134889215 0.0122957006572566 0.0011731460651666357
v 0.005347697035160415 0.012314510930366836 0.0011731460651666357
v 0.005344004408031899 0.012299710857947562 0.0029677082517678972
v 0.005347697035160415 0.012314510930366836 0.0011731460651666357
v 0.005287946475376615 0.012363610854879133 0.0011731460651666357
v 0.005501335405342367 0.011953850360257865 0.0011731460651666357
v 0.005499811433712365 0.011992900464346532 0.0011731460651666357
v 0.005501335405342367 0.011934840769206033 0.003051549102765504
v 0.005501335405342367 0.011934840769206033 0.003051549102765504
v 0.005499811433712365 0.011992900464346532 0.0011731460651666357
v 0.005478596470699093 0.012084680177568138 0.002965726039607097
v 0.005501335405342367 0.011934840769206033 0.003051549102765504
v 0.005478596470699093 0.012084680177568138 0.002965726039607097
v 0.0054767692306220694 0.012080100633283238 0.004783351171716021
v 0.0054767692306220694 0.012080100633283238 0.004783351171716021
v 0.005478596470699093 0.012084680177568138 0.002965726039607097
v 0.0054466622078602756 0.012162950139781855 0.0029664491631918584
v 0.0054767692306220694 0.012080100633283238 0.004783351171716021
v 0.0054466622078602756 0.012162950139781855 0.0029664491631918584
v 0.005443897029048517 0.012157980542683019 0.004783452261198361
v 0.005443897029048517 0.012157980542683019 0.004783452261198361
v 0.0054466622078602756 0.012162950139781855 0.0029664491631918584
v 0.005401233452803356 0.012235740289113225 0.002967119119430955
v 0.005443897029048517 0.012157980542683019 0.004783452261198361
v 0.005401233452803356 0.012235740289113225 0.002967119119430955
v 0.005397596138787819 0.012230230912325665 0.004783548105471712
v 0.005397596138787819 0.012230230912325665 0.004783548105471712
v 0.005401233452803356 0.012235740289113225 0.002967119119430955
v 0.005344004408031899 0.012299710857947562 0.0029677082517678972
v 0.005397596138787819 0.012230230912325665 0.004783548105471712
v 0.005344004408031899 0.012299710857947562 0.0029677082517678972
v 0.005339602247178277 0.012293511020922129 0.0047836344130014466
v 0.005339602247178277 0.012293511020922129 0.0047836344130014466
v 0.005344004408031899 0.012299710857947562 0.0029677082517678972
v 0.005277694475988304 0.012352280249787736 0.0029681922415064617
v 0.005339602247178277 0.012293511020922129 0.0047836344130014466
v 0.005277694475988304 0.012352280249787736 0.0029681922415064617
v 0.005272665274241861 0.012345280279972833 0.004783701170206766
v 0.005272665274241861 0.012345280279972833 0.004783701170206766
v 0.005277694475988304 0.012352280249787736 0.0029681922415064617
v 0.005131262069283382 0.012418420427794948 0.0029688030699351327
v 0.005272665274241861 0.012345280279972833 0.004783701170206766
v 0.005131262069283382 0.012418420427794948 0.0029688030699351327
v 0.0051254484703744385 0.012409660928782703 0.004783787000899319
v 0.005501335405342367 0.011925310701309531 0.0047831461317282544
v 0.0054767692306220694 0.012080100633283238 0.004783351171716021
v 0.005491215489853152 0.01198992023196621 0.005010061025166045
v 0.005501335405342367 0.011925310701309531 0.0047831461317282544
v 0.005491215489853152 0.01198992023196621 0.005010061025166045
v 0.005489768289009267 0.011927750200326768 0.005093724015895195
v 0.005489768289009267 0.011927750200326768 0.005093724015895195
v 0.005491215489853152 0.01198992023196621 0.005010061025166045
v 0.005471229336254935 0.01199567088836728 0.0052388160332847425
v 0.005489768289009267 0.011927750200326768 0.005093724015895195
v 0.005471229336254935 0.01199567088836728 0.0052388160332847425
v 0.005467085144316153 0.011932810396489966 0.0053044784204367415
v 0.005307943119392811 0.011966430278763094 0.005920876307380084
v 0.005338687196628222 0.01196014079634766 0.0058397500904530655
v 0.005305168403837435 0.012040420150441485 0.005911969465678956
v 0.005305168403837435 0.012040420150441485 0.005911969465678956
v 0.005338687196628222 0.01196014079634766 0.0058397500904530655
v 0.005367169158277674 0.011954240413071802 0.005754989420533595
v 0.005305168403837435 0.012040420150441485 0.005911969465678956
v 0.005367169158277674 0.011954240413071802 0.005754989420533595
v 0.0054066832249433094 0.012013350103684536 0.0055952670847611565
v 0.0054066832249433094 0.012013350103684536 0.0055952670847611565
v 0.005367169158277674 0.011954240413071802 0.005754989420533595
v 0.0054114024825221985 0.011944910616791258 0.005596764353509031
v 0.0054066832249433094 0.012013350103684536 0.0055952670847611565
v 0.0054114024825221985 0.011944910616791258 0.005596764353509031
v 0.005471229336254935 0.01199567088836728 0.0052388160332847425
v 0.005471229336254935 0.01199567088836728 0.0052388160332847425
v 0.0054114024825221985 0.011944910616791258 0.005596764353509031
v 0.0054593641966838025 0.011934510797876883 0.00535656906774734
v 0.005471229336254935 0.01199567088836728 0.0052388160332847425
v 0.0054593641966838025 0.011934510797876883 0.00535656906774734
v 0.005467085144316153 0.011932810396489966 0.0053044784204367415
v 0.005075062039148204 0.012100650408429222 0.006333381476814335
v 0.00515997720431427 0.011995590779720898 0.006218966302617699
v 0.005166881329855821 0.012076730348088979 0.006193094070859049
v 0.005166881329855821 0.012076730348088979 0.006193094070859049
v 0.00515997720431427 0.011995590779720898 0.006218966302617699
v 0.005211390265990878 0.011985630604687268 0.00612852316401402
v 0.005166881329855821 0.012076730348088979 0.006193094070859049
v 0.005211390265990878 0.011985630604687268 0.00612852316401402
v 0.005305168403837435 0.012040420150441485 0.005911969465678956
v 0.005305168403837435 0.012040420150441485 0.005911969465678956
v 0.005211390265990878 0.011985630604687268 0.00612852316401402
v 0.005257390271990459 0.011976580234994703 0.006036934185664753
v 0.005305168403837435 0.012040420150441485 0.005911969465678956
v 0.005257390271990459 0.011976580234994703 0.006036934185664753
v 0.005307943119392811 0.011966430278763094 0.005920876307380084
v 0.005005699395472796 0.01202507076158987 0.006437864132533831
v 0.004954759356279592 0.012058500862665019 0.006496400188018002
v 0.004911195034599802 0.012043070411492659 0.0065447281131345
v 0.004911195034599802 0.012043070411492659 0.0065447281131345
v 0.004954759356279592 0.012058500862665019 0.006496400188018002
v 0.0048555462282456885 0.012061670876243321 0.006600276306843454
v 0.004911195034599802 0.012043070411492659 0.0065447281131345
v 0.0048555462282456885 0.012061670876243321 0.006600276306843454
v 0.004763006436557804 0.01207149086114578 0.006683823426137657
v 0.004763006436557804 0.01207149086114578 0.006683823426137657
v 0.0048555462282456885 0.012061670876243321 0.006600276306843454
v 0.004735212074123141 0.012092730142855276 0.006706487497343537
v 0.004763006436557804 0.01207149086114578 0.006683823426137657
v 0.004735212074123141 0.012092730142855276 0.006706487497343537
v 0.004759649025967427 0.0120721403133861 0.006686643441225213
v 0.004759649025967427 0.0120721403133861 0.006686643441225213
v 0.004735212074123141 0.012092730142855276 0.006706487497343537
v 0.004598016003611316 0.012103640177553162 0.006808434332935263
v 0.004598016003611316 0.012103640177553162 0.006808434332935263
v 0.004735212074123141 0.012092730142855276 0.006706487497343537
v 0.004521789288717548 0.012147760968223006 0.006856583444108942
v 0.004598016003611316 0.012103640177553162 0.006808434332935263
v 0.004521789288717548 0.012147760968223006 0.006856583444108942
v 0.00451690838333435 0.012119721034640204 0.006860588399590915
v 0.004233891211383456 0.01222216091987693 0.00700451455007328
v 0.004421636314600186 0.012138920406890016 0.006915484280036464
v 0.004521789288717548 0.012147760968223006 0.006856583444108942
v 0.004521789288717548 0.012147760968223006 0.006856583444108942
v 0.004421636314600186 0.012138920406890016 0.006915484280036464
v 0.004455457422163633 0.012132060627206284 0.0068967274126904825
v 0.004521789288717548 0.012147760968223006 0.006856583444108942
v 0.004455457422163633 0.012132060627206284 0.0068967274126904825
v 0.00451690838333435 0.012119721034640204 0.006860588399590915
v 0.003899433082780873 0.012250300989267712 0.0071255124615515735
v 0.0039952961912007035 0.01222908078104545 0.007096313336782121
v 0.0039121722649045065 0.012305910694972996 0.007118270258448798
v 0.0039121722649045065 0.012305910694972996 0.007118270258448798
v 0.0039952961912007035 0.01222908078104545 0.007096313336782121
v 0.0040935341871997655 0.012207700355530423 0.007062536098239312
v 0.0039121722649045065 0.012305910694972996 0.007118270258448798
v 0.0040935341871997655 0.012207700355530423 0.007062536098239312
v 0.004233891211383456 0.01222216091987693 0.00700451455007328
v 0.004233891211383456 0.01222216091987693 0.00700451455007328
v 0.0040935341871997655 0.012207700355530423 0.007062536098239312
v 0.004219431123874129 0.012180830580389431 0.007012878274225419
v 0.004233891211383456 0.01222216091987693 0.00700451455007328
v 0.004219431123874129 0.012180830580389431 0.007012878274225419
v 0.004421636314600186 0.012138920406890016 0.006915484280036464
v 0.0034664720751252653 0.012350540747751989 0.007219076499503927
v 0.0035314642676195773 0.012335020651189629 0.007208534106272478
v 0.003548300196382498 0.01240196096198631 0.007200643404603744
v 0.003548300196382498 0.01240196096198631 0.007200643404603744
v 0.0035314642676195773 0.012335020651189629 0.007208534106272478
v 0.003665321285772488 0.01230360089566895 0.0071831763818319665
v 0.003548300196382498 0.01240196096198631 0.007200643404603744
v 0.003665321285772488 0.01230360089566895 0.0071831763818319665
v 0.0039121722649045065 0.012305910694972996 0.007118270258448798
v 0.0039121722649045065 0.012305910694972996 0.007118270258448798
v 0.003665321285772488 0.01230360089566895 0.0071831763818319665
v 0.0037481402746915304 0.012284500705552755 0.007164828163949975
v 0.0039121722649045065 0.012305910694972996 0.007118270258448798
v 0.0037481402746915304 0.012284500705552755 0.007164828163949975
v 0.003899433082780873 0.012250300989267712 0.0071255124615515735
v 0.0031351291238251866 0.012513210890976453 0.007250614510645457
v 0.0027247821194714694 0.012625640515152022 0.007265572416171593
v 0.002721726069979391 0.01261476099803371 0.007267427312805106
v 0.0034664720751252653 0.012350540747751989 0.007219076499503927
v 0.003548300196382498 0.01240196096198631 0.007200643404603744
v 0.0031913692082835565 0.012417750948393032 0.007252261506268119
v 0.0031913692082835565 0.012417750948393032 0.007252261506268119
v 0.003548300196382498 0.01240196096198631 0.007200643404603744
v 0.0031351291238251866 0.012513210890976453 0.007250614510645457
v 0.0031913692082835565 0.012417750948393032 0.007252261506268119
v 0.0031351291238251866 0.012513210890976453 0.007250614510645457
v 0.0028450180451347618 0.012505190489594527 0.007271472322610271
v 0.0028450180451347618 0.012505190489594527 0.007271472322610271
v 0.0031351291238251866 0.012513210890976453 0.007250614510645457
v 0.002721726069979391 0.01261476099803371 0.007267427312805106
v 0.0028450180451347618 0.012505190489594527 0.007271472322610271
v 0.002721726069979391 0.01261476099803371 0.007267427312805106
v 0.002701335081614631 0.012542170166643937 0.00727314554427788
v 0.002780695093623775 0.012824690474252384 0.00717797122716579
v 0.0027743030912144584 0.012801931035610333 0.007194094522761927
v 0.0031791750510576366 0.012690670616202212 0.007178441388626109
v 0.0031791750510576366 0.012690670616202212 0.007178441388626109
v 0.0027743030912144584 0.012801931035610333 0.007194094522761927
v 0.002752824198821585 0.012725470193660767 0.007235475406990597
v 0.0028101591014471905 0.012929580348924326 0.007069916107287353
v 0.0027965551750960826 0.012881150857488307 0.007128146510138598
v 0.0031962591735731904 0.012769180904355078 0.007114001135168633
v 0.0031962591735731904 0.012769180904355078 0.007114001135168633
v 0.0027965551750960826 0.012881150857488307 0.007128146510138598
v 0.002780695093623775 0.012824690474252384 0.00717797122716579
v 0.0032083140943423016 0.012833610190557395 0.007034495210982148
v 0.0028138440991808122 0.012942701000792641 0.00705049214472536
v 0.0028101591014471905 0.012929580348924326 0.007069916107287353
v 0.0028299111279896094 0.012999900481658885 0.006927919240038714
v 0.0028259381205987533 0.012985760351897909 0.006967328402524562
v 0.003214741144284411 0.012880400315765646 0.0069452713450499064
v 0.003214741144284411 0.012880400315765646 0.0069452713450499064
v 0.0028259381205987533 0.012985760351897909 0.006967328402524562
v 0.0028138440991808122 0.012942701000792641 0.00705049214472536
v 0.0032156530953927898 0.012908330576796852 0.00685242256286883
v 0.0028340801154617956 0.01301474060840135 0.006868314115595074
v 0.0028299111279896094 0.012999900481658885 0.006927919240038714
v 0.002836548224709884 0.01302353062499317 0.006777253472842191
v 0.0028340801154617956 0.01301474060840135 0.006868314115595074
v 0.003085718063052384 0.012953600545072549 0.006769959294486703
v 0.003085718063052384 0.012953600545072549 0.006769959294486703
v 0.0028340801154617956 0.01301474060840135 0.006868314115595074
v 0.0032156530953927898 0.012908330576796852 0.00685242256286883
v 0.003085718063052384 0.012953600545072549 0.006769959294486703
v 0.0032156530953927898 0.012908330576796852 0.00685242256286883
v 0.0032414712061314133 0.012910170214640578 0.00675905116713754
v 0.0028101591014471905 0.012929580348924326 0.007069916107287353
v 0.0031962591735731904 0.012769180904355078 0.007114001135168633
v 0.0032083140943423016 0.012833610190557395 0.007034495210982148
v 0.0032083140943423016 0.012833610190557395 0.007034495210982148
v 0.0031962591735731904 0.012769180904355078 0.007114001135168633
v 0.0035955361643548456 0.012661050444202068 0.007064417220917772
v 0.0032083140943423016 0.012833610190557395 0.007034495210982148
v 0.0035955361643548456 0.012661050444202068 0.007064417220917772
v 0.00360004012994658 0.012727161058304067 0.006985500190649639
v 0.00360004012994658 0.012727161058304067 0.006985500190649639
v 0.0035955361643548456 0.012661050444202068 0.007064417220917772
v 0.0039440021004007175 0.012568580270742587 0.006984446380479957
v 0.00360004012994658 0.012727161058304067 0.006985500190649639
v 0.0039440021004007175 0.012568580270742587 0.006984446380479957
v 0.003940047212822734 0.012636630658496292 0.0069071691932767725
v 0.003940047212822734 0.012636630658496292 0.0069071691932767725
v 0.0039440021004007175 0.012568580270742587 0.006984446380479957
v 0.004249054156897358 0.012488800642014294 0.006875705091898275
v 0.003940047212822734 0.012636630658496292 0.0069071691932767725
v 0.004249054156897358 0.012488800642014294 0.006875705091898275
v 0.004235815249408192 0.012559060693264065 0.006801493490930786
v 0.004235815249408192 0.012559060693264065 0.006801493490930786
v 0.004249054156897358 0.012488800642014294 0.006875705091898275
v 0.004519167161060045 0.01241874086238048 0.0067362411837543195
v 0.004235815249408192 0.012559060693264065 0.006801493490930786
v 0.004519167161060045 0.01241874086238048 0.0067362411837543195
v 0.004495905136029377 0.012491430875903872 0.006667018253372901
v 0.004495905136029377 0.012491430875903872 0.006667018253372901
v 0.004519167161060045 0.01241874086238048 0.0067362411837543195
v 0.004717669234239608 0.01236741029353616 0.006596208408853608
v 0.004495905136029377 0.012491430875903872 0.006667018253372901
v 0.004717669234239608 0.01236741029353616 0.006596208408853608
v 0.0046859361966911095 0.012442210788422 0.006532826257100442
v 0.0046859361966911095 0.012442210788422 0.006532826257100442
v 0.004717669234239608 0.01236741029353616 0.006596208408853608
v 0.004829069366941718 0.012338600744743463 0.006497685264220397
v 0.0046859361966911095 0.012442210788422 0.006532826257100442
v 0.004829069366941718 0.012338600744743463 0.006497685264220397
v 0.004890541308948393 0.012389180771865124 0.006335396113903434
v 0.0028299111279896094 0.012999900481658885 0.006927919240038714
v 0.003214741144284411 0.012880400315765646 0.0069452713450499064
v 0.0032156530953927898 0.012908330576796852 0.00685242256286883
v 0.0032156530953927898 0.012908330576796852 0.00685242256286883
v 0.003214741144284411 0.012880400315765646 0.0069452713450499064
v 0.003598156146245035 0.012775780330938066 0.006897051185136281
v 0.0032156530953927898 0.012908330576796852 0.00685242256286883
v 0.003598156146245035 0.012775780330938066 0.006897051185136281
v 0.0035905491626989083 0.012805580747392572 0.006805092181134674
v 0.0035905491626989083 0.012805580747392572 0.006805092181134674
v 0.003598156146245035 0.012775780330938066 0.006897051185136281
v 0.00392882508818998 0.012687400466815931 0.006820638503741981
v 0.0035905491626989083 0.012805580747392572 0.006805092181134674
v 0.00392882508818998 0.012687400466815931 0.006820638503741981
v 0.0039116241405651175 0.012719401010022887 0.006730735144827025
v 0.0039116241405651175 0.012719401010022887 0.006730735144827025
v 0.00392882508818998 0.012687400466815931 0.006820638503741981
v 0.004214299402133803 0.012612270954275303 0.006718438467607222
v 0.0039116241405651175 0.012719401010022887 0.006730735144827025
v 0.004214299402133803 0.012612270954275303 0.006718438467607222
v 0.004186489304072172 0.0126467806147279 0.006632194357218122
v 0.004186489304072172 0.0126467806147279 0.006632194357218122
v 0.004214299402133803 0.012612270954275303 0.006718438467607222
v 0.004463240358629494 0.012547361016194688 0.006589577511016685
v 0.004186489304072172 0.0126467806147279 0.006632194357218122
v 0.004463240358629494 0.012547361016194688 0.006589577511016685
v 0.004423908443766944 0.012584670664573246 0.006509185146510997
v 0.004423908443766944 0.012584670664573246 0.006509185146510997
v 0.004463240358629494 0.012547361016194688 0.006589577511016685
v 0.004643830043110364 0.012500470755178458 0.0064619444101668404
v 0.004423908443766944 0.012584670664573246 0.006509185146510997
v 0.004643830043110364 0.012500470755178458 0.0064619444101668404
v 0.004594725350226259 0.01254020082908702 0.00638838130776531
v 0.004594725350226259 0.01254020082908702 0.00638838130776531
v 0.004643830043110364 0.012500470755178458 0.0064619444101668404
v 0.004837338200494867 0.012450240726547542 0.006275140106707931
v 0.004594725350226259 0.01254020082908702 0.00638838130776531
v 0.004837338200494867 0.012450240726547542 0.006275140106707931
v 0.004776733148482981 0.01249288046093366 0.006212614354531574
v 0.004776733148482981 0.01249288046093366 0.006212614354531574
v 0.004837338200494867 0.012450240726547542 0.006275140106707931
v 0.004925451035795725 0.012427330607356343 0.006163999373432203
v 0.004776733148482981 0.01249288046093366 0.006212614354531574
v 0.004925451035795725 0.012427330607356343 0.006163999373432203
v 0.0048595163746134595 0.01247133028138225 0.006108154110159579
v 0.0048595163746134595 0.01247133028138225 0.006108154110159579
v 0.004925451035795725 0.012427330607356343 0.006163999373432203
v 0.0050033853046341226 0.01240701066773153 0.0060448873530041785
v 0.0048595163746134595 0.01247133028138225 0.006108154110159579
v 0.0050033853046341226 0.01240701066773153 0.0060448873530041785
v 0.004932870145492596 0.012452200527360843 0.005996037291174649
v 0.004932870145492596 0.012452200527360843 0.005996037291174649
v 0.0050033853046341226 0.01240701066773153 0.0060448873530041785
v 0.00512225223075119 0.012375860802055213 0.005803261078862753
v 0.004932870145492596 0.012452200527360843 0.005996037291174649
v 0.00512225223075119 0.012375860802055213 0.005803261078862753
v 0.005045308352737421 0.01242276059981506 0.0057674425003487175
v 0.005339602247178277 0.012293511020922129 0.0047836344130014466
v 0.005272665274241861 0.012345280279972833 0.004783701170206766
v 0.005205508479365073 0.012380460373501708 0.0049888422474553265
v 0.005339602247178277 0.012293511020922129 0.0047836344130014466
v 0.005205508479365073 0.012380460373501708 0.0049888422474553265
v 0.005289030326288691 0.012331490148702603 0.004994139431697408
v 0.005289030326288691 0.012331490148702603 0.004994139431697408
v 0.005205508479365073 0.012380460373501708 0.0049888422474553265
v 0.005187255152082071 0.012385280243725757 0.005192403086286545
v 0.005289030326288691 0.012331490148702603 0.004994139431697408
v 0.005187255152082071 0.012385280243725757 0.005192403086286545
v 0.005270290148244039 0.0123365503448658 0.0052039253799246446
v 0.005270290148244039 0.0123365503448658 0.0052039253799246446
v 0.005187255152082071 0.012385280243725757 0.005192403086286545
v 0.005130718474897211 0.012400260560599393 0.005501784109129547
v 0.005270290148244039 0.0123365503448658 0.0052039253799246446
v 0.005130718474897211 0.012400260560599393 0.005501784109129547
v 0.005211697349135347 0.012352220168302949 0.005524956488770215
v 0.004829069366941718 0.012338600744743463 0.006497685264220397
v 0.004932215448043287 0.012311880696477259 0.006389290159432013
v 0.004890541308948393 0.012389180771865124 0.006335396113903434
v 0.004890541308948393 0.012389180771865124 0.006335396113903434
v 0.004932215448043287 0.012311880696477259 0.006389290159432013
v 0.0050300652985771355 0.012286470996784035 0.006265964328836802
v 0.004890541308948393 0.012389180771865124 0.006335396113903434
v 0.0050300652985771355 0.012286470996784035 0.006265964328836802
v 0.004983793018547289 0.012364950767357327 0.006217822370220836
v 0.004983793018547289 0.012364950767357327 0.006217822370220836
v 0.0050300652985771355 0.012286470996784035 0.006265964328836802
v 0.0051163604305445864 0.012263990984729963 0.006134097390658176
v 0.004983793018547289 0.012364950767357327 0.006217822370220836
v 0.0051163604305445864 0.012263990984729963 0.006134097390658176
v 0.005066141369168831 0.012343490233195916 0.0060919712099158346
v 0.005066141369168831 0.012343490233195916 0.0060919712099158346
v 0.0051163604305445864 0.012263990984729963 0.006134097390658176
v 0.005246941338846456 0.012229720696542153 0.005868681232726879
v 0.005066141369168831 0.012343490233195916 0.0060919712099158346
v 0.005246941338846456 0.012229720696542153 0.005868681232726879
v 0.005191195257707448 0.012310701001291832 0.00583778742861668
v 0.005191195257707448 0.012310701001291832 0.00583778742861668
v 0.005246941338846456 0.012229720696542153 0.005868681232726879
v 0.005343700185910516 0.012204010589424993 0.005567271497036174
v 0.005191195257707448 0.012310701001291832 0.00583778742861668
v 0.005343700185910516 0.012204010589424993 0.005567271497036174
v 0.005284511340325759 0.012285960781000523 0.005547289158135404
v 0.005284511340325759 0.012285960781000523 0.005547289158135404
v 0.005343700185910516 0.012204010589424993 0.005567271497036174
v 0.005405958432428415 0.012187110526061248 0.0052249472238796715
v 0.005284511340325759 0.012285960781000523 0.005547289158135404
v 0.005405958432428415 0.012187110526061248 0.0052249472238796715
v 0.00534505726452722 0.012269640551648694 0.0052150261494948716
v 0.00534505726452722 0.012269640551648694 0.0052150261494948716
v 0.005405958432428415 0.012187110526061248 0.0052249472238796715
v 0.005425516386238227 0.012181610686017304 0.0050037653438672605
v 0.00534505726452722 0.012269640551648694 0.0052150261494948716
v 0.005425516386238227 0.012181610686017304 0.0050037653438672605
v 0.005364243285335968 0.012264340983220708 0.004999232052788904
v 0.005364243285335968 0.012264340983220708 0.004999232052788904
v 0.005425516386238227 0.012181610686017304 0.0050037653438672605
v 0.005443897029048517 0.012157980542683019 0.004783452261198361
v 0.005364243285335968 0.012264340983220708 0.004999232052788904
v 0.005443897029048517 0.012157980542683019 0.004783452261198361
v 0.005397596138787819 0.012230230912325665 0.004783548105471712
v 0.0054767692306220694 0.012080100633283238 0.004783351171716021
v 0.005468527099951048 0.012088101007503568 0.005007442235368808
v 0.005491215489853152 0.01198992023196621 0.005010061025166045
v 0.005491215489853152 0.01198992023196621 0.005010061025166045
v 0.005468527099951048 0.012088101007503568 0.005007442235368808
v 0.005448699256296874 0.012093750574422298 0.005233023415211756
v 0.005491215489853152 0.01198992023196621 0.005010061025166045
v 0.005448699256296874 0.012093750574422298 0.005233023415211756
v 0.005471229336254935 0.01199567088836728 0.0052388160332847425
v 0.005471229336254935 0.01199567088836728 0.0052388160332847425
v 0.005448699256296874 0.012093750574422298 0.005233023415211756
v 0.00538508345432509 0.012111110308828384 0.005583558347785344
v 0.005471229336254935 0.01199567088836728 0.0052388160332847425
v 0.00538508345432509 0.012111110308828384 0.005583558347785344
v 0.0054066832249433094 0.012013350103684536 0.0055952670847611565
v 0.0054066832249433094 0.012013350103684536 0.0055952670847611565
v 0.00538508345432509 0.012111110308828384 0.005583558347785344
v 0.005285540354962037 0.012137620548735014 0.005893864434759199
v 0.0054066832249433094 0.012013350103684536 0.0055952670847611565
v 0.005285540354962037 0.012137620548735014 0.005893864434759199
v 0.005305168403837435 0.012040420150441485 0.005911969465678956
v 0.005305168403837435 0.012040420150441485 0.005911969465678956
v 0.005285540354962037 0.012137620548735014 0.005893864434759199
v 0.005150468117253726 0.012173070532108251 0.006168425376144869
v 0.005305168403837435 0.012040420150441485 0.005911969465678956
v 0.005150468117253726 0.012173070532108251 0.006168425376144869
v 0.005166881329855821 0.012076730348088979 0.006193094070859049
v 0.005166881329855821 0.012076730348088979 0.006193094070859049
v 0.005150468117253726 0.012173070532108251 0.006168425376144869
v 0.005060957195338611 0.0121964002680186 0.006305195154217012
v 0.005166881329855821 0.012076730348088979 0.006193094070859049
v 0.005060957195338611 0.0121964002680186 0.006305195154217012
v 0.005075062039148204 0.012100650408429222 0.006333381476814335
v 0.005075062039148204 0.012100650408429222 0.006333381476814335
v 0.005060957195338611 0.0121964002680186 0.006305195154217012
v 0.004959357020377364 0.012222760781050442 0.006433196373370474
v 0.005075062039148204 0.012100650408429222 0.006333381476814335
v 0.004959357020377364 0.012222760781050442 0.006433196373370474
v 0.00497076534992924 0.012127700428024576 0.0064647315234889185
v 0.00497076534992924 0.012127700428024576 0.0064647315234889185
v 0.004959357020377364 0.012222760781050442 0.006433196373370474
v 0.00485225509802345 0.012250480280047712 0.006545685125356469
v 0.00497076534992924 0.012127700428024576 0.0064647315234889185
v 0.00485225509802345 0.012250480280047712 0.006545685125356469
v 0.004860812418071014 0.012156140904839293 0.006580152347299971
v 0.004860812418071014 0.012156140904839293 0.006580152347299971
v 0.00485225509802345 0.012250480280047712 0.006545685125356469
v 0.004736695037755589 0.012280340777987005 0.006647822218983355
v 0.004860812418071014 0.012156140904839293 0.006580152347299971
v 0.004736695037755589 0.012280340777987005 0.006647822218983355
v 0.004742250190912511 0.012186760527570503 0.006684873421609892
v 0.004742250190912511 0.012186760527570503 0.006684873421609892
v 0.004736695037755589 0.012280340777987005 0.006647822218983355
v 0.004531261182477986 0.012333390821705478 0.006792601431182264
v 0.004742250190912511 0.012186760527570503 0.006684873421609892
v 0.004531261182477986 0.012333390821705478 0.006792601431182264
v 0.0045318023926782525 0.012241050347959189 0.00683302816421205
v 0.0045318023926782525 0.012241050347959189 0.00683302816421205
v 0.004531261182477986 0.012333390821705478 0.006792601431182264
v 0.004252923213782789 0.012405450456475783 0.006936084123086437
v 0.0045318023926782525 0.012241050347959189 0.00683302816421205
v 0.004252923213782789 0.012405450456475783 0.006936084123086437
v 0.004247485362572356 0.012314571011851624 0.006979357097248727
v 0.004247485362572356 0.012314571011851624 0.006979357097248727
v 0.004252923213782789 0.012405450456475783 0.006936084123086437
v 0.003940217205277707 0.012487050649560568 0.007047262526499452
v 0.004247485362572356 0.012314571011851624 0.006979357097248727
v 0.003940217205277707 0.012487050649560568 0.007047262526499452
v 0.003929175086680725 0.01239751016374024 0.007092219212747329
v 0.003929175086680725 0.01239751016374024 0.007092219212747329
v 0.003940217205277707 0.012487050649560568 0.007047262526499452
v 0.0035847381863944594 0.01258114016208622 0.007128492217094716
v 0.003929175086680725 0.01239751016374024 0.007092219212747329
v 0.0035847381863944594 0.01258114016208622 0.007128492217094716
v 0.003568514278153162 0.012492800352287278 0.007174246175108976
v 0.003568514278153162 0.012492800352287278 0.007174246175108976
v 0.0035847381863944594 0.01258114016208622 0.007128492217094716
v 0.0031791750510576366 0.012690670616202212 0.007178441388626109
v 0.003568514278153162 0.012492800352287278 0.007174246175108976
v 0.0031791750510576366 0.012690670616202212 0.007178441388626109
v 0.0031582762310952694 0.012603380801875504 0.007224321231656115
v 0.0031582762310952694 0.012603380801875504 0.007224321231656115
v 0.0031791750510576366 0.012690670616202212 0.007178441388626109
v 0.002752824198821585 0.012725470193660767 0.007235475406990597
v 0.0031582762310952694 0.012603380801875504 0.007224321231656115
v 0.002752824198821585 0.012725470193660767 0.007235475406990597
v 0.0027247821194714694 0.012625640515152022 0.007265572416171593
v 0.0032414712061314133 0.012910170214640578 0.00675905116713754
v 0.0032156530953927898 0.012908330576796852 0.00685242256286883
v 0.003536990095289877 0.01282878078358973 0.006722260317611748
v 0.003536990095289877 0.01282878078358973 0.006722260317611748
v 0.0032156530953927898 0.012908330576796852 0.00685242256286883
v 0.0035905491626989083 0.012805580747392572 0.006805092181134674
v 0.003536990095289877 0.01282878078358973 0.006722260317611748
v 0.0035905491626989083 0.012805580747392572 0.006805092181134674
v 0.0035784181863994513 0.012817490232821523 0.006715164503523495
v 0.0035784181863994513 0.012817490232821523 0.006715164503523495
v 0.0035905491626989083 0.012805580747392572 0.006805092181134674
v 0.0039116241405651175 0.012719401010022887 0.006730735144827025
v 0.0035784181863994513 0.012817490232821523 0.006715164503523495
v 0.0039116241405651175 0.012719401010022887 0.006730735144827025
v 0.003916073269881054 0.012726530679550981 0.0066351483635534985
v 0.003916073269881054 0.012726530679550981 0.0066351483635534985
v 0.0039116241405651175 0.012719401010022887 0.006730735144827025
v 0.004186489304072172 0.0126467806147279 0.006632194357218122
v 0.003916073269881054 0.012726530679550981 0.0066351483635534985
v 0.004186489304072172 0.0126467806147279 0.006632194357218122
v 0.004154772002150642 0.012663250570954517 0.006547935320012908
v 0.0027247821194714694 0.012625640515152022 0.007265572416171593
v 0.0031351291238251866 0.012513210890976453 0.007250614510645457
v 0.0031582762310952694 0.012603380801875504 0.007224321231656115
v 0.0031582762310952694 0.012603380801875504 0.007224321231656115
v 0.0031351291238251866 0.012513210890976453 0.007250614510645457
v 0.003548300196382498 0.01240196096198631 0.007200643404603744
v 0.0031582762310952694 0.012603380801875504 0.007224321231656115
v 0.003548300196382498 0.01240196096198631 0.007200643404603744
v 0.003568514278153162 0.012492800352287278 0.007174246175108976
v 0.003568514278153162 0.012492800352287278 0.007174246175108976
v 0.003548300196382498 0.01240196096198631 0.007200643404603744
v 0.0039121722649045065 0.012305910694972996 0.007118270258448798
v 0.003568514278153162 0.012492800352287278 0.007174246175108976
v 0.0039121722649045065 0.012305910694972996 0.007118270258448798
v 0.003929175086680725 0.01239751016374024 0.007092219212747329
v 0.003929175086680725 0.01239751016374024 0.007092219212747329
v 0.0039121722649045065 0.012305910694972996 0.007118270258448798
v 0.004233891211383456 0.01222216091987693 0.00700451455007328
v 0.003929175086680725 0.01239751016374024 0.007092219212747329
v 0.004233891211383456 0.01222216091987693 0.00700451455007328
v 0.004247485362572356 0.012314571011851624 0.006979357097248727
v 0.004247485362572356 0.012314571011851624 0.006979357097248727
v 0.004233891211383456 0.01222216091987693 0.00700451455007328
v 0.004521789288717548 0.012147760968223006 0.006856583444108942
v 0.004247485362572356 0.012314571011851624 0.006979357097248727
v 0.004521789288717548 0.012147760968223006 0.006856583444108942
v 0.0045318023926782525 0.012241050347959189 0.00683302816421205
v 0.0045318023926782525 0.012241050347959189 0.00683302816421205
v 0.004521789288717548 0.012147760968223006 0.006856583444108942
v 0.004735212074123141 0.012092730142855276 0.006706487497343537
v 0.0045318023926782525 0.012241050347959189 0.00683302816421205
v 0.004735212074123141 0.012092730142855276 0.006706487497343537
v 0.004742250190912511 0.012186760527570503 0.006684873421609892
v 0.004742250190912511 0.012186760527570503 0.006684873421609892
v 0.004735212074123141 0.012092730142855276 0.006706487497343537
v 0.0048555462282456885 0.012061670876243321 0.006600276306843454
v 0.004742250190912511 0.012186760527570503 0.006684873421609892
v 0.0048555462282456885 0.012061670876243321 0.006600276306843454
v 0.004860812418071014 0.012156140904839293 0.006580152347299971
v 0.004860812418071014 0.012156140904839293 0.006580152347299971
v 0.0048555462282456885 0.012061670876243321 0.006600276306843454
v 0.004954759356279592 0.012058500862665019 0.006496400188018002
v 0.004860812418071014 0.012156140904839293 0.006580152347299971
v 0.004954759356279592 0.012058500862665019 0.006496400188018002
v 0.00497076534992924 0.012127700428024576 0.0064647315234889185
v 0.00497076534992924 0.012127700428024576 0.0064647315234889185
v 0.004954759356279592 0.012058500862665019 0.006496400188018002
v 0.005005699395472796 0.01202507076158987 0.006437864132533831
v 0.00497076534992924 0.012127700428024576 0.0064647315234889185
v 0.005005699395472796 0.01202507076158987 0.006437864132533831
v 0.005075062039148204 0.012100650408429222 0.006333381476814335
v 0.005075062039148204 0.012100650408429222 0.006333381476814335
v 0.005005699395472796 0.01202507076158987 0.006437864132533831
v 0.0050433743011318866 0.012017901037738584 0.0063902252371436635
v 0.005075062039148204 0.012100650408429222 0.006333381476814335
v 0.0050433743011318866 0.012017901037738584 0.0063902252371436635
v 0.00515997720431427 0.011995590779720898 0.006218966302617699
v 0.005045308352737421 0.01242276059981506 0.0057674425003487175
v 0.004885249369915301 0.012472350712949273 0.0059032295169911255
v 0.004932870145492596 0.012452200527360843 0.005996037291174649
v 0.004932870145492596 0.012452200527360843 0.005996037291174649
v 0.004885249369915301 0.012472350712949273 0.0059032295169911255
v 0.00479065107211768 0.01249704038849941 0.006053638268947168
v 0.004932870145492596 0.012452200527360843 0.005996037291174649
v 0.00479065107211768 0.01249704038849941 0.006053638268947168
v 0.0048595163746134595 0.01247133028138225 0.006108154110159579
v 0.0048595163746134595 0.01247133028138225 0.006108154110159579
v 0.00479065107211768 0.01249704038849941 0.006053638268947168
v 0.004717702136005086 0.012516050933225605 0.006146215253935159
v 0.0048595163746134595 0.01247133028138225 0.006108154110159579
v 0.004717702136005086 0.012516050933225605 0.006146215253935159
v 0.004776733148482981 0.01249288046093366 0.006212614354531574
v 0.004776733148482981 0.01249288046093366 0.006212614354531574
v 0.004717702136005086 0.012516050933225605 0.006146215253935159
v 0.0045422761213556595 0.012561760545382047 0.006316543402284101
v 0.004776733148482981 0.01249288046093366 0.006212614354531574
v 0.0045422761213556595 0.012561760545382047 0.006316543402284101
v 0.004594725350226259 0.01254020082908702 0.00638838130776531
v 0.004594725350226259 0.01254020082908702 0.00638838130776531
v 0.0045422761213556595 0.012561760545382047 0.006316543402284101
v 0.004503291343960769 0.012571920992031634 0.0063471272622267465
v 0.004594725350226259 0.01254020082908702 0.00638838130776531
v 0.004503291343960769 0.012571920992031634 0.0063471272622267465
v 0.004423908443766944 0.012584670664573246 0.006509185146510997
v 0.004423908443766944 0.012584670664573246 0.006509185146510997
v 0.004503291343960769 0.012571920992031634 0.0063471272622267465
v 0.004380982130235134 0.012603860500079441 0.006430671520497864
v 0.004423908443766944 0.012584670664573246 0.006509185146510997
v 0.004380982130235134 0.012603860500079441 0.006430671520497864
v 0.004186489304072172 0.0126467806147279 0.006632194357218122
v 0.004186489304072172 0.0126467806147279 0.006632194357218122
v 0.004380982130235134 0.012603860500079441 0.006430671520497864
v 0.004234525404833989 0.01264225066150981 0.006511170219694882
v 0.004186489304072172 0.0126467806147279 0.006632194357218122
v 0.004234525404833989 0.01264225066150981 0.006511170219694882
v 0.004154772002150642 0.012663250570954517 0.006547935320012908
v 0.0050471441758837 0.012429920786922729 0.005479168198478933
v 0.005009466409201524 0.012439820880471571 0.005611308364362188
v 0.005045308352737421 0.01242276059981506 0.0057674425003487175
v 0.005045308352737421 0.01242276059981506 0.0057674425003487175
v 0.005009466409201524 0.012439820880471571 0.005611308364362188
v 0.004965688464464713 0.012451300258763395 0.005732480321411492
v 0.005045308352737421 0.01242276059981506 0.0057674425003487175
v 0.004965688464464713 0.012451300258763395 0.005732480321411492
v 0.004885249369915301 0.012472350712949273 0.0059032295169911255
v 0.00512225223075119 0.012375860802055213 0.005803261078862753
v 0.005211697349135347 0.012352220168302949 0.005524956488770215
v 0.005045308352737421 0.01242276059981506 0.0057674425003487175
v 0.005045308352737421 0.01242276059981506 0.0057674425003487175
v 0.005211697349135347 0.012352220168302949 0.005524956488770215
v 0.005130718474897211 0.012400260560599393 0.005501784109129547
v 0.005045308352737421 0.01242276059981506 0.0057674425003487175
v 0.005130718474897211 0.012400260560599393 0.005501784109129547
v 0.0050471441758837 0.012429920786922729 0.005479168198478933
v 0.0050471441758837 0.012429920786922729 0.005479168198478933
v 0.005130718474897211 0.012400260560599393 0.005501784109129547
v 0.005187255152082071 0.012385280243725757 0.005192403086286545
v 0.0050471441758837 0.012429920786922729 0.005479168198478933
v 0.005187255152082071 0.012385280243725757 0.005192403086286545
v 0.0050906584296595 0.012418500536441331 0.005260851156249079
v 0.0050906584296595 0.012418500536441331 0.005260851156249079
v 0.005187255152082071 0.012385280243725757 0.005192403086286545
v 0.005205508479365073 0.012380460373501708 0.0049888422474553265
v 0.0050906584296595 0.012418500536441331 0.005260851156249079
v 0.005205508479365073 0.012380460373501708 0.0049888422474553265
v 0.005119406466455867 0.012411040895584088 0.004983656166276384
v 0.005119406466455867 0.012411040895584088 0.004983656166276384
v 0.005205508479365073 0.012380460373501708 0.0049888422474553265
v 0.005272665274241861 0.012345280279972833 0.004783701170206766
v 0.005119406466455867 0.012411040895584088 0.004983656166276384
v 0.005272665274241861 0.012345280279972833 0.004783701170206766
v 0.0051254484703744385 0.012409660928782703 0.004783787000899319
v 0.0028138440991808122 0.012942701000792641 0.00705049214472536
v 0.0032083140943423016 0.012833610190557395 0.007034495210982148
v 0.003214741144284411 0.012880400315765646 0.0069452713450499064
v 0.003214741144284411 0.012880400315765646 0.0069452713450499064
v 0.0032083140943423016 0.012833610190557395 0.007034495210982148
v 0.00360004012994658 0.012727161058304067 0.006985500190649639
v 0.003214741144284411 0.012880400315765646 0.0069452713450499064
v 0.00360004012994658 0.012727161058304067 0.006985500190649639
v 0.003598156146245035 0.012775780330938066 0.006897051185136281
v 0.003598156146245035 0.012775780330938066 0.006897051185136281
v 0.00360004012994658 0.012727161058304067 0.006985500190649639
v 0.003940047212822734 0.012636630658496292 0.0069071691932767725
v 0.003598156146245035 0.012775780330938066 0.006897051185136281
v 0.003940047212822734 0.012636630658496292 0.0069071691932767725
v 0.00392882508818998 0.012687400466815931 0.006820638503741981
v 0.00392882508818998 0.012687400466815931 0.006820638503741981
v 0.003940047212822734 0.012636630658496292 0.0069071691932767725
v 0.004235815249408192 0.012559060693264065 0.006801493490930786
v 0.00392882508818998 0.012687400466815931 0.006820638503741981
v 0.004235815249408192 0.012559060693264065 0.006801493490930786
v 0.004214299402133803 0.012612270954275303 0.006718438467607222
v 0.004214299402133803 0.012612270954275303 0.006718438467607222
v 0.004235815249408192 0.012559060693264065 0.006801493490930786
v 0.004495905136029377 0.012491430875903872 0.006667018253372901
v 0.004214299402133803 0.012612270954275303 0.006718438467607222
v 0.004495905136029377 0.012491430875903872 0.006667018253372901
v 0.004463240358629494 0.012547361016194688 0.006589577511016685
v 0.004463240358629494 0.012547361016194688 0.006589577511016685
v 0.004495905136029377 0.012491430875903872 0.006667018253372901
v 0.0046859361966911095 0.012442210788422 0.006532826257100442
v 0.004463240358629494 0.012547361016194688 0.006589577511016685
v 0.0046859361966911095 0.012442210788422 0.006532826257100442
v 0.004643830043110364 0.012500470755178458 0.0064619444101668404
v 0.004643830043110364 0.012500470755178458 0.0064619444101668404
v 0.0046859361966911095 0.012442210788422 0.006532826257100442
v 0.004890541308948393 0.012389180771865124 0.006335396113903434
v 0.004643830043110364 0.012500470755178458 0.0064619444101668404
v 0.004890541308948393 0.012389180771865124 0.006335396113903434
v 0.004837338200494867 0.012450240726547542 0.006275140106707931
v 0.004837338200494867 0.012450240726547542 0.006275140106707931
v 0.004890541308948393 0.012389180771865124 0.006335396113903434
v 0.004983793018547289 0.012364950767357327 0.006217822370220836
v 0.004837338200494867 0.012450240726547542 0.006275140106707931
v 0.004983793018547289 0.012364950767357327 0.006217822370220836
v 0.004925451035795725 0.012427330607356343 0.006163999373432203
v 0.004925451035795725 0.012427330607356343 0.006163999373432203
v 0.004983793018547289 0.012364950767357327 0.006217822370220836
v 0.005066141369168831 0.012343490233195916 0.0060919712099158346
v 0.004925451035795725 0.012427330607356343 0.006163999373432203
v 0.005066141369168831 0.012343490233195916 0.0060919712099158346
v 0.0050033853046341226 0.01240701066773153 0.0060448873530041785
v 0.0050033853046341226 0.01240701066773153 0.0060448873530041785
v 0.005066141369168831 0.012343490233195916 0.0060919712099158346
v 0.005191195257707448 0.012310701001291832 0.00583778742861668
v 0.0050033853046341226 0.01240701066773153 0.0060448873530041785
v 0.005191195257707448 0.012310701001291832 0.00583778742861668
v 0.00512225223075119 0.012375860802055213 0.005803261078862753
v 0.00512225223075119 0.012375860802055213 0.005803261078862753
v 0.005191195257707448 0.012310701001291832 0.00583778742861668
v 0.005284511340325759 0.012285960781000523 0.005547289158135404
v 0.00512225223075119 0.012375860802055213 0.005803261078862753
v 0.005284511340325759 0.012285960781000523 0.005547289158135404
v 0.005211697349135347 0.012352220168302949 0.005524956488770215
v 0.005211697349135347 0.012352220168302949 0.005524956488770215
v 0.005284511340325759 0.012285960781000523 0.005547289158135404
v 0.00534505726452722 0.012269640551648694 0.0052150261494948716
v 0.005211697349135347 0.012352220168302949 0.005524956488770215
v 0.00534505726452722 0.012269640551648694 0.0052150261494948716
v 0.005270290148244039 0.0123365503448658 0.0052039253799246446
v 0.005270290148244039 0.0123365503448658 0.0052039253799246446
v 0.00534505726452722 0.012269640551648694 0.0052150261494948716
v 0.005364243285335968 0.012264340983220708 0.004999232052788904
v 0.005270290148244039 0.0123365503448658 0.0052039253799246446
v 0.005364243285335968 0.012264340983220708 0.004999232052788904
v 0.005289030326288691 0.012331490148702603 0.004994139431697408
v 0.005289030326288691 0.012331490148702603 0.004994139431697408
v 0.005364243285335968 0.012264340983220708 0.004999232052788904
v 0.005397596138787819 0.012230230912325665 0.004783548105471712
v 0.005289030326288691 0.012331490148702603 0.004994139431697408
v 0.005397596138787819 0.012230230912325665 0.004783548105471712
v 0.005339602247178277 0.012293511020922129 0.0047836344130014466
v 0.002780695093623775 0.012824690474252384 0.00717797122716579
v 0.0031791750510576366 0.012690670616202212 0.007178441388626109
v 0.0031962591735731904 0.012769180904355078 0.007114001135168633
v 0.0031962591735731904 0.012769180904355078 0.007114001135168633
v 0.0031791750510576366 0.012690670616202212 0.007178441388626109
v 0.0035847381863944594 0.01258114016208622 0.007128492217094716
v 0.0031962591735731904 0.012769180904355078 0.007114001135168633
v 0.0035847381863944594 0.01258114016208622 0.007128492217094716
v 0.0035955361643548456 0.012661050444202068 0.007064417220917772
v 0.0035955361643548456 0.012661050444202068 0.007064417220917772
v 0.0035847381863944594 0.01258114016208622 0.007128492217094716
v 0.003940217205277707 0.012487050649560568 0.007047262526499452
v 0.0035955361643548456 0.012661050444202068 0.007064417220917772
v 0.003940217205277707 0.012487050649560568 0.007047262526499452
v 0.0039440021004007175 0.012568580270742587 0.006984446380479957
v 0.0039440021004007175 0.012568580270742587 0.006984446380479957
v 0.003940217205277707 0.012487050649560568 0.007047262526499452
v 0.004252923213782789 0.012405450456475783 0.006936084123086437
v 0.0039440021004007175 0.012568580270742587 0.006984446380479957
v 0.004252923213782789 0.012405450456475783 0.006936084123086437
v 0.004249054156897358 0.012488800642014294 0.006875705091898275
v 0.004249054156897358 0.012488800642014294 0.006875705091898275
v 0.004252923213782789 0.012405450456475783 0.006936084123086437
v 0.004531261182477986 0.012333390821705478 0.006792601431182264
v 0.004249054156897358 0.012488800642014294 0.006875705091898275
v 0.004531261182477986 0.012333390821705478 0.006792601431182264
v 0.004519167161060045 0.01241874086238048 0.0067362411837543195
v 0.004519167161060045 0.01241874086238048 0.0067362411837543195
v 0.004531261182477986 0.012333390821705478 0.006792601431182264
v 0.004736695037755589 0.012280340777987005 0.006647822218983355
v 0.004519167161060045 0.01241874086238048 0.0067362411837543195
v 0.004736695037755589 0.012280340777987005 0.006647822218983355
v 0.004717669234239608 0.01236741029353616 0.006596208408853608
v 0.004717669234239608 0.01236741029353616 0.006596208408853608
v 0.004736695037755589 0.012280340777987005 0.006647822218983355
v 0.00485225509802345 0.012250480280047712 0.006545685125356469
v 0.004717669234239608 0.01236741029353616 0.006596208408853608
v 0.00485225509802345 0.012250480280047712 0.006545685125356469
v 0.004829069366941718 0.012338600744743463 0.006497685264220397
v 0.004829069366941718 0.012338600744743463 0.006497685264220397
v 0.00485225509802345 0.012250480280047712 0.006545685125356469
v 0.004959357020377364 0.012222760781050442 0.006433196373370474
v 0.004829069366941718 0.012338600744743463 0.006497685264220397
v 0.004959357020377364 0.012222760781050442 0.006433196373370474
v 0.004932215448043287 0.012311880696477259 0.006389290159432013
v 0.004932215448043287 0.012311880696477259 0.006389290159432013
v 0.004959357020377364 0.012222760781050442 0.006433196373370474
v 0.005060957195338611 0.0121964002680186 0.006305195154217012
v 0.004932215448043287 0.012311880696477259 0.006389290159432013
v 0.005060957195338611 0.0121964002680186 0.006305195154217012
v 0.0050300652985771355 0.012286470996784035 0.006265964328836802
v 0.0050300652985771355 0.012286470996784035 0.006265964328836802
v 0.005060957195338611 0.0121964002680186 0.006305195154217012
v 0.005150468117253726 0.012173070532108251 0.006168425376144869
v 0.0051163604305445864 0.012263990984729963 0.006134097390658176
v 0.0051163604305445864 0.012263990984729963 0.006134097390658176
v 0.005150468117253726 0.012173070532108251 0.006168425376144869
v 0.005285540354962037 0.012137620548735014 0.005893864434759199
v 0.0051163604305445864 0.012263990984729963 0.006134097390658176
v 0.005285540354962037 0.012137620548735014 0.005893864434759199
v 0.005246941338846456 0.012229720696542153 0.005868681232726879
v 0.005246941338846456 0.012229720696542153 0.005868681232726879
v 0.005285540354962037 0.012137620548735014 0.005893864434759199
v 0.00538508345432509 0.012111110308828384 0.005583558347785344
v 0.005246941338846456 0.012229720696542153 0.005868681232726879
v 0.00538508345432509 0.012111110308828384 0.005583558347785344
v 0.005343700185910516 0.012204010589424993 0.005567271497036174
v 0.005343700185910516 0.012204010589424993 0.005567271497036174
v 0.00538508345432509 0.012111110308828384 0.005583558347785344
v 0.005448699256296874 0.012093750574422298 0.005233023415211756
v 0.005343700185910516 0.012204010589424993 0.005567271497036174
v 0.005448699256296874 0.012093750574422298 0.005233023415211756
v 0.005405958432428415 0.012187110526061248 0.0052249472238796715
v 0.005405958432428415 0.012187110526061248 0.0052249472238796715
v 0.005448699256296874 0.012093750574422298 0.005233023415211756
v 0.005468527099951048 0.012088101007503568 0.005007442235368808
v 0.005405958432428415 0.012187110526061248 0.0052249472238796715
v 0.005468527099951048 0.012088101007503568 0.005007442235368808
v 0.005425516386238227 0.012181610686017304 0.0050037653438672605
v 0.005425516386238227 0.012181610686017304 0.0050037653438672605
v 0.005468527099951048 0.012088101007503568 0.005007442235368808
v 0.0054767692306220694 0.012080100633283238 0.004783351171716021
v 0.005425516386238227 0.012181610686017304 0.0050037653438672605
v 0.0054767692306220694 0.012080100633283238 0.004783351171716021
v 0.005443897029048517 0.012157980542683019 0.004783452261198361
v 0.004219431123874129 0.012180830580389431 0.007012878274225419
v 0.0040935341871997655 0.012207700355530423 0.007062536098239312
v 0.0040936562575180635 0.011050000715581708 0.007062491275544312
v 0.0034664720751252653 0.012350540747751989 0.007219076499503927
v 0.0031913692082835565 0.012417750948393032 0.007252261506268119
v 0.0031591922353196855 0.011050000715581708 0.007255036221823495
v 0.0031591922353196855 0.011050000715581708 0.007255036221823495
v 0.0031913692082835565 0.012417750948393032 0.007252261506268119
v 0.002701335081614631 0.011050000715581708 0.00727314554427788
v 0.002701335081614631 0.011050000715581708 0.00727314554427788
v 0.0031913692082835565 0.012417750948393032 0.007252261506268119
v 0.0028450180451347618 0.012505190489594527 0.007271472322610271
v 0.002701335081614631 0.011050000715581708 0.00727314554427788
v 0.0028450180451347618 0.012505190489594527 0.007271472322610271
v 0.002701335081614631 0.012542170166643937 0.00727314554427788
v 0.0040936562575180635 0.011050000715581708 0.007062491275544312
v 0.0040935341871997655 0.012207700355530423 0.007062536098239312
v 0.0036654900861345097 0.011050000715581708 0.007183138234857498
v 0.0036654900861345097 0.011050000715581708 0.007183138234857498
v 0.0040935341871997655 0.012207700355530423 0.007062536098239312
v 0.0039952961912007035 0.01222908078104545 0.007096313336782121
v 0.0036654900861345097 0.011050000715581708 0.007183138234857498
v 0.0039952961912007035 0.01222908078104545 0.007096313336782121
v 0.003899433082780873 0.012250300989267712 0.0071255124615515735
v 0.003899433082780873 0.012250300989267712 0.0071255124615515735
v 0.0037481402746915304 0.012284500705552755 0.007164828163949975
v 0.0036654900861345097 0.011050000715581708 0.007183138234857498
v 0.0036654900861345097 0.011050000715581708 0.007183138234857498
v 0.0037481402746915304 0.012284500705552755 0.007164828163949975
v 0.003665321285772488 0.01230360089566895 0.0071831763818319665
v 0.0036654900861345097 0.011050000715581708 0.007183138234857498
v 0.003665321285772488 0.01230360089566895 0.0071831763818319665
v 0.0031591922353196855 0.011050000715581708 0.007255036221823495
v 0.0031591922353196855 0.011050000715581708 0.007255036221823495
v 0.003665321285772488 0.01230360089566895 0.0071831763818319665
v 0.0035314642676195773 0.012335020651189629 0.007208534106272478
v 0.0031591922353196855 0.011050000715581708 0.007255036221823495
v 0.0035314642676195773 0.012335020651189629 0.007208534106272478
v 0.0034664720751252653 0.012350540747751989 0.007219076499503927
v 0.004598016003611316 0.012103640177553162 0.006808434332935263
v 0.004455503198532995 0.011050000715581708 0.006896701186645536
v 0.004759649025967427 0.0120721403133861 0.006686643441225213
v 0.004759649025967427 0.0120721403133861 0.006686643441225213
v 0.004455503198532995 0.011050000715581708 0.006896701186645536
v 0.004759653317502055 0.011050000715581708 0.006686639149690586
v 0.004759649025967427 0.0120721403133861 0.006686643441225213
v 0.004759653317502055 0.011050000715581708 0.006686639149690586
v 0.004763006436557804 0.01207149086114578 0.006683823426137657
v 0.004598016003611316 0.012103640177553162 0.006808434332935263
v 0.00451690838333435 0.012119721034640204 0.006860588399590915
v 0.004455503198532995 0.011050000715581708 0.006896701186645536
v 0.004455503198532995 0.011050000715581708 0.006896701186645536
v 0.00451690838333435 0.012119721034640204 0.006860588399590915
v 0.004455457422163633 0.012132060627206284 0.0068967274126904825
v 0.004455503198532995 0.011050000715581708 0.006896701186645536
v 0.004455457422163633 0.012132060627206284 0.0068967274126904825
v 0.0040936562575180635 0.011050000715581708 0.007062491275544312
v 0.0040936562575180635 0.011050000715581708 0.007062491275544312
v 0.004455457422163633 0.012132060627206284 0.0068967274126904825
v 0.004421636314600186 0.012138920406890016 0.006915484280036464
v 0.0040936562575180635 0.011050000715581708 0.007062491275544312
v 0.004421636314600186 0.012138920406890016 0.006915484280036464
v 0.004219431123874129 0.012180830580389431 0.007012878274225419
v 0.00515997720431427 0.011995590779720898 0.006218966302617699
v 0.005005723237331838 0.011050000715581708 0.006437831230768352
v 0.005211390265990878 0.011985630604687268 0.00612852316401402
v 0.005211390265990878 0.011985630604687268 0.00612852316401402
v 0.005005723237331838 0.011050000715581708 0.006437831230768352
v 0.005211404094269123 0.011050000715581708 0.006128497414806254
v 0.005211390265990878 0.011985630604687268 0.00612852316401402
v 0.005211404094269123 0.011050000715581708 0.006128497414806254
v 0.005257390271990459 0.011976580234994703 0.006036934185664753
v 0.00515997720431427 0.011995590779720898 0.006218966302617699
v 0.0050433743011318866 0.012017901037738584 0.0063902252371436635
v 0.005005723237331838 0.011050000715581708 0.006437831230768352
v 0.005005723237331838 0.011050000715581708 0.006437831230768352
v 0.0050433743011318866 0.012017901037738584 0.0063902252371436635
v 0.005005699395472796 0.01202507076158987 0.006437864132533831
v 0.005005723237331838 0.011050000715581708 0.006437831230768352
v 0.005005699395472796 0.01202507076158987 0.006437864132533831
v 0.004759653317502055 0.011050000715581708 0.006686639149690586
v 0.004759653317502055 0.011050000715581708 0.006686639149690586
v 0.005005699395472796 0.01202507076158987 0.006437864132533831
v 0.004911195034599802 0.012043070411492659 0.0065447281131345
v 0.004759653317502055 0.011050000715581708 0.006686639149690586
v 0.004911195034599802 0.012043070411492659 0.0065447281131345
v 0.004763006436557804 0.01207149086114578 0.006683823426137657
v 0.0054114024825221985 0.011944910616791258 0.005596764353509031
v 0.005367169158277674 0.011954240413071802 0.005754989420533595
v 0.005367177264509748 0.011050000715581708 0.005754963194488648
v 0.005367177264509748 0.011050000715581708 0.005754963194488648
v 0.005367169158277674 0.011954240413071802 0.005754989420533595
v 0.005338687196628222 0.01196014079634766 0.0058397500904530655
v 0.005367177264509748 0.011050000715581708 0.005754963194488648
v 0.005338687196628222 0.01196014079634766 0.0058397500904530655
v 0.005211404094269123 0.011050000715581708 0.006128497414806254
v 0.005211404094269123 0.011050000715581708 0.006128497414806254
v 0.005338687196628222 0.01196014079634766 0.0058397500904530655
v 0.005307943119392811 0.011966430278763094 0.005920876307380084
v 0.005211404094269123 0.011050000715581708 0.006128497414806254
v 0.005307943119392811 0.011966430278763094 0.005920876307380084
v 0.005257390271990459 0.011976580234994703 0.006036934185664753
v 0.0054114024825221985 0.011944910616791258 0.005596764353509031
v 0.005367177264509748 0.011050000715581708 0.005754963194488648
v 0.0054593641966838025 0.011934510797876883 0.00535656906774734
v 0.0054593641966838025 0.011934510797876883 0.00535656906774734
v 0.005367177264509748 0.011050000715581708 0.005754963194488648
v 0.0054670860979905145 0.011050000715581708 0.005304471267879029
v 0.0054593641966838025 0.011934510797876883 0.00535656906774734
v 0.0054670860979905145 0.011050000715581708 0.005304471267879029
v 0.005467085144316153 0.011932810396489966 0.0053044784204367415
v 0.005501335405342367 0.011050000715581708 0.004783135164473095
v 0.005501335405342367 0.011925310701309531 0.0047831461317282544
v 0.0054670860979905145 0.011050000715581708 0.005304471267879029
v 0.0054670860979905145 0.011050000715581708 0.005304471267879029
v 0.005501335405342367 0.011925310701309531 0.0047831461317282544
v 0.005489768289009267 0.011927750200326768 0.005093724015895195
v 0.0054670860979905145 0.011050000715581708 0.005304471267879029
v 0.005489768289009267 0.011927750200326768 0.005093724015895195
v 0.005467085144316153 0.011932810396489966 0.0053044784204367415
v 0.002813933029315041 0.013136830953860975 0.002274372208856956
v 0.002293082107740624 0.013313210166034924 0.0020542140982718333
v 0.002258931028848027 0.013262150440709327 0.003828522148779239
v 1.3350420101425976e-06 0.013647041015326097 0.0011731460651666357
v 1.3350420101425976e-06 0.013625820807103835 0.0016823631132026336
v 0.0003737435220376763 0.013616280248789355 0.0017968641180918228
v 0.004631780367550242 0.01253762018626425 0.005001362084475768
v 0.005119406466455867 0.012411040895584088 0.004983656166276384
v 0.004690630181899413 0.012528260826078493 0.0040128042219700335
v 0.004690630181899413 0.012528260826078493 0.0040128042219700335
v 0.005119406466455867 0.012411040895584088 0.004983656166276384
v 0.0051254484703744385 0.012409660928782703 0.004783787000899319
v 0.004690630181899413 0.012528260826078493 0.0040128042219700335
v 0.0051254484703744385 0.012409660928782703 0.004783787000899319
v 0.005131262069283382 0.012418420427794948 0.0029688030699351327
v 0.004965688464464713 0.012451300258763395 0.005732480321411492
v 0.005009466409201524 0.012439820880471571 0.005611308364362188
v 0.004631780367550242 0.01253762018626425 0.005001362084475768
v 0.004965688464464713 0.012451300258763395 0.005732480321411492
v 0.004631780367550242 0.01253762018626425 0.005001362084475768
v 0.004885249369915301 0.012472350712949273 0.0059032295169911255
v 0.004885249369915301 0.012472350712949273 0.0059032295169911255
v 0.004631780367550242 0.01253762018626425 0.005001362084475768
v 0.0045612242004111625 0.012555270791350655 0.005989317224784906
v 0.004885249369915301 0.012472350712949273 0.0059032295169911255
v 0.0045612242004111625 0.012555270791350655 0.005989317224784906
v 0.00479065107211768 0.01249704038849941 0.006053638268947168
v 0.0050471441758837 0.012429920786922729 0.005479168198478933
v 0.004631780367550242 0.01253762018626425 0.005001362084475768
v 0.0050471441758837 0.012429920786922729 0.005479168198478933
v 0.0050906584296595 0.012418500536441331 0.005260851156249079
v 0.004631780367550242 0.01253762018626425 0.005001362084475768
v 0.0050906584296595 0.012418500536441331 0.005260851156249079
v 0.005119406466455867 0.012411040895584088 0.004983656166276384
v 0.004503291343960769 0.012571920992031634 0.0063471272622267465
v 0.0045422761213556595 0.012561760545382047 0.006316543402284101
v 0.0045612242004111625 0.012555270791350655 0.005989317224784906
v 0.0045612242004111625 0.012555270791350655 0.005989317224784906
v 0.0045422761213556595 0.012561760545382047 0.006316543402284101
v 0.004717702136005086 0.012516050933225605 0.006146215253935159
v 0.0045612242004111625 0.012555270791350655 0.005989317224784906
v 0.004717702136005086 0.012516050933225605 0.006146215253935159
v 0.00479065107211768 0.01249704038849941 0.006053638268947168
v 0.003916073269881054 0.012726530679550981 0.0066351483635534985
v 0.004154772002150642 0.012663250570954517 0.006547935320012908
v 0.004095318988767693 0.01267824042457177 0.005764965331194193
v 0.004095318988767693 0.01267824042457177 0.005764965331194193
v 0.004154772002150642 0.012663250570954517 0.006547935320012908
v 0.004234525404833989 0.01264225066150981 0.006511170219694882
v 0.004095318988767693 0.01267824042457177 0.005764965331194193
v 0.004234525404833989 0.01264225066150981 0.006511170219694882
v 0.004380982130235134 0.012603860500079441 0.006430671520497864
v 0.003085718063052384 0.012953600545072549 0.006769959294486703
v 0.0032414712061314133 0.012910170214640578 0.00675905116713754
v 0.0032714461449941112 0.012904270785039081 0.00629718238222998
v 0.0032714461449941112 0.012904270785039081 0.00629718238222998
v 0.0032414712061314133 0.012910170214640578 0.00675905116713754
v 0.003536990095289877 0.01282878078358973 0.006722260317611748
v 0.0025232352024735782 0.013110680249188707 0.006779220426213204
v 0.0026433950726065247 0.013077541018793878 0.0067784903884893204
v 0.0026885501231216358 0.013077870990123027 0.005923860354457854
v 0.0026885501231216358 0.013077870990123027 0.005923860354457854
v 0.0026433950726065247 0.013077541018793878 0.0067784903884893204
v 0.002836548224709884 0.01302353062499317 0.006777253472842191
v 0.002171025140883659 0.013207370431698725 0.006520592522388511
v 0.0021595960689144156 0.013205470712370212 0.006781116330844271
v 0.002177500112962444 0.013201100976444887 0.006781034314849164
v 0.0017325731146719536 0.013307790434637364 0.006272037327172129
v 0.0019374071087760458 0.013256180439205064 0.006782029474045602
v 0.0019523690674182193 0.013261191044301453 0.0063868654423673826
v 0.0019523690674182193 0.013261191044301453 0.0063868654423673826
v 0.0019374071087760458 0.013256180439205064 0.006782029474045602
v 0.002067939141266878 0.013227240237024814 0.0067815154435646435
v 0.0014132980779541643 0.013343650497986134 0.006783720338688902
v 0.0014873740187437007 0.01333413092050761 0.006783504331445976
v 0.0015036770819570194 0.01334717051005518 0.006176390464413815
v 0.0015036770819570194 0.01334717051005518 0.006176390464413815
v 0.0014873740187437007 0.01333413092050761 0.006783504331445976
v 0.0016263221082672696 0.013313820517626414 0.006783083284215284
v 0.0015036770819570194 0.01334717051005518 0.006176390464413815
v 0.0016263221082672696 0.013313820517626414 0.006783083284215284
v 0.0017325731146719536 0.013307790434637364 0.006272037327172129
v 0.0017325731146719536 0.013307790434637364 0.006272037327172129
v 0.0016263221082672696 0.013313820517626414 0.006783083284215284
v 0.0017163450341053238 0.013298860227914374 0.006782796228232411
v 0.0017325731146719536 0.013307790434637364 0.006272037327172129
v 0.0017163450341053238 0.013298860227914374 0.006782796228232411
v 0.0019374071087760458 0.013256180439205064 0.006782029474045602
v 0.0014132980779541643 0.013343650497986134 0.006783720338688902
v 0.0015036770819570194 0.01334717051005518 0.006176390464413815
v 0.0012439430350820457 0.0133622309355752 0.006784182393917147
v 0.0012439430350820457 0.0133622309355752 0.006784182393917147
v 0.0015036770819570194 0.01334717051005518 0.006176390464413815
v 0.0012583710552909605 0.013379320780136924 0.006100181392495739
v 0.0012439430350820457 0.0133622309355752 0.006784182393917147
v 0.0012583710552909605 0.013379320780136924 0.006100181392495739
v 0.0010480109950979782 0.013378880182581817 0.006784655416400552
v 0.0010480109950979782 0.013378880182581817 0.006784655416400552
v 0.0012583710552909605 0.013379320780136924 0.006100181392495739
v 0.0010005350588143669 0.013435600918918485 0.005182259328938287
v 0.0010480109950979782 0.013378880182581817 0.006784655416400552
v 0.0010005350588143669 0.013435600918918485 0.005182259328938287
v 0.0009786087739365595 0.013383680979318632 0.006784808481135605
v 0.0009786087739365595 0.013383680979318632 0.006784808481135605
v 0.0010005350588143669 0.013435600918918485 0.005182259328938287
v 0.0007003524040039358 0.01345470110903468 0.005154621369098943
v 0.0009786087739365595 0.013383680979318632 0.006784808481135605
v 0.0007003524040039358 0.01345470110903468 0.005154621369098943
v 0.0006855304566789899 0.01339878050548748 0.006785333478871723
v 0.0006855304566789899 0.01339878050548748 0.006785333478871723
v 0.0007003524040039358 0.01345470110903468 0.005154621369098943
v 0.0006587490156257508 0.013399800937054503 0.006785374486869276
v 0.0006587490156257508 0.013399800937054503 0.006785374486869276
v 0.0007003524040039358 0.01345470110903468 0.005154621369098943
v 0.0003681617256032742 0.013465740843445758 0.005147655254723881
v 0.0006587490156257508 0.013399800937054503 0.006785374486869276
v 0.0003681617256032742 0.013465740843445758 0.005147655254723881
v 0.00036088262722363054 0.013407730739372067 0.006785695398291989
v 0.00036088262722363054 0.013407730739372067 0.006785695398291989
v 0.0003681617256032742 0.013465740843445758 0.005147655254723881
v 1.3350420101425976e-06 0.013468730612569698 0.005161516434734058
v 0.00036088262722363054 0.013407730739372067 0.006785695398291989
v 1.3350420101425976e-06 0.013468730612569698 0.005161516434734058
v 1.33504410561849e-06 0.013410700481334411 0.0067858293895398086
v 0.0018906560842166242 0.013456620855524789 0.0011731460651666357
v 0.002293082107740624 0.013313210166034924 0.0020542140982718333
v 0.0022747210152547492 0.013347670235420713 0.0011731460651666357
v 0.0022747210152547492 0.013347670235420713 0.0011731460651666357
v 0.002293082107740624 0.013313210166034924 0.0020542140982718333
v 0.002813933029315041 0.013136830953860975 0.002274372208856956
v 0.0022747210152547492 0.013347670235420713 0.0011731460651666357
v 0.002813933029315041 0.013136830953860975 0.002274372208856956
v 0.0025594400191041033 0.013254960689696445 0.0011731460651666357
v 0.0025594400191041033 0.013254960689696445 0.0011731460651666357
v 0.002813933029315041 0.013136830953860975 0.002274372208856956
v 0.003444366141839572 0.012921230929887614 0.00254423201247661
v 0.0025594400191041033 0.013254960689696445 0.0011731460651666357
v 0.003444366141839572 0.012921230929887614 0.00254423201247661
v 0.003421998186523001 0.012960050244780748 0.0011731460651666357
v 0.0020245200165086574 0.013329590476871541 0.003720634160332691
v 0.0020517941495790115 0.013386561075890976 0.001965560052770709
v 0.001790563072374754 0.01338789049795119 0.0036303142841402616
v 0.001790563072374754 0.01338789049795119 0.0036303142841402616
v 0.0020517941495790115 0.013386561075890976 0.001965560052770709
v 0.001811759081110087 0.013449970884200631 0.001892656058562411
v 0.001790563072374754 0.01338789049795119 0.0036303142841402616
v 0.001811759081110087 0.013449970884200631 0.001892656058562411
v 0.0015489680310686732 0.013437010449625083 0.0035584081909421908
v 0.0015489680310686732 0.013437010449625083 0.0035584081909421908
v 0.001811759081110087 0.013449970884200631 0.001892656058562411
v 0.0015648530272836803 0.013503370926409849 0.0018365231432604374
v 0.0015489680310686732 0.013437010449625083 0.0035584081909421908
v 0.0015648530272836803 0.013503370926409849 0.0018365231432604374
v 0.0012923000472665758 0.013476920767988006 0.0035056771512977083
v 0.0012923000472665758 0.013476920767988006 0.0035056771512977083
v 0.0015648530272836803 0.013503370926409849 0.0018365231432604374
v 0.0013036150359403004 0.01354674022168267 0.0017981160541101489
v 0.0012923000472665758 0.013476920767988006 0.0035056771512977083
v 0.0013036150359403004 0.01354674022168267 0.0017981160541101489
v 0.0010140010600109134 0.013507580445042407 0.0034728092412587832
v 0.0010140010600109134 0.013507580445042407 0.0034728092412587832
v 0.0013036150359403004 0.01354674022168267 0.0017981160541101489
v 0.0010214610584960426 0.01358003108630101 0.0017782671104107218
v 0.0010140010600109134 0.013507580445042407 0.0034728092412587832
v 0.0010214610584960426 0.01358003108630101 0.0017782671104107218
v 0.0007085997202792987 0.013528970407301052 0.0034603630755827832
v 0.0007085997202792987 0.013528970407301052 0.0034603630755827832
v 0.0010214610584960426 0.01358003108630101 0.0017782671104107218
v 0.0007128985266739718 0.01360322063208019 0.0017776710639346572
v 0.0007085997202792987 0.013528970407301052 0.0034603630755827832
v 0.0007128985266739718 0.01360322063208019 0.0017776710639346572
v 0.00037192811348320254 0.013541081118020323 0.003468771145592741
v 0.00037192811348320254 0.013541081118020323 0.003468771145592741
v 0.0007128985266739718 0.01360322063208019 0.0017776710639346572
v 0.0003737435220376763 0.013616280248789355 0.0017968641180918228
v 0.00037192811348320254 0.013541081118020323 0.003468771145592741
v 0.0003737435220376763 0.013616280248789355 0.0017968641180918228
v 1.3350420101425976e-06 0.01349850051144463 0.004487440322394897
v 1.3350420101425976e-06 0.01349850051144463 0.004487440322394897
v 0.0003737435220376763 0.013616280248789355 0.0017968641180918228
v 1.3350420101425976e-06 0.013625820807103835 0.0016823631132026336
v 0.004234793387329627 0.012699220306854882 0.0011731460651666357
v 0.003421998186523001 0.012960050244780748 0.0011731460651666357
v 0.004251254283649808 0.012666770583023564 0.0028553081914975405
v 0.004251254283649808 0.012666770583023564 0.0028553081914975405
v 0.003421998186523001 0.012960050244780748 0.0011731460651666357
v 0.003444366141839572 0.012921230929887614 0.00254423201247661
v 0.004251254283649808 0.012666770583023564 0.0028553081914975405
v 0.003444366141839572 0.012921230929887614 0.00254423201247661
v 0.003412660045591792 0.012909830706567812 0.0034803671105752823
v 0.003412660045591792 0.012909830706567812 0.0034803671105752823
v 0.003444366141839572 0.012921230929887614 0.00254423201247661
v 0.002813933029315041 0.013136830953860975 0.002274372208856956
v 0.003412660045591792 0.012909830706567812 0.0034803671105752823
v 0.002813933029315041 0.013136830953860975 0.002274372208856956
v 0.00276349819911495 0.013100021030847949 0.004093464092134179
v 0.00276349819911495 0.013100021030847949 0.004093464092134179
v 0.002813933029315041 0.013136830953860975 0.002274372208856956
v 0.002258931028848027 0.013262150440709327 0.003828522148779239
v 0.00276349819911495 0.013100021030847949 0.004093464092134179
v 0.002258931028848027 0.013262150440709327 0.003828522148779239
v 0.0027296670779707044 0.013086001064056548 0.005007137059573063
v 0.0027296670779707044 0.013086001064056548 0.005007137059573063
v 0.002258931028848027 0.013262150440709327 0.003828522148779239
v 0.002206656083967029 0.013219890268719166 0.005618729381407782
v 0.0027296670779707044 0.013086001064056548 0.005007137059573063
v 0.002206656083967029 0.013219890268719166 0.005618729381407782
v 0.0026885501231216358 0.013077870990123027 0.005923860354457854
v 0.0026885501231216358 0.013077870990123027 0.005923860354457854
v 0.002206656083967029 0.013219890268719166 0.005618729381407782
v 0.002171025140883659 0.013207370431698725 0.006520592522388511
v 0.0026885501231216358 0.013077870990123027 0.005923860354457854
v 0.002171025140883659 0.013207370431698725 0.006520592522388511
v 0.0025232352024735782 0.013110680249188707 0.006779220426213204
v 0.0025232352024735782 0.013110680249188707 0.006779220426213204
v 0.002171025140883659 0.013207370431698725 0.006520592522388511
v 0.002177500112962444 0.013201100976444887 0.006781034314849164
v 0.004690630181899413 0.012528260826078493 0.0040128042219700335
v 0.004157210070656336 0.012667900687142183 0.00479498504525444
v 0.004631780367550242 0.01253762018626425 0.005001362084475768
v 0.004631780367550242 0.01253762018626425 0.005001362084475768
v 0.004157210070656336 0.012667900687142183 0.00479498504525444
v 0.004095318988767693 0.01267824042457177 0.005764965331194193
v 0.004631780367550242 0.01253762018626425 0.005001362084475768
v 0.004095318988767693 0.01267824042457177 0.005764965331194193
v 0.0045612242004111625 0.012555270791350655 0.005989317224784906
v 0.0045612242004111625 0.012555270791350655 0.005989317224784906
v 0.004095318988767693 0.01267824042457177 0.005764965331194193
v 0.004380982130235134 0.012603860500079441 0.006430671520497864
v 0.0045612242004111625 0.012555270791350655 0.005989317224784906
v 0.004380982130235134 0.012603860500079441 0.006430671520497864
v 0.004503291343960769 0.012571920992031634 0.0063471272622267465
v 0.003536990095289877 0.01282878078358973 0.006722260317611748
v 0.0035784181863994513 0.012817490232821523 0.006715164503523495
v 0.0032714461449941112 0.012904270785039081 0.00629718238222998
v 0.0032714461449941112 0.012904270785039081 0.00629718238222998
v 0.0035784181863994513 0.012817490232821523 0.006715164503523495
v 0.003916073269881054 0.012726530679550981 0.0066351483635534985
v 0.0032714461449941112 0.012904270785039081 0.00629718238222998
v 0.003916073269881054 0.012726530679550981 0.0066351483635534985
v 0.0033274592549543958 0.012899000780516309 0.005356889025495692
v 0.0033274592549543958 0.012899000780516309 0.005356889025495692
v 0.003916073269881054 0.012726530679550981 0.0066351483635534985
v 0.004095318988767693 0.01267824042457177 0.005764965331194193
v 0.0033274592549543958 0.012899000780516309 0.005356889025495692
v 0.004095318988767693 0.01267824042457177 0.005764965331194193
v 0.003374052207988365 0.012901830332347482 0.004417919368775446
v 0.003374052207988365 0.012901830332347482 0.004417919368775446
v 0.004095318988767693 0.01267824042457177 0.005764965331194193
v 0.004157210070656336 0.012667900687142183 0.00479498504525444
v 0.003374052207988365 0.012901830332347482 0.004417919368775446
v 0.004157210070656336 0.012667900687142183 0.00479498504525444
v 0.004208757123580764 0.012664740210307498 0.0038250271706621866
v 0.004208757123580764 0.012664740210307498 0.0038250271706621866
v 0.004157210070656336 0.012667900687142183 0.00479498504525444
v 0.004690630181899413 0.012528260826078493 0.0040128042219700335
v 0.004208757123580764 0.012664740210307498 0.0038250271706621866
v 0.004690630181899413 0.012528260826078493 0.0040128042219700335
v 0.004739203201326869 0.012525070785338595 0.003023982191666107
v 0.004739203201326869 0.012525070785338595 0.003023982191666107
v 0.004690630181899413 0.012528260826078493 0.0040128042219700335
v 0.005131262069283382 0.012418420427794948 0.0029688030699351327
v 0.005136186366850037 0.012435410136548693 0.0011731460651666357
v 0.005136186366850037 0.012435410136548693 0.0011731460651666357
v 0.004234793387329627 0.012699220306854882 0.0011731460651666357
v 0.004739203201326869 0.012525070785338595 0.003023982191666107
v 0.004739203201326869 0.012525070785338595 0.003023982191666107
v 0.004234793387329627 0.012699220306854882 0.0011731460651666357
v 0.004251254283649808 0.012666770583023564 0.0028553081914975405
v 0.004739203201326869 0.012525070785338595 0.003023982191666107
v 0.004251254283649808 0.012666770583023564 0.0028553081914975405
v 0.004208757123580764 0.012664740210307498 0.0038250271706621866
v 0.004208757123580764 0.012664740210307498 0.0038250271706621866
v 0.004251254283649808 0.012666770583023564 0.0028553081914975405
v 0.003412660045591792 0.012909830706567812 0.0034803671105752823
v 0.004208757123580764 0.012664740210307498 0.0038250271706621866
v 0.003412660045591792 0.012909830706567812 0.0034803671105752823
v 0.003374052207988365 0.012901830332347482 0.004417919368775446
v 0.003374052207988365 0.012901830332347482 0.004417919368775446
v 0.003412660045591792 0.012909830706567812 0.0034803671105752823
v 0.00276349819911495 0.013100021030847949 0.004093464092134179
v 0.003374052207988365 0.012901830332347482 0.004417919368775446
v 0.00276349819911495 0.013100021030847949 0.004093464092134179
v 0.0033274592549543958 0.012899000780516309 0.005356889025495692
v 0.0033274592549543958 0.012899000780516309 0.005356889025495692
v 0.00276349819911495 0.013100021030847949 0.004093464092134179
v 0.0027296670779707044 0.013086001064056548 0.005007137059573063
v 0.0033274592549543958 0.012899000780516309 0.005356889025495692
v 0.0027296670779707044 0.013086001064056548 0.005007137059573063
v 0.0032714461449941112 0.012904270785039081 0.00629718238222998
v 0.0032714461449941112 0.012904270785039081 0.00629718238222998
v 0.0027296670779707044 0.013086001064056548 0.005007137059573063
v 0.0026885501231216358 0.013077870990123027 0.005923860354457854
v 0.0032714461449941112 0.012904270785039081 0.00629718238222998
v 0.0026885501231216358 0.013077870990123027 0.005923860354457854
v 0.003085718063052384 0.012953600545072549 0.006769959294486703
v 0.003085718063052384 0.012953600545072549 0.006769959294486703
v 0.0026885501231216358 0.013077870990123027 0.005923860354457854
v 0.002836548224709884 0.01302353062499317 0.006777253472842191
v 0.0019523690674182193 0.013261191044301453 0.0063868654423673826
v 0.0019819050776559433 0.01327901044974988 0.005493104241926504
v 0.0017325731146719536 0.013307790434637364 0.006272037327172129
v 0.0017325731146719536 0.013307790434637364 0.006272037327172129
v 0.0019819050776559433 0.01327901044974988 0.005493104241926504
v 0.0017565900921692051 0.01333016077413984 0.0053861634905397185
v 0.0017325731146719536 0.013307790434637364 0.006272037327172129
v 0.0017565900921692051 0.01333016077413984 0.0053861634905397185
v 0.0015036770819570194 0.01334717051005518 0.006176390464413815
v 0.0015036770819570194 0.01334717051005518 0.006176390464413815
v 0.0017565900921692051 0.01333016077413984 0.0053861634905397185
v 0.0015226920374271369 0.013373320261053086 0.005298406375775776
v 0.0015036770819570194 0.01334717051005518 0.006176390464413815
v 0.0015226920374271369 0.013373320261053086 0.005298406375775776
v 0.0012583710552909605 0.013379320780136924 0.006100181392495739
v 0.0012583710552909605 0.013379320780136924 0.006100181392495739
v 0.0015226920374271369 0.013373320261053086 0.005298406375775776
v 0.0012728400834974285 0.013408470790676748 0.005230300198071912
v 0.0012583710552909605 0.013379320780136924 0.006100181392495739
v 0.0012728400834974285 0.013408470790676748 0.005230300198071912
v 0.0010005350588143669 0.013435600918918485 0.005182259328938287
v 0.0019819050776559433 0.01327901044974988 0.005493104241926504
v 0.0020245200165086574 0.013329590476871541 0.003720634160332691
v 0.0017565900921692051 0.01333016077413984 0.0053861634905397185
v 0.0017565900921692051 0.01333016077413984 0.0053861634905397185
v 0.0020245200165086574 0.013329590476871541 0.003720634160332691
v 0.001790563072374754 0.01338789049795119 0.0036303142841402616
v 0.0017565900921692051 0.01333016077413984 0.0053861634905397185
v 0.001790563072374754 0.01338789049795119 0.0036303142841402616
v 0.0015226920374271369 0.013373320261053086 0.005298406375775776
v 0.0015226920374271369 0.013373320261053086 0.005298406375775776
v 0.001790563072374754 0.01338789049795119 0.0036303142841402616
v 0.0015489680310686732 0.013437010449625083 0.0035584081909421908
v 0.0015226920374271369 0.013373320261053086 0.005298406375775776
v 0.0015489680310686732 0.013437010449625083 0.0035584081909421908
v 0.0012728400834974285 0.013408470790676748 0.005230300198071912
v 0.0012728400834974285 0.013408470790676748 0.005230300198071912
v 0.0015489680310686732 0.013437010449625083 0.0035584081909421908
v 0.0012923000472665758 0.013476920767988006 0.0035056771512977083
v 0.0012728400834974285 0.013408470790676748 0.005230300198071912
v 0.0012923000472665758 0.013476920767988006 0.0035056771512977083
v 0.0010005350588143669 0.013435600918918485 0.005182259328938287
v 0.0010005350588143669 0.013435600918918485 0.005182259328938287
v 0.0012923000472665758 0.013476920767988006 0.0035056771512977083
v 0.0010140010600109134 0.013507580445042407 0.0034728092412587832
v 0.0010005350588143669 0.013435600918918485 0.005182259328938287
v 0.0010140010600109134 0.013507580445042407 0.0034728092412587832
v 0.0007003524040039358 0.01345470110903468 0.005154621369098943
v 0.0007003524040039358 0.01345470110903468 0.005154621369098943
v 0.0010140010600109134 0.013507580445042407 0.0034728092412587832
v 0.0007085997202792987 0.013528970407301052 0.0034603630755827832
v 0.0007003524040039358 0.01345470110903468 0.005154621369098943
v 0.0007085997202792987 0.013528970407301052 0.0034603630755827832
v 0.0003681617256032742 0.013465740843445758 0.005147655254723881
v 0.0003681617256032742 0.013465740843445758 0.005147655254723881
v 0.0007085997202792987 0.013528970407301052 0.0034603630755827832
v 0.00037192811348320254 0.013541081118020323 0.003468771145592741
v 0.0003681617256032742 0.013465740843445758 0.005147655254723881
v 0.00037192811348320254 0.013541081118020323 0.003468771145592741
v 1.3350420101425976e-06 0.013468730612569698 0.005161516434734058
v 1.3350420101425976e-06 0.013468730612569698 0.005161516434734058
v 0.00037192811348320254 0.013541081118020323 0.003468771145592741
v 1.3350420101425976e-06 0.01349850051144463 0.004487440322394897
v 1.3350420101425976e-06 0.013647041015326097 0.0011731460651666357
v 0.0003737435220376763 0.013616280248789355 0.0017968641180918228
v 0.00040686791087525195 0.013641380957989387 0.0011731460651666357
v 0.00040686791087525195 0.013641380957989387 0.0011731460651666357
v 0.0003737435220376763 0.013616280248789355 0.0017968641180918228
v 0.0007128985266739718 0.01360322063208019 0.0017776710639346572
v 0.00040686791087525195 0.013641380957989387 0.0011731460651666357
v 0.0007128985266739718 0.01360322063208019 0.0017776710639346572
v 0.0008066336299649562 0.01362206046909564 0.0011731460651666357
v 0.0008066336299649562 0.01362206046909564 0.0011731460651666357
v 0.0007128985266739718 0.01360322063208019 0.0017776710639346572
v 0.0010214610584960426 0.01358003108630101 0.0017782671104107218
v 0.0008066336299649562 0.01362206046909564 0.0011731460651666357
v 0.0010214610584960426 0.01358003108630101 0.0017782671104107218
v 0.0010231670627198347 0.013604140927839233 0.0011731460651666357
v 0.0010231670627198347 0.013604140927839233 0.0011731460651666357
v 0.0010214610584960426 0.01358003108630101 0.0017782671104107218
v 0.0013036150359403004 0.01354674022168267 0.0017981160541101489
v 0.0010231670627198347 0.013604140927839233 0.0011731460651666357
v 0.0013036150359403004 0.01354674022168267 0.0017981160541101489
v 0.0011793830954921758 0.013587220837313892 0.0011731460651666357
v 0.0011793830954921758 0.013587220837313892 0.0011731460651666357
v 0.0013036150359403004 0.01354674022168267 0.0017981160541101489
v 0.0015648530272836803 0.013503370926409849 0.0018365231432604374
v 0.0011793830954921758 0.013587220837313892 0.0011731460651666357
v 0.0015648530272836803 0.013503370926409849 0.0018365231432604374
v 0.0015353170170459562 0.013533720659296696 0.0011731460651666357
v 0.0015353170170459562 0.013533720659296696 0.0011731460651666357
v 0.0015648530272836803 0.013503370926409849 0.0018365231432604374
v 0.001811759081110087 0.013449970884200631 0.001892656058562411
v 0.0015353170170459562 0.013533720659296696 0.0011731460651666357
v 0.001811759081110087 0.013449970884200631 0.001892656058562411
v 0.0018906560842166242 0.013456620855524789 0.0011731460651666357
v 0.0018906560842166242 0.013456620855524789 0.0011731460651666357
v 0.001811759081110087 0.013449970884200631 0.001892656058562411
v 0.0020517941495790115 0.013386561075890976 0.001965560052770709
v 0.0018906560842166242 0.013456620855524789 0.0011731460651666357
v 0.0020517941495790115 0.013386561075890976 0.001965560052770709
v 0.002293082107740624 0.013313210166034924 0.0020542140982718333
v 0.002293082107740624 0.013313210166034924 0.0020542140982718333
v 0.0020517941495790115 0.013386561075890976 0.001965560052770709
v 0.0020245200165086574 0.013329590476871541 0.003720634160332691
v 0.002293082107740624 0.013313210166034924 0.0020542140982718333
v 0.0020245200165086574 0.013329590476871541 0.003720634160332691
v 0.002258931028848027 0.013262150440709327 0.003828522148779239
v 0.002258931028848027 0.013262150440709327 0.003828522148779239
v 0.0020245200165086574 0.013329590476871541 0.003720634160332691
v 0.0019819050776559433 0.01327901044974988 0.005493104241926504
v 0.002258931028848027 0.013262150440709327 0.003828522148779239
v 0.0019819050776559433 0.01327901044974988 0.005493104241926504
v 0.002206656083967029 0.013219890268719166 0.005618729381407782
v 0.002206656083967029 0.013219890268719166 0.005618729381407782
v 0.0019819050776559433 0.01327901044974988 0.005493104241926504
v 0.0019523690674182193 0.013261191044301453 0.0063868654423673826
v 0.002206656083967029 0.013219890268719166 0.005618729381407782
v 0.0019523690674182193 0.013261191044301453 0.0063868654423673826
v 0.002171025140883659 0.013207370431698725 0.006520592522388511
v 0.002171025140883659 0.013207370431698725 0.006520592522388511
v 0.0019523690674182193 0.013261191044301453 0.0063868654423673826
v 0.002067939141266878 0.013227240237024814 0.0067815154435646435
v 0.002171025140883659 0.013207370431698725 0.006520592522388511
v 0.002067939141266878 0.013227240237024814 0.0067815154435646435
v 0.0021595960689144156 0.013205470712370212 0.006781116330844271
v 0.0006079747369575408 0.012901440279533546 0.00727314554427788
v 0.0010115510705756975 0.01288034023428086 0.00727314554427788
v 0.0010170500761545742 0.012955540318724253 0.007267427312805106
v 0.0013524660514441927 0.012847480430474009 0.00727314554427788
v 0.001548217131718127 0.012820060385226314 0.00727314554427788
v 0.001559997036643182 0.012894530908783005 0.007267427312805106
v 0.0025232352024735782 0.013110680249188707 0.006779220426213204
v 0.002177500112962444 0.013201100976444887 0.006781034314849164
v 0.002171657188566878 0.013177301079074218 0.006927919240038714
v 0.0006587490156257508 0.013399800937054503 0.006785374486869276
v 0.00036088262722363054 0.013407730739372067 0.006785695398291989
v 0.00028824321804605743 0.013384450594528526 0.006927919240038714
v 0.00028824321804605743 0.013384450594528526 0.006927919240038714
v 0.00036088262722363054 0.013407730739372067 0.006785695398291989
v 1.33504410561849e-06 0.013410700481334411 0.0067858293895398086
v 0.0012439430350820457 0.0133622309355752 0.006784182393917147
v 0.0010480109950979782 0.013378880182581817 0.006784655416400552
v 0.0010462290545531355 0.013354520478360828 0.006927919240038714
v 0.0010462290545531355 0.013354520478360828 0.006927919240038714
v 0.0010480109950979782 0.013378880182581817 0.006784655416400552
v 0.0009786087739365595 0.013383680979318632 0.006784808481135605
v 0.0010462290545531355 0.013354520478360828 0.006927919240038714
v 0.0009786087739365595 0.013383680979318632 0.006784808481135605
v 0.0006855304566789899 0.01339878050548748 0.006785333478871723
v 0.0017163450341053238 0.013298860227914374 0.006782796228232411
v 0.0016263221082672696 0.013313820517626414 0.006783083284215284
v 0.001622500019844153 0.013289661085021384 0.006927919240038714
v 0.001622500019844153 0.013289661085021384 0.006927919240038714
v 0.0016263221082672696 0.013313820517626414 0.006783083284215284
v 0.0014873740187437007 0.01333413092050761 0.006783504331445976
v 0.001622500019844153 0.013289661085021384 0.006927919240038714
v 0.0014873740187437007 0.01333413092050761 0.006783504331445976
v 0.0014132980779541643 0.013343650497986134 0.006783720338688902
v 0.002177500112962444 0.013201100976444887 0.006781034314849164
v 0.0021595960689144156 0.013205470712370212 0.006781116330844271
v 0.002171657188566878 0.013177301079074218 0.006927919240038714
v 0.002171657188566878 0.013177301079074218 0.006927919240038714
v 0.0021595960689144156 0.013205470712370212 0.006781116330844271
v 0.002067939141266878 0.013227240237024814 0.0067815154435646435
v 0.002171657188566878 0.013177301079074218 0.006927919240038714
v 0.002067939141266878 0.013227240237024814 0.0067815154435646435
v 0.0019374071087760458 0.013256180439205064 0.006782029474045602
v 0.002836548224709884 0.01302353062499317 0.006777253472842191
v 0.0026433950726065247 0.013077541018793878 0.0067784903884893204
v 0.0028340801154617956 0.01301474060840135 0.006868314115595074
v 0.0028340801154617956 0.01301474060840135 0.006868314115595074
v 0.0026433950726065247 0.013077541018793878 0.0067784903884893204
v 0.0028299111279896094 0.012999900481658885 0.006927919240038714
v 0.0026433950726065247 0.013077541018793878 0.0067784903884893204
v 0.0025232352024735782 0.013110680249188707 0.006779220426213204
v 0.0028299111279896094 0.012999900481658885 0.006927919240038714
v 0.0028299111279896094 0.012999900481658885 0.006927919240038714
v 0.0025232352024735782 0.013110680249188707 0.006779220426213204
v 0.002171657188566878 0.013177301079074218 0.006927919240038714
v 0.0028299111279896094 0.012999900481658885 0.006927919240038714
v 0.002171657188566878 0.013177301079074218 0.006927919240038714
v 0.0028259381205987533 0.012985760351897909 0.006967328402524562
v 0.0028259381205987533 0.012985760351897909 0.006967328402524562
v 0.002171657188566878 0.013177301079074218 0.006927919240038714
v 0.0021542380879317757 0.01310637059474817 0.007069916107287353
v 0.0028259381205987533 0.012985760351897909 0.006967328402524562
v 0.0021542380879317757 0.01310637059474817 0.007069916107287353
v 0.0028138440991808122 0.012942701000792641 0.00705049214472536
v 0.0028138440991808122 0.012942701000792641 0.00705049214472536
v 0.0021542380879317757 0.01310637059474817 0.007069916107287353
v 0.0028101591014471905 0.012929580348924326 0.007069916107287353
v 0.0028101591014471905 0.012929580348924326 0.007069916107287353
v 0.0021542380879317757 0.01310637059474817 0.007069916107287353
v 0.0027965551750960826 0.012881150857488307 0.007128146510138598
v 0.0027965551750960826 0.012881150857488307 0.007128146510138598
v 0.0021542380879317757 0.01310637059474817 0.007069916107287353
v 0.002128254037854216 0.013000570914735162 0.00717797122716579
v 0.0027965551750960826 0.012881150857488307 0.007128146510138598
v 0.002128254037854216 0.013000570914735162 0.00717797122716579
v 0.002780695093623775 0.012824690474252384 0.00717797122716579
v 0.002780695093623775 0.012824690474252384 0.00717797122716579
v 0.002128254037854216 0.013000570914735162 0.00717797122716579
v 0.0027743030912144584 0.012801931035610333 0.007194094522761927
v 0.0027743030912144584 0.012801931035610333 0.007194094522761927
v 0.002128254037854216 0.013000570914735162 0.00717797122716579
v 0.0020957740348619136 0.012868310585882333 0.0072477682695129535
v 0.0027743030912144584 0.012801931035610333 0.007194094522761927
v 0.0020957740348619136 0.012868310585882333 0.0072477682695129535
v 0.002752824198821585 0.012725470193660767 0.007235475406990597
v 0.002752824198821585 0.012725470193660767 0.007235475406990597
v 0.0020957740348619136 0.012868310585882333 0.0072477682695129535
v 0.0027247821194714694 0.012625640515152022 0.007265572416171593
v 0.0027247821194714694 0.012625640515152022 0.007265572416171593
v 0.0020957740348619136 0.012868310585882333 0.0072477682695129535
v 0.002076250174910532 0.012788810383742018 0.007267427312805106
v 0.0027247821194714694 0.012625640515152022 0.007265572416171593
v 0.002076250174910532 0.012788810383742018 0.007267427312805106
v 0.002721726069979391 0.01261476099803371 0.007267427312805106
v 0.002701335081614631 0.012542170166643937 0.00727314554427788
v 0.002721726069979391 0.01261476099803371 0.007267427312805106
v 0.0020582681679834347 0.012715580590529903 0.00727314554427788
v 0.0020582681679834347 0.012715580590529903 0.00727314554427788
v 0.002721726069979391 0.01261476099803371 0.007267427312805106
v 0.002076250174910532 0.012788810383742018 0.007267427312805106
v 0.0020582681679834347 0.012715580590529903 0.00727314554427788
v 0.002076250174910532 0.012788810383742018 0.007267427312805106
v 0.001935737105759408 0.01274467051958494 0.00727314554427788
v 0.001935737105759408 0.01274467051958494 0.00727314554427788
v 0.002076250174910532 0.012788810383742018 0.007267427312805106
v 0.001548217131718127 0.012820060385226314 0.00727314554427788
v 0.0013524660514441927 0.012847480430474009 0.00727314554427788
v 0.001559997036643182 0.012894530908783005 0.007267427312805106
v 0.0010115510705756975 0.01288034023428086 0.00727314554427788
v 1.33504410561849e-06 0.013410700481334411 0.0067858293895398086
v 1.33504410561849e-06 0.01338630072279023 0.006927919240038714
v 0.00028824321804605743 0.013384450594528526 0.006927919240038714
v 0.00028824321804605743 0.013384450594528526 0.006927919240038714
v 1.33504410561849e-06 0.01338630072279023 0.006927919240038714
v 1.33504410561849e-06 0.013313260710776095 0.007069916107287353
v 0.00028824321804605743 0.013384450594528526 0.006927919240038714
v 1.33504410561849e-06 0.013313260710776095 0.007069916107287353
v 0.0002872600095814651 0.013311421072932369 0.007069916107287353
v 0.0002872600095814651 0.013311421072932369 0.007069916107287353
v 1.33504410561849e-06 0.013313260710776095 0.007069916107287353
v 1.33504410561849e-06 0.01320431104434638 0.00717797122716579
v 0.00028579352663407956 0.013202480943246272 0.00717797122716579
v 0.00028579352663407956 0.013202480943246272 0.00717797122716579
v 1.33504410561849e-06 0.01320431104434638 0.00717797122716579
v 1.33504410561849e-06 0.013068130160192589 0.0072477682695129535
v 0.00028579352663407956 0.013202480943246272 0.00717797122716579
v 1.33504410561849e-06 0.013068130160192589 0.0072477682695129535
v 0.0002839603260922953 0.013066301012766842 0.0072477682695129535
v 0.0002839603260922953 0.013066301012766842 0.0072477682695129535
v 1.33504410561849e-06 0.013068130160192589 0.0072477682695129535
v 1.33504410561849e-06 0.012986261030937803 0.007267427312805106
v 0.00028285832556502327 0.012984440466581312 0.007267427312805106
v 0.00028285832556502327 0.012984440466581312 0.007267427312805106
v 1.33504410561849e-06 0.012986261030937803 0.007267427312805106
v 1.33504410561849e-06 0.012910860674878451 0.00727314554427788
v 0.00028285832556502327 0.012984440466581312 0.007267427312805106
v 1.33504410561849e-06 0.012910860674878451 0.00727314554427788
v 0.0006079747369575408 0.012901440279533546 0.00727314554427788
v 0.0006079747369575408 0.012901440279533546 0.00727314554427788
v 0.0010170500761545742 0.012955540318724253 0.007267427312805106
v 0.00028285832556502327 0.012984440466581312 0.007267427312805106
v 0.00028285832556502327 0.012984440466581312 0.007267427312805106
v 0.0010170500761545742 0.012955540318724253 0.007267427312805106
v 0.0010230221042168558 0.013037191056550209 0.0072477682695129535
v 0.00028285832556502327 0.012984440466581312 0.007267427312805106
v 0.0010230221042168558 0.013037191056550209 0.0072477682695129535
v 0.0002839603260922953 0.013066301012766842 0.0072477682695129535
v 0.0002839603260922953 0.013066301012766842 0.0072477682695129535
v 0.0010230221042168558 0.013037191056550209 0.0072477682695129535
v 0.001032955099531177 0.013173020988538894 0.00717797122716579
v 0.0002839603260922953 0.013066301012766842 0.0072477682695129535
v 0.001032955099531177 0.013173020988538894 0.00717797122716579
v 0.00028579352663407956 0.013202480943246272 0.00717797122716579
v 0.00028579352663407956 0.013202480943246272 0.00717797122716579
v 0.001032955099531177 0.013173020988538894 0.00717797122716579
v 0.001040902067987251 0.01328168073796265 0.007069916107287353
v 0.00028579352663407956 0.013202480943246272 0.00717797122716579
v 0.001040902067987251 0.01328168073796265 0.007069916107287353
v 0.0002872600095814651 0.013311421072932369 0.007069916107287353
v 0.0002872600095814651 0.013311421072932369 0.007069916107287353
v 0.001040902067987251 0.01328168073796265 0.007069916107287353
v 0.0010462290545531355 0.013354520478360828 0.006927919240038714
v 0.0002872600095814651 0.013311421072932369 0.007069916107287353
v 0.0010462290545531355 0.013354520478360828 0.006927919240038714
v 0.00028824321804605743 0.013384450594528526 0.006927919240038714
v 0.00028824321804605743 0.013384450594528526 0.006927919240038714
v 0.0010462290545531355 0.013354520478360828 0.006927919240038714
v 0.0006855304566789899 0.01339878050548748 0.006785333478871723
v 0.00028824321804605743 0.013384450594528526 0.006927919240038714
v 0.0006855304566789899 0.01339878050548748 0.006785333478871723
v 0.0006587490156257508 0.013399800937054503 0.006785374486869276
v 0.0010115510705756975 0.01288034023428086 0.00727314554427788
v 0.001559997036643182 0.012894530908783005 0.007267427312805106
v 0.0010170500761545742 0.012955540318724253 0.007267427312805106
v 0.0010170500761545742 0.012955540318724253 0.007267427312805106
v 0.001559997036643182 0.012894530908783005 0.007267427312805106
v 0.001572788074810233 0.012975391050563109 0.0072477682695129535
v 0.0010170500761545742 0.012955540318724253 0.007267427312805106
v 0.001572788074810233 0.012975391050563109 0.0072477682695129535
v 0.0010230221042168558 0.013037191056550209 0.0072477682695129535
v 0.0010230221042168558 0.013037191056550209 0.0072477682695129535
v 0.001572788074810233 0.012975391050563109 0.0072477682695129535
v 0.0015940660995406725 0.013109901097235196 0.00717797122716579
v 0.0010230221042168558 0.013037191056550209 0.0072477682695129535
v 0.0015940660995406725 0.013109901097235196 0.00717797122716579
v 0.001032955099531177 0.013173020988538894 0.00717797122716579
v 0.001032955099531177 0.013173020988538894 0.00717797122716579
v 0.0015940660995406725 0.013109901097235196 0.00717797122716579
v 0.0016110881140134203 0.013217520387930334 0.007069916107287353
v 0.001032955099531177 0.013173020988538894 0.00717797122716579
v 0.0016110881140134203 0.013217520387930334 0.007069916107287353
v 0.001040902067987251 0.01328168073796265 0.007069916107287353
v 0.001040902067987251 0.01328168073796265 0.007069916107287353
v 0.0016110881140134203 0.013217520387930334 0.007069916107287353
v 0.001622500019844153 0.013289661085021384 0.006927919240038714
v 0.001040902067987251 0.01328168073796265 0.007069916107287353
v 0.001622500019844153 0.013289661085021384 0.006927919240038714
v 0.0010462290545531355 0.013354520478360828 0.006927919240038714
v 0.0010462290545531355 0.013354520478360828 0.006927919240038714
v 0.001622500019844153 0.013289661085021384 0.006927919240038714
v 0.0014132980779541643 0.013343650497986134 0.006783720338688902
v 0.0010462290545531355 0.013354520478360828 0.006927919240038714
v 0.0014132980779541643 0.013343650497986134 0.006783720338688902
v 0.0012439430350820457 0.0133622309355752 0.006784182393917147
v 0.001548217131718127 0.012820060385226314 0.00727314554427788
v 0.002076250174910532 0.012788810383742018 0.007267427312805106
v 0.001559997036643182 0.012894530908783005 0.007267427312805106
v 0.001559997036643182 0.012894530908783005 0.007267427312805106
v 0.002076250174910532 0.012788810383742018 0.007267427312805106
v 0.0020957740348619136 0.012868310585882333 0.0072477682695129535
v 0.001559997036643182 0.012894530908783005 0.007267427312805106
v 0.0020957740348619136 0.012868310585882333 0.0072477682695129535
v 0.001572788074810233 0.012975391050563109 0.0072477682695129535
v 0.001572788074810233 0.012975391050563109 0.0072477682695129535
v 0.0020957740348619136 0.012868310585882333 0.0072477682695129535
v 0.002128254037854216 0.013000570914735162 0.00717797122716579
v 0.001572788074810233 0.012975391050563109 0.0072477682695129535
v 0.002128254037854216 0.013000570914735162 0.00717797122716579
v 0.0015940660995406725 0.013109901097235196 0.00717797122716579
v 0.0015940660995406725 0.013109901097235196 0.00717797122716579
v 0.002128254037854216 0.013000570914735162 0.00717797122716579
v 0.0021542380879317757 0.01310637059474817 0.007069916107287353
v 0.0015940660995406725 0.013109901097235196 0.00717797122716579
v 0.0021542380879317757 0.01310637059474817 0.007069916107287353
v 0.0016110881140134203 0.013217520387930334 0.007069916107287353
v 0.0016110881140134203 0.013217520387930334 0.007069916107287353
v 0.0021542380879317757 0.01310637059474817 0.007069916107287353
v 0.002171657188566878 0.013177301079074218 0.006927919240038714
v 0.0016110881140134203 0.013217520387930334 0.007069916107287353
v 0.002171657188566878 0.013177301079074218 0.006927919240038714
v 0.001622500019844153 0.013289661085021384 0.006927919240038714
v 0.001622500019844153 0.013289661085021384 0.006927919240038714
v 0.002171657188566878 0.013177301079074218 0.006927919240038714
v 0.0019374071087760458 0.013256180439205064 0.006782029474045602
v 0.001622500019844153 0.013289661085021384 0.006927919240038714
v 0.0019374071087760458 0.013256180439205064 0.006782029474045602
v 0.0017163450341053238 0.013298860227914374 0.006782796228232411
v 0.0013524660514441927 0.012847480430474009 0.00727314554427788
v 0.0010115510705756975 0.01288034023428086 0.00727314554427788
v 1.33504410561849e-06 0.011050000715581708 0.00727314554427788
v 0.0006079747369575408 0.012901440279533546 0.00727314554427788
v 1.33504410561849e-06 0.012910860674878451 0.00727314554427788
v 0.002701335081614631 0.012542170166643937 0.00727314554427788
v 0.0020582681679834347 0.012715580590529903 0.00727314554427788
v 0.002701335081614631 0.011050000715581708 0.00727314554427788
v 0.001935737105759408 0.01274467051958494 0.00727314554427788
v 0.001548217131718127 0.012820060385226314 0.00727314554427788
f 1 2 3
f 3 2 4
f 3 4 5
f 6 7 8
f 9 10 11
f 12 13 14
f 15 16 17
f 18 19 20
f 21 22 23
f 24 25 26
f 27 28 29
f 30 31 32
f 33 34 35
f 36 37 38
f 39 40 41
f 42 43 44
f 45 46 47
f 48 49 50
f 51 52 53
f 54 55 56
f 57 58 59
f 60 61 62
f 63 64 65
f 66 67 68
f 69 70 71
f 72 73 74
f 75 76 77
f 78 79 80
f 81 82 83
f 84 85 86
f 87 88 89
f 90 91 92
f 93 94 95
f 96 97 98
f 99 100 101
f 102 103 104
f 105 106 107
f 108 109 110
f 111 112 113
f 114 115 116
f 117 118 119
f 120 121 122
f 123 124 125
f 126 127 128
f 129 130 131
f 132 133 134
f 135 136 137
f 138 139 140
f 141 142 143
f 144 145 146
f 147 148 149
f 150 151 152
f 153 154 155
f 156 157 158
f 159 160 161
f 162 163 164
f 165 166 167
f 168 169 170
f 171 172 173
f 174 175 176
f 177 178 179
f 180 181 182
f 183 184 185
f 186 187 188
f 189 190 191
f 192 193 194
f 195 196 197
f 198 199 200
f 201 202 203
f 204 205 206
f 207 208 209
f 210 211 212
f 213 214 215
f 216 217 218
f 219 220 221
f 222 223 224
f 225 226 227
f 228 229 230
f 231 232 233
f 234 235 236
f 237 238 239
f 240 241 242
f 243 244 245
f 246 247 248
f 249 250 251
f 252 253 254
f 255 256 257
f 258 259 260
f 261 262 263
f 264 265 266
f 267 268 269
f 270 271 272
f 273 274 275
f 276 277 278
f 279 280 281
f 282 283 284
f 285 286 287
f 288 289 290
f 291 292 293
f 294 295 296
f 297 298 299
f 300 301 302
f 303 304 305
f 306 307 308
f 309 310 311
f 312 313 314
f 315 316 317
f 318 319 320
f 321 322 323
f 324 325 326
f 327 328 329
f 330 331 332
f 333 334 335
f 336 337 338
f 339 340 341
f 342 343 344
f 345 346 347
f 348 349 350
f 351 352 353
f 354 355 356
f 357 358 359
f 360 361 362
f 363 364 365
f 366 367 368
f 369 370 371
f 372 373 374
f 375 376 377
f 378 379 380
f 381 382 383
f 384 385 386
f 387 388 389
f 390 391 392
f 393 394 395
f 396 397 398
f 399 400 401
f 402 403 404
f 405 406 407
f 408 409 410
f 411 412 413
f 414 415 416
f 417 418 419
f 420 421 422
f 423 424 425
f 426 427 428
f 429 430 431
f 432 433 434
f 435 436 437
f 438 439 440
f 441 442 443
f 444 445 446
f 447 448 449
f 450 451 452
f 453 454 455
f 456 457 458
f 459 460 461
f 462 463 464
f 465 466 467
f 468 469 470
f 471 472 473
f 474 475 476
f 477 478 479
f 480 481 482
f 483 484 485
f 486 487 488
f 489 490 491
f 492 493 494
f 495 496 497
f 498 499 500
f 501 502 503
f 504 505 506
f 507 508 509
f 510 511 512
f 513 514 515
f 516 517 518
f 519 520 521
f 522 523 524
f 525 526 527
f 528 529 530
f 531 532 533
f 534 535 536
f 537 538 539
f 540 541 542
f 543 544 545
f 546 547 548
f 549 550 551
f 552 553 554
f 555 556 557
f 558 559 560
f 561 562 563
f 564 565 566
f 567 568 569
f 570 571 572
f 573 574 575
f 576 577 578
f 579 580 581
f 582 583 584
f 585 586 587
f 588 589 590
f 591 592 593
f 594 595 596
f 597 598 599
f 600 601 602
f 603 604 605
f 606 607 608
f 609 610 611
f 612 613 614
f 615 616 617
f 618 619 620
f 621 622 623
f 624 625 626
f 627 628 629
f 630 631 632
f 633 634 635
f 636 637 638
f 639 640 641
f 642 643 644
f 645 646 647
f 648 649 650
f 651 652 653
f 654 655 656
f 657 658 659
f 660 661 662
f 663 664 665
f 666 667 668
f 669 670 671
f 672 673 674
f 675 676 677
f 678 679 680
f 681 682 683
f 684 685 686
f 687 688 689
f 690 691 692
f 693 694 695
f 696 697 698
f 699 700 701
f 702 703 704
f 705 706 707
f 708 709 710
f 711 712 713
f 714 715 716
f 717 718 719
f 720 721 722
f 723 724 725
f 726 727 728
f 729 730 731
f 732 733 734
f 735 736 737
f 738 739 740
f 741 742 743
f 744 745 746
f 747 748 749
f 750 751 752
f 753 754 755
f 756 757 758
f 759 760 761
f 762 763 764
f 765 766 767
f 768 769 770
f 771 772 773
f 774 775 776
f 777 778 779
f 780 781 782
f 780 782 783
f 784 785 786
f 787 788 789
f 790 791 792
f 793 794 795
f 796 797 798
f 799 800 801
f 802 803 804
f 805 806 807
f 808 809 810
f 811 812 813
f 814 815 816
f 817 818 819
f 820 821 822
f 823 824 825
f 826 827 828
f 829 830 831
f 832 833 834
f 835 836 837
f 838 839 840
f 841 842 843
f 844 845 846
f 847 848 849
f 850 851 852
f 853 854 855
f 856 857 858
f 859 860 861
f 862 863 864
f 865 866 867
f 868 869 870
f 871 872 873
f 874 875 876
f 877 878 879
f 880 881 882
f 883 884 885
f 886 887 888
f 889 890 891
f 892 893 894
f 895 896 897
f 898 899 900
f 901 902 903
f 904 905 906
f 907 908 909
f 910 911 912
f 913 914 915
f 916 917 918
f 919 920 921
f 922 923 924
f 925 926 927
f 928 929 930
f 931 932 933
f 934 935 936
f 937 938 939
f 940 941 942
f 943 944 945
f 946 947 948
f 949 950 951
f 952 953 954
f 955 956 957
f 958 959 960
f 950 961 951
f 962 963 964
f 965 966 967
f 968 969 970
f 971 972 973
f 974 975 976
f 977 978 979
f 980 981 982
f 983 984 985
f 986 987 988
f 989 990 991
f 992 993 994
f 995 996 997
f 998 999 1000
f 1001 1002 1003
f 1004 1005 1006
f 1007 1008 1009
f 1010 1011 1012
f 1013 1014 1015
f 1016 1017 1018
f 1019 1020 1021
f 1022 1023 1024
f 1025 1026 1027
f 1028 1029 1030
f 1031 1032 1033
f 1034 1035 1036
f 1037 1038 1039
f 1040 1041 1042
f 1043 1044 1045
f 1046 1047 1048
f 1049 1050 1051
f 1052 1053 1054
f 1055 1056 1057
f 1058 1059 1060
f 1061 1062 1063
f 1064 1065 1066
f 1067 1068 1069
f 1070 1071 1072
f 1073 1074 1075
f 1076 1077 1078
f 1079 1080 1081
f 1082 1083 1084
f 1085 1086 1087
f 1088 1089 1090
f 1091 1092 1093
f 1094 1095 1096
f 1097 1098 1099
f 1100 1101 1102
f 1103 1104 1105
f 1106 1107 1108
f 1109 1110 1111
f 1112 1113 1114
f 1115 1116 1117
f 1118 1119 1120
f 1121 1122 1123
f 1124 1125 1126
f 1127 1128 1129
f 1130 1131 1132
f 1133 1134 1135
f 1136 1137 1138
f 1139 1140 1141
f 1142 1143 1144
f 1145 1146 1147
f 1148 1149 1150
f 1151 1152 1153
f 1154 1155 1156
f 1157 1158 1159
f 1160 1161 1162
f 1163 1164 1165
f 1166 1167 1168
f 1169 1170 1171
f 1172 1173 1174
f 1175 1176 1177
f 1178 1179 1180
f 1181 1182 1183
f 1184 1185 1186
f 1187 1188 1189
f 1190 1191 1192
f 1193 1194 1195
f 1193 1195 1196
f 1197 1198 1199
f 1200 1201 1202
f 1203 1204 1205
f 1206 1207 1208
f 1209 1210 1211
f 1212 1213 1214
f 1215 1216 1217
f 1218 1219 1220
f 1221 1222 1223
f 1224 1225 1226
f 1227 1228 1229
f 1230 1231 1232
f 1233 1234 1235
f 1236 1237 1238
f 1239 1240 1241
f 1242 1243 1244
f 1245 1246 1247
f 1248 1249 1250
f 1251 1252 1253
f 1254 1255 1256
f 1257 1258 1259
f 1260 1261 1262
f 1263 1264 1265
f 1266 1267 1268
f 1269 1270 1271
f 1272 1273 1274
f 1275 1276 1277
f 1278 1279 1280
f 1281 1282 1283
f 1284 1285 1286
f 1287 1288 1289
f 1290 1291 1292
f 1293 1294 1295
f 1296 1297 1298
f 1299 1300 1301
f 1302 1303 1304
f 1305 1306 1307
f 1308 1309 1310
f 1311 1312 1313
f 1314 1315 1316
f 1317 1318 1319
f 1320 1321 1322
f 1323 1324 1325
f 1326 1327 1328
f 1329 1330 1331
f 1332 1333 1334
f 1335 1336 1337
f 1338 1339 1340
f 1341 1342 1343
f 1344 1345 1346
f 1347 1348 1349
f 1350 1351 1352
f 1353 1354 1355
f 1356 1357 1358
f 1359 1360 1361
f 1362 1363 1364
f 1365 1366 1367
f 1368 1369 1370
f 1371 1372 1373
f 1374 1375 1376
f 1377 1378 1379
f 1380 1381 1382
f 1383 1384 1385
f 1386 1387 1388
f 1389 1390 1391
f 1392 1393 1394
f 1395 1396 1397
f 1398 1399 1400
f 1401 1402 1403
f 1404 1405 1406
f 1407 1408 1409
f 1410 1411 1412
f 1413 1414 1415
f 1416 1417 1418
f 1419 1420 1421
f 1422 1423 1424
f 1425 1426 1427
f 1428 1429 1430
f 1431 1432 1433
f 1434 1435 1436
f 1437 1438 1439
f 1440 1441 1442
f 1443 1444 1445
f 1446 1447 1448
f 1449 1450 1451
f 1452 1453 1454
f 1455 1456 1457
f 1458 1459 1460
f 1461 1462 1463
f 1464 1465 1466
f 1467 1468 1469
f 1470 1471 1472
f 1473 1474 1475
f 1476 1477 1478
f 1476 1478 1479
f 1480 1481 1482
f 1483 1484 1485
f 1486 1487 1488
f 1486 1488 1489
f 1490 1491 1492
f 1493 1494 1495
f 1496 1497 1498
f 1499 1500 1501
f 1502 1503 1504
f 1505 1506 1507
f 1508 1509 1510
f 1511 1512 1513
f 1514 1515 1516
f 1517 1518 1519
f 1520 1521 1522
f 1523 1524 1525
f 1526 1527 1528
f 1529 1530 1531
f 1532 1533 1534
f 1535 1536 1537
f 1538 1539 1540
f 1541 1542 1543
f 1544 1545 1546
f 1547 1548 1549
f 1550 1551 1552
f 1553 1554 1555
f 1556 1557 1558
f 1559 1560 1561
f 1562 1563 1564
f 1565 1566 1567
f 1568 1569 1570
f 1571 1572 1573
f 1574 1575 1576
f 1577 1578 1579
f 1580 1581 1582
f 1583 1584 1585
f 1586 1587 1588
f 1589 1590 1591
f 1592 1593 1594
f 1595 1596 1597
f 1597 1596 1598
f 1597 1598 1599
f 1600 1601 1602
f 1602 1601 1603
f 1602 1603 1597
f 1597 1603 1604
f 1597 1604 1595
