v 5.940814225917227e-05 0.011050000715581708 0.004783105123730701
v 5.940814225917227e-05 0.011925310701309531 0.004783131349775648
v 5.940814225917227e-05 0.011050000715581708 0.0011731310447954388
v 5.940814225917227e-05 0.01193574103780348 0.0029486121147677398
v 5.940814225917227e-05 0.011953900904999036 0.0011731310447954388
v 0.0004244666301159161 0.01243539106306146 0.0011731310447954388
v 0.0003839559141376528 0.012422130221061974 0.0011731310447954388
v 0.000428418626868491 0.01242113077033091 0.002657920009972447
v 0.000428418626868491 0.01242113077033091 0.002657920009972447
v 0.0003839559141376528 0.012422130221061974 0.0011731310447954388
v 0.0002905950088243417 0.012357180228658168 0.002968222043830265
v 0.000428418626868491 0.01242113077033091 0.002657920009972447
v 0.0002905950088243417 0.012357180228658168 0.002968222043830265
v 0.00042990921989583333 0.01241687070695718 0.0031519230909161913
v 8.427957100631475e-05 0.012091330148892295 0.0029657711007206873
v 5.940814225917227e-05 0.01193574103780348 0.0029486121147677398
v 5.940814225917227e-05 0.011925310701309531 0.004783131349775648
v 5.940814225917227e-05 0.011953900904999036 0.0011731310447954388
v 5.940814225917227e-05 0.01193574103780348 0.0029486121147677398
v 7.014396374797633e-05 0.012056960678570868 0.0011731310447954388
v 7.014396374797633e-05 0.012056960678570868 0.0011731310447954388
v 5.940814225917227e-05 0.01193574103780348 0.0029486121147677398
v 8.427957100631475e-05 0.012091330148892295 0.0029657711007206873
v 7.014396374797633e-05 0.012056960678570868 0.0011731310447954388
v 8.427957100631475e-05 0.012091330148892295 0.0029657711007206873
v 8.637225293087279e-05 0.012115880587985624 0.0011731310447954388
v 8.637225293087279e-05 0.012115880587985624 0.0011731310447954388
v 8.427957100631475e-05 0.012091330148892295 0.0029657711007206873
v 0.00011755480430582048 0.012169610601523991 0.0029664930322124967
v 0.0003839559141376528 0.012422130221061974 0.0011731310447954388
v 0.00029122690749594157 0.012375910393122021 0.0011731310447954388
v 0.0002905950088243417 0.012357180228658168 0.002968222043830265
v 0.0002905950088243417 0.012357180228658168 0.002968222043830265
v 0.00029122690749594157 0.012375910393122021 0.0011731310447954388
v 0.00023890751244899124 0.012337690939402398 0.0011731310447954388
v 0.0002905950088243417 0.012357180228658168 0.002968222043830265
v 0.00023890751244899124 0.012337690939402398 0.0011731310447954388
v 0.00022301920817604202 0.01230551015174108 0.0029677452066494132
v 0.00022301920817604202 0.01230551015174108 0.0029677452066494132
v 0.00023890751244899124 0.012337690939402398 0.0011731310447954388
v 0.0001666583050969738 0.012263340578815281 0.0011731310447954388
v 0.00022301920817604202 0.01230551015174108 0.0029677452066494132
v 0.0001666583050969738 0.012263340578815281 0.0011731310447954388
v 0.00016439851409227012 0.012242130861010999 0.0029671641805445455
v 0.00016439851409227012 0.012242130861010999 0.0029671641805445455
v 0.0001666583050969738 0.012263340578815281 0.0011731310447954388
v 0.00012994090339819506 0.012209951027024043 0.0011731310447954388
v 0.00016439851409227012 0.012242130861010999 0.0029671641805445455
v 0.00012994090339819506 0.012209951027024043 0.0011731310447954388
v 0.00011755480430582048 0.012169610601523991 0.0029664930322124967
v 0.00011755480430582048 0.012169610601523991 0.0029664930322124967
v 0.00012994090339819506 0.012209951027024043 0.0011731310447954388
v 0.00011755480430582048 0.012187930686012313 0.0011731310447954388
v 0.00011755480430582048 0.012169610601523991 0.0029664930322124967
v 0.00011755480430582048 0.012187930686012313 0.0011731310447954388
v 8.637225293087279e-05 0.012115880587985624 0.0011731310447954388
v 5.940814225917227e-05 0.011925310701309531 0.004783131349775648
v 8.427957100631475e-05 0.012081040956203878 0.004783336389763414
v 8.427957100631475e-05 0.012091330148892295 0.0029657711007206873
v 8.427957100631475e-05 0.012091330148892295 0.0029657711007206873
v 8.427957100631475e-05 0.012081040956203878 0.004783336389763414
v 0.00011755480430582048 0.01215933094557919 0.00478344034026884
v 8.427957100631475e-05 0.012091330148892295 0.0029657711007206873
v 0.00011755480430582048 0.01215933094557919 0.00478344034026884
v 0.00011755480430582048 0.012169610601523991 0.0029664930322124967
v 0.00011755480430582048 0.012169610601523991 0.0029664930322124967
v 0.00011755480430582048 0.01215933094557919 0.00478344034026884
v 0.00016439851409227012 0.012231850251391837 0.004783537138216553
v 0.00011755480430582048 0.012169610601523991 0.0029664930322124967
v 0.00016439851409227012 0.012231850251391837 0.004783537138216553
v 0.00016439851409227012 0.012242130861010999 0.0029671641805445455
v 0.00016439851409227012 0.012242130861010999 0.0029671641805445455
v 0.00016439851409227012 0.012231850251391837 0.004783537138216553
v 0.00022301920817604202 0.01229523049579628 0.004783619154211659
v 0.00016439851409227012 0.012242130861010999 0.0029671641805445455
v 0.00022301920817604202 0.01229523049579628 0.004783619154211659
v 0.00022301920817604202 0.01230551015174108 0.0029677452066494132
v 0.00022301920817604202 0.01230551015174108 0.0029677452066494132
v 0.00022301920817604202 0.01229523049579628 0.004783619154211659
v 0.0002905950088243417 0.012346900572713367 0.004783690202951606
v 0.00022301920817604202 0.01230551015174108 0.0029677452066494132
v 0.0002905950088243417 0.012346900572713367 0.004783690202951606
v 0.0002905950088243417 0.012357180228658168 0.002968222043830265
v 0.0002905950088243417 0.012357180228658168 0.002968222043830265
v 0.0002905950088243417 0.012346900572713367 0.004783690202951606
v 0.00043529551308608624 0.012409660928782703 0.004783772218946713
v 0.0002905950088243417 0.012357180228658168 0.002968222043830265
v 0.00043529551308608624 0.012409660928782703 0.004783772218946713
v 0.00042990921989583333 0.01241687070695718 0.0031519230909161913
v 0.0014975031133486472 0.012456680889512125 0.007007603501330837
v 0.0015064010143526346 0.012366110435381158 0.0070526712906418525
v 0.001868189065975731 0.012461160297989046 0.007150169235336233
v 0.0007293765295280155 0.012257711039058147 0.006564315154012344
v 0.0007210504159085168 0.012162920575876642 0.00659977610464074
v 0.0009215553244569519 0.012214660271022134 0.0067622102134606826
v 0.0014833700169360892 0.012683680183130926 0.006579507186594278
v 0.001308825078187581 0.012637680653968527 0.0065025313604893924
v 0.0012743000397359011 0.012621390942196272 0.006580628230806461
v 0.0012055230713278742 0.01261060107046796 0.006446157284783203
v 0.0010968690439502882 0.012582210184720052 0.006375942533065613
v 0.001051463057868754 0.01256324064799141 0.00644765026199645
v 0.000597637145295267 0.012451980228583289 0.0057391522272459685
v 0.0005587740209861414 0.012441790218028489 0.005634394436473122
v 0.00048134433529205614 0.012414590471558348 0.0056627362079914026
v 0.0004419954331049379 0.012411210649620471 0.00499822211163986
v 0.00043529551308608624 0.012409660928782703 0.004783772218946713
v 0.0002905950088243417 0.012346900572713367 0.004783690202951606
v 0.00026438341800454415 0.011968760105228736 0.005949154182716131
v 0.00027407802453076335 0.011970720859716398 0.005972005174096905
v 0.0003337492207262753 0.012062310791740024 0.006083626082413749
v 0.00047636871812381174 0.012010161016619 0.006334484401213645
v 0.0005032676101351594 0.012015280340592623 0.006371528451282469
v 0.0005018854975664608 0.012106170275634761 0.006354909245018246
v 0.0018350860752066461 0.012290800678386168 0.007170007569408386
v 0.0019028581092560282 0.012306521046564486 0.007184703214485054
v 0.0018874641361280031 0.012369440666252226 0.007176887376253714
v 0.0028594080375785036 0.012542170166643937 0.007273130285488092
v 0.002835816041218686 0.01262616026767915 0.007265460359434093
v 0.0025842691695296405 0.012557201028258743 0.007259890424324565
v 0.0023070851468121045 0.012481711026809391 0.007240161285966827
v 0.0022386489977790913 0.012386430375005971 0.0072386673550792185
v 0.002488683103511885 0.012447970981566688 0.00726146637120728
v 0.0018874641361280031 0.012369440666252226 0.007176887376253714
v 0.0019028581092560282 0.012306521046564486 0.007184703214485054
v 0.0023070851468121045 0.012481711026809391 0.007240161285966827
v 0.0023070851468121045 0.012481711026809391 0.007240161285966827
v 0.0019028581092560282 0.012306521046564486 0.007184703214485054
v 0.002143243176215698 0.01236339055610158 0.007226285324004043
v 0.0023070851468121045 0.012481711026809391 0.007240161285966827
v 0.002143243176215698 0.01236339055610158 0.007226285324004043
v 0.0022386489977790913 0.012386430375005971 0.0072386673550792185
v 0.001522182060062216 0.012273560153275295 0.007078826286848748
v 0.0015609150674256167 0.012228760346459918 0.007094827512126587
v 0.0018874641361280031 0.012369440666252226 0.007176887376253714
v 0.0018874641361280031 0.012369440666252226 0.007176887376253714
v 0.0015609150674256167 0.012228760346459918 0.007094827512126587
v 0.001757427060630895 0.012272970782519762 0.007151380401775596
v 0.0018874641361280031 0.012369440666252226 0.007176887376253714
v 0.001757427060630895 0.012272970782519762 0.007151380401775596
v 0.0018350860752066461 0.012290800678386168 0.007170007569408386
v 0.0012119041064820313 0.012153840642278865 0.006953306528384438
v 0.001317334118470584 0.012175940138262616 0.007002518509634235
v 0.0012047350978865168 0.012191220862560189 0.006947998376887197
v 0.0012047350978865168 0.012191220862560189 0.006947998376887197
v 0.001317334118470584 0.012175940138262616 0.007002518509634235
v 0.0013538740324299525 0.012183710676961775 0.007018168305909787
v 0.0012047350978865168 0.012191220862560189 0.006947998376887197
v 0.0013538740324299525 0.012183710676961775 0.007018168305909787
v 0.001522182060062216 0.012273560153275295 0.007078826286848748
v 0.001522182060062216 0.012273560153275295 0.007078826286848748
v 0.0013538740324299525 0.012183710676961775 0.007018168305909787
v 0.0015333710445109006 0.01222267018198608 0.007085718491460778
v 0.001522182060062216 0.012273560153275295 0.007078826286848748
v 0.0015333710445109006 0.01222267018198608 0.007085718491460778
v 0.0015609150674256167 0.012228760346459918 0.007094827512126587
v 0.0012119041064820313 0.012153840642278865 0.006953306528384438
v 0.0012047350978865168 0.012191220862560189 0.006947998376887197
v 0.0011012440250846023 0.01213119087618841 0.006894417136549256
v 0.0011012440250846023 0.01213119087618841 0.006894417136549256
v 0.0012047350978865168 0.012191220862560189 0.006947998376887197
v 0.0009300294364164574 0.012120340922975311 0.0067851994876239035
v 0.0011012440250846023 0.01213119087618841 0.006894417136549256
v 0.0009300294364164574 0.012120340922975311 0.0067851994876239035
v 0.0009820829500315972 0.012107411005979337 0.0068213532826760775
v 0.0006099818042563931 0.012035570716312224 0.006501976322010881
v 0.0006125425391268619 0.01203605041451616 0.0065048263778408315
v 0.0006098254016610738 0.012037680244000312 0.0065016344297522104
v 0.0006098254016610738 0.012037680244000312 0.0065016344297522104
v 0.0006125425391268619 0.01203605041451616 0.0065048263778408315
v 0.0006913189620312912 0.012051050758551392 0.006587051227632533
v 0.0006098254016610738 0.012037680244000312 0.0065016344297522104
v 0.0006913189620312912 0.012051050758551392 0.006587051227632533
v 0.000726538752255472 0.012067850686107159 0.0066204822823820435
v 0.000726538752255472 0.012067850686107159 0.0066204822823820435
v 0.0006913189620312912 0.012051050758551392 0.006587051227632533
v 0.0007691327102722287 0.012065950966778646 0.006659232455883955
v 0.000726538752255472 0.012067850686107159 0.0066204822823820435
v 0.0007691327102722287 0.012065950966778646 0.006659232455883955
v 0.0009300294364164574 0.012120340922975311 0.0067851994876239035
v 0.0009300294364164574 0.012120340922975311 0.0067851994876239035
v 0.0007691327102722287 0.012065950966778646 0.006659232455883955
v 0.0009280383431631636 0.012096770861125813 0.006784417474647307
v 0.0009300294364164574 0.012120340922975311 0.0067851994876239035
v 0.0009280383431631636 0.012096770861125813 0.006784417474647307
v 0.0009820829500315972 0.012107411005979337 0.0068213532826760775
v 0.00047636871812381174 0.012010161016619 0.006334484401213645
v 0.0005018854975664608 0.012106170275634761 0.006354909245018246
v 0.0004543345190315129 0.01200595054431208 0.006302658380414881
v 0.00026438341800454415 0.011968760105228736 0.005949154182716131
v 0.0003337492207262753 0.012062310791740024 0.006083626082413749
v 0.00020659531144086307 0.011956940265189784 0.005795047081585402
v 8.79457262207119e-05 0.011931540102240177 0.005261485349699612
v 0.00012120980600053427 0.011938850969896995 0.005469117424380942
v 0.00012527080475241946 0.012006860349653144 0.00546481110780067
v 0.00012527080475241946 0.012006860349653144 0.00546481110780067
v 0.00012120980600053427 0.011938850969896995 0.005469117424380942
v 0.00012984690686891967 0.011940720171645934 0.005511452459808496
v 0.00014720760985052934 0.011944450945748917 0.005587999132450615
v 0.00018918510679941623 0.011953310580569141 0.005740903173374056
v 0.00021006680532675848 0.012029660796292748 0.0057874772913393815
v 8.427957100631475e-05 0.012081040956203878 0.004783336389763414
v 5.940814225917227e-05 0.011925310701309531 0.004783131349775648
v 6.437814541467024e-05 0.011926290124879 0.004989162205203678
v 0.000597637145295267 0.012451980228583289 0.0057391522272459685
v 0.00048134433529205614 0.012414590471558348 0.0056627362079914026
v 0.0006554672433331868 0.012467110272331713 0.00586539534771363
v 0.0027264322145358066 0.013015560768352415 0.006863784162376983
v 0.002724195132901841 0.01302353062499317 0.006777238214052404
v 0.00249295222679205 0.012958620686912555 0.006770860516758513
v 0.0025375581992934104 0.012735251077914397 0.007186882360401546
v 0.002764189136190004 0.012881150857488307 0.007128131251348811
v 0.002518439174108572 0.01281358016793854 0.007121615271272473
v 0.002518439174108572 0.01281358016793854 0.007121615271272473
v 0.002764189136190004 0.012881150857488307 0.007128131251348811
v 0.0027463690154858056 0.012944590229703175 0.007047508097647591
v 0.002518439174108572 0.01281358016793854 0.007121615271272473
v 0.0027463690154858056 0.012944590229703175 0.007047508097647591
v 0.002504031061851958 0.012877421037059685 0.0070411494738409335
v 0.002504031061851958 0.012877421037059685 0.0070411494738409335
v 0.0027463690154858056 0.012944590229703175 0.007047508097647591
v 0.0027348052370129716 0.012985760351897909 0.006967314097409137
v 0.002504031061851958 0.012877421037059685 0.0070411494738409335
v 0.0027348052370129716 0.012985760351897909 0.006967314097409137
v 0.002495088218943675 0.012923240321767723 0.006950989099685499
v 0.002495088218943675 0.012923240321767723 0.006950989099685499
v 0.0027348052370129716 0.012985760351897909 0.006967314097409137
v 0.0027264322145358066 0.013015560768352415 0.006863784162376983
v 0.002495088218943675 0.012923240321767723 0.006950989099685499
v 0.0027264322145358066 0.013015560768352415 0.006863784162376983
v 0.002491652130218458 0.012949940342872331 0.0068573654570855385
v 0.002491652130218458 0.012949940342872331 0.0068573654570855385
v 0.0027264322145358066 0.013015560768352415 0.006863784162376983
v 0.00249295222679205 0.012958620686912555 0.006770860516758513
v 0.0025842691695296405 0.012557201028258743 0.007259890424324565
v 0.002835816041218686 0.01262616026767915 0.007265460359434093
v 0.0028079191587901398 0.012725470193660767 0.00723546014820081
v 0.0025842691695296405 0.012557201028258743 0.007259890424324565
v 0.0028079191587901398 0.012725470193660767 0.00723546014820081
v 0.0025600470328353275 0.012647790555876944 0.0072333372690716585
v 0.0025600470328353275 0.012647790555876944 0.0072333372690716585
v 0.0028079191587901398 0.012725470193660767 0.00723546014820081
v 0.0027860270869800585 0.012803410184545335 0.007193096502542405
v 0.0025600470328353275 0.012647790555876944 0.0072333372690716585
v 0.0027860270869800585 0.012803410184545335 0.007193096502542405
v 0.0025375581992934104 0.012735251077914397 0.007186882360401546
v 0.0025375581992934104 0.012735251077914397 0.007186882360401546
v 0.0027860270869800585 0.012803410184545335 0.007193096502542405
v 0.002764189136190004 0.012881150857488307 0.007128131251348811
v 0.0003598006240556305 0.011987710568470143 0.0061478093206307465
v 0.0004543345190315129 0.01200595054431208 0.006302658380414881
v 0.0004119696216755078 0.012082770921496008 0.006222513494406055
v 0.0004119696216755078 0.012082770921496008 0.006222513494406055
v 0.0004543345190315129 0.01200595054431208 0.006302658380414881
v 0.0005018854975664608 0.012106170275634761 0.006354909245018246
v 0.0004119696216755078 0.012082770921496008 0.006222513494406055
v 0.0005018854975664608 0.012106170275634761 0.006354909245018246
v 0.0004283567274419517 0.012179630858042408 0.006196752365710543
v 0.0004283567274419517 0.012179630858042408 0.006196752365710543
v 0.0005018854975664608 0.012106170275634761 0.006354909245018246
v 0.0005159574396105746 0.01220243035100765 0.006325763526013049
v 0.0004283567274419517 0.012179630858042408 0.006196752365710543
v 0.0005159574396105746 0.01220243035100765 0.006325763526013049
v 0.0004624948125213704 0.012270790682928908 0.006160934264033689
v 0.0004624948125213704 0.012270790682928908 0.006160934264033689
v 0.0005159574396105746 0.01220243035100765 0.006325763526013049
v 0.0005468754432077019 0.012292760479199468 0.006285224259408582
v 0.0004624948125213704 0.012270790682928908 0.006160934264033689
v 0.0005468754432077019 0.012292760479199468 0.006285224259408582
v 0.0005931831283982267 0.01237115060438276 0.006235555468139529
v 0.000935566171737269 0.012540150284345849 0.006243709383932093
v 0.0007820427193159021 0.012500150320592925 0.0060699661276938915
v 0.0008908566659630163 0.012521470664623165 0.006317090334530538
v 0.0008908566659630163 0.012521470664623165 0.006317090334530538
v 0.0007820427193159021 0.012500150320592925 0.0060699661276938915
v 0.0007172893626445492 0.012476310368899065 0.006122787289565555
v 0.0008908566659630163 0.012521470664623165 0.006317090334530538
v 0.0007172893626445492 0.012476310368899065 0.006122787289565555
v 0.000651501150081453 0.012433070773339435 0.0061801374509809475
v 0.0006061094095106967 0.012133200268068519 0.006482668230883835
v 0.0007210504159085168 0.012162920575876642 0.00659977610464074
v 0.0006174468095319213 0.012228760346459918 0.006450206109285815
v 0.0006174468095319213 0.012228760346459918 0.006450206109285815
v 0.0007210504159085168 0.012162920575876642 0.00659977610464074
v 0.0007293765295280155 0.012257711039058147 0.006564315154012344
v 0.0006174468095319213 0.012228760346459918 0.006450206109285815
v 0.0007293765295280155 0.012257711039058147 0.006564315154012344
v 0.0006445679374718696 0.012318120587825884 0.006405048197747619
v 0.0010968690439502882 0.012582210184720052 0.006375942533065613
v 0.000935566171737269 0.012540150284345849 0.006243709383932093
v 0.001051463057868754 0.01256324064799141 0.00644765026199645
v 0.001051463057868754 0.01256324064799141 0.00644765026199645
v 0.000935566171737269 0.012540150284345849 0.006243709383932093
v 0.0008908566659630163 0.012521470664623165 0.006317090334530538
v 0.001051463057868754 0.01256324064799141 0.00644765026199645
v 0.0008908566659630163 0.012521470664623165 0.006317090334530538
v 0.0010067390681651328 0.012525310157603383 0.006525442433354954
v 0.001308825078187581 0.012637680653968527 0.0065025313604893924
v 0.0012055230713278742 0.01261060107046796 0.006446157284783203
v 0.0012743000397359011 0.012621390942196272 0.006580628230806461
v 0.0012743000397359011 0.012621390942196272 0.006580628230806461
v 0.0012055230713278742 0.01261060107046796 0.006446157284783203
v 0.001051463057868754 0.01256324064799141 0.00644765026199645
v 0.0012743000397359011 0.012621390942196272 0.006580628230806461
v 0.001051463057868754 0.01256324064799141 0.00644765026199645
v 0.001241399108722202 0.012586360575542185 0.006665368396727154
v 0.001241399108722202 0.012586360575542185 0.006665368396727154
v 0.001051463057868754 0.01256324064799141 0.00644765026199645
v 0.0010067390681651328 0.012525310157603383 0.006525442433354954
v 0.001241399108722202 0.012586360575542185 0.006665368396727154
v 0.0010067390681651328 0.012525310157603383 0.006525442433354954
v 0.0012149201016509181 0.012532390236064669 0.006747186504403589
v 0.000447196922085287 0.012412541025355047 0.005068555118978301
v 0.0004419954331049379 0.012411210649620471 0.00499822211163986
v 0.0003656289155102091 0.012384000412732351 0.005075820210265757
v 0.0003656289155102091 0.012384000412732351 0.005075820210265757
v 0.0004419954331049379 0.012411210649620471 0.00499822211163986
v 0.0002905950088243417 0.012346900572713367 0.004783690202951606
v 0.0003656289155102091 0.012384000412732351 0.005075820210265757
v 0.0002905950088243417 0.012346900572713367 0.004783690202951606
v 0.0002814419999285986 0.012335631002781119 0.005083725217049916
v 0.0002814419999285986 0.012335631002781119 0.005083725217049916
v 0.0002905950088243417 0.012346900572713367 0.004783690202951606
v 0.00022301920817604202 0.01229523049579628 0.004783619154211659
v 0.0002814419999285986 0.012335631002781119 0.005083725217049916
v 0.00022301920817604202 0.01229523049579628 0.004783619154211659
v 0.0002054162123019121 0.01226877080063082 0.005091351274083277
v 0.0002054162123019121 0.01226877080063082 0.005091351274083277
v 0.00022301920817604202 0.01229523049579628 0.004783619154211659
v 0.00016439851409227012 0.012231850251391837 0.004783537138216553
v 0.0002054162123019121 0.01226877080063082 0.005091351274083277
v 0.00016439851409227012 0.012231850251391837 0.004783537138216553
v 0.00014331331039683752 0.012185970885199012 0.005098175290978445
v 0.00014331331039683752 0.012185970885199012 0.005098175290978445
v 0.00016439851409227012 0.012231850251391837 0.004783537138216553
v 0.00011755480430582048 0.01215933094557919 0.00478344034026884
v 0.00014331331039683752 0.012185970885199012 0.005098175290978445
v 0.00011755480430582048 0.01215933094557919 0.00478344034026884
v 9.9596572182537e-05 0.01209206066345336 0.005103730444135367
v 9.9596572182537e-05 0.01209206066345336 0.005103730444135367
v 0.00011755480430582048 0.01215933094557919 0.00478344034026884
v 8.427957100631475e-05 0.012081040956203878 0.004783336389763414
v 9.9596572182537e-05 0.01209206066345336 0.005103730444135367
v 8.427957100631475e-05 0.012081040956203878 0.004783336389763414
v 7.642945265202029e-05 0.011993260953255256 0.005107705358874947
v 7.642945265202029e-05 0.011993260953255256 0.005107705358874947
v 8.427957100631475e-05 0.012081040956203878 0.004783336389763414
v 6.437814541467024e-05 0.011926290124879 0.004989162205203678
v 7.642945265202029e-05 0.011993260953255256 0.005107705358874947
v 6.437814541467024e-05 0.011926290124879 0.004989162205203678
v 7.486949471602593e-05 0.011928620905019003 0.005140290027628446
v 0.0004922915334877251 0.012424320811070807 0.0053830673867244485
v 0.000447196922085287 0.012412541025355047 0.005068555118978301
v 0.00040907972013863245 0.012395510308603749 0.0053889343913976475
v 0.00040907972013863245 0.012395510308603749 0.0053889343913976475
v 0.000447196922085287 0.012412541025355047 0.005068555118978301
v 0.0003656289155102091 0.012384000412732351 0.005075820210265757
v 0.00040907972013863245 0.012395510308603749 0.0053889343913976475
v 0.0003656289155102091 0.012384000412732351 0.005075820210265757
v 0.0003263042128100191 0.012347670187923262 0.005407680291488469
v 0.0003263042128100191 0.012347670187923262 0.005407680291488469
v 0.0003656289155102091 0.012384000412732351 0.005075820210265757
v 0.0002814419999285986 0.012335631002781119 0.005083725217049916
v 0.0003263042128100191 0.012347670187923262 0.005407680291488469
v 0.0002814419999285986 0.012335631002781119 0.005083725217049916
v 0.000251608920127204 0.012281320201556475 0.0054257924749659394
v 0.000251608920127204 0.012281320201556475 0.0054257924749659394
v 0.0002814419999285986 0.012335631002781119 0.005083725217049916
v 0.0002054162123019121 0.01226877080063082 0.005091351274083277
v 0.000251608920127204 0.012281320201556475 0.0054257924749659394
v 0.0002054162123019121 0.01226877080063082 0.005091351274083277
v 0.0001906613053043616 0.01219897042042339 0.005442031165159843
v 0.0001906613053043616 0.01219897042042339 0.005442031165159843
v 0.0002054162123019121 0.01226877080063082 0.005091351274083277
v 0.00014331331039683752 0.012185970885199012 0.005098175290978445
v 0.0001906613053043616 0.01219897042042339 0.005442031165159843
v 0.00014331331039683752 0.012185970885199012 0.005098175290978445
v 0.00014784330831841414 0.012105420687586462 0.005455282470415711
v 0.00014784330831841414 0.012105420687586462 0.005455282470415711
v 0.00014331331039683752 0.012185970885199012 0.005098175290978445
v 9.9596572182537e-05 0.01209206066345336 0.005103730444135367
v 0.00014784330831841414 0.012105420687586462 0.005455282470415711
v 9.9596572182537e-05 0.01209206066345336 0.005103730444135367
v 0.00012527080475241946 0.012006860349653144 0.00546481110780067
v 0.00012527080475241946 0.012006860349653144 0.00546481110780067
v 9.9596572182537e-05 0.01209206066345336 0.005103730444135367
v 7.642945265202029e-05 0.011993260953255256 0.005107705358874947
v 0.00012527080475241946 0.012006860349653144 0.00546481110780067
v 7.642945265202029e-05 0.011993260953255256 0.005107705358874947
v 8.79457262207119e-05 0.011931540102240177 0.005261485349699612
v 8.79457262207119e-05 0.011931540102240177 0.005261485349699612
v 7.642945265202029e-05 0.011993260953255256 0.005107705358874947
v 7.486949471602593e-05 0.011928620905019003 0.005140290027628446
v 0.0005587740209861414 0.012441790218028489 0.005634394436473122
v 0.0004922915334877251 0.012424320811070807 0.0053830673867244485
v 0.00048134433529205614 0.012414590471558348 0.0056627362079914026
v 0.00048134433529205614 0.012414590471558348 0.0056627362079914026
v 0.0004922915334877251 0.012424320811070807 0.0053830673867244485
v 0.00040907972013863245 0.012395510308603749 0.0053889343913976475
v 0.00048134433529205614 0.012414590471558348 0.0056627362079914026
v 0.00040907972013863245 0.012395510308603749 0.0053889343913976475
v 0.0004017157149384734 0.012367680183380522 0.005693540366711602
v 0.0004017157149384734 0.012367680183380522 0.005693540366711602
v 0.00040907972013863245 0.012395510308603749 0.0053889343913976475
v 0.0003263042128100191 0.012347670187923262 0.005407680291488469
v 0.0004017157149384734 0.012367680183380522 0.005693540366711602
v 0.0003263042128100191 0.012347670187923262 0.005407680291488469
v 0.00033004020231966816 0.012302230465611182 0.005723309311912172
v 0.00033004020231966816 0.012302230465611182 0.005723309311912172
v 0.0003263042128100191 0.012347670187923262 0.005407680291488469
v 0.000251608920127204 0.012281320201556475 0.0054257924749659394
v 0.00033004020231966816 0.012302230465611182 0.005723309311912172
v 0.000251608920127204 0.012281320201556475 0.0054257924749659394
v 0.00027177481154027835 0.012220680817267567 0.005750004087807791
v 0.00027177481154027835 0.012220680817267567 0.005750004087807791
v 0.000251608920127204 0.012281320201556475 0.0054257924749659394
v 0.0001906613053043616 0.01219897042042339 0.005442031165159843
v 0.00027177481154027835 0.012220680817267567 0.005750004087807791
v 0.0001906613053043616 0.01219897042042339 0.005442031165159843
v 0.00023111840690210293 0.012127760509509363 0.005771797454321436
v 0.00023111840690210293 0.012127760509509363 0.005771797454321436
v 0.0001906613053043616 0.01219897042042339 0.005442031165159843
v 0.00014784330831841414 0.012105420687586462 0.005455282470415711
v 0.00023111840690210293 0.012127760509509363 0.005771797454321436
v 0.00014784330831841414 0.012105420687586462 0.005455282470415711
v 0.00021006680532675848 0.012029660796292748 0.0057874772913393815
v 0.00021006680532675848 0.012029660796292748 0.0057874772913393815
v 0.00014784330831841414 0.012105420687586462 0.005455282470415711
v 0.00012527080475241946 0.012006860349653144 0.00546481110780067
v 0.00021006680532675848 0.012029660796292748 0.0057874772913393815
v 0.00012527080475241946 0.012006860349653144 0.00546481110780067
v 0.00014720760985052934 0.011944450945748917 0.005587999132450615
v 0.00014720760985052934 0.011944450945748917 0.005587999132450615
v 0.00012527080475241946 0.012006860349653144 0.00546481110780067
v 0.00012984690686891967 0.011940720171645934 0.005511452459808496
v 0.0007504774092457686 0.012491921064525787 0.006025694179637718
v 0.0006554672433331868 0.012467110272331713 0.00586539534771363
v 0.000582996813331578 0.012441260928757743 0.005905833047998576
v 0.000582996813331578 0.012441260928757743 0.005905833047998576
v 0.0006554672433331868 0.012467110272331713 0.00586539534771363
v 0.00048134433529205614 0.012414590471558348 0.0056627362079914026
v 0.000582996813331578 0.012441260928757743 0.005905833047998576
v 0.00048134433529205614 0.012414590471558348 0.0056627362079914026
v 0.0005088397506166492 0.012395840279932898 0.005949747368169111
v 0.0005088397506166492 0.012395840279932898 0.005949747368169111
v 0.00048134433529205614 0.012414590471558348 0.0056627362079914026
v 0.0004017157149384734 0.012367680183380522 0.005693540366711602
v 0.0005088397506166492 0.012395840279932898 0.005949747368169111
v 0.0004017157149384734 0.012367680183380522 0.005693540366711602
v 0.0004424383254389777 0.012331820120031752 0.005992182062567463
v 0.0004424383254389777 0.012331820120031752 0.005992182062567463
v 0.0004017157149384734 0.012367680183380522 0.005693540366711602
v 0.00033004020231966816 0.012302230465611182 0.005723309311912172
v 0.0004424383254389777 0.012331820120031752 0.005992182062567463
v 0.00033004020231966816 0.012302230465611182 0.005723309311912172
v 0.00038888772188990645 0.012251540765937926 0.006030228424390436
v 0.00038888772188990645 0.012251540765937926 0.006030228424390436
v 0.00033004020231966816 0.012302230465611182 0.005723309311912172
v 0.00027177481154027835 0.012220680817267567 0.005750004087807791
v 0.00038888772188990645 0.012251540765937926 0.006030228424390436
v 0.00027177481154027835 0.012220680817267567 0.005750004087807791
v 0.0003520632255405408 0.012159670453651957 0.0060612862604908484
v 0.0003520632255405408 0.012159670453651957 0.0060612862604908484
v 0.00027177481154027835 0.012220680817267567 0.005750004087807791
v 0.00023111840690210293 0.012127760509509363 0.005771797454321436
v 0.0003520632255405408 0.012159670453651957 0.0060612862604908484
v 0.00023111840690210293 0.012127760509509363 0.005771797454321436
v 0.0003337492207262753 0.012062310791740024 0.006083626082413749
v 0.0003337492207262753 0.012062310791740024 0.006083626082413749
v 0.00023111840690210293 0.012127760509509363 0.005771797454321436
v 0.00021006680532675848 0.012029660796292748 0.0057874772913393815
v 0.0003337492207262753 0.012062310791740024 0.006083626082413749
v 0.00021006680532675848 0.012029660796292748 0.0057874772913393815
v 0.00020659531144086307 0.011956940265189784 0.005795047081585402
v 0.00020659531144086307 0.011956940265189784 0.005795047081585402
v 0.00021006680532675848 0.012029660796292748 0.0057874772913393815
v 0.00018918510679941623 0.011953310580569141 0.005740903173374056
v 0.0007820427193159021 0.012500150320592925 0.0060699661276938915
v 0.0007504774092457686 0.012491921064525787 0.006025694179637718
v 0.0007172893626445492 0.012476310368899065 0.006122787289565555
v 0.0007172893626445492 0.012476310368899065 0.006122787289565555
v 0.0007504774092457686 0.012491921064525787 0.006025694179637718
v 0.000582996813331578 0.012441260928757743 0.005905833047998576
v 0.0007172893626445492 0.012476310368899065 0.006122787289565555
v 0.000582996813331578 0.012441260928757743 0.005905833047998576
v 0.000651501150081453 0.012433070773339435 0.0061801374509809475
v 0.000651501150081453 0.012433070773339435 0.0061801374509809475
v 0.000582996813331578 0.012441260928757743 0.005905833047998576
v 0.0005088397506166492 0.012395840279932898 0.005949747368169111
v 0.000651501150081453 0.012433070773339435 0.0061801374509809475
v 0.0005088397506166492 0.012395840279932898 0.005949747368169111
v 0.0005931831283982267 0.01237115060438276 0.006235555468139529
v 0.0005931831283982267 0.01237115060438276 0.006235555468139529
v 0.0005088397506166492 0.012395840279932898 0.005949747368169111
v 0.0004424383254389777 0.012331820120031752 0.005992182062567463
v 0.0005931831283982267 0.01237115060438276 0.006235555468139529
v 0.0004424383254389777 0.012331820120031752 0.005992182062567463
v 0.0004624948125213704 0.012270790682928908 0.006160934264033689
v 0.0004624948125213704 0.012270790682928908 0.006160934264033689
v 0.0004424383254389777 0.012331820120031752 0.005992182062567463
v 0.00038888772188990645 0.012251540765937926 0.006030228424390436
v 0.0004624948125213704 0.012270790682928908 0.006160934264033689
v 0.00038888772188990645 0.012251540765937926 0.006030228424390436
v 0.0004283567274419517 0.012179630858042408 0.006196752365710543
v 0.0003520632255405408 0.012159670453651957 0.0060612862604908484
v 0.0004283567274419517 0.012179630858042408 0.006196752365710543
v 0.0003520632255405408 0.012159670453651957 0.0060612862604908484
v 0.0004119696216755078 0.012082770921496008 0.006222513494406055
v 0.0004119696216755078 0.012082770921496008 0.006222513494406055
v 0.0003520632255405408 0.012159670453651957 0.0060612862604908484
v 0.0003337492207262753 0.012062310791740024 0.006083626082413749
v 0.0004119696216755078 0.012082770921496008 0.006222513494406055
v 0.0003337492207262753 0.012062310791740024 0.006083626082413749
v 0.0003598006240556305 0.011987710568470143 0.0061478093206307465
v 0.0003598006240556305 0.011987710568470143 0.0061478093206307465
v 0.0003337492207262753 0.012062310791740024 0.006083626082413749
v 0.00027407802453076335 0.011970720859716398 0.005972005174096905
v 0.0006862269369862714 0.01239532052740577 0.006349701229328984
v 0.0006445679374718696 0.012318120587825884 0.006405048197747619
v 0.000752321040600884 0.012346020331277515 0.006514966320491642
v 0.000752321040600884 0.012346020331277515 0.006514966320491642
v 0.0006445679374718696 0.012318120587825884 0.006405048197747619
v 0.0007293765295280155 0.012257711039058147 0.006564315154012344
v 0.000752321040600884 0.012346020331277515 0.006514966320491642
v 0.0007293765295280155 0.012257711039058147 0.006564315154012344
v 0.0009248294673546223 0.012308200467115445 0.006722782454324781
v 0.0009248294673546223 0.012308200467115445 0.006722782454324781
v 0.0007293765295280155 0.012257711039058147 0.006564315154012344
v 0.0009215553244569519 0.012214660271022134 0.0067622102134606826
v 0.0009248294673546223 0.012308200467115445 0.006722782454324781
v 0.0009215553244569519 0.012214660271022134 0.0067622102134606826
v 0.001192598041913004 0.012284640895683926 0.006923053116608123
v 0.0007393616193043448 0.012455910320627869 0.006287951291245873
v 0.0006862269369862714 0.01239532052740577 0.006349701229328984
v 0.0007888721602340026 0.012421930903120378 0.006454471417868533
v 0.0007888721602340026 0.012421930903120378 0.006454471417868533
v 0.0006862269369862714 0.01239532052740577 0.006349701229328984
v 0.000752321040600884 0.012346020331277515 0.006514966320491642
v 0.0007888721602340026 0.012421930903120378 0.006454471417868533
v 0.000752321040600884 0.012346020331277515 0.006514966320491642
v 0.0009407853334956334 0.012394750230137471 0.006667890388576679
v 0.0009407853334956334 0.012394750230137471 0.006667890388576679
v 0.000752321040600884 0.012346020331277515 0.006514966320491642
v 0.0009248294673546223 0.012308200467115445 0.006722782454324781
v 0.0009407853334956334 0.012394750230137471 0.006667890388576679
v 0.0009248294673546223 0.012308200467115445 0.006722782454324781
v 0.0011897290318051146 0.012376670471588299 0.006880190222421366
v 0.0011897290318051146 0.012376670471588299 0.006880190222421366
v 0.0009248294673546223 0.012308200467115445 0.006722782454324781
v 0.001192598041913004 0.012284640895683926 0.006923053116608123
v 0.0011897290318051146 0.012376670471588299 0.006880190222421366
v 0.001192598041913004 0.012284640895683926 0.006923053116608123
v 0.0015064010143526346 0.012366110435381158 0.0070526712906418525
v 0.0015653620509742394 0.012705420143880316 0.006609399155787508
v 0.0014833700169360892 0.012683680183130926 0.006579507186594278
v 0.0015412821309691155 0.012691620475866468 0.006691899140632561
v 0.0015412821309691155 0.012691620475866468 0.006691899140632561
v 0.0014833700169360892 0.012683680183130926 0.006579507186594278
v 0.0012743000397359011 0.012621390942196272 0.006580628230806461
v 0.0015412821309691155 0.012691620475866468 0.006691899140632561
v 0.0012743000397359011 0.012621390942196272 0.006580628230806461
v 0.0015198040730413087 0.012659330969327916 0.0067812612893472495
v 0.0015198040730413087 0.012659330969327916 0.0067812612893472495
v 0.0012743000397359011 0.012621390942196272 0.006580628230806461
v 0.001241399108722202 0.012586360575542185 0.006665368396727154
v 0.0015198040730413087 0.012659330969327916 0.0067812612893472495
v 0.001241399108722202 0.012586360575542185 0.006665368396727154
v 0.0015044230937264619 0.012608020427645191 0.006867517320665871
v 0.0015044230937264619 0.012608020427645191 0.006867517320665871
v 0.001241399108722202 0.012586360575542185 0.006665368396727154
v 0.0012149201016509181 0.012532390236064669 0.006747186504403589
v 0.0015044230937264619 0.012608020427645191 0.006867517320665871
v 0.0012149201016509181 0.012532390236064669 0.006747186504403589
v 0.0014967411275336462 0.012539180397519997 0.006944723459129108
v 0.0015064010143526346 0.012366110435381158 0.0070526712906418525
v 0.0014975031133486472 0.012456680889512125 0.007007603501330837
v 0.0011897290318051146 0.012376670471588299 0.006880190222421366
v 0.0011897290318051146 0.012376670471588299 0.006880190222421366
v 0.0014975031133486472 0.012456680889512125 0.007007603501330837
v 0.0011972200247069992 0.012461150761245429 0.006820466365519693
v 0.0011897290318051146 0.012376670471588299 0.006880190222421366
v 0.0011972200247069992 0.012461150761245429 0.006820466365519693
v 0.0009407853334956334 0.012394750230137471 0.006667890388576679
v 0.0009407853334956334 0.012394750230137471 0.006667890388576679
v 0.0011972200247069992 0.012461150761245429 0.006820466365519693
v 0.0009687990410334885 0.012468530293456289 0.006600574330081486
v 0.0009407853334956334 0.012394750230137471 0.006667890388576679
v 0.0009687990410334885 0.012468530293456289 0.006600574330081486
v 0.0007888721602340026 0.012421930903120378 0.006454471417868533
v 0.0007888721602340026 0.012421930903120378 0.006454471417868533
v 0.0009687990410334885 0.012468530293456289 0.006600574330081486
v 0.0008363151351474876 0.012481080648056305 0.006386969392872808
v 0.0007888721602340026 0.012421930903120378 0.006454471417868533
v 0.0008363151351474876 0.012481080648056305 0.006386969392872808
v 0.0007393616193043448 0.012455910320627869 0.006287951291245873
v 0.0018385151305834457 0.01277852023737924 0.006686289151199841
v 0.0015653620509742394 0.012705420143880316 0.006609399155787508
v 0.0018596141029524754 0.012776560436565939 0.006778982484459959
v 0.0018596141029524754 0.012776560436565939 0.006778982484459959
v 0.0015653620509742394 0.012705420143880316 0.006609399155787508
v 0.0015412821309691155 0.012691620475866468 0.006691899140632561
v 0.0018596141029524754 0.012776560436565939 0.006778982484459959
v 0.0015412821309691155 0.012691620475866468 0.006691899140632561
v 0.0018486610336990172 0.012746700892301007 0.0068710635587798646
v 0.0018486610336990172 0.012746700892301007 0.0068710635587798646
v 0.0015412821309691155 0.012691620475866468 0.006691899140632561
v 0.0015198040730413087 0.012659330969327916 0.0067812612893472495
v 0.0018486610336990172 0.012746700892301007 0.0068710635587798646
v 0.0015198040730413087 0.012659330969327916 0.0067812612893472495
v 0.0018435370605628804 0.01269778025856871 0.006959878298410936
v 0.0018435370605628804 0.01269778025856871 0.006959878298410936
v 0.0015198040730413087 0.012659330969327916 0.0067812612893472495
v 0.0015044230937264619 0.012608020427645191 0.006867517320665871
v 0.0018435370605628804 0.01269778025856871 0.006959878298410936
v 0.0015044230937264619 0.012608020427645191 0.006867517320665871
v 0.0018451500815364064 0.012631100300872774 0.00703931651171774
v 0.0018451500815364064 0.012631100300872774 0.00703931651171774
v 0.0015044230937264619 0.012608020427645191 0.006867517320665871
v 0.0014967411275336462 0.012539180397519997 0.006944723459129108
v 0.0018451500815364064 0.012631100300872774 0.00703931651171774
v 0.0014967411275336462 0.012539180397519997 0.006944723459129108
v 0.0018536151335894757 0.012550400376385436 0.007103939393815482
v 0.0022229701144355074 0.012883480683953948 0.006749522529752581
v 0.0018385151305834457 0.01277852023737924 0.006686289151199841
v 0.002236893044860605 0.012879300729226602 0.006837867107923333
v 0.002236893044860605 0.012879300729226602 0.006837867107923333
v 0.0018385151305834457 0.01277852023737924 0.006686289151199841
v 0.0018596141029524754 0.012776560436565939 0.006778982484459959
v 0.002236893044860605 0.012879300729226602 0.006837867107923333
v 0.0018596141029524754 0.012776560436565939 0.006778982484459959
v 0.0022353361714651243 0.01285154022223178 0.006931230397422548
v 0.0022353361714651243 0.01285154022223178 0.006931230397422548
v 0.0018596141029524754 0.012776560436565939 0.006778982484459959
v 0.0018486610336990172 0.012746700892301007 0.0068710635587798646
v 0.0022353361714651243 0.01285154022223178 0.006931230397422548
v 0.0018486610336990172 0.012746700892301007 0.0068710635587798646
v 0.0022394031157806082 0.012804670942051507 0.00702120432824027
v 0.0022394031157806082 0.012804670942051507 0.00702120432824027
v 0.0018486610336990172 0.012746700892301007 0.0068710635587798646
v 0.0018435370605628804 0.01269778025856871 0.006959878298410936
v 0.0022394031157806082 0.012804670942051507 0.00702120432824027
v 0.0018435370605628804 0.01269778025856871 0.006959878298410936
v 0.0022493780727668444 0.012739870676522488 0.007101577142421543
v 0.0022493780727668444 0.012739870676522488 0.007101577142421543
v 0.0018435370605628804 0.01269778025856871 0.006959878298410936
v 0.0018451500815364064 0.012631100300872774 0.00703931651171774
v 0.0022493780727668444 0.012739870676522488 0.007101577142421543
v 0.0018451500815364064 0.012631100300872774 0.00703931651171774
v 0.0022648111465436993 0.012660740500034514 0.007166851384108329
v 0.0022648111465436993 0.012660740500034514 0.007166851384108329
v 0.0018451500815364064 0.012631100300872774 0.00703931651171774
v 0.0018536151335894757 0.012550400376385436 0.007103939393815482
v 0.0022648111465436993 0.012660740500034514 0.007166851384108329
v 0.0018536151335894757 0.012550400376385436 0.007103939393815482
v 0.0022845660341092033 0.012572681070497912 0.007213414534818495
v 0.0023070851468121045 0.012481711026809391 0.007240161285966827
v 0.001868189065975731 0.012461160297989046 0.007150169235336233
v 0.0018874641361280031 0.012369440666252226 0.007176887376253714
v 0.0018874641361280031 0.012369440666252226 0.007176887376253714
v 0.001868189065975731 0.012461160297989046 0.007150169235336233
v 0.0015064010143526346 0.012366110435381158 0.0070526712906418525
v 0.0018874641361280031 0.012369440666252226 0.007176887376253714
v 0.0015064010143526346 0.012366110435381158 0.0070526712906418525
v 0.001522182060062216 0.012273560153275295 0.007078826286848748
v 0.001522182060062216 0.012273560153275295 0.007078826286848748
v 0.0015064010143526346 0.012366110435381158 0.0070526712906418525
v 0.001192598041913004 0.012284640895683926 0.006923053116608123
v 0.001522182060062216 0.012273560153275295 0.007078826286848748
v 0.001192598041913004 0.012284640895683926 0.006923053116608123
v 0.0012047350978865168 0.012191220862560189 0.006947998376887197
v 0.0012047350978865168 0.012191220862560189 0.006947998376887197
v 0.001192598041913004 0.012284640895683926 0.006923053116608123
v 0.0009215553244569519 0.012214660271022134 0.0067622102134606826
v 0.0012047350978865168 0.012191220862560189 0.006947998376887197
v 0.0009215553244569519 0.012214660271022134 0.0067622102134606826
v 0.0009300294364164574 0.012120340922975311 0.0067851994876239035
v 0.0009300294364164574 0.012120340922975311 0.0067851994876239035
v 0.0009215553244569519 0.012214660271022134 0.0067622102134606826
v 0.0007210504159085168 0.012162920575876642 0.00659977610464074
v 0.0009300294364164574 0.012120340922975311 0.0067851994876239035
v 0.0007210504159085168 0.012162920575876642 0.00659977610464074
v 0.000726538752255472 0.012067850686107159 0.0066204822823820435
v 0.000726538752255472 0.012067850686107159 0.0066204822823820435
v 0.0007210504159085168 0.012162920575876642 0.00659977610464074
v 0.0006061094095106967 0.012133200268068519 0.006482668230883835
v 0.000726538752255472 0.012067850686107159 0.0066204822823820435
v 0.0006061094095106967 0.012133200268068519 0.006482668230883835
v 0.0006098254016610738 0.012037680244000312 0.0065016344297522104
v 0.0006098254016610738 0.012037680244000312 0.0065016344297522104
v 0.0006061094095106967 0.012133200268068519 0.006482668230883835
v 0.0005768919265097816 0.012029280280222428 0.006464064428272907
v 0.0006098254016610738 0.012037680244000312 0.0065016344297522104
v 0.0005768919265097816 0.012029280280222428 0.006464064428272907
v 0.0006099818042563931 0.012035570716312224 0.006501976322010881
v 0.00249295222679205 0.012958620686912555 0.006770860516758513
v 0.0022229701144355074 0.012883480683953948 0.006749522529752581
v 0.002491652130218458 0.012949940342872331 0.0068573654570855385
v 0.002491652130218458 0.012949940342872331 0.0068573654570855385
v 0.0022229701144355074 0.012883480683953948 0.006749522529752581
v 0.002236893044860605 0.012879300729226602 0.006837867107923333
v 0.002491652130218458 0.012949940342872331 0.0068573654570855385
v 0.002236893044860605 0.012879300729226602 0.006837867107923333
v 0.002495088218943675 0.012923240321767723 0.006950989099685499
v 0.002495088218943675 0.012923240321767723 0.006950989099685499
v 0.002236893044860605 0.012879300729226602 0.006837867107923333
v 0.0022353361714651243 0.01285154022223178 0.006931230397422548
v 0.002495088218943675 0.012923240321767723 0.006950989099685499
v 0.0022353361714651243 0.01285154022223178 0.006931230397422548
v 0.002504031061851958 0.012877421037059685 0.0070411494738409335
v 0.002504031061851958 0.012877421037059685 0.0070411494738409335
v 0.0022353361714651243 0.01285154022223178 0.006931230397422548
v 0.0022394031157806082 0.012804670942051507 0.00702120432824027
v 0.002504031061851958 0.012877421037059685 0.0070411494738409335
v 0.0022394031157806082 0.012804670942051507 0.00702120432824027
v 0.002518439174108572 0.01281358016793854 0.007121615271272473
v 0.002518439174108572 0.01281358016793854 0.007121615271272473
v 0.0022394031157806082 0.012804670942051507 0.00702120432824027
v 0.0022493780727668444 0.012739870676522488 0.007101577142421543
v 0.002518439174108572 0.01281358016793854 0.007121615271272473
v 0.0022493780727668444 0.012739870676522488 0.007101577142421543
v 0.0025375581992934104 0.012735251077914397 0.007186882360401546
v 0.0025375581992934104 0.012735251077914397 0.007186882360401546
v 0.0022493780727668444 0.012739870676522488 0.007101577142421543
v 0.0022648111465436993 0.012660740500034514 0.007166851384108329
v 0.0025375581992934104 0.012735251077914397 0.007186882360401546
v 0.0022648111465436993 0.012660740500034514 0.007166851384108329
v 0.0025600470328353275 0.012647790555876944 0.0072333372690716585
v 0.0025600470328353275 0.012647790555876944 0.0072333372690716585
v 0.0022648111465436993 0.012660740500034514 0.007166851384108329
v 0.0022845660341092033 0.012572681070497912 0.007213414534818495
v 0.0025600470328353275 0.012647790555876944 0.0072333372690716585
v 0.0022845660341092033 0.012572681070497912 0.007213414534818495
v 0.0025842691695296405 0.012557201028258743 0.007259890424324565
v 0.0005032676101351594 0.012015280340592623 0.006371528451282469
v 0.0005768919265097816 0.012029280280222428 0.006464064428272907
v 0.0005018854975664608 0.012106170275634761 0.006354909245018246
v 0.0005018854975664608 0.012106170275634761 0.006354909245018246
v 0.0005768919265097816 0.012029280280222428 0.006464064428272907
v 0.0006061094095106967 0.012133200268068519 0.006482668230883835
v 0.0005018854975664608 0.012106170275634761 0.006354909245018246
v 0.0006061094095106967 0.012133200268068519 0.006482668230883835
v 0.0005159574396105746 0.01220243035100765 0.006325763526013049
v 0.0005159574396105746 0.01220243035100765 0.006325763526013049
v 0.0006061094095106967 0.012133200268068519 0.006482668230883835
v 0.0006174468095319213 0.012228760346459918 0.006450206109285815
v 0.0005159574396105746 0.01220243035100765 0.006325763526013049
v 0.0006174468095319213 0.012228760346459918 0.006450206109285815
v 0.0005468754432077019 0.012292760479199468 0.006285224259408582
v 0.0005468754432077019 0.012292760479199468 0.006285224259408582
v 0.0006174468095319213 0.012228760346459918 0.006450206109285815
v 0.0006445679374718696 0.012318120587825884 0.006405048197747619
v 0.0005468754432077019 0.012292760479199468 0.006285224259408582
v 0.0006445679374718696 0.012318120587825884 0.006405048197747619
v 0.0005931831283982267 0.01237115060438276 0.006235555468139529
v 0.0005931831283982267 0.01237115060438276 0.006235555468139529
v 0.0006445679374718696 0.012318120587825884 0.006405048197747619
v 0.0006862269369862714 0.01239532052740577 0.006349701229328984
v 0.0005931831283982267 0.01237115060438276 0.006235555468139529
v 0.0006862269369862714 0.01239532052740577 0.006349701229328984
v 0.000651501150081453 0.012433070773339435 0.0061801374509809475
v 0.000651501150081453 0.012433070773339435 0.0061801374509809475
v 0.0006862269369862714 0.01239532052740577 0.006349701229328984
v 0.0007393616193043448 0.012455910320627869 0.006287951291245873
v 0.000651501150081453 0.012433070773339435 0.0061801374509809475
v 0.0007393616193043448 0.012455910320627869 0.006287951291245873
v 0.0008908566659630163 0.012521470664623165 0.006317090334530538
v 0.0008908566659630163 0.012521470664623165 0.006317090334530538
v 0.0007393616193043448 0.012455910320627869 0.006287951291245873
v 0.0008363151351474876 0.012481080648056305 0.006386969392872808
v 0.0008908566659630163 0.012521470664623165 0.006317090334530538
v 0.0008363151351474876 0.012481080648056305 0.006386969392872808
v 0.0010067390681651328 0.012525310157603383 0.006525442433354954
v 0.0010067390681651328 0.012525310157603383 0.006525442433354954
v 0.0008363151351474876 0.012481080648056305 0.006386969392872808
v 0.0009687990410334885 0.012468530293456289 0.006600574330081486
v 0.0010067390681651328 0.012525310157603383 0.006525442433354954
v 0.0009687990410334885 0.012468530293456289 0.006600574330081486
v 0.0012149201016509181 0.012532390236064669 0.006747186504403589
v 0.0012149201016509181 0.012532390236064669 0.006747186504403589
v 0.0009687990410334885 0.012468530293456289 0.006600574330081486
v 0.0011972200247069992 0.012461150761245429 0.006820466365519693
v 0.0012149201016509181 0.012532390236064669 0.006747186504403589
v 0.0011972200247069992 0.012461150761245429 0.006820466365519693
v 0.0014967411275336462 0.012539180397519997 0.006944723459129108
v 0.0014967411275336462 0.012539180397519997 0.006944723459129108
v 0.0011972200247069992 0.012461150761245429 0.006820466365519693
v 0.0014975031133486472 0.012456680889512125 0.007007603501330837
v 0.0014967411275336462 0.012539180397519997 0.006944723459129108
v 0.0014975031133486472 0.012456680889512125 0.007007603501330837
v 0.0018536151335894757 0.012550400376385436 0.007103939393815482
v 0.0018536151335894757 0.012550400376385436 0.007103939393815482
v 0.0014975031133486472 0.012456680889512125 0.007007603501330837
v 0.001868189065975731 0.012461160297989046 0.007150169235336233
v 0.0018536151335894757 0.012550400376385436 0.007103939393815482
v 0.001868189065975731 0.012461160297989046 0.007150169235336233
v 0.0022845660341092033 0.012572681070497912 0.007213414534818495
v 0.0022845660341092033 0.012572681070497912 0.007213414534818495
v 0.001868189065975731 0.012461160297989046 0.007150169235336233
v 0.0023070851468121045 0.012481711026809391 0.007240161285966827
v 0.0022845660341092033 0.012572681070497912 0.007213414534818495
v 0.0023070851468121045 0.012481711026809391 0.007240161285966827
v 0.0025842691695296405 0.012557201028258743 0.007259890424324565
v 0.0025842691695296405 0.012557201028258743 0.007259890424324565
v 0.0023070851468121045 0.012481711026809391 0.007240161285966827
v 0.002488683103511885 0.012447970981566688 0.00726146637120728
v 0.0025842691695296405 0.012557201028258743 0.007259890424324565
v 0.002488683103511885 0.012447970981566688 0.00726146637120728
v 0.0028594080375785036 0.012542170166643937 0.007273130285488092
v 5.940814225917227e-05 0.011925310701309531 0.004783131349775648
v 5.940814225917227e-05 0.011050000715581708 0.004783105123730701
v 6.437814541467024e-05 0.011926290124879 0.004989162205203678
v 6.437814541467024e-05 0.011926290124879 0.004989162205203678
v 5.940814225917227e-05 0.011050000715581708 0.004783105123730701
v 7.486856339340708e-05 0.011050000715581708 0.005140282398233552
v 6.437814541467024e-05 0.011926290124879 0.004989162205203678
v 7.486856339340708e-05 0.011050000715581708 0.005140282398233552
v 7.486949471602593e-05 0.011928620905019003 0.005140290027628446
v 7.486949471602593e-05 0.011928620905019003 0.005140290027628446
v 7.486856339340708e-05 0.011050000715581708 0.005140282398233552
v 8.79457262207119e-05 0.011931540102240177 0.005261485349699612
v 8.79457262207119e-05 0.011931540102240177 0.005261485349699612
v 7.486856339340708e-05 0.011050000715581708 0.005140282398233552
v 0.00012120980600053427 0.011938850969896995 0.005469117424380942
v 0.00012120980600053427 0.011938850969896995 0.005469117424380942
v 7.486856339340708e-05 0.011050000715581708 0.005140282398233552
v 0.00014720300539150175 0.011050000715581708 0.005587980058963381
v 0.00012120980600053427 0.011938850969896995 0.005469117424380942
v 0.00014720300539150175 0.011050000715581708 0.005587980058963381
v 0.00012984690686891967 0.011940720171645934 0.005511452459808496
v 0.00027407331576360244 0.011050000715581708 0.005971998498376373
v 0.00027407802453076335 0.011970720859716398 0.005972005174096905
v 0.00026438341800454415 0.011968760105228736 0.005949154182716131
v 0.00026438341800454415 0.011968760105228736 0.005949154182716131
v 0.00020659531144086307 0.011956940265189784 0.005795047081585402
v 0.00027407331576360244 0.011050000715581708 0.005971998498376373
v 0.00027407331576360244 0.011050000715581708 0.005971998498376373
v 0.00020659531144086307 0.011956940265189784 0.005795047081585402
v 0.00018918510679941623 0.011953310580569141 0.005740903173374056
v 0.00027407331576360244 0.011050000715581708 0.005971998498376373
v 0.00018918510679941623 0.011953310580569141 0.005740903173374056
v 0.00014720300539150175 0.011050000715581708 0.005587980058963381
v 0.00014720300539150175 0.011050000715581708 0.005587980058963381
v 0.00018918510679941623 0.011953310580569141 0.005740903173374056
v 0.00014720760985052934 0.011944450945748917 0.005587999132450615
v 0.00014720300539150175 0.011050000715581708 0.005587980058963381
v 0.00014720760985052934 0.011944450945748917 0.005587999132450615
v 0.00012984690686891967 0.011940720171645934 0.005511452459808496
v 0.00027407802453076335 0.011970720859716398 0.005972005174096905
v 0.00027407331576360244 0.011050000715581708 0.005971998498376373
v 0.0003598006240556305 0.011987710568470143 0.0061478093206307465
v 0.0003598006240556305 0.011987710568470143 0.0061478093206307465
v 0.00027407331576360244 0.011050000715581708 0.005971998498376373
v 0.00045432203185783934 0.011050000715581708 0.006302640260602009
v 0.0003598006240556305 0.011987710568470143 0.0061478093206307465
v 0.00045432203185783934 0.011050000715581708 0.006302640260602009
v 0.0004543345190315129 0.01200595054431208 0.006302658380414881
v 0.0006913189620312912 0.012051050758551392 0.006587051227632533
v 0.0006125425391268619 0.01203605041451616 0.0065048263778408315
v 0.0006912732452665771 0.011050000715581708 0.006587006404937533
v 0.0006912732452665771 0.011050000715581708 0.006587006404937533
v 0.0006125425391268619 0.01203605041451616 0.0065048263778408315
v 0.0006099818042563931 0.012035570716312224 0.006501976322010881
v 0.0006099818042563931 0.012035570716312224 0.006501976322010881
v 0.0005768919265097816 0.012029280280222428 0.006464064428272907
v 0.0006912732452665771 0.011050000715581708 0.006587006404937533
v 0.0006912732452665771 0.011050000715581708 0.006587006404937533
v 0.0005768919265097816 0.012029280280222428 0.006464064428272907
v 0.0005032676101351594 0.012015280340592623 0.006371528451282469
v 0.0006912732452665771 0.011050000715581708 0.006587006404937533
v 0.0005032676101351594 0.012015280340592623 0.006371528451282469
v 0.00045432203185783934 0.011050000715581708 0.006302640260602009
v 0.00045432203185783934 0.011050000715581708 0.006302640260602009
v 0.0005032676101351594 0.012015280340592623 0.006371528451282469
v 0.00047636871812381174 0.012010161016619 0.006334484401213645
v 0.00045432203185783934 0.011050000715581708 0.006302640260602009
v 0.00047636871812381174 0.012010161016619 0.006334484401213645
v 0.0004543345190315129 0.01200595054431208 0.006302658380414881
v 0.0006913189620312912 0.012051050758551392 0.006587051227632533
v 0.0006912732452665771 0.011050000715581708 0.006587006404937533
v 0.0007691327102722287 0.012065950966778646 0.006659232455883955
v 0.0007691327102722287 0.012065950966778646 0.006659232455883955
v 0.0006912732452665771 0.011050000715581708 0.006587006404937533
v 0.0009820256699652474 0.011050000715581708 0.006821316089375971
v 0.0007691327102722287 0.012065950966778646 0.006659232455883955
v 0.0009820256699652474 0.011050000715581708 0.006821316089375971
v 0.0009280383431631636 0.012096770861125813 0.006784417474647307
v 0.0013537960695508833 0.011050000715581708 0.007018134450469947
v 0.0013538740324299525 0.012183710676961775 0.007018168305909787
v 0.001317334118470584 0.012175940138262616 0.007002518509634235
v 0.001317334118470584 0.012175940138262616 0.007002518509634235
v 0.0012119041064820313 0.012153840642278865 0.006953306528384438
v 0.0013537960695508833 0.011050000715581708 0.007018134450469947
v 0.0013537960695508833 0.011050000715581708 0.007018134450469947
v 0.0012119041064820313 0.012153840642278865 0.006953306528384438
v 0.0011012440250846023 0.01213119087618841 0.006894417136549256
v 0.0013537960695508833 0.011050000715581708 0.007018134450469947
v 0.0011012440250846023 0.01213119087618841 0.006894417136549256
v 0.0009820256699652474 0.011050000715581708 0.006821316089375971
v 0.0009820256699652474 0.011050000715581708 0.006821316089375971
v 0.0011012440250846023 0.01213119087618841 0.006894417136549256
v 0.0009820829500315972 0.012107411005979337 0.0068213532826760775
v 0.0009820256699652474 0.011050000715581708 0.006821316089375971
v 0.0009820829500315972 0.012107411005979337 0.0068213532826760775
v 0.0009280383431631636 0.012096770861125813 0.006784417474647307
v 0.0013538740324299525 0.012183710676961775 0.007018168305909787
v 0.0013537960695508833 0.011050000715581708 0.007018134450469947
v 0.0015333710445109006 0.01222267018198608 0.007085718491460778
v 0.0015333710445109006 0.01222267018198608 0.007085718491460778
v 0.0013537960695508833 0.011050000715581708 0.007018134450469947
v 0.0017572791218955358 0.011050000715581708 0.00715134320847549
v 0.0015333710445109006 0.01222267018198608 0.007085718491460778
v 0.0017572791218955358 0.011050000715581708 0.00715134320847549
v 0.0015609150674256167 0.012228760346459918 0.007094827512126587
v 0.0022384401430938783 0.011050000715581708 0.007238645420568899
v 0.0022386489977790913 0.012386430375005971 0.0072386673550792185
v 0.002143243176215698 0.01236339055610158 0.007226285324004043
v 0.002143243176215698 0.01236339055610158 0.007226285324004043
v 0.0019028581092560282 0.012306521046564486 0.007184703214485054
v 0.0022384401430938783 0.011050000715581708 0.007238645420568899
v 0.0022384401430938783 0.011050000715581708 0.007238645420568899
v 0.0019028581092560282 0.012306521046564486 0.007184703214485054
v 0.0018350860752066461 0.012290800678386168 0.007170007569408386
v 0.0022384401430938783 0.011050000715581708 0.007238645420568899
v 0.0018350860752066461 0.012290800678386168 0.007170007569408386
v 0.0017572791218955358 0.011050000715581708 0.00715134320847549
v 0.0017572791218955358 0.011050000715581708 0.00715134320847549
v 0.0018350860752066461 0.012290800678386168 0.007170007569408386
v 0.001757427060630895 0.012272970782519762 0.007151380401775596
v 0.0017572791218955358 0.011050000715581708 0.00715134320847549
v 0.001757427060630895 0.012272970782519762 0.007151380401775596
v 0.0015609150674256167 0.012228760346459918 0.007094827512126587
v 0.0022386489977790913 0.012386430375005971 0.0072386673550792185
v 0.0022384401430938783 0.011050000715581708 0.007238645420568899
v 0.002488683103511885 0.012447970981566688 0.00726146637120728
v 0.002488683103511885 0.012447970981566688 0.00726146637120728
v 0.0022384401430938783 0.011050000715581708 0.007238645420568899
v 0.0028594080375785036 0.011050000715581708 0.007273130285488092
v 0.002488683103511885 0.012447970981566688 0.00726146637120728
v 0.0028594080375785036 0.011050000715581708 0.007273130285488092
v 0.0028594080375785036 0.012542170166643937 0.007273130285488092
v 0.0022355199921983426 0.012899670259918224 0.005356025473361169
v 0.002188966139813203 0.012902540819746951 0.0044170663070589025
v 0.00140696901805272 0.012668870573968035 0.004793763388397098
v 0.002832558051180517 0.01308646073509889 0.005006641148904977
v 0.002873646157380144 0.013078301097260155 0.005923383517277002
v 0.0033551022215841386 0.013220160158563529 0.0056185872839278886
v 0.000935566171737269 0.012540150284345849 0.006243709383932093
v 0.0010968690439502882 0.012582210184720052 0.006375942533065613
v 0.0010036360502107405 0.012556330323566508 0.005987823293897298
v 0.005559408451923931 0.013410700481334411 0.006785814130750021
v 0.005559408451923931 0.013468710585408102 0.005161930329407038
v 0.005192774065613248 0.01346573035302778 0.005148072010419945
v 0.005559408451923931 0.013410700481334411 0.006785814130750021
v 0.005192774065613248 0.01346573035302778 0.005148072010419945
v 0.005199967154486396 0.013407740276115684 0.006785680139502202
v 0.005199967154486396 0.013407740276115684 0.006785680139502202
v 0.005192774065613248 0.01346573035302778 0.005148072010419945
v 0.004860740415656706 0.01345470110903468 0.005155027157539848
v 0.005199967154486396 0.013407740276115684 0.006785680139502202
v 0.004860740415656706 0.01345470110903468 0.005155027157539848
v 0.004875284426509863 0.01339879099590546 0.006785318220081936
v 0.004560682990210896 0.013435620946080081 0.0051826241093816386
v 0.004582771995776669 0.01338373057038544 0.006784793222345818
v 0.004860740415656706 0.01345470110903468 0.005155027157539848
v 0.004860740415656706 0.01345470110903468 0.005155027157539848
v 0.004582771995776669 0.01338373057038544 0.006784793222345818
v 0.004755150067166092 0.013393530528126304 0.006785128438883957
v 0.004860740415656706 0.01345470110903468 0.005155027157539848
v 0.004755150067166092 0.013393530528126304 0.006785128438883957
v 0.004875284426509863 0.01339879099590546 0.006785318220081936
v 0.004057727052778071 0.013347261109119542 0.006176669414164613
v 0.004317386355424946 0.013362291017059987 0.00678416713512736
v 0.004302944387728491 0.013379360834460115 0.006100547126613452
v 0.004302944387728491 0.013379360834460115 0.006100547126613452
v 0.004317386355424946 0.013362291017059987 0.00678416713512736
v 0.004514641022539401 0.013379020372712987 0.006784648263842839
v 0.0032444841018586246 0.013165990501144417 0.0067803452851228335
v 0.003401952189858587 0.01320567098398617 0.006781105363589111
v 0.0033907121838315513 0.013207620294381491 0.006520491432906171
v 0.0033907121838315513 0.013207620294381491 0.006520491432906171
v 0.003401952189858587 0.01320567098398617 0.006781105363589111
v 0.0036239582829381 0.013256320629336234 0.006782018506790442
v 0.0033907121838315513 0.013207620294381491 0.006520491432906171
v 0.0036239582829381 0.013256320629336234 0.006782018506790442
v 0.003609231166607496 0.013261380825499432 0.006386910265062383
v 0.003609231166607496 0.013261380825499432 0.006386910265062383
v 0.0036239582829381 0.013256320629336234 0.006782018506790442
v 0.003845603171853118 0.013299080526691928 0.0067827852609772515
v 0.003609231166607496 0.013261380825499432 0.006386910265062383
v 0.003845603171853118 0.013299080526691928 0.0067827852609772515
v 0.0038289212614996126 0.013307930624768535 0.006272208511720055
v 0.0038289212614996126 0.013307930624768535 0.006272208511720055
v 0.003845603171853118 0.013299080526691928 0.0067827852609772515
v 0.0038932341994298014 0.013307150519140661 0.006782942140409752
v 0.0038289212614996126 0.013307930624768535 0.006272208511720055
v 0.0038932341994298014 0.013307150519140661 0.006782942140409752
v 0.004057727052778071 0.013347261109119542 0.006176669414164613
v 0.004057727052778071 0.013347261109119542 0.006176669414164613
v 0.0038932341994298014 0.013307150519140661 0.006782942140409752
v 0.0040738532093972935 0.013334191001992398 0.006783493364190816
v 0.004057727052778071 0.013347261109119542 0.006176669414164613
v 0.0040738532093972935 0.013334191001992398 0.006783493364190816
v 0.004317386355424946 0.013362291017059987 0.00678416713512736
v 0.0022229701144355074 0.012883480683953948 0.006749522529752581
v 0.00249295222679205 0.012958620686912555 0.006770860516758513
v 0.002873646157380144 0.013078301097260155 0.005923383517277002
v 0.0018385151305834457 0.01277852023737924 0.006686289151199841
v 0.0022914880410450367 0.012904900210117805 0.0062963140617236495
v 0.0014688050252469748 0.012679160720330814 0.005763695036944404
v 0.001308825078187581 0.012637680653968527 0.0065025313604893924
v 0.0014833700169360892 0.012683680183130926 0.006579507186594278
v 0.0014688050252469748 0.012679160720330814 0.005763695036944404
v 0.0014688050252469748 0.012679160720330814 0.005763695036944404
v 0.0014833700169360892 0.012683680183130926 0.006579507186594278
v 0.0015653620509742394 0.012705420143880316 0.006609399155787508
v 0.0014688050252469748 0.012679160720330814 0.005763695036944404
v 0.0015653620509742394 0.012705420143880316 0.006609399155787508
v 0.0018385151305834457 0.01277852023737924 0.006686289151199841
v 0.0010036360502107405 0.012556330323566508 0.005987823293897298
v 0.0010968690439502882 0.012582210184720052 0.006375942533065613
v 0.0014688050252469748 0.012679160720330814 0.005763695036944404
v 0.0014688050252469748 0.012679160720330814 0.005763695036944404
v 0.0010968690439502882 0.012582210184720052 0.006375942533065613
v 0.0012055230713278742 0.01261060107046796 0.006446157284783203
v 0.0014688050252469748 0.012679160720330814 0.005763695036944404
v 0.0012055230713278742 0.01261060107046796 0.006446157284783203
v 0.001308825078187581 0.012637680653968527 0.0065025313604893924
v 0.0005587740209861414 0.012441790218028489 0.005634394436473122
v 0.000597637145295267 0.012451980228583289 0.0057391522272459685
v 0.0009331438388585425 0.012538730263221273 0.0049999430170255535
v 0.0005587740209861414 0.012441790218028489 0.005634394436473122
v 0.0009331438388585425 0.012538730263221273 0.0049999430170255535
v 0.0004922915334877251 0.012424320811070807 0.0053830673867244485
v 0.0006554672433331868 0.012467110272331713 0.00586539534771363
v 0.0007504774092457686 0.012491921064525787 0.006025694179637718
v 0.0010036360502107405 0.012556330323566508 0.005987823293897298
v 0.0010036360502107405 0.012556330323566508 0.005987823293897298
v 0.0007504774092457686 0.012491921064525787 0.006025694179637718
v 0.0007820427193159021 0.012500150320592925 0.0060699661276938915
v 0.0010036360502107405 0.012556330323566508 0.005987823293897298
v 0.0007820427193159021 0.012500150320592925 0.0060699661276938915
v 0.000935566171737269 0.012540150284345849 0.006243709383932093
v 0.00043529551308608624 0.012409660928782703 0.004783772218946713
v 0.0004419954331049379 0.012411210649620471 0.00499822211163986
v 0.0009331438388585425 0.012538730263221273 0.0049999430170255535
v 0.0009331438388585425 0.012538730263221273 0.0049999430170255535
v 0.0004419954331049379 0.012411210649620471 0.00499822211163986
v 0.000447196922085287 0.012412541025355047 0.005068555118978301
v 0.0009331438388585425 0.012538730263221273 0.0049999430170255535
v 0.000447196922085287 0.012412541025355047 0.005068555118978301
v 0.0004922915334877251 0.012424320811070807 0.0053830673867244485
v 0.0021187130027025547 0.012922000545097508 0.0025434120909441356
v 0.001326000038186087 0.012699240334016478 0.0011731310447954388
v 0.0013130111125889826 0.0126678205784958 0.0028541981145405178
v 0.0013130111125889826 0.0126678205784958 0.0028541981145405178
v 0.001326000038186087 0.012699240334016478 0.0011731310447954388
v 0.0004244666301159161 0.01243539106306146 0.0011731310447954388
v 0.0013130111125889826 0.0126678205784958 0.0028541981145405178
v 0.0004244666301159161 0.01243539106306146 0.0011731310447954388
v 0.0008258214389131324 0.012526280998103597 0.0030227152352765843
v 0.0008258214389131324 0.012526280998103597 0.0030227152352765843
v 0.0004244666301159161 0.01243539106306146 0.0011731310447954388
v 0.000428418626868491 0.01242113077033091 0.002657920009972447
v 0.0008258214389131324 0.012526280998103597 0.0030227152352765843
v 0.000428418626868491 0.01242113077033091 0.002657920009972447
v 0.00042990921989583333 0.01241687070695718 0.0031519230909161913
v 0.003001303100089031 0.013254960689696445 0.0011731310447954388
v 0.0032687381866440546 0.013313550627782052 0.002053931095404998
v 0.003286116040863013 0.013347700753000288 0.0011731310447954388
v 0.003286116040863013 0.013347700753000288 0.0011731310447954388
v 0.0032687381866440546 0.013313550627782052 0.002053931095404998
v 0.0035098702190475284 0.013386820475317359 0.001965389106641374
v 0.003286116040863013 0.013347700753000288 0.0011731310447954388
v 0.0035098702190475284 0.013386820475317359 0.001965389106641374
v 0.0036701571300420954 0.013456640882686385 0.0011731310447954388
v 0.0035098702190475284 0.013386820475317359 0.001965389106641374
v 0.0037497841708725166 0.013450150174980632 0.0018925740425673044
v 0.0036701571300420954 0.013456640882686385 0.0011731310447954388
v 0.0036701571300420954 0.013456640882686385 0.0011731310447954388
v 0.0037497841708725166 0.013450150174980632 0.0018925740425673044
v 0.0039965850821005455 0.01350350062612304 0.0018365231432604374
v 0.0036701571300420954 0.013456640882686385 0.0011731310447954388
v 0.0039965850821005455 0.01350350062612304 0.0018365231432604374
v 0.004025481415260157 0.013533730196040313 0.0011731310447954388
v 0.004025481415260157 0.013533730196040313 0.0011731310447954388
v 0.0039965850821005455 0.01350350062612304 0.0018365231432604374
v 0.004257723056845242 0.013546820330329053 0.0017981830497340585
v 0.004025481415260157 0.013533730196040313 0.0011731310447954388
v 0.004257723056845242 0.013546820330329053 0.0017981830497340585
v 0.004381402223791464 0.013587220837313892 0.0011731310447954388
v 0.004381402223791464 0.013587220837313892 0.0011731310447954388
v 0.004257723056845242 0.013546820330329053 0.0017981830497340585
v 0.0045397684346215605 0.01358007018694984 0.0017783790479389268
v 0.004381402223791464 0.013587220837313892 0.0011731310447954388
v 0.0045397684346215605 0.01358007018694984 0.0017783790479389268
v 0.004538063264862835 0.013604190518906042 0.0011731310447954388
v 0.004538063264862835 0.013604190518906042 0.0011731310447954388
v 0.0045397684346215605 0.01358007018694984 0.0017783790479389268
v 0.004848200074637488 0.013603231122498168 0.0017778130422052558
v 0.004538063264862835 0.013604190518906042 0.0011731310447954388
v 0.004848200074637488 0.013603231122498168 0.0017778130422052558
v 0.004754139172342686 0.01362206046909564 0.0011731310447954388
v 0.004754139172342686 0.01362206046909564 0.0011731310447954388
v 0.004848200074637488 0.013603231122498168 0.0017778130422052558
v 0.005187195070597284 0.013616280248789355 0.0017970060963624214
v 0.004754139172342686 0.01362206046909564 0.0011731310447954388
v 0.005187195070597284 0.013616280248789355 0.0017970060963624214
v 0.00515389133137506 0.013641380957989387 0.0011731310447954388
v 0.00515389133137506 0.013641380957989387 0.0011731310447954388
v 0.005187195070597284 0.013616280248789355 0.0017970060963624214
v 0.005559408451923931 0.013625810316685857 0.0016824531162205193
v 0.00515389133137506 0.013641380957989387 0.0011731310447954388
v 0.005559408451923931 0.013625810316685857 0.0016824531162205193
v 0.005559408451923931 0.013647041015326097 0.0011731310447954388
v 0.0032687381866440546 0.013313550627782052 0.002053931095404998
v 0.003302862085817343 0.01326246038487688 0.003828302088420276
v 0.0035098702190475284 0.013386820475317359 0.001965389106641374
v 0.0035098702190475284 0.013386820475317359 0.001965389106641374
v 0.003302862085817343 0.01326246038487688 0.003828302088420276
v 0.0035371231328633346 0.013329820312392712 0.003720537123966388
v 0.0035098702190475284 0.013386820475317359 0.001965389106641374
v 0.0035371231328633346 0.013329820312392712 0.003720537123966388
v 0.0037497841708725166 0.013450150174980632 0.0018925740425673044
v 0.0037497841708725166 0.013450150174980632 0.0018925740425673044
v 0.0035371231328633346 0.013329820312392712 0.003720537123966388
v 0.003770963132678634 0.013388050715243956 0.003630329066092868
v 0.0037497841708725166 0.013450150174980632 0.0018925740425673044
v 0.003770963132678634 0.013388050715243956 0.003630329066092868
v 0.0039965850821005455 0.01350350062612304 0.0018365231432604374
v 0.0039965850821005455 0.01350350062612304 0.0018365231432604374
v 0.003770963132678634 0.013388050715243956 0.003630329066092868
v 0.004012458991851098 0.01343712107585104 0.0035585171482380154
v 0.0039965850821005455 0.01350350062612304 0.0018365231432604374
v 0.004012458991851098 0.01343712107585104 0.0035585171482380154
v 0.004257723056845242 0.013546820330329053 0.0017981830497340585
v 0.004257723056845242 0.013546820330329053 0.0017981830497340585
v 0.004012458991851098 0.01343712107585104 0.0035585171482380154
v 0.004269031250589139 0.013476980849472794 0.0035058631177982405
v 0.004257723056845242 0.013546820330329053 0.0017981830497340585
v 0.004269031250589139 0.013476980849472794 0.0035058631177982405
v 0.0045397684346215605 0.01358007018694984 0.0017783790479389268
v 0.0045397684346215605 0.01358007018694984 0.0017783790479389268
v 0.004269031250589139 0.013476980849472794 0.0035058631177982405
v 0.004547223307106996 0.013507610962621982 0.003473047183012028
v 0.0045397684346215605 0.01358007018694984 0.0017783790479389268
v 0.004547223307106996 0.013507610962621982 0.003473047183012028
v 0.004848200074637488 0.013603231122498168 0.0017778130422052558
v 0.004848200074637488 0.013603231122498168 0.0017778130422052558
v 0.004547223307106996 0.013507610962621982 0.003473047183012028
v 0.004852496377636961 0.01352898089771903 0.0034606341575200974
v 0.004848200074637488 0.013603231122498168 0.0017778130422052558
v 0.004852496377636961 0.01352898089771903 0.0034606341575200974
v 0.005187195070597284 0.013616280248789355 0.0017970060963624214
v 0.005187195070597284 0.013616280248789355 0.0017970060963624214
v 0.004852496377636961 0.01352898089771903 0.0034606341575200974
v 0.005189009436070424 0.013541070627602344 0.0034690541484595763
v 0.005187195070597284 0.013616280248789355 0.0017970060963624214
v 0.005189009436070424 0.013541070627602344 0.0034690541484595763
v 0.005559408451923931 0.013625810316685857 0.0016824531162205193
v 0.005559408451923931 0.013625810316685857 0.0016824531162205193
v 0.005189009436070424 0.013541070627602344 0.0034690541484595763
v 0.005559408451923931 0.01349850051144463 0.004487522338390003
v 0.002188966139813203 0.012902540819746951 0.0044170663070589025
v 0.002150391203975255 0.01291058029461611 0.0034795331223459727
v 0.00140696901805272 0.012668870573968035 0.004793763388397098
v 0.00140696901805272 0.012668870573968035 0.004793763388397098
v 0.002150391203975255 0.01291058029461611 0.0034795331223459727
v 0.0013554690527999014 0.01266576064187452 0.0038238541511972915
v 0.00140696901805272 0.012668870573968035 0.004793763388397098
v 0.0013554690527999014 0.01266576064187452 0.0038238541511972915
v 0.0009331438388585425 0.012538730263221273 0.0049999430170255535
v 0.0009331438388585425 0.012538730263221273 0.0049999430170255535
v 0.0013554690527999014 0.01266576064187452 0.0038238541511972915
v 0.0008743485627619313 0.012529420494102324 0.004011456203259766
v 0.0009331438388585425 0.012538730263221273 0.0049999430170255535
v 0.0008743485627619313 0.012529420494102324 0.004011456203259766
v 0.00043529551308608624 0.012409660928782703 0.004783772218946713
v 0.0027987531560812184 0.013100510265795503 0.004092950061653221
v 0.002748361241227404 0.013137370733549699 0.0022738350517727264
v 0.0021187130027025547 0.012922000545097508 0.0025434120909441356
v 0.0021187130027025547 0.012922000545097508 0.0025434120909441356
v 0.002748361241227404 0.013137370733549699 0.0022738350517727264
v 0.0021387690129477666 0.012960060735198727 0.0011731310447954388
v 0.0021187130027025547 0.012922000545097508 0.0025434120909441356
v 0.0021387690129477666 0.012960060735198727 0.0011731310447954388
v 0.001326000038186087 0.012699240334016478 0.0011731310447954388
v 0.002832558051180517 0.01308646073509889 0.005006641148904977
v 0.0033551022215841386 0.013220160158563529 0.0056185872839278886
v 0.0027987531560812184 0.013100510265795503 0.004092950061653221
v 0.0022914880410450367 0.012904900210117805 0.0062963140617236495
v 0.0022355199921983426 0.012899670259918224 0.005356025473361169
v 0.0014688050252469748 0.012679160720330814 0.005763695036944404
v 0.0014688050252469748 0.012679160720330814 0.005763695036944404
v 0.0022355199921983426 0.012899670259918224 0.005356025473361169
v 0.00140696901805272 0.012668870573968035 0.004793763388397098
v 0.0014688050252469748 0.012679160720330814 0.005763695036944404
v 0.00140696901805272 0.012668870573968035 0.004793763388397098
v 0.0010036360502107405 0.012556330323566508 0.005987823293897298
v 0.0010036360502107405 0.012556330323566508 0.005987823293897298
v 0.00140696901805272 0.012668870573968035 0.004793763388397098
v 0.0009331438388585425 0.012538730263221273 0.0049999430170255535
v 0.0010036360502107405 0.012556330323566508 0.005987823293897298
v 0.0009331438388585425 0.012538730263221273 0.0049999430170255535
v 0.0006554672433331868 0.012467110272331713 0.00586539534771363
v 0.0006554672433331868 0.012467110272331713 0.00586539534771363
v 0.0009331438388585425 0.012538730263221273 0.0049999430170255535
v 0.000597637145295267 0.012451980228583289 0.0057391522272459685
v 0.00042990921989583333 0.01241687070695718 0.0031519230909161913
v 0.00043529551308608624 0.012409660928782703 0.004783772218946713
v 0.0008258214389131324 0.012526280998103597 0.0030227152352765843
v 0.0008258214389131324 0.012526280998103597 0.0030227152352765843
v 0.00043529551308608624 0.012409660928782703 0.004783772218946713
v 0.0008743485627619313 0.012529420494102324 0.004011456203259766
v 0.0008258214389131324 0.012526280998103597 0.0030227152352765843
v 0.0008743485627619313 0.012529420494102324 0.004011456203259766
v 0.0013130111125889826 0.0126678205784958 0.0028541981145405178
v 0.0013130111125889826 0.0126678205784958 0.0028541981145405178
v 0.0008743485627619313 0.012529420494102324 0.004011456203259766
v 0.0013554690527999014 0.01266576064187452 0.0038238541511972915
v 0.0013130111125889826 0.0126678205784958 0.0028541981145405178
v 0.0013554690527999014 0.01266576064187452 0.0038238541511972915
v 0.0021187130027025547 0.012922000545097508 0.0025434120909441356
v 0.0021187130027025547 0.012922000545097508 0.0025434120909441356
v 0.0013554690527999014 0.01266576064187452 0.0038238541511972915
v 0.002150391203975255 0.01291058029461611 0.0034795331223459727
v 0.0021187130027025547 0.012922000545097508 0.0025434120909441356
v 0.002150391203975255 0.01291058029461611 0.0034795331223459727
v 0.0027987531560812184 0.013100510265795503 0.004092950061653221
v 0.0027987531560812184 0.013100510265795503 0.004092950061653221
v 0.002150391203975255 0.01291058029461611 0.0034795331223459727
v 0.002188966139813203 0.012902540819746951 0.0044170663070589025
v 0.0027987531560812184 0.013100510265795503 0.004092950061653221
v 0.002188966139813203 0.012902540819746951 0.0044170663070589025
v 0.002832558051180517 0.01308646073509889 0.005006641148904977
v 0.002832558051180517 0.01308646073509889 0.005006641148904977
v 0.002188966139813203 0.012902540819746951 0.0044170663070589025
v 0.0022355199921983426 0.012899670259918224 0.005356025473361169
v 0.002832558051180517 0.01308646073509889 0.005006641148904977
v 0.0022355199921983426 0.012899670259918224 0.005356025473361169
v 0.002873646157380144 0.013078301097260155 0.005923383517277002
v 0.002873646157380144 0.013078301097260155 0.005923383517277002
v 0.0022355199921983426 0.012899670259918224 0.005356025473361169
v 0.0022914880410450367 0.012904900210117805 0.0062963140617236495
v 0.002873646157380144 0.013078301097260155 0.005923383517277002
v 0.0022914880410450367 0.012904900210117805 0.0062963140617236495
v 0.0022229701144355074 0.012883480683953948 0.006749522529752581
v 0.0022229701144355074 0.012883480683953948 0.006749522529752581
v 0.0022914880410450367 0.012904900210117805 0.0062963140617236495
v 0.0018385151305834457 0.01277852023737924 0.006686289151199841
v 0.00249295222679205 0.012958620686912555 0.006770860516758513
v 0.002724195132901841 0.01302353062499317 0.006777238214052404
v 0.002873646157380144 0.013078301097260155 0.005923383517277002
v 0.002873646157380144 0.013078301097260155 0.005923383517277002
v 0.002724195132901841 0.01302353062499317 0.006777238214052404
v 0.0032444841018586246 0.013165990501144417 0.0067803452851228335
v 0.002873646157380144 0.013078301097260155 0.005923383517277002
v 0.0032444841018586246 0.013165990501144417 0.0067803452851228335
v 0.0033551022215841386 0.013220160158563529 0.0056185872839278886
v 0.0033551022215841386 0.013220160158563529 0.0056185872839278886
v 0.0032444841018586246 0.013165990501144417 0.0067803452851228335
v 0.0033907121838315513 0.013207620294381491 0.006520491432906171
v 0.0033551022215841386 0.013220160158563529 0.0056185872839278886
v 0.0033907121838315513 0.013207620294381491 0.006520491432906171
v 0.0035797120840896923 0.013279210721365838 0.005493104241926504
v 0.0035797120840896923 0.013279210721365838 0.005493104241926504
v 0.0033907121838315513 0.013207620294381491 0.006520491432906171
v 0.003609231166607496 0.013261380825499432 0.006386910265062383
v 0.0035797120840896923 0.013279210721365838 0.005493104241926504
v 0.003609231166607496 0.013261380825499432 0.006386910265062383
v 0.003804916085722587 0.01333030096427101 0.0053862822229977505
v 0.003804916085722587 0.01333030096427101 0.0053862822229977505
v 0.003609231166607496 0.013261380825499432 0.006386910265062383
v 0.0038289212614996126 0.013307930624768535 0.006272208511720055
v 0.003804916085722587 0.01333030096427101 0.0053862822229977505
v 0.0038289212614996126 0.013307930624768535 0.006272208511720055
v 0.004038721276423685 0.013373410860117448 0.005298626197716149
v 0.004038721276423685 0.013373410860117448 0.005298626197716149
v 0.0038289212614996126 0.013307930624768535 0.006272208511720055
v 0.004057727052778071 0.013347261109119542 0.006176669414164613
v 0.004038721276423685 0.013373410860117448 0.005298626197716149
v 0.004057727052778071 0.013347261109119542 0.006176669414164613
v 0.004288481439196079 0.013408520381743557 0.005230606327542019
v 0.004288481439196079 0.013408520381743557 0.005230606327542019
v 0.004057727052778071 0.013347261109119542 0.006176669414164613
v 0.004302944387728491 0.013379360834460115 0.006100547126613452
v 0.004288481439196079 0.013408520381743557 0.005230606327542019
v 0.004302944387728491 0.013379360834460115 0.006100547126613452
v 0.004560682990210896 0.013435620946080081 0.0051826241093816386
v 0.004560682990210896 0.013435620946080081 0.0051826241093816386
v 0.004302944387728491 0.013379360834460115 0.006100547126613452
v 0.004514641022539401 0.013379020372712987 0.006784648263842839
v 0.004560682990210896 0.013435620946080081 0.0051826241093816386
v 0.004514641022539401 0.013379020372712987 0.006784648263842839
v 0.004582771995776669 0.01338373057038544 0.006784793222345818
v 0.005559408451923931 0.013468710585408102 0.005161930329407038
v 0.005559408451923931 0.01349850051144463 0.004487522338390003
v 0.005192774065613248 0.01346573035302778 0.005148072010419945
v 0.005192774065613248 0.01346573035302778 0.005148072010419945
v 0.005559408451923931 0.01349850051144463 0.004487522338390003
v 0.005189009436070424 0.013541070627602344 0.0034690541484595763
v 0.005192774065613248 0.01346573035302778 0.005148072010419945
v 0.005189009436070424 0.013541070627602344 0.0034690541484595763
v 0.004860740415656706 0.01345470110903468 0.005155027157539848
v 0.004860740415656706 0.01345470110903468 0.005155027157539848
v 0.005189009436070424 0.013541070627602344 0.0034690541484595763
v 0.004852496377636961 0.01352898089771903 0.0034606341575200974
v 0.004860740415656706 0.01345470110903468 0.005155027157539848
v 0.004852496377636961 0.01352898089771903 0.0034606341575200974
v 0.004560682990210896 0.013435620946080081 0.0051826241093816386
v 0.004560682990210896 0.013435620946080081 0.0051826241093816386
v 0.004852496377636961 0.01352898089771903 0.0034606341575200974
v 0.004547223307106996 0.013507610962621982 0.003473047183012028
v 0.004560682990210896 0.013435620946080081 0.0051826241093816386
v 0.004547223307106996 0.013507610962621982 0.003473047183012028
v 0.004288481439196079 0.013408520381743557 0.005230606327542019
v 0.004288481439196079 0.013408520381743557 0.005230606327542019
v 0.004547223307106996 0.013507610962621982 0.003473047183012028
v 0.004269031250589139 0.013476980849472794 0.0035058631177982405
v 0.004288481439196079 0.013408520381743557 0.005230606327542019
v 0.004269031250589139 0.013476980849472794 0.0035058631177982405
v 0.004038721276423685 0.013373410860117448 0.005298626197716149
v 0.004038721276423685 0.013373410860117448 0.005298626197716149
v 0.004269031250589139 0.013476980849472794 0.0035058631177982405
v 0.004012458991851098 0.01343712107585104 0.0035585171482380154
v 0.004038721276423685 0.013373410860117448 0.005298626197716149
v 0.004012458991851098 0.01343712107585104 0.0035585171482380154
v 0.003804916085722587 0.01333030096427101 0.0053862822229977505
v 0.003804916085722587 0.01333030096427101 0.0053862822229977505
v 0.004012458991851098 0.01343712107585104 0.0035585171482380154
v 0.003770963132678634 0.013388050715243956 0.003630329066092868
v 0.003804916085722587 0.01333030096427101 0.0053862822229977505
v 0.003770963132678634 0.013388050715243956 0.003630329066092868
v 0.0035797120840896923 0.013279210721365838 0.005493104241926504
v 0.0035797120840896923 0.013279210721365838 0.005493104241926504
v 0.003770963132678634 0.013388050715243956 0.003630329066092868
v 0.0035371231328633346 0.013329820312392712 0.003720537123966388
v 0.0035797120840896923 0.013279210721365838 0.005493104241926504
v 0.0035371231328633346 0.013329820312392712 0.003720537123966388
v 0.0033551022215841386 0.013220160158563529 0.0056185872839278886
v 0.0033551022215841386 0.013220160158563529 0.0056185872839278886
v 0.0035371231328633346 0.013329820312392712 0.003720537123966388
v 0.003302862085817343 0.01326246038487688 0.003828302088420276
v 0.0033551022215841386 0.013220160158563529 0.0056185872839278886
v 0.003302862085817343 0.01326246038487688 0.003828302088420276
v 0.0027987531560812184 0.013100510265795503 0.004092950061653221
v 0.0027987531560812184 0.013100510265795503 0.004092950061653221
v 0.003302862085817343 0.01326246038487688 0.003828302088420276
v 0.0032687381866440546 0.013313550627782052 0.002053931095404998
v 0.0027987531560812184 0.013100510265795503 0.004092950061653221
v 0.0032687381866440546 0.013313550627782052 0.002053931095404998
v 0.002748361241227404 0.013137370733549699 0.0022738350517727264
v 0.002748361241227404 0.013137370733549699 0.0022738350517727264
v 0.0032687381866440546 0.013313550627782052 0.002053931095404998
v 0.003001303100089031 0.013254960689696445 0.0011731310447954388
v 0.002748361241227404 0.013137370733549699 0.0022738350517727264
v 0.003001303100089031 0.013254960689696445 0.0011731310447954388
v 0.0021387690129477666 0.012960060735198727 0.0011731310447954388
v 0.004514641022539401 0.013379020372712987 0.006784648263842839
v 0.004317386355424946 0.013362291017059987 0.00678416713512736
v 0.004180216987795249 0.013339230217319639 0.006864429323082675
v 0.0040738532093972935 0.013334191001992398 0.006783493364190816
v 0.0038932341994298014 0.013307150519140661 0.006782942140409752
v 0.003895700162910576 0.013299140608176715 0.006864429323082675
v 0.0036239582829381 0.013256320629336234 0.006782018506790442
v 0.003401952189858587 0.01320567098398617 0.006781105363589111
v 0.0036133631991981663 0.013245550784769518 0.006864429323082675
v 0.0033431021370908254 0.012675040847088256 0.007273130285488092
v 0.0037160651064657713 0.012764810214755392 0.007273130285488092
v 0.00369784015099503 0.012850120201107203 0.007265460359434093
v 0.003974807212795278 0.01281395019359088 0.007273130285488092
v 0.004237664423995535 0.012851010932961034 0.007273130285488092
v 0.004227469168231746 0.012937640804629443 0.007265460359434093
v 0.00453578732099863 0.012879350320293411 0.007273130285488092
v 0.004779540288966655 0.01289427055568226 0.007273130285488092
v 0.004775283086616011 0.01298141064313418 0.007265460359434093
v 0.0036239582829381 0.013256320629336234 0.006782018506790442
v 0.0036133631991981663 0.013245550784769518 0.006864429323082675
v 0.003845603171853118 0.013299080526691928 0.0067827852609772515
v 0.005199967154486396 0.013407740276115684 0.006785680139502202
v 0.004875284426509863 0.01339879099590546 0.006785318220081936
v 0.0047555529945839115 0.013385280291223208 0.006864429323082675
v 0.0047555529945839115 0.013385280291223208 0.006864429323082675
v 0.004875284426509863 0.01339879099590546 0.006785318220081936
v 0.004755150067166092 0.013393530528126304 0.006785128438883957
v 0.0047555529945839115 0.013385280291223208 0.006864429323082675
v 0.004755150067166092 0.013393530528126304 0.006785128438883957
v 0.004582771995776669 0.01338373057038544 0.006784793222345818
v 0.0030370182049348216 0.012779710422982645 0.0072392233472320915
v 0.003012912178094046 0.012866790428949778 0.007193096502542405
v 0.0027860270869800585 0.012803410184545335 0.007193096502542405
v 0.0032444841018586246 0.013165990501144417 0.0067803452851228335
v 0.002724195132901841 0.01302353062499317 0.006777238214052404
v 0.002954154154902189 0.013079060222052071 0.006864429323082675
v 0.002954154154902189 0.013079060222052071 0.006864429323082675
v 0.002724195132901841 0.01302353062499317 0.006777238214052404
v 0.0027264322145358066 0.013015560768352415 0.006863784162376983
v 0.002954154154902189 0.013079060222052071 0.006864429323082675
v 0.0027264322145358066 0.013015560768352415 0.006863784162376983
v 0.0029613601183792193 0.01305303063402374 0.006957959505595189
v 0.0029613601183792193 0.01305303063402374 0.006957959505595189
v 0.0027264322145358066 0.013015560768352415 0.006863784162376983
v 0.0027348052370129716 0.012985760351897909 0.006967314097409137
v 0.0029613601183792193 0.01305303063402374 0.006957959505595189
v 0.0027348052370129716 0.012985760351897909 0.006967314097409137
v 0.0029738651734470545 0.013007850311138044 0.00704793343641291
v 0.0029738651734470545 0.013007850311138044 0.00704793343641291
v 0.0027348052370129716 0.012985760351897909 0.006967314097409137
v 0.0027463690154858056 0.012944590229703175 0.007047508097647591
v 0.0029738651734470545 0.013007850311138044 0.00704793343641291
v 0.0027463690154858056 0.012944590229703175 0.007047508097647591
v 0.0029913710584490716 0.012944610256864771 0.007128138403906524
v 0.0029913710584490716 0.012944610256864771 0.007128138403906524
v 0.0027463690154858056 0.012944590229703175 0.007047508097647591
v 0.002764189136190004 0.012881150857488307 0.007128131251348811
v 0.0029913710584490716 0.012944610256864771 0.007128138403906524
v 0.002764189136190004 0.012881150857488307 0.007128131251348811
v 0.0027860270869800585 0.012803410184545335 0.007193096502542405
v 0.002835816041218686 0.01262616026767915 0.007265460359434093
v 0.003062029030326263 0.012689360267629231 0.007265460359434093
v 0.0030370182049348216 0.012779710422982645 0.0072392233472320915
v 0.002835816041218686 0.01262616026767915 0.007265460359434093
v 0.0030370182049348216 0.012779710422982645 0.0072392233472320915
v 0.0028079191587901398 0.012725470193660767 0.00723546014820081
v 0.0028079191587901398 0.012725470193660767 0.00723546014820081
v 0.0030370182049348216 0.012779710422982645 0.0072392233472320915
v 0.0027860270869800585 0.012803410184545335 0.007193096502542405
v 0.003401952189858587 0.01320567098398617 0.006781105363589111
v 0.0032444841018586246 0.013165990501144417 0.0067803452851228335
v 0.0036133631991981663 0.013245550784769518 0.006864429323082675
v 0.0036133631991981663 0.013245550784769518 0.006864429323082675
v 0.0032444841018586246 0.013165990501144417 0.0067803452851228335
v 0.002954154154902189 0.013079060222052071 0.006864429323082675
v 0.0036133631991981663 0.013245550784769518 0.006864429323082675
v 0.002954154154902189 0.013079060222052071 0.006864429323082675
v 0.003619006090396365 0.013219140680670868 0.006957959505595189
v 0.003619006090396365 0.013219140680670868 0.006957959505595189
v 0.002954154154902189 0.013079060222052071 0.006864429323082675
v 0.0029613601183792193 0.01305303063402374 0.006957959505595189
v 0.003619006090396365 0.013219140680670868 0.006957959505595189
v 0.0029613601183792193 0.01305303063402374 0.006957959505595189
v 0.0036287991339981063 0.013173300415126873 0.00704793343641291
v 0.0036287991339981063 0.013173300415126873 0.00704793343641291
v 0.0029613601183792193 0.01305303063402374 0.006957959505595189
v 0.0029738651734470545 0.013007850311138044 0.00704793343641291
v 0.0036287991339981063 0.013173300415126873 0.00704793343641291
v 0.0029738651734470545 0.013007850311138044 0.00704793343641291
v 0.003642508202947592 0.01310913052835094 0.007128138403906524
v 0.003642508202947592 0.01310913052835094 0.007128138403906524
v 0.0029738651734470545 0.013007850311138044 0.00704793343641291
v 0.0029913710584490716 0.012944610256864771 0.007128138403906524
v 0.0036593772718945816 0.01303017105957371 0.007193096502542405
v 0.003012912178094046 0.012866790428949778 0.007193096502542405
v 0.0036782540637915473 0.012941800732195193 0.0072392233472320915
v 0.0036782540637915473 0.012941800732195193 0.0072392233472320915
v 0.003012912178094046 0.012866790428949778 0.007193096502542405
v 0.0030370182049348216 0.012779710422982645 0.0072392233472320915
v 0.0036782540637915473 0.012941800732195193 0.0072392233472320915
v 0.0030370182049348216 0.012779710422982645 0.0072392233472320915
v 0.00369784015099503 0.012850120201107203 0.007265460359434093
v 0.00369784015099503 0.012850120201107203 0.007265460359434093
v 0.0030370182049348216 0.012779710422982645 0.0072392233472320915
v 0.003062029030326263 0.012689360267629231 0.007265460359434093
v 0.00369784015099503 0.012850120201107203 0.007265460359434093
v 0.003062029030326263 0.012689360267629231 0.007265460359434093
v 0.0033431021370908254 0.012675040847088256 0.007273130285488092
v 0.0033431021370908254 0.012675040847088256 0.007273130285488092
v 0.003062029030326263 0.012689360267629231 0.007265460359434093
v 0.002835816041218686 0.01262616026767915 0.007265460359434093
v 0.0033431021370908254 0.012675040847088256 0.007273130285488092
v 0.002835816041218686 0.01262616026767915 0.007265460359434093
v 0.0028594080375785036 0.012542170166643937 0.007273130285488092
v 0.0038932341994298014 0.013307150519140661 0.006782942140409752
v 0.003845603171853118 0.013299080526691928 0.0067827852609772515
v 0.003895700162910576 0.013299140608176715 0.006864429323082675
v 0.003895700162910576 0.013299140608176715 0.006864429323082675
v 0.003845603171853118 0.013299080526691928 0.0067827852609772515
v 0.0036133631991981663 0.013245550784769518 0.006864429323082675
v 0.003895700162910576 0.013299140608176715 0.006864429323082675
v 0.0036133631991981663 0.013245550784769518 0.006864429323082675
v 0.003900102085345608 0.013272490178138915 0.006957959505595189
v 0.003900102085345608 0.013272490178138915 0.006957959505595189
v 0.0036133631991981663 0.013245550784769518 0.006864429323082675
v 0.003619006090396365 0.013219140680670868 0.006957959505595189
v 0.003900102085345608 0.013272490178138915 0.006957959505595189
v 0.003619006090396365 0.013219140680670868 0.006957959505595189
v 0.003907742209075804 0.013226240786293749 0.00704793343641291
v 0.0036287991339981063 0.013173300415126873 0.00704793343641291
v 0.003907742209075804 0.013226240786293749 0.00704793343641291
v 0.0036287991339981063 0.013173300415126873 0.00704793343641291
v 0.003918437190205126 0.013161500602249517 0.007128138403906524
v 0.003918437190205126 0.013161500602249517 0.007128138403906524
v 0.0036287991339981063 0.013173300415126873 0.00704793343641291
v 0.003642508202947592 0.01310913052835094 0.007128138403906524
v 0.003918437190205126 0.013161500602249517 0.007128138403906524
v 0.003642508202947592 0.01310913052835094 0.007128138403906524
v 0.0036593772718945816 0.01303017105957371 0.007193096502542405
v 0.0036593772718945816 0.01303017105957371 0.007193096502542405
v 0.003642508202947592 0.01310913052835094 0.007128138403906524
v 0.0029913710584490716 0.012944610256864771 0.007128138403906524
v 0.0036593772718945816 0.01303017105957371 0.007193096502542405
v 0.0029913710584490716 0.012944610256864771 0.007128138403906524
v 0.003012912178094046 0.012866790428949778 0.007193096502542405
v 0.003012912178094046 0.012866790428949778 0.007193096502542405
v 0.0029913710584490716 0.012944610256864771 0.007128138403906524
v 0.0027860270869800585 0.012803410184545335 0.007193096502542405
v 0.004317386355424946 0.013362291017059987 0.00678416713512736
v 0.0040738532093972935 0.013334191001992398 0.006783493364190816
v 0.004180216987795249 0.013339230217319639 0.006864429323082675
v 0.004180216987795249 0.013339230217319639 0.006864429323082675
v 0.0040738532093972935 0.013334191001992398 0.006783493364190816
v 0.003895700162910576 0.013299140608176715 0.006864429323082675
v 0.004180216987795249 0.013339230217319639 0.006864429323082675
v 0.003895700162910576 0.013299140608176715 0.006864429323082675
v 0.004183373173095306 0.013312400496501838 0.006957959505595189
v 0.004183373173095306 0.013312400496501838 0.006957959505595189
v 0.003895700162910576 0.013299140608176715 0.006864429323082675
v 0.003900102085345608 0.013272490178138915 0.006957959505595189
v 0.004183373173095306 0.013312400496501838 0.006957959505595189
v 0.003900102085345608 0.013272490178138915 0.006957959505595189
v 0.00418885107862893 0.013265850697232736 0.00704793343641291
v 0.00418885107862893 0.013265850697232736 0.00704793343641291
v 0.003900102085345608 0.013272490178138915 0.006957959505595189
v 0.003907742209075804 0.013226240786293749 0.00704793343641291
v 0.00418885107862893 0.013265850697232736 0.00704793343641291
v 0.003907742209075804 0.013226240786293749 0.00704793343641291
v 0.004196519097334206 0.013200680406051376 0.007128138403906524
v 0.004196519097334206 0.013200680406051376 0.007128138403906524
v 0.003907742209075804 0.013226240786293749 0.00704793343641291
v 0.003918437190205126 0.013161500602249517 0.007128138403906524
v 0.004196519097334206 0.013200680406051376 0.007128138403906524
v 0.003918437190205126 0.013161500602249517 0.007128138403906524
v 0.00420595522830608 0.01312049069734755 0.007193096502542405
v 0.00420595522830608 0.01312049069734755 0.007193096502542405
v 0.003918437190205126 0.013161500602249517 0.007128138403906524
v 0.0036593772718945816 0.01303017105957371 0.007193096502542405
v 0.00420595522830608 0.01312049069734755 0.007193096502542405
v 0.0036593772718945816 0.01303017105957371 0.007193096502542405
v 0.004216514310838859 0.013030750893585626 0.0072392233472320915
v 0.004216514310838859 0.013030750893585626 0.0072392233472320915
v 0.0036593772718945816 0.01303017105957371 0.007193096502542405
v 0.0036782540637915473 0.012941800732195193 0.0072392233472320915
v 0.004216514310838859 0.013030750893585626 0.0072392233472320915
v 0.0036782540637915473 0.012941800732195193 0.0072392233472320915
v 0.004227469168231746 0.012937640804629443 0.007265460359434093
v 0.00369784015099503 0.012850120201107203 0.007265460359434093
v 0.004227469168231746 0.012937640804629443 0.007265460359434093
v 0.00369784015099503 0.012850120201107203 0.007265460359434093
v 0.003974807212795278 0.01281395019359088 0.007273130285488092
v 0.003974807212795278 0.01281395019359088 0.007273130285488092
v 0.00369784015099503 0.012850120201107203 0.007265460359434093
v 0.0037160651064657713 0.012764810214755392 0.007273130285488092
v 0.004582771995776669 0.01338373057038544 0.006784793222345818
v 0.004514641022539401 0.013379020372712987 0.006784648263842839
v 0.0047555529945839115 0.013385280291223208 0.006864429323082675
v 0.0047555529945839115 0.013385280291223208 0.006864429323082675
v 0.004514641022539401 0.013379020372712987 0.006784648263842839
v 0.004180216987795249 0.013339230217319639 0.006864429323082675
v 0.0047555529945839115 0.013385280291223208 0.006864429323082675
v 0.004180216987795249 0.013339230217319639 0.006864429323082675
v 0.004756871449388966 0.01335830084353062 0.006957959505595189
v 0.004756871449388966 0.01335830084353062 0.006957959505595189
v 0.004180216987795249 0.013339230217319639 0.006864429323082675
v 0.004183373173095306 0.013312400496501838 0.006957959505595189
v 0.004756871449388966 0.01335830084353062 0.006957959505595189
v 0.004183373173095306 0.013312400496501838 0.006957959505595189
v 0.004759158360508331 0.013311480200742794 0.00704793343641291
v 0.004759158360508331 0.013311480200742794 0.00704793343641291
v 0.004183373173095306 0.013312400496501838 0.006957959505595189
v 0.00418885107862893 0.013265850697232736 0.00704793343641291
v 0.004759158360508331 0.013311480200742794 0.00704793343641291
v 0.00418885107862893 0.013265850697232736 0.00704793343641291
v 0.00476236032217775 0.013245940837583455 0.007128138403906524
v 0.00476236032217775 0.013245940837583455 0.007128138403906524
v 0.00418885107862893 0.013265850697232736 0.00704793343641291
v 0.004196519097334206 0.013200680406051376 0.007128138403906524
v 0.00476236032217775 0.013245940837583455 0.007128138403906524
v 0.004196519097334206 0.013200680406051376 0.007128138403906524
v 0.004766300427803127 0.013165290504162926 0.007193096502542405
v 0.004766300427803127 0.013165290504162926 0.007193096502542405
v 0.004196519097334206 0.013200680406051376 0.007128138403906524
v 0.00420595522830608 0.01312049069734755 0.007193096502542405
v 0.004766300427803127 0.013165290504162926 0.007193096502542405
v 0.00420595522830608 0.01312049069734755 0.007193096502542405
v 0.00477070831070292 0.013075040484617492 0.0072392233472320915
v 0.00477070831070292 0.013075040484617492 0.0072392233472320915
v 0.00420595522830608 0.01312049069734755 0.007193096502542405
v 0.004216514310838859 0.013030750893585626 0.0072392233472320915
v 0.00477070831070292 0.013075040484617492 0.0072392233472320915
v 0.004216514310838859 0.013030750893585626 0.0072392233472320915
v 0.004775283086616011 0.01298141064313418 0.007265460359434093
v 0.004775283086616011 0.01298141064313418 0.007265460359434093
v 0.004216514310838859 0.013030750893585626 0.0072392233472320915
v 0.004227469168231746 0.012937640804629443 0.007265460359434093
v 0.004775283086616011 0.01298141064313418 0.007265460359434093
v 0.004227469168231746 0.012937640804629443 0.007265460359434093
v 0.00453578732099863 0.012879350320293411 0.007273130285488092
v 0.00453578732099863 0.012879350320293411 0.007273130285488092
v 0.004227469168231746 0.012937640804629443 0.007265460359434093
v 0.004237664423995535 0.012851010932961034 0.007273130285488092
v 0.005559408451923931 0.013410700481334411 0.006785814130750021
v 0.005199967154486396 0.013407740276115684 0.006785680139502202
v 0.005559408451923931 0.013402460734849294 0.006864429323082675
v 0.005559408451923931 0.013402460734849294 0.006864429323082675
v 0.005199967154486396 0.013407740276115684 0.006785680139502202
v 0.0047555529945839115 0.013385280291223208 0.006864429323082675
v 0.005559408451923931 0.013402460734849294 0.006864429323082675
v 0.0047555529945839115 0.013385280291223208 0.006864429323082675
v 0.005559408451923931 0.013369080224840953 0.006973226401614517
v 0.005559408451923931 0.013369080224840953 0.006973226401614517
v 0.0047555529945839115 0.013385280291223208 0.006864429323082675
v 0.004756871449388966 0.01335830084353062 0.006957959505595189
v 0.005559408451923931 0.013369080224840953 0.006973226401614517
v 0.004756871449388966 0.01335830084353062 0.006957959505595189
v 0.005559408451923931 0.01332857099897888 0.00704793343641291
v 0.005559408451923931 0.01332857099897888 0.00704793343641291
v 0.004756871449388966 0.01335830084353062 0.006957959505595189
v 0.004759158360508331 0.013311480200742794 0.00704793343641291
v 0.005559408451923931 0.01332857099897888 0.00704793343641291
v 0.004759158360508331 0.013311480200742794 0.00704793343641291
v 0.005559408451923931 0.013259900722890069 0.0071311415244715275
v 0.005559408451923931 0.013259900722890069 0.0071311415244715275
v 0.004759158360508331 0.013311480200742794 0.00704793343641291
v 0.00476236032217775 0.013245940837583455 0.007128138403906524
v 0.005559408451923931 0.013259900722890069 0.0071311415244715275
v 0.00476236032217775 0.013245940837583455 0.007128138403906524
v 0.005559408451923931 0.013182210594688267 0.007193096502542405
v 0.005559408451923931 0.013182210594688267 0.007193096502542405
v 0.00476236032217775 0.013245940837583455 0.007128138403906524
v 0.004766300427803127 0.013165290504162926 0.007193096502542405
v 0.005559408451923931 0.013182210594688267 0.007193096502542405
v 0.004766300427803127 0.013165290504162926 0.007193096502542405
v 0.005559408451923931 0.013099270489125289 0.0072362722019198005
v 0.005559408451923931 0.013099270489125289 0.0072362722019198005
v 0.004766300427803127 0.013165290504162926 0.007193096502542405
v 0.00477070831070292 0.013075040484617492 0.0072392233472320915
v 0.005559408451923931 0.013099270489125289 0.0072362722019198005
v 0.00477070831070292 0.013075040484617492 0.0072392233472320915
v 0.005559408451923931 0.01299810089813835 0.007265460359434093
v 0.005559408451923931 0.01299810089813835 0.007265460359434093
v 0.00477070831070292 0.013075040484617492 0.0072392233472320915
v 0.004775283086616011 0.01298141064313418 0.007265460359434093
v 0.005559408451923931 0.01299810089813835 0.007265460359434093
v 0.004775283086616011 0.01298141064313418 0.007265460359434093
v 0.005559408451923931 0.012910860674878451 0.007273130285488092
v 0.004779540288966655 0.01289427055568226 0.007273130285488092
v 0.005559408451923931 0.012910860674878451 0.007273130285488092
v 0.004779540288966655 0.01289427055568226 0.007273130285488092
v 0.005559408451923931 0.011050000715581708 0.007273130285488092
v 0.00453578732099863 0.012879350320293411 0.007273130285488092
v 0.004237664423995535 0.012851010932961034 0.007273130285488092
v 0.003974807212795278 0.01281395019359088 0.007273130285488092
v 0.0037160651064657713 0.012764810214755392 0.007273130285488092
v 0.0028594080375785036 0.011050000715581708 0.007273130285488092
v 0.0033431021370908254 0.012675040847088256 0.007273130285488092
v 0.0028594080375785036 0.012542170166643937 0.007273130285488092
f 1 2 3
f 3 2 4
f 3 4 5
f 6 7 8
f 9 10 11
f 12 13 14
f 15 16 17
f 18 19 20
f 21 22 23
f 24 25 26
f 27 28 29
f 30 31 32
f 33 34 35
f 36 37 38
f 39 40 41
f 42 43 44
f 45 46 47
f 48 49 50
f 51 52 53
f 54 55 56
f 57 58 59
f 60 61 62
f 63 64 65
f 66 67 68
f 69 70 71
f 72 73 74
f 75 76 77
f 78 79 80
f 81 82 83
f 84 85 86
f 87 88 89
f 90 91 92
f 93 94 95
f 96 97 98
f 99 100 101
f 102 103 104
f 105 106 107
f 108 109 110
f 111 112 113
f 114 115 116
f 117 118 119
f 120 121 122
f 123 124 125
f 126 127 128
f 129 130 131
f 132 133 134
f 135 136 137
f 138 139 140
f 141 142 143
f 144 145 146
f 147 148 149
f 150 151 152
f 153 154 155
f 156 157 158
f 159 160 161
f 162 163 164
f 165 166 167
f 168 169 170
f 171 172 173
f 174 175 176
f 177 178 179
f 180 181 182
f 183 184 185
f 186 187 188
f 189 190 191
f 192 193 194
f 195 196 197
f 198 199 200
f 201 202 203
f 204 205 206
f 207 208 209
f 210 211 212
f 213 214 215
f 216 217 218
f 219 220 221
f 222 223 224
f 225 226 227
f 228 229 230
f 231 232 233
f 234 235 236
f 237 238 239
f 240 241 242
f 243 244 245
f 246 247 248
f 249 250 251
f 252 253 254
f 255 256 257
f 258 259 260
f 261 262 263
f 264 265 266
f 267 268 269
f 270 271 272
f 273 274 275
f 276 277 278
f 279 280 281
f 282 283 284
f 285 286 287
f 288 289 290
f 291 292 293
f 294 295 296
f 297 298 299
f 300 301 302
f 303 304 305
f 306 307 308
f 309 310 311
f 312 313 314
f 315 316 317
f 318 319 320
f 321 322 323
f 324 325 326
f 327 328 329
f 330 331 332
f 333 334 335
f 336 337 338
f 339 340 341
f 342 343 344
f 345 346 347
f 348 349 350
f 351 352 353
f 354 355 356
f 357 358 359
f 360 361 362
f 363 364 365
f 366 367 368
f 369 370 371
f 372 373 374
f 375 376 377
f 378 379 380
f 381 382 383
f 384 385 386
f 387 388 389
f 390 391 392
f 393 394 395
f 396 397 398
f 399 400 401
f 402 403 404
f 405 406 407
f 408 409 410
f 411 412 413
f 414 415 416
f 417 418 419
f 420 421 422
f 423 424 425
f 426 427 428
f 429 430 431
f 432 433 434
f 435 436 437
f 438 439 440
f 441 442 443
f 444 445 446
f 447 448 449
f 450 451 452
f 453 454 455
f 456 457 458
f 459 460 461
f 462 463 464
f 465 466 467
f 468 469 470
f 471 472 473
f 474 475 476
f 477 478 479
f 480 481 482
f 483 484 485
f 486 487 488
f 489 490 491
f 492 493 494
f 495 496 497
f 498 499 500
f 501 502 503
f 503 502 504
f 505 506 507
f 508 509 510
f 511 512 513
f 514 515 516
f 517 518 519
f 520 521 522
f 523 524 525
f 526 527 528
f 529 530 531
f 532 533 534
f 535 536 537
f 538 539 540
f 541 542 543
f 544 545 546
f 547 548 549
f 550 551 552
f 553 554 555
f 556 557 558
f 559 560 561
f 562 563 564
f 565 566 567
f 568 569 570
f 571 572 573
f 574 575 576
f 577 578 579
f 580 581 582
f 583 584 585
f 586 587 588
f 589 590 591
f 592 593 594
f 595 596 597
f 598 599 600
f 601 602 603
f 604 605 606
f 607 608 609
f 610 611 612
f 613 614 615
f 616 617 618
f 619 620 621
f 622 623 624
f 625 626 627
f 628 629 630
f 631 632 633
f 634 635 636
f 637 638 639
f 640 641 642
f 643 644 645
f 646 647 648
f 649 650 651
f 652 653 654
f 655 656 657
f 658 659 660
f 661 662 663
f 664 665 666
f 667 668 669
f 670 671 672
f 673 674 675
f 676 677 678
f 679 680 681
f 682 683 684
f 685 686 687
f 688 689 690
f 691 692 693
f 694 695 696
f 697 698 699
f 700 701 702
f 703 704 705
f 706 707 708
f 709 710 711
f 712 713 714
f 715 716 717
f 718 719 720
f 721 722 723
f 724 725 726
f 727 728 729
f 730 731 732
f 733 734 735
f 736 737 738
f 739 740 741
f 742 743 744
f 745 746 747
f 748 749 750
f 751 752 753
f 754 755 756
f 757 758 759
f 760 761 762
f 763 764 765
f 766 767 768
f 769 770 771
f 772 773 774
f 775 776 777
f 778 779 780
f 781 782 783
f 784 785 786
f 787 788 789
f 790 791 792
f 793 794 795
f 796 797 798
f 799 800 801
f 802 803 804
f 805 806 807
f 808 809 810
f 811 812 813
f 814 815 816
f 817 818 819
f 820 821 822
f 823 824 825
f 826 827 828
f 829 830 831
f 832 833 834
f 835 836 837
f 838 839 840
f 841 842 843
f 844 845 846
f 847 848 849
f 850 851 852
f 853 854 855
f 856 857 858
f 859 860 861
f 862 863 864
f 865 866 867
f 868 869 870
f 871 872 873
f 874 875 876
f 877 878 879
f 880 881 882
f 883 884 885
f 886 887 888
f 889 890 891
f 892 893 894
f 895 896 897
f 898 899 900
f 901 902 903
f 904 905 906
f 907 908 909
f 910 911 912
f 913 914 915
f 916 917 918
f 919 920 921
f 922 923 924
f 925 926 927
f 928 929 930
f 931 932 933
f 934 935 936
f 937 938 939
f 940 941 942
f 943 944 945
f 946 947 948
f 949 950 951
f 952 953 954
f 955 956 957
f 958 959 960
f 961 962 963
f 964 965 966
f 967 968 969
f 970 971 972
f 973 974 975
f 976 977 978
f 979 980 981
f 982 983 984
f 985 986 987
f 988 989 990
f 991 992 993
f 994 995 996
f 997 998 999
f 1000 1001 1002
f 1003 1004 1005
f 1006 1007 1008
f 1009 1010 1011
f 1012 1013 1014
f 1015 1016 1017
f 1018 1019 1020
f 1021 1022 1023
f 1024 1025 1026
f 1027 1028 1029
f 1030 1031 1032
f 1033 1034 1035
f 1036 1037 1038
f 1039 1040 1041
f 1042 1043 1044
f 1045 1046 1047
f 1048 1049 1050
f 1051 1052 1053
f 1054 1055 1056
f 1057 1058 1059
f 1060 1061 1062
f 1063 1064 1065
f 1066 1067 1068
f 1069 1070 1071
f 1072 1073 1074
f 1075 1076 1077
f 1078 1079 1080
f 1081 1082 1083
f 1084 1085 1086
f 1087 1088 1089
f 1090 1091 1092
f 1093 1094 1095
f 1096 1097 1098
f 1099 1100 1101
f 1102 1103 1104
f 1105 1106 1107
f 1108 1109 1110
f 1111 1112 1113
f 1114 1115 1116
f 1117 1118 1119
f 1120 1121 1122
f 1123 1124 1125
f 1126 1127 1128
f 1129 1130 1131
f 1132 1133 1134
f 1135 1136 1137
f 1138 1139 1140
f 1141 1142 1143
f 1144 1145 1146
f 1147 1148 1149
f 1150 1151 1152
f 1153 1154 1155
f 1156 1157 1158
f 1159 1160 1161
f 1162 1163 1164
f 1165 1166 1167
f 1168 1169 1170
f 1171 1172 1173
f 1174 1175 1176
f 1177 1178 1179
f 1180 1181 1182
f 1183 1184 1185
f 1186 1187 1188
f 1189 1190 1191
f 1192 1193 1194
f 1195 1196 1197
f 1198 1199 1200
f 1201 1202 1203
f 1204 1205 1206
f 1207 1208 1209
f 1210 1211 1212
f 1213 1214 1215
f 1216 1217 1218
f 1219 1220 1221
f 1222 1223 1224
f 1225 1226 1227
f 1228 1229 1230
f 1231 1232 1233
f 1234 1235 1236
f 1237 1238 1239
f 1240 1241 1242
f 1243 1244 1245
f 1246 1247 1248
f 1249 1250 1251
f 1252 1253 1254
f 1255 1256 1257
f 1258 1259 1260
f 1261 1262 1263
f 1264 1265 1266
f 1267 1268 1269
f 1270 1271 1272
f 1273 1274 1275
f 1276 1277 1278
f 1279 1280 1281
f 1282 1283 1284
f 1285 1286 1287
f 1288 1289 1290
f 1291 1292 1293
f 1294 1295 1296
f 1297 1298 1299
f 1300 1301 1302
f 1303 1304 1305
f 1306 1307 1308
f 1309 1310 1311
f 1312 1313 1314
f 1315 1316 1317
f 1318 1319 1320
f 1321 1322 1323
f 1324 1325 1326
f 1327 1328 1329
f 1330 1331 1332
f 1333 1334 1335
f 1336 1337 1338
f 1339 1340 1341
f 1342 1343 1344
f 1345 1346 1347
f 1348 1349 1350
f 1351 1352 1353
f 1354 1355 1356
f 1357 1358 1359
f 1360 1361 1362
f 1363 1364 1365
f 1366 1367 1368
f 1369 1370 1371
f 1372 1373 1374
f 1375 1376 1377
f 1378 1379 1380
f 1381 1382 1383
f 1384 1385 1386
f 1387 1388 1389
f 1390 1391 1392
f 1393 1394 1395
f 1396 1397 1398
f 1399 1400 1401
f 1402 1403 1404
f 1405 1406 1407
f 1408 1409 1410
f 1411 1412 1413
f 1414 1415 1416
f 1417 1418 1419
f 1420 1421 1422
f 1423 1424 1425
f 1426 1427 1428
f 1429 1430 1431
f 1432 1433 1434
f 1435 1436 1437
f 1438 1439 1440
f 1441 1442 1443
f 1444 1445 1446
f 1447 1448 1449
f 1450 1451 1452
f 1453 1454 1455
f 1456 1457 1458
f 1459 1460 1461
f 1462 1463 1464
f 1465 1466 1467
f 1468 1469 1470
f 1471 1472 1473
f 1474 1475 1476
f 1477 1478 1479
f 1480 1481 1482
f 1483 1484 1485
f 1485 1484 1486
f 1487 1488 1489
f 1490 1491 1492
f 1493 1494 1495
f 1496 1497 1498
f 1499 1500 1501
f 1502 1503 1504
f 1505 1506 1507
f 1508 1509 1510
f 1511 1512 1513
f 1514 1515 1516
f 1517 1518 1519
f 1520 1521 1522
f 1523 1524 1525
f 1526 1527 1528
f 1529 1530 1531
f 1532 1533 1534
f 1535 1536 1537
f 1538 1539 1540
f 1541 1542 1543
f 1543 1542 1544
f 1545 1546 1547
f 1548 1549 1550
f 1551 1552 1553
f 1554 1555 1556
f 1557 1558 1559
f 1560 1561 1562
f 1563 1564 1565
f 1566 1567 1568
f 1569 1570 1571
f 1572 1573 1574
f 1575 1576 1577
f 1578 1579 1580
f 1581 1582 1583
f 1584 1585 1586
f 1587 1588 1589
f 1590 1591 1592
f 1593 1594 1595
f 1596 1597 1598
f 1599 1600 1601
f 1602 1603 1604
f 1605 1606 1607
f 1608 1609 1610
f 1611 1612 1613
f 1614 1615 1616
f 1617 1618 1619
f 1620 1621 1622
f 1623 1624 1625
f 1626 1627 1628
f 1629 1630 1631
f 1632 1633 1634
f 1635 1636 1637
f 1638 1639 1640
f 1641 1642 1643
f 1643 1642 1644
f 1645 1646 1647
f 1647 1646 1648
f 1647 1648 1649
f 1649 1650 1647
f 1647 1650 1651
f 1647 1651 1652
f 1652 1651 1653
f 1652 1653 1654
