mtllib TS_F_A_right_pad_3_visuals.mtl
v 0.005538161063982361 0.011964650722404158 0.008094244387751859
v 0.005538161063982361 0.011953850360257867 0.00959663150592538
v 0.005538161063982361 0.01105000071558171 0.00959663150592538
v 0.005538161063982361 0.011953740687706271 0.005287029040640656
v 0.005538161063982361 0.011960950465880749 0.005955227181051459
v 0.005538161063982361 0.011964420886882987 0.006498590301189655
v 0.005538161063982361 0.011965890499074372 0.007676885492653718
v 0.005538161063982361 0.01105000071558171 9.641051750344798e-05
v 0.005538161063982361 0.011730980476625241 9.66265843510214e-05
v 0.005538161063982361 0.011797290408668837 0.0010378580586339892
v 0.005538161063982361 0.011932580560968797 0.004164800364901133
v 0.005538161063982361 0.01194342097743828 0.004657373172720913
v 0.005538161063982361 0.0118070903664097 0.0011946110100719692
v 0.005538161063982361 0.011854330625916676 0.0020421072022500097
v 0.005538161063982361 0.011865460959392116 0.0022707811480479623
v 0.005538161063982361 0.011899670212420776 0.003087752250465897
v 0.005538161063982361 0.011911710351237281 0.0034347032747882034
v 0.0023337591802903568 0.013405040423997705 0.005085856202411143
v 0.002335836998305918 0.013407100360618984 0.005576178338737303
v 0.0025946000854713824 0.013315971053312059 0.005614698199880863
v 0.0020776630434773957 0.013471980734794387 0.004087724402988269
v 0.00208215008134921 0.013480540915865036 0.00457507441316618
v 0.002330388179840326 0.013399901072862486 0.0045944750107063115
v 0.0031626321387423495 0.013003730437895489 0.00214555106817102
v 0.003459799215616427 0.012893780367060348 0.002103455166589663
v 0.0035778471738753814 0.01283380092542974 0.0017874240532132074
v 0.0015776930604710637 0.013584931065171446 0.0035125762700488616
v 0.0015733871015186779 0.013585950543064107 0.00351628725540884
v 0.0015743621143442244 0.013588560749792089 0.003601804189097141
v 0.0015743621143442244 0.013588560749792089 0.003601804189097141
v 0.0015733871015186779 0.013585950543064107 0.00351628725540884
v 0.0014693060619147547 0.013609380414782435 0.0036060592456804708
v 0.001110039048466821 0.01367270057770209 0.003915928072959485
v 0.0011728550752770212 0.01366924064711783 0.00410072536872419
v 0.001313051047702879 0.013649141006270571 0.004091889098925827
v 0.0019652141073960017 0.013518640206615085 0.006506883453439027
v 0.0019656160811394596 0.013518640206615085 0.00649632532458061
v 0.0019516870710403061 0.013522490190013281 0.006495185206881193
v 0.005179320104555518 0.012444110507750517 0.00649637014727561
v 0.005179951436982966 0.012440570468519874 0.005970165059415999
v 0.004843120328149875 0.012541570305470429 0.005934700294090156
v 0.0051755254342703005 0.012236520394741102 0.0004094094232468676
v 0.0048282010464353875 0.012359310737182216 0.0007089749315359814
v 0.004713153109299761 0.012411150568135687 0.0009609908321970423
v 0.005178339250474506 0.012309170353941301 0.0015571120524897342
v 0.005177176244590409 0.012276630984719983 0.001007378029987474
v 0.004713153109299761 0.012411150568135687 0.0009609908321970423
v 0.004713153109299761 0.012411150568135687 0.0009609908321970423
v 0.005177176244590409 0.012276630984719983 0.001007378029987474
v 0.005176965482556473 0.01227112065425806 0.0009205937226771169
v 0.004713153109299761 0.012411150568135687 0.0009609908321970423
v 0.005176965482556473 0.01227112065425806 0.0009205937226771169
v 0.0051755254342703005 0.012236520394741102 0.0004094094232468676
v 0.0051765062883513124 0.012445010776347964 0.008115552334015397
v 0.005178434141073496 0.012446050281402221 0.007089607098670625
v 0.004841431370855298 0.012546160340173307 0.007039353228180667
v 0.004841431370855298 0.012546160340173307 0.007039353228180667
v 0.005178434141073496 0.012446050281402221 0.007089607098670625
v 0.005179253347350199 0.012444350833689666 0.006545179201107587
v 0.004831468334798583 0.012539190887937979 0.008985505530853533
v 0.00517380643623333 0.012438090915179445 0.009281546079887848
v 0.0051765062883513124 0.012445010776347964 0.008115552334015397
v 0.0043339340361120415 0.012698660500004566 0.00804130783128243
v 0.004327346053621395 0.012695911056819775 0.008549564767654783
v 0.004829750290435975 0.012546350121371286 0.00814409676133554
v 0.004829750290435975 0.012546350121371286 0.00814409676133554
v 0.004327346053621395 0.012695911056819775 0.008549564767654783
v 0.004441108437717445 0.012659670477400686 0.008647941046436292
v 0.003514055180565273 0.012971290250807788 0.007846259489803775
v 0.0036930362548165396 0.012908190386665686 0.008001037024010782
v 0.003897143072219833 0.012840490951077088 0.0079420803981331
v 0.003897143072219833 0.012840490951077088 0.0079420803981331
v 0.0036930362548165396 0.012908190386665686 0.008001037024010782
v 0.0038956841888650173 0.012838451041617405 0.008176275641648134
v 0.003897143072219833 0.012840490951077088 0.0079420803981331
v 0.0038956841888650173 0.012838451041617405 0.008176275641648134
v 0.0043339340361120415 0.012698660500004566 0.00804130783128243
v 0.0043339340361120415 0.012698660500004566 0.00804130783128243
v 0.0038956841888650173 0.012838451041617405 0.008176275641648134
v 0.00406325836407595 0.012782150875674247 0.008321188368257681
v 0.0043339340361120415 0.012698660500004566 0.00804130783128243
v 0.00406325836407595 0.012782150875674247 0.008321188368257681
v 0.004327346053621395 0.012695911056819775 0.008549564767654783
v 0.0028728350573355155 0.013212160738017564 0.006667331535400722
v 0.0029369522536029646 0.013182531029273803 0.0073472045573474976
v 0.003320107140881434 0.013041140222082026 0.007678539163996911
v 0.002336572042820201 0.013400951068334721 0.006828018512790024
v 0.0024092730235987514 0.013375710169003519 0.006890886157225051
v 0.002595485095279043 0.013313191092547694 0.0066077864924418694
v 0.002595485095279043 0.013313191092547694 0.0066077864924418694
v 0.0024092730235987514 0.013375710169003519 0.006890886157225051
v 0.002594738129835239 0.013309220946179923 0.007051267481981427
v 0.002595485095279043 0.013313191092547694 0.0066077864924418694
v 0.002594738129835239 0.013309220946179923 0.007051267481981427
v 0.0028728350573355155 0.013212160738017564 0.006667331535400722
v 0.0028728350573355155 0.013212160738017564 0.006667331535400722
v 0.002594738129835239 0.013309220946179923 0.007051267481981427
v 0.0026940411416777332 0.013272770558401259 0.007137142520392548
v 0.0028728350573355155 0.013212160738017564 0.006667331535400722
v 0.0026940411416777332 0.013272770558401259 0.007137142520392548
v 0.0029369522536029646 0.013182531029273803 0.0073472045573474976
v 0.002595485095279043 0.013313191092547694 0.0066077864924418694
v 0.0023370360053971695 0.013403460185580363 0.006556146456267176
v 0.002336572042820201 0.013400951068334721 0.006828018512790024
v 0.002336572042820201 0.013400951068334721 0.006828018512790024
v 0.0023370360053971695 0.013403460185580363 0.006556146456267176
v 0.0020886879959358673 0.013482940360559081 0.006513700317776483
v 0.002336572042820201 0.013400951068334721 0.006828018512790024
v 0.0020886879959358673 0.013482940360559081 0.006513700317776483
v 0.0021956351846245947 0.013448090238359356 0.00670614131355024
v 0.0019656160811394596 0.013518640206615085 0.00649632532458061
v 0.0019652141073960017 0.013518640206615085 0.006506883453439027
v 0.0020886879959358673 0.013482940360559081 0.006513700317776483
v 0.0020886879959358673 0.013482940360559081 0.006513700317776483
v 0.0019652141073960017 0.013518640206615085 0.006506883453439027
v 0.002010567045341166 0.01350548045409794 0.006546102357889716
v 0.0020886879959358673 0.013482940360559081 0.006513700317776483
v 0.002010567045341166 0.01350548045409794 0.006546102357889716
v 0.0021956351846245947 0.013448090238359356 0.00670614131355024
v 0.001671648104911716 0.013594071080254011 0.006253012477330511
v 0.0018386270681116507 0.013553291010873214 0.0063974111734591
v 0.0018403050581510677 0.01355677096861907 0.005523369097795161
v 0.0018403050581510677 0.01355677096861907 0.005523369097795161
v 0.0018386270681116507 0.013553291010873214 0.0063974111734591
v 0.0018417991082479712 0.01355246036050417 0.006400153464086178
v 0.0018403050581510677 0.01355677096861907 0.005523369097795161
v 0.0018417991082479712 0.01355246036050417 0.006400153464086178
v 0.001964090082951439 0.01352343051293392 0.00553314426000262
v 0.0018403050581510677 0.01355677096861907 0.005523369097795161
v 0.00171490403214479 0.013587401081768258 0.005516119265297492
v 0.001671648104911716 0.013594071080254011 0.006253012477330511
v 0.001671648104911716 0.013594071080254011 0.006253012477330511
v 0.00171490403214479 0.013587401081768258 0.005516119265297492
v 0.0015869370260590543 0.013615310361963506 0.005511552118779295
v 0.001671648104911716 0.013594071080254011 0.006253012477330511
v 0.0015869370260590543 0.013615310361963506 0.005511552118779295
v 0.0015047150372904383 0.013629120520395333 0.006108657173385379
v 0.0015047150372904383 0.013629120520395333 0.006108657173385379
v 0.0015869370260590543 0.013615310361963506 0.005511552118779295
v 0.0014555030560406412 0.013640500716553539 0.005509786390698601
v 0.0015047150372904383 0.013629120520395333 0.006108657173385379
v 0.0014555030560406412 0.013640500716553539 0.005509786390698601
v 0.0014780520902766409 0.013634190253302148 0.006085597327319392
v 0.0014780520902766409 0.013634190253302148 0.006085597327319392
v 0.0014555030560406412 0.013640500716553539 0.005509786390698601
v 0.001319759073953805 0.013662970238189631 0.005510963224860943
v 0.0014780520902766409 0.013634190253302148 0.006085597327319392
v 0.001319759073953805 0.013662970238189631 0.005510963224860943
v 0.0013076440716999066 0.01366335075425995 0.005938239379646437
v 0.0013076440716999066 0.01366335075425995 0.005938239379646437
v 0.001319759073953805 0.013662970238189631 0.005510963224860943
v 0.0011789230668219491 0.013682720834220508 0.005515181326562757
v 0.0013076440716999066 0.01366335075425995 0.005938239379646437
v 0.0011789230668219491 0.013682720834220508 0.005515181326562757
v 0.0011349680962817466 0.013687411004731365 0.005788915432276831
v 0.0011349680962817466 0.013687411004731365 0.005788915432276831
v 0.0011789230668219491 0.013682720834220508 0.005515181326562757
v 0.0010322829975247666 0.013699750597297444 0.005522564196633883
v 0.0011349680962817466 0.013687411004731365 0.005788915432276831
v 0.0010322829975247666 0.013699750597297444 0.005522564196633883
v 0.0009597059348085898 0.013706710512789155 0.0056373551185290305
v 0.0009597059348085898 0.013706710512789155 0.0056373551185290305
v 0.0010322829975247666 0.013699750597297444 0.005522564196633883
v 0.0008792039573559535 0.013714060481094803 0.005533196235255333
v 0.0009597059348085898 0.013706710512789155 0.0056373551185290305
v 0.0008792039573559535 0.013714060481094803 0.005533196235255333
v 0.0007816170229226968 0.013721590693854813 0.005483352444740908
v 3.8160940582126265e-05 0.0137427803844975 0.004840434304310137
v 0.00022887371077440558 0.013742710766269095 0.00500536036423721
v 0.00022547311661683805 0.013739980396571538 0.004678875191717058
v 0.00022547311661683805 0.013739980396571538 0.004678875191717058
v 0.00022887371077440558 0.013742710766269095 0.00500536036423721
v 0.00041630851219569623 0.013739310917169623 0.005167447335589492
v 0.00022547311661683805 0.013739980396571538 0.004678875191717058
v 0.00041630851219569623 0.013739310917169623 0.005167447335589492
v 0.0003752089321014049 0.013736640628956853 0.004653341991193993
v 0.0003752089321014049 0.013736640628956853 0.004653341991193993
v 0.00041630851219569623 0.013739310917169623 0.005167447335589492
v 0.0006005265997972853 0.013732360538421529 0.005326748147294058
v 0.0008766995488774729 0.01370917099264235 0.004596457222867112
v 0.0007662009364704098 0.013711420710461608 0.004212491235544014
v 0.0007170738322388043 0.013721030887004493 0.0046123492524305365
v 0.0007170738322388043 0.013721030887004493 0.0046123492524305365
v 0.0007662009364704098 0.013711420710461608 0.004212491235544014
v 0.0005894158166462604 0.013724560435817157 0.004364975182911124
v 0.0011728550752770212 0.01366924064711783 0.00410072536872419
v 0.001110039048466821 0.01367270057770209 0.003915928072959485
v 0.0010269140492869672 0.013686660463008704 0.004112220959480162
v 0.0010269140492869672 0.013686660463008704 0.004112220959480162
v 0.001110039048466821 0.01367270057770209 0.003915928072959485
v 0.0009396851509101134 0.013694250757253501 0.004062861158704301
v 0.0010269140492869672 0.013686660463008704 0.004112220959480162
v 0.0009396851509101134 0.013694250757253501 0.004062861158704301
v 0.0009092767670500213 0.013699041063572337 0.004157439429340326
v 0.0014482091161037436 0.013626351050048946 0.004085585311394968
v 0.0014045661162891132 0.013622750929333516 0.0036619011710928295
v 0.001313051047702879 0.013649141006270571 0.004091889098925827
v 0.001313051047702879 0.013649141006270571 0.004091889098925827
v 0.0014045661162891132 0.013622750929333516 0.0036619011710928295
v 0.0012774921070338174 0.013646410636573014 0.0037714990976699114
v 0.001313051047702879 0.013649141006270571 0.004091889098925827
v 0.0012774921070338174 0.013646410636573014 0.0037714990976699114
v 0.001110039048466821 0.01367270057770209 0.003915928072959485
v 0.0017537550567104515 0.013539550470669792 0.0033607181714816192
v 0.0015776930604710637 0.013584931065171446 0.0035125762700488616
v 0.0017015190932689883 0.013560331035011308 0.003598124198153918
v 0.0017015190932689883 0.013560331035011308 0.003598124198153918
v 0.0015776930604710637 0.013584931065171446 0.0035125762700488616
v 0.0015743621143442244 0.013588560749792089 0.003601804189097141
v 0.0017015190932689883 0.013560331035011308 0.003598124198153918
v 0.0015743621143442244 0.013588560749792089 0.003601804189097141
v 0.0015791060482472224 0.013600870778452956 0.004081711009300548
v 0.0015791060482472224 0.013600870778452956 0.004081711009300548
v 0.0015743621143442244 0.013588560749792089 0.003601804189097141
v 0.0014693060619147547 0.013609380414782435 0.0036060592456804708
v 0.0015791060482472224 0.013600870778452956 0.004081711009300548
v 0.0014693060619147547 0.013609380414782435 0.0036060592456804708
v 0.0014482091161037436 0.013626351050048946 0.004085585311394968
v 0.0014482091161037436 0.013626351050048946 0.004085585311394968
v 0.0014693060619147547 0.013609380414782435 0.0036060592456804708
v 0.0014438400954341901 0.01361474101836957 0.00362802308148627
v 0.0014482091161037436 0.013626351050048946 0.004085585311394968
v 0.0014438400954341901 0.01361474101836957 0.00362802308148627
v 0.0014045661162891132 0.013622750929333516 0.0036619011710928295
v 0.0038240081696067074 0.01273590053015472 0.0015751050266719913
v 0.0035778471738753814 0.01283380092542974 0.0017874240532132074
v 0.003840714160237846 0.012760380397345283 0.0020954240363711685
v 0.003840714160237846 0.012760380397345283 0.0020954240363711685
v 0.0035778471738753814 0.01283380092542974 0.0017874240532132074
v 0.003459799215616427 0.012893780367060348 0.002103455166589663
v 0.003840714160237846 0.012760380397345283 0.0020954240363711685
v 0.003459799215616427 0.012893780367060348 0.002103455166589663
v 0.0034743782740023765 0.012915470736742929 0.0026267691906217694
v 0.0034743782740023765 0.012915470736742929 0.0026267691906217694
v 0.003459799215616427 0.012893780367060348 0.002103455166589663
v 0.0031626321387423495 0.013003730437895489 0.00214555106817102
v 0.0034743782740023765 0.012915470736742929 0.0026267691906217694
v 0.0031626321387423495 0.013003730437895489 0.00214555106817102
v 0.002833476201172247 0.013150780348749613 0.0026196390442564943
v 0.002833476201172247 0.013150780348749613 0.0026196390442564943
v 0.0031626321387423495 0.013003730437895489 0.00214555106817102
v 0.0027364460337522822 0.013181490570545185 0.0025131400825177674
v 0.002833476201172247 0.013150780348749613 0.0026196390442564943
v 0.0027364460337522822 0.013181490570545185 0.0025131400825177674
v 0.0025115460158221803 0.013273790989968282 0.002707116017176686
v 0.004273004257979995 0.012616020801865524 0.002083048204179344
v 0.004252200328616618 0.012592210414076876 0.0015415470140230786
v 0.003982566307402097 0.012674050933100811 0.0014383490768780927
v 0.0048282010464353875 0.012359310737182216 0.0007089749315359814
v 0.0043967191877147815 0.01251688062992029 0.0010811310327962786
v 0.004713153109299761 0.012411150568135687 0.0009609908321970423
v 0.004713153109299761 0.012411150568135687 0.0009609908321970423
v 0.0043967191877147815 0.01251688062992029 0.0010811310327962786
v 0.004739979015420115 0.012437570208977955 0.0015128780129894381
v 0.004713153109299761 0.012411150568135687 0.0009609908321970423
v 0.004739979015420115 0.012437570208977955 0.0015128780129894381
v 0.005178339250474506 0.012309170353941301 0.0015571120524897342
v 0.005178339250474506 0.012309170353941301 0.0015571120524897342
v 0.004739979015420115 0.012437570208977955 0.0015128780129894381
v 0.004763327347980517 0.012460620518300325 0.002065144160131316
v 0.005178339250474506 0.012309170353941301 0.0015571120524897342
v 0.004763327347980517 0.012460620518300325 0.002065144160131316
v 0.00517911935610238 0.012333400358449098 0.0020181311135410163
v 0.00517911935610238 0.012333400358449098 0.0020181311135410163
v 0.004763327347980517 0.012460620518300325 0.002065144160131316
v 0.0047834832556151174 0.012480480786882797 0.0026178430370148165
v 0.00517911935610238 0.012333400358449098 0.0020181311135410163
v 0.0047834832556151174 0.012480480786882797 0.0026178430370148165
v 0.005180007226933125 0.012364890685872543 0.0027139631606751258
v 0.005180007226933125 0.012364890685872543 0.0027139631606751258
v 0.0047834832556151174 0.012480480786882797 0.0026178430370148165
v 0.0048006050482679585 0.012497270224020585 0.003170848043368424
v 0.005180007226933125 0.012364890685872543 0.0027139631606751258
v 0.0048006050482679585 0.012497270224020585 0.003170848043368424
v 0.005180337198262275 0.012378710381047986 0.0030700642136607947
v 0.005180337198262275 0.012378710381047986 0.0030700642136607947
v 0.0048006050482679585 0.012497270224020585 0.003170848043368424
v 0.004814771404073881 0.012511120436775602 0.003723949132413973
v 0.005180337198262275 0.012378710381047986 0.0030700642136607947
v 0.004814771404073881 0.012511120436775602 0.003723949132413973
v 0.0051808073597225945 0.012405940645097702 0.003929667182651364
v 0.0051808073597225945 0.012405940645097702 0.003929667182651364
v 0.004814771404073881 0.012511120436775602 0.003723949132413973
v 0.004826033344611236 0.012522200225509872 0.004276946270954096
v 0.0051808073597225945 0.012405940645097702 0.003929667182651364
v 0.004826033344611236 0.012522200225509872 0.004276946270954096
v 0.005180850275068871 0.012411670320662815 0.004153073031275267
v 0.005180850275068871 0.012411670320662815 0.004153073031275267
v 0.004826033344611236 0.012522200225509872 0.004276946270954096
v 0.004834455242899438 0.012530750869836904 0.004829735031646187
v 0.005180850275068871 0.012411670320662815 0.004153073031275267
v 0.004834455242899438 0.012530750869836904 0.004829735031646187
v 0.005180596120851477 0.012431690806538054 0.005189985044942447
v 0.005180596120851477 0.012431690806538054 0.005189985044942447
v 0.004834455242899438 0.012530750869836904 0.004829735031646187
v 0.004840120068607956 0.012537100433737125 0.005382299202026097
v 0.0009396851509101134 0.013694250757253501 0.004062861158704301
v 0.0007662009364704098 0.013711420710461608 0.004212491235544014
v 0.0009092767670500213 0.013699041063572337 0.004157439429340326
v 0.0009092767670500213 0.013699041063572337 0.004157439429340326
v 0.0007662009364704098 0.013711420710461608 0.004212491235544014
v 0.0008766995488774729 0.01370917099264235 0.004596457222867112
v 0.0009092767670500213 0.013699041063572337 0.004157439429340326
v 0.0008766995488774729 0.01370917099264235 0.004596457222867112
v 0.0010269140492869672 0.013686660463008704 0.004112220959480162
v 0.0010269140492869672 0.013686660463008704 0.004112220959480162
v 0.0008766995488774729 0.01370917099264235 0.004596457222867112
v 0.0010293699991869437 0.013694600755744246 0.00458354542568401
v 0.0010269140492869672 0.013686660463008704 0.004112220959480162
v 0.0010293699991869437 0.013694600755744246 0.00458354542568401
v 0.0011728550752770212 0.01366924064711783 0.00410072536872419
v 0.0011728550752770212 0.01366924064711783 0.00410072536872419
v 0.0010293699991869437 0.013694600755744246 0.00458354542568401
v 0.0011756380162737667 0.013677320176310181 0.0045735242154912314
v 0.0011728550752770212 0.01366924064711783 0.00410072536872419
v 0.0011756380162737667 0.013677320176310181 0.0045735242154912314
v 0.001313051047702879 0.013649141006270571 0.004091889098925827
v 0.001313051047702879 0.013649141006270571 0.004091889098925827
v 0.0011756380162737667 0.013677320176310181 0.0045735242154912314
v 0.0013161340384956755 0.013657340698432496 0.004566304423735956
v 0.001313051047702879 0.013649141006270571 0.004091889098925827
v 0.0013161340384956755 0.013657340698432496 0.004566304423735956
v 0.0014482091161037436 0.013626351050048946 0.004085585311394968
v 0.0014482091161037436 0.013626351050048946 0.004085585311394968
v 0.0013161340384956755 0.013657340698432496 0.004566304423735956
v 0.0014515710566473383 0.01363465087801885 0.0045617739936806845
v 0.0014482091161037436 0.013626351050048946 0.004085585311394968
v 0.0014515710566473383 0.01363465087801885 0.0045617739936806845
v 0.0015791060482472224 0.013600870778452956 0.004081711009300548
v 0.0014515710566473383 0.01363465087801885 0.0045617739936806845
v 0.0015827251232405914 0.013609250715069243 0.004559822299099459
v 0.0015791060482472224 0.013600870778452956 0.004081711009300548
v 0.0015791060482472224 0.013600870778452956 0.004081711009300548
v 0.0015827251232405914 0.013609250715069243 0.004559822299099459
v 0.0017065810775716145 0.013572690654738984 0.004080132201394748
v 0.0015791060482472224 0.013600870778452956 0.004081711009300548
v 0.0017065810775716145 0.013572690654738984 0.004080132201394748
v 0.0017015190932689883 0.013560331035011308 0.003598124198153918
v 0.0017015190932689883 0.013560331035011308 0.003598124198153918
v 0.0017065810775716145 0.013572690654738984 0.004080132201394748
v 0.0018261700543897863 0.013529440568761375 0.0035964621821600595
v 0.0017015190932689883 0.013560331035011308 0.003598124198153918
v 0.0018261700543897863 0.013529440568761375 0.0035964621821600595
v 0.0017537550567104515 0.013539550470669792 0.0033607181714816192
v 0.0017537550567104515 0.013539550470669792 0.0033607181714816192
v 0.0018261700543897863 0.013529440568761375 0.0035964621821600595
v 0.0019145390704660564 0.013492000266995263 0.0032220410446860692
v 0.00208215008134921 0.013480540915865036 0.00457507441316618
v 0.0020776630434773957 0.013471980734794387 0.004087724402988269
v 0.0019591841436162466 0.013516780541609763 0.004568085410606437
v 0.0019591841436162466 0.013516780541609763 0.004568085410606437
v 0.0020776630434773957 0.013471980734794387 0.004087724402988269
v 0.001954894039500124 0.013508250878118688 0.004083291247717891
v 0.0019591841436162466 0.013516780541609763 0.004568085410606437
v 0.001954894039500124 0.013508250878118688 0.004083291247717891
v 0.0018356090463847452 0.013550320315236508 0.004563116290344782
v 0.0023191190867452582 0.013379040399874587 0.0036069011017232644
v 0.002311309208978679 0.013362930932556694 0.003111079125353161
v 0.0020646031883496396 0.013443320912876477 0.0031081742332474127
v 0.0017104390479925902 0.013581140209583675 0.0045603143950700975
v 0.0018356090463847452 0.013550320315236508 0.004563116290344782
v 0.001831529108256083 0.013541820215650646 0.004080705359686132
v 0.001831529108256083 0.013541820215650646 0.004080705359686132
v 0.0018356090463847452 0.013550320315236508 0.004563116290344782
v 0.001954894039500124 0.013508250878118688 0.004083291247717891
v 0.001831529108256083 0.013541820215650646 0.004080705359686132
v 0.001954894039500124 0.013508250878118688 0.004083291247717891
v 0.002071758130248319 0.013459610624648732 0.0035985862533821633
v 0.002071758130248319 0.013459610624648732 0.0035985862533821633
v 0.001954894039500124 0.013508250878118688 0.004083291247717891
v 0.0020776630434773957 0.013471980734794387 0.004087724402988269
v 0.002071758130248319 0.013459610624648732 0.0035985862533821633
v 0.0020776630434773957 0.013471980734794387 0.004087724402988269
v 0.0023255292089674473 0.013391330401373858 0.004101530269885467
v 0.0023255292089674473 0.013391330401373858 0.004101530269885467
v 0.0020776630434773957 0.013471980734794387 0.004087724402988269
v 0.002330388179840326 0.013399901072862486 0.0045944750107063115
v 0.0023255292089674473 0.013391330401373858 0.004101530269885467
v 0.002330388179840326 0.013399901072862486 0.0045944750107063115
v 0.0025836080347783896 0.013299840605158209 0.00412079735301496
v 0.0025836080347783896 0.013299840605158209 0.00412079735301496
v 0.002330388179840326 0.013399901072862486 0.0045944750107063115
v 0.002588829163490125 0.013308400786228858 0.004620031099414057
v 0.0025836080347783896 0.013299840605158209 0.00412079735301496
v 0.002588829163490125 0.013308400786228858 0.004620031099414057
v 0.0028606330322961115 0.013197490365311482 0.004144184309387011
v 0.0028606330322961115 0.013197490365311482 0.004144184309387011
v 0.002588829163490125 0.013308400786228858 0.004620031099414057
v 0.002866227047683273 0.013206030519220535 0.004650407058345851
v 0.0028606330322961115 0.013197490365311482 0.004144184309387011
v 0.002866227047683273 0.013206030519220535 0.004650407058345851
v 0.0031653720451835232 0.01308427014509006 0.004170321185781034
v 0.0031653720451835232 0.01308427014509006 0.004170321185781034
v 0.002866227047683273 0.013206030519220535 0.004650407058345851
v 0.0031713742331974937 0.0130927807350939 0.004684284432696639
v 0.0031653720451835232 0.01308427014509006 0.004170321185781034
v 0.003157398135426731 0.0130724903593743 0.003655270273255906
v 0.0028606330322961115 0.013197490365311482 0.004144184309387011
v 0.0028606330322961115 0.013197490365311482 0.004144184309387011
v 0.003157398135426731 0.0130724903593743 0.003655270273255906
v 0.0028532191678082297 0.013185520798397743 0.003636636191483994
v 0.0028606330322961115 0.013197490365311482 0.004144184309387011
v 0.0028532191678082297 0.013185520798397743 0.003636636191483994
v 0.0025836080347783896 0.013299840605158209 0.00412079735301496
v 0.0025836080347783896 0.013299840605158209 0.00412079735301496
v 0.0028532191678082297 0.013185520798397743 0.003636636191483994
v 0.0025767051013297904 0.013287690793790108 0.0036200510790782015
v 0.0025836080347783896 0.013299840605158209 0.00412079735301496
v 0.0025767051013297904 0.013287690793790108 0.0036200510790782015
v 0.0023255292089674473 0.013391330401373858 0.004101530269885467
v 0.0023255292089674473 0.013391330401373858 0.004101530269885467
v 0.0025767051013297904 0.013287690793790108 0.0036200510790782015
v 0.0023191190867452582 0.013379040399874587 0.0036069011017232644
v 0.0023255292089674473 0.013391330401373858 0.004101530269885467
v 0.0023191190867452582 0.013379040399874587 0.0036069011017232644
v 0.002071758130248319 0.013459610624648732 0.0035985862533821633
v 0.002071758130248319 0.013459610624648732 0.0035985862533821633
v 0.0023191190867452582 0.013379040399874587 0.0036069011017232644
v 0.0020646031883496396 0.013443320912876477 0.0031081742332474127
v 0.002311309208978679 0.013362930932556694 0.003111079125353161
v 0.0023191190867452582 0.013379040399874587 0.0036069011017232644
v 0.0025682472018344338 0.013271820698737002 0.003118232159903117
v 0.0025682472018344338 0.013271820698737002 0.003118232159903117
v 0.0023191190867452582 0.013379040399874587 0.0036069011017232644
v 0.0025767051013297904 0.013287690793790108 0.0036200510790782015
v 0.0025682472018344338 0.013271820698737002 0.003118232159903117
v 0.0025767051013297904 0.013287690793790108 0.0036200510790782015
v 0.0028440841595160637 0.013169960647512191 0.003128171115682199
v 0.0028440841595160637 0.013169960647512191 0.003128171115682199
v 0.0025767051013297904 0.013287690793790108 0.0036200510790782015
v 0.0028532191678082297 0.013185520798397743 0.003636636191483994
v 0.0028440841595160637 0.013169960647512191 0.003128171115682199
v 0.0028532191678082297 0.013185520798397743 0.003636636191483994
v 0.003487081216500265 0.012933710712584867 0.0031506792611299406
v 0.003487081216500265 0.012933710712584867 0.0031506792611299406
v 0.0028532191678082297 0.013185520798397743 0.003636636191483994
v 0.003157398135426731 0.0130724903593743 0.003655270273255906
v 0.003487081216500265 0.012933710712584867 0.0031506792611299406
v 0.003157398135426731 0.0130724903593743 0.003655270273255906
v 0.003497801231581582 0.012948570866488929 0.0036745740728483245
v 0.003497801231581582 0.012948570866488929 0.0036745740728483245
v 0.003157398135426731 0.0130724903593743 0.003655270273255906
v 0.0031653720451835232 0.01308427014509006 0.004170321185781034
v 0.003497801231581582 0.012948570866488929 0.0036745740728483245
v 0.0031653720451835232 0.01308427014509006 0.004170321185781034
v 0.003506412195811992 0.01296015038058873 0.004197888096880431
v 0.003506412195811992 0.01296015038058873 0.004197888096880431
v 0.0031653720451835232 0.01308427014509006 0.004170321185781034
v 0.0031713742331974937 0.0130927807350939 0.004684284432696639
v 0.003506412195811992 0.01296015038058873 0.004197888096880431
v 0.0031713742331974937 0.0130927807350939 0.004684284432696639
v 0.0035128802537516546 0.012968630453012997 0.004720353350730622
v 0.0038569242402008985 0.012781470905854353 0.002627701168891744
v 0.003487081216500265 0.012933710712584867 0.0031506792611299406
v 0.0038708981922043473 0.012799220693074376 0.0031604620527322935
v 0.0038708981922043473 0.012799220693074376 0.0031604620527322935
v 0.003487081216500265 0.012933710712584867 0.0031506792611299406
v 0.003497801231581582 0.012948570866488929 0.0036745740728483245
v 0.0038708981922043473 0.012799220693074376 0.0031604620527322935
v 0.003497801231581582 0.012948570866488929 0.0036745740728483245
v 0.0038825931009019155 0.012813720358069713 0.0036932451095017527
v 0.0038825931009019155 0.012813720358069713 0.0036932451095017527
v 0.003497801231581582 0.012948570866488929 0.0036745740728483245
v 0.003506412195811992 0.01296015038058873 0.004197888096880431
v 0.0038825931009019155 0.012813720358069713 0.0036932451095017527
v 0.003506412195811992 0.01296015038058873 0.004197888096880431
v 0.0038919481695530445 0.012825111044645898 0.004225612364249509
v 0.0038919481695530445 0.012825111044645898 0.004225612364249509
v 0.003506412195811992 0.01296015038058873 0.004197888096880431
v 0.0035128802537516546 0.012968630453012997 0.004720353350730622
v 0.0038919481695530445 0.012825111044645898 0.004225612364249509
v 0.0035128802537516546 0.012968630453012997 0.004720353350730622
v 0.003898962206064782 0.012833580626652186 0.004757360207499339
v 0.004273004257979995 0.012616020801865524 0.002083048204179344
v 0.0038569242402008985 0.012781470905854353 0.002627701168891744
v 0.004291063989367572 0.012636490468365125 0.002625115042441395
v 0.004291063989367572 0.012636490468365125 0.002625115042441395
v 0.0038569242402008985 0.012781470905854353 0.002627701168891744
v 0.0038708981922043473 0.012799220693074376 0.0031604620527322935
v 0.004291063989367572 0.012636490468365125 0.002625115042441395
v 0.0038708981922043473 0.012799220693074376 0.0031604620527322935
v 0.004306501116260464 0.012653751020637594 0.0031675552442160526
v 0.004306501116260464 0.012653751020637594 0.0031675552442160526
v 0.0038708981922043473 0.012799220693074376 0.0031604620527322935
v 0.0038825931009019155 0.012813720358069713 0.0036932451095017527
v 0.004306501116260464 0.012653751020637594 0.0031675552442160526
v 0.0038825931009019155 0.012813720358069713 0.0036932451095017527
v 0.004319336142657448 0.012667920714303782 0.003710061249521668
v 0.004319336142657448 0.012667920714303782 0.003710061249521668
v 0.0038825931009019155 0.012813720358069713 0.0036932451095017527
v 0.0038919481695530445 0.012825111044645898 0.004225612364249509
v 0.004319336142657448 0.012667920714303782 0.003710061249521668
v 0.0038919481695530445 0.012825111044645898 0.004225612364249509
v 0.00432956620753544 0.012679130202751243 0.004252315246377203
v 0.00432956620753544 0.012679130202751243 0.004252315246377203
v 0.0038919481695530445 0.012825111044645898 0.004225612364249509
v 0.003898962206064782 0.012833580626652186 0.004757360207499339
v 0.00432956620753544 0.012679130202751243 0.004252315246377203
v 0.003898962206064782 0.012833580626652186 0.004757360207499339
v 0.0043372261200086415 0.012687620765593488 0.004794165362140557
v 0.0015827251232405914 0.013609250715069243 0.004559822299099459
v 0.0017104390479925902 0.013581140209583675 0.0045603143950700975
v 0.0017065810775716145 0.013572690654738984 0.004080132201394748
v 0.0017065810775716145 0.013572690654738984 0.004080132201394748
v 0.0017104390479925902 0.013581140209583675 0.0045603143950700975
v 0.001831529108256083 0.013541820215650646 0.004080705359686132
v 0.0017065810775716145 0.013572690654738984 0.004080132201394748
v 0.001831529108256083 0.013541820215650646 0.004080705359686132
v 0.0018261700543897863 0.013529440568761375 0.0035964621821600595
v 0.0018261700543897863 0.013529440568761375 0.0035964621821600595
v 0.001831529108256083 0.013541820215650646 0.004080705359686132
v 0.002071758130248319 0.013459610624648732 0.0035985862533821633
v 0.0018261700543897863 0.013529440568761375 0.0035964621821600595
v 0.002071758130248319 0.013459610624648732 0.0035985862533821633
v 0.0019145390704660564 0.013492000266995263 0.0032220410446860692
v 0.0019145390704660564 0.013492000266995263 0.0032220410446860692
v 0.002071758130248319 0.013459610624648732 0.0035985862533821633
v 0.0020646031883496396 0.013443320912876477 0.0031081742332474127
v 0.0019145390704660564 0.013492000266995263 0.0032220410446860692
v 0.0020646031883496396 0.013443320912876477 0.0031081742332474127
v 0.0020832611119805944 0.013436220807253596 0.0030765160591363083
v 0.0020832611119805944 0.013436220807253596 0.0030765160591363083
v 0.0020646031883496396 0.013443320912876477 0.0031081742332474127
v 0.002311309208978679 0.013362930932556694 0.003111079125353161
v 0.0020832611119805944 0.013436220807253596 0.0030765160591363083
v 0.002311309208978679 0.013362930932556694 0.003111079125353161
v 0.002269239056605088 0.013368730226350212 0.00291610517047472
v 0.002269239056605088 0.013368730226350212 0.00291610517047472
v 0.002311309208978679 0.013362930932556694 0.003111079125353161
v 0.0025682472018344338 0.013271820698737002 0.003118232159903117
v 0.002269239056605088 0.013368730226350212 0.00291610517047472
v 0.0025682472018344338 0.013271820698737002 0.003118232159903117
v 0.0025115460158221803 0.013273790989968282 0.002707116017176686
v 0.0025115460158221803 0.013273790989968282 0.002707116017176686
v 0.0025682472018344338 0.013271820698737002 0.003118232159903117
v 0.0028440841595160637 0.013169960647512191 0.003128171115682199
v 0.0025115460158221803 0.013273790989968282 0.002707116017176686
v 0.0028440841595160637 0.013169960647512191 0.003128171115682199
v 0.002833476201172247 0.013150780348749613 0.0026196390442564943
v 0.002833476201172247 0.013150780348749613 0.0026196390442564943
v 0.0028440841595160637 0.013169960647512191 0.003128171115682199
v 0.003487081216500265 0.012933710712584867 0.0031506792611299406
v 0.002833476201172247 0.013150780348749613 0.0026196390442564943
v 0.003487081216500265 0.012933710712584867 0.0031506792611299406
v 0.0034743782740023765 0.012915470736742929 0.0026267691906217694
v 0.0034743782740023765 0.012915470736742929 0.0026267691906217694
v 0.003487081216500265 0.012933710712584867 0.0031506792611299406
v 0.0038569242402008985 0.012781470905854353 0.002627701168891744
v 0.0034743782740023765 0.012915470736742929 0.0026267691906217694
v 0.0038569242402008985 0.012781470905854353 0.002627701168891744
v 0.003840714160237846 0.012760380397345283 0.0020954240363711685
v 0.003840714160237846 0.012760380397345283 0.0020954240363711685
v 0.0038569242402008985 0.012781470905854353 0.002627701168891744
v 0.004273004257979995 0.012616020801865524 0.002083048204179344
v 0.003840714160237846 0.012760380397345283 0.0020954240363711685
v 0.004273004257979995 0.012616020801865524 0.002083048204179344
v 0.0038240081696067074 0.01273590053015472 0.0015751050266719913
v 0.0038240081696067074 0.01273590053015472 0.0015751050266719913
v 0.004273004257979995 0.012616020801865524 0.002083048204179344
v 0.003982566307402097 0.012674050933100811 0.0014383490768780927
v 0.004840120068607956 0.012537100433737125 0.005382299202026097
v 0.004834455242899438 0.012530750869836904 0.004829735031646187
v 0.0043372261200086415 0.012687620765593488 0.004794165362140557
v 0.0043372261200086415 0.012687620765593488 0.004794165362140557
v 0.004834455242899438 0.012530750869836904 0.004829735031646187
v 0.004826033344611236 0.012522200225509872 0.004276946270954096
v 0.0043372261200086415 0.012687620765593488 0.004794165362140557
v 0.004826033344611236 0.012522200225509872 0.004276946270954096
v 0.00432956620753544 0.012679130202751243 0.004252315246377203
v 0.00432956620753544 0.012679130202751243 0.004252315246377203
v 0.004826033344611236 0.012522200225509872 0.004276946270954096
v 0.004814771404073881 0.012511120436775602 0.003723949132413973
v 0.00432956620753544 0.012679130202751243 0.004252315246377203
v 0.004814771404073881 0.012511120436775602 0.003723949132413973
v 0.004319336142657448 0.012667920714303782 0.003710061249521668
v 0.004319336142657448 0.012667920714303782 0.003710061249521668
v 0.004814771404073881 0.012511120436775602 0.003723949132413973
v 0.0048006050482679585 0.012497270224020585 0.003170848043368424
v 0.004319336142657448 0.012667920714303782 0.003710061249521668
v 0.0048006050482679585 0.012497270224020585 0.003170848043368424
v 0.004306501116260464 0.012653751020637594 0.0031675552442160526
v 0.004306501116260464 0.012653751020637594 0.0031675552442160526
v 0.0048006050482679585 0.012497270224020585 0.003170848043368424
v 0.0047834832556151174 0.012480480786882797 0.0026178430370148165
v 0.004306501116260464 0.012653751020637594 0.0031675552442160526
v 0.0047834832556151174 0.012480480786882797 0.0026178430370148165
v 0.004291063989367572 0.012636490468365125 0.002625115042441395
v 0.004291063989367572 0.012636490468365125 0.002625115042441395
v 0.0047834832556151174 0.012480480786882797 0.0026178430370148165
v 0.004763327347980517 0.012460620518300325 0.002065144160131316
v 0.004291063989367572 0.012636490468365125 0.002625115042441395
v 0.004763327347980517 0.012460620518300325 0.002065144160131316
v 0.004273004257979995 0.012616020801865524 0.002083048204179344
v 0.004273004257979995 0.012616020801865524 0.002083048204179344
v 0.004763327347980517 0.012460620518300325 0.002065144160131316
v 0.004739979015420115 0.012437570208977955 0.0015128780129894381
v 0.004273004257979995 0.012616020801865524 0.002083048204179344
v 0.004739979015420115 0.012437570208977955 0.0015128780129894381
v 0.004252200328616618 0.012592210414076876 0.0015415470140230786
v 0.004252200328616618 0.012592210414076876 0.0015415470140230786
v 0.004739979015420115 0.012437570208977955 0.0015128780129894381
v 0.0043967191877147815 0.01251688062992029 0.0010811310327962786
v 0.004252200328616618 0.012592210414076876 0.0015415470140230786
v 0.0043967191877147815 0.01251688062992029 0.0010811310327962786
v 0.003982566307402097 0.012674050933100811 0.0014383490768780927
v 0.004441108437717445 0.012659670477400686 0.008647941046436292
v 0.004814645042220955 0.012544260620844794 0.008970961043163195
v 0.004829750290435975 0.012546350121371286 0.00814409676133554
v 0.004829750290435975 0.012546350121371286 0.00814409676133554
v 0.004814645042220955 0.012544260620844794 0.008970961043163195
v 0.004831468334798583 0.012539190887937979 0.008985505530853533
v 0.004829750290435975 0.012546350121371286 0.00814409676133554
v 0.004831468334798583 0.012539190887937979 0.008985505530853533
v 0.0051016461888178655 0.012466271038893417 0.008196555526949756
v 0.0051016461888178655 0.012466271038893417 0.008196555526949756
v 0.004831468334798583 0.012539190887937979 0.008985505530853533
v 0.0051765062883513124 0.012445010776347964 0.008115552334015397
v 0.0051016461888178655 0.012466271038893417 0.008196555526949756
v 0.0051765062883513124 0.012445010776347964 0.008115552334015397
v 0.004829750290435975 0.012546350121371286 0.00814409676133554
v 0.004829750290435975 0.012546350121371286 0.00814409676133554
v 0.0051765062883513124 0.012445010776347964 0.008115552334015397
v 0.004841431370855298 0.012546160340173307 0.007039353228180667
v 0.004829750290435975 0.012546350121371286 0.00814409676133554
v 0.004841431370855298 0.012546160340173307 0.007039353228180667
v 0.0043339340361120415 0.012698660500004566 0.00804130783128243
v 0.0043339340361120415 0.012698660500004566 0.00804130783128243
v 0.004841431370855298 0.012546160340173307 0.007039353228180667
v 0.004343917099330352 0.01270075095420542 0.006958917471491521
v 0.0043339340361120415 0.012698660500004566 0.00804130783128243
v 0.004343917099330352 0.01270075095420542 0.006958917471491521
v 0.003897143072219833 0.012840490951077088 0.0079420803981331
v 0.003897143072219833 0.012840490951077088 0.0079420803981331
v 0.004343917099330352 0.01270075095420542 0.006958917471491521
v 0.0039055091805578757 0.012844660415386455 0.00688043245570924
v 0.003897143072219833 0.012840490951077088 0.0079420803981331
v 0.0039055091805578757 0.012844660415386455 0.00688043245570924
v 0.003514055180565273 0.012971290250807788 0.007846259489803775
v 0.003514055180565273 0.012971290250807788 0.007846259489803775
v 0.0039055091805578757 0.012844660415386455 0.00688043245570924
v 0.0035193921807119555 0.012977880140647158 0.006804898108402069
v 0.003514055180565273 0.012971290250807788 0.007846259489803775
v 0.0035193921807119555 0.012977880140647158 0.006804898108402069
v 0.003320107140881434 0.013041140222082026 0.007678539163996911
v 0.003320107140881434 0.013041140222082026 0.007678539163996911
v 0.0035193921807119555 0.012977880140647158 0.006804898108402069
v 0.0031779190619232733 0.013100380566082315 0.006733462176664318
v 0.003320107140881434 0.013041140222082026 0.007678539163996911
v 0.0031779190619232733 0.013100380566082315 0.006733462176664318
v 0.0028728350573355155 0.013212160738017564 0.006667331535400722
v 0.002335836998305918 0.013407100360618984 0.005576178338737303
v 0.0023337591802903568 0.013405040423997705 0.005085856202411143
v 0.002087250093417009 0.013487370177969193 0.005545311237509232
v 0.002087250093417009 0.013487370177969193 0.005545311237509232
v 0.0023337591802903568 0.013405040423997705 0.005085856202411143
v 0.0020852790869299587 0.013485550567287063 0.00506075501637393
v 0.002087250093417009 0.013487370177969193 0.005545311237509232
v 0.0020852790869299587 0.013485550567287063 0.00506075501637393
v 0.001964090082951439 0.01352343051293392 0.00553314426000262
v 0.001964090082951439 0.01352343051293392 0.00553314426000262
v 0.0020852790869299587 0.013485550567287063 0.00506075501637393
v 0.0019621810652978994 0.013521720574803386 0.005051196338246577
v 0.001964090082951439 0.01352343051293392 0.00553314426000262
v 0.0019621810652978994 0.013521720574803386 0.005051196338246577
v 0.0018403050581510677 0.01355677096861907 0.005523369097795161
v 0.0018403050581510677 0.01355677096861907 0.005523369097795161
v 0.0019621810652978994 0.013521720574803386 0.005051196338246577
v 0.0018384680429118366 0.013555180239783748 0.005043820143895983
v 0.0018403050581510677 0.01355677096861907 0.005523369097795161
v 0.0018384680429118366 0.013555180239783748 0.005043820143895983
v 0.00171490403214479 0.013587401081768258 0.005516119265297492
v 0.00171490403214479 0.013587401081768258 0.005516119265297492
v 0.0018384680429118366 0.013555180239783748 0.005043820143895983
v 0.001713147125551942 0.013585920979158894 0.005038798094707253
v 0.00171490403214479 0.013587401081768258 0.005516119265297492
v 0.001713147125551942 0.013585920979158894 0.005038798094707253
v 0.0015869370260590543 0.013615310361963506 0.005511552118779295
v 0.0015869370260590543 0.013615310361963506 0.005511552118779295
v 0.001713147125551942 0.013585920979158894 0.005038798094707253
v 0.0015852710761584538 0.013613950422323717 0.0050362570293704945
v 0.0015869370260590543 0.013615310361963506 0.005511552118779295
v 0.0015852710761584538 0.013613950422323717 0.0050362570293704945
v 0.0014555030560406412 0.013640500716553539 0.005509786390698601
v 0.0014555030560406412 0.013640500716553539 0.005509786390698601
v 0.0015852710761584538 0.013613950422323717 0.0050362570293704945
v 0.0014539401029711047 0.013639250449465345 0.005036339045365601
v 0.0014555030560406412 0.013640500716553539 0.005509786390698601
v 0.0014539401029711047 0.013639250449465345 0.005036339045365601
v 0.001319759073953805 0.013662970238189631 0.005510963224860943
v 0.001319759073953805 0.013662970238189631 0.005510963224860943
v 0.0014539401029711047 0.013639250449465345 0.005036339045365601
v 0.0013183121115285107 0.013661841087745374 0.005039163351987785
v 0.001319759073953805 0.013662970238189631 0.005510963224860943
v 0.0013183121115285107 0.013661841087745374 0.005039163351987785
v 0.0011789230668219491 0.013682720834220508 0.005515181326562757
v 0.0011789230668219491 0.013682720834220508 0.005515181326562757
v 0.0013183121115285107 0.013661841087745374 0.005039163351987785
v 0.0011776050888540751 0.013681710893071464 0.005044855357415612
v 0.0011789230668219491 0.013682720834220508 0.005515181326562757
v 0.0011776050888540751 0.013681710893071464 0.005044855357415612
v 0.0010322829975247666 0.013699750597297444 0.005522564196633883
v 0.0010322829975247666 0.013699750597297444 0.005522564196633883
v 0.0011776050888540751 0.013681710893071464 0.005044855357415612
v 0.0010311110509435284 0.013698860819117975 0.005053513290108336
v 0.0010322829975247666 0.013699750597297444 0.005522564196633883
v 0.0010311110509435284 0.013698860819117975 0.005053513290108336
v 0.0008792039573559535 0.013714060481094803 0.005533196235255333
v 0.0008792039573559535 0.013714060481094803 0.005533196235255333
v 0.0010311110509435284 0.013698860819117975 0.005053513290108336
v 0.0008781921684628338 0.013713300402628525 0.005065240146897021
v 0.0008792039573559535 0.013714060481094803 0.005533196235255333
v 0.0008781921684628338 0.013713300402628525 0.005065240146897021
v 0.0007816170229226968 0.013721590693854813 0.005483352444740908
v 0.0007816170229226968 0.013721590693854813 0.005483352444740908
v 0.0008781921684628338 0.013713300402628525 0.005065240146897021
v 0.0007182983501192314 0.013725010570115881 0.005080111268056242
v 0.0007816170229226968 0.013721590693854813 0.005483352444740908
v 0.0007182983501192314 0.013725010570115881 0.005080111268056242
v 0.0006005265997972853 0.013732360538421529 0.005326748147294058
v 0.0006005265997972853 0.013732360538421529 0.005326748147294058
v 0.0007182983501192314 0.013725010570115881 0.005080111268056242
v 0.00055003210534494 0.013730190929248653 0.004631296377811678
v 0.0006005265997972853 0.013732360538421529 0.005326748147294058
v 0.00055003210534494 0.013730190929248653 0.004631296377811678
v 0.0003752089321014049 0.013736640628956853 0.004653341991193993
v 0.0003752089321014049 0.013736640628956853 0.004653341991193993
v 0.00055003210534494 0.013730190929248653 0.004631296377811678
v 0.00040920360839868247 0.013733980831162063 0.004520409321916163
v 0.0003752089321014049 0.013736640628956853 0.004653341991193993
v 0.00040920360839868247 0.013733980831162063 0.004520409321916163
v 0.00022547311661683805 0.013739980396571538 0.004678875191717058
v 0.005179253347350199 0.012444350833689666 0.006545179201107587
v 0.005179320104555518 0.012444110507750517 0.00649637014727561
v 0.004841431370855298 0.012546160340173307 0.007039353228180667
v 0.004841431370855298 0.012546160340173307 0.007039353228180667
v 0.005179320104555518 0.012444110507750517 0.00649637014727561
v 0.004843120328149875 0.012541570305470429 0.005934700294090156
v 0.004841431370855298 0.012546160340173307 0.007039353228180667
v 0.004843120328149875 0.012541570305470429 0.005934700294090156
v 0.004343917099330352 0.01270075095420542 0.006958917471491521
v 0.004343917099330352 0.01270075095420542 0.006958917471491521
v 0.004843120328149875 0.012541570305470429 0.005934700294090156
v 0.004345164982232641 0.01269771064034031 0.00587679414052189
v 0.004343917099330352 0.01270075095420542 0.006958917471491521
v 0.004345164982232641 0.01269771064034031 0.00587679414052189
v 0.0039055091805578757 0.012844660415386455 0.00688043245570924
v 0.0039055091805578757 0.012844660415386455 0.00688043245570924
v 0.004345164982232641 0.01269771064034031 0.00587679414052189
v 0.003906304068138355 0.012843021049158687 0.005819261350466232
v 0.0039055091805578757 0.012844660415386455 0.00688043245570924
v 0.003906304068138355 0.012843021049158687 0.005819261350466232
v 0.0035193921807119555 0.012977880140647158 0.006804898108402069
v 0.0035193921807119555 0.012977880140647158 0.006804898108402069
v 0.003906304068138355 0.012843021049158687 0.005819261350466232
v 0.0035197331192962644 0.012977520605412796 0.005763099467305521
v 0.0035193921807119555 0.012977880140647158 0.006804898108402069
v 0.0035197331192962644 0.012977520605412796 0.005763099467305521
v 0.0031779190619232733 0.013100380566082315 0.006733462176664318
v 0.0031779190619232733 0.013100380566082315 0.006733462176664318
v 0.0035197331192962644 0.012977520605412796 0.005763099467305521
v 0.003177819164533885 0.013101170208453805 0.005709462437017421
v 0.0031779190619232733 0.013100380566082315 0.006733462176664318
v 0.003177819164533885 0.013101170208453805 0.005709462437017421
v 0.0028728350573355155 0.013212160738017564 0.006667331535400722
v 0.0028728350573355155 0.013212160738017564 0.006667331535400722
v 0.003177819164533885 0.013101170208453805 0.005709462437017421
v 0.0028723210268545574 0.01321400037586129 0.00565956524073874
v 0.0028728350573355155 0.013212160738017564 0.006667331535400722
v 0.0028723210268545574 0.01321400037586129 0.00565956524073874
v 0.002595485095279043 0.013313191092547694 0.0066077864924418694
v 0.002595485095279043 0.013313191092547694 0.0066077864924418694
v 0.0028723210268545574 0.01321400037586129 0.00565956524073874
v 0.0025946000854713824 0.013315971053312059 0.005614698199880863
v 0.002595485095279043 0.013313191092547694 0.0066077864924418694
v 0.0025946000854713824 0.013315971053312059 0.005614698199880863
v 0.0023370360053971695 0.013403460185580363 0.006556146456267176
v 0.0023370360053971695 0.013403460185580363 0.006556146456267176
v 0.0025946000854713824 0.013315971053312059 0.005614698199880863
v 0.002335836998305918 0.013407100360618984 0.005576178338737303
v 0.0023370360053971695 0.013403460185580363 0.006556146456267176
v 0.002335836998305918 0.013407100360618984 0.005576178338737303
v 0.0020886879959358673 0.013482940360559081 0.006513700317776483
v 0.0020886879959358673 0.013482940360559081 0.006513700317776483
v 0.002335836998305918 0.013407100360618984 0.005576178338737303
v 0.002087250093417009 0.013487370177969193 0.005545311237509232
v 0.0020886879959358673 0.013482940360559081 0.006513700317776483
v 0.002087250093417009 0.013487370177969193 0.005545311237509232
v 0.0019656160811394596 0.013518640206615085 0.00649632532458061
v 0.0019656160811394596 0.013518640206615085 0.00649632532458061
v 0.002087250093417009 0.013487370177969193 0.005545311237509232
v 0.001964090082951439 0.01352343051293392 0.00553314426000262
v 0.0019656160811394596 0.013518640206615085 0.00649632532458061
v 0.001964090082951439 0.01352343051293392 0.00553314426000262
v 0.0019516870710403061 0.013522490190013281 0.006495185206881193
v 0.0019516870710403061 0.013522490190013281 0.006495185206881193
v 0.001964090082951439 0.01352343051293392 0.00553314426000262
v 0.0018417991082479712 0.01355246036050417 0.006400153464086178
v 0.005179951436982966 0.012440570468519874 0.005970165059415999
v 0.005180596120851477 0.012431690806538054 0.005189985044942447
v 0.004843120328149875 0.012541570305470429 0.005934700294090156
v 0.004843120328149875 0.012541570305470429 0.005934700294090156
v 0.005180596120851477 0.012431690806538054 0.005189985044942447
v 0.004840120068607956 0.012537100433737125 0.005382299202026097
v 0.004843120328149875 0.012541570305470429 0.005934700294090156
v 0.004840120068607956 0.012537100433737125 0.005382299202026097
v 0.004345164982232641 0.01269771064034031 0.00587679414052189
v 0.004345164982232641 0.01269771064034031 0.00587679414052189
v 0.004840120068607956 0.012537100433737125 0.005382299202026097
v 0.0043372261200086415 0.012687620765593488 0.004794165362140557
v 0.004345164982232641 0.01269771064034031 0.00587679414052189
v 0.0043372261200086415 0.012687620765593488 0.004794165362140557
v 0.003906304068138355 0.012843021049158687 0.005819261350466232
v 0.003906304068138355 0.012843021049158687 0.005819261350466232
v 0.0043372261200086415 0.012687620765593488 0.004794165362140557
v 0.003898962206064782 0.012833580626652186 0.004757360207499339
v 0.003906304068138355 0.012843021049158687 0.005819261350466232
v 0.003898962206064782 0.012833580626652186 0.004757360207499339
v 0.0035197331192962644 0.012977520605412796 0.005763099467305521
v 0.0035197331192962644 0.012977520605412796 0.005763099467305521
v 0.003898962206064782 0.012833580626652186 0.004757360207499339
v 0.0035128802537516546 0.012968630453012997 0.004720353350730622
v 0.0035197331192962644 0.012977520605412796 0.005763099467305521
v 0.0035128802537516546 0.012968630453012997 0.004720353350730622
v 0.003177819164533885 0.013101170208453805 0.005709462437017421
v 0.003177819164533885 0.013101170208453805 0.005709462437017421
v 0.0035128802537516546 0.012968630453012997 0.004720353350730622
v 0.0031713742331974937 0.0130927807350939 0.004684284432696639
v 0.003177819164533885 0.013101170208453805 0.005709462437017421
v 0.0031713742331974937 0.0130927807350939 0.004684284432696639
v 0.0028723210268545574 0.01321400037586129 0.00565956524073874
v 0.0028723210268545574 0.01321400037586129 0.00565956524073874
v 0.0031713742331974937 0.0130927807350939 0.004684284432696639
v 0.002866227047683273 0.013206030519220535 0.004650407058345851
v 0.0028723210268545574 0.01321400037586129 0.00565956524073874
v 0.002866227047683273 0.013206030519220535 0.004650407058345851
v 0.0025946000854713824 0.013315971053312059 0.005614698199880863
v 0.0025946000854713824 0.013315971053312059 0.005614698199880863
v 0.002866227047683273 0.013206030519220535 0.004650407058345851
v 0.002588829163490125 0.013308400786228858 0.004620031099414057
v 0.0025946000854713824 0.013315971053312059 0.005614698199880863
v 0.002588829163490125 0.013308400786228858 0.004620031099414057
v 0.0023337591802903568 0.013405040423997705 0.005085856202411143
v 0.0023337591802903568 0.013405040423997705 0.005085856202411143
v 0.002588829163490125 0.013308400786228858 0.004620031099414057
v 0.002330388179840326 0.013399901072862486 0.0045944750107063115
v 0.0023337591802903568 0.013405040423997705 0.005085856202411143
v 0.002330388179840326 0.013399901072862486 0.0045944750107063115
v 0.0020852790869299587 0.013485550567287063 0.00506075501637393
v 0.0020852790869299587 0.013485550567287063 0.00506075501637393
v 0.002330388179840326 0.013399901072862486 0.0045944750107063115
v 0.00208215008134921 0.013480540915865036 0.00457507441316618
v 0.0020852790869299587 0.013485550567287063 0.00506075501637393
v 0.00208215008134921 0.013480540915865036 0.00457507441316618
v 0.0019621810652978994 0.013521720574803386 0.005051196338246577
v 0.0019621810652978994 0.013521720574803386 0.005051196338246577
v 0.00208215008134921 0.013480540915865036 0.00457507441316618
v 0.0019591841436162466 0.013516780541609763 0.004568085410606437
v 0.0019621810652978994 0.013521720574803386 0.005051196338246577
v 0.0019591841436162466 0.013516780541609763 0.004568085410606437
v 0.0018384680429118366 0.013555180239783748 0.005043820143895983
v 0.0018384680429118366 0.013555180239783748 0.005043820143895983
v 0.0019591841436162466 0.013516780541609763 0.004568085410606437
v 0.0018356090463847452 0.013550320315236508 0.004563116290344782
v 0.0018384680429118366 0.013555180239783748 0.005043820143895983
v 0.0018356090463847452 0.013550320315236508 0.004563116290344782
v 0.001713147125551942 0.013585920979158894 0.005038798094707253
v 0.001713147125551942 0.013585920979158894 0.005038798094707253
v 0.0018356090463847452 0.013550320315236508 0.004563116290344782
v 0.0017104390479925902 0.013581140209583675 0.0045603143950700975
v 0.001713147125551942 0.013585920979158894 0.005038798094707253
v 0.0017104390479925902 0.013581140209583675 0.0045603143950700975
v 0.0015852710761584538 0.013613950422323717 0.0050362570293704945
v 0.0015852710761584538 0.013613950422323717 0.0050362570293704945
v 0.0017104390479925902 0.013581140209583675 0.0045603143950700975
v 0.0015827251232405914 0.013609250715069243 0.004559822299099459
v 0.0015852710761584538 0.013613950422323717 0.0050362570293704945
v 0.0015827251232405914 0.013609250715069243 0.004559822299099459
v 0.0014539401029711047 0.013639250449465345 0.005036339045365601
v 0.0014539401029711047 0.013639250449465345 0.005036339045365601
v 0.0015827251232405914 0.013609250715069243 0.004559822299099459
v 0.0014515710566473383 0.01363465087801885 0.0045617739936806845
v 0.0014539401029711047 0.013639250449465345 0.005036339045365601
v 0.0014515710566473383 0.01363465087801885 0.0045617739936806845
v 0.0013183121115285107 0.013661841087745374 0.005039163351987785
v 0.0013183121115285107 0.013661841087745374 0.005039163351987785
v 0.0014515710566473383 0.01363465087801885 0.0045617739936806845
v 0.0013161340384956755 0.013657340698432496 0.004566304423735956
v 0.0013183121115285107 0.013661841087745374 0.005039163351987785
v 0.0013161340384956755 0.013657340698432496 0.004566304423735956
v 0.0011776050888540751 0.013681710893071464 0.005044855357415612
v 0.0011776050888540751 0.013681710893071464 0.005044855357415612
v 0.0013161340384956755 0.013657340698432496 0.004566304423735956
v 0.0011756380162737667 0.013677320176310181 0.0045735242154912314
v 0.0011776050888540751 0.013681710893071464 0.005044855357415612
v 0.0011756380162737667 0.013677320176310181 0.0045735242154912314
v 0.0010311110509435284 0.013698860819117975 0.005053513290108336
v 0.0010311110509435284 0.013698860819117975 0.005053513290108336
v 0.0011756380162737667 0.013677320176310181 0.0045735242154912314
v 0.0010293699991869437 0.013694600755744246 0.00458354542568401
v 0.0010311110509435284 0.013698860819117975 0.005053513290108336
v 0.0010293699991869437 0.013694600755744246 0.00458354542568401
v 0.0008781921684628338 0.013713300402628525 0.005065240146897021
v 0.0008781921684628338 0.013713300402628525 0.005065240146897021
v 0.0010293699991869437 0.013694600755744246 0.00458354542568401
v 0.0008766995488774729 0.01370917099264235 0.004596457222867112
v 0.0008781921684628338 0.013713300402628525 0.005065240146897021
v 0.0008766995488774729 0.01370917099264235 0.004596457222867112
v 0.0007182983501192314 0.013725010570115881 0.005080111268056242
v 0.0007182983501192314 0.013725010570115881 0.005080111268056242
v 0.0008766995488774729 0.01370917099264235 0.004596457222867112
v 0.0007170738322388043 0.013721030887004493 0.0046123492524305365
v 0.0007182983501192314 0.013725010570115881 0.005080111268056242
v 0.0007170738322388043 0.013721030887004493 0.0046123492524305365
v 0.00055003210534494 0.013730190929248653 0.004631296377811678
v 0.00055003210534494 0.013730190929248653 0.004631296377811678
v 0.0007170738322388043 0.013721030887004493 0.0046123492524305365
v 0.0005894158166462604 0.013724560435817157 0.004364975182911124
v 0.00055003210534494 0.013730190929248653 0.004631296377811678
v 0.0005894158166462604 0.013724560435817157 0.004364975182911124
v 0.00040920360839868247 0.013733980831162063 0.004520409321916163
v 0.005196687468356498 0.012440440768806682 0.007296361316102007
v 0.005178434141073496 0.012446050281402221 0.007089607098670625
v 0.0051765062883513124 0.012445010776347964 0.008115552334015397
v 0.0053678901360951214 0.012331170667791436 0.009449385138152744
v 0.005370367305249646 0.01233830033731953 0.008095749285894627
v 0.005356256262556702 0.012350380530459226 0.00809580173798452
v 0.005538161063982361 0.0118070903664097 0.0011946110100719692
v 0.005538161063982361 0.011797290408668837 0.0010378580586339892
v 0.005538068080732095 0.011806930149116934 0.0010372469917867277
v 0.0052459972012283695 0.012217400177463311 0.0005065426471025439
v 0.005229672203504732 0.012214190109561818 0.0003627017312662559
v 0.005229056129867071 0.012224750145768959 0.0005060284974122906
v 0.005229056129867071 0.012224750145768959 0.0005060284974122906
v 0.005229672203504732 0.012214190109561818 0.0003627017312662559
v 0.00521148611026423 0.012222480400788105 0.0003783926249463325
v 0.005229056129867071 0.012224750145768959 0.0005060284974122906
v 0.00521148611026423 0.012222480400788105 0.0003783926249463325
v 0.005211868056846092 0.012231460198577904 0.0005055517198360865
v 0.005211868056846092 0.012231460198577904 0.0005055517198360865
v 0.00521148611026423 0.012222480400788105 0.0003783926249463325
v 0.0052030732718824635 0.012226040467180344 0.0003856495205947427
v 0.005211868056846092 0.012231460198577904 0.0005055517198360865
v 0.0052030732718824635 0.012226040467180344 0.0003856495205947427
v 0.005194456347187293 0.012237540826308124 0.0005051196457455873
v 0.00529509331104322 0.012191640479279342 0.0005083680394354917
v 0.005280042422266817 0.012186670882180506 0.00031925742354442163
v 0.005279038203163944 0.012200840575846694 0.0005077198388927714
v 0.005279038203163944 0.012200840575846694 0.0005077198388927714
v 0.005280042422266817 0.012186670882180506 0.00031925742354442163
v 0.005262155305938709 0.012197250945549243 0.0003346875170888962
v 0.005279038203163944 0.012200840575846694 0.0005077198388927714
v 0.005262155305938709 0.012197250945549243 0.0003346875170888962
v 0.00526266504488504 0.012209430320822556 0.0005071089508594528
v 0.00526266504488504 0.012209430320822556 0.0005071089508594528
v 0.005262155305938709 0.012197250945549243 0.0003346875170888962
v 0.005255328428020456 0.012201040847462652 0.00034057350584235785
v 0.00526266504488504 0.012209430320822556 0.0005071089508594528
v 0.005255328428020456 0.012201040847462652 0.00034057350584235785
v 0.0052459972012283695 0.012217400177463311 0.0005065426471025439
v 0.0052459972012283695 0.012217400177463311 0.0005065426471025439
v 0.005255328428020456 0.012201040847462652 0.00034057350584235785
v 0.005245526086093688 0.012206270797662233 0.00034902991522152427
v 0.0052459972012283695 0.012217400177463311 0.0005065426471025439
v 0.005245526086093688 0.012206270797662233 0.00034902991522152427
v 0.005229672203504732 0.012214190109561818 0.0003627017312662559
v 0.005341120019924928 0.012160550695087813 0.0005105734113969307
v 0.005326623215952675 0.012154410939547167 0.00027908380165069663
v 0.005326156392352621 0.012171490293690912 0.0005097985509780467
v 0.005326156392352621 0.012171490293690912 0.0005097985509780467
v 0.005326623215952675 0.012154410939547167 0.00027908380165069663
v 0.005310195221397973 0.012166620832400055 0.00029325492582842755
v 0.005326156392352621 0.012171490293690912 0.0005097985509780467
v 0.005310195221397973 0.012166620832400055 0.00029325492582842755
v 0.005310806049826644 0.012181860548700074 0.0005090609434639168
v 0.005310806049826644 0.012181860548700074 0.0005090609434639168
v 0.005310195221397973 0.012166620832400055 0.00029325492582842755
v 0.005303808464197646 0.012171110731294954 0.0002987608157441028
v 0.005310806049826644 0.012181860548700074 0.0005090609434639168
v 0.005303808464197646 0.012171110731294954 0.0002987608157441028
v 0.00529509331104322 0.012191640479279342 0.0005083680394354917
v 0.00529509331104322 0.012191640479279342 0.0005083680394354917
v 0.005303808464197646 0.012171110731294954 0.0002987608157441028
v 0.005294510139171038 0.012177410704128366 0.0003067777004518192
v 0.00529509331104322 0.012191640479279342 0.0005083680394354917
v 0.005294510139171038 0.012177410704128366 0.0003067777004518192
v 0.005280042422266817 0.012186670882180506 0.00031925742354442163
v 0.005396699208050637 0.012111410716252324 0.0005140528327009578
v 0.005387159126573338 0.012100020983350501 0.00022687020485324776
v 0.00538348748028078 0.01212447033296149 0.00051312890105841
v 0.00538348748028078 0.01212447033296149 0.00051312890105841
v 0.005387159126573338 0.012100020983350501 0.00022687020485324776
v 0.0053695690798089 0.01211755047179297 0.00024203961747141546
v 0.00538348748028078 0.01212447033296149 0.00051312890105841
v 0.0053695690798089 0.01211755047179297 0.00024203961747141546
v 0.0053698060678877835 0.012137030224305123 0.0005122423415299115
v 0.0053698060678877835 0.012137030224305123 0.0005122423415299115
v 0.0053695690798089 0.01211755047179297 0.00024203961747141546
v 0.005350931421758132 0.012134500126223524 0.00025811792645977216
v 0.0053698060678877835 0.012137030224305123 0.0005122423415299115
v 0.005350931421758132 0.012134500126223524 0.00025811792645977216
v 0.005355677382219148 0.012149060826378011 0.0005113855247205687
v 0.005355677382219148 0.012149060826378011 0.0005113855247205687
v 0.005350931421758132 0.012134500126223524 0.00025811792645977216
v 0.005348482385997277 0.012136610607585974 0.00026022641106652686
v 0.005355677382219148 0.012149060826378011 0.0005113855247205687
v 0.005348482385997277 0.012136610607585974 0.00026022641106652686
v 0.005341120019924928 0.012160550695087813 0.0005105734113969307
v 0.005341120019924928 0.012160550695087813 0.0005105734113969307
v 0.005348482385997277 0.012136610607585974 0.00026022641106652686
v 0.005340456262569182 0.012143370251461727 0.00026715551095542536
v 0.005341120019924928 0.012160550695087813 0.0005105734113969307
v 0.005340456262569182 0.012143370251461727 0.00026715551095542536
v 0.005326623215952675 0.012154410939547167 0.00027908380165069663
v 0.005444311400558677 0.012054670906428422 0.000518068695833443
v 0.005433919211039195 0.012044350242486068 0.0001865402101665272
v 0.005433336039167014 0.012069340325460143 0.0005170330054766331
v 0.005433336039167014 0.012069340325460143 0.0005170330054766331
v 0.005433919211039195 0.012044350242486068 0.0001865402101665272
v 0.005419308442980719 0.012063400841535454 0.00019913911275201875
v 0.005433336039167014 0.012069340325460143 0.0005170330054766331
v 0.005419308442980719 0.012063400841535454 0.00019913911275201875
v 0.005421642084143807 0.012083820916968246 0.0005160049445147169
v 0.005421642084143807 0.012083820916968246 0.0005160049445147169
v 0.005419308442980719 0.012063400841535454 0.00019913911275201875
v 0.005408713120822195 0.012076200105143875 0.00020828100538098325
v 0.005421642084143807 0.012083820916968246 0.0005160049445147169
v 0.005408713120822195 0.012076200105143875 0.00020828100538098325
v 0.005409424085058845 0.012097850420503264 0.0005150138980389643
v 0.005409424085058845 0.012097850420503264 0.0005150138980389643
v 0.005408713120822195 0.012076200105143875 0.00020828100538098325
v 0.005403729218607933 0.012081960298288563 0.00021258000549076103
v 0.005409424085058845 0.012097850420503264 0.0005150138980389643
v 0.005403729218607933 0.012081960298288563 0.00021258000549076103
v 0.005396699208050637 0.012111410716252324 0.0005140528327009578
v 0.005396699208050637 0.012111410716252324 0.0005140528327009578
v 0.005403729218607933 0.012081960298288563 0.00021258000549076103
v 0.0053959872901396255 0.012090600588005596 0.00021925571112152258
v 0.005396699208050637 0.012111410716252324 0.0005140528327009578
v 0.0053959872901396255 0.012090600588005596 0.00021925571112152258
v 0.005387159126573338 0.012100020983350501 0.00022687020485324776
v 0.005454914352112095 0.012039350127807658 0.0005191565402569084
v 0.005447582026782138 0.012024840926068703 0.00017475340600351177
v 0.005444311400558677 0.012054670906428422 0.000518068695833443
v 0.005444311400558677 0.012054670906428422 0.000518068695833443
v 0.005447582026782138 0.012024840926068703 0.00017475340600351177
v 0.005443620463483623 0.012030690764603391 0.00017817320775877048
v 0.005444311400558677 0.012054670906428422 0.000518068695833443
v 0.005443620463483623 0.012030690764603391 0.00017817320775877048
v 0.005433919211039195 0.012044350242486068 0.0001865402101665272
v 0.005472733280723341 0.01198334083254482 0.00015306470525106378
v 0.005462148448982795 0.012001830671069524 0.00016219171161928857
v 0.005464943191699767 0.012023620222885723 0.0005202740081902343
v 0.005464943191699767 0.012023620222885723 0.0005202740081902343
v 0.005462148448982795 0.012001830671069524 0.00016219171161928857
v 0.005460313102673697 0.012004870984934635 0.00016377120497853594
v 0.005464943191699767 0.012023620222885723 0.0005202740081902343
v 0.005460313102673697 0.012004870984934635 0.00016377120497853594
v 0.005454914352112095 0.012039350127807658 0.0005191565402569084
v 0.005454914352112095 0.012039350127807658 0.0005191565402569084
v 0.005460313102673697 0.012004870984934635 0.00016377120497853594
v 0.0054542343822922 0.012014640425095924 0.00016901641396790436
v 0.005454914352112095 0.012039350127807658 0.0005191565402569084
v 0.0054542343822922 0.012014640425095924 0.00016901641396790436
v 0.005447582026782138 0.012024840926068703 0.00017475340600351177
v 0.005522483134313139 0.011856630888477104 0.00011014940367789876
v 0.005520206236774572 0.011865370360327754 0.00011211630489484526
v 0.005523190283852342 0.011918511003110588 0.0010301549923959208
v 0.005523190283852342 0.011918511003110588 0.0010301549923959208
v 0.005520206236774572 0.011865370360327754 0.00011211630489484526
v 0.005518935465687602 0.011870000449353824 0.00011321160734984251
v 0.005523190283852342 0.011918511003110588 0.0010301549923959208
v 0.005518935465687602 0.011870000449353824 0.00011321160734984251
v 0.0055182850597729205 0.011936610788821356 0.001029000092743898
v 0.005522483134313139 0.011856630888477104 0.00011014940367789876
v 0.005523190283852342 0.011918511003110588 0.0010301549923959208
v 0.005524815344964684 0.01184697016719305 0.00010813770211769505
v 0.005524815344964684 0.01184697016719305 0.00010813770211769505
v 0.005523190283852342 0.011918511003110588 0.0010301549923959208
v 0.005527413153925964 0.01190022048252748 0.0010313170446056563
v 0.005524815344964684 0.01184697016719305 0.00010813770211769505
v 0.005527413153925964 0.01190022048252748 0.0010313170446056563
v 0.005526807093869102 0.011838010396564846 0.0001064241057519141
v 0.005526807093869102 0.011838010396564846 0.0001064241057519141
v 0.005527413153925964 0.01190022048252748 0.0010313170446056563
v 0.005528708243709157 0.011828670109866324 0.00010478500774506027
v 0.005528708243709157 0.011828670109866324 0.00010478500774506027
v 0.005527413153925964 0.01190022048252748 0.0010313170446056563
v 0.005530946040598894 0.011881780235069583 0.0010324870838381711
v 0.005528708243709157 0.011828670109866324 0.00010478500774506027
v 0.005530946040598894 0.011881780235069583 0.0010324870838381711
v 0.005530445361559 0.011819260204939397 0.00010328740372104322
v 0.005530445361559 0.011819260204939397 0.00010328740372104322
v 0.005530946040598894 0.011881780235069583 0.0010324870838381711
v 0.0055319092517042145 0.01181046065160396 0.00010202080495940596
v 0.0055319092517042145 0.01181046065160396 0.00010202080495940596
v 0.005530946040598894 0.011881780235069583 0.0010324870838381711
v 0.005533784175499323 0.011863200751154879 0.0010336710705582258
v 0.0055319092517042145 0.01181046065160396 0.00010202080495940596
v 0.005533784175499323 0.011863200751154879 0.0010336710705582258
v 0.005533389354313578 0.011800420367923947 0.00010074680777088455
v 0.005533389354313578 0.011800420367923947 0.00010074680777088455
v 0.005533784175499323 0.011863200751154879 0.0010336710705582258
v 0.005534438396111452 0.01179232081157 9.983778474081939e-05
v 0.005534438396111452 0.01179232081157 9.983778474081939e-05
v 0.005533784175499323 0.011863200751154879 0.0010336710705582258
v 0.005535920406069539 0.011844510641014216 0.0010348560109526422
v 0.005534438396111452 0.01179232081157 9.983778474081939e-05
v 0.005535920406069539 0.011844510641014216 0.0010348560109526422
v 0.005535633350086666 0.01178152044942371 9.880960456960797e-05
v 0.005535633350086666 0.01178152044942371 9.880960456960797e-05
v 0.005535920406069539 0.011844510641014216 0.0010348560109526422
v 0.005536309028371933 0.01177423056260285 9.822845180486404e-05
v 0.005536309028371933 0.01177423056260285 9.822845180486404e-05
v 0.005535920406069539 0.011844510641014216 0.0010348560109526422
v 0.005537349487100551 0.01182575091264515 0.0010360481039047714
v 0.005536309028371933 0.01177423056260285 9.822845180486404e-05
v 0.005537349487100551 0.01182575091264515 0.0010360481039047714
v 0.0055371721036692745 0.011762570939856665 9.748340116036425e-05
v 0.0055371721036692745 0.011762570939856665 9.748340116036425e-05
v 0.005537349487100551 0.01182575091264515 0.0010360481039047714
v 0.005537531162066456 0.01175619085837687 9.717047676043034e-05
v 0.005537531162066456 0.01175619085837687 9.717047676043034e-05
v 0.005537349487100551 0.01182575091264515 0.0010360481039047714
v 0.005538068080732095 0.011806930149116934 0.0010372469917867277
v 0.005537531162066456 0.01175619085837687 9.717047676043034e-05
v 0.005538068080732095 0.011806930149116934 0.0010372469917867277
v 0.005538003230875499 0.01174361093987164 9.676814538908673e-05
v 0.005538003230875499 0.01174361093987164 9.676814538908673e-05
v 0.005538068080732095 0.011806930149116934 0.0010372469917867277
v 0.00553811004240401 0.011738170227638123 9.667128783672624e-05
v 0.00553811004240401 0.011738170227638123 9.667128783672624e-05
v 0.005538068080732095 0.011806930149116934 0.0010372469917867277
v 0.005538161063982361 0.011797290408668837 0.0010378580586339892
v 0.00553811004240401 0.011738170227638123 9.667128783672624e-05
v 0.005538161063982361 0.011797290408668837 0.0010378580586339892
v 0.005538161063982361 0.011730980476625241 9.66265843510214e-05
v 0.005538161063982361 0.011865460959392116 0.0022707811480479623
v 0.005538161063982361 0.011854330625916676 0.0020421072022500097
v 0.005538103366683478 0.011861880865838281 0.002041727163016871
v 0.005538103366683478 0.011861880865838281 0.002041727163016871
v 0.005538161063982361 0.011854330625916676 0.0020421072022500097
v 0.005538161063982361 0.0118070903664097 0.0011946110100719692
v 0.005538161063982361 0.011911710351237281 0.0034347032747882034
v 0.005538161063982361 0.011899670212420776 0.003087752250465897
v 0.00553812148649635 0.01190601023957738 0.0030875131166197
v 0.00553812148649635 0.01190601023957738 0.0030875131166197
v 0.005538161063982361 0.011899670212420776 0.003087752250465897
v 0.005538161063982361 0.011865460959392116 0.0022707811480479623
v 0.005538161063982361 0.01194342097743828 0.004657373172720913
v 0.005538161063982361 0.011932580560968797 0.004164800364901133
v 0.00553812720854252 0.01193841037234189 0.004164651114863527
v 0.00553812720854252 0.01193841037234189 0.004164651114863527
v 0.005538161063982361 0.011932580560968797 0.004164800364901133
v 0.005538161063982361 0.011911710351237281 0.0034347032747882034
v 0.005538161063982361 0.011960950465880749 0.005955227181051459
v 0.005538161063982361 0.011953740687706271 0.005287029040640656
v 0.005538123393845074 0.011959840388923726 0.00528694702464555
v 0.005538123393845074 0.011959840388923726 0.00528694702464555
v 0.005538161063982361 0.011953740687706271 0.005287029040640656
v 0.005538161063982361 0.01194342097743828 0.004657373172720913
v 0.005538106227706563 0.011971850963835018 0.006498553107889549
v 0.005538161063982361 0.011964420886882987 0.006498590301189655
v 0.005538161063982361 0.011960950465880749 0.005955227181051459
v 0.0055378663786045945 0.011971060367789166 0.009596378782219528
v 0.005538161063982361 0.011953850360257867 0.00959663150592538
v 0.005538161063982361 0.011964650722404158 0.008094244387751859
v 0.005527277255329421 0.01206837043863429 0.008094661143447923
v 0.005530329490124053 0.012042120551828406 0.009589858510608562
v 0.005530835414372937 0.012049890136853203 0.00809458675684771
v 0.005530835414372937 0.012049890136853203 0.00809458675684771
v 0.005530329490124053 0.012042120551828406 0.009589858510608562
v 0.005533177161768099 0.012024360274190404 0.009592317083113033
v 0.005530835414372937 0.012049890136853203 0.00809458675684771
v 0.005533177161768099 0.012024360274190404 0.009592317083113033
v 0.005533697391132408 0.012031280135358924 0.008094512370247497
v 0.005533697391132408 0.012031280135358924 0.008094512370247497
v 0.005533177161768099 0.012024360274190404 0.009592317083113033
v 0.005535377288520549 0.012006610486970382 0.00959422443183644
v 0.005533697391132408 0.012031280135358924 0.008094512370247497
v 0.005535377288520549 0.012006610486970382 0.00959422443183644
v 0.005535857463561666 0.012012560461313049 0.008094437029972923
v 0.005535857463561666 0.012012560461313049 0.008094437029972923
v 0.005535377288520549 0.012006610486970382 0.00959422443183644
v 0.005536939407125019 0.01198885020933238 0.00959557388105825
v 0.005535857463561666 0.012012560461313049 0.008094437029972923
v 0.005536939407125019 0.01198885020933238 0.00959557388105825
v 0.005537311340126083 0.01199376067862079 0.008094363597047072
v 0.005537311340126083 0.01199376067862079 0.008094363597047072
v 0.005536939407125019 0.01198885020933238 0.00959557388105825
v 0.0055378663786045945 0.011971060367789166 0.009596378782219528
v 0.005537311340126083 0.01199376067862079 0.008094363597047072
v 0.0055378663786045945 0.011971060367789166 0.009596378782219528
v 0.005538055206128212 0.011974910351187362 0.008094288256772497
v 0.005538055206128212 0.011974910351187362 0.008094288256772497
v 0.0055378663786045945 0.011971060367789166 0.009596378782219528
v 0.005538161063982361 0.011964650722404158 0.008094244387751859
v 0.005538055206128212 0.011974910351187362 0.008094288256772497
v 0.005538161063982361 0.011964650722404158 0.008094244387751859
v 0.005538161063982361 0.011965890499074372 0.007676885492653718
v 0.0055230300665595755 0.012086690523122612 0.008094735530048136
v 0.005522626185467394 0.012077690698171217 0.009583198048866426
v 0.005527277255329421 0.01206837043863429 0.008094661143447923
v 0.005527277255329421 0.01206837043863429 0.008094661143447923
v 0.005522626185467394 0.012077690698171217 0.009583198048866426
v 0.005526818061124261 0.012059890366210024 0.009586819150417814
v 0.005527277255329421 0.01206837043863429 0.008094661143447923
v 0.005526818061124261 0.012059890366210024 0.009586819150417814
v 0.005530329490124053 0.012042120551828406 0.009589858510608562
v 0.005499314092532737 0.012157840352551852 0.008095026400728456
v 0.0055037443867800295 0.012136490444616399 0.009566866375422256
v 0.005506234430538437 0.012140420536660979 0.008094952014128243
v 0.005506234430538437 0.012140420536660979 0.008094952014128243
v 0.0055037443867800295 0.012136490444616399 0.009566866375422256
v 0.005510392450755464 0.01211844024997244 0.009572617985497689
v 0.005506234430538437 0.012140420536660979 0.008094952014128243
v 0.005510392450755464 0.01211844024997244 0.009572617985497689
v 0.005512500071094828 0.01212274036766936 0.008094884303248562
v 0.005512500071094828 0.01212274036766936 0.008094884303248562
v 0.005510392450755464 0.01211844024997244 0.009572617985497689
v 0.005516329073657067 0.012100220301292097 0.009577751614586738
v 0.005512500071094828 0.01212274036766936 0.008094884303248562
v 0.005516329073657067 0.012100220301292097 0.009577751614586738
v 0.005518102431132654 0.012104820826412954 0.008094809916648349
v 0.005518102431132654 0.012104820826412954 0.008094809916648349
v 0.005516329073657067 0.012100220301292097 0.009577751614586738
v 0.005517728113945686 0.012095550157942836 0.009578958012654293
v 0.005518102431132654 0.012104820826412954 0.008094809916648349
v 0.005517728113945686 0.012095550157942836 0.009578958012654293
v 0.0055230300665595755 0.012086690523122612 0.008094735530048136
v 0.0055230300665595755 0.012086690523122612 0.008094735530048136
v 0.005517728113945686 0.012095550157942836 0.009578958012654293
v 0.005522124075915957 0.012079650498984518 0.00958275840498568
v 0.0055230300665595755 0.012086690523122612 0.008094735530048136
v 0.005522124075915957 0.012079650498984518 0.00958275840498568
v 0.005522626185467394 0.012077690698171217 0.009583198048866426
v 0.005491752408518791 0.012174980741854746 0.008095093157933775
v 0.005496372483964063 0.012154360394805996 0.009560488201291184
v 0.005499314092532737 0.012157840352551852 0.008095026400728456
v 0.005499314092532737 0.012157840352551852 0.008095026400728456
v 0.005496372483964063 0.012154360394805996 0.009560488201291184
v 0.0054979064691748625 0.01215079079167014 0.009561822391723207
v 0.005499314092532737 0.012157840352551852 0.008095026400728456
v 0.0054979064691748625 0.01215079079167014 0.009561822391723207
v 0.0055037443867800295 0.012136490444616399 0.009566866375422256
v 0.005483559392077397 0.012191820723733704 0.008095159915139094
v 0.005488259099331871 0.01217206059095921 0.009553477741058303
v 0.005491752408518791 0.012174980741854746 0.008095093157933775
v 0.005491752408518791 0.012174980741854746 0.008095093157933775
v 0.005488259099331871 0.01217206059095921 0.009553477741058303
v 0.005490227483214427 0.012167930227298673 0.009555176235096496
v 0.005491752408518791 0.012174980741854746 0.008095093157933775
v 0.005490227483214427 0.012167930227298673 0.009555176235096496
v 0.005496372483964063 0.012154360394805996 0.009560488201291184
v 0.00547474839464962 0.012208320243865534 0.008095227626018775
v 0.005479382298373137 0.012189600569819659 0.009545803523469676
v 0.005483559392077397 0.012191820723733704 0.008095159915139094
v 0.005483559392077397 0.012191820723733704 0.008095159915139094
v 0.005479382298373137 0.012189600569819659 0.009545803523469676
v 0.005481921456361172 0.012184750182016035 0.009547994113478508
v 0.005483559392077397 0.012191820723733704 0.008095159915139094
v 0.005481921456361172 0.012184750182016035 0.009547994113478508
v 0.005488259099331871 0.01217206059095921 0.009553477741058303
v 0.005465332290839342 0.01222447071918098 0.008095294383224094
v 0.005469718239228816 0.01220698033138734 0.009537444567689346
v 0.00547474839464962 0.012208320243865534 0.008095227626018775
v 0.00547474839464962 0.012208320243865534 0.008095227626018775
v 0.005469718239228816 0.01220698033138734 0.009537444567689346
v 0.0054730012632189795 0.012201250655822227 0.009540282702589775
v 0.00547474839464962 0.012208320243865534 0.008095227626018775
v 0.0054730012632189795 0.012201250655822227 0.009540282702589775
v 0.005479382298373137 0.012189600569819659 0.009545803523469676
v 0.005457740089245822 0.01222652016538428 0.009527087664121248
v 0.0054592321127847065 0.012224190338918639 0.009528376078183909
v 0.005465332290839342 0.01222447071918098 0.008095294383224094
v 0.005465332290839342 0.01222447071918098 0.008095294383224094
v 0.0054592321127847065 0.012224190338918639 0.009528376078183909
v 0.005463481208903276 0.012217400177463311 0.00953204963182519
v 0.005465332290839342 0.01222447071918098 0.008095294383224094
v 0.005463481208903276 0.012217400177463311 0.00953204963182519
v 0.005469718239228816 0.01220698033138734 0.009537444567689346
v 0.005457740089245822 0.01222652016538428 0.009527087664121248
v 0.005465332290839342 0.01222447071918098 0.008095294383224094
v 0.005453375121692305 0.012233170136708438 0.00952331015997454
v 0.005453375121692305 0.012233170136708438 0.00952331015997454
v 0.005465332290839342 0.01222447071918098 0.008095294383224094
v 0.005455328246785074 0.012240240678426106 0.008095354464708882
v 0.005453375121692305 0.012233170136708438 0.00952331015997454
v 0.005455328246785074 0.012240240678426106 0.008095354464708882
v 0.005445309420778199 0.012244900331357389 0.009516336893041766
v 0.005445309420778199 0.012244900331357389 0.009516336893041766
v 0.005455328246785074 0.012240240678426106 0.008095354464708882
v 0.005444748183416337 0.012255620584857296 0.0080954212219142
v 0.005445309420778199 0.012244900331357389 0.009516336893041766
v 0.005444748183416337 0.012255620584857296 0.0080954212219142
v 0.005442707320282292 0.01224854050639601 0.009514086221548146
v 0.005442707320282292 0.01224854050639601 0.009514086221548146
v 0.005444748183416337 0.012255620584857296 0.0080954212219142
v 0.005433795233372174 0.012270351039048166 0.008095481303398988
v 0.005442707320282292 0.01224854050639601 0.009514086221548146
v 0.005433795233372174 0.012270351039048166 0.008095481303398988
v 0.00543201806119914 0.01226280079912656 0.009504840348611432
v 0.00543201806119914 0.01226280079912656 0.009504840348611432
v 0.005433795233372174 0.012270351039048166 0.008095481303398988
v 0.005422123212859287 0.012284880267948717 0.008095533755488882
v 0.00543201806119914 0.01226280079912656 0.009504840348611432
v 0.005422123212859287 0.012284880267948717 0.008095533755488882
v 0.005417848367532951 0.012280230151761051 0.009492584679389182
v 0.005417848367532951 0.012280230151761051 0.009492584679389182
v 0.005422123212859287 0.012284880267948717 0.008095533755488882
v 0.005409926194610282 0.012298960316224905 0.008095591929624946
v 0.005417848367532951 0.012280230151761051 0.009492584679389182
v 0.005409926194610282 0.012298960316224905 0.008095591929624946
v 0.00540763546879347 0.012291860210602024 0.009483755562148533
v 0.005397222298438031 0.012312570203040774 0.00809564438171484
v 0.005394856232346645 0.012305471051092254 0.009472705337319476
v 0.005409926194610282 0.012298960316224905 0.008095591929624946
v 0.005409926194610282 0.012298960316224905 0.008095591929624946
v 0.005394856232346645 0.012305471051092254 0.009472705337319476
v 0.005402779358943677 0.012297150242286392 0.009479553672910868
v 0.005409926194610282 0.012298960316224905 0.008095591929624946
v 0.005402779358943677 0.012297150242286392 0.009479553672910868
v 0.00540763546879347 0.012291860210602024 0.009483755562148533
v 0.005370367305249646 0.01233830033731953 0.008095749285894627
v 0.0053678901360951214 0.012331170667791436 0.009449385138152744
v 0.005384029167318227 0.012325690854909088 0.008095697787479095
v 0.0053678901360951214 0.012331170667791436 0.009449385138152744
v 0.005369847075885337 0.012329430212081327 0.009451076002796044
v 0.005384029167318227 0.012325690854909088 0.008095697787479095
v 0.005384029167318227 0.012325690854909088 0.008095697787479095
v 0.005369847075885337 0.012329430212081327 0.009451076002796044
v 0.0053816011123933305 0.012318580258868228 0.009461239310468716
v 0.005384029167318227 0.012325690854909088 0.008095697787479095
v 0.0053816011123933305 0.012318580258868228 0.009461239310468716
v 0.005397222298438031 0.012312570203040774 0.00809564438171484
v 0.005397222298438031 0.012312570203040774 0.00809564438171484
v 0.0053816011123933305 0.012318580258868228 0.009461239310468716
v 0.005386788147246635 0.012313560117028222 0.009465724440991807
v 0.005397222298438031 0.012312570203040774 0.00809564438171484
v 0.005386788147246635 0.012313560117028222 0.009465724440991807
v 0.005394856232346645 0.012305471051092254 0.009472705337319476
v 0.005339133039392319 0.012354810347869338 0.009424515218148244
v 0.005342495218354504 0.012352220168302952 0.009427421063928354
v 0.005356256262556702 0.012350380530459226 0.00809580173798452
v 0.005356256262556702 0.012350380530459226 0.00809580173798452
v 0.005342495218354504 0.012352220168302952 0.009427421063928354
v 0.005351926104117388 0.012344730963540496 0.009435579748092726
v 0.005356256262556702 0.012350380530459226 0.00809580173798452
v 0.005351926104117388 0.012344730963540496 0.009435579748092726
v 0.0053678901360951214 0.012331170667791436 0.009449385138152744
v 0.005311434044393826 0.012383330933330439 0.008095935252395159
v 0.005321129097954902 0.012367900482158078 0.009408951252565245
v 0.005326768174455654 0.012372910133580106 0.008095890429700159
v 0.005326768174455654 0.012372910133580106 0.008095890429700159
v 0.005321129097954902 0.012367900482158078 0.009408951252565245
v 0.005339133039392319 0.012354810347869338 0.009424515218148244
v 0.005326768174455654 0.012372910133580106 0.008095890429700159
v 0.005339133039392319 0.012354810347869338 0.009424515218148244
v 0.005341716066400992 0.012361920943910198 0.00809584656067952
v 0.005341716066400992 0.012361920943910198 0.00809584656067952
v 0.005339133039392319 0.012354810347869338 0.009424515218148244
v 0.005356256262556702 0.012350380530459226 0.00809580173798452
v 0.005293041480654015 0.012386060349353634 0.009384662120247023
v 0.005298854125888597 0.01238252031012299 0.009389684169435752
v 0.005311434044393826 0.012383330933330439 0.008095935252395159
v 0.005311434044393826 0.012383330933330439 0.008095935252395159
v 0.005298854125888597 0.01238252031012299 0.009389684169435752
v 0.0053087632793438755 0.012376220337289578 0.009398251979901295
v 0.005311434044393826 0.012383330933330439 0.008095935252395159
v 0.0053087632793438755 0.012376220337289578 0.009398251979901295
v 0.005321129097954902 0.012367900482158078 0.009408951252565245
v 0.005263335477961317 0.012411040895584091 0.00809604778596984
v 0.005275670302155588 0.012396031014805242 0.009369634119655301
v 0.005279695284799157 0.012402400605867059 0.008096009638995372
v 0.005279695284799157 0.012402400605867059 0.008096009638995372
v 0.005275670302155588 0.012396031014805242 0.009369634119655301
v 0.005293041480654015 0.012386060349353634 0.009384662120247023
v 0.005279695284799157 0.012402400605867059 0.008096009638995372
v 0.005293041480654015 0.012386060349353634 0.009384662120247023
v 0.005295735133888646 0.012393160454976515 0.008095972445695265
v 0.005295735133888646 0.012393160454976515 0.008095972445695265
v 0.005293041480654015 0.012386060349353634 0.009384662120247023
v 0.005311434044393826 0.012383330933330439 0.008095935252395159
v 0.005243931065723739 0.012411980264830369 0.00934219404724601
v 0.005251576196244334 0.012408390634532918 0.009348802056898253
v 0.005263335477961317 0.012411040895584091 0.00809604778596984
v 0.005263335477961317 0.012411040895584091 0.00809604778596984
v 0.005251576196244334 0.012408390634532918 0.009348802056898253
v 0.005260597478868867 0.012403950326704827 0.009356603113176987
v 0.005263335477961317 0.012411040895584091 0.00809604778596984
v 0.005260597478868867 0.012403950326704827 0.009356603113176987
v 0.005275670302155588 0.012396031014805242 0.009369634119655301
v 0.005263335477961317 0.012411040895584091 0.00809604778596984
v 0.005246678124722626 0.012419060343291655 0.008096077349875053
v 0.005243931065723739 0.012411980264830369 0.00934219404724601
v 0.005243931065723739 0.012411980264830369 0.00934219404724601
v 0.005246678124722626 0.012419060343291655 0.008096077349875053
v 0.00522974945112803 0.012426450365920494 0.008096105960105904
v 0.005243931065723739 0.012411980264830369 0.00934219404724601
v 0.00522974945112803 0.012426450365920494 0.008096105960105904
v 0.0052265703776432915 0.012419570559075166 0.009327173676049183
v 0.0052265703776432915 0.012419570559075166 0.009327173676049183
v 0.00522974945112803 0.012426450365920494 0.008096105960105904
v 0.005212571391687848 0.012433210963470609 0.008096136477685478
v 0.0052265703776432915 0.012419570559075166 0.009327173676049183
v 0.005212571391687848 0.012433210963470609 0.008096136477685478
v 0.00520981813380561 0.012426160448914536 0.009312689269843633
v 0.005195168265098304 0.01243932020143168 0.00809615936587016
v 0.00519242215977378 0.012432290667711565 0.009297647917810847
v 0.005212571391687848 0.012433210963470609 0.008096136477685478
v 0.005212571391687848 0.012433210963470609 0.008096136477685478
v 0.00519242215977378 0.012432290667711565 0.009297647917810847
v 0.005200648077980652 0.012429480189367625 0.009304762328549154
v 0.005212571391687848 0.012433210963470609 0.008096136477685478
v 0.005200648077980652 0.012429480189367625 0.009304762328549154
v 0.00520981813380561 0.012426160448914536 0.009312689269843633
v 0.0051979072178651164 0.012438240642054232 0.006496392081785929
v 0.005179320104555518 0.012444110507750517 0.00649637014727561
v 0.005179253347350199 0.012444350833689666 0.006545179201107587
v 0.005329121365943157 0.01237107049573638 0.006496705363813748
v 0.005313848271040478 0.012381580940876713 0.006496653388561036
v 0.005312773480034838 0.012384080521378737 0.007296361316102007
v 0.005312773480034838 0.012384080521378737 0.007296361316102007
v 0.005313848271040478 0.012381580940876713 0.006496653388561036
v 0.005298206104159819 0.012391501061587151 0.006496608089028855
v 0.005312773480034838 0.012384080521378737 0.007296361316102007
v 0.005298206104159819 0.012391501061587151 0.006496608089028855
v 0.005297106040783595 0.012393960587765984 0.007296361316102007
v 0.005297106040783595 0.012393960587765984 0.007296361316102007
v 0.005298206104159819 0.012391501061587151 0.006496608089028855
v 0.005282219183997405 0.012400840394611312 0.006496564220008216
v 0.005297106040783595 0.012393960587765984 0.007296361316102007
v 0.005282219183997405 0.012400840394611312 0.006496564220008216
v 0.005281095278762138 0.012403260820141315 0.007296361316102007
v 0.005281095278762138 0.012403260820141315 0.007296361316102007
v 0.005282219183997405 0.012400840394611312 0.006496564220008216
v 0.005265909445063555 0.012409570329718345 0.006496526073033748
v 0.005281095278762138 0.012403260820141315 0.007296361316102007
v 0.005265909445063555 0.012409570329718345 0.006496526073033748
v 0.0052647621748064255 0.012411940210507177 0.007296361316102007
v 0.0052647621748064255 0.012411940210507177 0.007296361316102007
v 0.005265909445063555 0.012409570329718345 0.006496526073033748
v 0.005249300252380129 0.01241768037649027 0.006496489356570823
v 0.0052647621748064255 0.012411940210507177 0.007296361316102007
v 0.005249300252380129 0.01241768037649027 0.006496489356570823
v 0.005248132478124223 0.01242002069337389 0.007296361316102007
v 0.005248132478124223 0.01242002069337389 0.007296361316102007
v 0.005249300252380129 0.01241768037649027 0.006496489356570823
v 0.005232413063620267 0.012425170534927088 0.006496452163270716
v 0.005248132478124223 0.01242002069337389 0.007296361316102007
v 0.005232413063620267 0.012425170534927088 0.006496452163270716
v 0.005231226215877127 0.012427460307069538 0.007296361316102007
v 0.005231226215877127 0.012427460307069538 0.007296361316102007
v 0.005232413063620267 0.012425170534927088 0.006496452163270716
v 0.005215275058503277 0.01243203031461082 0.0064964221225283225
v 0.005231226215877127 0.012427460307069538 0.007296361316102007
v 0.005215275058503277 0.01243203031461082 0.0064964221225283225
v 0.005214070090947265 0.01243428098610444 0.007296361316102007
v 0.005214070090947265 0.01243428098610444 0.007296361316102007
v 0.005215275058503277 0.01243203031461082 0.0064964221225283225
v 0.0051979072178651164 0.012438240642054232 0.006496392081785929
v 0.005214070090947265 0.01243428098610444 0.007296361316102007
v 0.0051979072178651164 0.012438240642054232 0.006496392081785929
v 0.005196687468356498 0.012440440768806682 0.007296361316102007
v 0.005196687468356498 0.012440440768806682 0.007296361316102007
v 0.0051979072178651164 0.012438240642054232 0.006496392081785929
v 0.005179253347350199 0.012444350833689666 0.006545179201107587
v 0.005196687468356498 0.012440440768806682 0.007296361316102007
v 0.005179253347350199 0.012444350833689666 0.006545179201107587
v 0.005178434141073496 0.012446050281402221 0.007089607098670625
v 0.00517380643623333 0.012438090915179445 0.009281546079887848
v 0.00519242215977378 0.012432290667711565 0.009297647917810847
v 0.0051765062883513124 0.012445010776347964 0.008115552334015397
v 0.0051765062883513124 0.012445010776347964 0.008115552334015397
v 0.00519242215977378 0.012432290667711565 0.009297647917810847
v 0.005195168265098304 0.01243932020143168 0.00809615936587016
v 0.0051765062883513124 0.012445010776347964 0.008115552334015397
v 0.005195168265098304 0.01243932020143168 0.00809615936587016
v 0.005196687468356498 0.012440440768806682 0.007296361316102007
v 0.005196687468356498 0.012440440768806682 0.007296361316102007
v 0.005195168265098304 0.01243932020143168 0.00809615936587016
v 0.005212571391687848 0.012433210963470609 0.008096136477685478
v 0.005196687468356498 0.012440440768806682 0.007296361316102007
v 0.005212571391687848 0.012433210963470609 0.008096136477685478
v 0.005214070090947265 0.01243428098610444 0.007296361316102007
v 0.005214070090947265 0.01243428098610444 0.007296361316102007
v 0.005212571391687848 0.012433210963470609 0.008096136477685478
v 0.00522974945112803 0.012426450365920494 0.008096105960105904
v 0.005214070090947265 0.01243428098610444 0.007296361316102007
v 0.00522974945112803 0.012426450365920494 0.008096105960105904
v 0.005231226215877127 0.012427460307069538 0.007296361316102007
v 0.005231226215877127 0.012427460307069538 0.007296361316102007
v 0.00522974945112803 0.012426450365920494 0.008096105960105904
v 0.005246678124722626 0.012419060343291655 0.008096077349875053
v 0.005231226215877127 0.012427460307069538 0.007296361316102007
v 0.005246678124722626 0.012419060343291655 0.008096077349875053
v 0.005248132478124223 0.01242002069337389 0.007296361316102007
v 0.005248132478124223 0.01242002069337389 0.007296361316102007
v 0.005246678124722626 0.012419060343291655 0.008096077349875053
v 0.005263335477961317 0.012411040895584091 0.00809604778596984
v 0.005248132478124223 0.01242002069337389 0.007296361316102007
v 0.005263335477961317 0.012411040895584091 0.00809604778596984
v 0.0052647621748064255 0.012411940210507177 0.007296361316102007
v 0.0052647621748064255 0.012411940210507177 0.007296361316102007
v 0.005263335477961317 0.012411040895584091 0.00809604778596984
v 0.005279695284799157 0.012402400605867059 0.008096009638995372
v 0.0052647621748064255 0.012411940210507177 0.007296361316102007
v 0.005279695284799157 0.012402400605867059 0.008096009638995372
v 0.005281095278762138 0.012403260820141315 0.007296361316102007
v 0.005281095278762138 0.012403260820141315 0.007296361316102007
v 0.005279695284799157 0.012402400605867059 0.008096009638995372
v 0.005295735133888646 0.012393160454976515 0.008095972445695265
v 0.005281095278762138 0.012403260820141315 0.007296361316102007
v 0.005295735133888646 0.012393160454976515 0.008095972445695265
v 0.005297106040783595 0.012393960587765984 0.007296361316102007
v 0.005297106040783595 0.012393960587765984 0.007296361316102007
v 0.005295735133888646 0.012393160454976515 0.008095972445695265
v 0.005311434044393826 0.012383330933330439 0.008095935252395159
v 0.005297106040783595 0.012393960587765984 0.007296361316102007
v 0.005311434044393826 0.012383330933330439 0.008095935252395159
v 0.005312773480034838 0.012384080521378737 0.007296361316102007
v 0.005312773480034838 0.012384080521378737 0.007296361316102007
v 0.005311434044393826 0.012383330933330439 0.008095935252395159
v 0.005326768174455654 0.012372910133580106 0.008095890429700159
v 0.005312773480034838 0.012384080521378737 0.007296361316102007
v 0.005326768174455654 0.012372910133580106 0.008095890429700159
v 0.005329121365943157 0.01237107049573638 0.006496705363813748
v 0.005329121365943157 0.01237107049573638 0.006496705363813748
v 0.005326768174455654 0.012372910133580106 0.008095890429700159
v 0.005341716066400992 0.012361920943910198 0.00809584656067952
v 0.005329121365943157 0.01237107049573638 0.006496705363813748
v 0.005341716066400992 0.012361920943910198 0.00809584656067952
v 0.005344006315380623 0.012360000243745728 0.006496757339066461
v 0.005344006315380623 0.012360000243745728 0.006496757339066461
v 0.005341716066400992 0.012361920943910198 0.00809584656067952
v 0.005356256262556702 0.012350380530459226 0.00809580173798452
v 0.005344006315380623 0.012360000243745728 0.006496757339066461
v 0.005356256262556702 0.012350380530459226 0.00809580173798452
v 0.005358479277493833 0.012348370184904756 0.006496809314319174
v 0.005358479277493833 0.012348370184904756 0.006496809314319174
v 0.005356256262556702 0.012350380530459226 0.00809580173798452
v 0.005370367305249646 0.01233830033731953 0.008095749285894627
v 0.005358479277493833 0.012348370184904756 0.006496809314319174
v 0.005370367305249646 0.01233830033731953 0.008095749285894627
v 0.005372520225121191 0.012336210836793038 0.006496869395803961
v 0.005372520225121191 0.012336210836793038 0.006496869395803961
v 0.005370367305249646 0.01233830033731953 0.008095749285894627
v 0.005384029167318227 0.012325690854909088 0.008095697787479095
v 0.005372520225121191 0.012336210836793038 0.006496869395803961
v 0.005384029167318227 0.012325690854909088 0.008095697787479095
v 0.005386109131101102 0.012323520292061851 0.006496929477288749
v 0.005386109131101102 0.012323520292061851 0.006496929477288749
v 0.005384029167318227 0.012325690854909088 0.008095697787479095
v 0.005397222298438031 0.012312570203040774 0.00809564438171484
v 0.005386109131101102 0.012323520292061851 0.006496929477288749
v 0.005397222298438031 0.012312570203040774 0.00809564438171484
v 0.005399225491434789 0.012310330975639494 0.0064969881282619935
v 0.005399225491434789 0.012310330975639494 0.0064969881282619935
v 0.005397222298438031 0.012312570203040774 0.00809564438171484
v 0.005409926194610282 0.012298960316224905 0.008095591929624946
v 0.005399225491434789 0.012310330975639494 0.0064969881282619935
v 0.005409926194610282 0.012298960316224905 0.008095591929624946
v 0.005411850232635018 0.01229665051692086 0.006497048209746781
v 0.005411850232635018 0.01229665051692086 0.006497048209746781
v 0.005409926194610282 0.012298960316224905 0.008095591929624946
v 0.005422123212859287 0.012284880267948717 0.008095533755488882
v 0.005411850232635018 0.01229665051692086 0.006497048209746781
v 0.005422123212859287 0.012284880267948717 0.008095533755488882
v 0.005423966188563278 0.012282500850416267 0.006497115443789281
v 0.005423966188563278 0.012282500850416267 0.006497115443789281
v 0.005422123212859287 0.012284880267948717 0.008095533755488882
v 0.005433795233372174 0.012270351039048166 0.008095481303398988
v 0.005423966188563278 0.012282500850416267 0.006497115443789281
v 0.005433795233372174 0.012270351039048166 0.008095481303398988
v 0.005435554285732336 0.012267890559194972 0.0064971822009946
v 0.005435554285732336 0.012267890559194972 0.0064971822009946
v 0.005433795233372174 0.012270351039048166 0.008095481303398988
v 0.005444748183416337 0.012255620584857296 0.0080954212219142
v 0.005435554285732336 0.012267890559194972 0.0064971822009946
v 0.005444748183416337 0.012255620584857296 0.0080954212219142
v 0.0054464214050839455 0.012253110513937293 0.0064972494350371
v 0.0054464214050839455 0.012253110513937293 0.0064972494350371
v 0.005444748183416337 0.012255620584857296 0.0080954212219142
v 0.005455328246785074 0.012240240678426106 0.008095354464708882
v 0.0054464214050839455 0.012253110513937293 0.0064972494350371
v 0.005455328246785074 0.012240240678426106 0.008095354464708882
v 0.005456912299899863 0.012237670526021316 0.006497324298474494
v 0.005456912299899863 0.012237670526021316 0.006497324298474494
v 0.005455328246785074 0.012240240678426106 0.008095354464708882
v 0.005465332290839342 0.01222447071918098 0.008095294383224094
v 0.005456912299899863 0.012237670526021316 0.006497324298474494
v 0.005465332290839342 0.01222447071918098 0.008095294383224094
v 0.00546682622172695 0.012221830948547785 0.006497398208237526
v 0.00546682622172695 0.012221830948547785 0.006497398208237526
v 0.005465332290839342 0.01222447071918098 0.008095294383224094
v 0.00547474839464962 0.012208320243865534 0.008095227626018775
v 0.00546682622172695 0.012221830948547785 0.006497398208237526
v 0.00547474839464962 0.012208320243865534 0.008095227626018775
v 0.0054761483886126006 0.01220563088216553 0.00649747307167492
v 0.0054761483886126006 0.01220563088216553 0.00649747307167492
v 0.00547474839464962 0.012208320243865534 0.008095227626018775
v 0.005483559392077397 0.012191820723733704 0.008095159915139094
v 0.0054761483886126006 0.01220563088216553 0.00649747307167492
v 0.005483559392077397 0.012191820723733704 0.008095159915139094
v 0.005484864495441388 0.01218908081729253 0.0064975474582751325
v 0.005484864495441388 0.01218908081729253 0.0064975474582751325
v 0.005483559392077397 0.012191820723733704 0.008095159915139094
v 0.005491752408518791 0.012174980741854746 0.008095093157933775
v 0.005484864495441388 0.01218908081729253 0.0064975474582751325
v 0.005491752408518791 0.012174980741854746 0.008095093157933775
v 0.005492959283423526 0.012172200781090381 0.006497622321712526
v 0.005492959283423526 0.012172200781090381 0.006497622321712526
v 0.005491752408518791 0.012174980741854746 0.008095093157933775
v 0.005499314092532737 0.012157840352551852 0.008095026400728456
v 0.005492959283423526 0.012172200781090381 0.006497622321712526
v 0.005499314092532737 0.012157840352551852 0.008095026400728456
v 0.005500422262141036 0.012155010800720678 0.006497703384033271
v 0.005500422262141036 0.012155010800720678 0.006497703384033271
v 0.005499314092532737 0.012157840352551852 0.008095026400728456
v 0.005506234430538437 0.012140420536660979 0.008094952014128243
v 0.005500422262141036 0.012155010800720678 0.006497703384033271
v 0.005506234430538437 0.012140420536660979 0.008094952014128243
v 0.005507241033827215 0.012137550930506613 0.0064977854000283775
v 0.005507241033827215 0.012137550930506613 0.0064977854000283775
v 0.005506234430538437 0.012140420536660979 0.008094952014128243
v 0.005512500071094828 0.01212274036766936 0.008094884303248562
v 0.005507241033827215 0.012137550930506613 0.0064977854000283775
v 0.005512500071094828 0.01212274036766936 0.008094884303248562
v 0.0055134051080640845 0.012119830707191803 0.006497867416023484
v 0.0055134051080640845 0.012119830707191803 0.006497867416023484
v 0.005512500071094828 0.01212274036766936 0.008094884303248562
v 0.005518102431132654 0.012104820826412954 0.008094809916648349
v 0.0055134051080640845 0.012119830707191803 0.006497867416023484
v 0.005518102431132654 0.012104820826412954 0.008094809916648349
v 0.005518903040759304 0.012101880648355823 0.00649794943201859
v 0.005518903040759304 0.012101880648355823 0.00649794943201859
v 0.005518102431132654 0.012104820826412954 0.008094809916648349
v 0.0055230300665595755 0.012086690523122612 0.008094735530048136
v 0.005518903040759304 0.012101880648355823 0.00649794943201859
v 0.0055230300665595755 0.012086690523122612 0.008094735530048136
v 0.005523727202517981 0.012083720781160268 0.006498031448013697
v 0.005523727202517981 0.012083720781160268 0.006498031448013697
v 0.0055230300665595755 0.012086690523122612 0.008094735530048136
v 0.005527277255329421 0.01206837043863429 0.008094661143447923
v 0.005523727202517981 0.012083720781160268 0.006498031448013697
v 0.005527277255329421 0.01206837043863429 0.008094661143447923
v 0.005527868056596497 0.01206538066951035 0.006498121093403697
v 0.005527868056596497 0.01206538066951035 0.006498121093403697
v 0.005527277255329421 0.01206837043863429 0.008094661143447923
v 0.005530835414372937 0.012049890136853203 0.00809458675684771
v 0.005527868056596497 0.01206538066951035 0.006498121093403697
v 0.005530835414372937 0.012049890136853203 0.00809458675684771
v 0.005531319404111501 0.012046880340567667 0.0064982031093988035
v 0.005531319404111501 0.012046880340567667 0.0064982031093988035
v 0.005530835414372937 0.012049890136853203 0.00809458675684771
v 0.005533697391132408 0.012031280135358924 0.008094512370247497
v 0.005531319404111501 0.012046880340567667 0.0064982031093988035
v 0.005533697391132408 0.012031280135358924 0.008094512370247497
v 0.0055340731388309194 0.012028250311911792 0.006498292277951623
v 0.0055340731388309194 0.012028250311911792 0.006498292277951623
v 0.005533697391132408 0.012031280135358924 0.008094512370247497
v 0.005535857463561666 0.012012560461313049 0.008094437029972923
v 0.0055340731388309194 0.012028250311911792 0.006498292277951623
v 0.005535857463561666 0.012012560461313049 0.008094437029972923
v 0.005536126399731667 0.012009520147447938 0.006498374293946729
v 0.005536126399731667 0.012009520147447938 0.006498374293946729
v 0.005535857463561666 0.012012560461313049 0.008094437029972923
v 0.005537311340126083 0.01199376067862079 0.008094363597047072
v 0.005536126399731667 0.012009520147447938 0.006498374293946729
v 0.005537311340126083 0.01199376067862079 0.008094363597047072
v 0.0055374710805816685 0.011990710828012063 0.0064984634624995485
v 0.0055374710805816685 0.011990710828012063 0.0064984634624995485
v 0.005537311340126083 0.01199376067862079 0.008094363597047072
v 0.005538055206128212 0.011974910351187362 0.008094288256772497
v 0.0055374710805816685 0.011990710828012063 0.0064984634624995485
v 0.005538055206128212 0.011974910351187362 0.008094288256772497
v 0.005538106227706563 0.011971850963835018 0.006498553107889549
v 0.005538106227706563 0.011971850963835018 0.006498553107889549
v 0.005538055206128212 0.011974910351187362 0.008094288256772497
v 0.005538161063982361 0.011965890499074372 0.007676885492653718
v 0.005538106227706563 0.011971850963835018 0.006498553107889549
v 0.005538161063982361 0.011965890499074372 0.007676885492653718
v 0.005538161063982361 0.011964420886882987 0.006498590301189655
v 0.005538161063982361 0.011960950465880749 0.005955227181051459
v 0.005538123393845074 0.011959840388923726 0.00528694702464555
v 0.005538106227706563 0.011971850963835018 0.006498553107889549
v 0.005538106227706563 0.011971850963835018 0.006498553107889549
v 0.005538123393845074 0.011959840388923726 0.00528694702464555
v 0.005537536407275445 0.011978690716357154 0.005286694300939698
v 0.005538106227706563 0.011971850963835018 0.006498553107889549
v 0.005537536407275445 0.011978690716357154 0.005286694300939698
v 0.0055374710805816685 0.011990710828012063 0.0064984634624995485
v 0.0055374710805816685 0.011990710828012063 0.0064984634624995485
v 0.005537536407275445 0.011978690716357154 0.005286694300939698
v 0.005536239410143529 0.011997510526211008 0.005286433471001772
v 0.0055374710805816685 0.011990710828012063 0.0064984634624995485
v 0.005536239410143529 0.011997510526211008 0.005286433471001772
v 0.005536126399731667 0.012009520147447938 0.006498374293946729
v 0.005536126399731667 0.012009520147447938 0.006498374293946729
v 0.005536239410143529 0.011997510526211008 0.005286433471001772
v 0.005534234309798047 0.012016250227418479 0.0052861793167843785
v 0.005536126399731667 0.012009520147447938 0.006498374293946729
v 0.005534234309798047 0.012016250227418479 0.0052861793167843785
v 0.0055340731388309194 0.012028250311911792 0.006498292277951623
v 0.0055340731388309194 0.012028250311911792 0.006498292277951623
v 0.005534234309798047 0.012016250227418479 0.0052861793167843785
v 0.005531528258796714 0.012034880256074354 0.005285926116241346
v 0.0055340731388309194 0.012028250311911792 0.006498292277951623
v 0.005531528258796714 0.012034880256074354 0.005285926116241346
v 0.005531319404111501 0.012046880340567667 0.0064982031093988035
v 0.005531319404111501 0.012046880340567667 0.0064982031093988035
v 0.005531528258796714 0.012034880256074354 0.005285926116241346
v 0.005528124118162614 0.012053380585017037 0.005285680068256027
v 0.005531319404111501 0.012046880340567667 0.0064982031093988035
v 0.005528124118162614 0.012053380585017037 0.005285680068256027
v 0.005527868056596497 0.01206538066951035 0.006498121093403697
v 0.005527868056596497 0.01206538066951035 0.006498121093403697
v 0.005528124118162614 0.012053380585017037 0.005285680068256027
v 0.00552402904045346 0.012071730233410571 0.005285427344550175
v 0.005527868056596497 0.01206538066951035 0.006498121093403697
v 0.00552402904045346 0.012071730233410571 0.005285427344550175
v 0.005523727202517981 0.012083720781160268 0.006498031448013697
v 0.005523727202517981 0.012083720781160268 0.006498031448013697
v 0.00552402904045346 0.012071730233410571 0.005285427344550175
v 0.005519252085575688 0.012089900591024105 0.005285181296564856
v 0.005523727202517981 0.012083720781160268 0.006498031448013697
v 0.005519252085575688 0.012089900591024105 0.005285181296564856
v 0.005518903040759304 0.012101880648355823 0.00649794943201859
v 0.005518903040759304 0.012101880648355823 0.00649794943201859
v 0.005519252085575688 0.012089900591024105 0.005285181296564856
v 0.005513799452412649 0.012107860186603703 0.005284943354811611
v 0.005518903040759304 0.012101880648355823 0.00649794943201859
v 0.005513799452412649 0.012107860186603703 0.005284943354811611
v 0.0055134051080640845 0.012119830707191803 0.006497867416023484
v 0.0055134051080640845 0.012119830707191803 0.006497867416023484
v 0.005513799452412649 0.012107860186603703 0.005284943354811611
v 0.005507681154545141 0.012125600437080108 0.0052846973068262915
v 0.0055134051080640845 0.012119830707191803 0.006497867416023484
v 0.005507681154545141 0.012125600437080108 0.0052846973068262915
v 0.005507241033827215 0.012137550930506613 0.0064977854000283775
v 0.005507241033827215 0.012137550930506613 0.0064977854000283775
v 0.005507681154545141 0.012125600437080108 0.0052846973068262915
v 0.0055009062518796 0.01214308033445577 0.005284466040793578
v 0.005507241033827215 0.012137550930506613 0.0064977854000283775
v 0.0055009062518796 0.01214308033445577 0.005284466040793578
v 0.005500422262141036 0.012155010800720678 0.006497703384033271
v 0.005500422262141036 0.012155010800720678 0.006497703384033271
v 0.0055009062518796 0.01214308033445577 0.005284466040793578
v 0.005493487142182729 0.01216028080524345 0.005284227145365972
v 0.005500422262141036 0.012155010800720678 0.006497703384033271
v 0.005493487142182729 0.01216028080524345 0.005284227145365972
v 0.005492959283423526 0.012172200781090381 0.006497622321712526
v 0.005492959283423526 0.012172200781090381 0.006497622321712526
v 0.005493487142182729 0.01216028080524345 0.005284227145365972
v 0.005485434315872506 0.012177180868607196 0.005284004462402514
v 0.005492959283423526 0.012172200781090381 0.006497622321712526
v 0.005485434315872506 0.012177180868607196 0.005284004462402514
v 0.005484864495441388 0.01218908081729253 0.0064975474582751325
v 0.005484864495441388 0.01218908081729253 0.0064975474582751325
v 0.005485434315872506 0.012177180868607196 0.005284004462402514
v 0.005476761124389995 0.012193750960641792 0.005283773196369801
v 0.005484864495441388 0.01218908081729253 0.0064975474582751325
v 0.005476761124389995 0.012193750960641792 0.005283773196369801
v 0.0054761483886126006 0.01220563088216553 0.00649747307167492
v 0.0054761483886126006 0.01220563088216553 0.00649747307167492
v 0.005476761124389995 0.012193750960641792 0.005283773196369801
v 0.005467480442339079 0.01220998059092926 0.005283557189126875
v 0.0054761483886126006 0.01220563088216553 0.00649747307167492
v 0.005467480442339079 0.01220998059092926 0.005283557189126875
v 0.00546682622172695 0.012221830948547785 0.006497398208237526
v 0.00546682622172695 0.012221830948547785 0.006497398208237526
v 0.005467480442339079 0.01220998059092926 0.005283557189126875
v 0.005457607051672364 0.012225830658820769 0.005283341181883949
v 0.00546682622172695 0.012221830948547785 0.006497398208237526
v 0.005457607051672364 0.012225830658820769 0.005283341181883949
v 0.005456912299899863 0.012237670526021316 0.006497324298474494
v 0.005456912299899863 0.012237670526021316 0.006497324298474494
v 0.005457607051672364 0.012225830658820769 0.005283341181883949
v 0.005447155257505276 0.012241300210641959 0.005283132327198736
v 0.005456912299899863 0.012237670526021316 0.006497324298474494
v 0.005447155257505276 0.012241300210641959 0.005283132327198736
v 0.0054464214050839455 0.012253110513937293 0.0064972494350371
v 0.0054464214050839455 0.012253110513937293 0.0064972494350371
v 0.005447155257505276 0.012241300210641959 0.005283132327198736
v 0.005436325331453773 0.012256110773479212 0.005282931101908417
v 0.0054464214050839455 0.012253110513937293 0.0064972494350371
v 0.005436325331453773 0.012256110773479212 0.005282931101908417
v 0.005435554285732336 0.012267890559194972 0.0064971822009946
v 0.005435554285732336 0.012267890559194972 0.0064971822009946
v 0.005436325331453773 0.012256110773479212 0.005282931101908417
v 0.005424775381259184 0.012270740138187741 0.005282730353455278
v 0.005435554285732336 0.012267890559194972 0.0064971822009946
v 0.005424775381259184 0.012270740138187741 0.005282730353455278
v 0.005423966188563278 0.012282500850416267 0.006497115443789281
v 0.005423966188563278 0.012282500850416267 0.006497115443789281
v 0.005424775381259184 0.012270740138187741 0.005282730353455278
v 0.005412695188119487 0.012284930812689887 0.005282536280722672
v 0.005423966188563278 0.012282500850416267 0.006497115443789281
v 0.005412695188119487 0.012284930812689887 0.005282536280722672
v 0.005411850232635018 0.01229665051692086 0.006497048209746781
v 0.005411850232635018 0.01229665051692086 0.006497048209746781
v 0.005412695188119487 0.012284930812689887 0.005282536280722672
v 0.005400104302359099 0.012298640835313734 0.005282357466779852
v 0.005411850232635018 0.01229665051692086 0.006497048209746781
v 0.005400104302359099 0.012298640835313734 0.005282357466779852
v 0.005399225491434789 0.012310330975639494 0.0064969881282619935
v 0.005399225491434789 0.012310330975639494 0.0064969881282619935
v 0.005400104302359099 0.012298640835313734 0.005282357466779852
v 0.0053870213206280715 0.012311860669315666 0.005282171023442139
v 0.005399225491434789 0.012310330975639494 0.0064969881282619935
v 0.0053870213206280715 0.012311860669315666 0.005282171023442139
v 0.005386109131101102 0.012323520292061851 0.006496929477288749
v 0.005386109131101102 0.012323520292061851 0.006496929477288749
v 0.0053870213206280715 0.012311860669315666 0.005282171023442139
v 0.005373465316413639 0.012324580777952066 0.005282000315731394
v 0.005386109131101102 0.012323520292061851 0.006496929477288749
v 0.005373465316413639 0.012324580777952066 0.005282000315731394
v 0.005372520225121191 0.012336210836793038 0.006496869395803961
v 0.005372520225121191 0.012336210836793038 0.006496869395803961
v 0.005373465316413639 0.012324580777952066 0.005282000315731394
v 0.005359455363203036 0.012336780180386975 0.005281836283741181
v 0.005372520225121191 0.012336210836793038 0.006496869395803961
v 0.005359455363203036 0.012336780180386975 0.005281836283741181
v 0.005358479277493833 0.012348370184904756 0.006496809314319174
v 0.005358479277493833 0.012348370184904756 0.006496809314319174
v 0.005359455363203036 0.012336780180386975 0.005281836283741181
v 0.00534501244183222 0.012348440756807522 0.005281679404308681
v 0.005358479277493833 0.012348370184904756 0.006496809314319174
v 0.00534501244183222 0.012348440756807522 0.005281679404308681
v 0.005344006315380623 0.012360000243745728 0.006496757339066461
v 0.005344006315380623 0.012360000243745728 0.006496757339066461
v 0.00534501244183222 0.012348440756807522 0.005281679404308681
v 0.005330156102625605 0.012359551063121366 0.005281530154271075
v 0.005344006315380623 0.012360000243745728 0.006496757339066461
v 0.005330156102625605 0.012359551063121366 0.005281530154271075
v 0.005329121365943157 0.01237107049573638 0.006496705363813748
v 0.005329121365943157 0.01237107049573638 0.006496705363813748
v 0.005330156102625605 0.012359551063121366 0.005281530154271075
v 0.005314909233767873 0.012370100608910528 0.005281389487302723
v 0.005329121365943157 0.01237107049573638 0.006496705363813748
v 0.005314909233767873 0.012370100608910528 0.005281389487302723
v 0.005313848271040478 0.012381580940876713 0.006496653388561036
v 0.005313848271040478 0.012381580940876713 0.006496653388561036
v 0.005314909233767873 0.012370100608910528 0.005281389487302723
v 0.005299293292932161 0.012380060783944158 0.00528124738982283
v 0.005313848271040478 0.012381580940876713 0.006496653388561036
v 0.005299293292932161 0.012380060783944158 0.00528124738982283
v 0.005298206104159819 0.012391501061587151 0.006496608089028855
v 0.005298206104159819 0.012391501061587151 0.006496608089028855
v 0.005299293292932161 0.012380060783944158 0.00528124738982283
v 0.005283329260954428 0.01238944017129151 0.005281121027969904
v 0.005298206104159819 0.012391501061587151 0.006496608089028855
v 0.005283329260954428 0.01238944017129151 0.005281121027969904
v 0.005282219183997405 0.012400840394611312 0.006496564220008216
v 0.005282219183997405 0.012400840394611312 0.006496564220008216
v 0.005283329260954428 0.01238944017129151 0.005281121027969904
v 0.005267042410205258 0.012398210160721734 0.00528100134183751
v 0.005282219183997405 0.012400840394611312 0.006496564220008216
v 0.005267042410205258 0.012398210160721734 0.00528100134183751
v 0.005265909445063555 0.012409570329718345 0.006496526073033748
v 0.005265909445063555 0.012409570329718345 0.006496526073033748
v 0.005267042410205258 0.012398210160721734 0.00528100134183751
v 0.0052504532446834284 0.012406360261816851 0.0052808973913320845
v 0.005265909445063555 0.012409570329718345 0.006496526073033748
v 0.0052504532446834284 0.012406360261816851 0.0052808973913320845
v 0.005249300252380129 0.01241768037649027 0.006496489356570823
v 0.005249300252380129 0.01241768037649027 0.006496489356570823
v 0.0052504532446834284 0.012406360261816851 0.0052808973913320845
v 0.005233586083085162 0.01241389047457686 0.005280793440826659
v 0.005249300252380129 0.01241768037649027 0.006496489356570823
v 0.005233586083085162 0.01241389047457686 0.005280793440826659
v 0.005232413063620267 0.012425170534927088 0.006496452163270716
v 0.005232413063620267 0.012425170534927088 0.006496452163270716
v 0.005233586083085162 0.01241389047457686 0.005280793440826659
v 0.005216464290432321 0.012420790308583785 0.005280696166041765
v 0.005232413063620267 0.012425170534927088 0.006496452163270716
v 0.005216464290432321 0.012420790308583785 0.005280696166041765
v 0.005215275058503277 0.01243203031461082 0.0064964221225283225
v 0.005215275058503277 0.01243203031461082 0.0064964221225283225
v 0.005216464290432321 0.012420790308583785 0.005280696166041765
v 0.00519911313909549 0.012427050227094005 0.005280614150046659
v 0.005215275058503277 0.01243203031461082 0.0064964221225283225
v 0.00519911313909549 0.012427050227094005 0.005280614150046659
v 0.0051979072178651164 0.012438240642054232 0.006496392081785929
v 0.0051979072178651164 0.012438240642054232 0.006496392081785929
v 0.00519911313909549 0.012427050227094005 0.005280614150046659
v 0.005179951436982966 0.012440570468519874 0.005970165059415999
v 0.0051979072178651164 0.012438240642054232 0.006496392081785929
v 0.005179951436982966 0.012440570468519874 0.005970165059415999
v 0.005179320104555518 0.012444110507750517 0.00649637014727561
v 0.005199418314891235 0.012405750863899723 0.004153222281312874
v 0.005180850275068871 0.012411670320662815 0.004153073031275267
v 0.005180596120851477 0.012431690806538054 0.005189985044942447
v 0.005538161063982361 0.01194342097743828 0.004657373172720913
v 0.00553812720854252 0.01193841037234189 0.004164651114863527
v 0.005538123393845074 0.011959840388923726 0.00528694702464555
v 0.005538123393845074 0.011959840388923726 0.00528694702464555
v 0.00553812720854252 0.01193841037234189 0.004164651114863527
v 0.005537552142902413 0.011957270236518935 0.004164197165867356
v 0.005538123393845074 0.011959840388923726 0.00528694702464555
v 0.005537552142902413 0.011957270236518935 0.004164197165867356
v 0.005537536407275445 0.011978690716357154 0.005286694300939698
v 0.005537536407275445 0.011978690716357154 0.005286694300939698
v 0.005537552142902413 0.011957270236518935 0.004164197165867356
v 0.005536267066700018 0.011976080509629172 0.004163735110639111
v 0.005537536407275445 0.011978690716357154 0.005286694300939698
v 0.005536267066700018 0.011976080509629172 0.004163735110639111
v 0.005536239410143529 0.011997510526211008 0.005286433471001772
v 0.005536239410143529 0.011997510526211008 0.005286433471001772
v 0.005536267066700018 0.011976080509629172 0.004163735110639111
v 0.0055342753177956006 0.011994810674093026 0.0041632730554108655
v 0.005536239410143529 0.011997510526211008 0.005286433471001772
v 0.0055342753177956006 0.011994810674093026 0.0041632730554108655
v 0.005534234309798047 0.012016250227418479 0.0052861793167843785
v 0.005534234309798047 0.012016250227418479 0.0052861793167843785
v 0.0055342753177956006 0.011994810674093026 0.0041632730554108655
v 0.005531580234049427 0.012013440702748901 0.004162818152740333
v 0.005534234309798047 0.012016250227418479 0.0052861793167843785
v 0.005531580234049427 0.012013440702748901 0.004162818152740333
v 0.005531528258796714 0.012034880256074354 0.005285926116241346
v 0.005531528258796714 0.012034880256074354 0.005285926116241346
v 0.005531580234049427 0.012013440702748901 0.004162818152740333
v 0.005528188491182029 0.012031941031691584 0.004162364203744162
v 0.005531528258796714 0.012034880256074354 0.005285926116241346
v 0.005528188491182029 0.012031941031691584 0.004162364203744162
v 0.005528124118162614 0.012053380585017037 0.005285680068256027
v 0.005528124118162614 0.012053380585017037 0.005285680068256027
v 0.005528188491182029 0.012031941031691584 0.004162364203744162
v 0.005524105334402396 0.012050290680085118 0.004161917407305704
v 0.005528124118162614 0.012053380585017037 0.005285680068256027
v 0.005524105334402396 0.012050290680085118 0.004161917407305704
v 0.00552402904045346 0.012071730233410571 0.005285427344550175
v 0.00552402904045346 0.012071730233410571 0.005285427344550175
v 0.005524105334402396 0.012050290680085118 0.004161917407305704
v 0.0055193393467797836 0.012068461037698652 0.004161470134030065
v 0.00552402904045346 0.012071730233410571 0.005285427344550175
v 0.0055193393467797836 0.012068461037698652 0.004161470134030065
v 0.005519252085575688 0.012089900591024105 0.005285181296564856
v 0.005519252085575688 0.012089900591024105 0.005285181296564856
v 0.0055193393467797836 0.012068461037698652 0.004161470134030065
v 0.005513899111383447 0.01208642063327825 0.004161030013312139
v 0.005519252085575688 0.012089900591024105 0.005285181296564856
v 0.005513899111383447 0.01208642063327825 0.004161030013312139
v 0.005513799452412649 0.012107860186603703 0.005284943354811611
v 0.005513799452412649 0.012107860186603703 0.005284943354811611
v 0.005513899111383447 0.01208642063327825 0.004161030013312139
v 0.005507791303933918 0.012104160883754655 0.0041605979988262876
v 0.005513799452412649 0.012107860186603703 0.005284943354811611
v 0.005507791303933918 0.012104160883754655 0.0041605979988262876
v 0.005507681154545141 0.012125600437080108 0.0052846973068262915
v 0.005507681154545141 0.012125600437080108 0.0052846973068262915
v 0.005507791303933918 0.012104160883754655 0.0041605979988262876
v 0.005501028322197898 0.012121640781130316 0.004160173136898149
v 0.005507681154545141 0.012125600437080108 0.0052846973068262915
v 0.005501028322197898 0.012121640781130316 0.004160173136898149
v 0.0055009062518796 0.01214308033445577 0.005284466040793578
v 0.0055009062518796 0.01214308033445577 0.005284466040793578
v 0.005501028322197898 0.012121640781130316 0.004160173136898149
v 0.005493620179756187 0.012138840298243636 0.004159749228644372
v 0.0055009062518796 0.01214308033445577 0.005284466040793578
v 0.005493620179756187 0.012138840298243636 0.004159749228644372
v 0.005493487142182729 0.01216028080524345 0.005284227145365972
v 0.005493487142182729 0.01216028080524345 0.005284227145365972
v 0.005493620179756187 0.012138840298243636 0.004159749228644372
v 0.005485578320701123 0.012155740361607381 0.004159339148668839
v 0.005493487142182729 0.01216028080524345 0.005284227145365972
v 0.005485578320701123 0.012155740361607381 0.004159339148668839
v 0.005485434315872506 0.012177180868607196 0.005284004462402514
v 0.005485434315872506 0.012177180868607196 0.005284004462402514
v 0.005485578320701123 0.012155740361607381 0.004159339148668839
v 0.00547691514279941 0.012172320944059956 0.004158929068693307
v 0.005485434315872506 0.012177180868607196 0.005284004462402514
v 0.00547691514279941 0.012172320944059956 0.004158929068693307
v 0.005476761124389995 0.012193750960641792 0.005283773196369801
v 0.005476761124389995 0.012193750960641792 0.005283773196369801
v 0.00547691514279941 0.012172320944059956 0.004158929068693307
v 0.0054676454280036535 0.012188550574347423 0.0041585342475075615
v 0.005476761124389995 0.012193750960641792 0.005283773196369801
v 0.0054676454280036535 0.012188550574347423 0.0041585342475075615
v 0.005467480442339079 0.01220998059092926 0.005283557189126875
v 0.005467480442339079 0.01220998059092926 0.005283557189126875
v 0.0054676454280036535 0.012188550574347423 0.0041585342475075615
v 0.005457782050917737 0.012204400642238933 0.00415814705571671
v 0.005467480442339079 0.01220998059092926 0.005283557189126875
v 0.005457782050917737 0.012204400642238933 0.00415814705571671
v 0.005457607051672364 0.012225830658820769 0.005283341181883949
v 0.005457607051672364 0.012225830658820769 0.005283341181883949
v 0.005457782050917737 0.012204400642238933 0.00415814705571671
v 0.005447341224005808 0.012219880684478102 0.004157767016483571
v 0.005457607051672364 0.012225830658820769 0.005283341181883949
v 0.005447341224005808 0.012219880684478102 0.004157767016483571
v 0.005447155257505276 0.012241300210641959 0.005283132327198736
v 0.005447155257505276 0.012241300210641959 0.005283132327198736
v 0.005447341224005808 0.012219880684478102 0.004157767016483571
v 0.005436521311535103 0.012234690293640993 0.00415740223604022
v 0.005447155257505276 0.012241300210641959 0.005283132327198736
v 0.005436521311535103 0.012234690293640993 0.00415740223604022
v 0.005436325331453773 0.012256110773479212 0.005282931101908417
v 0.005436325331453773 0.012256110773479212 0.005282931101908417
v 0.005436521311535103 0.012234690293640993 0.00415740223604022
v 0.005424979467572588 0.012249330148767501 0.0041570441313174
v 0.005436325331453773 0.012256110773479212 0.005282931101908417
v 0.005424979467572588 0.012249330148767501 0.0041570441313174
v 0.005424775381259184 0.012270740138187741 0.005282730353455278
v 0.005424775381259184 0.012270740138187741 0.005282730353455278
v 0.005424979467572588 0.012249330148767501 0.0041570441313174
v 0.00541290928801369 0.012263510332851668 0.004156701285384368
v 0.005424775381259184 0.012270740138187741 0.005282730353455278
v 0.00541290928801369 0.012263510332851668 0.004156701285384368
v 0.005412695188119487 0.012284930812689887 0.005282536280722672
v 0.005412695188119487 0.012284930812689887 0.005282536280722672
v 0.00541290928801369 0.012263510332851668 0.004156701285384368
v 0.0054003274621597375 0.012277230845893494 0.004156366068846229
v 0.005412695188119487 0.012284930812689887 0.005282536280722672
v 0.0054003274621597375 0.012277230845893494 0.004156366068846229
v 0.005400104302359099 0.012298640835313734 0.005282357466779852
v 0.005400104302359099 0.012298640835313734 0.005282357466779852
v 0.0054003274621597375 0.012277230845893494 0.004156366068846229
v 0.005387253063497965 0.012290460216639043 0.004156038004865803
v 0.005400104302359099 0.012298640835313734 0.005282357466779852
v 0.005387253063497965 0.012290460216639043 0.004156038004865803
v 0.0053870213206280715 0.012311860669315666 0.005282171023442139
v 0.0053870213206280715 0.012311860669315666 0.005282171023442139
v 0.005387253063497965 0.012290460216639043 0.004156038004865803
v 0.005373704211841246 0.012303190815693421 0.004155725199675164
v 0.0053870213206280715 0.012311860669315666 0.005282171023442139
v 0.005373704211841246 0.012303190815693421 0.004155725199675164
v 0.005373465316413639 0.012324580777952066 0.005282000315731394
v 0.005373465316413639 0.012324580777952066 0.005282000315731394
v 0.005373704211841246 0.012303190815693421 0.004155725199675164
v 0.005359702364862717 0.01231539021812833 0.004155427176437132
v 0.005373465316413639 0.012324580777952066 0.005282000315731394
v 0.005359702364862717 0.01231539021812833 0.004155427176437132
v 0.005359455363203036 0.012336780180386975 0.005281836283741181
v 0.005359455363203036 0.012336780180386975 0.005281836283741181
v 0.005359702364862717 0.01231539021812833 0.004155427176437132
v 0.005345266119212433 0.012327060331292494 0.004155144411988887
v 0.005359455363203036 0.012336780180386975 0.005281836283741181
v 0.005345266119212433 0.012327060331292494 0.004155144411988887
v 0.00534501244183222 0.012348440756807522 0.005281679404308681
v 0.00534501244183222 0.012348440756807522 0.005281679404308681
v 0.005345266119212433 0.012327060331292494 0.004155144411988887
v 0.0053304183630750734 0.012338180174349955 0.004154876429493248
v 0.00534501244183222 0.012348440756807522 0.005281679404308681
v 0.0053304183630750734 0.012338180174349955 0.004154876429493248
v 0.005330156102625605 0.012359551063121366 0.005281530154271075
v 0.005330156102625605 0.012359551063121366 0.005281530154271075
v 0.0053304183630750734 0.012338180174349955 0.004154876429493248
v 0.005315178169937873 0.01234873067381348 0.004154615122718142
v 0.005330156102625605 0.012359551063121366 0.005281530154271075
v 0.005315178169937873 0.01234873067381348 0.004154615122718142
v 0.005314909233767873 0.012370100608910528 0.005281389487302723
v 0.005314909233767873 0.012370100608910528 0.005281389487302723
v 0.005315178169937873 0.01234873067381348 0.004154615122718142
v 0.005299568427985513 0.012358700385590726 0.004154369074732822
v 0.005314909233767873 0.012370100608910528 0.005281389487302723
v 0.005299568427985513 0.012358700385590726 0.004154369074732822
v 0.005299293292932161 0.012380060783944158 0.00528124738982283
v 0.005299293292932161 0.012380060783944158 0.00528124738982283
v 0.005299568427985513 0.012358700385590726 0.004154369074732822
v 0.00528361011805395 0.012368090263356057 0.00415413828553729
v 0.005299293292932161 0.012380060783944158 0.00528124738982283
v 0.00528361011805395 0.012368090263356057 0.00415413828553729
v 0.005283329260954428 0.01238944017129151 0.005281121027969904
v 0.005283329260954428 0.01238944017129151 0.005281121027969904
v 0.00528361011805395 0.012368090263356057 0.00415413828553729
v 0.005267329466188131 0.012376860252786281 0.004153930384526439
v 0.005283329260954428 0.01238944017129151 0.005281121027969904
v 0.005267329466188131 0.012376860252786281 0.004153930384526439
v 0.005267042410205258 0.012398210160721734 0.00528100134183751
v 0.005267042410205258 0.012398210160721734 0.00528100134183751
v 0.005267329466188131 0.012376860252786281 0.004153930384526439
v 0.00525074506903811 0.012385030381042994 0.0041537282055617575
v 0.005267042410205258 0.012398210160721734 0.00528100134183751
v 0.00525074506903811 0.012385030381042994 0.0041537282055617575
v 0.0052504532446834284 0.012406360261816851 0.0052808973913320845
v 0.0052504532446834284 0.012406360261816851 0.0052808973913320845
v 0.00525074506903811 0.012385030381042994 0.0041537282055617575
v 0.005233882198974471 0.01239257013054662 0.004153542239061225
v 0.0052504532446834284 0.012406360261816851 0.0052808973913320845
v 0.005233882198974471 0.01239257013054662 0.004153542239061225
v 0.005233586083085162 0.01241389047457686 0.005280793440826659
v 0.005233586083085162 0.01241389047457686 0.005280793440826659
v 0.005233882198974471 0.01239257013054662 0.004153542239061225
v 0.0052167661283678 0.012399480454971523 0.0041533710545133
v 0.005233586083085162 0.01241389047457686 0.005280793440826659
v 0.0052167661283678 0.012399480454971523 0.0041533710545133
v 0.005216464290432321 0.012420790308583785 0.005280696166041765
v 0.005216464290432321 0.012420790308583785 0.005280696166041765
v 0.0052167661283678 0.012399480454971523 0.0041533710545133
v 0.005199418314891235 0.012405750863899723 0.004153222281312874
v 0.005216464290432321 0.012420790308583785 0.005280696166041765
v 0.005199418314891235 0.012405750863899723 0.004153222281312874
v 0.00519911313909549 0.012427050227094005 0.005280614150046659
v 0.00519911313909549 0.012427050227094005 0.005280614150046659
v 0.005199418314891235 0.012405750863899723 0.004153222281312874
v 0.005180596120851477 0.012431690806538054 0.005189985044942447
v 0.00519911313909549 0.012427050227094005 0.005280614150046659
v 0.005180596120851477 0.012431690806538054 0.005189985044942447
v 0.005179951436982966 0.012440570468519874 0.005970165059415999
v 0.0051989133443167135 0.012372810951446489 0.0030702802209037205
v 0.005180337198262275 0.012378710381047986 0.0030700642136607947
v 0.0051808073597225945 0.012405940645097702 0.003929667182651364
v 0.005538161063982361 0.011911710351237281 0.0034347032747882034
v 0.00553812148649635 0.01190601023957738 0.0030875131166197
v 0.00553812720854252 0.01193841037234189 0.004164651114863527
v 0.00553812720854252 0.01193841037234189 0.004164651114863527
v 0.00553812148649635 0.01190601023957738 0.0030875131166197
v 0.005537526393694647 0.011924860567010809 0.003086820033777332
v 0.00553812720854252 0.01193841037234189 0.004164651114863527
v 0.005537526393694647 0.011924860567010809 0.003086820033777332
v 0.005537552142902413 0.011957270236518935 0.004164197165867356
v 0.005537552142902413 0.011957270236518935 0.004164197165867356
v 0.005537526393694647 0.011924860567010809 0.003086820033777332
v 0.0055362203366562945 0.011943660349703067 0.0030861271893535547
v 0.005537552142902413 0.011957270236518935 0.004164197165867356
v 0.0055362203366562945 0.011943660349703067 0.0030861271893535547
v 0.005536267066700018 0.011976080509629172 0.004163735110639111
v 0.005536267066700018 0.011976080509629172 0.004163735110639111
v 0.0055362203366562945 0.011943660349703067 0.0030861271893535547
v 0.005534207130078739 0.011962380977423304 0.0030854341065111868
v 0.005536267066700018 0.011976080509629172 0.004163735110639111
v 0.005534207130078739 0.011962380977423304 0.0030854341065111868
v 0.0055342753177956006 0.011994810674093026 0.0041632730554108655
v 0.0055342753177956006 0.011994810674093026 0.0041632730554108655
v 0.005534207130078739 0.011962380977423304 0.0030854341065111868
v 0.005531493449682512 0.0119810005156612 0.0030847491299008933
v 0.0055342753177956006 0.011994810674093026 0.0041632730554108655
v 0.005531493449682512 0.0119810005156612 0.0030847491299008933
v 0.005531580234049427 0.012013440702748901 0.004162818152740333
v 0.005531580234049427 0.012013440702748901 0.004162818152740333
v 0.005531493449682512 0.0119810005156612 0.0030847491299008933
v 0.005528081202816337 0.011999500844603883 0.0030840641532906
v 0.005531580234049427 0.012013440702748901 0.004162818152740333
v 0.005528081202816337 0.011999500844603883 0.0030840641532906
v 0.005528188491182029 0.012031941031691584 0.004162364203744162
v 0.005528188491182029 0.012031941031691584 0.004162364203744162
v 0.005528081202816337 0.011999500844603883 0.0030840641532906
v 0.005523979449386651 0.012017830465835821 0.003083386090819429
v 0.005528188491182029 0.012031941031691584 0.004162364203744162
v 0.005523979449386651 0.012017830465835821 0.003083386090819429
v 0.005524105334402396 0.012050290680085118 0.004161917407305704
v 0.005524105334402396 0.012050290680085118 0.004161917407305704
v 0.005523979449386651 0.012017830465835821 0.003083386090819429
v 0.005519194388276805 0.012035990333031377 0.0030827151809059705
v 0.005524105334402396 0.012050290680085118 0.004161917407305704
v 0.005519194388276805 0.012035990333031377 0.0030827151809059705
v 0.0055193393467797836 0.012068461037698652 0.004161470134030065
v 0.0055193393467797836 0.012068461037698652 0.004161470134030065
v 0.005519194388276805 0.012035990333031377 0.0030827151809059705
v 0.005513734125718872 0.012053940391867357 0.0030820521388059963
v 0.0055193393467797836 0.012068461037698652 0.004161470134030065
v 0.005513734125718872 0.012053940391867357 0.0030820521388059963
v 0.005513899111383447 0.01208642063327825 0.004161030013312139
v 0.005513899111383447 0.01208642063327825 0.004161030013312139
v 0.005513734125718872 0.012053940391867357 0.0030820521388059963
v 0.005507607244782109 0.012071660615182167 0.003081396249263735
v 0.005513899111383447 0.01208642063327825 0.004161030013312139
v 0.005507607244782109 0.012071660615182167 0.003081396249263735
v 0.005507791303933918 0.012104160883754655 0.0041605979988262876
v 0.005507791303933918 0.012104160883754655 0.0041605979988262876
v 0.005507607244782109 0.012071660615182167 0.003081396249263735
v 0.005500826143233217 0.01208913097581421 0.0030807551416740797
v 0.005507791303933918 0.012104160883754655 0.0041605979988262876
v 0.005500826143233217 0.01208913097581421 0.0030807551416740797
v 0.005501028322197898 0.012121640781130316 0.004160173136898149
v 0.005501028322197898 0.012121640781130316 0.004160173136898149
v 0.005500826143233217 0.01208913097581421 0.0030807551416740797
v 0.0054933994041414524 0.012106310465765935 0.003080122140316499
v 0.005501028322197898 0.012121640781130316 0.004160173136898149
v 0.0054933994041414524 0.012106310465765935 0.003080122140316499
v 0.005493620179756187 0.012138840298243636 0.004159749228644372
v 0.005493620179756187 0.012138840298243636 0.004159749228644372
v 0.0054933994041414524 0.012106310465765935 0.003080122140316499
v 0.005485339425273517 0.012123200992386063 0.003079496053098041
v 0.005493620179756187 0.012138840298243636 0.004159749228644372
v 0.005485339425273517 0.012123200992386063 0.003079496053098041
v 0.005485578320701123 0.012155740361607381 0.004159339148668839
v 0.005485578320701123 0.012155740361607381 0.004159339148668839
v 0.005485339425273517 0.012123200992386063 0.003079496053098041
v 0.005476659081233293 0.01213976059400268 0.00307888522466937
v 0.005485578320701123 0.012155740361607381 0.004159339148668839
v 0.005476659081233293 0.01213976059400268 0.00307888522466937
v 0.00547691514279941 0.012172320944059956 0.004158929068693307
v 0.00547691514279941 0.012172320944059956 0.004158929068693307
v 0.005476659081233293 0.01213976059400268 0.00307888522466937
v 0.0054673722002990255 0.012155970197128552 0.003078282264054183
v 0.00547691514279941 0.012172320944059956 0.004158929068693307
v 0.0054673722002990255 0.012155970197128552 0.003078282264054183
v 0.0054676454280036535 0.012188550574347423 0.0041585342475075615
v 0.0054676454280036535 0.012188550574347423 0.0041585342475075615
v 0.0054673722002990255 0.012155970197128552 0.003078282264054183
v 0.005457492133911779 0.012171820265020061 0.003077701237949315
v 0.0054676454280036535 0.012188550574347423 0.0041585342475075615
v 0.005457492133911779 0.012171820265020061 0.003077701237949315
v 0.005457782050917737 0.012204400642238933 0.00415814705571671
v 0.005457782050917737 0.012204400642238933 0.00415814705571671
v 0.005457492133911779 0.012171820265020061 0.003077701237949315
v 0.005447033187186978 0.012187270743354017 0.0030771271259835697
v 0.005457782050917737 0.012204400642238933 0.00415814705571671
v 0.005447033187186978 0.012187270743354017 0.0030771271259835697
v 0.005447341224005808 0.012219880684478102 0.004157767016483571
v 0.005447341224005808 0.012219880684478102 0.004157767016483571
v 0.005447033187186978 0.012187270743354017 0.0030771271259835697
v 0.005436197062252124 0.012202070815773292 0.003076583054760218
v 0.005447341224005808 0.012219880684478102 0.004157767016483571
v 0.005436197062252124 0.012202070815773292 0.003076583054760218
v 0.005436521311535103 0.012234690293640993 0.00415740223604022
v 0.005436521311535103 0.012234690293640993 0.00415740223604022
v 0.005436197062252124 0.012202070815773292 0.003076583054760218
v 0.005424641390011364 0.012216690643738204 0.0030760470897689407
v 0.005436521311535103 0.012234690293640993 0.00415740223604022
v 0.005424641390011364 0.012216690643738204 0.0030760470897689407
v 0.005424979467572588 0.012249330148767501 0.0041570441313174
v 0.005424979467572588 0.012249330148767501 0.0041570441313174
v 0.005424641390011364 0.012216690643738204 0.0030760470897689407
v 0.005412555474825498 0.012230850800660775 0.0030755180389167858
v 0.005424979467572588 0.012249330148767501 0.0041570441313174
v 0.005412555474825498 0.012230850800660775 0.0030755180389167858
v 0.00541290928801369 0.012263510332851668 0.004156701285384368
v 0.00541290928801369 0.012263510332851668 0.004156701285384368
v 0.005412555474825498 0.012230850800660775 0.0030755180389167858
v 0.005399958390181758 0.012244550332866644 0.0030750111609935404
v 0.00541290928801369 0.012263510332851668 0.004156701285384368
v 0.005399958390181758 0.012244550332866644 0.0030750111609935404
v 0.0054003274621597375 0.012277230845893494 0.004156366068846229
v 0.0054003274621597375 0.012277230845893494 0.004156366068846229
v 0.005399958390181758 0.012244550332866644 0.0030750111609935404
v 0.0053868701632417415 0.012257760630124959 0.003074527171254976
v 0.0054003274621597375 0.012277230845893494 0.004156366068846229
v 0.0053868701632417415 0.012257760630124959 0.003074527171254976
v 0.005387253063497965 0.012290460216639043 0.004156038004865803
v 0.005387253063497965 0.012290460216639043 0.004156038004865803
v 0.0053868701632417415 0.012257760630124959 0.003074527171254976
v 0.005373308436981139 0.01227047024834338 0.0030740572482132467
v 0.005387253063497965 0.012290460216639043 0.004156038004865803
v 0.005373308436981139 0.01227047024834338 0.0030740572482132467
v 0.005373704211841246 0.012303190815693421 0.004155725199675164
v 0.005373704211841246 0.012303190815693421 0.004155725199675164
v 0.005373308436981139 0.01227047024834338 0.0030740572482132467
v 0.005359293238561547 0.012282660114034671 0.0030736102133561982
v 0.005373704211841246 0.012303190815693421 0.004155725199675164
v 0.005359293238561547 0.012282660114034671 0.0030736102133561982
v 0.005359702364862717 0.01231539021812833 0.004155427176437132
v 0.005359702364862717 0.01231539021812833 0.004155427176437132
v 0.005359293238561547 0.012282660114034671 0.0030736102133561982
v 0.005344844118307379 0.012294300663293622 0.0030731781988703466
v 0.005359702364862717 0.01231539021812833 0.004155427176437132
v 0.005344844118307379 0.012294300663293622 0.0030731781988703466
v 0.005345266119212433 0.012327060331292494 0.004155144411988887
v 0.005345266119212433 0.012327060331292494 0.004155144411988887
v 0.005344844118307379 0.012294300663293622 0.0030731781988703466
v 0.005329984441240498 0.012305400479189488 0.003072768118894814
v 0.005345266119212433 0.012327060331292494 0.004155144411988887
v 0.005329984441240498 0.012305400479189488 0.003072768118894814
v 0.0053304183630750734 0.012338180174349955 0.004154876429493248
v 0.0053304183630750734 0.012338180174349955 0.004154876429493248
v 0.005329984441240498 0.012305400479189488 0.003072768118894814
v 0.0053147332808481385 0.012315930951491416 0.003072381165522553
v 0.0053304183630750734 0.012338180174349955 0.004154876429493248
v 0.0053147332808481385 0.012315930951491416 0.003072381165522553
v 0.005315178169937873 0.01234873067381348 0.004154615122718142
v 0.005315178169937873 0.01234873067381348 0.004154615122718142
v 0.0053147332808481385 0.012315930951491416 0.003072381165522553
v 0.005299112094803438 0.012325890172850684 0.0030720080404285366
v 0.005315178169937873 0.01234873067381348 0.004154615122718142
v 0.005299112094803438 0.012325890172850684 0.0030720080404285366
v 0.005299568427985513 0.012358700385590726 0.004154369074732822
v 0.005299568427985513 0.012358700385590726 0.004154369074732822
v 0.005299112094803438 0.012325890172850684 0.0030720080404285366
v 0.005283145201802619 0.012335250486710803 0.003071666148169866
v 0.005299568427985513 0.012358700385590726 0.004154369074732822
v 0.005283145201802619 0.012335250486710803 0.003071666148169866
v 0.00528361011805395 0.012368090263356057 0.00415413828553729
v 0.00528361011805395 0.012368090263356057 0.00415413828553729
v 0.005283145201802619 0.012335250486710803 0.003071666148169866
v 0.005266854059518822 0.01234401093939741 0.0030713452367471528
v 0.00528361011805395 0.012368090263356057 0.00415413828553729
v 0.005266854059518822 0.01234401093939741 0.0030713452367471528
v 0.005267329466188131 0.012376860252786281 0.004153930384526439
v 0.005267329466188131 0.012376860252786281 0.004153930384526439
v 0.005266854059518822 0.01234401093939741 0.0030713452367471528
v 0.005250261079299545 0.012352150550074548 0.0030710400609514077
v 0.005267329466188131 0.012376860252786281 0.004153930384526439
v 0.005250261079299545 0.012352150550074548 0.0030710400609514077
v 0.00525074506903811 0.012385030381042994 0.0041537282055617575
v 0.00525074506903811 0.012385030381042994 0.0041537282055617575
v 0.005250261079299545 0.012352150550074548 0.0030710400609514077
v 0.005233391056678194 0.012359670272416579 0.003070764210642285
v 0.00525074506903811 0.012385030381042994 0.0041537282055617575
v 0.005233391056678194 0.012359670272416579 0.003070764210642285
v 0.005233882198974471 0.01239257013054662 0.004153542239061225
v 0.005233882198974471 0.01239257013054662 0.004153542239061225
v 0.005233391056678194 0.012359670272416579 0.003070764210642285
v 0.005216267356676629 0.012366560569679885 0.003070511248517843
v 0.005233882198974471 0.01239257013054662 0.004153542239061225
v 0.005216267356676629 0.012366560569679885 0.003070511248517843
v 0.0052167661283678 0.012399480454971523 0.0041533710545133
v 0.0052167661283678 0.012399480454971523 0.0041533710545133
v 0.005216267356676629 0.012366560569679885 0.003070511248517843
v 0.0051989133443167135 0.012372810951446489 0.0030702802209037205
v 0.0052167661283678 0.012399480454971523 0.0041533710545133
v 0.0051989133443167135 0.012372810951446489 0.0030702802209037205
v 0.005199418314891235 0.012405750863899723 0.004153222281312874
v 0.005199418314891235 0.012405750863899723 0.004153222281312874
v 0.0051989133443167135 0.012372810951446489 0.0030702802209037205
v 0.0051808073597225945 0.012405940645097702 0.003929667182651364
v 0.005199418314891235 0.012405750863899723 0.004153222281312874
v 0.0051808073597225945 0.012405940645097702 0.003929667182651364
v 0.005180850275068871 0.012411670320662815 0.004153073031275267
v 0.005197709330435063 0.01232755051991441 0.0020184291367790486
v 0.00517911935610238 0.012333400358449098 0.0020181311135410163
v 0.005180007226933125 0.012364890685872543 0.0027139631606751258
v 0.005538161063982361 0.011865460959392116 0.0022707811480479623
v 0.005538103366683478 0.011861880865838281 0.002041727163016871
v 0.00553812148649635 0.01190601023957738 0.0030875131166197
v 0.00553812148649635 0.01190601023957738 0.0030875131166197
v 0.005538103366683478 0.011861880865838281 0.002041727163016871
v 0.005537460113326509 0.011880720702853731 0.0020407889858635453
v 0.00553812148649635 0.01190601023957738 0.0030875131166197
v 0.005537460113326509 0.011880720702853731 0.0020407889858635453
v 0.005537526393694647 0.011924860567010809 0.003086820033777332
v 0.005537526393694647 0.011924860567010809 0.003086820033777332
v 0.005537460113326509 0.011880720702853731 0.0020407889858635453
v 0.005536106372570071 0.011899500458384393 0.0020398500934544483
v 0.005537526393694647 0.011924860567010809 0.003086820033777332
v 0.005536106372570071 0.011899500458384393 0.0020398500934544483
v 0.0055362203366562945 0.011943660349703067 0.0030861271893535547
v 0.0055362203366562945 0.011943660349703067 0.0030861271893535547
v 0.005536106372570071 0.011899500458384393 0.0020398500934544483
v 0.005534046435948792 0.011918210595686651 0.0020389112010453514
v 0.0055362203366562945 0.011943660349703067 0.0030861271893535547
v 0.005534046435948792 0.011918210595686651 0.0020389112010453514
v 0.005534207130078739 0.011962380977423304 0.0030854341065111868
v 0.005534207130078739 0.011962380977423304 0.0030854341065111868
v 0.005534046435948792 0.011918210595686651 0.0020389112010453514
v 0.005531284118160118 0.01193682059718093 0.0020379801764497385
v 0.005534207130078739 0.011962380977423304 0.0030854341065111868
v 0.005531284118160118 0.01193682059718093 0.0020379801764497385
v 0.005531493449682512 0.0119810005156612 0.0030847491299008933
v 0.005531493449682512 0.0119810005156612 0.0030847491299008933
v 0.005531284118160118 0.01193682059718093 0.0020379801764497385
v 0.005527826094924582 0.01195529040854404 0.002037056065993248
v 0.005531493449682512 0.0119810005156612 0.0030847491299008933
v 0.005527826094924582 0.01195529040854404 0.002037056065993248
v 0.005528081202816337 0.011999500844603883 0.0030840641532906
v 0.005528081202816337 0.011999500844603883 0.0030840641532906
v 0.005527826094924582 0.01195529040854404 0.002037056065993248
v 0.005523677134613991 0.01197361049303236 0.00203613910809447
v 0.005528081202816337 0.011999500844603883 0.0030840641532906
v 0.005523677134613991 0.01197361049303236 0.00203613910809447
v 0.005523979449386651 0.012017830465835821 0.003083386090819429
v 0.005523979449386651 0.012017830465835821 0.003083386090819429
v 0.005523677134613991 0.01197361049303236 0.00203613910809447
v 0.005518846297134783 0.011991740796322703 0.0020352300180091765
v 0.005523979449386651 0.012017830465835821 0.003083386090819429
v 0.005518846297134783 0.011991740796322703 0.0020352300180091765
v 0.005519194388276805 0.012035990333031377 0.0030827151809059705
v 0.005519194388276805 0.012035990333031377 0.0030827151809059705
v 0.005518846297134783 0.011991740796322703 0.0020352300180091765
v 0.005513340258207489 0.012009670827997088 0.00203433618671367
v 0.005519194388276805 0.012035990333031377 0.0030827151809059705
v 0.005513340258207489 0.012009670827997088 0.00203433618671367
v 0.005513734125718872 0.012053940391867357 0.0030820521388059963
v 0.005513734125718872 0.012053940391867357 0.0030820521388059963
v 0.005513340258207489 0.012009670827997088 0.00203433618671367
v 0.005507169031412906 0.012027360533732323 0.002033449984813057
v 0.005513734125718872 0.012053940391867357 0.0030820521388059963
v 0.005507169031412906 0.012027360533732323 0.002033449984813057
v 0.005507607244782109 0.012071660615182167 0.003081396249263735
v 0.005507607244782109 0.012071660615182167 0.003081396249263735
v 0.005507169031412906 0.012027360533732323 0.002033449984813057
v 0.0055003431071690145 0.012044800376784792 0.00203257808802787
v 0.005507607244782109 0.012071660615182167 0.003081396249263735
v 0.0055003431071690145 0.012044800376784792 0.00203257808802787
v 0.005500826143233217 0.01208913097581421 0.0030807551416740797
v 0.005500826143233217 0.01208913097581421 0.0030807551416740797
v 0.0055003431071690145 0.012044800376784792 0.00203257808802787
v 0.005492872499056611 0.012061960793249282 0.0020317212116138794
v 0.005500826143233217 0.01208913097581421 0.0030807551416740797
v 0.005492872499056611 0.012061960793249282 0.0020317212116138794
v 0.0054933994041414524 0.012106310465765935 0.003080122140316499
v 0.0054933994041414524 0.012106310465765935 0.003080122140316499
v 0.005492872499056611 0.012061960793249282 0.0020317212116138794
v 0.00548477008167958 0.012078810311871857 0.002030872203013373
v 0.0054933994041414524 0.012106310465765935 0.003080122140316499
v 0.00548477008167958 0.012078810311871857 0.002030872203013373
v 0.005485339425273517 0.012123200992386063 0.003079496053098041
v 0.005485339425273517 0.012123200992386063 0.003079496053098041
v 0.00548477008167958 0.012078810311871857 0.002030872203013373
v 0.00547604729913026 0.012095340349583261 0.0020300451289231858
v 0.005485339425273517 0.012123200992386063 0.003079496053098041
v 0.00547604729913026 0.012095340349583261 0.0020300451289231858
v 0.005476659081233293 0.01213976059400268 0.00307888522466937
v 0.005476659081233293 0.01213976059400268 0.00307888522466937
v 0.00547604729913026 0.012095340349583261 0.0020300451289231858
v 0.0054667194101984395 0.01211152038880392 0.0020292399893433177
v 0.005476659081233293 0.01213976059400268 0.00307888522466937
v 0.0054667194101984395 0.01211152038880392 0.0020292399893433177
v 0.0054673722002990255 0.012155970197128552 0.003078282264054183
v 0.0054673722002990255 0.012155970197128552 0.003078282264054183
v 0.0054667194101984395 0.01211152038880392 0.0020292399893433177
v 0.00545679833581364 0.012127330402372238 0.0020284431944141146
v 0.0054673722002990255 0.012155970197128552 0.003078282264054183
v 0.00545679833581364 0.012127330402372238 0.0020284431944141146
v 0.005457492133911779 0.012171820265020061 0.003077701237949315
v 0.005457492133911779 0.012171820265020061 0.003077701237949315
v 0.00545679833581364 0.012127330402372238 0.0020284431944141146
v 0.005446301242114371 0.01214275036312662 0.0020276762018087147
v 0.005457492133911779 0.012171820265020061 0.003077701237949315
v 0.005446301242114371 0.01214275036312662 0.0020276762018087147
v 0.005447033187186978 0.012187270743354017 0.0030771271259835697
v 0.005447033187186978 0.012187270743354017 0.0030771271259835697
v 0.005446301242114371 0.01214275036312662 0.0020276762018087147
v 0.005435427447042229 0.012157510381222703 0.0020269380578527563
v 0.005447033187186978 0.012187270743354017 0.0030771271259835697
v 0.005435427447042229 0.012157510381222703 0.0020269380578527563
v 0.005436197062252124 0.012202070815773292 0.003076583054760218
v 0.005436197062252124 0.012202070815773292 0.003076583054760218
v 0.005435427447042229 0.012157510381222703 0.0020269380578527563
v 0.005423833150989821 0.012172090154864423 0.0020262080201288724
v 0.005436197062252124 0.012202070815773292 0.003076583054760218
v 0.005423833150989821 0.012172090154864423 0.0020262080201288724
v 0.005424641390011364 0.012216690643738204 0.0030760470897689407
v 0.005424641390011364 0.012216690643738204 0.0030760470897689407
v 0.005423833150989821 0.012172090154864423 0.0020262080201288724
v 0.005411712426689752 0.012186220747881782 0.002025500155333898
v 0.005424641390011364 0.012216690643738204 0.0030760470897689407
v 0.005411712426689752 0.012186220747881782 0.002025500155333898
v 0.005412555474825498 0.012230850800660775 0.0030755180389167858
v 0.005412555474825498 0.012230850800660775 0.0030755180389167858
v 0.005411712426689752 0.012186220747881782 0.002025500155333898
v 0.0053990800560946295 0.012199880225764459 0.0020248139866306525
v 0.005412555474825498 0.012230850800660775 0.0030755180389167858
v 0.0053990800560946295 0.012199880225764459 0.0020248139866306525
v 0.005399958390181758 0.012244550332866644 0.0030750111609935404
v 0.005399958390181758 0.012244550332866644 0.0030750111609935404
v 0.0053990800560946295 0.012199880225764459 0.0020248139866306525
v 0.005385958450551953 0.012213050468699582 0.0020241590507627527
v 0.005399958390181758 0.012244550332866644 0.0030750111609935404
v 0.005385958450551953 0.012213050468699582 0.0020241590507627527
v 0.0053868701632417415 0.012257760630124959 0.003074527171254976
v 0.0053868701632417415 0.012257760630124959 0.003074527171254976
v 0.005385958450551953 0.012213050468699582 0.0020241590507627527
v 0.005372364299363053 0.012225710495851194 0.002023526049405172
v 0.0053868701632417415 0.012257760630124959 0.003074527171254976
v 0.005372364299363053 0.012225710495851194 0.002023526049405172
v 0.005373308436981139 0.01227047024834338 0.0030740572482132467
v 0.005373308436981139 0.01227047024834338 0.0030740572482132467
v 0.005372364299363053 0.012225710495851194 0.002023526049405172
v 0.005358318106526705 0.012237860307219295 0.0020229149825579107
v 0.005373308436981139 0.01227047024834338 0.0030740572482132467
v 0.005358318106526705 0.012237860307219295 0.0020229149825579107
v 0.005359293238561547 0.012282660114034671 0.0030736102133561982
v 0.005359293238561547 0.012282660114034671 0.0030736102133561982
v 0.005358318106526705 0.012237860307219295 0.0020229149825579107
v 0.005343840376041686 0.012249460802155054 0.0020223330027786812
v 0.005359293238561547 0.012282660114034671 0.0030736102133561982
v 0.005343840376041686 0.012249460802155054 0.0020223330027786812
v 0.005344844118307379 0.012294300663293622 0.0030731781988703466
v 0.005344844118307379 0.012294300663293622 0.0030731781988703466
v 0.005343840376041686 0.012249460802155054 0.0020223330027786812
v 0.0053289520887439545 0.012260520563727728 0.002021782017416207
v 0.005344844118307379 0.012294300663293622 0.0030731781988703466
v 0.0053289520887439545 0.012260520563727728 0.002021782017416207
v 0.005329984441240498 0.012305400479189488 0.003072768118894814
v 0.005329984441240498 0.012305400479189488 0.003072768118894814
v 0.0053289520887439545 0.012260520563727728 0.002021782017416207
v 0.005313674225469467 0.012271000491288486 0.0020212532049826426
v 0.005329984441240498 0.012305400479189488 0.003072768118894814
v 0.005313674225469467 0.012271000491288486 0.0020212532049826426
v 0.0053147332808481385 0.012315930951491416 0.003072381165522553
v 0.0053147332808481385 0.012315930951491416 0.003072381165522553
v 0.005313674225469467 0.012271000491288486 0.0020212532049826426
v 0.005298028243891362 0.012280910121580946 0.0020207611090120037
v 0.0053147332808481385 0.012315930951491416 0.003072381165522553
v 0.005298028243891362 0.012280910121580946 0.0020207611090120037
v 0.005299112094803438 0.012325890172850684 0.0030720080404285366
v 0.005299112094803438 0.012325890172850684 0.0030720080404285366
v 0.005298028243891362 0.012280910121580946 0.0020207611090120037
v 0.00528203703219432 0.012290230381117873 0.002020292139644636
v 0.005299112094803438 0.012325890172850684 0.0030720080404285366
v 0.00528203703219432 0.012290230381117873 0.002020292139644636
v 0.005283145201802619 0.012335250486710803 0.003071666148169866
v 0.005283145201802619 0.012335250486710803 0.003071666148169866
v 0.00528203703219432 0.012290230381117873 0.002020292139644636
v 0.0052657234785630225 0.01229894028906331 0.0020198601251587844
v 0.005283145201802619 0.012335250486710803 0.003071666148169866
v 0.0052657234785630225 0.01229894028906331 0.0020198601251587844
v 0.005266854059518822 0.01234401093939741 0.0030713452367471528
v 0.005266854059518822 0.01234401093939741 0.0030713452367471528
v 0.0052657234785630225 0.01229894028906331 0.0020198601251587844
v 0.00524911047118215 0.012307040799091618 0.002019450045183252
v 0.005266854059518822 0.01234401093939741 0.0030713452367471528
v 0.00524911047118215 0.012307040799091618 0.002019450045183252
v 0.005250261079299545 0.012352150550074548 0.0030710400609514077
v 0.005250261079299545 0.012352150550074548 0.0030710400609514077
v 0.00524911047118215 0.012307040799091618 0.002019450045183252
v 0.005232221375073565 0.01231451093036684 0.0020190781121821877
v 0.005250261079299545 0.012352150550074548 0.0030710400609514077
v 0.005232221375073565 0.01231451093036684 0.0020190781121821877
v 0.005233391056678194 0.012359670272416579 0.003070764210642285
v 0.005233391056678194 0.012359670272416579 0.003070764210642285
v 0.005232221375073565 0.01231451093036684 0.0020190781121821877
v 0.005215079078421947 0.012321350682888976 0.002018735027830565
v 0.005233391056678194 0.012359670272416579 0.003070764210642285
v 0.005215079078421947 0.012321350682888976 0.002018735027830565
v 0.005216267356676629 0.012366560569679885 0.003070511248517843
v 0.005216267356676629 0.012366560569679885 0.003070511248517843
v 0.005215079078421947 0.012321350682888976 0.002018735027830565
v 0.005197709330435063 0.01232755051991441 0.0020184291367790486
v 0.005216267356676629 0.012366560569679885 0.003070511248517843
v 0.005197709330435063 0.01232755051991441 0.0020184291367790486
v 0.0051989133443167135 0.012372810951446489 0.0030702802209037205
v 0.0051989133443167135 0.012372810951446489 0.0030702802209037205
v 0.005197709330435063 0.01232755051991441 0.0020184291367790486
v 0.005180007226933125 0.012364890685872543 0.0027139631606751258
v 0.0051989133443167135 0.012372810951446489 0.0030702802209037205
v 0.005180007226933125 0.012364890685872543 0.0027139631606751258
v 0.005180337198262275 0.012378710381047986 0.0030700642136607947
v 0.005195790060782135 0.012270860301157316 0.001007743048849416
v 0.005177176244590409 0.012276630984719983 0.001007378029987474
v 0.005178339250474506 0.012309170353941301 0.0015571120524897342
v 0.005538161063982361 0.0118070903664097 0.0011946110100719692
v 0.005538068080732095 0.011806930149116934 0.0010372469917867277
v 0.005538103366683478 0.011861880865838281 0.002041727163016871
v 0.005538103366683478 0.011861880865838281 0.002041727163016871
v 0.005538068080732095 0.011806930149116934 0.0010372469917867277
v 0.005537349487100551 0.01182575091264515 0.0010360481039047714
v 0.005538103366683478 0.011861880865838281 0.002041727163016871
v 0.005537349487100551 0.01182575091264515 0.0010360481039047714
v 0.005537460113326509 0.011880720702853731 0.0020407889858635453
v 0.005537460113326509 0.011880720702853731 0.0020407889858635453
v 0.005537349487100551 0.01182575091264515 0.0010360481039047714
v 0.005535920406069539 0.011844510641014216 0.0010348560109526422
v 0.005537460113326509 0.011880720702853731 0.0020407889858635453
v 0.005535920406069539 0.011844510641014216 0.0010348560109526422
v 0.005536106372570071 0.011899500458384393 0.0020398500934544483
v 0.005536106372570071 0.011899500458384393 0.0020398500934544483
v 0.005535920406069539 0.011844510641014216 0.0010348560109526422
v 0.005533784175499323 0.011863200751154879 0.0010336710705582258
v 0.005536106372570071 0.011899500458384393 0.0020398500934544483
v 0.005533784175499323 0.011863200751154879 0.0010336710705582258
v 0.005534046435948792 0.011918210595686651 0.0020389112010453514
v 0.005534046435948792 0.011918210595686651 0.0020389112010453514
v 0.005533784175499323 0.011863200751154879 0.0010336710705582258
v 0.005530946040598894 0.011881780235069583 0.0010324870838381711
v 0.005534046435948792 0.011918210595686651 0.0020389112010453514
v 0.005530946040598894 0.011881780235069583 0.0010324870838381711
v 0.005531284118160118 0.01193682059718093 0.0020379801764497385
v 0.005531284118160118 0.01193682059718093 0.0020379801764497385
v 0.005530946040598894 0.011881780235069583 0.0010324870838381711
v 0.005527413153925964 0.01190022048252748 0.0010313170446056563
v 0.005531284118160118 0.01193682059718093 0.0020379801764497385
v 0.005527413153925964 0.01190022048252748 0.0010313170446056563
v 0.005527826094924582 0.01195529040854404 0.002037056065993248
v 0.005527826094924582 0.01195529040854404 0.002037056065993248
v 0.005527413153925964 0.01190022048252748 0.0010313170446056563
v 0.005523190283852342 0.011918511003110588 0.0010301549923959208
v 0.005527826094924582 0.01195529040854404 0.002037056065993248
v 0.005523190283852342 0.011918511003110588 0.0010301549923959208
v 0.005523677134613991 0.01197361049303236 0.00203613910809447
v 0.005523677134613991 0.01197361049303236 0.00203613910809447
v 0.005523190283852342 0.011918511003110588 0.0010301549923959208
v 0.0055182850597729205 0.011936610788821356 0.001029000092743898
v 0.005523677134613991 0.01197361049303236 0.00203613910809447
v 0.0055182850597729205 0.011936610788821356 0.001029000092743898
v 0.005518846297134783 0.011991740796322703 0.0020352300180091765
v 0.005518846297134783 0.011991740796322703 0.0020352300180091765
v 0.0055182850597729205 0.011936610788821356 0.001029000092743898
v 0.005512706064756956 0.011954500766172549 0.0010278600942537769
v 0.005518846297134783 0.011991740796322703 0.0020352300180091765
v 0.005512706064756956 0.011954500766172549 0.0010278600942537769
v 0.005513340258207489 0.012009670827997088 0.00203433618671367
v 0.005513340258207489 0.012009670827997088 0.00203433618671367
v 0.005512706064756956 0.011954500766172549 0.0010278600942537769
v 0.0055064642660596075 0.011972160908002571 0.001026742030273975
v 0.005513340258207489 0.012009670827997088 0.00203433618671367
v 0.0055064642660596075 0.011972160908002571 0.001026742030273975
v 0.005507169031412906 0.012027360533732323 0.002033449984813057
v 0.005507169031412906 0.012027360533732323 0.002033449984813057
v 0.0055064642660596075 0.011972160908002571 0.001026742030273975
v 0.005499567293075769 0.01198955020631387 0.0010256320725262474
v 0.005507169031412906 0.012027360533732323 0.002033449984813057
v 0.005499567293075769 0.01198955020631387 0.0010256320725262474
v 0.0055003431071690145 0.012044800376784792 0.00203257808802787
v 0.0055003431071690145 0.012044800376784792 0.00203257808802787
v 0.005499567293075769 0.01198955020631387 0.0010256320725262474
v 0.005492027066734961 0.012006670568455169 0.0010245440492888391
v 0.0055003431071690145 0.012044800376784792 0.00203257808802787
v 0.005492027066734961 0.012006670568455169 0.0010245440492888391
v 0.005492872499056611 0.012061960793249282 0.0020317212116138794
v 0.005492872499056611 0.012061960793249282 0.0020317212116138794
v 0.005492027066734961 0.012006670568455169 0.0010245440492888391
v 0.005483856461641068 0.012023480986428914 0.001023479033445407
v 0.005492872499056611 0.012061960793249282 0.0020317212116138794
v 0.005483856461641068 0.012023480986428914 0.001023479033445407
v 0.00548477008167958 0.012078810311871857 0.002030872203013373
v 0.00548477008167958 0.012078810311871857 0.002030872203013373
v 0.005483856461641068 0.012023480986428914 0.001023479033445407
v 0.00547506739872361 0.012039960479399148 0.0010224280842988098
v 0.00548477008167958 0.012078810311871857 0.002030872203013373
v 0.00547506739872361 0.012039960479399148 0.0010224280842988098
v 0.00547604729913026 0.012095340349583261 0.0020300451289231858
v 0.00547604729913026 0.012095340349583261 0.0020300451289231858
v 0.00547506739872361 0.012039960479399148 0.0010224280842988098
v 0.005465673229423651 0.012056090927552998 0.0010214000233368936
v 0.00547604729913026 0.012095340349583261 0.0020300451289231858
v 0.005465673229423651 0.012056090927552998 0.0010214000233368936
v 0.0054667194101984395 0.01211152038880392 0.0020292399893433177
v 0.0054667194101984395 0.01211152038880392 0.0020292399893433177
v 0.005465673229423651 0.012056090927552998 0.0010214000233368936
v 0.005455688258856617 0.012071850396380146 0.001020402003117371
v 0.0054667194101984395 0.01211152038880392 0.0020292399893433177
v 0.005455688258856617 0.012071850396380146 0.001020402003117371
v 0.00545679833581364 0.012127330402372238 0.0020284431944141146
v 0.00545679833581364 0.012127330402372238 0.0020284431944141146
v 0.005455688258856617 0.012071850396380146 0.001020402003117371
v 0.005445129176323837 0.01208721027564974 0.001019426036617463
v 0.00545679833581364 0.012127330402372238 0.0020284431944141146
v 0.005445129176323837 0.01208721027564974 0.001019426036617463
v 0.005446301242114371 0.01214275036312662 0.0020276762018087147
v 0.005446301242114371 0.01214275036312662 0.0020276762018087147
v 0.005445129176323837 0.01208721027564974 0.001019426036617463
v 0.0054341952997669085 0.012101920702679014 0.0010184870249990707
v 0.005446301242114371 0.01214275036312662 0.0020276762018087147
v 0.0054341952997669085 0.012101920702679014 0.0010184870249990707
v 0.005435427447042229 0.012157510381222703 0.0020269380578527563
v 0.005435427447042229 0.012157510381222703 0.0020269380578527563
v 0.0054341952997669085 0.012101920702679014 0.0010184870249990707
v 0.005422542352741255 0.012116440394835948 0.0010175630337518754
v 0.005435427447042229 0.012157510381222703 0.0020269380578527563
v 0.005422542352741255 0.012116440394835948 0.0010175630337518754
v 0.005423833150989821 0.012172090154864423 0.0020262080201288724
v 0.005423833150989821 0.012172090154864423 0.0020262080201288724
v 0.005422542352741255 0.012116440394835948 0.0010175630337518754
v 0.005410363454305123 0.012130510906368519 0.0010166690832470737
v 0.005423833150989821 0.012172090154864423 0.0020262080201288724
v 0.005410363454305123 0.012130510906368519 0.0010166690832470737
v 0.005411712426689752 0.012186220747881782 0.002025500155333898
v 0.005411712426689752 0.012186220747881782 0.002025500155333898
v 0.005410363454305123 0.012130510906368519 0.0010166690832470737
v 0.005397677201108564 0.012144100766022792 0.0010158050542753705
v 0.005411712426689752 0.012186220747881782 0.002025500155333898
v 0.005397677201108564 0.012144100766022792 0.0010158050542753705
v 0.0053990800560946295 0.012199880225764459 0.0020248139866306525
v 0.0053990800560946295 0.012199880225764459 0.0020248139866306525
v 0.005397677201108564 0.012144100766022792 0.0010158050542753705
v 0.005384502189801632 0.012157210927473128 0.001014969993162404
v 0.0053990800560946295 0.012199880225764459 0.0020248139866306525
v 0.005384502189801632 0.012157210927473128 0.001014969993162404
v 0.005385958450551953 0.012213050468699582 0.0020241590507627527
v 0.005385958450551953 0.012213050468699582 0.0020241590507627527
v 0.005384502189801632 0.012157210927473128 0.001014969993162404
v 0.005370856063360019 0.012169810873139952 0.0010141730790239056
v 0.005385958450551953 0.012213050468699582 0.0020241590507627527
v 0.005370856063360019 0.012169810873139952 0.0010141730790239056
v 0.005372364299363053 0.012225710495851194 0.002023526049405172
v 0.005372364299363053 0.012225710495851194 0.002023526049405172
v 0.005370856063360019 0.012169810873139952 0.0010141730790239056
v 0.005356761233131224 0.012181890112605287 0.0010133980993957264
v 0.005372364299363053 0.012225710495851194 0.002023526049405172
v 0.005356761233131224 0.012181890112605287 0.0010133980993957264
v 0.005358318106526705 0.012237860307219295 0.0020229149825579107
v 0.005358318106526705 0.012237860307219295 0.0020229149825579107
v 0.005356761233131224 0.012181890112605287 0.0010133980993957264
v 0.005342236295765301 0.01219343052605626 0.0010126680616718425
v 0.005358318106526705 0.012237860307219295 0.0020229149825579107
v 0.005342236295765301 0.01219343052605626 0.0010126680616718425
v 0.005343840376041686 0.012249460802155054 0.0020223330027786812
v 0.005343840376041686 0.012249460802155054 0.0020223330027786812
v 0.005342236295765301 0.01219343052605626 0.0010126680616718425
v 0.0053273031857725694 0.01220441017898255 0.0010119680646903523
v 0.005343840376041686 0.012249460802155054 0.0020223330027786812
v 0.0053273031857725694 0.01220441017898255 0.0010119680646903523
v 0.0053289520887439545 0.012260520563727728 0.002021782017416207
v 0.0053289520887439545 0.012260520563727728 0.002021782017416207
v 0.0053273031857725694 0.01220441017898255 0.0010119680646903523
v 0.005311982407151805 0.012214830978732882 0.001011305022590378
v 0.0053289520887439545 0.012260520563727728 0.002021782017416207
v 0.005311982407151805 0.012214830978732882 0.001011305022590378
v 0.005313674225469467 0.012271000491288486 0.0020212532049826426
v 0.005313674225469467 0.012271000491288486 0.0020212532049826426
v 0.005311982407151805 0.012214830978732882 0.001011305022590378
v 0.0052962963712505085 0.012224670990796938 0.001010679054581215
v 0.005313674225469467 0.012271000491288486 0.0020212532049826426
v 0.0052962963712505085 0.012224670990796938 0.001010679054581215
v 0.005298028243891362 0.012280910121580946 0.0020207611090120037
v 0.005298028243891362 0.012280910121580946 0.0020207611090120037
v 0.0052962963712505085 0.012224670990796938 0.001010679054581215
v 0.005280268443090541 0.01223391018801312 0.001010090041453568
v 0.005298028243891362 0.012280910121580946 0.0020207611090120037
v 0.005280268443090541 0.01223391018801312 0.001010090041453568
v 0.00528203703219432 0.012290230381117873 0.002020292139644636
v 0.00528203703219432 0.012290230381117873 0.002020292139644636
v 0.005280268443090541 0.01223391018801312 0.001010090041453568
v 0.00526391912667068 0.012242550477730152 0.0010095460894395114
v 0.00528203703219432 0.012290230381117873 0.002020292139644636
v 0.00526391912667068 0.012242550477730152 0.0010095460894395114
v 0.0052657234785630225 0.01229894028906331 0.0020198601251587844
v 0.0052657234785630225 0.01229894028906331 0.0020198601251587844
v 0.00526391912667068 0.012242550477730152 0.0010095460894395114
v 0.005247273217524329 0.012250570879112077 0.0010090320589585533
v 0.0052657234785630225 0.01229894028906331 0.0020198601251587844
v 0.005247273217524329 0.012250570879112077 0.0010090320589585533
v 0.00524911047118215 0.012307040799091618 0.002019450045183252
v 0.00524911047118215 0.012307040799091618 0.002019450045183252
v 0.005247273217524329 0.012250570879112077 0.0010090320589585533
v 0.0052303540806733495 0.012257970438484533 0.0010085630895911857
v 0.00524911047118215 0.012307040799091618 0.002019450045183252
v 0.0052303540806733495 0.012257970438484533 0.0010085630895911857
v 0.005232221375073565 0.01231451093036684 0.0020190781121821877
v 0.005232221375073565 0.01231451093036684 0.0020190781121821877
v 0.0052303540806733495 0.012257970438484533 0.0010085630895911857
v 0.005213185081139604 0.012264740572778265 0.001008131075105334
v 0.005232221375073565 0.01231451093036684 0.0020190781121821877
v 0.005213185081139604 0.012264740572778265 0.001008131075105334
v 0.005215079078421947 0.012321350682888976 0.002018735027830565
v 0.005215079078421947 0.012321350682888976 0.002018735027830565
v 0.005213185081139604 0.012264740572778265 0.001008131075105334
v 0.005195790060782135 0.012270860301157316 0.001007743048849416
v 0.005215079078421947 0.012321350682888976 0.002018735027830565
v 0.005195790060782135 0.012270860301157316 0.001007743048849416
v 0.005197709330435063 0.01232755051991441 0.0020184291367790486
v 0.005197709330435063 0.01232755051991441 0.0020184291367790486
v 0.005195790060782135 0.012270860301157316 0.001007743048849416
v 0.005178339250474506 0.012309170353941301 0.0015571120524897342
v 0.005197709330435063 0.01232755051991441 0.0020184291367790486
v 0.005178339250474506 0.012309170353941301 0.0015571120524897342
v 0.00517911935610238 0.012333400358449098 0.0020181311135410163
v 0.0052030732718824635 0.012226040467180344 0.0003856495205947427
v 0.005194122084323516 0.012229640587895774 0.0003933683224597792
v 0.005194456347187293 0.012237540826308124 0.0005051196457455873
v 0.005194456347187293 0.012237540826308124 0.0005051196457455873
v 0.005194122084323516 0.012229640587895774 0.0003933683224597792
v 0.0051755254342703005 0.012236520394741102 0.0004094094232468676
v 0.005194456347187293 0.012237540826308124 0.0005051196457455873
v 0.0051755254342703005 0.012236520394741102 0.0004094094232468676
v 0.005176965482556473 0.01227112065425806 0.0009205937226771169
v 0.005518935465687602 0.011870000449353824 0.00011321160734984251
v 0.005517480158611643 0.011875100699840213 0.00011446330494957815
v 0.0055182850597729205 0.011936610788821356 0.001029000092743898
v 0.0055182850597729205 0.011936610788821356 0.001029000092743898
v 0.005517480158611643 0.011875100699840213 0.00011446330494957815
v 0.005513179087240361 0.011889180748116401 0.00011817370916424215
v 0.0055182850597729205 0.011936610788821356 0.001029000092743898
v 0.005513179087240361 0.011889180748116401 0.00011817370916424215
v 0.005512706064756956 0.011954500766172549 0.0010278600942537769
v 0.005512706064756956 0.011954500766172549 0.0010278600942537769
v 0.005513179087240361 0.011889180748116401 0.00011817370916424215
v 0.005506669306047374 0.011908250420653022 0.00012379140249766524
v 0.005512706064756956 0.011954500766172549 0.0010278600942537769
v 0.005506669306047374 0.011908250420653022 0.00012379140249766524
v 0.0055064642660596075 0.011972160908002571 0.001026742030273975
v 0.0055064642660596075 0.011972160908002571 0.001026742030273975
v 0.005506669306047374 0.011908250420653022 0.00012379140249766524
v 0.005499390386481673 0.01192719039347645 0.0001300722124368721
v 0.0055064642660596075 0.011972160908002571 0.001026742030273975
v 0.005499390386481673 0.01192719039347645 0.0001300722124368721
v 0.005499567293075769 0.01198955020631387 0.0010256320725262474
v 0.005499567293075769 0.01198955020631387 0.0010256320725262474
v 0.005499390386481673 0.01192719039347645 0.0001300722124368721
v 0.005491324208730386 0.011946020693748283 0.0001370236044639754
v 0.005499567293075769 0.01198955020631387 0.0010256320725262474
v 0.005491324208730386 0.011946020693748283 0.0001370236044639754
v 0.005492027066734961 0.012006670568455169 0.0010245440492888391
v 0.005492027066734961 0.012006670568455169 0.0010245440492888391
v 0.005491324208730386 0.011946020693748283 0.0001370236044639754
v 0.005482447407771651 0.011964740367794158 0.00014468280168140543
v 0.005492027066734961 0.012006670568455169 0.0010245440492888391
v 0.005482447407771651 0.011964740367794158 0.00014468280168140543
v 0.005483856461641068 0.012023480986428914 0.001023479033445407
v 0.005483856461641068 0.012023480986428914 0.001023479033445407
v 0.005482447407771651 0.011964740367794158 0.00014468280168140543
v 0.005472733280723341 0.01198334083254482 0.00015306470525106378
v 0.005483856461641068 0.012023480986428914 0.001023479033445407
v 0.005472733280723341 0.01198334083254482 0.00015306470525106378
v 0.00547506739872361 0.012039960479399148 0.0010224280842988098
v 0.00547506739872361 0.012039960479399148 0.0010224280842988098
v 0.005472733280723341 0.01198334083254482 0.00015306470525106378
v 0.005464943191699767 0.012023620222885723 0.0005202740081902343
v 0.00547506739872361 0.012039960479399148 0.0010224280842988098
v 0.005464943191699767 0.012023620222885723 0.0005202740081902343
v 0.005465673229423651 0.012056090927552998 0.0010214000233368936
v 0.005465673229423651 0.012056090927552998 0.0010214000233368936
v 0.005464943191699767 0.012023620222885723 0.0005202740081902343
v 0.005454914352112095 0.012039350127807658 0.0005191565402569084
v 0.005465673229423651 0.012056090927552998 0.0010214000233368936
v 0.005454914352112095 0.012039350127807658 0.0005191565402569084
v 0.005455688258856617 0.012071850396380146 0.001020402003117371
v 0.005455688258856617 0.012071850396380146 0.001020402003117371
v 0.005454914352112095 0.012039350127807658 0.0005191565402569084
v 0.005444311400558677 0.012054670906428422 0.000518068695833443
v 0.005455688258856617 0.012071850396380146 0.001020402003117371
v 0.005444311400558677 0.012054670906428422 0.000518068695833443
v 0.005445129176323837 0.01208721027564974 0.001019426036617463
v 0.005445129176323837 0.01208721027564974 0.001019426036617463
v 0.005444311400558677 0.012054670906428422 0.000518068695833443
v 0.005433336039167014 0.012069340325460143 0.0005170330054766331
v 0.005445129176323837 0.01208721027564974 0.001019426036617463
v 0.005433336039167014 0.012069340325460143 0.0005170330054766331
v 0.0054341952997669085 0.012101920702679014 0.0010184870249990707
v 0.0054341952997669085 0.012101920702679014 0.0010184870249990707
v 0.005433336039167014 0.012069340325460143 0.0005170330054766331
v 0.005421642084143807 0.012083820916968246 0.0005160049445147169
v 0.0054341952997669085 0.012101920702679014 0.0010184870249990707
v 0.005421642084143807 0.012083820916968246 0.0005160049445147169
v 0.005422542352741255 0.012116440394835948 0.0010175630337518754
v 0.005422542352741255 0.012116440394835948 0.0010175630337518754
v 0.005421642084143807 0.012083820916968246 0.0005160049445147169
v 0.005409424085058845 0.012097850420503264 0.0005150138980389643
v 0.005422542352741255 0.012116440394835948 0.0010175630337518754
v 0.005409424085058845 0.012097850420503264 0.0005150138980389643
v 0.005410363454305123 0.012130510906368519 0.0010166690832470737
v 0.005410363454305123 0.012130510906368519 0.0010166690832470737
v 0.005409424085058845 0.012097850420503264 0.0005150138980389643
v 0.005396699208050637 0.012111410716252324 0.0005140528327009578
v 0.005410363454305123 0.012130510906368519 0.0010166690832470737
v 0.005396699208050637 0.012111410716252324 0.0005140528327009578
v 0.005397677201108564 0.012144100766022792 0.0010158050542753705
v 0.005397677201108564 0.012144100766022792 0.0010158050542753705
v 0.005396699208050637 0.012111410716252324 0.0005140528327009578
v 0.00538348748028078 0.01212447033296149 0.00051312890105841
v 0.005397677201108564 0.012144100766022792 0.0010158050542753705
v 0.00538348748028078 0.01212447033296149 0.00051312890105841
v 0.005384502189801632 0.012157210927473128 0.001014969993162404
v 0.005384502189801632 0.012157210927473128 0.001014969993162404
v 0.00538348748028078 0.01212447033296149 0.00051312890105841
v 0.0053698060678877835 0.012137030224305123 0.0005122423415299115
v 0.005384502189801632 0.012157210927473128 0.001014969993162404
v 0.0053698060678877835 0.012137030224305123 0.0005122423415299115
v 0.005370856063360019 0.012169810873139952 0.0010141730790239056
v 0.005370856063360019 0.012169810873139952 0.0010141730790239056
v 0.0053698060678877835 0.012137030224305123 0.0005122423415299115
v 0.005355677382219148 0.012149060826378011 0.0005113855247205687
v 0.005370856063360019 0.012169810873139952 0.0010141730790239056
v 0.005355677382219148 0.012149060826378011 0.0005113855247205687
v 0.005356761233131224 0.012181890112605287 0.0010133980993957264
v 0.005356761233131224 0.012181890112605287 0.0010133980993957264
v 0.005355677382219148 0.012149060826378011 0.0005113855247205687
v 0.005341120019924928 0.012160550695087813 0.0005105734113969307
v 0.005356761233131224 0.012181890112605287 0.0010133980993957264
v 0.005341120019924928 0.012160550695087813 0.0005105734113969307
v 0.005342236295765301 0.01219343052605626 0.0010126680616718425
v 0.005342236295765301 0.01219343052605626 0.0010126680616718425
v 0.005341120019924928 0.012160550695087813 0.0005105734113969307
v 0.005326156392352621 0.012171490293690912 0.0005097985509780467
v 0.005342236295765301 0.01219343052605626 0.0010126680616718425
v 0.005326156392352621 0.012171490293690912 0.0005097985509780467
v 0.0053273031857725694 0.01220441017898255 0.0010119680646903523
v 0.0053273031857725694 0.01220441017898255 0.0010119680646903523
v 0.005326156392352621 0.012171490293690912 0.0005097985509780467
v 0.005310806049826644 0.012181860548700074 0.0005090609434639168
v 0.0053273031857725694 0.01220441017898255 0.0010119680646903523
v 0.005310806049826644 0.012181860548700074 0.0005090609434639168
v 0.005311982407151805 0.012214830978732882 0.001011305022590378
v 0.005311982407151805 0.012214830978732882 0.001011305022590378
v 0.005310806049826644 0.012181860548700074 0.0005090609434639168
v 0.00529509331104322 0.012191640479279342 0.0005083680394354917
v 0.005311982407151805 0.012214830978732882 0.001011305022590378
v 0.00529509331104322 0.012191640479279342 0.0005083680394354917
v 0.0052962963712505085 0.012224670990796938 0.001010679054581215
v 0.0052962963712505085 0.012224670990796938 0.001010679054581215
v 0.00529509331104322 0.012191640479279342 0.0005083680394354917
v 0.005279038203163944 0.012200840575846694 0.0005077198388927714
v 0.0052962963712505085 0.012224670990796938 0.001010679054581215
v 0.005279038203163944 0.012200840575846694 0.0005077198388927714
v 0.005280268443090541 0.01223391018801312 0.001010090041453568
v 0.005280268443090541 0.01223391018801312 0.001010090041453568
v 0.005279038203163944 0.012200840575846694 0.0005077198388927714
v 0.00526266504488504 0.012209430320822556 0.0005071089508594528
v 0.005280268443090541 0.01223391018801312 0.001010090041453568
v 0.00526266504488504 0.012209430320822556 0.0005071089508594528
v 0.00526391912667068 0.012242550477730152 0.0010095460894395114
v 0.00526391912667068 0.012242550477730152 0.0010095460894395114
v 0.00526266504488504 0.012209430320822556 0.0005071089508594528
v 0.0052459972012283695 0.012217400177463311 0.0005065426471025439
v 0.00526391912667068 0.012242550477730152 0.0010095460894395114
v 0.0052459972012283695 0.012217400177463311 0.0005065426471025439
v 0.005247273217524329 0.012250570879112077 0.0010090320589585533
v 0.005247273217524329 0.012250570879112077 0.0010090320589585533
v 0.0052459972012283695 0.012217400177463311 0.0005065426471025439
v 0.005229056129867071 0.012224750145768959 0.0005060284974122906
v 0.005247273217524329 0.012250570879112077 0.0010090320589585533
v 0.005229056129867071 0.012224750145768959 0.0005060284974122906
v 0.0052303540806733495 0.012257970438484533 0.0010085630895911857
v 0.0052303540806733495 0.012257970438484533 0.0010085630895911857
v 0.005229056129867071 0.012224750145768959 0.0005060284974122906
v 0.005211868056846092 0.012231460198577904 0.0005055517198360865
v 0.0052303540806733495 0.012257970438484533 0.0010085630895911857
v 0.005211868056846092 0.012231460198577904 0.0005055517198360865
v 0.005213185081139604 0.012264740572778265 0.001008131075105334
v 0.005213185081139604 0.012264740572778265 0.001008131075105334
v 0.005211868056846092 0.012231460198577904 0.0005055517198360865
v 0.005194456347187293 0.012237540826308124 0.0005051196457455873
v 0.005213185081139604 0.012264740572778265 0.001008131075105334
v 0.005194456347187293 0.012237540826308124 0.0005051196457455873
v 0.005195790060782135 0.012270860301157316 0.001007743048849416
v 0.005195790060782135 0.012270860301157316 0.001007743048849416
v 0.005194456347187293 0.012237540826308124 0.0005051196457455873
v 0.005176965482556473 0.01227112065425806 0.0009205937226771169
v 0.005195790060782135 0.012270860301157316 0.001007743048849416
v 0.005176965482556473 0.01227112065425806 0.0009205937226771169
v 0.005177176244590409 0.012276630984719983 0.001007378029987474
usemtl material_01000
f 1 2 3
f 4 5 3
f 5 6 3
f 3 6 7
f 3 7 1
f 8 9 10
f 8 11 3
f 3 11 12
f 3 12 4
f 10 13 8
f 8 13 14
f 8 14 15
f 15 16 8
f 8 16 17
f 8 17 11
f 18 19 20
f 21 22 23
f 24 25 26
f 27 28 29
f 30 31 32
f 33 34 35
f 36 37 38
f 39 40 41
f 42 43 44
f 45 46 47
f 48 49 50
f 51 52 53
f 54 55 56
f 57 58 59
f 60 61 62
f 63 64 65
f 66 67 68
f 69 70 71
f 72 73 74
f 75 76 77
f 78 79 80
f 81 82 83
f 84 85 86
f 87 88 89
f 90 91 92
f 93 94 95
f 96 97 98
f 99 100 101
f 102 103 104
f 105 106 107
f 108 109 110
f 111 112 113
f 114 115 116
f 117 118 119
f 120 121 122
f 123 124 125
f 126 127 128
f 129 130 131
f 132 133 134
f 135 136 137
f 138 139 140
f 141 142 143
f 144 145 146
f 147 148 149
f 150 151 152
f 153 154 155
f 156 157 158
f 159 160 161
f 162 163 164
f 165 166 167
f 168 169 170
f 171 172 173
f 174 175 176
f 177 178 179
f 180 181 182
f 183 184 185
f 186 187 188
f 189 190 191
f 192 193 194
f 195 196 197
f 198 199 200
f 201 202 203
f 204 205 206
f 207 208 209
f 210 211 212
f 213 214 215
f 216 217 218
f 219 220 221
f 222 223 224
f 225 226 227
f 228 229 230
f 231 232 233
f 234 235 236
f 237 238 239
f 240 241 242
f 243 244 245
f 246 247 248
f 249 250 251
f 252 253 254
f 255 256 257
f 258 259 260
f 261 262 263
f 264 265 266
f 267 268 269
f 270 271 272
f 273 274 275
f 276 277 278
f 279 280 281
f 282 283 284
f 285 286 287
f 288 289 290
f 291 292 293
f 294 295 296
f 297 298 299
f 300 301 302
f 303 304 305
f 306 307 308
f 309 310 311
f 312 313 314
f 315 316 317
f 318 319 320
f 321 322 323
f 324 325 326
f 327 328 329
f 330 331 332
f 333 334 335
f 336 337 338
f 339 340 341
f 342 343 344
f 345 346 347
f 348 349 350
f 351 352 353
f 354 355 356
f 357 358 359
f 360 361 362
f 363 364 365
f 366 367 368
f 369 370 371
f 372 373 374
f 375 376 377
f 378 379 380
f 381 382 383
f 384 385 386
f 387 388 389
f 390 391 392
f 393 394 395
f 396 397 398
f 399 400 401
f 402 403 404
f 405 406 407
f 408 409 410
f 411 412 413
f 414 415 416
f 417 418 419
f 420 421 422
f 423 424 425
f 426 427 428
f 429 430 431
f 432 433 434
f 435 436 437
f 438 439 440
f 441 442 443
f 444 445 446
f 447 448 449
f 450 451 452
f 453 454 455
f 456 457 458
f 459 460 461
f 462 463 464
f 465 466 467
f 468 469 470
f 471 472 473
f 474 475 476
f 477 478 479
f 480 481 482
f 483 484 485
f 486 487 488
f 489 490 491
f 492 493 494
f 495 496 497
f 498 499 500
f 501 502 503
f 504 505 506
f 507 508 509
f 510 511 512
f 513 514 515
f 516 517 518
f 519 520 521
f 522 523 524
f 525 526 527
f 528 529 530
f 531 532 533
f 534 535 536
f 537 538 539
f 540 541 542
f 543 544 545
f 546 547 548
f 549 550 551
f 552 553 554
f 555 556 557
f 558 559 560
f 561 562 563
f 564 565 566
f 567 568 569
f 570 571 572
f 573 574 575
f 576 577 578
f 579 580 581
f 582 583 584
f 585 586 587
f 588 589 590
f 591 592 593
f 594 595 596
f 597 598 599
f 600 601 602
f 603 604 605
f 606 607 608
f 609 610 611
f 612 613 614
f 615 616 617
f 618 619 620
f 621 622 623
f 624 625 626
f 627 628 629
f 630 631 632
f 633 634 635
f 636 637 638
f 639 640 641
f 642 643 644
f 645 646 647
f 648 649 650
f 651 652 653
f 654 655 656
f 657 658 659
f 660 661 662
f 663 664 665
f 666 667 668
f 669 670 671
f 672 673 674
f 675 676 677
f 678 679 680
f 681 682 683
f 684 685 686
f 687 688 689
f 690 691 692
f 693 694 695
f 696 697 698
f 699 700 701
f 702 703 704
f 705 706 707
f 708 709 710
f 711 712 713
f 714 715 716
f 717 718 719
f 720 721 722
f 723 724 725
f 726 727 728
f 729 730 731
f 732 733 734
f 735 736 737
f 738 739 740
f 741 742 743
f 744 745 746
f 747 748 749
f 750 751 752
f 753 754 755
f 756 757 758
f 759 760 761
f 762 763 764
f 765 766 767
f 768 769 770
f 771 772 773
f 774 775 776
f 777 778 779
f 780 781 782
f 783 784 785
f 786 787 788
f 789 790 791
f 792 793 794
f 795 796 797
f 798 799 800
f 801 802 803
f 804 805 806
f 807 808 809
f 810 811 812
f 813 814 815
f 816 817 818
f 819 820 821
f 822 823 824
f 825 826 827
f 828 829 830
f 831 832 833
f 834 835 836
f 837 838 839
f 840 841 842
f 843 844 845
f 846 847 848
f 849 850 851
f 852 853 854
f 855 856 857
f 858 859 860
f 861 862 863
f 864 865 866
f 867 868 869
f 870 871 872
f 873 874 875
f 876 877 878
f 879 880 881
f 882 883 884
f 885 886 887
f 888 889 890
f 891 892 893
f 894 895 896
f 897 898 899
f 900 901 902
f 903 904 905
f 906 907 908
f 909 910 911
f 912 913 914
f 915 916 917
f 918 919 920
f 921 922 923
f 924 925 926
f 927 928 929
f 930 931 932
f 933 934 935
f 936 937 938
f 939 940 941
f 942 943 944
f 945 946 947
f 948 949 950
f 951 952 953
f 954 955 956
f 957 958 959
f 960 961 962
f 963 964 965
f 966 967 968
f 969 970 971
f 972 973 974
f 975 976 977
f 978 979 980
f 981 982 983
f 984 985 986
f 987 988 989
f 990 991 992
f 993 994 995
f 996 997 998
f 999 1000 1001
f 1002 1003 1004
f 1005 1006 1007
f 1008 1009 1010
f 1011 1012 1013
f 1014 1015 1016
f 1017 1018 1019
f 1020 1021 1022
f 1023 1024 1025
f 1026 1027 1028
f 1029 1030 1031
f 1032 1033 1034
f 1035 1036 1037
f 1038 1039 1040
f 1041 1042 1043
f 1044 1045 1046
f 1047 1048 1049
f 1050 1051 1052
f 1053 1054 1055
f 1056 1057 1058
f 1059 1060 1061
f 1062 1063 1064
f 1065 1066 1067
f 1068 1069 1070
f 1071 1072 1073
f 1074 1075 1076
f 1077 1078 1079
f 1080 1081 1082
f 1083 1084 1085
f 1086 1087 1088
f 1089 1090 1091
f 1092 1093 1094
f 1095 1096 1097
f 1098 1099 1100
f 1101 1102 1103
f 1104 1105 1106
f 1107 1108 1109
f 1110 1111 1112
f 1113 1114 1115
f 1116 1117 1118
f 1119 1120 1121
f 1122 1123 1124
f 1125 1126 1127
f 1128 1129 1130
f 1131 1132 1133
f 1134 1135 1136
f 1137 1138 1139
f 1140 1141 1142
f 1143 1144 1145
f 1146 1147 1148
f 1149 1150 1151
f 1152 1153 1154
f 1155 1156 1157
f 1158 1159 1160
f 1161 1162 1163
f 1164 1165 1166
f 1167 1168 1169
f 1170 1171 1172
f 1173 1174 1175
f 1176 1177 1178
f 1179 1180 1181
f 1182 1183 1184
f 1185 1186 1187
f 1188 1189 1190
f 1191 1192 1193
f 1194 1195 1196
f 1197 1198 1199
f 1200 1201 1202
f 1203 1204 1205
f 1206 1207 1208
f 1209 1210 1211
f 1212 1213 1214
f 1215 1216 1217
f 1218 1219 1220
f 1221 1222 1223
f 1224 1225 1226
f 1227 1228 1229
f 1230 1231 1232
f 1233 1234 1235
f 1236 1237 1238
f 1239 1240 1241
f 1242 1243 1244
f 1245 1246 1247
f 1248 1249 1250
f 1251 1252 1253
f 1254 1255 1256
f 1257 1258 1259
f 1260 1261 1262
f 1263 1264 1265
f 1266 1267 1268
f 1269 1270 1271
f 1272 1273 1274
f 1275 1276 1277
f 1278 1279 1280
f 1281 1282 1283
f 1284 1285 1286
f 1287 1288 1289
f 1290 1291 1292
f 1293 1294 1295
f 1296 1297 1298
f 1299 1300 1301
f 1302 1303 1304
f 1305 1306 1307
f 1308 1309 1310
f 1311 1312 1313
f 1314 1315 1316
f 1317 1318 1319
f 1320 1321 1322
f 1323 1324 1325
f 1326 1327 1328
f 1329 1330 1331
f 1332 1333 1334
f 1335 1336 1337
f 1338 1339 1340
f 1341 1342 1343
f 1344 1345 1346
f 1347 1348 1349
f 1350 1351 1352
f 1353 1354 1355
f 1356 1357 1358
f 1359 1360 1361
f 1362 1363 1364
f 1365 1366 1367
f 1368 1369 1370
f 1371 1372 1373
f 1374 1375 1376
f 1377 1378 1379
f 1380 1381 1382
f 1383 1384 1385
f 1386 1387 1388
f 1389 1390 1391
f 1392 1393 1394
f 1395 1396 1397
f 1398 1399 1400
f 1401 1402 1403
f 1404 1405 1406
f 1407 1408 1409
f 1410 1411 1412
f 1413 1414 1415
f 1416 1417 1418
f 1419 1420 1421
f 1422 1423 1424
f 1425 1426 1427
f 1428 1429 1430
f 1431 1432 1433
f 1434 1435 1436
f 1437 1438 1439
f 1440 1441 1442
f 1443 1444 1445
f 1446 1447 1448
f 1449 1450 1451
f 1452 1453 1454
f 1455 1456 1457
f 1458 1459 1460
f 1461 1462 1463
f 1464 1465 1466
f 1467 1468 1469
f 1470 1471 1472
f 1473 1474 1475
f 1476 1477 1478
f 1479 1480 1481
f 1482 1483 1484
f 1485 1486 1487
f 1488 1489 1490
f 1491 1492 1493
f 1494 1495 1496
f 1497 1498 1499
f 1500 1501 1502
f 1503 1504 1505
f 1506 1507 1508
f 1509 1510 1511
f 1512 1513 1514
f 1515 1516 1517
f 1518 1519 1520
f 1521 1522 1523
f 1524 1525 1526
f 1527 1528 1529
f 1530 1531 1532
f 1533 1534 1535
f 1536 1537 1538
f 1539 1540 1541
f 1542 1543 1544
f 1545 1546 1547
f 1548 1549 1550
f 1551 1552 1553
f 1554 1555 1556
f 1557 1558 1559
f 1560 1561 1562
f 1563 1564 1565
f 1566 1567 1568
f 1569 1570 1571
f 1572 1573 1574
f 1575 1576 1577
f 1578 1579 1580
f 1581 1582 1583
f 1584 1585 1586
f 1587 1588 1589
f 1590 1591 1592
f 1593 1594 1595
f 1596 1597 1598
f 1599 1600 1601
f 1602 1603 1604
f 1605 1606 1607
f 1608 1609 1610
f 1611 1612 1613
f 1614 1615 1616
f 1617 1618 1619
f 1620 1621 1622
f 1623 1624 1625
f 1626 1627 1628
f 1629 1630 1631
f 1632 1633 1634
f 1635 1636 1637
f 1638 1639 1640
f 1641 1642 1643
f 1644 1645 1646
f 1647 1648 1649
f 1650 1651 1652
f 1653 1654 1655
f 1656 1657 1658
f 1659 1660 1661
f 1662 1663 1664
f 1665 1666 1667
f 1668 1669 1670
f 1671 1672 1673
f 1674 1675 1676
f 1677 1678 1679
f 1680 1681 1682
f 1683 1684 1685
f 1686 1687 1688
f 1689 1690 1691
f 1692 1693 1694
f 1695 1696 1697
f 1698 1699 1700
f 1701 1702 1703
f 1704 1705 1706
f 1707 1708 1709
f 1710 1711 1712
f 1713 1714 1715
f 1716 1717 1718
f 1719 1720 1721
f 1722 1723 1724
f 1725 1726 1727
f 1728 1729 1730
f 1731 1732 1733
f 1734 1735 1736
f 1737 1738 1739
f 1740 1741 1742
f 1743 1744 1745
f 1746 1747 1748
f 1749 1750 1751
f 1752 1753 1754
f 1755 1756 1757
f 1758 1759 1760
f 1761 1762 1763
f 1764 1765 1766
f 1767 1768 1769
f 1770 1771 1772
f 1773 1774 1775
f 1776 1777 1778
f 1779 1780 1781
f 1782 1783 1784
f 1785 1786 1787
f 1788 1789 1790
f 1791 1792 1793
f 1794 1795 1796
f 1797 1798 1799
f 1800 1801 1802
f 1803 1804 1805
f 1806 1807 1808
f 1809 1810 1811
f 1812 1813 1814
f 1815 1816 1817
f 1818 1819 1820
f 1821 1822 1823
f 1824 1825 1826
f 1827 1828 1829
f 1830 1831 1832
f 1833 1834 1835
f 1836 1837 1838
f 1839 1840 1841
f 1842 1843 1844
f 1845 1846 1847
f 1848 1849 1850
f 1851 1852 1853
f 1854 1855 1856
f 1857 1858 1859
f 1860 1861 1862
f 1863 1864 1865
f 1866 1867 1868
f 1869 1870 1871
f 1872 1873 1874
f 1875 1876 1877
f 1878 1879 1880
f 1881 1882 1883
f 1884 1885 1886
f 1887 1888 1889
f 1890 1891 1892
f 1893 1894 1895
f 1896 1897 1898
f 1899 1900 1901
f 1902 1903 1904
f 1905 1906 1907
f 1908 1909 1910
f 1911 1912 1913
f 1914 1915 1916
f 1917 1918 1919
f 1920 1921 1922
f 1923 1924 1925
f 1926 1927 1928
f 1929 1930 1931
f 1932 1933 1934
f 1935 1936 1937
f 1938 1939 1940
f 1941 1942 1943
f 1944 1945 1946
f 1947 1948 1949
f 1950 1951 1952
f 1953 1954 1955
f 1956 1957 1958
f 1959 1960 1961
f 1962 1963 1964
f 1965 1966 1967
f 1968 1969 1970
f 1971 1972 1973
f 1974 1975 1976
f 1977 1978 1979
f 1980 1981 1982
f 1983 1984 1985
f 1986 1987 1988
f 1989 1990 1991
f 1992 1993 1994
f 1995 1996 1997
f 1998 1999 2000
f 2001 2002 2003
f 2004 2005 2006
f 2007 2008 2009
f 2010 2011 2012
f 2013 2014 2015
f 2016 2017 2018
f 2019 2020 2021
f 2022 2023 2024
f 2025 2026 2027
f 2028 2029 2030
f 2031 2032 2033
f 2034 2035 2036
f 2037 2038 2039
f 2040 2041 2042
f 2043 2044 2045
f 2046 2047 2048
f 2049 2050 2051
f 2052 2053 2054
f 2055 2056 2057
f 2058 2059 2060
f 2061 2062 2063
f 2064 2065 2066
f 2067 2068 2069
f 2070 2071 2072
f 2073 2074 2075
f 2076 2077 2078
f 2079 2080 2081
f 2082 2083 2084
f 2085 2086 2087
f 2088 2089 2090
f 2091 2092 2093
f 2094 2095 2096
f 2097 2098 2099
f 2100 2101 2102
f 2103 2104 2105
f 2106 2107 2108
f 2109 2110 2111
f 2112 2113 2114
f 2115 2116 2117
f 2118 2119 2120
f 2121 2122 2123
f 2124 2125 2126
f 2127 2128 2129
f 2130 2131 2132
f 2133 2134 2135
f 2136 2137 2138
f 2139 2140 2141
f 2142 2143 2144
f 2145 2146 2147
f 2148 2149 2150
f 2151 2152 2153
f 2154 2155 2156
f 2157 2158 2159
f 2160 2161 2162
f 2163 2164 2165
f 2166 2167 2168
f 2169 2170 2171
f 2172 2173 2174
f 2175 2176 2177
f 2178 2179 2180
f 2181 2182 2183
f 2184 2185 2186
f 2187 2188 2189
f 2190 2191 2192
f 2193 2194 2195
f 2196 2197 2198
f 2199 2200 2201
f 2202 2203 2204
f 2205 2206 2207
f 2208 2209 2210
f 2211 2212 2213
f 2214 2215 2216
f 2217 2218 2219
f 2220 2221 2222
f 2223 2224 2225
f 2226 2227 2228
f 2229 2230 2231
f 2232 2233 2234
f 2235 2236 2237
f 2238 2239 2240
f 2241 2242 2243
f 2244 2245 2246
f 2247 2248 2249
f 2250 2251 2252
f 2253 2254 2255
f 2256 2257 2258
f 2259 2260 2261
f 2262 2263 2264
f 2265 2266 2267
f 2268 2269 2270
f 2271 2272 2273
f 2274 2275 2276
f 2277 2278 2279
f 2280 2281 2282
f 2283 2284 2285
f 2286 2287 2288
f 2289 2290 2291
f 2292 2293 2294
f 2295 2296 2297
f 2298 2299 2300
f 2301 2302 2303
f 2304 2305 2306
f 2307 2308 2309
f 2310 2311 2312
f 2313 2314 2315
f 2316 2317 2318
f 2319 2320 2321
f 2322 2323 2324
f 2325 2326 2327
f 2328 2329 2330
f 2331 2332 2333
f 2334 2335 2336
f 2337 2338 2339
f 2340 2341 2342
f 2343 2344 2345
f 2346 2347 2348
f 2349 2350 2351
f 2352 2353 2354
f 2355 2356 2357
f 2358 2359 2360
f 2361 2362 2363
f 2364 2365 2366
f 2367 2368 2369
f 2370 2371 2372
f 2373 2374 2375
f 2376 2377 2378
f 2379 2380 2381
f 2382 2383 2384
f 2385 2386 2387
f 2388 2389 2390
f 2391 2392 2393
f 2394 2395 2396
f 2397 2398 2399
f 2400 2401 2402
f 2403 2404 2405
f 2406 2407 2408
f 2409 2410 2411
f 2412 2413 2414
f 2415 2416 2417
f 2418 2419 2420
f 2421 2422 2423
f 2424 2425 2426
f 2427 2428 2429
f 2430 2431 2432
f 2433 2434 2435
f 2436 2437 2438
f 2439 2440 2441
f 2442 2443 2444
f 2445 2446 2447
f 2448 2449 2450
f 2451 2452 2453
f 2454 2455 2456
f 2457 2458 2459
f 2460 2461 2462
f 2463 2464 2465
f 2466 2467 2468
f 2469 2470 2471
f 2472 2473 2474
f 2475 2476 2477
f 2478 2479 2480
f 2481 2482 2483
f 2484 2485 2486
f 2487 2488 2489
f 2490 2491 2492
f 2493 2494 2495
f 2496 2497 2498
f 2499 2500 2501
f 2502 2503 2504
f 2505 2506 2507
f 2508 2509 2510
f 2511 2512 2513
f 2514 2515 2516
f 2517 2518 2519
f 2520 2521 2522
f 2523 2524 2525
f 2526 2527 2528
f 2529 2530 2531
f 2532 2533 2534
f 2535 2536 2537
f 2538 2539 2540
f 2541 2542 2543
f 2544 2545 2546
f 2547 2548 2549
f 2550 2551 2552
f 2553 2554 2555
f 2556 2557 2558
f 2559 2560 2561
f 2562 2563 2564
f 2565 2566 2567
f 2568 2569 2570
f 2571 2572 2573
f 2574 2575 2576
f 2577 2578 2579
f 2580 2581 2582
f 2583 2584 2585
f 2586 2587 2588
f 2589 2590 2591
f 2592 2593 2594
f 2595 2596 2597
f 2598 2599 2600
f 2601 2602 2603
f 2604 2605 2606
f 2607 2608 2609
f 2610 2611 2612
f 2613 2614 2615
f 2616 2617 2618
f 2619 2620 2621
f 2622 2623 2624
f 2625 2626 2627
f 2628 2629 2630
f 2631 2632 2633
f 2634 2635 2636
f 2637 2638 2639
f 2640 2641 2642
f 2643 2644 2645
f 2646 2647 2648
f 2649 2650 2651
f 2652 2653 2654
f 2655 2656 2657
f 2658 2659 2660
f 2661 2662 2663
f 2664 2665 2666
f 2667 2668 2669
f 2670 2671 2672
f 2673 2674 2675
f 2676 2677 2678
f 2679 2680 2681
f 2682 2683 2684
f 2685 2686 2687
f 2688 2689 2690
f 2691 2692 2693
f 2694 2695 2696
f 2697 2698 2699
f 2700 2701 2702
f 2703 2704 2705
f 2706 2707 2708
f 2709 2710 2711
f 2712 2713 2714
f 2715 2716 2717
f 2718 2719 2720
f 2721 2722 2723
f 2724 2725 2726
f 2727 2728 2729
f 2730 2731 2732
f 2733 2734 2735
f 2736 2737 2738
f 2739 2740 2741
f 2742 2743 2744
f 2745 2746 2747
f 2748 2749 2750
f 2751 2752 2753
f 2754 2755 2756
f 2757 2758 2759
f 2760 2761 2762
f 2763 2764 2765
f 2766 2767 2768
f 2769 2770 2771
f 2772 2773 2774
f 2775 2776 2777
f 2778 2779 2780
f 2781 2782 2783
f 2784 2785 2786
f 2787 2788 2789
f 2790 2791 2792
f 2793 2794 2795
f 2796 2797 2798
f 2799 2800 2801
f 2802 2803 2804
f 2805 2806 2807
f 2808 2809 2810
f 2811 2812 2813
f 2814 2815 2816
f 2817 2818 2819
f 2820 2821 2822
f 2823 2824 2825
f 2826 2827 2828
f 2829 2830 2831
f 2832 2833 2834
f 2835 2836 2837
f 2838 2839 2840
f 2841 2842 2843
f 2844 2845 2846
f 2847 2848 2849
f 2850 2851 2852
f 2853 2854 2855
f 2856 2857 2858
f 2859 2860 2861
f 2862 2863 2864
f 2865 2866 2867
f 2868 2869 2870
f 2871 2872 2873
f 2874 2875 2876
f 2877 2878 2879
f 2880 2881 2882
f 2883 2884 2885
f 2886 2887 2888
f 2889 2890 2891
f 2892 2893 2894
f 2895 2896 2897
f 2898 2899 2900
f 2901 2902 2903
