mtllib rl_dg_5_4_c_node_STL_BINARY__mesh.mtl
v 0.006003380753099918 0.011200000531971455 0.031300000846385956
v -0.006000000052154064 0.011200000531971455 0.020400000736117363
v -0.006005160976201296 0.011200000531971455 0.031300000846385956
v -0.006000000052154064 0.011200000531971455 0.020400000736117363
v -0.006645482964813709 0.011134431697428226 0.03130076825618744
v -0.006005160976201296 0.011200000531971455 0.031300000846385956
v -0.000402779143769294 0.010692534036934376 0.03698059543967247
v 0.0001508805580670014 0.010728712193667889 0.03662043809890747
v -0.006005160976201296 0.011200000531971455 0.031300000846385956
v -0.005793377291411161 0.010930655524134636 0.034447479993104935
v -0.0008652426186017692 0.01064348965883255 0.0374545119702816
v -0.006005160976201296 0.011200000531971455 0.031300000846385956
v -0.0008652426186017692 0.01064348965883255 0.0374545119702816
v -0.0006083908374421299 0.010670728981494904 0.037191297858953476
v -0.006005160976201296 0.011200000531971455 0.031300000846385956
v -0.0006083908374421299 0.010670728981494904 0.037191297858953476
v -0.000402779143769294 0.010692534036934376 0.03698059543967247
v -0.006005160976201296 0.011200000531971455 0.031300000846385956
v 0.0001508805580670014 0.010728712193667889 0.03662043809890747
v 0.0004680174752138555 0.010740317404270172 0.036502573639154434
v -0.006005160976201296 0.011200000531971455 0.031300000846385956
v 0.0004680174752138555 0.010740317404270172 0.036502573639154434
v 0.000769910984672606 0.010751364752650261 0.03639037162065506
v -0.006005160976201296 0.011200000531971455 0.031300000846385956
v 0.000769910984672606 0.010751364752650261 0.03639037162065506
v 0.006003380753099918 0.011200000531971455 0.031300000846385956
v -0.006005160976201296 0.011200000531971455 0.031300000846385956
v -0.006645482964813709 0.011134431697428226 0.03130076825618744
v -0.005793377291411161 0.010930655524134636 0.034447479993104935
v -0.006005160976201296 0.011200000531971455 0.031300000846385956
v 0.006000000052154064 0.011200000531971455 0.020400000736117363
v -0.006000000052154064 0.011200000531971455 0.020400000736117363
v 0.006003380753099918 0.011200000531971455 0.031300000846385956
v 0.006623216439038515 0.011145057156682014 0.03130054846405983
v 0.006000000052154064 0.011200000531971455 0.020400000736117363
v 0.006003380753099918 0.011200000531971455 0.031300000846385956
v 0.001500000013038516 0.01076017040759325 0.03629999980330467
v 0.005886675324290991 0.01076017040759325 0.03629999980330467
v 0.006003380753099918 0.011200000531971455 0.031300000846385956
v 0.000769910984672606 0.010751364752650261 0.03639037162065506
v 0.001390053192153573 0.010759973898530006 0.03630202263593674
v 0.006003380753099918 0.011200000531971455 0.031300000846385956
v 0.001390053192153573 0.010759973898530006 0.03630202263593674
v 0.001500000013038516 0.01076017040759325 0.03629999980330467
v 0.006003380753099918 0.011200000531971455 0.031300000846385956
v 0.005886675324290991 0.01076017040759325 0.03629999980330467
v 0.006623216439038515 0.011145057156682014 0.03130054846405983
v 0.006003380753099918 0.011200000531971455 0.031300000846385956
v 0.006414046976715326 0.011200000531971455 0.007699999958276749
v -0.006112462840974331 0.011200000531971455 0.02039814367890358
v -0.006000000052154064 0.011200000531971455 0.020400000736117363
v 0.006733309011906385 0.011200000531971455 0.007752333302050829
v 0.006414046976715326 0.011200000531971455 0.007699999958276749
v -0.006000000052154064 0.011200000531971455 0.020400000736117363
v 0.006000000052154064 0.011200000531971455 0.020400000736117363
v 0.006733309011906385 0.011200000531971455 0.007752333302050829
v -0.006000000052154064 0.011200000531971455 0.020400000736117363
v -0.006902538239955902 0.011081630364060402 0.020400000736117363
v -0.006645482964813709 0.011134431697428226 0.03130076825618744
v -0.006000000052154064 0.011200000531971455 0.020400000736117363
v -0.006112462840974331 0.011200000531971455 0.02039814367890358
v -0.006902538239955902 0.011081630364060402 0.020400000736117363
v -0.006000000052154064 0.011200000531971455 0.020400000736117363
v 0.006720314733684063 0.011200000531971455 0.020326174795627594
v 0.006733309011906385 0.011200000531971455 0.007752333302050829
v 0.006000000052154064 0.011200000531971455 0.020400000736117363
v 0.006902538239955902 0.011081630364060402 0.020400000736117363
v 0.006720314733684063 0.011200000531971455 0.020326174795627594
v 0.006000000052154064 0.011200000531971455 0.020400000736117363
v 0.006623216439038515 0.011145057156682014 0.03130054846405983
v 0.006902538239955902 0.011081630364060402 0.020400000736117363
v 0.006000000052154064 0.011200000531971455 0.020400000736117363
v -0.006414046976715326 0.011200000531971455 0.007699999958276749
v -0.006805180571973324 0.011200000531971455 0.02030819095671177
v -0.006112462840974331 0.011200000531971455 0.02039814367890358
v 0.006414046976715326 0.011200000531971455 0.007699999958276749
v -0.006414046976715326 0.011200000531971455 0.007699999958276749
v -0.006112462840974331 0.011200000531971455 0.02039814367890358
v -0.006805180571973324 0.011200000531971455 0.02030819095671177
v -0.006902538239955902 0.011081630364060402 0.020400000736117363
v -0.006112462840974331 0.011200000531971455 0.02039814367890358
v 0.00693860650062561 0.011200000531971455 0.020262090489268303
v 0.006733309011906385 0.011200000531971455 0.007752333302050829
v 0.006720314733684063 0.011200000531971455 0.020326174795627594
v 0.006902538239955902 0.011081630364060402 0.020400000736117363
v 0.00693860650062561 0.011200000531971455 0.020262090489268303
v 0.006720314733684063 0.011200000531971455 0.020326174795627594
v -0.006414046976715326 0.011200000531971455 0.007699999958276749
v -0.006937360391020775 0.011200000531971455 0.020266400650143623
v -0.006805180571973324 0.011200000531971455 0.02030819095671177
v -0.006937360391020775 0.011200000531971455 0.020266400650143623
v -0.006902538239955902 0.011081630364060402 0.020400000736117363
v -0.006805180571973324 0.011200000531971455 0.02030819095671177
v -0.006414046976715326 0.011200000531971455 0.007699999958276749
v -0.007542360108345747 0.011200000531971455 0.020075123757123947
v -0.006937360391020775 0.011200000531971455 0.020266400650143623
v -0.007542360108345747 0.011200000531971455 0.020075123757123947
v -0.00800657644867897 0.010567691177129745 0.020400000736117363
v -0.006937360391020775 0.011200000531971455 0.020266400650143623
v -0.00800657644867897 0.010567691177129745 0.020400000736117363
v -0.006921985186636448 0.01107257790863514 0.020400000736117363
v -0.006937360391020775 0.011200000531971455 0.020266400650143623
v -0.006921985186636448 0.01107257790863514 0.020400000736117363
v -0.006902538239955902 0.011081630364060402 0.020400000736117363
v -0.006937360391020775 0.011200000531971455 0.020266400650143623
v 0.007444850169122219 0.011200000531971455 0.020113470032811165
v 0.006733309011906385 0.011200000531971455 0.007752333302050829
v 0.00693860650062561 0.011200000531971455 0.020262090489268303
v 0.006921985186636448 0.01107257790863514 0.020400000736117363
v 0.007444850169122219 0.011200000531971455 0.020113470032811165
v 0.00693860650062561 0.011200000531971455 0.020262090489268303
v 0.006902538239955902 0.011081630364060402 0.020400000736117363
v 0.006921985186636448 0.01107257790863514 0.020400000736117363
v 0.00693860650062561 0.011200000531971455 0.020262090489268303
v 0.008350573480129242 0.011200000531971455 0.019683904945850372
v 0.006733309011906385 0.011200000531971455 0.007752333302050829
v 0.007444850169122219 0.011200000531971455 0.020113470032811165
v 0.00800657644867897 0.010567691177129745 0.020400000736117363
v 0.008350573480129242 0.011200000531971455 0.019683904945850372
v 0.007444850169122219 0.011200000531971455 0.020113470032811165
v 0.006921985186636448 0.01107257790863514 0.020400000736117363
v 0.00800657644867897 0.010567691177129745 0.020400000736117363
v 0.007444850169122219 0.011200000531971455 0.020113470032811165
v -0.006414046976715326 0.011200000531971455 0.007699999958276749
v -0.008453295566141605 0.011200000531971455 0.019622065126895905
v -0.007542360108345747 0.011200000531971455 0.020075123757123947
v -0.008453295566141605 0.011200000531971455 0.019622065126895905
v -0.00800657644867897 0.010567691177129745 0.020400000736117363
v -0.007542360108345747 0.011200000531971455 0.020075123757123947
v 0.008449509739875793 0.011200000531971455 0.019627580419182777
v 0.006733309011906385 0.011200000531971455 0.007752333302050829
v 0.008350573480129242 0.011200000531971455 0.019683904945850372
v 0.00800657644867897 0.010567691177129745 0.020400000736117363
v 0.008449509739875793 0.011200000531971455 0.019627580419182777
v 0.008350573480129242 0.011200000531971455 0.019683904945850372
v 0.008500000461935997 0.011200000531971455 0.019598837941884995
v 0.006733309011906385 0.011200000531971455 0.007752333302050829
v 0.008449509739875793 0.011200000531971455 0.019627580419182777
v 0.00800657644867897 0.010567691177129745 0.020400000736117363
v 0.008500000461935997 0.011200000531971455 0.019598837941884995
v 0.008449509739875793 0.011200000531971455 0.019627580419182777
v -0.008500000461935997 0.011200000531971455 0.01122997235506773
v -0.008499999530613422 0.011200000531971455 0.019598837941884995
v -0.008453295566141605 0.011200000531971455 0.019622065126895905
v -0.006414046976715326 0.011200000531971455 0.007699999958276749
v -0.008500000461935997 0.011200000531971455 0.01122997235506773
v -0.008453295566141605 0.011200000531971455 0.019622065126895905
v -0.008011630736291409 0.010562636889517307 0.020400000736117363
v -0.00800657644867897 0.010567691177129745 0.020400000736117363
v -0.008453295566141605 0.011200000531971455 0.019622065126895905
v -0.008499999530613422 0.011200000531971455 0.019598837941884995
v -0.008011630736291409 0.010562636889517307 0.020400000736117363
v -0.008453295566141605 0.011200000531971455 0.019622065126895905
v -0.008838892914354801 0.011139674112200737 0.01943991333246231
v -0.008011630736291409 0.010562636889517307 0.020400000736117363
v -0.008499999530613422 0.011200000531971455 0.019598837941884995
v -0.008500000461935997 0.011200000531971455 0.01122997235506773
v -0.008834355510771275 0.011120172217488289 0.01122997235506773
v -0.008499999530613422 0.011200000531971455 0.019598837941884995
v -0.008834355510771275 0.011120172217488289 0.01122997235506773
v -0.008838892914354801 0.011139674112200737 0.01943991333246231
v -0.008499999530613422 0.011200000531971455 0.019598837941884995
v 0.008500000461935997 0.011200000531971455 0.01122997235506773
v 0.006733309011906385 0.011200000531971455 0.007752333302050829
v 0.008500000461935997 0.011200000531971455 0.019598837941884995
v 0.008794347755610943 0.011155698448419571 0.019456271082162857
v 0.008500000461935997 0.011200000531971455 0.01122997235506773
v 0.008500000461935997 0.011200000531971455 0.019598837941884995
v 0.00800657644867897 0.010567691177129745 0.020400000736117363
v 0.008011630736291409 0.010562636889517307 0.020400000736117363
v 0.008500000461935997 0.011200000531971455 0.019598837941884995
v 0.008842560462653637 0.0111311636865139 0.01944303885102272
v 0.008794347755610943 0.011155698448419571 0.019456271082162857
v 0.008500000461935997 0.011200000531971455 0.019598837941884995
v 0.008011630736291409 0.010562636889517307 0.020400000736117363
v 0.008842560462653637 0.0111311636865139 0.01944303885102272
v 0.008500000461935997 0.011200000531971455 0.019598837941884995
v -0.006414046976715326 0.011200000531971455 0.007699999958276749
v -0.008425925858318806 0.011200000531971455 0.010690704919397831
v -0.008500000461935997 0.011200000531971455 0.01122997235506773
v -0.008425925858318806 0.011200000531971455 0.010690704919397831
v -0.008834355510771275 0.011120172217488289 0.01122997235506773
v -0.008500000461935997 0.011200000531971455 0.01122997235506773
v 0.008425925858318806 0.011200000531971455 0.010690704919397831
v 0.006733309011906385 0.011200000531971455 0.007752333302050829
v 0.008500000461935997 0.011200000531971455 0.01122997235506773
v 0.008794347755610943 0.011155698448419571 0.019456271082162857
v 0.008841412141919136 0.01111848745495081 0.01122997235506773
v 0.008500000461935997 0.011200000531971455 0.01122997235506773
v 0.008841412141919136 0.01111848745495081 0.01122997235506773
v 0.008425925858318806 0.011200000531971455 0.010690704919397831
v 0.008500000461935997 0.011200000531971455 0.01122997235506773
v -0.006414046976715326 0.011200000531971455 0.007699999958276749
v -0.007937715388834476 0.011200000531971455 0.009366483427584171
v -0.008425925858318806 0.011200000531971455 0.010690704919397831
v -0.007937715388834476 0.011200000531971455 0.009366483427584171
v -0.008860948495566845 0.011092142201960087 0.010568896308541298
v -0.008425925858318806 0.011200000531971455 0.010690704919397831
v -0.008860948495566845 0.011092142201960087 0.010568896308541298
v -0.008834355510771275 0.011120172217488289 0.01122997235506773
v -0.008425925858318806 0.011200000531971455 0.010690704919397831
v 0.007937715388834476 0.011200000531971455 0.009366483427584171
v 0.006733309011906385 0.011200000531971455 0.007752333302050829
v 0.008425925858318806 0.011200000531971455 0.010690704919397831
v 0.008346817456185818 0.011092142201960087 0.009176638908684254
v 0.007937715388834476 0.011200000531971455 0.009366483427584171
v 0.008425925858318806 0.011200000531971455 0.010690704919397831
v 0.008860948495566845 0.011092142201960087 0.010568896308541298
v 0.008346817456185818 0.011092142201960087 0.009176638908684254
v 0.008425925858318806 0.011200000531971455 0.010690704919397831
v 0.008841412141919136 0.01111848745495081 0.01122997235506773
v 0.008860948495566845 0.011092142201960087 0.010568896308541298
v 0.008425925858318806 0.011200000531971455 0.010690704919397831
v -0.006414046976715326 0.011200000531971455 0.007699999958276749
v -0.007241665851324797 0.011200000531971455 0.00813870970159769
v -0.007937715388834476 0.011200000531971455 0.009366483427584171
v 0.007241665851324797 0.011200000531971455 0.00813870970159769
v 0.006733309011906385 0.011200000531971455 0.007752333302050829
v 0.007937715388834476 0.011200000531971455 0.009366483427584171
v -0.006414046976715326 0.011200000531971455 0.007699999958276749
v -0.007019155193120241 0.011200000531971455 0.007903856225311756
v -0.007241665851324797 0.011200000531971455 0.00813870970159769
v -0.008346817456185818 0.011092142201960087 0.009176638908684254
v -0.007937715388834476 0.011200000531971455 0.009366483427584171
v -0.007241665851324797 0.011200000531971455 0.00813870970159769
v -0.0076155466958880424 0.011092142201960087 0.007885144092142582
v -0.008346817456185818 0.011092142201960087 0.009176638908684254
v -0.007241665851324797 0.011200000531971455 0.00813870970159769
v -0.007019155193120241 0.011200000531971455 0.007903856225311756
v -0.0072925155982375145 0.011092142201960087 0.0075441948138177395
v -0.007241665851324797 0.011200000531971455 0.00813870970159769
v -0.0072925155982375145 0.011092142201960087 0.0075441948138177395
v -0.0076155466958880424 0.011092142201960087 0.007885144092142582
v -0.007241665851324797 0.011200000531971455 0.00813870970159769
v 0.007019155193120241 0.011200000531971455 0.007903856225311756
v 0.006733309011906385 0.011200000531971455 0.007752333302050829
v 0.007241665851324797 0.011200000531971455 0.00813870970159769
v 0.007937715388834476 0.011200000531971455 0.009366483427584171
v 0.0076155466958880424 0.011092142201960087 0.007885144092142582
v 0.007241665851324797 0.011200000531971455 0.00813870970159769
v 0.0076155466958880424 0.011092142201960087 0.007885144092142582
v 0.007019155193120241 0.011200000531971455 0.007903856225311756
v 0.007241665851324797 0.011200000531971455 0.00813870970159769
v -0.006414046976715326 0.011200000531971455 0.007699999958276749
v -0.006733309011906385 0.011200000531971455 0.007752333302050829
v -0.007019155193120241 0.011200000531971455 0.007903856225311756
v -0.006733309011906385 0.011200000531971455 0.007752333302050829
v -0.006877537351101637 0.011092142201960087 0.007324220612645149
v -0.007019155193120241 0.011200000531971455 0.007903856225311756
v -0.006877537351101637 0.011092142201960087 0.007324220612645149
v -0.0072925155982375145 0.011092142201960087 0.0075441948138177395
v -0.007019155193120241 0.011200000531971455 0.007903856225311756
v 0.0072925155982375145 0.011092142201960087 0.0075441948138177395
v 0.006733309011906385 0.011200000531971455 0.007752333302050829
v 0.007019155193120241 0.011200000531971455 0.007903856225311756
v 0.0076155466958880424 0.011092142201960087 0.007885144092142582
v 0.0072925155982375145 0.011092142201960087 0.0075441948138177395
v 0.007019155193120241 0.011200000531971455 0.007903856225311756
v -0.006414046976715326 0.011200000531971455 0.007699999958276749
v -0.006414046976715326 0.011092142201960087 0.007248245179653168
v -0.006733309011906385 0.011200000531971455 0.007752333302050829
v -0.006414046976715326 0.011092142201960087 0.007248245179653168
v -0.006877537351101637 0.011092142201960087 0.007324220612645149
v -0.006733309011906385 0.011200000531971455 0.007752333302050829
v 0.006877537351101637 0.011092142201960087 0.007324220612645149
v 0.006414046976715326 0.011200000531971455 0.007699999958276749
v 0.006733309011906385 0.011200000531971455 0.007752333302050829
v 0.0072925155982375145 0.011092142201960087 0.0075441948138177395
v 0.006877537351101637 0.011092142201960087 0.007324220612645149
v 0.006733309011906385 0.011200000531971455 0.007752333302050829
v 0.006414046976715326 0.011200000531971455 0.007699999958276749
v -0.006414046976715326 0.011092142201960087 0.007248245179653168
v -0.006414046976715326 0.011200000531971455 0.007699999958276749
v 0.006414046976715326 0.011092142201960087 0.007248245179653168
v -0.006414046976715326 0.011092142201960087 0.007248245179653168
v 0.006414046976715326 0.011200000531971455 0.007699999958276749
v 0.006877537351101637 0.011092142201960087 0.007324220612645149
v 0.006414046976715326 0.011092142201960087 0.007248245179653168
v 0.006414046976715326 0.011200000531971455 0.007699999958276749
v -0.008346817456185818 0.011092142201960087 0.009176638908684254
v -0.008860948495566845 0.011092142201960087 0.010568896308541298
v -0.007937715388834476 0.011200000531971455 0.009366483427584171
v 0.008346817456185818 0.011092142201960087 0.009176638908684254
v 0.0076155466958880424 0.011092142201960087 0.007885144092142582
v 0.007937715388834476 0.011200000531971455 0.009366483427584171
v 0.008842560462653637 0.0111311636865139 0.01944303885102272
v 0.008841412141919136 0.01111848745495081 0.01122997235506773
v 0.008794347755610943 0.011155698448419571 0.019456271082162857
v 0.0066423867829144 0.01113955955952406 0.031300563365221024
v 0.006902538239955902 0.011081630364060402 0.020400000736117363
v 0.006623216439038515 0.011145057156682014 0.03130054846405983
v 0.005886675324290991 0.01076017040759325 0.03629999980330467
v 0.006365118082612753 0.010727226734161377 0.03629999980330467
v 0.006623216439038515 0.011145057156682014 0.03130054846405983
v 0.006365118082612753 0.010727226734161377 0.03629999980330467
v 0.0066423867829144 0.01113955955952406 0.031300563365221024
v 0.006623216439038515 0.011145057156682014 0.03130054846405983
v -0.008845105767250061 0.011138567700982094 0.019436998292803764
v -0.008011630736291409 0.010562636889517307 0.020400000736117363
v -0.008838892914354801 0.011139674112200737 0.01943991333246231
v -0.008834355510771275 0.011120172217488289 0.01122997235506773
v -0.008845105767250061 0.011138567700982094 0.019436998292803764
v -0.008838892914354801 0.011139674112200737 0.01943991333246231
v 0.006919046863913536 0.011060228571295738 0.03130074217915535
v 0.006921985186636448 0.01107257790863514 0.020400000736117363
v 0.0066423867829144 0.01113955955952406 0.031300563365221024
v 0.006921985186636448 0.01107257790863514 0.020400000736117363
v 0.006902538239955902 0.011081630364060402 0.020400000736117363
v 0.0066423867829144 0.01113955955952406 0.031300563365221024
v 0.006365118082612753 0.010727226734161377 0.03629999980330467
v 0.00651959702372551 0.010689372196793556 0.03629999980330467
v 0.0066423867829144 0.01113955955952406 0.031300563365221024
v 0.00651959702372551 0.010689372196793556 0.03629999980330467
v 0.006919046863913536 0.011060228571295738 0.03130074217915535
v 0.0066423867829144 0.01113955955952406 0.031300563365221024
v -0.009141596965491772 0.010967083275318146 0.019367510452866554
v -0.009195601567626 0.01090348232537508 0.019372813403606415
v -0.008845105767250061 0.011138567700982094 0.019436998292803764
v -0.009195601567626 0.01090348232537508 0.019372813403606415
v -0.008011630736291409 0.010562636889517307 0.020400000736117363
v -0.008845105767250061 0.011138567700982094 0.019436998292803764
v -0.008834355510771275 0.011120172217488289 0.01122997235506773
v -0.009141596965491772 0.010967083275318146 0.019367510452866554
v -0.008845105767250061 0.011138567700982094 0.019436998292803764
v -0.006902538239955902 0.011081630364060402 0.020400000736117363
v -0.006722508929669857 0.011126544326543808 0.0313008613884449
v -0.006645482964813709 0.011134431697428226 0.03130076825618744
v -0.006722508929669857 0.011126544326543808 0.0313008613884449
v -0.006429392844438553 0.010868565179407597 0.034497346729040146
v -0.006645482964813709 0.011134431697428226 0.03130076825618744
v -0.006429392844438553 0.010868565179407597 0.034497346729040146
v -0.005793377291411161 0.010930655524134636 0.034447479993104935
v -0.006645482964813709 0.011134431697428226 0.03130076825618744
v 0.00909934751689434 0.011000488884747028 0.019372552633285522
v 0.008841412141919136 0.01111848745495081 0.01122997235506773
v 0.008842560462653637 0.0111311636865139 0.01944303885102272
v 0.008011630736291409 0.010562636889517307 0.020400000736117363
v 0.00909934751689434 0.011000488884747028 0.019372552633285522
v 0.008842560462653637 0.0111311636865139 0.01944303885102272
v -0.006902538239955902 0.011081630364060402 0.020400000736117363
v -0.006921985186636448 0.01107257790863514 0.020400000736117363
v -0.006722508929669857 0.011126544326543808 0.0313008613884449
v -0.006921985186636448 0.01107257790863514 0.020400000736117363
v -0.006919631268829107 0.0110636530444026 0.031300969421863556
v -0.006722508929669857 0.011126544326543808 0.0313008613884449
v -0.006919631268829107 0.0110636530444026 0.031300969421863556
v -0.007075585424900055 0.010678711347281933 0.034536898136138916
v -0.006722508929669857 0.011126544326543808 0.0313008613884449
v -0.007075585424900055 0.010678711347281933 0.034536898136138916
v -0.006429392844438553 0.010868565179407597 0.034497346729040146
v -0.006722508929669857 0.011126544326543808 0.0313008613884449
v -0.008951754309237003 0.011092142201960087 0.01122997235506773
v -0.009141596965491772 0.010967083275318146 0.019367510452866554
v -0.008834355510771275 0.011120172217488289 0.01122997235506773
v -0.008860948495566845 0.011092142201960087 0.010568896308541298
v -0.008951754309237003 0.011092142201960087 0.01122997235506773
v -0.008834355510771275 0.011120172217488289 0.01122997235506773
v 0.00909934751689434 0.011000488884747028 0.019372552633285522
v 0.008951754309237003 0.011092142201960087 0.01122997235506773
v 0.008841412141919136 0.01111848745495081 0.01122997235506773
v 0.008951754309237003 0.011092142201960087 0.01122997235506773
v 0.008860948495566845 0.011092142201960087 0.010568896308541298
v 0.008841412141919136 0.01111848745495081 0.01122997235506773
v -0.009195601567626 0.01090348232537508 0.019372813403606415
v -0.009141596965491772 0.010967083275318146 0.019367510452866554
v -0.008951754309237003 0.011092142201960087 0.01122997235506773
v -0.00918815191835165 0.01089198887348175 0.01122997235506773
v -0.009195601567626 0.01090348232537508 0.019372813403606415
v -0.008951754309237003 0.011092142201960087 0.01122997235506773
v -0.008860948495566845 0.011092142201960087 0.010568896308541298
v -0.00918815191835165 0.01089198887348175 0.01122997235506773
v -0.008951754309237003 0.011092142201960087 0.01122997235506773
v 0.009196868166327477 0.010897419415414333 0.01937565952539444
v 0.009191736578941345 0.010888953693211079 0.01122997235506773
v 0.008951754309237003 0.011092142201960087 0.01122997235506773
v 0.00909934751689434 0.011000488884747028 0.019372552633285522
v 0.009196868166327477 0.010897419415414333 0.01937565952539444
v 0.008951754309237003 0.011092142201960087 0.01122997235506773
v 0.009191736578941345 0.010888953693211079 0.01122997235506773
v 0.008860948495566845 0.011092142201960087 0.010568896308541298
v 0.008951754309237003 0.011092142201960087 0.01122997235506773
v -0.008667631074786186 0.010792694054543972 0.009027764201164246
v -0.009201522916555405 0.010792694054543972 0.01047353446483612
v -0.008860948495566845 0.011092142201960087 0.010568896308541298
v -0.008346817456185818 0.011092142201960087 0.009176638908684254
v -0.008667631074786186 0.010792694054543972 0.009027764201164246
v -0.008860948495566845 0.011092142201960087 0.010568896308541298
v -0.009201522916555405 0.010792694054543972 0.01047353446483612
v -0.00918815191835165 0.01089198887348175 0.01122997235506773
v -0.008860948495566845 0.011092142201960087 0.010568896308541298
v 0.009201522916555405 0.010792694054543972 0.01047353446483612
v 0.008346817456185818 0.011092142201960087 0.009176638908684254
v 0.008860948495566845 0.011092142201960087 0.010568896308541298
v 0.009191736578941345 0.010888953693211079 0.01122997235506773
v 0.009201522916555405 0.010792694054543972 0.01047353446483612
v 0.008860948495566845 0.011092142201960087 0.010568896308541298
v -0.0076155466958880424 0.011092142201960087 0.007885144092142582
v -0.00790825393050909 0.010792694054543972 0.007686630357056856
v -0.008346817456185818 0.011092142201960087 0.009176638908684254
v -0.00790825393050909 0.010792694054543972 0.007686630357056856
v -0.008667631074786186 0.010792694054543972 0.009027764201164246
v -0.008346817456185818 0.011092142201960087 0.009176638908684254
v 0.008667631074786186 0.010792694054543972 0.009027764201164246
v 0.0076155466958880424 0.011092142201960087 0.007885144092142582
v 0.008346817456185818 0.011092142201960087 0.009176638908684254
v 0.009201522916555405 0.010792694054543972 0.01047353446483612
v 0.008667631074786186 0.010792694054543972 0.009027764201164246
v 0.008346817456185818 0.011092142201960087 0.009176638908684254
v -0.0072925155982375145 0.011092142201960087 0.0075441948138177395
v -0.0075065260753035545 0.010792694054543972 0.007262620143592358
v -0.0076155466958880424 0.011092142201960087 0.007885144092142582
v -0.0075065260753035545 0.010792694054543972 0.007262620143592358
v -0.00790825393050909 0.010792694054543972 0.007686630357056856
v -0.0076155466958880424 0.011092142201960087 0.007885144092142582
v 0.008667631074786186 0.010792694054543972 0.009027764201164246
v 0.00790825393050909 0.010792694054543972 0.007686630357056856
v 0.0076155466958880424 0.011092142201960087 0.007885144092142582
v 0.00790825393050909 0.010792694054543972 0.007686630357056856
v 0.0072925155982375145 0.011092142201960087 0.0075441948138177395
v 0.0076155466958880424 0.011092142201960087 0.007885144092142582
v -0.006877537351101637 0.011092142201960087 0.007324220612645149
v -0.006990451831370592 0.010792694054543972 0.006989056244492531
v -0.0072925155982375145 0.011092142201960087 0.0075441948138177395
v -0.006990451831370592 0.010792694054543972 0.006989056244492531
v -0.0075065260753035545 0.010792694054543972 0.007262620143592358
v -0.0072925155982375145 0.011092142201960087 0.0075441948138177395
v 0.0075065260753035545 0.010792694054543972 0.007262620143592358
v 0.006877537351101637 0.011092142201960087 0.007324220612645149
v 0.0072925155982375145 0.011092142201960087 0.0075441948138177395
v 0.00790825393050909 0.010792694054543972 0.007686630357056856
v 0.0075065260753035545 0.010792694054543972 0.007262620143592358
v 0.0072925155982375145 0.011092142201960087 0.0075441948138177395
v -0.006414046976715326 0.011092142201960087 0.007248245179653168
v -0.006414046976715326 0.011057444848120213 0.00720726465806365
v -0.006877537351101637 0.011092142201960087 0.007324220612645149
v -0.006414046976715326 0.011057444848120213 0.00720726465806365
v -0.006990451831370592 0.010792694054543972 0.006989056244492531
v -0.006877537351101637 0.011092142201960087 0.007324220612645149
v 0.006990451831370592 0.010792694054543972 0.006989056244492531
v 0.006414046976715326 0.011057444848120213 0.00720726465806365
v 0.006877537351101637 0.011092142201960087 0.007324220612645149
v 0.006414046976715326 0.011057444848120213 0.00720726465806365
v 0.006414046976715326 0.011092142201960087 0.007248245179653168
v 0.006877537351101637 0.011092142201960087 0.007324220612645149
v 0.0075065260753035545 0.010792694054543972 0.007262620143592358
v 0.006990451831370592 0.010792694054543972 0.006989056244492531
v 0.006877537351101637 0.011092142201960087 0.007324220612645149
v 0.006414046976715326 0.011092142201960087 0.007248245179653168
v -0.006414046976715326 0.011057444848120213 0.00720726465806365
v -0.006414046976715326 0.011092142201960087 0.007248245179653168
v 0.006414046976715326 0.011057444848120213 0.00720726465806365
v -0.006414046976715326 0.011057444848120213 0.00720726465806365
v 0.006414046976715326 0.011092142201960087 0.007248245179653168
v -0.00800657644867897 0.010567691177129745 0.020400000736117363
v -0.007407937198877335 0.010907859541475773 0.031301237642765045
v -0.006921985186636448 0.01107257790863514 0.020400000736117363
v -0.007407937198877335 0.010907859541475773 0.031301237642765045
v -0.007292957045137882 0.010944543406367302 0.03130117431282997
v -0.006921985186636448 0.01107257790863514 0.020400000736117363
v -0.007292957045137882 0.010944543406367302 0.03130117431282997
v -0.006919631268829107 0.0110636530444026 0.031300969421863556
v -0.006921985186636448 0.01107257790863514 0.020400000736117363
v 0.006919046863913536 0.011060228571295738 0.03130074217915535
v 0.00729305949062109 0.010952981188893318 0.03130098804831505
v 0.006921985186636448 0.01107257790863514 0.020400000736117363
v 0.00729305949062109 0.010952981188893318 0.03130098804831505
v 0.007302611134946346 0.010950242169201374 0.031300995498895645
v 0.006921985186636448 0.01107257790863514 0.020400000736117363
v 0.007302611134946346 0.010950242169201374 0.031300995498895645
v 0.00800657644867897 0.010567691177129745 0.020400000736117363
v 0.006921985186636448 0.01107257790863514 0.020400000736117363
v -0.007292957045137882 0.010944543406367302 0.03130117431282997
v -0.007075585424900055 0.010678711347281933 0.034536898136138916
v -0.006919631268829107 0.0110636530444026 0.031300969421863556
v 0.00651959702372551 0.010689372196793556 0.03629999980330467
v 0.007057895418256521 0.010557465255260468 0.03629999980330467
v 0.006919046863913536 0.011060228571295738 0.03130074217915535
v 0.007057895418256521 0.010557465255260468 0.03629999980330467
v 0.00729305949062109 0.010952981188893318 0.03130098804831505
v 0.006919046863913536 0.011060228571295738 0.03130074217915535
v 0.006414046976715326 0.011057444848120213 0.00720726465806365
v -0.006414046976715326 0.010792694054543972 0.006894571706652641
v -0.006414046976715326 0.011057444848120213 0.00720726465806365
v -0.006414046976715326 0.010792694054543972 0.006894571706652641
v -0.006990451831370592 0.010792694054543972 0.006989056244492531
v -0.006414046976715326 0.011057444848120213 0.00720726465806365
v 0.006414046976715326 0.010792694054543972 0.006894571706652641
v -0.006414046976715326 0.010792694054543972 0.006894571706652641
v 0.006414046976715326 0.011057444848120213 0.00720726465806365
v 0.006990451831370592 0.010792694054543972 0.006989056244492531
v 0.006414046976715326 0.010792694054543972 0.006894571706652641
v 0.006414046976715326 0.011057444848120213 0.00720726465806365
v 0.008011630736291409 0.010562636889517307 0.020400000736117363
v 0.009196868166327477 0.010897419415414333 0.01937565952539444
v 0.00909934751689434 0.011000488884747028 0.019372552633285522
v 0.007057895418256521 0.010557465255260468 0.03629999980330467
v 0.007168199401348829 0.01050475798547268 0.03629999980330467
v 0.00729305949062109 0.010952981188893318 0.03130098804831505
v 0.007168199401348829 0.01050475798547268 0.03629999980330467
v 0.007302611134946346 0.010950242169201374 0.031300995498895645
v 0.00729305949062109 0.010952981188893318 0.03130098804831505
v 0.007917341776192188 0.010625828988850117 0.03130056709051132
v 0.00800657644867897 0.010567691177129745 0.020400000736117363
v 0.007302611134946346 0.010950242169201374 0.031300995498895645
v 0.007168199401348829 0.01050475798547268 0.03629999980330467
v 0.007703183684498072 0.010249120183289051 0.03629999980330467
v 0.007302611134946346 0.010950242169201374 0.031300995498895645
v 0.007703183684498072 0.010249120183289051 0.03629999980330467
v 0.007917341776192188 0.010625828988850117 0.03130056709051132
v 0.007302611134946346 0.010950242169201374 0.031300995498895645
v -0.007407937198877335 0.010907859541475773 0.031301237642765045
v -0.007075585424900055 0.010678711347281933 0.034536898136138916
v -0.007292957045137882 0.010944543406367302 0.03130117431282997
v -0.005782464984804392 0.01091677788645029 0.034609656780958176
v -0.0012116906000301242 0.010582983493804932 0.03801669925451279
v -0.005793377291411161 0.010930655524134636 0.034447479993104935
v -0.0012116906000301242 0.010582983493804932 0.03801669925451279
v -0.0008652426186017692 0.01064348965883255 0.0374545119702816
v -0.005793377291411161 0.010930655524134636 0.034447479993104935
v -0.006429392844438553 0.010868565179407597 0.034497346729040146
v -0.005782464984804392 0.01091677788645029 0.034609656780958176
v -0.005793377291411161 0.010930655524134636 0.034447479993104935
v -0.0054497611708939075 0.010603717528283596 0.03776304051280022
v -0.001297920709475875 0.01055468525737524 0.038267381489276886
v -0.005782464984804392 0.01091677788645029 0.034609656780958176
v -0.001297920709475875 0.01055468525737524 0.038267381489276886
v -0.0012116906000301242 0.010582983493804932 0.03801669925451279
v -0.005782464984804392 0.01091677788645029 0.034609656780958176
v -0.006429392844438553 0.010868565179407597 0.034497346729040146
v -0.0054497611708939075 0.010603717528283596 0.03776304051280022
v -0.005782464984804392 0.01091677788645029 0.034609656780958176
v -0.00800657644867897 0.010567691177129745 0.020400000736117363
v -0.007916228845715523 0.010621539317071438 0.03130069375038147
v -0.007407937198877335 0.010907859541475773 0.031301237642765045
v -0.00769764743745327 0.010353464633226395 0.03456239774823189
v -0.007075585424900055 0.010678711347281933 0.034536898136138916
v -0.007407937198877335 0.010907859541475773 0.031301237642765045
v -0.007916228845715523 0.010621539317071438 0.03130069375038147
v -0.00769764743745327 0.010353464633226395 0.03456239774823189
v -0.007407937198877335 0.010907859541475773 0.031301237642765045
v -0.009361086413264275 0.010708590038120747 0.019389066845178604
v -0.008011630736291409 0.010562636889517307 0.020400000736117363
v -0.009195601567626 0.01090348232537508 0.019372813403606415
v -0.00918815191835165 0.01089198887348175 0.01122997235506773
v -0.00930542778223753 0.010792694054543972 0.01122997235506773
v -0.009195601567626 0.01090348232537508 0.019372813403606415
v -0.00930542778223753 0.010792694054543972 0.01122997235506773
v -0.009361086413264275 0.010708590038120747 0.019389066845178604
v -0.009195601567626 0.01090348232537508 0.019372813403606415
v 0.00933239609003067 0.010754182003438473 0.019379975274205208
v 0.00930542778223753 0.010792694054543972 0.01122997235506773
v 0.009196868166327477 0.010897419415414333 0.01937565952539444
v 0.00930542778223753 0.010792694054543972 0.01122997235506773
v 0.009191736578941345 0.010888953693211079 0.01122997235506773
v 0.009196868166327477 0.010897419415414333 0.01937565952539444
v 0.009426293894648552 0.010540901683270931 0.019446777179837227
v 0.00933239609003067 0.010754182003438473 0.019379975274205208
v 0.009196868166327477 0.010897419415414333 0.01937565952539444
v 0.008011630736291409 0.010562636889517307 0.020400000736117363
v 0.009426293894648552 0.010540901683270931 0.019446777179837227
v 0.009196868166327477 0.010897419415414333 0.01937565952539444
v -0.009201522916555405 0.010792694054543972 0.01047353446483612
v -0.00930542778223753 0.010792694054543972 0.01122997235506773
v -0.00918815191835165 0.01089198887348175 0.01122997235506773
v 0.00930542778223753 0.010792694054543972 0.01122997235506773
v 0.009201522916555405 0.010792694054543972 0.01047353446483612
v 0.009191736578941345 0.010888953693211079 0.01122997235506773
v -0.0060858698561787605 0.010545087978243828 0.037833236157894135
v -0.0054497611708939075 0.010603717528283596 0.03776304051280022
v -0.006429392844438553 0.010868565179407597 0.034497346729040146
v -0.006727960426360369 0.01035339292138815 0.037889979779720306
v -0.0060858698561787605 0.010545087978243828 0.037833236157894135
v -0.006429392844438553 0.010868565179407597 0.034497346729040146
v -0.007075585424900055 0.010678711347281933 0.034536898136138916
v -0.006727960426360369 0.01035339292138815 0.037889979779720306
v -0.006429392844438553 0.010868565179407597 0.034497346729040146
v -0.009415161795914173 0.010538483038544655 0.01122997235506773
v -0.009361086413264275 0.010708590038120747 0.019389066845178604
v -0.00930542778223753 0.010792694054543972 0.01122997235506773
v -0.009201522916555405 0.010792694054543972 0.01047353446483612
v -0.009415161795914173 0.010538483038544655 0.01122997235506773
v -0.00930542778223753 0.010792694054543972 0.01122997235506773
v 0.00933239609003067 0.010754182003438473 0.019379975274205208
v 0.009416000917553902 0.010536538437008858 0.01122997235506773
v 0.00930542778223753 0.010792694054543972 0.01122997235506773
v 0.009416000917553902 0.010536538437008858 0.01122997235506773
v 0.009201522916555405 0.010792694054543972 0.01047353446483612
v 0.00930542778223753 0.010792694054543972 0.01122997235506773
v -0.008829372003674507 0.010379621759057045 0.00895270798355341
v -0.009373227134346962 0.010379621759057045 0.010425456799566746
v -0.009201522916555405 0.010792694054543972 0.01047353446483612
v -0.008667631074786186 0.010792694054543972 0.009027764201164246
v -0.008829372003674507 0.010379621759057045 0.00895270798355341
v -0.009201522916555405 0.010792694054543972 0.01047353446483612
v -0.009373227134346962 0.010379621759057045 0.010425456799566746
v -0.009415161795914173 0.010538483038544655 0.01122997235506773
v -0.009201522916555405 0.010792694054543972 0.01047353446483612
v 0.009373227134346962 0.010379621759057045 0.010425456799566746
v 0.008667631074786186 0.010792694054543972 0.009027764201164246
v 0.009201522916555405 0.010792694054543972 0.01047353446483612
v 0.009416000917553902 0.010536538437008858 0.01122997235506773
v 0.009373227134346962 0.010379621759057045 0.010425456799566746
v 0.009201522916555405 0.010792694054543972 0.01047353446483612
v -0.00790825393050909 0.010792694054543972 0.007686630357056856
v -0.008055824786424637 0.010379621759057045 0.00758654810488224
v -0.008667631074786186 0.010792694054543972 0.009027764201164246
v -0.008055824786424637 0.010379621759057045 0.00758654810488224
v -0.008829372003674507 0.010379621759057045 0.00895270798355341
v -0.008667631074786186 0.010792694054543972 0.009027764201164246
v 0.008829372003674507 0.010379621759057045 0.00895270798355341
v 0.00790825393050909 0.010792694054543972 0.007686630357056856
v 0.008667631074786186 0.010792694054543972 0.009027764201164246
v 0.009373227134346962 0.010379621759057045 0.010425456799566746
v 0.008829372003674507 0.010379621759057045 0.00895270798355341
v 0.008667631074786186 0.010792694054543972 0.009027764201164246
v -0.0075065260753035545 0.010792694054543972 0.007262620143592358
v -0.007614421658217907 0.010379621759057045 0.007120661903172731
v -0.00790825393050909 0.010792694054543972 0.007686630357056856
v -0.007614421658217907 0.010379621759057045 0.007120661903172731
v -0.008055824786424637 0.010379621759057045 0.00758654810488224
v -0.00790825393050909 0.010792694054543972 0.007686630357056856
v 0.008829372003674507 0.010379621759057045 0.00895270798355341
v 0.008055824786424637 0.010379621759057045 0.00758654810488224
v 0.00790825393050909 0.010792694054543972 0.007686630357056856
v 0.008055824786424637 0.010379621759057045 0.00758654810488224
v 0.0075065260753035545 0.010792694054543972 0.007262620143592358
v 0.00790825393050909 0.010792694054543972 0.007686630357056856
v -0.006990451831370592 0.010792694054543972 0.006989056244492531
v -0.007047378923743963 0.010379621759057045 0.006820079870522022
v -0.0075065260753035545 0.010792694054543972 0.007262620143592358
v -0.007047378923743963 0.010379621759057045 0.006820079870522022
v -0.007614421658217907 0.010379621759057045 0.007120661903172731
v -0.0075065260753035545 0.010792694054543972 0.007262620143592358
v 0.007614421658217907 0.010379621759057045 0.007120661903172731
v 0.006990451831370592 0.010792694054543972 0.006989056244492531
v 0.0075065260753035545 0.010792694054543972 0.007262620143592358
v 0.008055824786424637 0.010379621759057045 0.00758654810488224
v 0.007614421658217907 0.010379621759057045 0.007120661903172731
v 0.0075065260753035545 0.010792694054543972 0.007262620143592358
v -0.006414046976715326 0.010792694054543972 0.006894571706652641
v -0.006414046976715326 0.010692509822547436 0.006851326208561659
v -0.006990451831370592 0.010792694054543972 0.006989056244492531
v -0.006414046976715326 0.010692509822547436 0.006851326208561659
v -0.007047378923743963 0.010379621759057045 0.006820079870522022
v -0.006990451831370592 0.010792694054543972 0.006989056244492531
v 0.007047378923743963 0.010379621759057045 0.006820079870522022
v 0.006414046976715326 0.010692509822547436 0.006851326208561659
v 0.006990451831370592 0.010792694054543972 0.006989056244492531
v 0.006414046976715326 0.010692509822547436 0.006851326208561659
v 0.006414046976715326 0.010792694054543972 0.006894571706652641
v 0.006990451831370592 0.010792694054543972 0.006989056244492531
v 0.007614421658217907 0.010379621759057045 0.007120661903172731
v 0.007047378923743963 0.010379621759057045 0.006820079870522022
v 0.006990451831370592 0.010792694054543972 0.006989056244492531
v 0.006414046976715326 0.010792694054543972 0.006894571706652641
v -0.006414046976715326 0.010692509822547436 0.006851326208561659
v -0.006414046976715326 0.010792694054543972 0.006894571706652641
v 0.006414046976715326 0.010692509822547436 0.006851326208561659
v -0.006414046976715326 0.010692509822547436 0.006851326208561659
v 0.006414046976715326 0.010792694054543972 0.006894571706652641
v 0.001390053192153573 0.010759973898530006 0.03630202263593674
v 0.001500000013038516 -0.010760169476270676 0.03629999980330467
v 0.001500000013038516 0.01076017040759325 0.03629999980330467
v 0.005886675324290991 -0.010760169476270676 0.03629999980330467
v 0.005886675324290991 0.01076017040759325 0.03629999980330467
v 0.001500000013038516 0.01076017040759325 0.03629999980330467
v 0.001500000013038516 -0.010760169476270676 0.03629999980330467
v 0.005886675324290991 -0.010760169476270676 0.03629999980330467
v 0.001500000013038516 0.01076017040759325 0.03629999980330467
v 0.006521914154291153 -0.01069493219256401 0.03629999980330467
v 0.006365118082612753 0.010727226734161377 0.03629999980330467
v 0.005886675324290991 0.01076017040759325 0.03629999980330467
v 0.005886675324290991 -0.010760169476270676 0.03629999980330467
v 0.006521914154291153 -0.01069493219256401 0.03629999980330467
v 0.005886675324290991 0.01076017040759325 0.03629999980330467
v 0.000769910984672606 0.010751364752650261 0.03639037162065506
v 0.001500000013038516 -0.010760169476270676 0.03629999980330467
v 0.001390053192153573 0.010759973898530006 0.03630202263593674
v 0.009426293894648552 0.010540901683270931 0.019446777179837227
v 0.009416000917553902 0.010536538437008858 0.01122997235506773
v 0.00933239609003067 0.010754182003438473 0.019379975274205208
v 0.0008448539883829653 -0.010753119364380836 0.03637240082025528
v 0.001500000013038516 -0.010760169476270676 0.03629999980330467
v 0.000769910984672606 0.010751364752650261 0.03639037162065506
v 0.0004680174752138555 0.010740317404270172 0.036502573639154434
v 0.0008448539883829653 -0.010753119364380836 0.03637240082025528
v 0.000769910984672606 0.010751364752650261 0.03639037162065506
v 0.0001508805580670014 0.010728712193667889 0.03662043809890747
v 0.00021997856674715877 -0.010732049122452736 0.036586761474609375
v 0.0004680174752138555 0.010740317404270172 0.036502573639154434
v 0.00021997856674715877 -0.010732049122452736 0.036586761474609375
v 0.00046730274334549904 -0.010740388184785843 0.036501917988061905
v 0.0004680174752138555 0.010740317404270172 0.036502573639154434
v 0.00046730274334549904 -0.010740388184785843 0.036501917988061905
v 0.0008448539883829653 -0.010753119364380836 0.03637240082025528
v 0.0004680174752138555 0.010740317404270172 0.036502573639154434
v -0.000402779143769294 0.010692534036934376 0.03698059543967247
v -0.00034061717451550066 -0.010697572492063046 0.03693096712231636
v 0.0001508805580670014 0.010728712193667889 0.03662043809890747
v -0.00034061717451550066 -0.010697572492063046 0.03693096712231636
v 0.00021997856674715877 -0.010732049122452736 0.036586761474609375
v 0.0001508805580670014 0.010728712193667889 0.03662043809890747
v 0.006521914154291153 -0.01069493219256401 0.03629999980330467
v 0.00651959702372551 0.010689372196793556 0.03629999980330467
v 0.006365118082612753 0.010727226734161377 0.03629999980330467
v -0.00942762941122055 0.010544024407863617 0.019443951547145844
v -0.008011630736291409 0.010562636889517307 0.020400000736117363
v -0.009361086413264275 0.010708590038120747 0.019389066845178604
v -0.009415161795914173 0.010538483038544655 0.01122997235506773
v -0.00942762941122055 0.010544024407863617 0.019443951547145844
v -0.009361086413264275 0.010708590038120747 0.019389066845178604
v -0.0006083908374421299 0.010670728981494904 0.037191297858953476
v -0.0006088701775297523 -0.010670722462236881 0.03719149902462959
v -0.000402779143769294 0.010692534036934376 0.03698059543967247
v -0.0006088701775297523 -0.010670722462236881 0.03719149902462959
v -0.00034061717451550066 -0.010697572492063046 0.03693096712231636
v -0.000402779143769294 0.010692534036934376 0.03698059543967247
v 0.006414046976715326 0.010692509822547436 0.006851326208561659
v -0.006414046976715326 0.010379621759057045 0.006716263946145773
v -0.006414046976715326 0.010692509822547436 0.006851326208561659
v -0.006414046976715326 0.010379621759057045 0.006716263946145773
v -0.007047378923743963 0.010379621759057045 0.006820079870522022
v -0.006414046976715326 0.010692509822547436 0.006851326208561659
v 0.006414046976715326 0.010379621759057045 0.006716263946145773
v -0.006414046976715326 0.010379621759057045 0.006716263946145773
v 0.006414046976715326 0.010692509822547436 0.006851326208561659
v 0.007047378923743963 0.010379621759057045 0.006820079870522022
v 0.006414046976715326 0.010379621759057045 0.006716263946145773
v 0.006414046976715326 0.010692509822547436 0.006851326208561659
v 0.006521914154291153 -0.01069493219256401 0.03629999980330467
v 0.007057895418256521 0.010557465255260468 0.03629999980330467
v 0.00651959702372551 0.010689372196793556 0.03629999980330467
v -0.007346227765083313 0.010027601383626461 0.037929389625787735
v -0.006727960426360369 0.01035339292138815 0.037889979779720306
v -0.007075585424900055 0.010678711347281933 0.034536898136138916
v -0.00769764743745327 0.010353464633226395 0.03456239774823189
v -0.007346227765083313 0.010027601383626461 0.037929389625787735
v -0.007075585424900055 0.010678711347281933 0.034536898136138916
v -0.0008652426186017692 0.01064348965883255 0.0374545119702816
v -0.0008143121958710253 -0.010650158859789371 0.03739102929830551
v -0.0006083908374421299 0.010670728981494904 0.037191297858953476
v -0.0008143121958710253 -0.010650158859789371 0.03739102929830551
v -0.0006088701775297523 -0.010670722462236881 0.03719149902462959
v -0.0006083908374421299 0.010670728981494904 0.037191297858953476
v -0.0012116906000301242 0.010582983493804932 0.03801669925451279
v -0.0011749970726668835 -0.010591194033622742 0.03794184699654579
v -0.0008652426186017692 0.01064348965883255 0.0374545119702816
v -0.0011749970726668835 -0.010591194033622742 0.03794184699654579
v -0.0008143121958710253 -0.010650158859789371 0.03739102929830551
v -0.0008652426186017692 0.01064348965883255 0.0374545119702816
v 0.007948451675474644 0.010609411634504795 0.03130054473876953
v 0.00800657644867897 0.010567691177129745 0.020400000736117363
v 0.007917341776192188 0.010625828988850117 0.03130056709051132
v 0.007703183684498072 0.010249120183289051 0.03629999980330467
v 0.007792069111019373 0.010181436315178871 0.03629999980330467
v 0.007917341776192188 0.010625828988850117 0.03130056709051132
v 0.007792069111019373 0.010181436315178871 0.03629999980330467
v 0.007948451675474644 0.010609411634504795 0.03130054473876953
v 0.007917341776192188 0.010625828988850117 0.03130056709051132
v -0.00800657644867897 0.010567691177129745 0.020400000736117363
v -0.0080141332000494 0.010566390119493008 0.03130058944225311
v -0.007916228845715523 0.010621539317071438 0.03130069375038147
v -0.0080141332000494 0.010566390119493008 0.03130058944225311
v -0.00769764743745327 0.010353464633226395 0.03456239774823189
v -0.007916228845715523 0.010621539317071438 0.03130069375038147
v 0.008011630736291409 0.010562636889517307 0.020400000736117363
v 0.00800657644867897 0.010567691177129745 0.020400000736117363
v 0.007948451675474644 0.010609411634504795 0.03130054473876953
v 0.008009038865566254 0.010559315793216228 0.031300485134124756
v 0.008011630736291409 0.010562636889517307 0.020400000736117363
v 0.007948451675474644 0.010609411634504795 0.03130054473876953
v 0.007792069111019373 0.010181436315178871 0.03629999980330467
v 0.008009038865566254 0.010559315793216228 0.031300485134124756
v 0.007948451675474644 0.010609411634504795 0.03130054473876953
v -0.005385034717619419 0.010542812757194042 0.038376521319150925
v -0.001427288050763309 0.010512229986488819 0.03864347189664841
v -0.0054497611708939075 0.010603717528283596 0.03776304051280022
v -0.001427288050763309 0.010512229986488819 0.03864347189664841
v -0.001297920709475875 0.01055468525737524 0.038267381489276886
v -0.0054497611708939075 0.010603717528283596 0.03776304051280022
v -0.0060858698561787605 0.010545087978243828 0.037833236157894135
v -0.005385034717619419 0.010542812757194042 0.038376521319150925
v -0.0054497611708939075 0.010603717528283596 0.03776304051280022
v -0.001297920709475875 0.01055468525737524 0.038267381489276886
v -0.0012975874124094844 -0.010554609820246696 0.038268037140369415
v -0.0012116906000301242 0.010582983493804932 0.03801669925451279
v -0.0012975874124094844 -0.010554609820246696 0.038268037140369415
v -0.0011749970726668835 -0.010591194033622742 0.03794184699654579
v -0.0012116906000301242 0.010582983493804932 0.03801669925451279
v -0.008011630736291409 0.010562636889517307 0.020400000736117363
v -0.0080141332000494 0.010566390119493008 0.03130058944225311
v -0.00800657644867897 0.010567691177129745 0.020400000736117363
v -0.008011630736291409 0.010562636889517307 0.020400000736117363
v -0.00801930483430624 0.010563476011157036 0.031300585716962814
v -0.0080141332000494 0.010566390119493008 0.03130058944225311
v -0.00801930483430624 0.010563476011157036 0.031300585716962814
v -0.00769764743745327 0.010353464633226395 0.03456239774823189
v -0.0080141332000494 0.010566390119493008 0.03130058944225311
v -0.008011630736291409 0.010562636889517307 0.020400000736117363
v -0.00847473181784153 0.010171647183597088 0.03130008280277252
v -0.00801930483430624 0.010563476011157036 0.031300585716962814
v -0.00847473181784153 0.010171647183597088 0.03130008280277252
v -0.008253681473433971 0.009900600649416447 0.03457087278366089
v -0.00801930483430624 0.010563476011157036 0.031300585716962814
v -0.008253681473433971 0.009900600649416447 0.03457087278366089
v -0.00769764743745327 0.010353464633226395 0.03456239774823189
v -0.00801930483430624 0.010563476011157036 0.031300585716962814
v -0.008862636052072048 0.009711630642414093 0.020400000736117363
v -0.00847473181784153 0.010171647183597088 0.03130008280277252
v -0.008011630736291409 0.010562636889517307 0.020400000736117363
v -0.00942762941122055 0.010544024407863617 0.019443951547145844
v -0.008862636052072048 0.009711630642414093 0.020400000736117363
v -0.008011630736291409 0.010562636889517307 0.020400000736117363
v 0.009470845572650433 0.010439707897603512 0.01947847381234169
v 0.009426293894648552 0.010540901683270931 0.019446777179837227
v 0.008011630736291409 0.010562636889517307 0.020400000736117363
v 0.008862636052072048 0.009711630642414093 0.020400000736117363
v 0.009470845572650433 0.010439707897603512 0.01947847381234169
v 0.008011630736291409 0.010562636889517307 0.020400000736117363
v 0.00847640261054039 0.01017287652939558 0.03130001574754715
v 0.008862636052072048 0.009711630642414093 0.020400000736117363
v 0.008011630736291409 0.010562636889517307 0.020400000736117363
v 0.008009038865566254 0.010559315793216228 0.031300485134124756
v 0.00847640261054039 0.01017287652939558 0.03130001574754715
v 0.008011630736291409 0.010562636889517307 0.020400000736117363
v 0.007792069111019373 0.010181436315178871 0.03629999980330467
v 0.00847640261054039 0.01017287652939558 0.03130001574754715
v 0.008009038865566254 0.010559315793216228 0.031300485134124756
v 0.006521914154291153 -0.01069493219256401 0.03629999980330467
v 0.007168199401348829 0.01050475798547268 0.03629999980330467
v 0.007057895418256521 0.010557465255260468 0.03629999980330467
v -0.001427288050763309 0.010512229986488819 0.03864347189664841
v -0.0012975874124094844 -0.010554609820246696 0.038268037140369415
v -0.001297920709475875 0.01055468525737524 0.038267381489276886
v -0.0053351507522165775 0.010493118315935135 0.038757748901844025
v -0.005385034717619419 0.010542812757194042 0.038376521319150925
v -0.0060858698561787605 0.010545087978243828 0.037833236157894135
v -0.005026090890169144 0.010185233317315578 0.041119687259197235
v -0.0053351507522165775 0.010493118315935135 0.038757748901844025
v -0.0060858698561787605 0.010545087978243828 0.037833236157894135
v -0.005648613441735506 0.010121780447661877 0.041201356798410416
v -0.005026090890169144 0.010185233317315578 0.041119687259197235
v -0.0060858698561787605 0.010545087978243828 0.037833236157894135
v -0.006285730749368668 0.00992767047137022 0.041266296058893204
v -0.005648613441735506 0.010121780447661877 0.041201356798410416
v -0.0060858698561787605 0.010545087978243828 0.037833236157894135
v -0.006727960426360369 0.01035339292138815 0.037889979779720306
v -0.006285730749368668 0.00992767047137022 0.041266296058893204
v -0.0060858698561787605 0.010545087978243828 0.037833236157894135
v -0.009472589939832687 0.010432831011712551 0.019481034949421883
v -0.008862636052072048 0.009711630642414093 0.020400000736117363
v -0.00942762941122055 0.010544024407863617 0.019443951547145844
v -0.009415161795914173 0.010538483038544655 0.01122997235506773
v -0.009483736008405685 0.010379621759057045 0.01122997235506773
v -0.00942762941122055 0.010544024407863617 0.019443951547145844
v -0.009483736008405685 0.010379621759057045 0.01122997235506773
v -0.009472589939832687 0.010432831011712551 0.019481034949421883
v -0.00942762941122055 0.010544024407863617 0.019443951547145844
v -0.0053351507522165775 0.010493118315935135 0.038757748901844025
v -0.0014400234213098884 0.010498525574803352 0.03875846043229103
v -0.005385034717619419 0.010542812757194042 0.038376521319150925
v -0.0014400234213098884 0.010498525574803352 0.03875846043229103
v -0.001427288050763309 0.010512229986488819 0.03864347189664841
v -0.005385034717619419 0.010542812757194042 0.038376521319150925
v 0.009470845572650433 0.010439707897603512 0.01947847381234169
v 0.009483736008405685 0.010379621759057045 0.01122997235506773
v 0.009426293894648552 0.010540901683270931 0.019446777179837227
v 0.009483736008405685 0.010379621759057045 0.01122997235506773
v 0.009416000917553902 0.010536538437008858 0.01122997235506773
v 0.009426293894648552 0.010540901683270931 0.019446777179837227
v -0.009373227134346962 0.010379621759057045 0.010425456799566746
v -0.009483736008405685 0.010379621759057045 0.01122997235506773
v -0.009415161795914173 0.010538483038544655 0.01122997235506773
v 0.009483736008405685 0.010379621759057045 0.01122997235506773
v 0.009373227134346962 0.010379621759057045 0.010425456799566746
v 0.009416000917553902 0.010536538437008858 0.01122997235506773
v -0.0014400234213098884 0.010498525574803352 0.03875846043229103
v -0.0012975874124094844 -0.010554609820246696 0.038268037140369415
v -0.001427288050763309 0.010512229986488819 0.03864347189664841
v 0.006521914154291153 -0.01069493219256401 0.03629999980330467
v 0.007703183684498072 0.010249120183289051 0.03629999980330467
v 0.007168199401348829 0.01050475798547268 0.03629999980330467
v -0.0053351507522165775 0.010493118315935135 0.038757748901844025
v -0.001500000013038516 0.010433985851705074 0.03929999843239784
v -0.0014400234213098884 0.010498525574803352 0.03875846043229103
v -0.001500000013038516 0.010433985851705074 0.03929999843239784
v -0.001500000013038516 -0.0104339849203825 0.03929999843239784
v -0.0014400234213098884 0.010498525574803352 0.03875846043229103
v -0.001500000013038516 -0.0104339849203825 0.03929999843239784
v -0.0014976238599047065 -0.010448591783642769 0.039180248975753784
v -0.0014400234213098884 0.010498525574803352 0.03875846043229103
v -0.0014073371421545744 -0.010521858930587769 0.038560058921575546
v -0.0012975874124094844 -0.010554609820246696 0.038268037140369415
v -0.0014400234213098884 0.010498525574803352 0.03875846043229103
v -0.0014976238599047065 -0.010448591783642769 0.039180248975753784
v -0.0014073371421545744 -0.010521858930587769 0.038560058921575546
v -0.0014400234213098884 0.010498525574803352 0.03875846043229103
v -0.005026090890169144 0.010185233317315578 0.041119687259197235
v -0.001500000013038516 0.010433985851705074 0.03929999843239784
v -0.0053351507522165775 0.010493118315935135 0.038757748901844025
v 0.009499999694526196 0.010200000368058681 0.019598837941884995
v 0.009499999694526196 0.010200000368058681 0.01122997235506773
v 0.009470845572650433 0.010439707897603512 0.01947847381234169
v 0.009499999694526196 0.010200000368058681 0.01122997235506773
v 0.009483736008405685 0.010379621759057045 0.01122997235506773
v 0.009470845572650433 0.010439707897603512 0.01947847381234169
v 0.008862636052072048 0.009711630642414093 0.020400000736117363
v 0.009499999694526196 0.010200000368058681 0.019598837941884995
v 0.009470845572650433 0.010439707897603512 0.01947847381234169
v -0.004979370161890984 0.01013869047164917 0.041476741433143616
v -0.001500000013038516 0.009823170490562916 0.043391842395067215
v -0.001500000013038516 0.010433985851705074 0.03929999843239784
v -0.005026090890169144 0.010185233317315578 0.041119687259197235
v -0.004979370161890984 0.01013869047164917 0.041476741433143616
v -0.001500000013038516 0.010433985851705074 0.03929999843239784
v -0.001500000013038516 -0.006672380957752466 0.050178416073322296
v -0.001500000013038516 -0.007225539069622755 0.049832530319690704
v -0.001500000013038516 0.010433985851705074 0.03929999843239784
v -0.001500000013038516 -0.007225539069622755 0.049832530319690704
v -0.001500000013038516 -0.007237267214804888 0.049821846187114716
v -0.001500000013038516 0.010433985851705074 0.03929999843239784
v -0.001500000013038516 -0.007237267214804888 0.049821846187114716
v -0.001500000013038516 -0.0072395349852740765 0.04981978237628937
v -0.001500000013038516 0.010433985851705074 0.03929999843239784
v -0.001500000013038516 -0.00808023102581501 0.04894101992249489
v -0.001500000013038516 -0.008187051862478256 0.04880565032362938
v -0.001500000013038516 0.010433985851705074 0.03929999843239784
v -0.001500000013038516 -0.0072395349852740765 0.04981978237628937
v -0.001500000013038516 -0.00808023102581501 0.04894101992249489
v -0.001500000013038516 0.010433985851705074 0.03929999843239784
v -0.001500000013038516 0.008328700438141823 0.04858237877488136
v -0.001500000013038516 0.008074222132563591 0.04893576353788376
v -0.001500000013038516 0.010433985851705074 0.03929999843239784
v -0.001500000013038516 0.008074222132563591 0.04893576353788376
v -0.001500000013038516 0.007855482399463654 0.04923952370882034
v -0.001500000013038516 0.010433985851705074 0.03929999843239784
v -0.001500000013038516 0.007855482399463654 0.04923952370882034
v -0.001500000013038516 0.007262552157044411 0.04980412870645523
v -0.001500000013038516 0.010433985851705074 0.03929999843239784
v -0.001500000013038516 0.008338579908013344 0.04856189712882042
v -0.001500000013038516 0.008328700438141823 0.04858237877488136
v -0.001500000013038516 0.010433985851705074 0.03929999843239784
v -0.001500000013038516 0.009823170490562916 0.043391842395067215
v -0.001500000013038516 0.008338579908013344 0.04856189712882042
v -0.001500000013038516 0.010433985851705074 0.03929999843239784
v -0.001500000013038516 0.007262552157044411 0.04980412870645523
v -0.001500000013038516 0.0072456710040569305 0.04981489107012749
v -0.001500000013038516 0.010433985851705074 0.03929999843239784
v -0.001500000013038516 0.0072456710040569305 0.04981489107012749
v -0.001500000013038516 0.007237304002046585 0.049820225685834885
v -0.001500000013038516 0.010433985851705074 0.03929999843239784
v -0.001500000013038516 0.007237304002046585 0.049820225685834885
v -0.001500000013038516 0.006318118888884783 0.050310201942920685
v -0.001500000013038516 0.010433985851705074 0.03929999843239784
v -0.001500000013038516 0.006318118888884783 0.050310201942920685
v -0.001500000013038516 0.006058537866920233 0.05040822923183441
v -0.001500000013038516 0.010433985851705074 0.03929999843239784
v -0.001500000013038516 0.006058537866920233 0.05040822923183441
v -0.001500000013038516 0.005496333818882704 0.050478365272283554
v -0.001500000013038516 0.010433985851705074 0.03929999843239784
v -0.001500000013038516 0.005496333818882704 0.050478365272283554
v -0.001500000013038516 -0.005496333818882704 0.050478365272283554
v -0.001500000013038516 0.010433985851705074 0.03929999843239784
v -0.001500000013038516 -0.008187051862478256 0.04880565032362938
v -0.001500000013038516 -0.00832256767898798 0.048562172800302505
v -0.001500000013038516 0.010433985851705074 0.03929999843239784
v -0.001500000013038516 -0.00832256767898798 0.048562172800302505
v -0.001500000013038516 -0.008580086752772331 0.04809949919581413
v -0.001500000013038516 0.010433985851705074 0.03929999843239784
v -0.001500000013038516 -0.008580086752772331 0.04809949919581413
v -0.001500000013038516 -0.008691851049661636 0.0478295236825943
v -0.001500000013038516 0.010433985851705074 0.03929999843239784
v -0.001500000013038516 -0.008691851049661636 0.0478295236825943
v -0.001500000013038516 -0.009414148516952991 0.045406490564346313
v -0.001500000013038516 0.010433985851705074 0.03929999843239784
v -0.001500000013038516 -0.009414148516952991 0.045406490564346313
v -0.001500000013038516 -0.010149355977773666 0.04140538349747658
v -0.001500000013038516 0.010433985851705074 0.03929999843239784
v -0.001500000013038516 -0.010149355977773666 0.04140538349747658
v -0.001500000013038516 -0.0104339849203825 0.03929999843239784
v -0.001500000013038516 0.010433985851705074 0.03929999843239784
v -0.001500000013038516 -0.005496333818882704 0.050478365272283554
v -0.001500000013038516 -0.006069676484912634 0.050404734909534454
v -0.001500000013038516 0.010433985851705074 0.03929999843239784
v -0.001500000013038516 -0.006069676484912634 0.050404734909534454
v -0.001500000013038516 -0.006317819003015757 0.050311557948589325
v -0.001500000013038516 0.010433985851705074 0.03929999843239784
v -0.001500000013038516 -0.006317819003015757 0.050311557948589325
v -0.001500000013038516 -0.006672380957752466 0.050178416073322296
v -0.001500000013038516 0.010433985851705074 0.03929999843239784
v -0.009499999694526196 0.010200000368058681 0.019598837941884995
v -0.008862636052072048 0.009711630642414093 0.020400000736117363
v -0.009472589939832687 0.010432831011712551 0.019481034949421883
v -0.009483736008405685 0.010379621759057045 0.01122997235506773
v -0.009499999694526196 0.010200000368058681 0.01122997235506773
v -0.009472589939832687 0.010432831011712551 0.019481034949421883
v -0.009499999694526196 0.010200000368058681 0.01122997235506773
v -0.009499999694526196 0.010200000368058681 0.019598837941884995
v -0.009472589939832687 0.010432831011712551 0.019481034949421883
v -0.00938888918608427 0.010200000368058681 0.010421071201562881
v -0.009499999694526196 0.010200000368058681 0.01122997235506773
v -0.009483736008405685 0.010379621759057045 0.01122997235506773
v -0.009373227134346962 0.010379621759057045 0.010425456799566746
v -0.00938888918608427 0.010200000368058681 0.010421071201562881
v -0.009483736008405685 0.010379621759057045 0.01122997235506773
v 0.009499999694526196 0.010200000368058681 0.01122997235506773
v 0.009373227134346962 0.010379621759057045 0.010425456799566746
v 0.009483736008405685 0.010379621759057045 0.01122997235506773
v -0.008844125084578991 0.010200000368058681 0.008945861831307411
v -0.00938888918608427 0.010200000368058681 0.010421071201562881
v -0.009373227134346962 0.010379621759057045 0.010425456799566746
v -0.008829372003674507 0.010379621759057045 0.00895270798355341
v -0.008844125084578991 0.010200000368058681 0.008945861831307411
v -0.009373227134346962 0.010379621759057045 0.010425456799566746
v 0.00938888918608427 0.010200000368058681 0.010421071201562881
v 0.008829372003674507 0.010379621759057045 0.00895270798355341
v 0.009373227134346962 0.010379621759057045 0.010425456799566746
v 0.009499999694526196 0.010200000368058681 0.01122997235506773
v 0.00938888918608427 0.010200000368058681 0.010421071201562881
v 0.009373227134346962 0.010379621759057045 0.010425456799566746
v -0.008055824786424637 0.010379621759057045 0.00758654810488224
v -0.008069285191595554 0.010200000368058681 0.007577419281005859
v -0.008829372003674507 0.010379621759057045 0.00895270798355341
v -0.008069285191595554 0.010200000368058681 0.007577419281005859
v -0.008844125084578991 0.010200000368058681 0.008945861831307411
v -0.008829372003674507 0.010379621759057045 0.00895270798355341
v 0.008844125084578991 0.010200000368058681 0.008945861831307411
v 0.008055824786424637 0.010379621759057045 0.00758654810488224
v 0.008829372003674507 0.010379621759057045 0.00895270798355341
v 0.00938888918608427 0.010200000368058681 0.010421071201562881
v 0.008844125084578991 0.010200000368058681 0.008945861831307411
v 0.008829372003674507 0.010379621759057045 0.00895270798355341
v -0.007614421658217907 0.010379621759057045 0.007120661903172731
v -0.007624262943863869 0.010200000368058681 0.007107713259756565
v -0.008055824786424637 0.010379621759057045 0.00758654810488224
v -0.007624262943863869 0.010200000368058681 0.007107713259756565
v -0.008069285191595554 0.010200000368058681 0.007577419281005859
v -0.008055824786424637 0.010379621759057045 0.00758654810488224
v 0.008844125084578991 0.010200000368058681 0.008945861831307411
v 0.008069285191595554 0.010200000368058681 0.007577419281005859
v 0.008055824786424637 0.010379621759057045 0.00758654810488224
v 0.008069285191595554 0.010200000368058681 0.007577419281005859
v 0.007614421658217907 0.010379621759057045 0.007120661903172731
v 0.008055824786424637 0.010379621759057045 0.00758654810488224
v -0.007047378923743963 0.010379621759057045 0.006820079870522022
v -0.007052571512758732 0.010200000368058681 0.006804666947573423
v -0.007614421658217907 0.010379621759057045 0.007120661903172731
v -0.007052571512758732 0.010200000368058681 0.006804666947573423
v -0.0073384172283113 0.010200000368058681 0.006956189870834351
v -0.007614421658217907 0.010379621759057045 0.007120661903172731
v -0.0073384172283113 0.010200000368058681 0.006956189870834351
v -0.007624262943863869 0.010200000368058681 0.007107713259756565
v -0.007614421658217907 0.010379621759057045 0.007120661903172731
v 0.007624262943863869 0.010200000368058681 0.007107713259756565
v 0.0073384172283113 0.010200000368058681 0.006956189870834351
v 0.007614421658217907 0.010379621759057045 0.007120661903172731
v 0.008069285191595554 0.010200000368058681 0.007577419281005859
v 0.007624262943863869 0.010200000368058681 0.007107713259756565
v 0.007614421658217907 0.010379621759057045 0.007120661903172731
v 0.0073384172283113 0.010200000368058681 0.006956189870834351
v 0.007047378923743963 0.010379621759057045 0.006820079870522022
v 0.007614421658217907 0.010379621759057045 0.007120661903172731
v -0.006414046976715326 0.010379621759057045 0.006716263946145773
v -0.006414046976715326 0.010200000368058681 0.0066999997943639755
v -0.007047378923743963 0.010379621759057045 0.006820079870522022
v -0.006414046976715326 0.010200000368058681 0.0066999997943639755
v -0.007052571512758732 0.010200000368058681 0.006804666947573423
v -0.007047378923743963 0.010379621759057045 0.006820079870522022
v 0.0073384172283113 0.010200000368058681 0.006956189870834351
v 0.007052571512758732 0.010200000368058681 0.006804666947573423
v 0.007047378923743963 0.010379621759057045 0.006820079870522022
v 0.007052571512758732 0.010200000368058681 0.006804666947573423
v 0.006414046976715326 0.010379621759057045 0.006716263946145773
v 0.007047378923743963 0.010379621759057045 0.006820079870522022
v 0.006414046976715326 0.010379621759057045 0.006716263946145773
v -0.006414046976715326 0.010200000368058681 0.0066999997943639755
v -0.006414046976715326 0.010379621759057045 0.006716263946145773
v 0.006414046976715326 0.010200000368058681 0.0066999997943639755
v -0.006414046976715326 0.010200000368058681 0.0066999997943639755
v 0.006414046976715326 0.010379621759057045 0.006716263946145773
v 0.007052571512758732 0.010200000368058681 0.006804666947573423
v 0.006414046976715326 0.010200000368058681 0.0066999997943639755
v 0.006414046976715326 0.010379621759057045 0.006716263946145773
v -0.007899352349340916 0.00957559049129486 0.03794733062386513
v -0.007346227765083313 0.010027601383626461 0.037929389625787735
v -0.00769764743745327 0.010353464633226395 0.03456239774823189
v -0.008253681473433971 0.009900600649416447 0.03457087278366089
v -0.007899352349340916 0.00957559049129486 0.03794733062386513
v -0.00769764743745327 0.010353464633226395 0.03456239774823189
v -0.006899441126734018 0.009601645171642303 0.0413086898624897
v -0.006285730749368668 0.00992767047137022 0.041266296058893204
v -0.006727960426360369 0.01035339292138815 0.037889979779720306
v -0.007346227765083313 0.010027601383626461 0.037929389625787735
v -0.006899441126734018 0.009601645171642303 0.0413086898624897
v -0.006727960426360369 0.01035339292138815 0.037889979779720306
v 0.006521914154291153 -0.01069493219256401 0.03629999980330467
v 0.007792069111019373 0.010181436315178871 0.03629999980330467
v 0.007703183684498072 0.010249120183289051 0.03629999980330467
v -0.008867690339684486 0.009706576354801655 0.020400000736117363
v -0.008862636052072048 0.009711630642414093 0.020400000736117363
v -0.009499999694526196 0.010200000368058681 0.019598837941884995
v -0.009499998763203621 0.010153337381780148 0.019622011110186577
v -0.008867690339684486 0.009706576354801655 0.020400000736117363
v -0.009499999694526196 0.010200000368058681 0.019598837941884995
v -0.009499999694526196 0.010200000368058681 0.01122997235506773
v -0.009499998763203621 0.010153337381780148 0.019622011110186577
v -0.009499999694526196 0.010200000368058681 0.019598837941884995
v 0.008862636052072048 0.009711630642414093 0.020400000736117363
v 0.009499996900558472 0.010149751789867878 0.019627265632152557
v 0.009499999694526196 0.010200000368058681 0.019598837941884995
v 0.009499999694526196 0.0050999997183680534 0.01122997235506773
v 0.009499999694526196 0.010200000368058681 0.01122997235506773
v 0.009499999694526196 0.010200000368058681 0.019598837941884995
v 0.009499996900558472 0.010149751789867878 0.019627265632152557
v 0.009499999694526196 0.0050999997183680534 0.01122997235506773
v 0.009499999694526196 0.010200000368058681 0.019598837941884995
v -0.009499999694526196 0.0050999997183680534 0.01122997235506773
v -0.009499998763203621 0.010153337381780148 0.019622011110186577
v -0.009499999694526196 0.010200000368058681 0.01122997235506773
v -0.00938888918608427 0.010200000368058681 0.010421071201562881
v -0.00938888918608427 0.005558122880756855 0.010421071201562881
v -0.009499999694526196 0.010200000368058681 0.01122997235506773
v -0.00938888918608427 0.005558122880756855 0.010421071201562881
v -0.009428606368601322 0.005471065174788237 0.010579394176602364
v -0.009499999694526196 0.010200000368058681 0.01122997235506773
v -0.009428606368601322 0.005471065174788237 0.010579394176602364
v -0.00943361409008503 0.005445041228085756 0.010625021532177925
v -0.009499999694526196 0.010200000368058681 0.01122997235506773
v -0.00943361409008503 0.005445041228085756 0.010625021532177925
v -0.009499999694526196 0.0050999997183680534 0.01122997235506773
v -0.009499999694526196 0.010200000368058681 0.01122997235506773
v 0.009425283409655094 0.005441898945719004 0.01062787789851427
v 0.00938888918608427 0.010200000368058681 0.010421071201562881
v 0.009499999694526196 0.010200000368058681 0.01122997235506773
v 0.00949142500758171 0.005230674985796213 0.011003725230693817
v 0.009425283409655094 0.005441898945719004 0.01062787789851427
v 0.009499999694526196 0.010200000368058681 0.01122997235506773
v 0.009499999694526196 0.0050999997183680534 0.01122997235506773
v 0.00949142500758171 0.005230674985796213 0.011003725230693817
v 0.009499999694526196 0.010200000368058681 0.01122997235506773
v -0.00920143723487854 0.00580270541831851 0.009834540076553822
v -0.00938888918608427 0.005558122880756855 0.010421071201562881
v -0.00938888918608427 0.010200000368058681 0.010421071201562881
v -0.008844125084578991 0.010200000368058681 0.008945861831307411
v -0.00886158924549818 0.006032668519765139 0.00898370798677206
v -0.00938888918608427 0.010200000368058681 0.010421071201562881
v -0.00886158924549818 0.006032668519765139 0.00898370798677206
v -0.009173317812383175 0.0058393944054841995 0.009746557101607323
v -0.00938888918608427 0.010200000368058681 0.010421071201562881
v -0.009173317812383175 0.0058393944054841995 0.009746557101607323
v -0.00920143723487854 0.00580270541831851 0.009834540076553822
v -0.00938888918608427 0.010200000368058681 0.010421071201562881
v 0.00920355599373579 0.005804432090371847 0.009837181307375431
v 0.00918634608387947 0.005827303975820541 0.009782961569726467
v 0.00938888918608427 0.010200000368058681 0.010421071201562881
v 0.00938888918608427 0.005558122880756855 0.010421071201562881
v 0.00920355599373579 0.005804432090371847 0.009837181307375431
v 0.00938888918608427 0.010200000368058681 0.010421071201562881
v 0.008843600749969482 0.006029113661497831 0.008955927565693855
v 0.008844125084578991 0.010200000368058681 0.008945861831307411
v 0.00938888918608427 0.010200000368058681 0.010421071201562881
v 0.008908821269869804 0.006012844853103161 0.00908825732767582
v 0.008843600749969482 0.006029113661497831 0.008955927565693855
v 0.00938888918608427 0.010200000368058681 0.010421071201562881
v 0.00918634608387947 0.005827303975820541 0.009782961569726467
v 0.008908821269869804 0.006012844853103161 0.00908825732767582
v 0.00938888918608427 0.010200000368058681 0.010421071201562881
v 0.009425283409655094 0.005441898945719004 0.01062787789851427
v 0.00938888918608427 0.005558122880756855 0.010421071201562881
v 0.00938888918608427 0.010200000368058681 0.010421071201562881
v -0.008069285191595554 0.010200000368058681 0.007577419281005859
v -0.008069285191595554 0.006099999882280827 0.007577419281005859
v -0.008844125084578991 0.010200000368058681 0.008945861831307411
v -0.008069285191595554 0.006099999882280827 0.007577419281005859
v -0.008500000461935997 0.006099999882280827 0.008273757062852383
v -0.008844125084578991 0.010200000368058681 0.008945861831307411
v -0.008500000461935997 0.006099999882280827 0.008273757062852383
v -0.008842687122523785 0.0060361879877746105 0.008946593850851059
v -0.008844125084578991 0.010200000368058681 0.008945861831307411
v -0.008842687122523785 0.0060361879877746105 0.008946593850851059
v -0.008845971897244453 0.0060355765745043755 0.008953043259680271
v -0.008844125084578991 0.010200000368058681 0.008945861831307411
v -0.008845971897244453 0.0060355765745043755 0.008953043259680271
v -0.00886158924549818 0.006032668519765139 0.00898370798677206
v -0.008844125084578991 0.010200000368058681 0.008945861831307411
v 0.008843600749969482 0.006029113661497831 0.008955927565693855
v 0.008839711546897888 0.006030083633959293 0.008948036469519138
v 0.008844125084578991 0.010200000368058681 0.008945861831307411
v 0.008500000461935997 0.006099999882280827 0.008273757062852383
v 0.008069285191595554 0.010200000368058681 0.007577419281005859
v 0.008844125084578991 0.010200000368058681 0.008945861831307411
v 0.008568523451685905 0.006097729317843914 0.008397805504500866
v 0.008500000461935997 0.006099999882280827 0.008273757062852383
v 0.008844125084578991 0.010200000368058681 0.008945861831307411
v 0.008839711546897888 0.006030083633959293 0.008948036469519138
v 0.008568523451685905 0.006097729317843914 0.008397805504500866
v 0.008844125084578991 0.010200000368058681 0.008945861831307411
v -0.007624262943863869 0.010200000368058681 0.007107713259756565
v -0.008069285191595554 0.006099999882280827 0.007577419281005859
v -0.008069285191595554 0.010200000368058681 0.007577419281005859
v 0.008500000461935997 0.006099999882280827 0.008273757062852383
v 0.008069285191595554 0.006099999882280827 0.007577419281005859
v 0.008069285191595554 0.010200000368058681 0.007577419281005859
v 0.008069285191595554 0.006099999882280827 0.007577419281005859
v 0.007624262943863869 0.010200000368058681 0.007107713259756565
v 0.008069285191595554 0.010200000368058681 0.007577419281005859
v -0.007350753527134657 0.006099999882280827 0.006932917516678572
v -0.008069285191595554 0.006099999882280827 0.007577419281005859
v -0.007624262943863869 0.010200000368058681 0.007107713259756565
v -0.0073384172283113 0.010200000368058681 0.006956189870834351
v -0.007350753527134657 0.006099999882280827 0.006932917516678572
v -0.007624262943863869 0.010200000368058681 0.007107713259756565
v 0.008069285191595554 0.006099999882280827 0.007577419281005859
v 0.007350753527134657 0.006099999882280827 0.006932917516678572
v 0.007624262943863869 0.010200000368058681 0.007107713259756565
v 0.007350753527134657 0.006099999882280827 0.006932917516678572
v 0.0073384172283113 0.010200000368058681 0.006956189870834351
v 0.007624262943863869 0.010200000368058681 0.007107713259756565
v -0.007052571512758732 0.010200000368058681 0.006804666947573423
v -0.007350753527134657 0.006099999882280827 0.006932917516678572
v -0.0073384172283113 0.010200000368058681 0.006956189870834351
v 0.007350753527134657 0.006099999882280827 0.006932917516678572
v 0.007052571512758732 0.010200000368058681 0.006804666947573423
v 0.0073384172283113 0.010200000368058681 0.006956189870834351
v -0.006414046976715326 0.010200000368058681 0.0066999997943639755
v -0.006414046976715326 0.006099999882280827 0.0066999997943639755
v -0.007052571512758732 0.010200000368058681 0.006804666947573423
v -0.006414046976715326 0.006099999882280827 0.0066999997943639755
v -0.007350753527134657 0.006099999882280827 0.006932917516678572
v -0.007052571512758732 0.010200000368058681 0.006804666947573423
v 0.006414046976715326 0.006099999882280827 0.0066999997943639755
v 0.006414046976715326 0.010200000368058681 0.0066999997943639755
v 0.007052571512758732 0.010200000368058681 0.006804666947573423
v 0.007350753527134657 0.006099999882280827 0.006932917516678572
v 0.006414046976715326 0.006099999882280827 0.0066999997943639755
v 0.007052571512758732 0.010200000368058681 0.006804666947573423
v 0.006414046976715326 0.006099999882280827 0.0066999997943639755
v -0.006414046976715326 0.006099999882280827 0.0066999997943639755
v -0.006414046976715326 0.010200000368058681 0.0066999997943639755
v 0.006414046976715326 0.010200000368058681 0.0066999997943639755
v 0.006414046976715326 0.006099999882280827 0.0066999997943639755
v -0.006414046976715326 0.010200000368058681 0.0066999997943639755
v -0.005648613441735506 0.010121780447661877 0.041201356798410416
v -0.004979370161890984 0.01013869047164917 0.041476741433143616
v -0.005026090890169144 0.010185233317315578 0.041119687259197235
v 0.008269145153462887 0.009818158112466335 0.03629999980330467
v 0.00847640261054039 0.01017287652939558 0.03130001574754715
v 0.007792069111019373 0.010181436315178871 0.03629999980330467
v 0.006521914154291153 -0.01069493219256401 0.03629999980330467
v 0.008269145153462887 0.009818158112466335 0.03629999980330467
v 0.007792069111019373 0.010181436315178871 0.03629999980330467
v 0.008488054387271404 0.010163241997361183 0.031300004571676254
v 0.008862636052072048 0.009711630642414093 0.020400000736117363
v 0.00847640261054039 0.01017287652939558 0.03130001574754715
v 0.008269145153462887 0.009818158112466335 0.03629999980330467
v 0.008347995579242706 0.009727333672344685 0.03629999980330467
v 0.00847640261054039 0.01017287652939558 0.03130001574754715
v 0.008347995579242706 0.009727333672344685 0.03629999980330467
v 0.008488054387271404 0.010163241997361183 0.031300004571676254
v 0.00847640261054039 0.01017287652939558 0.03130001574754715
v -0.008862636052072048 0.009711630642414093 0.020400000736117363
v -0.00852871872484684 0.01012519933283329 0.03130002319812775
v -0.00847473181784153 0.010171647183597088 0.03130008280277252
v -0.00852871872484684 0.01012519933283329 0.03130002319812775
v -0.008253681473433971 0.009900600649416447 0.03457087278366089
v -0.00847473181784153 0.010171647183597088 0.03130008280277252
v 0.008856944739818573 0.009707201272249222 0.03130142018198967
v 0.008862636052072048 0.009711630642414093 0.020400000736117363
v 0.008488054387271404 0.010163241997361183 0.031300004571676254
v 0.008347995579242706 0.009727333672344685 0.03629999980330467
v 0.00873978529125452 0.009276047348976135 0.03629999980330467
v 0.008488054387271404 0.010163241997361183 0.031300004571676254
v 0.00873978529125452 0.009276047348976135 0.03629999980330467
v 0.008856944739818573 0.009707201272249222 0.03130142018198967
v 0.008488054387271404 0.010163241997361183 0.031300004571676254
v -0.009499972686171532 0.00923352874815464 0.020078806206583977
v -0.008867690339684486 0.009706576354801655 0.020400000736117363
v -0.009499998763203621 0.010153337381780148 0.019622011110186577
v -0.009499999694526196 0.0050999997183680534 0.01122997235506773
v -0.009499972686171532 0.00923352874815464 0.020078806206583977
v -0.009499998763203621 0.010153337381780148 0.019622011110186577
v 0.008867690339684486 0.009706576354801655 0.020400000736117363
v 0.009499987587332726 0.010003464296460152 0.019710028544068336
v 0.009499996900558472 0.010149751789867878 0.019627265632152557
v 0.008862636052072048 0.009711630642414093 0.020400000736117363
v 0.008867690339684486 0.009706576354801655 0.020400000736117363
v 0.009499996900558472 0.010149751789867878 0.019627265632152557
v 0.009499987587332726 0.010003464296460152 0.019710028544068336
v 0.009499999694526196 0.0050999997183680534 0.01122997235506773
v 0.009499996900558472 0.010149751789867878 0.019627265632152557
v -0.0046842326410114765 0.009812342934310436 0.04338999092578888
v -0.001500000013038516 0.009823170490562916 0.043391842395067215
v -0.004979370161890984 0.01013869047164917 0.041476741433143616
v -0.005648613441735506 0.010121780447661877 0.041201356798410416
v -0.0046842326410114765 0.009812342934310436 0.04338999092578888
v -0.004979370161890984 0.01013869047164917 0.041476741433143616
v -0.008862636052072048 0.009711630642414093 0.020400000736117363
v -0.00885840691626072 0.009708472527563572 0.03130107372999191
v -0.00852871872484684 0.01012519933283329 0.03130002319812775
v -0.00885840691626072 0.009708472527563572 0.03130107372999191
v -0.008706590160727501 0.009344621561467648 0.03456125780940056
v -0.00852871872484684 0.01012519933283329 0.03130002319812775
v -0.008706590160727501 0.009344621561467648 0.03456125780940056
v -0.008253681473433971 0.009900600649416447 0.03457087278366089
v -0.00852871872484684 0.01012519933283329 0.03130002319812775
v -0.005132131278514862 0.009545540437102318 0.044523146003484726
v -0.0046842326410114765 0.009812342934310436 0.04338999092578888
v -0.005648613441735506 0.010121780447661877 0.041201356798410416
v -0.005505444016307592 0.00943184457719326 0.044572774320840836
v -0.005132131278514862 0.009545540437102318 0.044523146003484726
v -0.005648613441735506 0.010121780447661877 0.041201356798410416
v -0.006285730749368668 0.00992767047137022 0.041266296058893204
v -0.005505444016307592 0.00943184457719326 0.044572774320840836
v -0.005648613441735506 0.010121780447661877 0.041201356798410416
v -0.007449211552739143 0.009151709266006947 0.04132377728819847
v -0.006899441126734018 0.009601645171642303 0.0413086898624897
v -0.007346227765083313 0.010027601383626461 0.037929389625787735
v -0.007899352349340916 0.00957559049129486 0.03794733062386513
v -0.007449211552739143 0.009151709266006947 0.04132377728819847
v -0.007346227765083313 0.010027601383626461 0.037929389625787735
v 0.008867690339684486 0.009706576354801655 0.020400000736117363
v 0.009499989449977875 0.009110773913562298 0.020126380026340485
v 0.009499987587332726 0.010003464296460152 0.019710028544068336
v 0.009499989449977875 0.009110773913562298 0.020126380026340485
v 0.009499999694526196 0.0050999997183680534 0.01122997235506773
v 0.009499987587332726 0.010003464296460152 0.019710028544068336
v -0.005720272660255432 0.009366416372358799 0.044601332396268845
v -0.005505444016307592 0.00943184457719326 0.044572774320840836
v -0.006285730749368668 0.00992767047137022 0.041266296058893204
v -0.006899441126734018 0.009601645171642303 0.0413086898624897
v -0.00599783007055521 0.009221781976521015 0.044615473598241806
v -0.006285730749368668 0.00992767047137022 0.041266296058893204
v -0.00599783007055521 0.009221781976521015 0.044615473598241806
v -0.005758207757025957 0.00934664811939001 0.044603265821933746
v -0.006285730749368668 0.00992767047137022 0.041266296058893204
v -0.005758207757025957 0.00934664811939001 0.044603265821933746
v -0.005720272660255432 0.009366416372358799 0.044601332396268845
v -0.006285730749368668 0.00992767047137022 0.041266296058893204
v -0.008350715972483158 0.009021671488881111 0.03794201463460922
v -0.007899352349340916 0.00957559049129486 0.03794733062386513
v -0.008253681473433971 0.009900600649416447 0.03457087278366089
v -0.008706590160727501 0.009344621561467648 0.03456125780940056
v -0.008350715972483158 0.009021671488881111 0.03794201463460922
v -0.008253681473433971 0.009900600649416447 0.03457087278366089
v -0.0046842326410114765 0.009812342934310436 0.04338999092578888
v -0.004577938001602888 0.009694807231426239 0.04407905787229538
v -0.001500000013038516 0.009823170490562916 0.043391842395067215
v -0.004577938001602888 0.009694807231426239 0.04407905787229538
v -0.004068207461386919 0.00951284822076559 0.044912636280059814
v -0.001500000013038516 0.009823170490562916 0.043391842395067215
v -0.004068207461386919 0.00951284822076559 0.044912636280059814
v -0.001500000013038516 0.009236915037035942 0.046117380261421204
v -0.001500000013038516 0.009823170490562916 0.043391842395067215
v -0.001500000013038516 0.009236915037035942 0.046117380261421204
v -0.001500000013038516 0.008338579908013344 0.04856189712882042
v -0.001500000013038516 0.009823170490562916 0.043391842395067215
v 0.006521914154291153 -0.01069493219256401 0.03629999980330467
v 0.008347995579242706 0.009727333672344685 0.03629999980330467
v 0.008269145153462887 0.009818158112466335 0.03629999980330467
v -0.005132131278514862 0.009545540437102318 0.044523146003484726
v -0.004577938001602888 0.009694807231426239 0.04407905787229538
v -0.0046842326410114765 0.009812342934310436 0.04338999092578888
v 0.006521914154291153 -0.01069493219256401 0.03629999980330467
v 0.00873978529125452 0.009276047348976135 0.03629999980330467
v 0.008347995579242706 0.009727333672344685 0.03629999980330467
v -0.008935999125242233 0.009610394015908241 0.03130132332444191
v -0.00885840691626072 0.009708472527563572 0.03130107372999191
v -0.008862636052072048 0.009711630642414093 0.020400000736117363
v -0.008867690339684486 0.009706576354801655 0.020400000736117363
v -0.008935999125242233 0.009610394015908241 0.03130132332444191
v -0.008862636052072048 0.009711630642414093 0.020400000736117363
v 0.008856944739818573 0.009707201272249222 0.03130142018198967
v 0.008923443965613842 0.009624991565942764 0.031301673501729965
v 0.008862636052072048 0.009711630642414093 0.020400000736117363
v 0.008923443965613842 0.009624991565942764 0.031301673501729965
v 0.008867690339684486 0.009706576354801655 0.020400000736117363
v 0.008862636052072048 0.009711630642414093 0.020400000736117363
v -0.008935999125242233 0.009610394015908241 0.03130132332444191
v -0.008706590160727501 0.009344621561467648 0.03456125780940056
v -0.00885840691626072 0.009708472527563572 0.03130107372999191
v 0.00873978529125452 0.009276047348976135 0.03629999980330467
v 0.008923443965613842 0.009624991565942764 0.031301673501729965
v 0.008856944739818573 0.009707201272249222 0.03130142018198967
v -0.009372578002512455 0.008621985092759132 0.020400000736117363
v -0.009368064813315868 0.008620817214250565 0.03130027651786804
v -0.008867690339684486 0.009706576354801655 0.020400000736117363
v -0.009368064813315868 0.008620817214250565 0.03130027651786804
v -0.009241278283298016 0.008986055850982666 0.03130154684185982
v -0.008867690339684486 0.009706576354801655 0.020400000736117363
v -0.009174360893666744 0.0091788275167346 0.03130221739411354
v -0.008935999125242233 0.009610394015908241 0.03130132332444191
v -0.008867690339684486 0.009706576354801655 0.020400000736117363
v -0.009241278283298016 0.008986055850982666 0.03130154684185982
v -0.009174360893666744 0.0091788275167346 0.03130221739411354
v -0.008867690339684486 0.009706576354801655 0.020400000736117363
v -0.009499972686171532 0.00923352874815464 0.020078806206583977
v -0.009372578002512455 0.008621985092759132 0.020400000736117363
v -0.008867690339684486 0.009706576354801655 0.020400000736117363
v 0.009500076062977314 0.008638436906039715 0.02026304602622986
v 0.009499989449977875 0.009110773913562298 0.020126380026340485
v 0.008867690339684486 0.009706576354801655 0.020400000736117363
v 0.009372578002512455 0.008621985092759132 0.020400000736117363
v 0.009500076062977314 0.008638436906039715 0.02026304602622986
v 0.008867690339684486 0.009706576354801655 0.020400000736117363
v 0.008923443965613842 0.009624991565942764 0.031301673501729965
v 0.008929777890443802 0.009613166563212872 0.03130168840289116
v 0.008867690339684486 0.009706576354801655 0.020400000736117363
v 0.008929777890443802 0.009613166563212872 0.03130168840289116
v 0.009219089522957802 0.009073098190128803 0.03130226582288742
v 0.008867690339684486 0.009706576354801655 0.020400000736117363
v 0.009219089522957802 0.009073098190128803 0.03130226582288742
v 0.009372578002512455 0.008621985092759132 0.020400000736117363
v 0.008867690339684486 0.009706576354801655 0.020400000736117363
v -0.004520790185779333 0.009628565981984138 0.04441511258482933
v -0.004068207461386919 0.00951284822076559 0.044912636280059814
v -0.004577938001602888 0.009694807231426239 0.04407905787229538
v -0.00508852070197463 0.009558822959661484 0.04451734945178032
v -0.004520790185779333 0.009628565981984138 0.04441511258482933
v -0.004577938001602888 0.009694807231426239 0.04407905787229538
v -0.005132131278514862 0.009545540437102318 0.044523146003484726
v -0.00508852070197463 0.009558822959661484 0.04451734945178032
v -0.004577938001602888 0.009694807231426239 0.04407905787229538
v -0.00508852070197463 0.009558822959661484 0.04451734945178032
v -0.004068207461386919 0.00951284822076559 0.044912636280059814
v -0.004520790185779333 0.009628565981984138 0.04441511258482933
v 0.00873978529125452 0.009276047348976135 0.03629999980330467
v 0.008929777890443802 0.009613166563212872 0.03130168840289116
v 0.008923443965613842 0.009624991565942764 0.031301673501729965
v 0.008799775503575802 0.009168840944766998 0.03629999980330467
v 0.009219089522957802 0.009073098190128803 0.03130226582288742
v 0.008929777890443802 0.009613166563212872 0.03130168840289116
v 0.00873978529125452 0.009276047348976135 0.03629999980330467
v 0.008799775503575802 0.009168840944766998 0.03629999980330467
v 0.008929777890443802 0.009613166563212872 0.03130168840289116
v -0.009174360893666744 0.0091788275167346 0.03130221739411354
v -0.008706590160727501 0.009344621561467648 0.03456125780940056
v -0.008935999125242233 0.009610394015908241 0.03130132332444191
v -0.006469402927905321 0.008947072550654411 0.044625576585531235
v -0.00635946961119771 0.009033333510160446 0.0446339026093483
v -0.006899441126734018 0.009601645171642303 0.0413086898624897
v -0.00635946961119771 0.009033333510160446 0.0446339026093483
v -0.00599783007055521 0.009221781976521015 0.044615473598241806
v -0.006899441126734018 0.009601645171642303 0.0413086898624897
v -0.00689928000792861 0.00860976055264473 0.04459302872419357
v -0.006469402927905321 0.008947072550654411 0.044625576585531235
v -0.006899441126734018 0.009601645171642303 0.0413086898624897
v -0.007449211552739143 0.009151709266006947 0.04132377728819847
v -0.00689928000792861 0.00860976055264473 0.04459302872419357
v -0.006899441126734018 0.009601645171642303 0.0413086898624897
v -0.007899075746536255 0.00860185083001852 0.04130978509783745
v -0.007449211552739143 0.009151709266006947 0.04132377728819847
v -0.007899352349340916 0.00957559049129486 0.03794733062386513
v -0.008350715972483158 0.009021671488881111 0.03794201463460922
v -0.007899075746536255 0.00860185083001852 0.04130978509783745
v -0.007899352349340916 0.00957559049129486 0.03794733062386513
v -0.005132131278514862 0.009545540437102318 0.044523146003484726
v -0.004666940309107304 0.009256171993911266 0.0454569086432457
v -0.00508852070197463 0.009558822959661484 0.04451734945178032
v -0.004666940309107304 0.009256171993911266 0.0454569086432457
v -0.004068207461386919 0.00951284822076559 0.044912636280059814
v -0.00508852070197463 0.009558822959661484 0.04451734945178032
v -0.005505444016307592 0.00943184457719326 0.044572774320840836
v -0.004666940309107304 0.009256171993911266 0.0454569086432457
v -0.005132131278514862 0.009545540437102318 0.044523146003484726
v -0.0029731334652751684 0.009232858195900917 0.04611644893884659
v -0.001500000013038516 0.009236915037035942 0.046117380261421204
v -0.004068207461386919 0.00951284822076559 0.044912636280059814
v -0.004666940309107304 0.009256171993911266 0.0454569086432457
v -0.0029731334652751684 0.009232858195900917 0.04611644893884659
v -0.004068207461386919 0.00951284822076559 0.044912636280059814
v -0.004962954670190811 0.009005955420434475 0.04569896683096886
v -0.004666940309107304 0.009256171993911266 0.0454569086432457
v -0.005505444016307592 0.00943184457719326 0.044572774320840836
v -0.005720272660255432 0.009366416372358799 0.044601332396268845
v -0.004962954670190811 0.009005955420434475 0.04569896683096886
v -0.005505444016307592 0.00943184457719326 0.044572774320840836
v -0.005758207757025957 0.00934664811939001 0.044603265821933746
v -0.004962954670190811 0.009005955420434475 0.04569896683096886
v -0.005720272660255432 0.009366416372358799 0.044601332396268845
v -0.00599783007055521 0.009221781976521015 0.044615473598241806
v -0.004962954670190811 0.009005955420434475 0.04569896683096886
v -0.005758207757025957 0.00934664811939001 0.044603265821933746
v -0.009174360893666744 0.0091788275167346 0.03130221739411354
v -0.009031868539750576 0.008722621947526932 0.03453468903899193
v -0.008706590160727501 0.009344621561467648 0.03456125780940056
v -0.008676039054989815 0.008402517065405846 0.0379144623875618
v -0.008350715972483158 0.009021671488881111 0.03794201463460922
v -0.008706590160727501 0.009344621561467648 0.03456125780940056
v -0.009031868539750576 0.008722621947526932 0.03453468903899193
v -0.008676039054989815 0.008402517065405846 0.0379144623875618
v -0.008706590160727501 0.009344621561467648 0.03456125780940056
v 0.006521914154291153 -0.01069493219256401 0.03629999980330467
v 0.008799775503575802 0.009168840944766998 0.03629999980330467
v 0.00873978529125452 0.009276047348976135 0.03629999980330467
v -0.003185573033988476 0.00882640015333891 0.04705332964658737
v -0.0029731334652751684 0.009232858195900917 0.04611644893884659
v -0.004666940309107304 0.009256171993911266 0.0454569086432457
v -0.0034754101652652025 0.00857511255890131 0.04727039113640785
v -0.003185573033988476 0.00882640015333891 0.04705332964658737
v -0.004666940309107304 0.009256171993911266 0.0454569086432457
v -0.004962954670190811 0.009005955420434475 0.04569896683096886
v -0.0034754101652652025 0.00857511255890131 0.04727039113640785
v -0.004666940309107304 0.009256171993911266 0.0454569086432457
v -0.0028661172837018967 0.009205495938658714 0.04623408988118172
v -0.00259773270227015 0.009107867255806923 0.046546101570129395
v -0.001500000013038516 0.009236915037035942 0.046117380261421204
v -0.00259773270227015 0.009107867255806923 0.046546101570129395
v -0.0017150923376902938 0.008786794729530811 0.047572214156389236
v -0.001500000013038516 0.009236915037035942 0.046117380261421204
v -0.0017150923376902938 0.008786794729530811 0.047572214156389236
v -0.001500000013038516 0.008691851049661636 0.0478295236825943
v -0.001500000013038516 0.009236915037035942 0.046117380261421204
v -0.0029731334652751684 0.009232858195900917 0.04611644893884659
v -0.0028661172837018967 0.009205495938658714 0.04623408988118172
v -0.001500000013038516 0.009236915037035942 0.046117380261421204
v -0.001500000013038516 0.008691851049661636 0.0478295236825943
v -0.001500000013038516 0.008338579908013344 0.04856189712882042
v -0.001500000013038516 0.009236915037035942 0.046117380261421204
v -0.009499984793365002 0.008637737482786179 0.020265799015760422
v -0.009372578002512455 0.008621985092759132 0.020400000736117363
v -0.009499972686171532 0.00923352874815464 0.020078806206583977
v -0.009499999694526196 0.0050999997183680534 0.01122997235506773
v -0.009499984793365002 0.008637737482786179 0.020265799015760422
v -0.009499972686171532 0.00923352874815464 0.020078806206583977
v -0.003185573033988476 0.00882640015333891 0.04705332964658737
v -0.0028661172837018967 0.009205495938658714 0.04623408988118172
v -0.0029731334652751684 0.009232858195900917 0.04611644893884659
v -0.0052330102771520615 0.008685643784701824 0.04589995741844177
v -0.004962954670190811 0.009005955420434475 0.04569896683096886
v -0.00599783007055521 0.009221781976521015 0.044615473598241806
v -0.00635946961119771 0.009033333510160446 0.0446339026093483
v -0.0052330102771520615 0.008685643784701824 0.04589995741844177
v -0.00599783007055521 0.009221781976521015 0.044615473598241806
v -0.003185573033988476 0.00882640015333891 0.04705332964658737
v -0.00259773270227015 0.009107867255806923 0.046546101570129395
v -0.0028661172837018967 0.009205495938658714 0.04623408988118172
v -0.009241278283298016 0.008986055850982666 0.03130154684185982
v -0.009031868539750576 0.008722621947526932 0.03453468903899193
v -0.009174360893666744 0.0091788275167346 0.03130221739411354
v 0.00908809993416071 0.008653582073748112 0.03629999980330467
v 0.009219089522957802 0.009073098190128803 0.03130226582288742
v 0.008799775503575802 0.009168840944766998 0.03629999980330467
v 0.006521914154291153 -0.01069493219256401 0.03629999980330467
v 0.00908809993416071 0.008653582073748112 0.03629999980330467
v 0.008799775503575802 0.009168840944766998 0.03629999980330467
v -0.007899075746536255 0.00860185083001852 0.04130978509783745
v -0.007695705164223909 0.00839157123118639 0.04258979856967926
v -0.007449211552739143 0.009151709266006947 0.04132377728819847
v -0.007695705164223909 0.00839157123118639 0.04258979856967926
v -0.007410536985844374 0.008469337597489357 0.04347716644406319
v -0.007449211552739143 0.009151709266006947 0.04132377728819847
v -0.007410536985844374 0.008469337597489357 0.04347716644406319
v -0.006942675448954105 0.008585079573094845 0.04455103725194931
v -0.007449211552739143 0.009151709266006947 0.04132377728819847
v -0.006921109743416309 0.008592631667852402 0.044591374695301056
v -0.00689928000792861 0.00860976055264473 0.04459302872419357
v -0.007449211552739143 0.009151709266006947 0.04132377728819847
v -0.006942675448954105 0.008585079573094845 0.04455103725194931
v -0.006921109743416309 0.008592631667852402 0.044591374695301056
v -0.007449211552739143 0.009151709266006947 0.04132377728819847
v 0.009500076062977314 0.008638436906039715 0.02026304602622986
v 0.009499999694526196 0.0050999997183680534 0.01122997235506773
v 0.009499989449977875 0.009110773913562298 0.020126380026340485
v -0.003185573033988476 0.00882640015333891 0.04705332964658737
v -0.0017150923376902938 0.008786794729530811 0.047572214156389236
v -0.00259773270227015 0.009107867255806923 0.046546101570129395
v 0.009246991947293282 0.00898356270045042 0.031302109360694885
v 0.009372578002512455 0.008621985092759132 0.020400000736117363
v 0.009219089522957802 0.009073098190128803 0.03130226582288742
v 0.00908809993416071 0.008653582073748112 0.03629999980330467
v 0.009246991947293282 0.00898356270045042 0.031302109360694885
v 0.009219089522957802 0.009073098190128803 0.03130226582288742
v -0.006469402927905321 0.008947072550654411 0.044625576585531235
v -0.0052330102771520615 0.008685643784701824 0.04589995741844177
v -0.00635946961119771 0.009033333510160446 0.0446339026093483
v -0.00841082725673914 0.008165485225617886 0.03992753103375435
v -0.007899075746536255 0.00860185083001852 0.04130978509783745
v -0.008350715972483158 0.009021671488881111 0.03794201463460922
v -0.008676039054989815 0.008402517065405846 0.0379144623875618
v -0.00841082725673914 0.008165485225617886 0.03992753103375435
v -0.008350715972483158 0.009021671488881111 0.03794201463460922
v -0.003741672495380044 0.008260803297162056 0.0474456325173378
v -0.0034754101652652025 0.00857511255890131 0.04727039113640785
v -0.004962954670190811 0.009005955420434475 0.04569896683096886
v -0.0052330102771520615 0.008685643784701824 0.04589995741844177
v -0.003741672495380044 0.008260803297162056 0.0474456325173378
v -0.004962954670190811 0.009005955420434475 0.04569896683096886
v -0.009368064813315868 0.008620817214250565 0.03130027651786804
v -0.009031868539750576 0.008722621947526932 0.03453468903899193
v -0.009241278283298016 0.008986055850982666 0.03130154684185982
v 0.009360666386783123 0.008618789725005627 0.03130147606134415
v 0.009372578002512455 0.008621985092759132 0.020400000736117363
v 0.009246991947293282 0.00898356270045042 0.031302109360694885
v 0.00908809993416071 0.008653582073748112 0.03629999980330467
v 0.009122950956225395 0.00854321289807558 0.03629999980330467
v 0.009246991947293282 0.00898356270045042 0.031302109360694885
v 0.009122950956225395 0.00854321289807558 0.03629999980330467
v 0.009360666386783123 0.008618789725005627 0.03130147606134415
v 0.009246991947293282 0.00898356270045042 0.031302109360694885
v -0.00689928000792861 0.00860976055264473 0.04459302872419357
v -0.0052330102771520615 0.008685643784701824 0.04589995741844177
v -0.006469402927905321 0.008947072550654411 0.044625576585531235
v -0.0034754101652652025 0.00857511255890131 0.04727039113640785
v -0.001707797753624618 0.008197424933314323 0.04871079698204994
v -0.003185573033988476 0.00882640015333891 0.04705332964658737
v -0.001707797753624618 0.008197424933314323 0.04871079698204994
v -0.0017150923376902938 0.008786794729530811 0.047572214156389236
v -0.003185573033988476 0.00882640015333891 0.04705332964658737
v -0.001707797753624618 0.008197424933314323 0.04871079698204994
v -0.001500000013038516 0.008691851049661636 0.0478295236825943
v -0.0017150923376902938 0.008786794729530811 0.047572214156389236
v -0.009221741929650307 0.008076492697000504 0.03449419140815735
v -0.009146452881395817 0.008005812764167786 0.03530317172408104
v -0.009031868539750576 0.008722621947526932 0.03453468903899193
v -0.0094044990837574 0.0085158571600914 0.03129991143941879
v -0.009221741929650307 0.008076492697000504 0.03449419140815735
v -0.009031868539750576 0.008722621947526932 0.03453468903899193
v -0.009368064813315868 0.008620817214250565 0.03130027651786804
v -0.0094044990837574 0.0085158571600914 0.03129991143941879
v -0.009031868539750576 0.008722621947526932 0.03453468903899193
v -0.009028932079672813 0.008013026788830757 0.03621041774749756
v -0.008676039054989815 0.008402517065405846 0.0379144623875618
v -0.009031868539750576 0.008722621947526932 0.03453468903899193
v -0.009146452881395817 0.008005812764167786 0.03530317172408104
v -0.009028932079672813 0.008013026788830757 0.03621041774749756
v -0.009031868539750576 0.008722621947526932 0.03453468903899193
v -0.001707797753624618 0.008197424933314323 0.04871079698204994
v -0.001500000013038516 0.008338579908013344 0.04856189712882042
v -0.001500000013038516 0.008691851049661636 0.0478295236825943
v -0.00689928000792861 0.00860976055264473 0.04459302872419357
v -0.005462483502924442 0.008310092613101006 0.04604845121502876
v -0.0052330102771520615 0.008685643784701824 0.04589995741844177
v -0.0039710248820483685 0.007897136732935905 0.04756966605782509
v -0.003741672495380044 0.008260803297162056 0.0474456325173378
v -0.0052330102771520615 0.008685643784701824 0.04589995741844177
v -0.005462483502924442 0.008310092613101006 0.04604845121502876
v -0.0039710248820483685 0.007897136732935905 0.04756966605782509
v -0.0052330102771520615 0.008685643784701824 0.04589995741844177
v 0.006521914154291153 -0.01069493219256401 0.03629999980330467
v 0.009122950956225395 0.00854321289807558 0.03629999980330467
v 0.00908809993416071 0.008653582073748112 0.03629999980330467
v 0.009372578002512455 0.008621985092759132 0.020400000736117363
v 0.009381630457937717 0.008602538146078587 0.020400000736117363
v 0.009500076062977314 0.008638436906039715 0.02026304602622986
v 0.009381630457937717 0.008602538146078587 0.020400000736117363
v 0.009500117041170597 0.008416068740189075 0.020327385514974594
v 0.009500076062977314 0.008638436906039715 0.02026304602622986
v 0.009500117041170597 0.008416068740189075 0.020327385514974594
v 0.009499999694526196 0.0050999997183680534 0.01122997235506773
v 0.009500076062977314 0.008638436906039715 0.02026304602622986
v -0.009381630457937717 0.008602538146078587 0.020400000736117363
v -0.009372578002512455 0.008621985092759132 0.020400000736117363
v -0.009499984793365002 0.008637737482786179 0.020265799015760422
v -0.009499987587332726 0.008492207154631615 0.020311474800109863
v -0.009381630457937717 0.008602538146078587 0.020400000736117363
v -0.009499984793365002 0.008637737482786179 0.020265799015760422
v -0.009499999694526196 0.0050999997183680534 0.01122997235506773
v -0.009499987587332726 0.008492207154631615 0.020311474800109863
v -0.009499984793365002 0.008637737482786179 0.020265799015760422
v -0.009381630457937717 0.008602538146078587 0.020400000736117363
v -0.0094044990837574 0.0085158571600914 0.03129991143941879
v -0.009372578002512455 0.008621985092759132 0.020400000736117363
v -0.0094044990837574 0.0085158571600914 0.03129991143941879
v -0.009368064813315868 0.008620817214250565 0.03130027651786804
v -0.009372578002512455 0.008621985092759132 0.020400000736117363
v 0.009360666386783123 0.008618789725005627 0.03130147606134415
v 0.009381630457937717 0.008602538146078587 0.020400000736117363
v 0.009372578002512455 0.008621985092759132 0.020400000736117363
v 0.009428760968148708 0.00840028002858162 0.031301096081733704
v 0.009381630457937717 0.008602538146078587 0.020400000736117363
v 0.009360666386783123 0.008618789725005627 0.03130147606134415
v 0.009122950956225395 0.00854321289807558 0.03629999980330467
v 0.009428760968148708 0.00840028002858162 0.031301096081733704
v 0.009360666386783123 0.008618789725005627 0.03130147606134415
v -0.006921109743416309 0.008592631667852402 0.044591374695301056
v -0.005462483502924442 0.008310092613101006 0.04604845121502876
v -0.00689928000792861 0.00860976055264473 0.04459302872419357
v -0.009499999694526196 0.007699999958276749 0.020400000736117363
v -0.00949554517865181 0.007882109843194485 0.03129573166370392
v -0.009381630457937717 0.008602538146078587 0.020400000736117363
v -0.00949554517865181 0.007882109843194485 0.03129573166370392
v -0.00943005084991455 0.008338002488017082 0.03129873797297478
v -0.009381630457937717 0.008602538146078587 0.020400000736117363
v -0.00943005084991455 0.008338002488017082 0.03129873797297478
v -0.0094044990837574 0.0085158571600914 0.03129991143941879
v -0.009381630457937717 0.008602538146078587 0.020400000736117363
v -0.009499984793365002 0.007803379558026791 0.020398488268256187
v -0.009499999694526196 0.007699999958276749 0.020400000736117363
v -0.009381630457937717 0.008602538146078587 0.020400000736117363
v -0.009499987587332726 0.008492207154631615 0.020311474800109863
v -0.009499984793365002 0.007803379558026791 0.020398488268256187
v -0.009381630457937717 0.008602538146078587 0.020400000736117363
v 0.009499999694526196 0.007699999958276749 0.020400000736117363
v 0.009500117041170597 0.008416068740189075 0.020327385514974594
v 0.009381630457937717 0.008602538146078587 0.020400000736117363
v 0.009435589425265789 0.008332942612469196 0.03130099177360535
v 0.009499999694526196 0.007699999958276749 0.020400000736117363
v 0.009381630457937717 0.008602538146078587 0.020400000736117363
v 0.009428760968148708 0.00840028002858162 0.031301096081733704
v 0.009435589425265789 0.008332942612469196 0.03130099177360535
v 0.009381630457937717 0.008602538146078587 0.020400000736117363
v -0.00841082725673914 0.008165485225617886 0.03992753103375435
v -0.008077546954154968 0.00827950332313776 0.04128995165228844
v -0.007899075746536255 0.00860185083001852 0.04130978509783745
v -0.008077546954154968 0.00827950332313776 0.04128995165228844
v -0.007963168434798717 0.00831863284111023 0.04175752401351929
v -0.007899075746536255 0.00860185083001852 0.04130978509783745
v -0.007963168434798717 0.00831863284111023 0.04175752401351929
v -0.007711486425250769 0.008387267589569092 0.042540691792964935
v -0.007899075746536255 0.00860185083001852 0.04130978509783745
v -0.007711486425250769 0.008387267589569092 0.042540691792964935
v -0.007695705164223909 0.00839157123118639 0.04258979856967926
v -0.007899075746536255 0.00860185083001852 0.04130978509783745
v -0.006942675448954105 0.008585079573094845 0.04455103725194931
v -0.0069252364337444305 0.008589393459260464 0.044591065496206284
v -0.006921109743416309 0.008592631667852402 0.044591374695301056
v -0.0069252364337444305 0.008589393459260464 0.044591065496206284
v -0.006572877522557974 0.008094917982816696 0.045182839035987854
v -0.006921109743416309 0.008592631667852402 0.044591374695301056
v -0.006572877522557974 0.008094917982816696 0.045182839035987854
v -0.005462483502924442 0.008310092613101006 0.04604845121502876
v -0.006921109743416309 0.008592631667852402 0.044591374695301056
v -0.006942675448954105 0.008585079573094845 0.04455103725194931
v -0.006572877522557974 0.008094917982816696 0.045182839035987854
v -0.0069252364337444305 0.008589393459260464 0.044591065496206284
v -0.0069429753348231316 -0.008585004135966301 0.044551149010658264
v -0.006572877522557974 0.008094917982816696 0.045182839035987854
v -0.006942675448954105 0.008585079573094845 0.04455103725194931
v -0.007352947723120451 -0.008483569137752056 0.04362866282463074
v -0.0069429753348231316 -0.008585004135966301 0.044551149010658264
v -0.006942675448954105 0.008585079573094845 0.04455103725194931
v -0.007410536985844374 0.008469337597489357 0.04347716644406319
v -0.007352947723120451 -0.008483569137752056 0.04362866282463074
v -0.006942675448954105 0.008585079573094845 0.04455103725194931
v -0.0022491654381155968 0.007647390477359295 0.049022428691387177
v -0.001707797753624618 0.008197424933314323 0.04871079698204994
v -0.0034754101652652025 0.00857511255890131 0.04727039113640785
v -0.003741672495380044 0.008260803297162056 0.0474456325173378
v -0.0022491654381155968 0.007647390477359295 0.049022428691387177
v -0.0034754101652652025 0.00857511255890131 0.04727039113640785
v 0.009304581210017204 0.007968015968799591 0.03629999980330467
v 0.009428760968148708 0.00840028002858162 0.031301096081733704
v 0.009122950956225395 0.00854321289807558 0.03629999980330467
v 0.006521914154291153 -0.01069493219256401 0.03629999980330467
v 0.009304581210017204 0.007968015968799591 0.03629999980330467
v 0.009122950956225395 0.00854321289807558 0.03629999980330467
v -0.00943005084991455 0.008338002488017082 0.03129873797297478
v -0.009221741929650307 0.008076492697000504 0.03449419140815735
v -0.0094044990837574 0.0085158571600914 0.03129991143941879
v -0.009499999694526196 0.0050999997183680534 0.01122997235506773
v -0.009499984793365002 0.007803379558026791 0.020398488268256187
v -0.009499987587332726 0.008492207154631615 0.020311474800109863
v -0.007695705164223909 0.00839157123118639 0.04258979856967926
v -0.007352947723120451 -0.008483569137752056 0.04362866282463074
v -0.007410536985844374 0.008469337597489357 0.04347716644406319
v 0.009499999694526196 0.007699999958276749 0.020400000736117363
v 0.009499999694526196 0.0050999997183680534 0.01122997235506773
v 0.009500117041170597 0.008416068740189075 0.020327385514974594
v -0.009028932079672813 0.008013026788830757 0.03621041774749756
v -0.008860459551215172 0.008023367263376713 0.037511009722948074
v -0.008676039054989815 0.008402517065405846 0.0379144623875618
v -0.008860459551215172 0.008023367263376713 0.037511009722948074
v -0.008792359381914139 0.008044627495110035 0.03789009898900986
v -0.008676039054989815 0.008402517065405846 0.0379144623875618
v -0.008792359381914139 0.008044627495110035 0.03789009898900986
v -0.00846927985548973 0.008145487867295742 0.039688583463430405
v -0.008676039054989815 0.008402517065405846 0.0379144623875618
v -0.008443445898592472 0.008154326118528843 0.0397941879928112
v -0.00841082725673914 0.008165485225617886 0.03992753103375435
v -0.008676039054989815 0.008402517065405846 0.0379144623875618
v -0.00846927985548973 0.008145487867295742 0.039688583463430405
v -0.008443445898592472 0.008154326118528843 0.0397941879928112
v -0.008676039054989815 0.008402517065405846 0.0379144623875618
v 0.009304581210017204 0.007968015968799591 0.03629999980330467
v 0.009435589425265789 0.008332942612469196 0.03130099177360535
v 0.009428760968148708 0.00840028002858162 0.031301096081733704
v -0.007696288172155619 -0.008392753079533577 0.04259682819247246
v -0.007352947723120451 -0.008483569137752056 0.04362866282463074
v -0.007695705164223909 0.00839157123118639 0.04258979856967926
v -0.007711486425250769 0.008387267589569092 0.042540691792964935
v -0.007696288172155619 -0.008392753079533577 0.04259682819247246
v -0.007695705164223909 0.00839157123118639 0.04258979856967926
v -0.007714675739407539 -0.008387889713048935 0.042541567236185074
v -0.007696288172155619 -0.008392753079533577 0.04259682819247246
v -0.007711486425250769 0.008387267589569092 0.042540691792964935
v -0.007963168434798717 0.00831863284111023 0.04175752401351929
v -0.007714675739407539 -0.008387889713048935 0.042541567236185074
v -0.007711486425250769 0.008387267589569092 0.042540691792964935
v -0.001707797753624618 0.008197424933314323 0.04871079698204994
v -0.001500000013038516 0.008328700438141823 0.04858237877488136
v -0.001500000013038516 0.008338579908013344 0.04856189712882042
v -0.00949554517865181 0.007882109843194485 0.03129573166370392
v -0.00949715543538332 0.007780384737998247 0.03133861720561981
v -0.00943005084991455 0.008338002488017082 0.03129873797297478
v -0.00949715543538332 0.007780384737998247 0.03133861720561981
v -0.009489377029240131 0.007846026681363583 0.031443849205970764
v -0.00943005084991455 0.008338002488017082 0.03129873797297478
v -0.009489377029240131 0.007846026681363583 0.031443849205970764
v -0.009455293416976929 0.00795679073780775 0.03189816698431969
v -0.00943005084991455 0.008338002488017082 0.03129873797297478
v -0.009455293416976929 0.00795679073780775 0.03189816698431969
v -0.00936612393707037 0.008026037365198135 0.03302015736699104
v -0.00943005084991455 0.008338002488017082 0.03129873797297478
v -0.00936612393707037 0.008026037365198135 0.03302015736699104
v -0.009221741929650307 0.008076492697000504 0.03449419140815735
v -0.00943005084991455 0.008338002488017082 0.03129873797297478
v 0.009499999694526196 0.007697735913097858 0.031300000846385956
v 0.009499999694526196 0.007699999958276749 0.020400000736117363
v 0.009435589425265789 0.008332942612469196 0.03130099177360535
v 0.00943898968398571 0.007477623410522938 0.03378688544034958
v 0.009499999694526196 0.007697735913097858 0.031300000846385956
v 0.009435589425265789 0.008332942612469196 0.03130099177360535
v 0.009312246926128864 0.007892915979027748 0.03629999980330467
v 0.00943898968398571 0.007477623410522938 0.03378688544034958
v 0.009435589425265789 0.008332942612469196 0.03130099177360535
v 0.009304581210017204 0.007968015968799591 0.03629999980330467
v 0.009312246926128864 0.007892915979027748 0.03629999980330467
v 0.009435589425265789 0.008332942612469196 0.03130099177360535
v -0.001707797753624618 0.008197424933314323 0.04871079698204994
v -0.001500000013038516 0.008074222132563591 0.04893576353788376
v -0.001500000013038516 0.008328700438141823 0.04858237877488136
v -0.008077546954154968 0.00827950332313776 0.04128995165228844
v -0.00807279348373413 -0.008279791101813316 0.04129466041922569
v -0.007963168434798717 0.00831863284111023 0.04175752401351929
v -0.00807279348373413 -0.008279791101813316 0.04129466041922569
v -0.007883437909185886 -0.00834325049072504 0.04203438758850098
v -0.007963168434798717 0.00831863284111023 0.04175752401351929
v -0.007883437909185886 -0.00834325049072504 0.04203438758850098
v -0.007714675739407539 -0.008387889713048935 0.042541567236185074
v -0.007963168434798717 0.00831863284111023 0.04175752401351929
v -0.006572877522557974 0.008094917982816696 0.045182839035987854
v -0.005640870425850153 0.007899710908532143 0.04613834619522095
v -0.005462483502924442 0.008310092613101006 0.04604845121502876
v -0.004153614863753319 0.007502386346459389 0.0476379357278347
v -0.0039710248820483685 0.007897136732935905 0.04756966605782509
v -0.005462483502924442 0.008310092613101006 0.04604845121502876
v -0.005640870425850153 0.007899710908532143 0.04613834619522095
v -0.004153614863753319 0.007502386346459389 0.0476379357278347
v -0.005462483502924442 0.008310092613101006 0.04604845121502876
v -0.00841082725673914 0.008165485225617886 0.03992753103375435
v -0.008411893621087074 -0.008166186511516571 0.03994222357869148
v -0.008077546954154968 0.00827950332313776 0.04128995165228844
v -0.008411893621087074 -0.008166186511516571 0.03994222357869148
v -0.008391140028834343 -0.00817310344427824 0.04005102440714836
v -0.008077546954154968 0.00827950332313776 0.04128995165228844
v -0.008391140028834343 -0.00817310344427824 0.04005102440714836
v -0.00807279348373413 -0.008279791101813316 0.04129466041922569
v -0.008077546954154968 0.00827950332313776 0.04128995165228844
v -0.0039710248820483685 0.007897136732935905 0.04756966605782509
v -0.0022491654381155968 0.007647390477359295 0.049022428691387177
v -0.003741672495380044 0.008260803297162056 0.0474456325173378
v -0.001500000013038516 0.007855482399463654 0.04923952370882034
v -0.001500000013038516 0.008074222132563591 0.04893576353788376
v -0.001707797753624618 0.008197424933314323 0.04871079698204994
v -0.0022491654381155968 0.007647390477359295 0.049022428691387177
v -0.001500000013038516 0.007855482399463654 0.04923952370882034
v -0.001707797753624618 0.008197424933314323 0.04871079698204994
v -0.008443445898592472 0.008154326118528843 0.0397941879928112
v -0.008440215140581131 -0.008156747557222843 0.039793748408555984
v -0.00841082725673914 0.008165485225617886 0.03992753103375435
v -0.008440215140581131 -0.008156747557222843 0.039793748408555984
v -0.008411893621087074 -0.008166186511516571 0.03994222357869148
v -0.00841082725673914 0.008165485225617886 0.03992753103375435
v -0.00846927985548973 0.008145487867295742 0.039688583463430405
v -0.008440215140581131 -0.008156747557222843 0.039793748408555984
v -0.008443445898592472 0.008154326118528843 0.0397941879928112
v -0.008792359381914139 0.008044627495110035 0.03789009898900986
v -0.008440215140581131 -0.008156747557222843 0.039793748408555984
v -0.00846927985548973 0.008145487867295742 0.039688583463430405
v -0.0069252364337444305 -0.008589392527937889 0.044591065496206284
v -0.006572436541318893 -0.008094693534076214 0.04518186300992966
v -0.006572877522557974 0.008094917982816696 0.045182839035987854
v -0.006572436541318893 -0.008094693534076214 0.04518186300992966
v -0.006436212453991175 -0.007903678342700005 0.04540998116135597
v -0.006572877522557974 0.008094917982816696 0.045182839035987854
v -0.006436212453991175 -0.007903678342700005 0.04540998116135597
v -0.006446247920393944 0.00791721511632204 0.045395512133836746
v -0.006572877522557974 0.008094917982816696 0.045182839035987854
v -0.0069429753348231316 -0.008585004135966301 0.044551149010658264
v -0.0069252364337444305 -0.008589392527937889 0.044591065496206284
v -0.006572877522557974 0.008094917982816696 0.045182839035987854
v -0.006446247920393944 0.00791721511632204 0.045395512133836746
v -0.005640870425850153 0.007899710908532143 0.04613834619522095
v -0.006572877522557974 0.008094917982816696 0.045182839035987854
v -0.009154223836958408 0.008005335927009583 0.03524317964911461
v -0.009146452881395817 0.008005812764167786 0.03530317172408104
v -0.009221741929650307 0.008076492697000504 0.03449419140815735
v -0.00936612393707037 0.008026037365198135 0.03302015736699104
v -0.009226115420460701 0.008012359030544758 0.034488972276449203
v -0.009221741929650307 0.008076492697000504 0.03449419140815735
v -0.009226115420460701 0.008012359030544758 0.034488972276449203
v -0.009154223836958408 0.008005335927009583 0.03524317964911461
v -0.009221741929650307 0.008076492697000504 0.03449419140815735
v -0.00878844689577818 -0.008040682412683964 0.037968143820762634
v -0.008440215140581131 -0.008156747557222843 0.039793748408555984
v -0.008792359381914139 0.008044627495110035 0.03789009898900986
v -0.008860459551215172 0.008023367263376713 0.037511009722948074
v -0.00878844689577818 -0.008040682412683964 0.037968143820762634
v -0.008792359381914139 0.008044627495110035 0.03789009898900986
v -0.009455293416976929 0.00795679073780775 0.03189816698431969
v -0.009435276500880718 0.007863499224185944 0.03215904161334038
v -0.00936612393707037 0.008026037365198135 0.03302015736699104
v -0.009360219351947308 -0.008026786148548126 0.03309059143066406
v -0.009226115420460701 0.008012359030544758 0.034488972276449203
v -0.00936612393707037 0.008026037365198135 0.03302015736699104
v -0.0094448858872056 -0.00797402486205101 0.03203439712524414
v -0.009360219351947308 -0.008026786148548126 0.03309059143066406
v -0.00936612393707037 0.008026037365198135 0.03302015736699104
v -0.009435276500880718 0.007863499224185944 0.03215904161334038
v -0.0094448858872056 -0.00797402486205101 0.03203439712524414
v -0.00936612393707037 0.008026037365198135 0.03302015736699104
v -0.008798380382359028 -0.008039334788918495 0.037897102534770966
v -0.00878844689577818 -0.008040682412683964 0.037968143820762634
v -0.008860459551215172 0.008023367263376713 0.037511009722948074
v -0.009028932079672813 0.008013026788830757 0.03621041774749756
v -0.008798380382359028 -0.008039334788918495 0.037897102534770966
v -0.008860459551215172 0.008023367263376713 0.037511009722948074
v -0.00903413537889719 -0.008007358759641647 0.03621102496981621
v -0.008798380382359028 -0.008039334788918495 0.037897102534770966
v -0.009028932079672813 0.008013026788830757 0.03621041774749756
v -0.00908585824072361 -0.008000343106687069 0.03584110736846924
v -0.00903413537889719 -0.008007358759641647 0.03621102496981621
v -0.009028932079672813 0.008013026788830757 0.03621041774749756
v -0.009146452881395817 0.008005812764167786 0.03530317172408104
v -0.00908585824072361 -0.008000343106687069 0.03584110736846924
v -0.009028932079672813 0.008013026788830757 0.03621041774749756
v -0.009220569394528866 -0.008013326674699783 0.03449060767889023
v -0.009154223836958408 0.008005335927009583 0.03524317964911461
v -0.009226115420460701 0.008012359030544758 0.034488972276449203
v -0.009360219351947308 -0.008026786148548126 0.03309059143066406
v -0.009220569394528866 -0.008013326674699783 0.03449060767889023
v -0.009226115420460701 0.008012359030544758 0.034488972276449203
v -0.009141447022557259 -0.008005700074136257 0.03528382256627083
v -0.00908585824072361 -0.008000343106687069 0.03584110736846924
v -0.009146452881395817 0.008005812764167786 0.03530317172408104
v -0.009154223836958408 0.008005335927009583 0.03524317964911461
v -0.009141447022557259 -0.008005700074136257 0.03528382256627083
v -0.009146452881395817 0.008005812764167786 0.03530317172408104
v -0.009220569394528866 -0.008013326674699783 0.03449060767889023
v -0.009141447022557259 -0.008005700074136257 0.03528382256627083
v -0.009154223836958408 0.008005335927009583 0.03524317964911461
v 0.006521914154291153 -0.01069493219256401 0.03629999980330467
v 0.009312246926128864 0.007892915979027748 0.03629999980330467
v 0.009304581210017204 0.007968015968799591 0.03629999980330467
v -0.009489377029240131 0.007846026681363583 0.031443849205970764
v -0.009499999694526196 0.007700961548835039 0.031300000846385956
v -0.009455293416976929 0.00795679073780775 0.03189816698431969
v -0.009499999694526196 0.007700961548835039 0.031300000846385956
v -0.009435276500880718 0.007863499224185944 0.03215904161334038
v -0.009455293416976929 0.00795679073780775 0.03189816698431969
v -0.006436212453991175 -0.007903678342700005 0.04540998116135597
v -0.006119219120591879 0.007495857309550047 0.04580289497971535
v -0.006446247920393944 0.00791721511632204 0.045395512133836746
v -0.006119219120591879 0.007495857309550047 0.04580289497971535
v -0.005640870425850153 0.007899710908532143 0.04613834619522095
v -0.006446247920393944 0.00791721511632204 0.045395512133836746
v -0.006119219120591879 0.007495857309550047 0.04580289497971535
v -0.005900879390537739 0.007214538753032684 0.04607488214969635
v -0.005640870425850153 0.007899710908532143 0.04613834619522095
v -0.005900879390537739 0.007214538753032684 0.04607488214969635
v -0.005819812882691622 0.007155663333833218 0.0461568683385849
v -0.005640870425850153 0.007899710908532143 0.04613834619522095
v -0.005819812882691622 0.007155663333833218 0.0461568683385849
v -0.005670872982591391 0.007047493476420641 0.04630749300122261
v -0.005640870425850153 0.007899710908532143 0.04613834619522095
v -0.005356153938919306 0.006975836586207151 0.04662221297621727
v -0.004153614863753319 0.007502386346459389 0.0476379357278347
v -0.005640870425850153 0.007899710908532143 0.04613834619522095
v -0.005670872982591391 0.007047493476420641 0.04630749300122261
v -0.005356153938919306 0.006975836586207151 0.04662221297621727
v -0.005640870425850153 0.007899710908532143 0.04613834619522095
v -0.004153614863753319 0.007502386346459389 0.0476379357278347
v -0.0026668317150324583 0.006938455160707235 0.04914398863911629
v -0.0039710248820483685 0.007897136732935905 0.04756966605782509
v -0.0026668317150324583 0.006938455160707235 0.04914398863911629
v -0.0022491654381155968 0.007647390477359295 0.049022428691387177
v -0.0039710248820483685 0.007897136732935905 0.04756966605782509
v 0.009377336129546165 0.007255190052092075 0.03629999980330467
v 0.00943898968398571 0.007477623410522938 0.03378688544034958
v 0.009312246926128864 0.007892915979027748 0.03629999980330467
v 0.006521914154291153 -0.01069493219256401 0.03629999980330467
v 0.009377336129546165 0.007255190052092075 0.03629999980330467
v 0.009312246926128864 0.007892915979027748 0.03629999980330467
v -0.009499999694526196 0.007699999958276749 0.020400000736117363
v -0.009499999694526196 0.007700961548835039 0.031300000846385956
v -0.00949554517865181 0.007882109843194485 0.03129573166370392
v -0.009499999694526196 0.007700961548835039 0.031300000846385956
v -0.009499605745077133 0.007731623016297817 0.031305354088544846
v -0.00949554517865181 0.007882109843194485 0.03129573166370392
v -0.009499605745077133 0.007731623016297817 0.031305354088544846
v -0.00949715543538332 0.007780384737998247 0.03133861720561981
v -0.00949554517865181 0.007882109843194485 0.03129573166370392
v -0.009472749195992947 -0.007837492972612381 0.031666968017816544
v -0.0094448858872056 -0.00797402486205101 0.03203439712524414
v -0.009435276500880718 0.007863499224185944 0.03215904161334038
v -0.009499999694526196 0.007700961548835039 0.031300000846385956
v -0.009472749195992947 -0.007837492972612381 0.031666968017816544
v -0.009435276500880718 0.007863499224185944 0.03215904161334038
v -0.0022491654381155968 0.007647390477359295 0.049022428691387177
v -0.001500000013038516 0.007262552157044411 0.04980412870645523
v -0.001500000013038516 0.007855482399463654 0.04923952370882034
v -0.00949715543538332 0.007780384737998247 0.03133861720561981
v -0.009499605745077133 0.007731623016297817 0.031305354088544846
v -0.009489377029240131 0.007846026681363583 0.031443849205970764
v -0.009499605745077133 0.007731623016297817 0.031305354088544846
v -0.009499999694526196 0.007700961548835039 0.031300000846385956
v -0.009489377029240131 0.007846026681363583 0.031443849205970764
v -0.009499999694526196 0.0050999997183680534 0.01122997235506773
v -0.009499999694526196 0.007699999958276749 0.020400000736117363
v -0.009499984793365002 0.007803379558026791 0.020398488268256187
v -0.009499999694526196 0.007699999958276749 0.020400000736117363
v -0.009499999694526196 -0.007700961548835039 0.031300000846385956
v -0.009499999694526196 0.007700961548835039 0.031300000846385956
v -0.009499999694526196 -0.007700961548835039 0.031300000846385956
v -0.009472749195992947 -0.007837492972612381 0.031666968017816544
v -0.009499999694526196 0.007700961548835039 0.031300000846385956
v -0.009499999694526196 0.0050999997183680534 0.01122997235506773
v -0.009499999694526196 -0.007700000423938036 0.020400000736117363
v -0.009499999694526196 0.007699999958276749 0.020400000736117363
v -0.009499999694526196 -0.007700000423938036 0.020400000736117363
v -0.009499999694526196 -0.007700961548835039 0.031300000846385956
v -0.009499999694526196 0.007699999958276749 0.020400000736117363
v 0.009499999694526196 0.007697735913097858 0.031300000846385956
v 0.009499999694526196 -0.007700000423938036 0.020400000736117363
v 0.009499999694526196 0.007699999958276749 0.020400000736117363
v 0.009499999694526196 -0.006100000347942114 0.00954743754118681
v 0.009499999694526196 0.0050999997183680534 0.01122997235506773
v 0.009499999694526196 0.007699999958276749 0.020400000736117363
v 0.009499999694526196 -0.007700000423938036 0.020400000736117363
v 0.009499999694526196 -0.006100000347942114 0.00954743754118681
v 0.009499999694526196 0.007699999958276749 0.020400000736117363
v 0.009499999694526196 -0.007697736378759146 0.031300000846385956
v 0.009499999694526196 -0.007700000423938036 0.020400000736117363
v 0.009499999694526196 0.007697735913097858 0.031300000846385956
v 0.00943898968398571 0.007477623410522938 0.03378688544034958
v 0.009499999694526196 -0.007697736378759146 0.031300000846385956
v 0.009499999694526196 0.007697735913097858 0.031300000846385956
v -0.0026668317150324583 0.006938455160707235 0.04914398863911629
v -0.0015052157687023282 0.007240892853587866 0.04981766268610954
v -0.0022491654381155968 0.007647390477359295 0.049022428691387177
v -0.0015052157687023282 0.007240892853587866 0.04981766268610954
v -0.001500000013038516 0.0072456710040569305 0.04981489107012749
v -0.0022491654381155968 0.007647390477359295 0.049022428691387177
v -0.001500000013038516 0.0072456710040569305 0.04981489107012749
v -0.001500000013038516 0.007262552157044411 0.04980412870645523
v -0.0022491654381155968 0.007647390477359295 0.049022428691387177
v -0.005356153938919306 0.006975836586207151 0.04662221297621727
v -0.004366210661828518 0.0066803693771362305 0.047612156718969345
v -0.004153614863753319 0.007502386346459389 0.0476379357278347
v -0.004366210661828518 0.0066803693771362305 0.047612156718969345
v -0.0026668317150324583 0.006938455160707235 0.04914398863911629
v -0.004153614863753319 0.007502386346459389 0.0476379357278347
v -0.006119641941040754 -0.007496158126741648 0.04580317437648773
v -0.005900884512811899 -0.007214552257210016 0.04607487842440605
v -0.006119219120591879 0.007495857309550047 0.04580289497971535
v -0.005900884512811899 -0.007214552257210016 0.04607487842440605
v -0.005900879390537739 0.007214538753032684 0.04607488214969635
v -0.006119219120591879 0.007495857309550047 0.04580289497971535
v -0.006436212453991175 -0.007903678342700005 0.04540998116135597
v -0.006119641941040754 -0.007496158126741648 0.04580317437648773
v -0.006119219120591879 0.007495857309550047 0.04580289497971535
v 0.00943898968398571 -0.007477623876184225 0.03378688544034958
v 0.009499999694526196 -0.007697736378759146 0.031300000846385956
v 0.00943898968398571 0.007477623410522938 0.03378688544034958
v 0.009377336129546165 0.007255190052092075 0.03629999980330467
v 0.00943898968398571 -0.007477623876184225 0.03378688544034958
v 0.00943898968398571 0.007477623410522938 0.03378688544034958
v 0.009377336129546165 -0.007255190517753363 0.03629999980330467
v 0.00943898968398571 -0.007477623876184225 0.03378688544034958
v 0.009377336129546165 0.007255190052092075 0.03629999980330467
v 0.006521914154291153 -0.01069493219256401 0.03629999980330467
v 0.009377336129546165 -0.007255190517753363 0.03629999980330467
v 0.009377336129546165 0.007255190052092075 0.03629999980330467
v -0.0015052157687023282 0.007240892853587866 0.04981766268610954
v -0.001500000013038516 0.007237304002046585 0.049820225685834885
v -0.001500000013038516 0.0072456710040569305 0.04981489107012749
v -0.0019260465633124113 0.0065666246227920055 0.04989657923579216
v -0.001500000013038516 0.006687910296022892 0.05017055571079254
v -0.0015052157687023282 0.007240892853587866 0.04981766268610954
v -0.001500000013038516 0.006687910296022892 0.05017055571079254
v -0.001500000013038516 0.007237304002046585 0.049820225685834885
v -0.0015052157687023282 0.007240892853587866 0.04981766268610954
v -0.0026668317150324583 0.006938455160707235 0.04914398863911629
v -0.0019260465633124113 0.0065666246227920055 0.04989657923579216
v -0.0015052157687023282 0.007240892853587866 0.04981766268610954
v -0.001500000013038516 0.006687910296022892 0.05017055571079254
v -0.001500000013038516 0.006318118888884783 0.050310201942920685
v -0.001500000013038516 0.007237304002046585 0.049820225685834885
v -0.005900884512811899 -0.007214552257210016 0.04607487842440605
v -0.005819812882691622 0.007155663333833218 0.0461568683385849
v -0.005900879390537739 0.007214538753032684 0.04607488214969635
v -0.005818383768200874 -0.007154631894081831 0.0461583137512207
v -0.005670872982591391 0.007047493476420641 0.04630749300122261
v -0.005819812882691622 0.007155663333833218 0.0461568683385849
v -0.005900884512811899 -0.007214552257210016 0.04607487842440605
v -0.005818383768200874 -0.007154631894081831 0.0461583137512207
v -0.005819812882691622 0.007155663333833218 0.0461568683385849
v -0.005670872982591391 -0.007047493476420641 0.04630749300122261
v -0.005356153938919306 0.006975836586207151 0.04662221297621727
v -0.005670872982591391 0.007047493476420641 0.04630749300122261
v -0.005818383768200874 -0.007154631894081831 0.0461583137512207
v -0.005670872982591391 -0.007047493476420641 0.04630749300122261
v -0.005670872982591391 0.007047493476420641 0.04630749300122261
v -0.005670872982591391 -0.007047493476420641 0.04630749300122261
v -0.004366210661828518 0.0066803693771362305 0.047612156718969345
v -0.005356153938919306 0.006975836586207151 0.04662221297621727
v -0.003245234489440918 0.006345792673528194 0.04873313009738922
v -0.002909431466832757 0.006182347424328327 0.049068935215473175
v -0.0026668317150324583 0.006938455160707235 0.04914398863911629
v -0.004366210661828518 0.0066803693771362305 0.047612156718969345
v -0.003245234489440918 0.006345792673528194 0.04873313009738922
v -0.0026668317150324583 0.006938455160707235 0.04914398863911629
v -0.002909431466832757 0.006182347424328327 0.049068935215473175
v -0.0019260465633124113 0.0065666246227920055 0.04989657923579216
v -0.0026668317150324583 0.006938455160707235 0.04914398863911629
v -0.0019260465633124113 0.0065666246227920055 0.04989657923579216
v -0.001500000013038516 0.006318118888884783 0.050310201942920685
v -0.001500000013038516 0.006687910296022892 0.05017055571079254
v -0.005670872982591391 -0.007047493476420641 0.04630749300122261
v -0.003245234489440918 0.006345792673528194 0.04873313009738922
v -0.004366210661828518 0.0066803693771362305 0.047612156718969345
v -0.001500000013038516 0.006058537866920233 0.05040822923183441
v -0.001500000013038516 0.006318118888884783 0.050310201942920685
v -0.0019260465633124113 0.0065666246227920055 0.04989657923579216
v -0.002909431466832757 0.006182347424328327 0.049068935215473175
v -0.001500000013038516 0.006058537866920233 0.05040822923183441
v -0.0019260465633124113 0.0065666246227920055 0.04989657923579216
v -0.005670872982591391 -0.007047493476420641 0.04630749300122261
v -0.002909431466832757 0.006182347424328327 0.049068935215473175
v -0.003245234489440918 0.006345792673528194 0.04873313009738922
v -0.005670872982591391 -0.007047493476420641 0.04630749300122261
v -0.004362485837191343 -0.00668373191729188 0.04761587828397751
v -0.002909431466832757 0.006182347424328327 0.049068935215473175
v -0.004362485837191343 -0.00668373191729188 0.04761587828397751
v -0.00355284521356225 -0.006458633113652468 0.048425521701574326
v -0.002909431466832757 0.006182347424328327 0.049068935215473175
v -0.0018103786278516054 -0.005678810644894838 0.0501679889857769
v -0.001500000013038516 0.005496333818882704 0.050478365272283554
v -0.002909431466832757 0.006182347424328327 0.049068935215473175
v -0.002907836576923728 -0.006169965956360102 0.04907052963972092
v -0.0018103786278516054 -0.005678810644894838 0.0501679889857769
v -0.002909431466832757 0.006182347424328327 0.049068935215473175
v -0.00355284521356225 -0.006458633113652468 0.048425521701574326
v -0.002907836576923728 -0.006169965956360102 0.04907052963972092
v -0.002909431466832757 0.006182347424328327 0.049068935215473175
v -0.001500000013038516 0.005496333818882704 0.050478365272283554
v -0.001500000013038516 0.006058537866920233 0.05040822923183441
v -0.002909431466832757 0.006182347424328327 0.049068935215473175
v -0.008500000461935997 0.006099999882280827 -5.401656899550744e-11
v -0.008842687122523785 0.0060361879877746105 0.008946593850851059
v -0.008500000461935997 0.006099999882280827 0.008273757062852383
v -0.008069285191595554 0.006099999882280827 0.007577419281005859
v -0.008500000461935997 0.006099999882280827 -5.401656899550744e-11
v -0.008500000461935997 0.006099999882280827 0.008273757062852383
v 0.008568523451685905 0.006097729317843914 0.008397805504500866
v 0.00884217955172062 0.006022136192768812 -5.401656899550744e-11
v 0.008500000461935997 0.006099999882280827 0.008273757062852383
v 0.00884217955172062 0.006022136192768812 -5.401656899550744e-11
v 0.008526050485670567 0.006099660415202379 -5.401656899550744e-11
v 0.008500000461935997 0.006099999882280827 0.008273757062852383
v 0.008526050485670567 0.006099660415202379 -5.401656899550744e-11
v 0.008500000461935997 0.006099999882280827 -5.401656899550744e-11
v 0.008500000461935997 0.006099999882280827 0.008273757062852383
v 0.008500000461935997 0.006099999882280827 -5.401656899550744e-11
v 0.008069285191595554 0.006099999882280827 0.007577419281005859
v 0.008500000461935997 0.006099999882280827 0.008273757062852383
v -0.0025712947826832533 0.006099999882280827 0.0009751634206622839
v -0.008500000461935997 0.006099999882280827 -5.401656899550744e-11
v -0.008069285191595554 0.006099999882280827 0.007577419281005859
v -0.007350753527134657 0.006099999882280827 0.006932917516678572
v -0.0025712947826832533 0.006099999882280827 0.0009751634206622839
v -0.008069285191595554 0.006099999882280827 0.007577419281005859
v 0.008500000461935997 0.006099999882280827 -5.401656899550744e-11
v 0.007350753527134657 0.006099999882280827 0.006932917516678572
v 0.008069285191595554 0.006099999882280827 0.007577419281005859
v -0.001823587343096733 0.006099999882280827 0.0020584044978022575
v -0.0025712947826832533 0.006099999882280827 0.0009751634206622839
v -0.007350753527134657 0.006099999882280827 0.006932917516678572
v -0.006414046976715326 0.006099999882280827 0.0066999997943639755
v 1.942890293094024e-16 0.006099999882280827 0.002749999985098839
v -0.007350753527134657 0.006099999882280827 0.006932917516678572
v 1.942890293094024e-16 0.006099999882280827 0.002749999985098839
v -0.0006581180496141315 0.006099999882280827 0.0026700899470597506
v -0.007350753527134657 0.006099999882280827 0.006932917516678572
v -0.0006581180496141315 0.006099999882280827 0.0026700899470597506
v -0.001823587343096733 0.006099999882280827 0.0020584044978022575
v -0.007350753527134657 0.006099999882280827 0.006932917516678572
v 0.008500000461935997 0.006099999882280827 -5.401656899550744e-11
v 0.006414046976715326 0.006099999882280827 0.0066999997943639755
v 0.007350753527134657 0.006099999882280827 0.006932917516678572
v 0.006414046976715326 0.006099999882280827 0.0066999997943639755
v 0.0006581180496141315 0.006099999882280827 0.0026700899470597506
v -0.006414046976715326 0.006099999882280827 0.0066999997943639755
v 0.0006581180496141315 0.006099999882280827 0.0026700899470597506
v 1.942890293094024e-16 0.006099999882280827 0.002749999985098839
v -0.006414046976715326 0.006099999882280827 0.0066999997943639755
v 0.008500000461935997 0.006099999882280827 -5.401656899550744e-11
v 0.001823587343096733 0.006099999882280827 0.0020584044978022575
v 0.006414046976715326 0.006099999882280827 0.0066999997943639755
v 0.001823587343096733 0.006099999882280827 0.0020584044978022575
v 0.0006581180496141315 0.006099999882280827 0.0026700899470597506
v 0.006414046976715326 0.006099999882280827 0.0066999997943639755
v -0.0006581180496141315 -0.007100000511854887 0.0026700899470597506
v -0.0006581180496141315 0.006099999882280827 0.0026700899470597506
v 1.942890293094024e-16 0.006099999882280827 0.002749999985098839
v 0.0006581180496141315 -0.007100000511854887 0.0026700899470597506
v -0.0006581180496141315 -0.007100000511854887 0.0026700899470597506
v 1.942890293094024e-16 0.006099999882280827 0.002749999985098839
v 0.0006581180496141315 0.006099999882280827 0.0026700899470597506
v 0.0006581180496141315 -0.007100000511854887 0.0026700899470597506
v 1.942890293094024e-16 0.006099999882280827 0.002749999985098839
v -0.0006581180496141315 -0.007100000511854887 0.0026700899470597506
v -0.001823587343096733 0.006099999882280827 0.0020584044978022575
v -0.0006581180496141315 0.006099999882280827 0.0026700899470597506
v 0.001823587343096733 -0.007100000511854887 0.0020584044978022575
v 0.0006581180496141315 -0.007100000511854887 0.0026700899470597506
v 0.0006581180496141315 0.006099999882280827 0.0026700899470597506
v 0.001823587343096733 0.006099999882280827 0.0020584044978022575
v 0.001823587343096733 -0.007100000511854887 0.0020584044978022575
v 0.0006581180496141315 0.006099999882280827 0.0026700899470597506
v -0.001823587343096733 -0.007100000511854887 0.0020584044978022575
v -0.0025712947826832533 0.006099999882280827 0.0009751634206622839
v -0.001823587343096733 0.006099999882280827 0.0020584044978022575
v -0.0006581180496141315 -0.007100000511854887 0.0026700899470597506
v -0.001823587343096733 -0.007100000511854887 0.0020584044978022575
v -0.001823587343096733 0.006099999882280827 0.0020584044978022575
v 0.008500000461935997 0.006099999882280827 -5.401656899550744e-11
v 0.0025712947826832533 0.006099999882280827 0.0009751634206622839
v 0.001823587343096733 0.006099999882280827 0.0020584044978022575
v 0.0025712947826832533 -0.007100000511854887 0.0009751634206622839
v 0.001823587343096733 -0.007100000511854887 0.0020584044978022575
v 0.001823587343096733 0.006099999882280827 0.0020584044978022575
v 0.0025712947826832533 0.006099999882280827 0.0009751634206622839
v 0.0025712947826832533 -0.007100000511854887 0.0009751634206622839
v 0.001823587343096733 0.006099999882280827 0.0020584044978022575
v -0.0027299493085592985 0.006099999882280827 -0.0003314759233035147
v -0.008500000461935997 0.006099999882280827 -5.401656899550744e-11
v -0.0025712947826832533 0.006099999882280827 0.0009751634206622839
v -0.0025712947826832533 -0.007100000511854887 0.0009751634206622839
v -0.0027299493085592985 0.006099999882280827 -0.0003314759233035147
v -0.0025712947826832533 0.006099999882280827 0.0009751634206622839
v -0.001823587343096733 -0.007100000511854887 0.0020584044978022575
v -0.0025712947826832533 -0.007100000511854887 0.0009751634206622839
v -0.0025712947826832533 0.006099999882280827 0.0009751634206622839
v 0.008500000461935997 0.006099999882280827 -5.401656899550744e-11
v 0.0027299493085592985 0.006099999882280827 -0.0003314759233035147
v 0.0025712947826832533 0.006099999882280827 0.0009751634206622839
v 0.0027299493085592985 -0.007100000511854887 -0.0003314759233035147
v 0.0025712947826832533 -0.007100000511854887 0.0009751634206622839
v 0.0025712947826832533 0.006099999882280827 0.0009751634206622839
v 0.0027299493085592985 0.006099999882280827 -0.0003314759233035147
v 0.0027299493085592985 -0.007100000511854887 -0.0003314759233035147
v 0.0025712947826832533 0.006099999882280827 0.0009751634206622839
v -0.008845971897244453 0.0060355765745043755 0.008953043259680271
v -0.008842687122523785 0.0060361879877746105 0.008946593850851059
v -0.008500000461935997 0.006099999882280827 -5.401656899550744e-11
v -0.008526050485670567 0.006099660415202379 -5.401656899550744e-11
v -0.008845971897244453 0.0060355765745043755 0.008953043259680271
v -0.008500000461935997 0.006099999882280827 -5.401656899550744e-11
v -0.0027299493085592985 0.006099999882280827 -0.0003314759233035147
v -0.008343563415110111 0.006099999882280827 -0.001473110867664218
v -0.008500000461935997 0.006099999882280827 -5.401656899550744e-11
v -0.008343563415110111 0.006099999882280827 -0.001473110867664218
v -0.008526050485670567 0.006099660415202379 -5.401656899550744e-11
v -0.008500000461935997 0.006099999882280827 -5.401656899550744e-11
v 0.008330521173775196 0.006099999882280827 -0.0014713651034981012
v 0.0027299493085592985 0.006099999882280827 -0.0003314759233035147
v 0.008500000461935997 0.006099999882280827 -5.401656899550744e-11
v 0.008526050485670567 0.006099660415202379 -5.401656899550744e-11
v 0.008396521210670471 0.006099660415202379 -0.001480533042922616
v 0.008500000461935997 0.006099999882280827 -5.401656899550744e-11
v 0.008396521210670471 0.006099660415202379 -0.001480533042922616
v 0.008330521173775196 0.006099999882280827 -0.0014713651034981012
v 0.008500000461935997 0.006099999882280827 -5.401656899550744e-11
v -0.0022632055915892124 0.006099999882280827 -0.0015621779020875692
v -0.0083104083314538 0.006099999882280827 -0.0017853195313364267
v -0.0027299493085592985 0.006099999882280827 -0.0003314759233035147
v -0.0083104083314538 0.006099999882280827 -0.0017853195313364267
v -0.008343563415110111 0.006099999882280827 -0.001473110867664218
v -0.0027299493085592985 0.006099999882280827 -0.0003314759233035147
v -0.0027299493085592985 -0.007100000511854887 -0.0003314759233035147
v -0.0022632055915892124 0.006099999882280827 -0.0015621779020875692
v -0.0027299493085592985 0.006099999882280827 -0.0003314759233035147
v -0.0025712947826832533 -0.007100000511854887 0.0009751634206622839
v -0.0027299493085592985 -0.007100000511854887 -0.0003314759233035147
v -0.0027299493085592985 0.006099999882280827 -0.0003314759233035147
v 0.008330521173775196 0.006099999882280827 -0.0014713651034981012
v 0.008277344517409801 0.006099999882280827 -0.001933025661855936
v 0.0027299493085592985 0.006099999882280827 -0.0003314759233035147
v 0.008277344517409801 0.006099999882280827 -0.001933025661855936
v 0.007931816391646862 0.006099999882280827 -0.00288704433478415
v 0.0027299493085592985 0.006099999882280827 -0.0003314759233035147
v 0.007931816391646862 0.006099999882280827 -0.00288704433478415
v 0.007595290895551443 0.006099999882280827 -0.0038162071723490953
v 0.0027299493085592985 0.006099999882280827 -0.0003314759233035147
v 0.007595290895551443 0.006099999882280827 -0.0038162071723490953
v 0.0022632055915892124 0.006099999882280827 -0.0015621779020875692
v 0.0027299493085592985 0.006099999882280827 -0.0003314759233035147
v 0.0022632055915892124 -0.007100000511854887 -0.0015621779020875692
v 0.0027299493085592985 -0.007100000511854887 -0.0003314759233035147
v 0.0027299493085592985 0.006099999882280827 -0.0003314759233035147
v 0.0022632055915892124 0.006099999882280827 -0.0015621779020875692
v 0.0022632055915892124 -0.007100000511854887 -0.0015621779020875692
v 0.0027299493085592985 0.006099999882280827 -0.0003314759233035147
v 0.008396521210670471 0.006099660415202379 -0.001480533042922616
v 0.008277344517409801 0.006099999882280827 -0.001933025661855936
v 0.008330521173775196 0.006099999882280827 -0.0014713651034981012
v -0.008396521210670471 0.006099660415202379 -0.001480533042922616
v -0.008526050485670567 0.006099660415202379 -5.401656899550744e-11
v -0.008343563415110111 0.006099999882280827 -0.001473110867664218
v -0.0083104083314538 0.006099999882280827 -0.0017853195313364267
v -0.008396521210670471 0.006099660415202379 -0.001480533042922616
v -0.008343563415110111 0.006099999882280827 -0.001473110867664218
v -0.001277988776564598 0.006099999882280827 -0.0024350041057914495
v -0.006486266385763884 0.006099999882280827 -0.005439510103315115
v -0.0022632055915892124 0.006099999882280827 -0.0015621779020875692
v -0.006486266385763884 0.006099999882280827 -0.005439510103315115
v -0.006752158515155315 0.006099999882280827 -0.005163329653441906
v -0.0022632055915892124 0.006099999882280827 -0.0015621779020875692
v -0.006752158515155315 0.006099999882280827 -0.005163329653441906
v -0.007316760253161192 0.006099999882280827 -0.004223297815769911
v -0.0022632055915892124 0.006099999882280827 -0.0015621779020875692
v -0.007316760253161192 0.006099999882280827 -0.004223297815769911
v -0.0077299620024859905 0.006099999882280827 -0.0035353393759578466
v -0.0022632055915892124 0.006099999882280827 -0.0015621779020875692
v -0.0077299620024859905 0.006099999882280827 -0.0035353393759578466
v -0.007943175733089447 0.006099999882280827 -0.002892508404329419
v -0.0022632055915892124 0.006099999882280827 -0.0015621779020875692
v -0.007943175733089447 0.006099999882280827 -0.002892508404329419
v -0.0083104083314538 0.006099999882280827 -0.0017853195313364267
v -0.0022632055915892124 0.006099999882280827 -0.0015621779020875692
v -0.0022632055915892124 -0.007100000511854887 -0.0015621779020875692
v -0.001277988776564598 0.006099999882280827 -0.0024350041057914495
v -0.0022632055915892124 0.006099999882280827 -0.0015621779020875692
v -0.0027299493085592985 -0.007100000511854887 -0.0003314759233035147
v -0.0022632055915892124 -0.007100000511854887 -0.0015621779020875692
v -0.0022632055915892124 0.006099999882280827 -0.0015621779020875692
v 0.0065101939253509045 0.006099999882280827 -0.005465236492455006
v 0.001277988776564598 0.006099999882280827 -0.0024350041057914495
v 0.0022632055915892124 0.006099999882280827 -0.0015621779020875692
v 0.007595290895551443 0.006099999882280827 -0.0038162071723490953
v 0.007325371261686087 0.006099999882280827 -0.00422640610486269
v 0.0022632055915892124 0.006099999882280827 -0.0015621779020875692
v 0.007325371261686087 0.006099999882280827 -0.00422640610486269
v 0.0065101939253509045 0.006099999882280827 -0.005465236492455006
v 0.0022632055915892124 0.006099999882280827 -0.0015621779020875692
v 0.001277988776564598 -0.007100000511854887 -0.0024350041057914495
v 0.0022632055915892124 -0.007100000511854887 -0.0015621779020875692
v 0.0022632055915892124 0.006099999882280827 -0.0015621779020875692
v 0.001277988776564598 0.006099999882280827 -0.0024350041057914495
v 0.001277988776564598 -0.007100000511854887 -0.0024350041057914495
v 0.0022632055915892124 0.006099999882280827 -0.0015621779020875692
v -0.007943175733089447 0.006099999882280827 -0.002892508404329419
v -0.008011867292225361 0.006099660415202379 -0.0029160811100155115
v -0.0083104083314538 0.006099999882280827 -0.0017853195313364267
v -0.008011867292225361 0.006099660415202379 -0.0029160811100155115
v -0.008396521210670471 0.006099660415202379 -0.001480533042922616
v -0.0083104083314538 0.006099999882280827 -0.0017853195313364267
v 0.008396521210670471 0.006099660415202379 -0.001480533042922616
v 0.008241953328251839 0.006099660415202379 -0.002182602183893323
v 0.008277344517409801 0.006099999882280827 -0.001933025661855936
v 0.008241953328251839 0.006099660415202379 -0.002182602183893323
v 0.007931816391646862 0.006099999882280827 -0.00288704433478415
v 0.008277344517409801 0.006099999882280827 -0.001933025661855936
v -0.0018716058693826199 0.006099999882280827 -0.008291437290608883
v -0.0028875991702079773 0.006099999882280827 -0.007932053878903389
v -0.001277988776564598 0.006099999882280827 -0.0024350041057914495
v -0.0028875991702079773 0.006099999882280827 -0.007932053878903389
v -0.0037586004473268986 0.006099999882280827 -0.0076239584013819695
v -0.001277988776564598 0.006099999882280827 -0.0024350041057914495
v -0.0037586004473268986 0.006099999882280827 -0.0076239584013819695
v -0.004224768839776516 0.006099999882280827 -0.007322241552174091
v -0.001277988776564598 0.006099999882280827 -0.0024350041057914495
v 1.9081958235744878e-16 0.006099999882280827 -0.002749999752268195
v 1.9255430583342559e-16 0.006099999882280827 -0.008500000461935997
v -0.001277988776564598 0.006099999882280827 -0.0024350041057914495
v 1.9255430583342559e-16 0.006099999882280827 -0.008500000461935997
v -0.0014721214538440108 0.006099999882280827 -0.008335953578352928
v -0.001277988776564598 0.006099999882280827 -0.0024350041057914495
v -0.0014721214538440108 0.006099999882280827 -0.008335953578352928
v -0.0018716058693826199 0.006099999882280827 -0.008291437290608883
v -0.001277988776564598 0.006099999882280827 -0.0024350041057914495
v -0.004224768839776516 0.006099999882280827 -0.007322241552174091
v -0.005415857769548893 0.006099999882280827 -0.006551336497068405
v -0.001277988776564598 0.006099999882280827 -0.0024350041057914495
v -0.005415857769548893 0.006099999882280827 -0.006551336497068405
v -0.005458826664835215 0.006099999882280827 -0.006506704725325108
v -0.001277988776564598 0.006099999882280827 -0.0024350041057914495
v -0.005458826664835215 0.006099999882280827 -0.006506704725325108
v -0.006486266385763884 0.006099999882280827 -0.005439510103315115
v -0.001277988776564598 0.006099999882280827 -0.0024350041057914495
v -0.001277988776564598 -0.007100000511854887 -0.0024350041057914495
v 1.9081958235744878e-16 0.006099999882280827 -0.002749999752268195
v -0.001277988776564598 0.006099999882280827 -0.0024350041057914495
v -0.0022632055915892124 -0.007100000511854887 -0.0015621779020875692
v -0.001277988776564598 -0.007100000511854887 -0.0024350041057914495
v -0.001277988776564598 0.006099999882280827 -0.0024350041057914495
v 0.005112099461257458 0.006099999882280827 -0.006791013292968273
v 0.0042232368141412735 0.006099999882280827 -0.0073158955201506615
v 0.001277988776564598 0.006099999882280827 -0.0024350041057914495
v 0.0042232368141412735 0.006099999882280827 -0.0073158955201506615
v 0.0034783438313752413 0.006099999882280827 -0.007755761966109276
v 0.001277988776564598 0.006099999882280827 -0.0024350041057914495
v 0.0034783438313752413 0.006099999882280827 -0.007755761966109276
v 0.00289347255602479 0.006099999882280827 -0.00794505886733532
v 0.001277988776564598 0.006099999882280827 -0.0024350041057914495
v 0.00289347255602479 0.006099999882280827 -0.00794505886733532
v 0.0017259559826925397 0.006099999882280827 -0.008322931826114655
v 0.001277988776564598 0.006099999882280827 -0.0024350041057914495
v 0.0017259559826925397 0.006099999882280827 -0.008322931826114655
v 0.0014737467281520367 0.006099999882280827 -0.008348805829882622
v 0.001277988776564598 0.006099999882280827 -0.0024350041057914495
v 0.0014737467281520367 0.006099999882280827 -0.008348805829882622
v 1.9081958235744878e-16 0.006099999882280827 -0.002749999752268195
v 0.001277988776564598 0.006099999882280827 -0.0024350041057914495
v 0.0065101939253509045 0.006099999882280827 -0.005465236492455006
v 0.005436842329800129 0.006099999882280827 -0.006483067758381367
v 0.001277988776564598 0.006099999882280827 -0.0024350041057914495
v 0.005436842329800129 0.006099999882280827 -0.006483067758381367
v 0.005112099461257458 0.006099999882280827 -0.006791013292968273
v 0.001277988776564598 0.006099999882280827 -0.0024350041057914495
v -2.2724877535296173e-16 -0.007100000511854887 -0.002749999752268195
v 0.001277988776564598 -0.007100000511854887 -0.0024350041057914495
v 0.001277988776564598 0.006099999882280827 -0.0024350041057914495
v 1.9081958235744878e-16 0.006099999882280827 -0.002749999752268195
v -2.2724877535296173e-16 -0.007100000511854887 -0.002749999752268195
v 0.001277988776564598 0.006099999882280827 -0.0024350041057914495
v -0.001277988776564598 -0.007100000511854887 -0.0024350041057914495
v -2.2724877535296173e-16 -0.007100000511854887 -0.002749999752268195
v 1.9081958235744878e-16 0.006099999882280827 -0.002749999752268195
v 0.0014737467281520367 0.006099999882280827 -0.008348805829882622
v 1.9255430583342559e-16 0.006099999882280827 -0.008500000461935997
v 1.9081958235744878e-16 0.006099999882280827 -0.002749999752268195
v 0.008241953328251839 0.006099660415202379 -0.002182602183893323
v 0.008011867292225361 0.006099660415202379 -0.0029160811100155115
v 0.007931816391646862 0.006099999882280827 -0.00288704433478415
v 0.008011867292225361 0.006099660415202379 -0.0029160811100155115
v 0.007735955063253641 0.006099660415202379 -0.0035844857338815928
v 0.007931816391646862 0.006099999882280827 -0.00288704433478415
v 0.007735955063253641 0.006099660415202379 -0.0035844857338815928
v 0.007595290895551443 0.006099999882280827 -0.0038162071723490953
v 0.007931816391646862 0.006099999882280827 -0.00288704433478415
v -0.0077299620024859905 0.006099999882280827 -0.0035353393759578466
v -0.007735955063253641 0.006099660415202379 -0.0035844857338815928
v -0.007943175733089447 0.006099999882280827 -0.002892508404329419
v -0.007735955063253641 0.006099660415202379 -0.0035844857338815928
v -0.008011867292225361 0.006099660415202379 -0.0029160811100155115
v -0.007943175733089447 0.006099999882280827 -0.002892508404329419
v -0.007316760253161192 0.006099999882280827 -0.004223297815769911
v -0.0073837763629853725 0.006099660415202379 -0.004263025708496571
v -0.0077299620024859905 0.006099999882280827 -0.0035353393759578466
v -0.0073837763629853725 0.006099660415202379 -0.004263025708496571
v -0.007735955063253641 0.006099660415202379 -0.0035844857338815928
v -0.0077299620024859905 0.006099999882280827 -0.0035353393759578466
v 0.007735955063253641 0.006099660415202379 -0.0035844857338815928
v 0.0073837763629853725 0.006099660415202379 -0.004263025708496571
v 0.007595290895551443 0.006099999882280827 -0.0038162071723490953
v 0.0073837763629853725 0.006099660415202379 -0.004263025708496571
v 0.007325371261686087 0.006099999882280827 -0.00422640610486269
v 0.007595290895551443 0.006099999882280827 -0.0038162071723490953
v -0.006752158515155315 0.006099999882280827 -0.005163329653441906
v -0.0073837763629853725 0.006099660415202379 -0.004263025708496571
v -0.007316760253161192 0.006099999882280827 -0.004223297815769911
v 0.0073837763629853725 0.006099660415202379 -0.004263025708496571
v 0.006531334016472101 0.006099660415202379 -0.005480439867824316
v 0.007325371261686087 0.006099999882280827 -0.00422640610486269
v 0.006531334016472101 0.006099660415202379 -0.005480439867824316
v 0.0065101939253509045 0.006099999882280827 -0.005465236492455006
v 0.007325371261686087 0.006099999882280827 -0.00422640610486269
v -0.006486266385763884 0.006099999882280827 -0.005439510103315115
v -0.006531334016472101 0.006099660415202379 -0.005480439867824316
v -0.006752158515155315 0.006099999882280827 -0.005163329653441906
v -0.006531334016472101 0.006099660415202379 -0.005480439867824316
v -0.0073837763629853725 0.006099660415202379 -0.004263025708496571
v -0.006752158515155315 0.006099999882280827 -0.005163329653441906
v -0.005458826664835215 0.006099999882280827 -0.006506704725325108
v -0.006531334016472101 0.006099660415202379 -0.005480439867824316
v -0.006486266385763884 0.006099999882280827 -0.005439510103315115
v 0.006531334016472101 0.006099660415202379 -0.005480439867824316
v 0.005480439867824316 0.006099660415202379 -0.006531333550810814
v 0.0065101939253509045 0.006099999882280827 -0.005465236492455006
v 0.005480439867824316 0.006099660415202379 -0.006531333550810814
v 0.005436842329800129 0.006099999882280827 -0.006483067758381367
v 0.0065101939253509045 0.006099999882280827 -0.005465236492455006
v 0.005480439867824316 0.006099660415202379 -0.006531333550810814
v 0.005112099461257458 0.006099999882280827 -0.006791013292968273
v 0.005436842329800129 0.006099999882280827 -0.006483067758381367
v -0.005480439867824316 0.006099660415202379 -0.006531333550810814
v -0.006531334016472101 0.006099660415202379 -0.005480439867824316
v -0.005458826664835215 0.006099999882280827 -0.006506704725325108
v -0.005415857769548893 0.006099999882280827 -0.006551336497068405
v -0.005480439867824316 0.006099660415202379 -0.006531333550810814
v -0.005458826664835215 0.006099999882280827 -0.006506704725325108
v -0.004224768839776516 0.006099999882280827 -0.007322241552174091
v -0.004263025242835283 0.006099660415202379 -0.00738377682864666
v -0.005415857769548893 0.006099999882280827 -0.006551336497068405
v -0.004263025242835283 0.006099660415202379 -0.00738377682864666
v -0.005480439867824316 0.006099660415202379 -0.006531333550810814
v -0.005415857769548893 0.006099999882280827 -0.006551336497068405
v 0.004898733925074339 0.006099660415202379 -0.006978248246014118
v 0.0042232368141412735 0.006099999882280827 -0.0073158955201506615
v 0.005112099461257458 0.006099999882280827 -0.006791013292968273
v 0.005480439867824316 0.006099660415202379 -0.006531333550810814
v 0.004898733925074339 0.006099660415202379 -0.006978248246014118
v 0.005112099461257458 0.006099999882280827 -0.006791013292968273
v 0.003609794657677412 0.006099660415202379 -0.007724178023636341
v 0.0034783438313752413 0.006099999882280827 -0.007755761966109276
v 0.0042232368141412735 0.006099999882280827 -0.0073158955201506615
v 0.004263025242835283 0.006099660415202379 -0.00738377682864666
v 0.003609794657677412 0.006099660415202379 -0.007724178023636341
v 0.0042232368141412735 0.006099999882280827 -0.0073158955201506615
v 0.004898733925074339 0.006099660415202379 -0.006978248246014118
v 0.004263025242835283 0.006099660415202379 -0.00738377682864666
v 0.0042232368141412735 0.006099999882280827 -0.0073158955201506615
v -0.0037586004473268986 0.006099999882280827 -0.0076239584013819695
v -0.004263025242835283 0.006099660415202379 -0.00738377682864666
v -0.004224768839776516 0.006099999882280827 -0.007322241552174091
v -0.003609794657677412 0.006099660415202379 -0.007724178023636341
v -0.004263025242835283 0.006099660415202379 -0.00738377682864666
v -0.0037586004473268986 0.006099999882280827 -0.0076239584013819695
v -0.0028875991702079773 0.006099999882280827 -0.007932053878903389
v -0.003609794657677412 0.006099660415202379 -0.007724178023636341
v -0.0037586004473268986 0.006099999882280827 -0.0076239584013819695
v 0.0029160811100155115 0.006099660415202379 -0.008011867292225361
v 0.00289347255602479 0.006099999882280827 -0.00794505886733532
v 0.0034783438313752413 0.006099999882280827 -0.007755761966109276
v 0.003609794657677412 0.006099660415202379 -0.007724178023636341
v 0.0029160811100155115 0.006099660415202379 -0.008011867292225361
v 0.0034783438313752413 0.006099999882280827 -0.007755761966109276
v -0.0029160811100155115 0.006099660415202379 -0.008011867292225361
v -0.003609794657677412 0.006099660415202379 -0.007724178023636341
v -0.0028875991702079773 0.006099999882280827 -0.007932053878903389
v -0.0018716058693826199 0.006099999882280827 -0.008291437290608883
v -0.0029160811100155115 0.006099660415202379 -0.008011867292225361
v -0.0028875991702079773 0.006099999882280827 -0.007932053878903389
v 0.0029160811100155115 0.006099660415202379 -0.008011867292225361
v 0.0017259559826925397 0.006099999882280827 -0.008322931826114655
v 0.00289347255602479 0.006099999882280827 -0.00794505886733532
v -0.0014805331593379378 0.006099660415202379 -0.008396521210670471
v -0.0029160811100155115 0.006099660415202379 -0.008011867292225361
v -0.0018716058693826199 0.006099999882280827 -0.008291437290608883
v -0.0014721214538440108 0.006099999882280827 -0.008335953578352928
v -0.0014805331593379378 0.006099660415202379 -0.008396521210670471
v -0.0018716058693826199 0.006099999882280827 -0.008291437290608883
v 0.0014805331593379378 0.006099660415202379 -0.008396521210670471
v 0.0014737467281520367 0.006099999882280827 -0.008348805829882622
v 0.0017259559826925397 0.006099999882280827 -0.008322931826114655
v 0.0029160811100155115 0.006099660415202379 -0.008011867292225361
v 0.0014805331593379378 0.006099660415202379 -0.008396521210670471
v 0.0017259559826925397 0.006099999882280827 -0.008322931826114655
v 1.9255430583342559e-16 0.006099999882280827 -0.008500000461935997
v -0.0014805331593379378 0.006099660415202379 -0.008396521210670471
v -0.0014721214538440108 0.006099999882280827 -0.008335953578352928
v 1.8908485888147197e-16 0.006099660415202379 -0.008526050485670567
v 1.9255430583342559e-16 0.006099999882280827 -0.008500000461935997
v 0.0014737467281520367 0.006099999882280827 -0.008348805829882622
v 0.0014805331593379378 0.006099660415202379 -0.008396521210670471
v 1.8908485888147197e-16 0.006099660415202379 -0.008526050485670567
v 0.0014737467281520367 0.006099999882280827 -0.008348805829882622
v 1.8908485888147197e-16 0.006099660415202379 -0.008526050485670567
v -0.0014805331593379378 0.006099660415202379 -0.008396521210670471
v 1.9255430583342559e-16 0.006099999882280827 -0.008500000461935997
v -0.00884217955172062 0.006022136192768812 -5.401656899550744e-11
v -0.008845971897244453 0.0060355765745043755 0.008953043259680271
v -0.008526050485670567 0.006099660415202379 -5.401656899550744e-11
v -0.008396521210670471 0.006099660415202379 -0.001480533042922616
v -0.00884217955172062 0.006022136192768812 -5.401656899550744e-11
v -0.008526050485670567 0.006099660415202379 -5.401656899550744e-11
v 0.00884217955172062 0.006022136192768812 -5.401656899550744e-11
v 0.008396521210670471 0.006099660415202379 -0.001480533042922616
v 0.008526050485670567 0.006099660415202379 -5.401656899550744e-11
v -0.008400275371968746 0.005998298060148954 -0.0030574502889066935
v -0.008803577162325382 0.005998298060148954 -0.0015523082111030817
v -0.008396521210670471 0.006099660415202379 -0.001480533042922616
v -0.008803577162325382 0.005998298060148954 -0.0015523082111030817
v -0.00884217955172062 0.006022136192768812 -5.401656899550744e-11
v -0.008396521210670471 0.006099660415202379 -0.001480533042922616
v -0.008011867292225361 0.006099660415202379 -0.0029160811100155115
v -0.008400275371968746 0.005998298060148954 -0.0030574502889066935
v -0.008396521210670471 0.006099660415202379 -0.001480533042922616
v 0.00884217955172062 0.006022136192768812 -5.401656899550744e-11
v 0.008803577162325382 0.005998298060148954 -0.0015523082111030817
v 0.008396521210670471 0.006099660415202379 -0.001480533042922616
v 0.008803577162325382 0.005998298060148954 -0.0015523082111030817
v 0.008241953328251839 0.006099660415202379 -0.002182602183893323
v 0.008396521210670471 0.006099660415202379 -0.001480533042922616
v 0.008803577162325382 0.005998298060148954 -0.0015523082111030817
v 0.008011867292225361 0.006099660415202379 -0.0029160811100155115
v 0.008241953328251839 0.006099660415202379 -0.002182602183893323
v -0.007735955063253641 0.006099660415202379 -0.0035844857338815928
v -0.008400275371968746 0.005998298060148954 -0.0030574502889066935
v -0.008011867292225361 0.006099660415202379 -0.0029160811100155115
v 0.008400275371968746 0.005998298060148954 -0.0030574502889066935
v 0.007735955063253641 0.006099660415202379 -0.0035844857338815928
v 0.008011867292225361 0.006099660415202379 -0.0029160811100155115
v 0.008803577162325382 0.005998298060148954 -0.0015523082111030817
v 0.008400275371968746 0.005998298060148954 -0.0030574502889066935
v 0.008011867292225361 0.006099660415202379 -0.0029160811100155115
v -0.007741735782474279 0.005998298060148954 -0.004469693638384342
v -0.008400275371968746 0.005998298060148954 -0.0030574502889066935
v -0.007735955063253641 0.006099660415202379 -0.0035844857338815928
v -0.0073837763629853725 0.006099660415202379 -0.004263025708496571
v -0.007741735782474279 0.005998298060148954 -0.004469693638384342
v -0.007735955063253641 0.006099660415202379 -0.0035844857338815928
v 0.008400275371968746 0.005998298060148954 -0.0030574502889066935
v 0.0073837763629853725 0.006099660415202379 -0.004263025708496571
v 0.007735955063253641 0.006099660415202379 -0.0035844857338815928
v -0.006847967393696308 0.005998298060148954 -0.005746127106249332
v -0.007741735782474279 0.005998298060148954 -0.004469693638384342
v -0.0073837763629853725 0.006099660415202379 -0.004263025708496571
v -0.006531334016472101 0.006099660415202379 -0.005480439867824316
v -0.006847967393696308 0.005998298060148954 -0.005746127106249332
v -0.0073837763629853725 0.006099660415202379 -0.004263025708496571
v 0.007741735782474279 0.005998298060148954 -0.004469693638384342
v 0.006531334016472101 0.006099660415202379 -0.005480439867824316
v 0.0073837763629853725 0.006099660415202379 -0.004263025708496571
v 0.008400275371968746 0.005998298060148954 -0.0030574502889066935
v 0.007741735782474279 0.005998298060148954 -0.004469693638384342
v 0.0073837763629853725 0.006099660415202379 -0.004263025708496571
v -0.005746127106249332 0.005998298060148954 -0.006847967393696308
v -0.006847967393696308 0.005998298060148954 -0.005746127106249332
v -0.006531334016472101 0.006099660415202379 -0.005480439867824316
v -0.005480439867824316 0.006099660415202379 -0.006531333550810814
v -0.005746127106249332 0.005998298060148954 -0.006847967393696308
v -0.006531334016472101 0.006099660415202379 -0.005480439867824316
v 0.006847967393696308 0.005998298060148954 -0.005746127106249332
v 0.005480439867824316 0.006099660415202379 -0.006531333550810814
v 0.006531334016472101 0.006099660415202379 -0.005480439867824316
v 0.007741735782474279 0.005998298060148954 -0.004469693638384342
v 0.006847967393696308 0.005998298060148954 -0.005746127106249332
v 0.006531334016472101 0.006099660415202379 -0.005480439867824316
v -0.004469693172723055 0.005998298060148954 -0.007741736248135567
v -0.005746127106249332 0.005998298060148954 -0.006847967393696308
v -0.005480439867824316 0.006099660415202379 -0.006531333550810814
v -0.004263025242835283 0.006099660415202379 -0.00738377682864666
v -0.004469693172723055 0.005998298060148954 -0.007741736248135567
v -0.005480439867824316 0.006099660415202379 -0.006531333550810814
v 0.005746127106249332 0.005998298060148954 -0.006847967393696308
v 0.004898733925074339 0.006099660415202379 -0.006978248246014118
v 0.005480439867824316 0.006099660415202379 -0.006531333550810814
v 0.006847967393696308 0.005998298060148954 -0.005746127106249332
v 0.005746127106249332 0.005998298060148954 -0.006847967393696308
v 0.005480439867824316 0.006099660415202379 -0.006531333550810814
v 0.005746127106249332 0.005998298060148954 -0.006847967393696308
v 0.004263025242835283 0.006099660415202379 -0.00738377682864666
v 0.004898733925074339 0.006099660415202379 -0.006978248246014118
v -0.003609794657677412 0.006099660415202379 -0.007724178023636341
v -0.004469693172723055 0.005998298060148954 -0.007741736248135567
v -0.004263025242835283 0.006099660415202379 -0.00738377682864666
v 0.004469693172723055 0.005998298060148954 -0.007741736248135567
v 0.003609794657677412 0.006099660415202379 -0.007724178023636341
v 0.004263025242835283 0.006099660415202379 -0.00738377682864666
v 0.005746127106249332 0.005998298060148954 -0.006847967393696308
v 0.004469693172723055 0.005998298060148954 -0.007741736248135567
v 0.004263025242835283 0.006099660415202379 -0.00738377682864666
v -0.0030574502889066935 0.005998298060148954 -0.008400275371968746
v -0.004469693172723055 0.005998298060148954 -0.007741736248135567
v -0.003609794657677412 0.006099660415202379 -0.007724178023636341
v -0.0029160811100155115 0.006099660415202379 -0.008011867292225361
v -0.0030574502889066935 0.005998298060148954 -0.008400275371968746
v -0.003609794657677412 0.006099660415202379 -0.007724178023636341
v 0.004469693172723055 0.005998298060148954 -0.007741736248135567
v 0.0029160811100155115 0.006099660415202379 -0.008011867292225361
v 0.003609794657677412 0.006099660415202379 -0.007724178023636341
v -0.0015523082111030817 0.005998298060148954 -0.008803577162325382
v -0.0030574502889066935 0.005998298060148954 -0.008400275371968746
v -0.0029160811100155115 0.006099660415202379 -0.008011867292225361
v -0.0014805331593379378 0.006099660415202379 -0.008396521210670471
v -0.0015523082111030817 0.005998298060148954 -0.008803577162325382
v -0.0029160811100155115 0.006099660415202379 -0.008011867292225361
v 0.0030574502889066935 0.005998298060148954 -0.008400275371968746
v 0.0014805331593379378 0.006099660415202379 -0.008396521210670471
v 0.0029160811100155115 0.006099660415202379 -0.008011867292225361
v 0.004469693172723055 0.005998298060148954 -0.007741736248135567
v 0.0030574502889066935 0.005998298060148954 -0.008400275371968746
v 0.0029160811100155115 0.006099660415202379 -0.008011867292225361
v 1.8735013540549517e-16 0.005998298060148954 -0.00893938634544611
v -0.0015523082111030817 0.005998298060148954 -0.008803577162325382
v -0.0014805331593379378 0.006099660415202379 -0.008396521210670471
v 1.8908485888147197e-16 0.006099660415202379 -0.008526050485670567
v 1.8735013540549517e-16 0.005998298060148954 -0.00893938634544611
v -0.0014805331593379378 0.006099660415202379 -0.008396521210670471
v 0.0015523082111030817 0.005998298060148954 -0.008803577162325382
v 1.8908485888147197e-16 0.006099660415202379 -0.008526050485670567
v 0.0014805331593379378 0.006099660415202379 -0.008396521210670471
v 0.0030574502889066935 0.005998298060148954 -0.008400275371968746
v 0.0015523082111030817 0.005998298060148954 -0.008803577162325382
v 0.0014805331593379378 0.006099660415202379 -0.008396521210670471
v 0.0015523082111030817 0.005998298060148954 -0.008803577162325382
v 1.8735013540549517e-16 0.005998298060148954 -0.00893938634544611
v 1.8908485888147197e-16 0.006099660415202379 -0.008526050485670567
v 0.008839711546897888 0.006030083633959293 0.008948036469519138
v 0.00884217955172062 0.006022136192768812 -5.401656899550744e-11
v 0.008568523451685905 0.006097729317843914 0.008397805504500866
v -0.00884217955172062 0.006022136192768812 -5.401656899550744e-11
v -0.00886158924549818 0.006032668519765139 0.00898370798677206
v -0.008845971897244453 0.0060355765745043755 0.008953043259680271
v -0.009192779660224915 0.005789702758193016 -5.401656899550744e-11
v -0.009173317812383175 0.0058393944054841995 0.009746557101607323
v -0.00886158924549818 0.006032668519765139 0.00898370798677206
v -0.00884217955172062 0.006022136192768812 -5.401656899550744e-11
v -0.00893938634544611 0.005998298060148954 -5.401656899550744e-11
v -0.00886158924549818 0.006032668519765139 0.00898370798677206
v -0.00893938634544611 0.005998298060148954 -5.401656899550744e-11
v -0.009192779660224915 0.005789702758193016 -5.401656899550744e-11
v -0.00886158924549818 0.006032668519765139 0.00898370798677206
v 0.008843600749969482 0.006029113661497831 0.008955927565693855
v 0.00884217955172062 0.006022136192768812 -5.401656899550744e-11
v 0.008839711546897888 0.006030083633959293 0.008948036469519138
v 0.00893938634544611 0.005998298060148954 -5.401656899550744e-11
v 0.00884217955172062 0.006022136192768812 -5.401656899550744e-11
v 0.008843600749969482 0.006029113661497831 0.008955927565693855
v 0.008908821269869804 0.006012844853103161 0.00908825732767582
v 0.00893938634544611 0.005998298060148954 -5.401656899550744e-11
v 0.008843600749969482 0.006029113661497831 0.008955927565693855
v -0.008803577162325382 0.005998298060148954 -0.0015523082111030817
v -0.00893938634544611 0.005998298060148954 -5.401656899550744e-11
v -0.00884217955172062 0.006022136192768812 -5.401656899550744e-11
v 0.00893938634544611 0.005998298060148954 -5.401656899550744e-11
v 0.008803577162325382 0.005998298060148954 -0.0015523082111030817
v 0.00884217955172062 0.006022136192768812 -5.401656899550744e-11
v 0.009192779660224915 0.005789702758193016 -5.401656899550744e-11
v 0.00893938634544611 0.005998298060148954 -5.401656899550744e-11
v 0.008908821269869804 0.006012844853103161 0.00908825732767582
v 0.00918634608387947 0.005827303975820541 0.009782961569726467
v 0.009192779660224915 0.005789702758193016 -5.401656899550744e-11
v 0.008908821269869804 0.006012844853103161 0.00908825732767582
v -0.008803577162325382 0.005998298060148954 -0.0015523082111030817
v -0.009192779660224915 0.005789702758193016 -5.401656899550744e-11
v -0.00893938634544611 0.005998298060148954 -5.401656899550744e-11
v 0.009192779660224915 0.005789702758193016 -5.401656899550744e-11
v 0.008803577162325382 0.005998298060148954 -0.0015523082111030817
v 0.00893938634544611 0.005998298060148954 -5.401656899550744e-11
v -0.008736458607017994 0.005703788250684738 -0.003179810708388686
v -0.009155900217592716 0.005703788250684738 -0.0016144320834428072
v -0.008803577162325382 0.005998298060148954 -0.0015523082111030817
v -0.009155900217592716 0.005703788250684738 -0.0016144320834428072
v -0.009192779660224915 0.005789702758193016 -5.401656899550744e-11
v -0.008803577162325382 0.005998298060148954 -0.0015523082111030817
v -0.008400275371968746 0.005998298060148954 -0.0030574502889066935
v -0.008736458607017994 0.005703788250684738 -0.003179810708388686
v -0.008803577162325382 0.005998298060148954 -0.0015523082111030817
v 0.009192779660224915 0.005789702758193016 -5.401656899550744e-11
v 0.009155900217592716 0.005703788250684738 -0.0016144320834428072
v 0.008803577162325382 0.005998298060148954 -0.0015523082111030817
v 0.009155900217592716 0.005703788250684738 -0.0016144320834428072
v 0.008400275371968746 0.005998298060148954 -0.0030574502889066935
v 0.008803577162325382 0.005998298060148954 -0.0015523082111030817
v -0.007741735782474279 0.005998298060148954 -0.004469693638384342
v -0.008051563985645771 0.005703788250684738 -0.004648572765290737
v -0.008400275371968746 0.005998298060148954 -0.0030574502889066935
v -0.008051563985645771 0.005703788250684738 -0.004648572765290737
v -0.008736458607017994 0.005703788250684738 -0.003179810708388686
v -0.008400275371968746 0.005998298060148954 -0.0030574502889066935
v 0.008736458607017994 0.005703788250684738 -0.003179810708388686
v 0.007741735782474279 0.005998298060148954 -0.004469693638384342
v 0.008400275371968746 0.005998298060148954 -0.0030574502889066935
v 0.009155900217592716 0.005703788250684738 -0.0016144320834428072
v 0.008736458607017994 0.005703788250684738 -0.003179810708388686
v 0.008400275371968746 0.005998298060148954 -0.0030574502889066935
v -0.007122026290744543 0.005703788250684738 -0.005976089742034674
v -0.008051563985645771 0.005703788250684738 -0.004648572765290737
v -0.007741735782474279 0.005998298060148954 -0.004469693638384342
v -0.006847967393696308 0.005998298060148954 -0.005746127106249332
v -0.007122026290744543 0.005703788250684738 -0.005976089742034674
v -0.007741735782474279 0.005998298060148954 -0.004469693638384342
v 0.008051563985645771 0.005703788250684738 -0.004648572765290737
v 0.006847967393696308 0.005998298060148954 -0.005746127106249332
v 0.007741735782474279 0.005998298060148954 -0.004469693638384342
v 0.008736458607017994 0.005703788250684738 -0.003179810708388686
v 0.008051563985645771 0.005703788250684738 -0.004648572765290737
v 0.007741735782474279 0.005998298060148954 -0.004469693638384342
v -0.005976089276373386 0.005703788250684738 -0.007122025825083256
v -0.007122026290744543 0.005703788250684738 -0.005976089742034674
v -0.006847967393696308 0.005998298060148954 -0.005746127106249332
v -0.005746127106249332 0.005998298060148954 -0.006847967393696308
v -0.005976089276373386 0.005703788250684738 -0.007122025825083256
v -0.006847967393696308 0.005998298060148954 -0.005746127106249332
v 0.008051563985645771 0.005703788250684738 -0.004648572765290737
v 0.007122026290744543 0.005703788250684738 -0.005976089742034674
v 0.006847967393696308 0.005998298060148954 -0.005746127106249332
v 0.007122026290744543 0.005703788250684738 -0.005976089742034674
v 0.005746127106249332 0.005998298060148954 -0.006847967393696308
v 0.006847967393696308 0.005998298060148954 -0.005746127106249332
v -0.00464857229962945 0.005703788250684738 -0.008051563985645771
v -0.005976089276373386 0.005703788250684738 -0.007122025825083256
v -0.005746127106249332 0.005998298060148954 -0.006847967393696308
v -0.004469693172723055 0.005998298060148954 -0.007741736248135567
v -0.00464857229962945 0.005703788250684738 -0.008051563985645771
v -0.005746127106249332 0.005998298060148954 -0.006847967393696308
v 0.005976089276373386 0.005703788250684738 -0.007122025825083256
v 0.004469693172723055 0.005998298060148954 -0.007741736248135567
v 0.005746127106249332 0.005998298060148954 -0.006847967393696308
v 0.007122026290744543 0.005703788250684738 -0.005976089742034674
v 0.005976089276373386 0.005703788250684738 -0.007122025825083256
v 0.005746127106249332 0.005998298060148954 -0.006847967393696308
v -0.003179810708388686 0.005703788250684738 -0.008736458607017994
v -0.00464857229962945 0.005703788250684738 -0.008051563985645771
v -0.004469693172723055 0.005998298060148954 -0.007741736248135567
v -0.0030574502889066935 0.005998298060148954 -0.008400275371968746
v -0.003179810708388686 0.005703788250684738 -0.008736458607017994
v -0.004469693172723055 0.005998298060148954 -0.007741736248135567
v 0.00464857229962945 0.005703788250684738 -0.008051563985645771
v 0.0030574502889066935 0.005998298060148954 -0.008400275371968746
v 0.004469693172723055 0.005998298060148954 -0.007741736248135567
v 0.005976089276373386 0.005703788250684738 -0.007122025825083256
v 0.00464857229962945 0.005703788250684738 -0.008051563985645771
v 0.004469693172723055 0.005998298060148954 -0.007741736248135567
v -0.001614432199858129 0.005703788250684738 -0.009155900217592716
v -0.003179810708388686 0.005703788250684738 -0.008736458607017994
v -0.0030574502889066935 0.005998298060148954 -0.008400275371968746
v -0.0015523082111030817 0.005998298060148954 -0.008803577162325382
v -0.001614432199858129 0.005703788250684738 -0.009155900217592716
v -0.0030574502889066935 0.005998298060148954 -0.008400275371968746
v 0.003179810708388686 0.005703788250684738 -0.008736458607017994
v 0.0015523082111030817 0.005998298060148954 -0.008803577162325382
v 0.0030574502889066935 0.005998298060148954 -0.008400275371968746
v 0.00464857229962945 0.005703788250684738 -0.008051563985645771
v 0.003179810708388686 0.005703788250684738 -0.008736458607017994
v 0.0030574502889066935 0.005998298060148954 -0.008400275371968746
v 1.7867651802561113e-16 0.005703788250684738 -0.0092971445992589
v -0.001614432199858129 0.005703788250684738 -0.009155900217592716
v -0.0015523082111030817 0.005998298060148954 -0.008803577162325382
v 1.8735013540549517e-16 0.005998298060148954 -0.00893938634544611
v 1.7867651802561113e-16 0.005703788250684738 -0.0092971445992589
v -0.0015523082111030817 0.005998298060148954 -0.008803577162325382
v 0.001614432199858129 0.005703788250684738 -0.009155900217592716
v 1.8735013540549517e-16 0.005998298060148954 -0.00893938634544611
v 0.0015523082111030817 0.005998298060148954 -0.008803577162325382
v 0.003179810708388686 0.005703788250684738 -0.008736458607017994
v 0.001614432199858129 0.005703788250684738 -0.009155900217592716
v 0.0015523082111030817 0.005998298060148954 -0.008803577162325382
v 0.001614432199858129 0.005703788250684738 -0.009155900217592716
v 1.7867651802561113e-16 0.005703788250684738 -0.0092971445992589
v 1.8735013540549517e-16 0.005998298060148954 -0.00893938634544611
v -0.009192779660224915 0.005789702758193016 -5.401656899550744e-11
v -0.00920143723487854 0.00580270541831851 0.009834540076553822
v -0.009173317812383175 0.0058393944054841995 0.009746557101607323
v 0.00920355599373579 0.005804432090371847 0.009837181307375431
v 0.009192779660224915 0.005789702758193016 -5.401656899550744e-11
v 0.00918634608387947 0.005827303975820541 0.009782961569726467
v 0.0092971445992589 0.005703788250684738 -5.401656899550744e-11
v 0.009192779660224915 0.005789702758193016 -5.401656899550744e-11
v 0.00920355599373579 0.005804432090371847 0.009837181307375431
v 0.009416759014129639 0.005436525214463472 -5.401656899550744e-11
v 0.0092971445992589 0.005703788250684738 -5.401656899550744e-11
v 0.00920355599373579 0.005804432090371847 0.009837181307375431
v 0.00938888918608427 0.005558122880756855 0.010421071201562881
v 0.009416759014129639 0.005436525214463472 -5.401656899550744e-11
v 0.00920355599373579 0.005804432090371847 0.009837181307375431
v -0.009192779660224915 0.005789702758193016 -5.401656899550744e-11
v -0.00938888918608427 0.005558122880756855 0.010421071201562881
v -0.00920143723487854 0.00580270541831851 0.009834540076553822
v -0.009428606368601322 0.005471065174788237 0.010579394176602364
v -0.00938888918608427 0.005558122880756855 0.010421071201562881
v -0.009192779660224915 0.005789702758193016 -5.401656899550744e-11
v -0.0092971445992589 0.005703788250684738 -5.401656899550744e-11
v -0.009428606368601322 0.005471065174788237 0.010579394176602364
v -0.009192779660224915 0.005789702758193016 -5.401656899550744e-11
v -0.009155900217592716 0.005703788250684738 -0.0016144320834428072
v -0.0092971445992589 0.005703788250684738 -5.401656899550744e-11
v -0.009192779660224915 0.005789702758193016 -5.401656899550744e-11
v 0.0092971445992589 0.005703788250684738 -5.401656899550744e-11
v 0.009155900217592716 0.005703788250684738 -0.0016144320834428072
v 0.009192779660224915 0.005789702758193016 -5.401656899550744e-11
v -0.00943361409008503 0.005445041228085756 0.010625021532177925
v -0.009428606368601322 0.005471065174788237 0.010579394176602364
v -0.0092971445992589 0.005703788250684738 -5.401656899550744e-11
v -0.009416759014129639 0.005436525214463472 -5.401656899550744e-11
v -0.00943361409008503 0.005445041228085756 0.010625021532177925
v -0.0092971445992589 0.005703788250684738 -5.401656899550744e-11
v -0.009155900217592716 0.005703788250684738 -0.0016144320834428072
v -0.009416759014129639 0.005436525214463472 -5.401656899550744e-11
v -0.0092971445992589 0.005703788250684738 -5.401656899550744e-11
v 0.009416759014129639 0.005436525214463472 -5.401656899550744e-11
v 0.009155900217592716 0.005703788250684738 -0.0016144320834428072
v 0.0092971445992589 0.005703788250684738 -5.401656899550744e-11
v -0.009337315335869789 0.005292187444865704 -0.0016464204527437687
v -0.009416759014129639 0.005436525214463472 -5.401656899550744e-11
v -0.009155900217592716 0.005703788250684738 -0.0016144320834428072
v -0.008909562602639198 0.005292187444865704 -0.003242815611883998
v -0.009337315335869789 0.005292187444865704 -0.0016464204527437687
v -0.009155900217592716 0.005703788250684738 -0.0016144320834428072
v -0.008736458607017994 0.005703788250684738 -0.003179810708388686
v -0.008909562602639198 0.005292187444865704 -0.003242815611883998
v -0.009155900217592716 0.005703788250684738 -0.0016144320834428072
v 0.009416759014129639 0.005436525214463472 -5.401656899550744e-11
v 0.009337315335869789 0.005292187444865704 -0.0016464204527437687
v 0.009155900217592716 0.005703788250684738 -0.0016144320834428072
v 0.009337315335869789 0.005292187444865704 -0.0016464204527437687
v 0.008736458607017994 0.005703788250684738 -0.003179810708388686
v 0.009155900217592716 0.005703788250684738 -0.0016144320834428072
v -0.008211096748709679 0.005292187444865704 -0.004740679170936346
v -0.008909562602639198 0.005292187444865704 -0.003242815611883998
v -0.008736458607017994 0.005703788250684738 -0.003179810708388686
v -0.008051563985645771 0.005703788250684738 -0.004648572765290737
v -0.008211096748709679 0.005292187444865704 -0.004740679170936346
v -0.008736458607017994 0.005703788250684738 -0.003179810708388686
v 0.008909562602639198 0.005292187444865704 -0.003242815611883998
v 0.008051563985645771 0.005703788250684738 -0.004648572765290737
v 0.008736458607017994 0.005703788250684738 -0.003179810708388686
v 0.009337315335869789 0.005292187444865704 -0.0016464204527437687
v 0.008909562602639198 0.005292187444865704 -0.003242815611883998
v 0.008736458607017994 0.005703788250684738 -0.003179810708388686
v -0.007122026290744543 0.005703788250684738 -0.005976089742034674
v -0.007263141684234142 0.005292187444865704 -0.0060944994911551476
v -0.008051563985645771 0.005703788250684738 -0.004648572765290737
v -0.007263141684234142 0.005292187444865704 -0.0060944994911551476
v -0.008211096748709679 0.005292187444865704 -0.004740679170936346
v -0.008051563985645771 0.005703788250684738 -0.004648572765290737
v 0.008211096748709679 0.005292187444865704 -0.004740679170936346
v 0.007122026290744543 0.005703788250684738 -0.005976089742034674
v 0.008051563985645771 0.005703788250684738 -0.004648572765290737
v 0.008909562602639198 0.005292187444865704 -0.003242815611883998
v 0.008211096748709679 0.005292187444865704 -0.004740679170936346
v 0.008051563985645771 0.005703788250684738 -0.004648572765290737
v -0.0060944994911551476 0.005292187444865704 -0.007263141684234142
v -0.007263141684234142 0.005292187444865704 -0.0060944994911551476
v -0.007122026290744543 0.005703788250684738 -0.005976089742034674
v -0.005976089276373386 0.005703788250684738 -0.007122025825083256
v -0.0060944994911551476 0.005292187444865704 -0.007263141684234142
v -0.007122026290744543 0.005703788250684738 -0.005976089742034674
v 0.007263141684234142 0.005292187444865704 -0.0060944994911551476
v 0.005976089276373386 0.005703788250684738 -0.007122025825083256
v 0.007122026290744543 0.005703788250684738 -0.005976089742034674
v 0.008211096748709679 0.005292187444865704 -0.004740679170936346
v 0.007263141684234142 0.005292187444865704 -0.0060944994911551476
v 0.007122026290744543 0.005703788250684738 -0.005976089742034674
v -0.004740679170936346 0.005292187444865704 -0.008211097680032253
v -0.0060944994911551476 0.005292187444865704 -0.007263141684234142
v -0.005976089276373386 0.005703788250684738 -0.007122025825083256
v -0.00464857229962945 0.005703788250684738 -0.008051563985645771
v -0.004740679170936346 0.005292187444865704 -0.008211097680032253
v -0.005976089276373386 0.005703788250684738 -0.007122025825083256
v 0.0060944994911551476 0.005292187444865704 -0.007263141684234142
v 0.00464857229962945 0.005703788250684738 -0.008051563985645771
v 0.005976089276373386 0.005703788250684738 -0.007122025825083256
v 0.007263141684234142 0.005292187444865704 -0.0060944994911551476
v 0.0060944994911551476 0.005292187444865704 -0.007263141684234142
v 0.005976089276373386 0.005703788250684738 -0.007122025825083256
v -0.003242815611883998 0.005292187444865704 -0.008909562602639198
v -0.004740679170936346 0.005292187444865704 -0.008211097680032253
v -0.00464857229962945 0.005703788250684738 -0.008051563985645771
v -0.003179810708388686 0.005703788250684738 -0.008736458607017994
v -0.003242815611883998 0.005292187444865704 -0.008909562602639198
v -0.00464857229962945 0.005703788250684738 -0.008051563985645771
v 0.004740679170936346 0.005292187444865704 -0.008211097680032253
v 0.003179810708388686 0.005703788250684738 -0.008736458607017994
v 0.00464857229962945 0.005703788250684738 -0.008051563985645771
v 0.0060944994911551476 0.005292187444865704 -0.007263141684234142
v 0.004740679170936346 0.005292187444865704 -0.008211097680032253
v 0.00464857229962945 0.005703788250684738 -0.008051563985645771
v -0.0016464205691590905 0.005292187444865704 -0.009337315335869789
v -0.003242815611883998 0.005292187444865704 -0.008909562602639198
v -0.003179810708388686 0.005703788250684738 -0.008736458607017994
v -0.001614432199858129 0.005703788250684738 -0.009155900217592716
v -0.0016464205691590905 0.005292187444865704 -0.009337315335869789
v -0.003179810708388686 0.005703788250684738 -0.008736458607017994
v 0.003242815611883998 0.005292187444865704 -0.008909562602639198
v 0.001614432199858129 0.005703788250684738 -0.009155900217592716
v 0.003179810708388686 0.005703788250684738 -0.008736458607017994
v 0.004740679170936346 0.005292187444865704 -0.008211097680032253
v 0.003242815611883998 0.005292187444865704 -0.008909562602639198
v 0.003179810708388686 0.005703788250684738 -0.008736458607017994
v 1.6653345369377348e-16 0.005292187444865704 -0.009481358341872692
v -0.0016464205691590905 0.005292187444865704 -0.009337315335869789
v -0.001614432199858129 0.005703788250684738 -0.009155900217592716
v 1.7867651802561113e-16 0.005703788250684738 -0.0092971445992589
v 1.6653345369377348e-16 0.005292187444865704 -0.009481358341872692
v -0.001614432199858129 0.005703788250684738 -0.009155900217592716
v 0.0016464205691590905 0.005292187444865704 -0.009337315335869789
v 1.7867651802561113e-16 0.005703788250684738 -0.0092971445992589
v 0.001614432199858129 0.005703788250684738 -0.009155900217592716
v 0.003242815611883998 0.005292187444865704 -0.008909562602639198
v 0.0016464205691590905 0.005292187444865704 -0.009337315335869789
v 0.001614432199858129 0.005703788250684738 -0.009155900217592716
v 0.0016464205691590905 0.005292187444865704 -0.009337315335869789
v 1.6653345369377348e-16 0.005292187444865704 -0.009481358341872692
v 1.7867651802561113e-16 0.005703788250684738 -0.0092971445992589
v 0.009425283409655094 0.005441898945719004 0.01062787789851427
v 0.009416759014129639 0.005436525214463472 -5.401656899550744e-11
v 0.00938888918608427 0.005558122880756855 0.010421071201562881
v -0.0018103786278516054 -0.005678810644894838 0.0501679889857769
v -0.001500000013038516 -0.005496333818882704 0.050478365272283554
v -0.001500000013038516 0.005496333818882704 0.050478365272283554
v -0.009481358341872692 0.005292187444865704 -5.401656899550744e-11
v -0.009499999694526196 0.0050999997183680534 0.01122997235506773
v -0.00943361409008503 0.005445041228085756 0.010625021532177925
v -0.009416759014129639 0.005436525214463472 -5.401656899550744e-11
v -0.009481358341872692 0.005292187444865704 -5.401656899550744e-11
v -0.00943361409008503 0.005445041228085756 0.010625021532177925
v 0.00949142500758171 0.005230674985796213 0.011003725230693817
v 0.009481358341872692 0.005292187444865704 -5.401656899550744e-11
v 0.009425283409655094 0.005441898945719004 0.01062787789851427
v 0.009481358341872692 0.005292187444865704 -5.401656899550744e-11
v 0.009416759014129639 0.005436525214463472 -5.401656899550744e-11
v 0.009425283409655094 0.005441898945719004 0.01062787789851427
v -0.009337315335869789 0.005292187444865704 -0.0016464204527437687
v -0.009481358341872692 0.005292187444865704 -5.401656899550744e-11
v -0.009416759014129639 0.005436525214463472 -5.401656899550744e-11
v 0.009481358341872692 0.005292187444865704 -5.401656899550744e-11
v 0.009337315335869789 0.005292187444865704 -0.0016464204527437687
v 0.009416759014129639 0.005436525214463472 -5.401656899550744e-11
v -0.009499999694526196 0.0050999997183680534 -5.401656899550744e-11
v -0.009499999694526196 0.0050999997183680534 0.01122997235506773
v -0.009481358341872692 0.005292187444865704 -5.401656899550744e-11
v -0.00935567356646061 0.0050999997183680534 -0.001649657730013132
v -0.009499999694526196 0.0050999997183680534 -5.401656899550744e-11
v -0.009481358341872692 0.005292187444865704 -5.401656899550744e-11
v -0.009337315335869789 0.005292187444865704 -0.0016464204527437687
v -0.00935567356646061 0.0050999997183680534 -0.001649657730013132
v -0.009481358341872692 0.005292187444865704 -5.401656899550744e-11
v 0.00949142500758171 0.005230674985796213 0.011003725230693817
v 0.009499999694526196 0.0050999997183680534 -5.401656899550744e-11
v 0.009481358341872692 0.005292187444865704 -5.401656899550744e-11
v 0.009499999694526196 0.0050999997183680534 -5.401656899550744e-11
v 0.009337315335869789 0.005292187444865704 -0.0016464204527437687
v 0.009481358341872692 0.005292187444865704 -5.401656899550744e-11
v -0.009190889075398445 0.0050999997183680534 -0.0022646409925073385
v -0.00935567356646061 0.0050999997183680534 -0.001649657730013132
v -0.009337315335869789 0.005292187444865704 -0.0016464204527437687
v -0.008909562602639198 0.005292187444865704 -0.003242815611883998
v -0.009190889075398445 0.0050999997183680534 -0.0022646409925073385
v -0.009337315335869789 0.005292187444865704 -0.0016464204527437687
v 0.00935567356646061 0.0050999997183680534 -0.001649657730013132
v 0.009190889075398445 0.0050999997183680534 -0.0022646409925073385
v 0.009337315335869789 0.005292187444865704 -0.0016464204527437687
v 0.009499999694526196 0.0050999997183680534 -5.401656899550744e-11
v 0.00935567356646061 0.0050999997183680534 -0.001649657730013132
v 0.009337315335869789 0.005292187444865704 -0.0016464204527437687
v 0.009190889075398445 0.0050999997183680534 -0.0022646409925073385
v 0.008909562602639198 0.005292187444865704 -0.003242815611883998
v 0.009337315335869789 0.005292187444865704 -0.0016464204527437687
v -0.008211096748709679 0.005292187444865704 -0.004740679170936346
v -0.008388572372496128 0.0050999997183680534 -0.004404024221003056
v -0.008909562602639198 0.005292187444865704 -0.003242815611883998
v -0.008388572372496128 0.0050999997183680534 -0.004404024221003056
v -0.00892707984894514 0.0050999997183680534 -0.0032491914462298155
v -0.008909562602639198 0.005292187444865704 -0.003242815611883998
v -0.00892707984894514 0.0050999997183680534 -0.0032491914462298155
v -0.009190889075398445 0.0050999997183680534 -0.0022646409925073385
v -0.008909562602639198 0.005292187444865704 -0.003242815611883998
v 0.00892707984894514 0.0050999997183680534 -0.0032491914462298155
v 0.008211096748709679 0.005292187444865704 -0.004740679170936346
v 0.008909562602639198 0.005292187444865704 -0.003242815611883998
v 0.009190889075398445 0.0050999997183680534 -0.0022646409925073385
v 0.00892707984894514 0.0050999997183680534 -0.0032491914462298155
v 0.008909562602639198 0.005292187444865704 -0.003242815611883998
v -0.007277422118932009 0.0050999997183680534 -0.006106482818722725
v -0.008227241225540638 0.0050999997183680534 -0.004750000312924385
v -0.008211096748709679 0.005292187444865704 -0.004740679170936346
v -0.008227241225540638 0.0050999997183680534 -0.004750000312924385
v -0.008388572372496128 0.0050999997183680534 -0.004404024221003056
v -0.008211096748709679 0.005292187444865704 -0.004740679170936346
v -0.007263141684234142 0.005292187444865704 -0.0060944994911551476
v -0.007277422118932009 0.0050999997183680534 -0.006106482818722725
v -0.008211096748709679 0.005292187444865704 -0.004740679170936346
v 0.00892707984894514 0.0050999997183680534 -0.0032491914462298155
v 0.008388572372496128 0.0050999997183680534 -0.004404024221003056
v 0.008211096748709679 0.005292187444865704 -0.004740679170936346
v 0.008227241225540638 0.0050999997183680534 -0.004750000312924385
v 0.007263141684234142 0.005292187444865704 -0.0060944994911551476
v 0.008211096748709679 0.005292187444865704 -0.004740679170936346
v 0.008388572372496128 0.0050999997183680534 -0.004404024221003056
v 0.008227241225540638 0.0050999997183680534 -0.004750000312924385
v 0.008211096748709679 0.005292187444865704 -0.004740679170936346
v -0.006106482353061438 0.0050999997183680534 -0.007277422584593296
v -0.007097545545548201 0.0050999997183680534 -0.006286359392106533
v -0.007263141684234142 0.005292187444865704 -0.0060944994911551476
v -0.0060944994911551476 0.005292187444865704 -0.007263141684234142
v -0.006106482353061438 0.0050999997183680534 -0.007277422584593296
v -0.007263141684234142 0.005292187444865704 -0.0060944994911551476
v -0.007097545545548201 0.0050999997183680534 -0.006286359392106533
v -0.007277422118932009 0.0050999997183680534 -0.006106482818722725
v -0.007263141684234142 0.005292187444865704 -0.0060944994911551476
v 0.008227241225540638 0.0050999997183680534 -0.004750000312924385
v 0.007277422118932009 0.0050999997183680534 -0.006106482818722725
v 0.007263141684234142 0.005292187444865704 -0.0060944994911551476
v 0.007277422118932009 0.0050999997183680534 -0.006106482818722725
v 0.007097545545548201 0.0050999997183680534 -0.006286359392106533
v 0.007263141684234142 0.005292187444865704 -0.0060944994911551476
v 0.007097545545548201 0.0050999997183680534 -0.006286359392106533
v 0.0060944994911551476 0.005292187444865704 -0.007263141684234142
v 0.007263141684234142 0.005292187444865704 -0.0060944994911551476
v -0.005376002751290798 0.0050999997183680534 -0.00778890959918499
v -0.006106482353061438 0.0050999997183680534 -0.007277422584593296
v -0.0060944994911551476 0.005292187444865704 -0.007263141684234142
v -0.004740679170936346 0.005292187444865704 -0.008211097680032253
v -0.005376002751290798 0.0050999997183680534 -0.00778890959918499
v -0.0060944994911551476 0.005292187444865704 -0.007263141684234142
v 0.005376002751290798 0.0050999997183680534 -0.00778890959918499
v 0.004740679170936346 0.005292187444865704 -0.008211097680032253
v 0.0060944994911551476 0.005292187444865704 -0.007263141684234142
v 0.007097545545548201 0.0050999997183680534 -0.006286359392106533
v 0.006106482353061438 0.0050999997183680534 -0.007277422584593296
v 0.0060944994911551476 0.005292187444865704 -0.007263141684234142
v 0.006106482353061438 0.0050999997183680534 -0.007277422584593296
v 0.005376002751290798 0.0050999997183680534 -0.00778890959918499
v 0.0060944994911551476 0.005292187444865704 -0.007263141684234142
v -0.003242815611883998 0.005292187444865704 -0.008909562602639198
v -0.003364409087225795 0.0050999997183680534 -0.008873352780938148
v -0.004740679170936346 0.005292187444865704 -0.008211097680032253
v -0.003364409087225795 0.0050999997183680534 -0.008873352780938148
v -0.004749999847263098 0.0050999997183680534 -0.008227241225540638
v -0.004740679170936346 0.005292187444865704 -0.008211097680032253
v -0.004749999847263098 0.0050999997183680534 -0.008227241225540638
v -0.005376002751290798 0.0050999997183680534 -0.00778890959918499
v -0.004740679170936346 0.005292187444865704 -0.008211097680032253
v 0.005376002751290798 0.0050999997183680534 -0.00778890959918499
v 0.004749999847263098 0.0050999997183680534 -0.008227241225540638
v 0.004740679170936346 0.005292187444865704 -0.008211097680032253
v 0.004749999847263098 0.0050999997183680534 -0.008227241225540638
v 0.003242815611883998 0.005292187444865704 -0.008909562602639198
v 0.004740679170936346 0.005292187444865704 -0.008211097680032253
v -0.0016464205691590905 0.005292187444865704 -0.009337315335869789
v -0.001649657730013132 0.0050999997183680534 -0.00935567356646061
v -0.003242815611883998 0.005292187444865704 -0.008909562602639198
v -0.001649657730013132 0.0050999997183680534 -0.00935567356646061
v -0.0032491914462298155 0.0050999997183680534 -0.00892707984894514
v -0.003242815611883998 0.005292187444865704 -0.008909562602639198
v -0.0032491914462298155 0.0050999997183680534 -0.00892707984894514
v -0.003364409087225795 0.0050999997183680534 -0.008873352780938148
v -0.003242815611883998 0.005292187444865704 -0.008909562602639198
v 0.0032491914462298155 0.0050999997183680534 -0.00892707984894514
v 0.0016464205691590905 0.005292187444865704 -0.009337315335869789
v 0.003242815611883998 0.005292187444865704 -0.008909562602639198
v 0.004749999847263098 0.0050999997183680534 -0.008227241225540638
v 0.003364409087225795 0.0050999997183680534 -0.008873352780938148
v 0.003242815611883998 0.005292187444865704 -0.008909562602639198
v 0.003364409087225795 0.0050999997183680534 -0.008873352780938148
v 0.0032491914462298155 0.0050999997183680534 -0.00892707984894514
v 0.003242815611883998 0.005292187444865704 -0.008909562602639198
v 1.6653345369377348e-16 0.005292187444865704 -0.009481358341872692
v 1.6132928326584306e-16 0.0050999997183680534 -0.00950000062584877
v -0.0016464205691590905 0.005292187444865704 -0.009337315335869789
v 1.6132928326584306e-16 0.0050999997183680534 -0.00950000062584877
v -0.00114241405390203 0.0050999997183680534 -0.009400052018463612
v -0.0016464205691590905 0.005292187444865704 -0.009337315335869789
v -0.00114241405390203 0.0050999997183680534 -0.009400052018463612
v -0.001649657730013132 0.0050999997183680534 -0.00935567356646061
v -0.0016464205691590905 0.005292187444865704 -0.009337315335869789
v 0.0032491914462298155 0.0050999997183680534 -0.00892707984894514
v 0.001649657730013132 0.0050999997183680534 -0.00935567356646061
v 0.0016464205691590905 0.005292187444865704 -0.009337315335869789
v 0.001649657730013132 0.0050999997183680534 -0.00935567356646061
v 0.00114241405390203 0.0050999997183680534 -0.009400052018463612
v 0.0016464205691590905 0.005292187444865704 -0.009337315335869789
v 0.00114241405390203 0.0050999997183680534 -0.009400052018463612
v 1.6653345369377348e-16 0.005292187444865704 -0.009481358341872692
v 0.0016464205691590905 0.005292187444865704 -0.009337315335869789
v 0.00114241405390203 0.0050999997183680534 -0.009400052018463612
v 1.6132928326584306e-16 0.0050999997183680534 -0.00950000062584877
v 1.6653345369377348e-16 0.005292187444865704 -0.009481358341872692
v 0.009499999694526196 0.0050999997183680534 0.01122997235506773
v 0.009499999694526196 0.0050999997183680534 -5.401656899550744e-11
v 0.00949142500758171 0.005230674985796213 0.011003725230693817
v -0.009499999694526196 0.0050999997183680534 -5.401656899550744e-11
v -0.009499999694526196 -0.006100000347942114 -5.401656899550744e-11
v -0.009499999694526196 0.0050999997183680534 0.01122997235506773
v -0.009499999694526196 -0.006100000347942114 -5.401656899550744e-11
v -0.009499999694526196 -0.006100000347942114 0.00954743754118681
v -0.009499999694526196 0.0050999997183680534 0.01122997235506773
v -0.009499999694526196 -0.006100000347942114 0.00954743754118681
v -0.009500117041170597 -0.0084160678088665 0.020327385514974594
v -0.009499999694526196 0.0050999997183680534 0.01122997235506773
v -0.009500117041170597 -0.0084160678088665 0.020327385514974594
v -0.009499999694526196 -0.007700000423938036 0.020400000736117363
v -0.009499999694526196 0.0050999997183680534 0.01122997235506773
v 0.009499999694526196 -0.006100000347942114 0.00954743754118681
v 0.009499999694526196 0.0050999997183680534 -5.401656899550744e-11
v 0.009499999694526196 0.0050999997183680534 0.01122997235506773
v -0.00935567356646061 0.0050999997183680534 -0.001649657730013132
v -0.00935567356646061 -0.006100000347942114 -0.001649657730013132
v -0.009499999694526196 0.0050999997183680534 -5.401656899550744e-11
v -0.00935567356646061 -0.006100000347942114 -0.001649657730013132
v -0.009499999694526196 -0.006100000347942114 -5.401656899550744e-11
v -0.009499999694526196 0.0050999997183680534 -5.401656899550744e-11
v 0.009499999694526196 -0.006100000347942114 0.00954743754118681
v 0.009499999694526196 -0.006100000347942114 -5.401656899550744e-11
v 0.009499999694526196 0.0050999997183680534 -5.401656899550744e-11
v 0.009499999694526196 -0.006100000347942114 -5.401656899550744e-11
v 0.00935567356646061 0.0050999997183680534 -0.001649657730013132
v 0.009499999694526196 0.0050999997183680534 -5.401656899550744e-11
v -0.009190889075398445 0.0050999997183680534 -0.0022646409925073385
v -0.009190889075398445 -0.006100000347942114 -0.0022646409925073385
v -0.00935567356646061 0.0050999997183680534 -0.001649657730013132
v -0.009190889075398445 -0.006100000347942114 -0.0022646409925073385
v -0.00935567356646061 -0.006100000347942114 -0.001649657730013132
v -0.00935567356646061 0.0050999997183680534 -0.001649657730013132
v 0.009499999694526196 -0.006100000347942114 -5.401656899550744e-11
v 0.00935567356646061 -0.006100000347942114 -0.001649657730013132
v 0.00935567356646061 0.0050999997183680534 -0.001649657730013132
v 0.00935567356646061 -0.006100000347942114 -0.001649657730013132
v 0.009190889075398445 0.0050999997183680534 -0.0022646409925073385
v 0.00935567356646061 0.0050999997183680534 -0.001649657730013132
v -0.00892707984894514 0.0050999997183680534 -0.0032491914462298155
v -0.00892707984894514 -0.006100000347942114 -0.0032491914462298155
v -0.009190889075398445 0.0050999997183680534 -0.0022646409925073385
v -0.00892707984894514 -0.006100000347942114 -0.0032491914462298155
v -0.009190889075398445 -0.006100000347942114 -0.0022646409925073385
v -0.009190889075398445 0.0050999997183680534 -0.0022646409925073385
v 0.00935567356646061 -0.006100000347942114 -0.001649657730013132
v 0.009190889075398445 -0.006100000347942114 -0.0022646409925073385
v 0.009190889075398445 0.0050999997183680534 -0.0022646409925073385
v 0.009190889075398445 -0.006100000347942114 -0.0022646409925073385
v 0.00892707984894514 0.0050999997183680534 -0.0032491914462298155
v 0.009190889075398445 0.0050999997183680534 -0.0022646409925073385
v -0.008388572372496128 0.0050999997183680534 -0.004404024221003056
v -0.008388572372496128 -0.006100000347942114 -0.004404024221003056
v -0.00892707984894514 0.0050999997183680534 -0.0032491914462298155
v -0.008388572372496128 -0.006100000347942114 -0.004404024221003056
v -0.00892707984894514 -0.006100000347942114 -0.0032491914462298155
v -0.00892707984894514 0.0050999997183680534 -0.0032491914462298155
v 0.009190889075398445 -0.006100000347942114 -0.0022646409925073385
v 0.00892707984894514 -0.006100000347942114 -0.0032491914462298155
v 0.00892707984894514 0.0050999997183680534 -0.0032491914462298155
v 0.00892707984894514 -0.006100000347942114 -0.0032491914462298155
v 0.008388572372496128 0.0050999997183680534 -0.004404024221003056
v 0.00892707984894514 0.0050999997183680534 -0.0032491914462298155
v -0.008227241225540638 0.0050999997183680534 -0.004750000312924385
v -0.008227241225540638 -0.006100000347942114 -0.004750000312924385
v -0.008388572372496128 0.0050999997183680534 -0.004404024221003056
v -0.008227241225540638 -0.006100000347942114 -0.004750000312924385
v -0.008388572372496128 -0.006100000347942114 -0.004404024221003056
v -0.008388572372496128 0.0050999997183680534 -0.004404024221003056
v 0.00892707984894514 -0.006100000347942114 -0.0032491914462298155
v 0.008388572372496128 -0.006100000347942114 -0.004404024221003056
v 0.008388572372496128 0.0050999997183680534 -0.004404024221003056
v 0.008388572372496128 -0.006100000347942114 -0.004404024221003056
v 0.008227241225540638 0.0050999997183680534 -0.004750000312924385
v 0.008388572372496128 0.0050999997183680534 -0.004404024221003056
v -0.007277422118932009 0.0050999997183680534 -0.006106482818722725
v -0.007277422118932009 -0.006100000347942114 -0.006106482818722725
v -0.008227241225540638 0.0050999997183680534 -0.004750000312924385
v -0.007277422118932009 -0.006100000347942114 -0.006106482818722725
v -0.008227241225540638 -0.006100000347942114 -0.004750000312924385
v -0.008227241225540638 0.0050999997183680534 -0.004750000312924385
v 0.008388572372496128 -0.006100000347942114 -0.004404024221003056
v 0.008227241225540638 -0.006100000347942114 -0.004750000312924385
v 0.008227241225540638 0.0050999997183680534 -0.004750000312924385
v 0.008227241225540638 -0.006100000347942114 -0.004750000312924385
v 0.007277422118932009 0.0050999997183680534 -0.006106482818722725
v 0.008227241225540638 0.0050999997183680534 -0.004750000312924385
v -0.007097545545548201 0.0050999997183680534 -0.006286359392106533
v -0.007097545545548201 -0.006100000347942114 -0.006286359392106533
v -0.007277422118932009 0.0050999997183680534 -0.006106482818722725
v -0.007097545545548201 -0.006100000347942114 -0.006286359392106533
v -0.007277422118932009 -0.006100000347942114 -0.006106482818722725
v -0.007277422118932009 0.0050999997183680534 -0.006106482818722725
v 0.008227241225540638 -0.006100000347942114 -0.004750000312924385
v 0.007277422118932009 -0.006100000347942114 -0.006106482818722725
v 0.007277422118932009 0.0050999997183680534 -0.006106482818722725
v 0.007277422118932009 -0.006100000347942114 -0.006106482818722725
v 0.007097545545548201 0.0050999997183680534 -0.006286359392106533
v 0.007277422118932009 0.0050999997183680534 -0.006106482818722725
v -0.006106482353061438 0.0050999997183680534 -0.007277422584593296
v -0.006106482353061438 -0.006100000347942114 -0.007277422584593296
v -0.007097545545548201 0.0050999997183680534 -0.006286359392106533
v -0.006106482353061438 -0.006100000347942114 -0.007277422584593296
v -0.007097545545548201 -0.006100000347942114 -0.006286359392106533
v -0.007097545545548201 0.0050999997183680534 -0.006286359392106533
v 0.007277422118932009 -0.006100000347942114 -0.006106482818722725
v 0.007097545545548201 -0.006100000347942114 -0.006286359392106533
v 0.007097545545548201 0.0050999997183680534 -0.006286359392106533
v 0.007097545545548201 -0.006100000347942114 -0.006286359392106533
v 0.006106482353061438 0.0050999997183680534 -0.007277422584593296
v 0.007097545545548201 0.0050999997183680534 -0.006286359392106533
v -0.005376002751290798 0.0050999997183680534 -0.00778890959918499
v -0.005376002751290798 -0.006100000347942114 -0.00778890959918499
v -0.006106482353061438 0.0050999997183680534 -0.007277422584593296
v -0.005376002751290798 -0.006100000347942114 -0.00778890959918499
v -0.006106482353061438 -0.006100000347942114 -0.007277422584593296
v -0.006106482353061438 0.0050999997183680534 -0.007277422584593296
v 0.007097545545548201 -0.006100000347942114 -0.006286359392106533
v 0.006106482353061438 -0.006100000347942114 -0.007277422584593296
v 0.006106482353061438 0.0050999997183680534 -0.007277422584593296
v 0.006106482353061438 -0.006100000347942114 -0.007277422584593296
v 0.005376002751290798 0.0050999997183680534 -0.00778890959918499
v 0.006106482353061438 0.0050999997183680534 -0.007277422584593296
v -0.004749999847263098 0.0050999997183680534 -0.008227241225540638
v -0.004749999847263098 -0.006100000347942114 -0.008227241225540638
v -0.005376002751290798 0.0050999997183680534 -0.00778890959918499
v -0.004749999847263098 -0.006100000347942114 -0.008227241225540638
v -0.005376002751290798 -0.006100000347942114 -0.00778890959918499
v -0.005376002751290798 0.0050999997183680534 -0.00778890959918499
v 0.006106482353061438 -0.006100000347942114 -0.007277422584593296
v 0.005376002751290798 -0.006100000347942114 -0.00778890959918499
v 0.005376002751290798 0.0050999997183680534 -0.00778890959918499
v 0.005376002751290798 -0.006100000347942114 -0.00778890959918499
v 0.004749999847263098 0.0050999997183680534 -0.008227241225540638
v 0.005376002751290798 0.0050999997183680534 -0.00778890959918499
v -0.003364409087225795 0.0050999997183680534 -0.008873352780938148
v -0.003364409087225795 -0.006100000347942114 -0.008873352780938148
v -0.004749999847263098 0.0050999997183680534 -0.008227241225540638
v -0.003364409087225795 -0.006100000347942114 -0.008873352780938148
v -0.004749999847263098 -0.006100000347942114 -0.008227241225540638
v -0.004749999847263098 0.0050999997183680534 -0.008227241225540638
v 0.005376002751290798 -0.006100000347942114 -0.00778890959918499
v 0.004749999847263098 -0.006100000347942114 -0.008227241225540638
v 0.004749999847263098 0.0050999997183680534 -0.008227241225540638
v 0.004749999847263098 -0.006100000347942114 -0.008227241225540638
v 0.003364409087225795 0.0050999997183680534 -0.008873352780938148
v 0.004749999847263098 0.0050999997183680534 -0.008227241225540638
v -0.0032491914462298155 0.0050999997183680534 -0.00892707984894514
v -0.0032491914462298155 -0.006100000347942114 -0.00892707984894514
v -0.003364409087225795 0.0050999997183680534 -0.008873352780938148
v -0.0032491914462298155 -0.006100000347942114 -0.00892707984894514
v -0.003364409087225795 -0.006100000347942114 -0.008873352780938148
v -0.003364409087225795 0.0050999997183680534 -0.008873352780938148
v 0.004749999847263098 -0.006100000347942114 -0.008227241225540638
v 0.003364409087225795 -0.006100000347942114 -0.008873352780938148
v 0.003364409087225795 0.0050999997183680534 -0.008873352780938148
v 0.003364409087225795 -0.006100000347942114 -0.008873352780938148
v 0.0032491914462298155 0.0050999997183680534 -0.00892707984894514
v 0.003364409087225795 0.0050999997183680534 -0.008873352780938148
v -0.001649657730013132 0.0050999997183680534 -0.00935567356646061
v -0.001649657730013132 -0.006100000347942114 -0.00935567356646061
v -0.0032491914462298155 0.0050999997183680534 -0.00892707984894514
v -0.001649657730013132 -0.006100000347942114 -0.00935567356646061
v -0.0032491914462298155 -0.006100000347942114 -0.00892707984894514
v -0.0032491914462298155 0.0050999997183680534 -0.00892707984894514
v 0.003364409087225795 -0.006100000347942114 -0.008873352780938148
v 0.0032491914462298155 -0.006100000347942114 -0.00892707984894514
v 0.0032491914462298155 0.0050999997183680534 -0.00892707984894514
v 0.0032491914462298155 -0.006100000347942114 -0.00892707984894514
v 0.001649657730013132 0.0050999997183680534 -0.00935567356646061
v 0.0032491914462298155 0.0050999997183680534 -0.00892707984894514
v -0.00114241405390203 0.0050999997183680534 -0.009400052018463612
v -0.00114241405390203 -0.006100000347942114 -0.009400052018463612
v -0.001649657730013132 0.0050999997183680534 -0.00935567356646061
v -0.00114241405390203 -0.006100000347942114 -0.009400052018463612
v -0.001649657730013132 -0.006100000347942114 -0.00935567356646061
v -0.001649657730013132 0.0050999997183680534 -0.00935567356646061
v 0.0032491914462298155 -0.006100000347942114 -0.00892707984894514
v 0.001649657730013132 -0.006100000347942114 -0.00935567356646061
v 0.001649657730013132 0.0050999997183680534 -0.00935567356646061
v 0.001649657730013132 -0.006100000347942114 -0.00935567356646061
v 0.00114241405390203 0.0050999997183680534 -0.009400052018463612
v 0.001649657730013132 0.0050999997183680534 -0.00935567356646061
v 1.6132928326584306e-16 0.0050999997183680534 -0.00950000062584877
v -1.9949319973733282e-16 -0.006100000347942114 -0.00950000062584877
v -0.00114241405390203 0.0050999997183680534 -0.009400052018463612
v -1.9949319973733282e-16 -0.006100000347942114 -0.00950000062584877
v -0.00114241405390203 -0.006100000347942114 -0.009400052018463612
v -0.00114241405390203 0.0050999997183680534 -0.009400052018463612
v 0.001649657730013132 -0.006100000347942114 -0.00935567356646061
v 0.00114241405390203 -0.006100000347942114 -0.009400052018463612
v 0.00114241405390203 0.0050999997183680534 -0.009400052018463612
v 0.00114241405390203 -0.006100000347942114 -0.009400052018463612
v 1.6132928326584306e-16 0.0050999997183680534 -0.00950000062584877
v 0.00114241405390203 0.0050999997183680534 -0.009400052018463612
v 0.00114241405390203 -0.006100000347942114 -0.009400052018463612
v -1.9949319973733282e-16 -0.006100000347942114 -0.00950000062584877
v 1.6132928326584306e-16 0.0050999997183680534 -0.00950000062584877
v -0.0018103786278516054 -0.005678810644894838 0.0501679889857769
v -0.001500000013038516 -0.006069676484912634 0.050404734909534454
v -0.001500000013038516 -0.005496333818882704 0.050478365272283554
v -0.002663238672539592 -0.006936818826943636 0.04914763569831848
v -0.001922762836329639 -0.006564725656062365 0.04989991709589958
v -0.0018103786278516054 -0.005678810644894838 0.0501679889857769
v -0.002907836576923728 -0.006169965956360102 0.04907052963972092
v -0.002663238672539592 -0.006936818826943636 0.04914763569831848
v -0.0018103786278516054 -0.005678810644894838 0.0501679889857769
v -0.001922762836329639 -0.006564725656062365 0.04989991709589958
v -0.001500000013038516 -0.006317819003015757 0.050311557948589325
v -0.0018103786278516054 -0.005678810644894838 0.0501679889857769
v -0.001500000013038516 -0.006317819003015757 0.050311557948589325
v -0.001500000013038516 -0.006069676484912634 0.050404734909534454
v -0.0018103786278516054 -0.005678810644894838 0.0501679889857769
v -0.009499999694526196 -0.010199999436736107 0.00954743754118681
v -0.009499999694526196 -0.010199999436736107 0.019598837941884995
v -0.009499999694526196 -0.006100000347942114 0.00954743754118681
v -0.009499999694526196 -0.010199999436736107 0.019598837941884995
v -0.009499996900558472 -0.010149750858545303 0.019627265632152557
v -0.009499999694526196 -0.006100000347942114 0.00954743754118681
v -0.009499996900558472 -0.010149750858545303 0.019627265632152557
v -0.009499987587332726 -0.010003464296460152 0.019710028544068336
v -0.009499999694526196 -0.006100000347942114 0.00954743754118681
v -0.009499987587332726 -0.010003464296460152 0.019710028544068336
v -0.009499989449977875 -0.009110773913562298 0.020126380026340485
v -0.009499999694526196 -0.006100000347942114 0.00954743754118681
v -0.009499989449977875 -0.009110773913562298 0.020126380026340485
v -0.009500076062977314 -0.008638436906039715 0.02026304602622986
v -0.009499999694526196 -0.006100000347942114 0.00954743754118681
v -0.009500076062977314 -0.008638436906039715 0.02026304602622986
v -0.009500117041170597 -0.0084160678088665 0.020327385514974594
v -0.009499999694526196 -0.006100000347942114 0.00954743754118681
v -0.009436861611902714 -0.006445821840316057 0.009054313413798809
v -0.009499999694526196 -0.010199999436736107 0.00954743754118681
v -0.009499999694526196 -0.006100000347942114 0.00954743754118681
v -0.009499999694526196 -0.006100000347942114 -5.401656899550744e-11
v -0.009436861611902714 -0.006445821840316057 0.009054313413798809
v -0.009499999694526196 -0.006100000347942114 0.00954743754118681
v 0.009499987587332726 -0.008492207154631615 0.020311474800109863
v 0.009499984793365002 -0.008637737482786179 0.020265799015760422
v 0.009499999694526196 -0.006100000347942114 0.00954743754118681
v 0.009499999694526196 -0.007700000423938036 0.020400000736117363
v 0.009499984793365002 -0.007803380023688078 0.020398488268256187
v 0.009499999694526196 -0.006100000347942114 0.00954743754118681
v 0.009499984793365002 -0.007803380023688078 0.020398488268256187
v 0.009499987587332726 -0.008492207154631615 0.020311474800109863
v 0.009499999694526196 -0.006100000347942114 0.00954743754118681
v 0.009499998763203621 -0.010153336450457573 0.019622011110186577
v 0.009499999694526196 -0.010199999436736107 0.00954743754118681
v 0.009499999694526196 -0.006100000347942114 0.00954743754118681
v 0.009499972686171532 -0.009233527816832066 0.020078806206583977
v 0.009499998763203621 -0.010153336450457573 0.019622011110186577
v 0.009499999694526196 -0.006100000347942114 0.00954743754118681
v 0.009499984793365002 -0.008637737482786179 0.020265799015760422
v 0.009499972686171532 -0.009233527816832066 0.020078806206583977
v 0.009499999694526196 -0.006100000347942114 0.00954743754118681
v 0.009436861611902714 -0.006445821840316057 0.009054313413798809
v 0.009499999694526196 -0.006100000347942114 -5.401656899550744e-11
v 0.009499999694526196 -0.006100000347942114 0.00954743754118681
v 0.009499999694526196 -0.010199999436736107 0.00954743754118681
v 0.009436861611902714 -0.006445821840316057 0.009054313413798809
v 0.009499999694526196 -0.006100000347942114 0.00954743754118681
v -0.00941848661750555 -0.0064414129592478275 -5.401656899550744e-11
v -0.009436861611902714 -0.006445821840316057 0.009054313413798809
v -0.009499999694526196 -0.006100000347942114 -5.401656899550744e-11
v -0.00935567356646061 -0.006100000347942114 -0.001649657730013132
v -0.00941848661750555 -0.0064414129592478275 -5.401656899550744e-11
v -0.009499999694526196 -0.006100000347942114 -5.401656899550744e-11
v 0.00941848661750555 -0.0064414129592478275 -5.401656899550744e-11
v 0.00935567356646061 -0.006100000347942114 -0.001649657730013132
v 0.009499999694526196 -0.006100000347942114 -5.401656899550744e-11
v 0.009436861611902714 -0.006445821840316057 0.009054313413798809
v 0.00941848661750555 -0.0064414129592478275 -5.401656899550744e-11
v 0.009499999694526196 -0.006100000347942114 -5.401656899550744e-11
v -0.009190889075398445 -0.006100000347942114 -0.0022646409925073385
v -0.009249454364180565 -0.006551755126565695 -0.0016309283673763275
v -0.00935567356646061 -0.006100000347942114 -0.001649657730013132
v -0.009249454364180565 -0.006551755126565695 -0.0016309283673763275
v -0.00941848661750555 -0.0064414129592478275 -5.401656899550744e-11
v -0.00935567356646061 -0.006100000347942114 -0.001649657730013132
v 0.00941848661750555 -0.0064414129592478275 -5.401656899550744e-11
v 0.009249454364180565 -0.006551755126565695 -0.0016309283673763275
v 0.00935567356646061 -0.006100000347942114 -0.001649657730013132
v 0.009249454364180565 -0.006551755126565695 -0.0016309283673763275
v 0.009190889075398445 -0.006100000347942114 -0.0022646409925073385
v 0.00935567356646061 -0.006100000347942114 -0.001649657730013132
v -0.008825726807117462 -0.006551755126565695 -0.0032123017590492964
v -0.009249454364180565 -0.006551755126565695 -0.0016309283673763275
v -0.009190889075398445 -0.006100000347942114 -0.0022646409925073385
v -0.00892707984894514 -0.006100000347942114 -0.0032491914462298155
v -0.008825726807117462 -0.006551755126565695 -0.0032123017590492964
v -0.009190889075398445 -0.006100000347942114 -0.0022646409925073385
v 0.009249454364180565 -0.006551755126565695 -0.0016309283673763275
v 0.00892707984894514 -0.006100000347942114 -0.0032491914462298155
v 0.009190889075398445 -0.006100000347942114 -0.0022646409925073385
v -0.008133834227919579 -0.006551755126565695 -0.004696071147918701
v -0.008825726807117462 -0.006551755126565695 -0.0032123017590492964
v -0.00892707984894514 -0.006100000347942114 -0.0032491914462298155
v -0.008388572372496128 -0.006100000347942114 -0.004404024221003056
v -0.008133834227919579 -0.006551755126565695 -0.004696071147918701
v -0.00892707984894514 -0.006100000347942114 -0.0032491914462298155
v 0.008825726807117462 -0.006551755126565695 -0.0032123017590492964
v 0.008388572372496128 -0.006100000347942114 -0.004404024221003056
v 0.00892707984894514 -0.006100000347942114 -0.0032491914462298155
v 0.009249454364180565 -0.006551755126565695 -0.0016309283673763275
v 0.008825726807117462 -0.006551755126565695 -0.0032123017590492964
v 0.00892707984894514 -0.006100000347942114 -0.0032491914462298155
v -0.008227241225540638 -0.006100000347942114 -0.004750000312924385
v -0.008133834227919579 -0.006551755126565695 -0.004696071147918701
v -0.008388572372496128 -0.006100000347942114 -0.004404024221003056
v 0.008133834227919579 -0.006551755126565695 -0.004696071147918701
v 0.008227241225540638 -0.006100000347942114 -0.004750000312924385
v 0.008388572372496128 -0.006100000347942114 -0.004404024221003056
v 0.008825726807117462 -0.006551755126565695 -0.0032123017590492964
v 0.008133834227919579 -0.006551755126565695 -0.004696071147918701
v 0.008388572372496128 -0.006100000347942114 -0.004404024221003056
v -0.007194798439741135 -0.006551755126565695 -0.006037152837961912
v -0.008133834227919579 -0.006551755126565695 -0.004696071147918701
v -0.008227241225540638 -0.006100000347942114 -0.004750000312924385
v -0.007277422118932009 -0.006100000347942114 -0.006106482818722725
v -0.007194798439741135 -0.006551755126565695 -0.006037152837961912
v -0.008227241225540638 -0.006100000347942114 -0.004750000312924385
v 0.008133834227919579 -0.006551755126565695 -0.004696071147918701
v 0.007277422118932009 -0.006100000347942114 -0.006106482818722725
v 0.008227241225540638 -0.006100000347942114 -0.004750000312924385
v -0.007097545545548201 -0.006100000347942114 -0.006286359392106533
v -0.007194798439741135 -0.006551755126565695 -0.006037152837961912
v -0.007277422118932009 -0.006100000347942114 -0.006106482818722725
v 0.007194798439741135 -0.006551755126565695 -0.006037152837961912
v 0.007097545545548201 -0.006100000347942114 -0.006286359392106533
v 0.007277422118932009 -0.006100000347942114 -0.006106482818722725
v 0.008133834227919579 -0.006551755126565695 -0.004696071147918701
v 0.007194798439741135 -0.006551755126565695 -0.006037152837961912
v 0.007277422118932009 -0.006100000347942114 -0.006106482818722725
v -0.006037152837961912 -0.006551755126565695 -0.007194798439741135
v -0.007194798439741135 -0.006551755126565695 -0.006037152837961912
v -0.007097545545548201 -0.006100000347942114 -0.006286359392106533
v -0.006106482353061438 -0.006100000347942114 -0.007277422584593296
v -0.006037152837961912 -0.006551755126565695 -0.007194798439741135
v -0.007097545545548201 -0.006100000347942114 -0.006286359392106533
v 0.006037152837961912 -0.006551755126565695 -0.007194798439741135
v 0.006106482353061438 -0.006100000347942114 -0.007277422584593296
v 0.007097545545548201 -0.006100000347942114 -0.006286359392106533
v 0.007194798439741135 -0.006551755126565695 -0.006037152837961912
v 0.006037152837961912 -0.006551755126565695 -0.007194798439741135
v 0.007097545545548201 -0.006100000347942114 -0.006286359392106533
v -0.004696071147918701 -0.006551755126565695 -0.008133834227919579
v -0.006037152837961912 -0.006551755126565695 -0.007194798439741135
v -0.006106482353061438 -0.006100000347942114 -0.007277422584593296
v -0.005376002751290798 -0.006100000347942114 -0.00778890959918499
v -0.004696071147918701 -0.006551755126565695 -0.008133834227919579
v -0.006106482353061438 -0.006100000347942114 -0.007277422584593296
v 0.006037152837961912 -0.006551755126565695 -0.007194798439741135
v 0.005376002751290798 -0.006100000347942114 -0.00778890959918499
v 0.006106482353061438 -0.006100000347942114 -0.007277422584593296
v -0.004749999847263098 -0.006100000347942114 -0.008227241225540638
v -0.004696071147918701 -0.006551755126565695 -0.008133834227919579
v -0.005376002751290798 -0.006100000347942114 -0.00778890959918499
v 0.004696071147918701 -0.006551755126565695 -0.008133834227919579
v 0.004749999847263098 -0.006100000347942114 -0.008227241225540638
v 0.005376002751290798 -0.006100000347942114 -0.00778890959918499
v 0.006037152837961912 -0.006551755126565695 -0.007194798439741135
v 0.004696071147918701 -0.006551755126565695 -0.008133834227919579
v 0.005376002751290798 -0.006100000347942114 -0.00778890959918499
v -0.003364409087225795 -0.006100000347942114 -0.008873352780938148
v -0.004696071147918701 -0.006551755126565695 -0.008133834227919579
v -0.004749999847263098 -0.006100000347942114 -0.008227241225540638
v 0.004696071147918701 -0.006551755126565695 -0.008133834227919579
v 0.003364409087225795 -0.006100000347942114 -0.008873352780938148
v 0.004749999847263098 -0.006100000347942114 -0.008227241225540638
v -0.0032123017590492964 -0.006551755126565695 -0.008825726807117462
v -0.004696071147918701 -0.006551755126565695 -0.008133834227919579
v -0.003364409087225795 -0.006100000347942114 -0.008873352780938148
v -0.0032491914462298155 -0.006100000347942114 -0.00892707984894514
v -0.0032123017590492964 -0.006551755126565695 -0.008825726807117462
v -0.003364409087225795 -0.006100000347942114 -0.008873352780938148
v 0.0032123017590492964 -0.006551755126565695 -0.008825726807117462
v 0.0032491914462298155 -0.006100000347942114 -0.00892707984894514
v 0.003364409087225795 -0.006100000347942114 -0.008873352780938148
v 0.004696071147918701 -0.006551755126565695 -0.008133834227919579
v 0.0032123017590492964 -0.006551755126565695 -0.008825726807117462
v 0.003364409087225795 -0.006100000347942114 -0.008873352780938148
v -0.0016309283673763275 -0.006551755126565695 -0.009249454364180565
v -0.0032123017590492964 -0.006551755126565695 -0.008825726807117462
v -0.0032491914462298155 -0.006100000347942114 -0.00892707984894514
v -0.001649657730013132 -0.006100000347942114 -0.00935567356646061
v -0.0016309283673763275 -0.006551755126565695 -0.009249454364180565
v -0.0032491914462298155 -0.006100000347942114 -0.00892707984894514
v 0.0032123017590492964 -0.006551755126565695 -0.008825726807117462
v 0.001649657730013132 -0.006100000347942114 -0.00935567356646061
v 0.0032491914462298155 -0.006100000347942114 -0.00892707984894514
v -0.00114241405390203 -0.006100000347942114 -0.009400052018463612
v -0.0016309283673763275 -0.006551755126565695 -0.009249454364180565
v -0.001649657730013132 -0.006100000347942114 -0.00935567356646061
v 0.0016309283673763275 -0.006551755126565695 -0.009249454364180565
v 0.00114241405390203 -0.006100000347942114 -0.009400052018463612
v 0.001649657730013132 -0.006100000347942114 -0.00935567356646061
v 0.0032123017590492964 -0.006551755126565695 -0.008825726807117462
v 0.0016309283673763275 -0.006551755126565695 -0.009249454364180565
v 0.001649657730013132 -0.006100000347942114 -0.00935567356646061
v -2.1337098754514727e-16 -0.006551755126565695 -0.009392142295837402
v -0.0016309283673763275 -0.006551755126565695 -0.009249454364180565
v -0.00114241405390203 -0.006100000347942114 -0.009400052018463612
v -1.9949319973733282e-16 -0.006100000347942114 -0.00950000062584877
v -2.1337098754514727e-16 -0.006551755126565695 -0.009392142295837402
v -0.00114241405390203 -0.006100000347942114 -0.009400052018463612
v 0.0016309283673763275 -0.006551755126565695 -0.009249454364180565
v -1.9949319973733282e-16 -0.006100000347942114 -0.00950000062584877
v 0.00114241405390203 -0.006100000347942114 -0.009400052018463612
v 0.0016309283673763275 -0.006551755126565695 -0.009249454364180565
v -2.1337098754514727e-16 -0.006551755126565695 -0.009392142295837402
v -1.9949319973733282e-16 -0.006100000347942114 -0.00950000062584877
v -0.00355284521356225 -0.006458633113652468 0.048425521701574326
v -0.002663238672539592 -0.006936818826943636 0.04914763569831848
v -0.002907836576923728 -0.006169965956360102 0.04907052963972092
v -0.001922762836329639 -0.006564725656062365 0.04989991709589958
v -0.001500000013038516 -0.006672380957752466 0.050178416073322296
v -0.001500000013038516 -0.006317819003015757 0.050311557948589325
v -0.009435484185814857 -0.006453369278460741 0.009043550118803978
v -0.009436861611902714 -0.006445821840316057 0.009054313413798809
v -0.00941848661750555 -0.0064414129592478275 -5.401656899550744e-11
v -0.009392142295837402 -0.006551755126565695 -5.401656899550744e-11
v -0.009435484185814857 -0.006453369278460741 0.009043550118803978
v -0.00941848661750555 -0.0064414129592478275 -5.401656899550744e-11
v -0.009249454364180565 -0.006551755126565695 -0.0016309283673763275
v -0.009392142295837402 -0.006551755126565695 -5.401656899550744e-11
v -0.00941848661750555 -0.0064414129592478275 -5.401656899550744e-11
v 0.009392142295837402 -0.006551755126565695 -5.401656899550744e-11
v 0.009249454364180565 -0.006551755126565695 -0.0016309283673763275
v 0.00941848661750555 -0.0064414129592478275 -5.401656899550744e-11
v 0.009435484185814857 -0.006453369278460741 0.009043550118803978
v 0.009392142295837402 -0.006551755126565695 -5.401656899550744e-11
v 0.00941848661750555 -0.0064414129592478275 -5.401656899550744e-11
v 0.009436861611902714 -0.006445821840316057 0.009054313413798809
v 0.009435484185814857 -0.006453369278460741 0.009043550118803978
v 0.00941848661750555 -0.0064414129592478275 -5.401656899550744e-11
v -0.009435484185814857 -0.006453369278460741 0.009043550118803978
v -0.009435484185814857 -0.010199999436736107 0.009043550118803978
v -0.009436861611902714 -0.006445821840316057 0.009054313413798809
v -0.009435484185814857 -0.010199999436736107 0.009043550118803978
v -0.009499999694526196 -0.010199999436736107 0.00954743754118681
v -0.009436861611902714 -0.006445821840316057 0.009054313413798809
v 0.009499999694526196 -0.010199999436736107 0.00954743754118681
v 0.009435484185814857 -0.006453369278460741 0.009043550118803978
v 0.009436861611902714 -0.006445821840316057 0.009054313413798809
v -0.00928512029349804 -0.006719360593706369 0.008525265380740166
v -0.009435484185814857 -0.010199999436736107 0.009043550118803978
v -0.009435484185814857 -0.006453369278460741 0.009043550118803978
v -0.009392142295837402 -0.006551755126565695 -5.401656899550744e-11
v -0.00928512029349804 -0.006719360593706369 0.008525265380740166
v -0.009435484185814857 -0.006453369278460741 0.009043550118803978
v 0.009435484185814857 -0.010199999436736107 0.009043550118803978
v 0.009371425025165081 -0.006590824108570814 0.008809479884803295
v 0.009435484185814857 -0.006453369278460741 0.009043550118803978
v 0.009371425025165081 -0.006590824108570814 0.008809479884803295
v 0.009392142295837402 -0.006551755126565695 -5.401656899550744e-11
v 0.009435484185814857 -0.006453369278460741 0.009043550118803978
v 0.009499999694526196 -0.010199999436736107 0.00954743754118681
v 0.009435484185814857 -0.010199999436736107 0.009043550118803978
v 0.009435484185814857 -0.006453369278460741 0.009043550118803978
v -0.004362485837191343 -0.00668373191729188 0.04761587828397751
v -0.004150794353336096 -0.007501502986997366 0.047640785574913025
v -0.00355284521356225 -0.006458633113652468 0.048425521701574326
v -0.004150794353336096 -0.007501502986997366 0.047640785574913025
v -0.002663238672539592 -0.006936818826943636 0.04914763569831848
v -0.00355284521356225 -0.006458633113652468 0.048425521701574326
v -0.009188953787088394 -0.006791737396270037 -5.401656899550744e-11
v -0.009196930564939976 -0.006795790512114763 0.008285356685519218
v -0.009392142295837402 -0.006551755126565695 -5.401656899550744e-11
v -0.009196930564939976 -0.006795790512114763 0.008285356685519218
v -0.00928512029349804 -0.006719360593706369 0.008525265380740166
v -0.009392142295837402 -0.006551755126565695 -5.401656899550744e-11
v -0.009249454364180565 -0.006551755126565695 -0.0016309283673763275
v -0.009188953787088394 -0.006791737396270037 -5.401656899550744e-11
v -0.009392142295837402 -0.006551755126565695 -5.401656899550744e-11
v 0.009188953787088394 -0.006791737396270037 -5.401656899550744e-11
v 0.009249454364180565 -0.006551755126565695 -0.0016309283673763275
v 0.009392142295837402 -0.006551755126565695 -5.401656899550744e-11
v 0.009371425025165081 -0.006590824108570814 0.008809479884803295
v 0.009188953787088394 -0.006791737396270037 -5.401656899550744e-11
v 0.009392142295837402 -0.006551755126565695 -5.401656899550744e-11
v -0.008954554796218872 -0.006905428599566221 -0.0015789296012371778
v -0.009188953787088394 -0.006791737396270037 -5.401656899550744e-11
v -0.009249454364180565 -0.006551755126565695 -0.0016309283673763275
v -0.008544337004423141 -0.006905428599566221 -0.003109884215518832
v -0.008954554796218872 -0.006905428599566221 -0.0015789296012371778
v -0.009249454364180565 -0.006551755126565695 -0.0016309283673763275
v -0.008825726807117462 -0.006551755126565695 -0.0032123017590492964
v -0.008544337004423141 -0.006905428599566221 -0.003109884215518832
v -0.009249454364180565 -0.006551755126565695 -0.0016309283673763275
v 0.009188953787088394 -0.006791737396270037 -5.401656899550744e-11
v 0.008954554796218872 -0.006905428599566221 -0.0015789296012371778
v 0.009249454364180565 -0.006551755126565695 -0.0016309283673763275
v 0.008954554796218872 -0.006905428599566221 -0.0015789296012371778
v 0.008825726807117462 -0.006551755126565695 -0.0032123017590492964
v 0.009249454364180565 -0.006551755126565695 -0.0016309283673763275
v -0.008133834227919579 -0.006551755126565695 -0.004696071147918701
v -0.0078745037317276 -0.006905428599566221 -0.004546347074210644
v -0.008825726807117462 -0.006551755126565695 -0.0032123017590492964
v -0.0078745037317276 -0.006905428599566221 -0.004546347074210644
v -0.008544337004423141 -0.006905428599566221 -0.003109884215518832
v -0.008825726807117462 -0.006551755126565695 -0.0032123017590492964
v 0.008544337004423141 -0.006905428599566221 -0.003109884215518832
v 0.008133834227919579 -0.006551755126565695 -0.004696071147918701
v 0.008825726807117462 -0.006551755126565695 -0.0032123017590492964
v 0.008954554796218872 -0.006905428599566221 -0.0015789296012371778
v 0.008544337004423141 -0.006905428599566221 -0.003109884215518832
v 0.008825726807117462 -0.006551755126565695 -0.0032123017590492964
v -0.00696540717035532 -0.006905428599566221 -0.0058446708135306835
v -0.0078745037317276 -0.006905428599566221 -0.004546347074210644
v -0.008133834227919579 -0.006551755126565695 -0.004696071147918701
v -0.007194798439741135 -0.006551755126565695 -0.006037152837961912
v -0.00696540717035532 -0.006905428599566221 -0.0058446708135306835
v -0.008133834227919579 -0.006551755126565695 -0.004696071147918701
v 0.0078745037317276 -0.006905428599566221 -0.004546347074210644
v 0.007194798439741135 -0.006551755126565695 -0.006037152837961912
v 0.008133834227919579 -0.006551755126565695 -0.004696071147918701
v 0.008544337004423141 -0.006905428599566221 -0.003109884215518832
v 0.0078745037317276 -0.006905428599566221 -0.004546347074210644
v 0.008133834227919579 -0.006551755126565695 -0.004696071147918701
v -0.0058446708135306835 -0.006905428599566221 -0.00696540717035532
v -0.00696540717035532 -0.006905428599566221 -0.0058446708135306835
v -0.007194798439741135 -0.006551755126565695 -0.006037152837961912
v -0.006037152837961912 -0.006551755126565695 -0.007194798439741135
v -0.0058446708135306835 -0.006905428599566221 -0.00696540717035532
v -0.007194798439741135 -0.006551755126565695 -0.006037152837961912
v 0.0078745037317276 -0.006905428599566221 -0.004546347074210644
v 0.00696540717035532 -0.006905428599566221 -0.0058446708135306835
v 0.007194798439741135 -0.006551755126565695 -0.006037152837961912
v 0.00696540717035532 -0.006905428599566221 -0.0058446708135306835
v 0.006037152837961912 -0.006551755126565695 -0.007194798439741135
v 0.007194798439741135 -0.006551755126565695 -0.006037152837961912
v -0.0045463466085493565 -0.006905428599566221 -0.0078745037317276
v -0.0058446708135306835 -0.006905428599566221 -0.00696540717035532
v -0.006037152837961912 -0.006551755126565695 -0.007194798439741135
v -0.004696071147918701 -0.006551755126565695 -0.008133834227919579
v -0.0045463466085493565 -0.006905428599566221 -0.0078745037317276
v -0.006037152837961912 -0.006551755126565695 -0.007194798439741135
v 0.0058446708135306835 -0.006905428599566221 -0.00696540717035532
v 0.004696071147918701 -0.006551755126565695 -0.008133834227919579
v 0.006037152837961912 -0.006551755126565695 -0.007194798439741135
v 0.00696540717035532 -0.006905428599566221 -0.0058446708135306835
v 0.0058446708135306835 -0.006905428599566221 -0.00696540717035532
v 0.006037152837961912 -0.006551755126565695 -0.007194798439741135
v -0.003109884448349476 -0.006905428599566221 -0.008544337004423141
v -0.0045463466085493565 -0.006905428599566221 -0.0078745037317276
v -0.004696071147918701 -0.006551755126565695 -0.008133834227919579
v -0.0032123017590492964 -0.006551755126565695 -0.008825726807117462
v -0.003109884448349476 -0.006905428599566221 -0.008544337004423141
v -0.004696071147918701 -0.006551755126565695 -0.008133834227919579
v 0.0058446708135306835 -0.006905428599566221 -0.00696540717035532
v 0.0045463466085493565 -0.006905428599566221 -0.0078745037317276
v 0.004696071147918701 -0.006551755126565695 -0.008133834227919579
v 0.0045463466085493565 -0.006905428599566221 -0.0078745037317276
v 0.0032123017590492964 -0.006551755126565695 -0.008825726807117462
v 0.004696071147918701 -0.006551755126565695 -0.008133834227919579
v -0.0015789297176524997 -0.006905428599566221 -0.008954555727541447
v -0.003109884448349476 -0.006905428599566221 -0.008544337004423141
v -0.0032123017590492964 -0.006551755126565695 -0.008825726807117462
v -0.0016309283673763275 -0.006551755126565695 -0.009249454364180565
v -0.0015789297176524997 -0.006905428599566221 -0.008954555727541447
v -0.0032123017590492964 -0.006551755126565695 -0.008825726807117462
v 0.003109884448349476 -0.006905428599566221 -0.008544337004423141
v 0.0016309283673763275 -0.006551755126565695 -0.009249454364180565
v 0.0032123017590492964 -0.006551755126565695 -0.008825726807117462
v 0.0045463466085493565 -0.006905428599566221 -0.0078745037317276
v 0.003109884448349476 -0.006905428599566221 -0.008544337004423141
v 0.0032123017590492964 -0.006551755126565695 -0.008825726807117462
v -2.237793284010081e-16 -0.006905428599566221 -0.009092694148421288
v -0.0015789297176524997 -0.006905428599566221 -0.008954555727541447
v -0.0016309283673763275 -0.006551755126565695 -0.009249454364180565
v -2.1337098754514727e-16 -0.006551755126565695 -0.009392142295837402
v -2.237793284010081e-16 -0.006905428599566221 -0.009092694148421288
v -0.0016309283673763275 -0.006551755126565695 -0.009249454364180565
v 0.003109884448349476 -0.006905428599566221 -0.008544337004423141
v 0.0015789297176524997 -0.006905428599566221 -0.008954555727541447
v 0.0016309283673763275 -0.006551755126565695 -0.009249454364180565
v 0.0015789297176524997 -0.006905428599566221 -0.008954555727541447
v -2.1337098754514727e-16 -0.006551755126565695 -0.009392142295837402
v 0.0016309283673763275 -0.006551755126565695 -0.009249454364180565
v 0.0015789297176524997 -0.006905428599566221 -0.008954555727541447
v -2.237793284010081e-16 -0.006905428599566221 -0.009092694148421288
v -2.1337098754514727e-16 -0.006551755126565695 -0.009392142295837402
v -0.001500000013038516 -0.007237267214804888 0.049821846187114716
v -0.001500000013038516 -0.007225539069622755 0.049832530319690704
v -0.001922762836329639 -0.006564725656062365 0.04989991709589958
v -0.001500000013038516 -0.007225539069622755 0.049832530319690704
v -0.001500000013038516 -0.006672380957752466 0.050178416073322296
v -0.001922762836329639 -0.006564725656062365 0.04989991709589958
v -0.002663238672539592 -0.006936818826943636 0.04914763569831848
v -0.0022455572616308928 -0.007645600941032171 0.04902627319097519
v -0.001922762836329639 -0.006564725656062365 0.04989991709589958
v -0.0022455572616308928 -0.007645600941032171 0.04902627319097519
v -0.0015019194688647985 -0.007238810416311026 0.04982120543718338
v -0.001922762836329639 -0.006564725656062365 0.04989991709589958
v -0.0015019194688647985 -0.007238810416311026 0.04982120543718338
v -0.001500000013038516 -0.007237267214804888 0.049821846187114716
v -0.001922762836329639 -0.006564725656062365 0.04989991709589958
v 0.009435484185814857 -0.010199999436736107 0.009043550118803978
v 0.009202590212225914 -0.006803730968385935 0.008286197669804096
v 0.009371425025165081 -0.006590824108570814 0.008809479884803295
v 0.009202590212225914 -0.006803730968385935 0.008286197669804096
v 0.009188953787088394 -0.006791737396270037 -5.401656899550744e-11
v 0.009371425025165081 -0.006590824108570814 0.008809479884803295
v -0.005670872982591391 -0.007047493476420641 0.04630749300122261
v -0.004150794353336096 -0.007501502986997366 0.047640785574913025
v -0.004362485837191343 -0.00668373191729188 0.04761587828397751
v -0.009196930564939976 -0.006795790512114763 0.008285356685519218
v -0.009435484185814857 -0.010199999436736107 0.009043550118803978
v -0.00928512029349804 -0.006719360593706369 0.008525265380740166
v -0.009092693217098713 -0.006905428599566221 -5.401656899550744e-11
v -0.009001143276691437 -0.006965469103306532 0.007752744946628809
v -0.009188953787088394 -0.006791737396270037 -5.401656899550744e-11
v -0.009001143276691437 -0.006965469103306532 0.007752744946628809
v -0.009196930564939976 -0.006795790512114763 0.008285356685519218
v -0.009188953787088394 -0.006791737396270037 -5.401656899550744e-11
v -0.008954554796218872 -0.006905428599566221 -0.0015789296012371778
v -0.009092693217098713 -0.006905428599566221 -5.401656899550744e-11
v -0.009188953787088394 -0.006791737396270037 -5.401656899550744e-11
v 0.009092693217098713 -0.006905428599566221 -5.401656899550744e-11
v 0.008954554796218872 -0.006905428599566221 -0.0015789296012371778
v 0.009188953787088394 -0.006791737396270037 -5.401656899550744e-11
v 0.009202590212225914 -0.006803730968385935 0.008286197669804096
v 0.009092693217098713 -0.006905428599566221 -5.401656899550744e-11
v 0.009188953787088394 -0.006791737396270037 -5.401656899550744e-11
v -0.009001143276691437 -0.006965469103306532 0.007752744946628809
v -0.009435484185814857 -0.010199999436736107 0.009043550118803978
v -0.009196930564939976 -0.006795790512114763 0.008285356685519218
v 0.009435484185814857 -0.010199999436736107 0.009043550118803978
v 0.009176728315651417 -0.00683634402230382 0.008206041529774666
v 0.009202590212225914 -0.006803730968385935 0.008286197669804096
v 0.009176728315651417 -0.00683634402230382 0.008206041529774666
v 0.009092693217098713 -0.006905428599566221 -5.401656899550744e-11
v 0.009202590212225914 -0.006803730968385935 0.008286197669804096
v 0.009435484185814857 -0.010199999436736107 0.009043550118803978
v 0.00886170007288456 -0.007032852154225111 0.007433949504047632
v 0.009176728315651417 -0.00683634402230382 0.008206041529774666
v 0.00886170007288456 -0.007032852154225111 0.007433949504047632
v 0.009092693217098713 -0.006905428599566221 -5.401656899550744e-11
v 0.009176728315651417 -0.00683634402230382 0.008206041529774666
v -0.008836538530886173 -0.0070160008035600185 -5.401656899550744e-11
v -0.008840641938149929 -0.00702160457149148 0.007409554906189442
v -0.009092693217098713 -0.006905428599566221 -5.401656899550744e-11
v -0.008840641938149929 -0.00702160457149148 0.007409554906189442
v -0.009001143276691437 -0.006965469103306532 0.007752744946628809
v -0.009092693217098713 -0.006905428599566221 -5.401656899550744e-11
v -0.008954554796218872 -0.006905428599566221 -0.0015789296012371778
v -0.008836538530886173 -0.0070160008035600185 -5.401656899550744e-11
v -0.009092693217098713 -0.006905428599566221 -5.401656899550744e-11
v 0.008836538530886173 -0.0070160008035600185 -5.401656899550744e-11
v 0.008954554796218872 -0.006905428599566221 -0.0015789296012371778
v 0.009092693217098713 -0.006905428599566221 -5.401656899550744e-11
v 0.00886170007288456 -0.007032852154225111 0.007433949504047632
v 0.008836538530886173 -0.0070160008035600185 -5.401656899550744e-11
v 0.009092693217098713 -0.006905428599566221 -5.401656899550744e-11
v -0.008547758683562279 -0.007083735894411802 -0.0015072005335241556
v -0.008836538530886173 -0.0070160008035600185 -5.401656899550744e-11
v -0.008954554796218872 -0.006905428599566221 -0.0015789296012371778
v -0.008156176656484604 -0.007083735894411802 -0.002968605374917388
v -0.008547758683562279 -0.007083735894411802 -0.0015072005335241556
v -0.008954554796218872 -0.006905428599566221 -0.0015789296012371778
v -0.008544337004423141 -0.006905428599566221 -0.003109884215518832
v -0.008156176656484604 -0.007083735894411802 -0.002968605374917388
v -0.008954554796218872 -0.006905428599566221 -0.0015789296012371778
v 0.008836538530886173 -0.0070160008035600185 -5.401656899550744e-11
v 0.008547758683562279 -0.007083735894411802 -0.0015072005335241556
v 0.008954554796218872 -0.006905428599566221 -0.0015789296012371778
v 0.008547758683562279 -0.007083735894411802 -0.0015072005335241556
v 0.008544337004423141 -0.006905428599566221 -0.003109884215518832
v 0.008954554796218872 -0.006905428599566221 -0.0015789296012371778
v -0.0078745037317276 -0.006905428599566221 -0.004546347074210644
v -0.007516772951930761 -0.007083735894411802 -0.00433981092646718
v -0.008544337004423141 -0.006905428599566221 -0.003109884215518832
v -0.007516772951930761 -0.007083735894411802 -0.00433981092646718
v -0.008156176656484604 -0.007083735894411802 -0.002968605374917388
v -0.008544337004423141 -0.006905428599566221 -0.003109884215518832
v 0.008156176656484604 -0.007083735894411802 -0.002968605374917388
v 0.0078745037317276 -0.006905428599566221 -0.004546347074210644
v 0.008544337004423141 -0.006905428599566221 -0.003109884215518832
v 0.008547758683562279 -0.007083735894411802 -0.0015072005335241556
v 0.008156176656484604 -0.007083735894411802 -0.002968605374917388
v 0.008544337004423141 -0.006905428599566221 -0.003109884215518832
v -0.006648975890129805 -0.007083735894411802 -0.0055791535414755344
v -0.007516772951930761 -0.007083735894411802 -0.00433981092646718
v -0.0078745037317276 -0.006905428599566221 -0.004546347074210644
v -0.00696540717035532 -0.006905428599566221 -0.0058446708135306835
v -0.006648975890129805 -0.007083735894411802 -0.0055791535414755344
v -0.0078745037317276 -0.006905428599566221 -0.004546347074210644
v 0.007516772951930761 -0.007083735894411802 -0.00433981092646718
v 0.00696540717035532 -0.006905428599566221 -0.0058446708135306835
v 0.0078745037317276 -0.006905428599566221 -0.004546347074210644
v 0.008156176656484604 -0.007083735894411802 -0.002968605374917388
v 0.007516772951930761 -0.007083735894411802 -0.00433981092646718
v 0.0078745037317276 -0.006905428599566221 -0.004546347074210644
v -0.005579153075814247 -0.007083735894411802 -0.006648976355791092
v -0.006648975890129805 -0.007083735894411802 -0.0055791535414755344
v -0.00696540717035532 -0.006905428599566221 -0.0058446708135306835
v -0.0058446708135306835 -0.006905428599566221 -0.00696540717035532
v -0.005579153075814247 -0.007083735894411802 -0.006648976355791092
v -0.00696540717035532 -0.006905428599566221 -0.0058446708135306835
v 0.006648975890129805 -0.007083735894411802 -0.0055791535414755344
v 0.0058446708135306835 -0.006905428599566221 -0.00696540717035532
v 0.00696540717035532 -0.006905428599566221 -0.0058446708135306835
v 0.007516772951930761 -0.007083735894411802 -0.00433981092646718
v 0.006648975890129805 -0.007083735894411802 -0.0055791535414755344
v 0.00696540717035532 -0.006905428599566221 -0.0058446708135306835
v -0.00433981092646718 -0.007083735894411802 -0.007516773417592049
v -0.005579153075814247 -0.007083735894411802 -0.006648976355791092
v -0.0058446708135306835 -0.006905428599566221 -0.00696540717035532
v -0.0045463466085493565 -0.006905428599566221 -0.0078745037317276
v -0.00433981092646718 -0.007083735894411802 -0.007516773417592049
v -0.0058446708135306835 -0.006905428599566221 -0.00696540717035532
v 0.006648975890129805 -0.007083735894411802 -0.0055791535414755344
v 0.005579153075814247 -0.007083735894411802 -0.006648976355791092
v 0.0058446708135306835 -0.006905428599566221 -0.00696540717035532
v 0.005579153075814247 -0.007083735894411802 -0.006648976355791092
v 0.0045463466085493565 -0.006905428599566221 -0.0078745037317276
v 0.0058446708135306835 -0.006905428599566221 -0.00696540717035532
v -0.002968605374917388 -0.007083735894411802 -0.008156176656484604
v -0.00433981092646718 -0.007083735894411802 -0.007516773417592049
v -0.0045463466085493565 -0.006905428599566221 -0.0078745037317276
v -0.003109884448349476 -0.006905428599566221 -0.008544337004423141
v -0.002968605374917388 -0.007083735894411802 -0.008156176656484604
v -0.0045463466085493565 -0.006905428599566221 -0.0078745037317276
v 0.005579153075814247 -0.007083735894411802 -0.006648976355791092
v 0.00433981092646718 -0.007083735894411802 -0.007516773417592049
v 0.0045463466085493565 -0.006905428599566221 -0.0078745037317276
v 0.00433981092646718 -0.007083735894411802 -0.007516773417592049
v 0.003109884448349476 -0.006905428599566221 -0.008544337004423141
v 0.0045463466085493565 -0.006905428599566221 -0.0078745037317276
v -0.0015072004171088338 -0.007083735894411802 -0.008547758683562279
v -0.002968605374917388 -0.007083735894411802 -0.008156176656484604
v -0.003109884448349476 -0.006905428599566221 -0.008544337004423141
v -0.0015789297176524997 -0.006905428599566221 -0.008954555727541447
v -0.0015072004171088338 -0.007083735894411802 -0.008547758683562279
v -0.003109884448349476 -0.006905428599566221 -0.008544337004423141
v 0.002968605374917388 -0.007083735894411802 -0.008156176656484604
v 0.0015789297176524997 -0.006905428599566221 -0.008954555727541447
v 0.003109884448349476 -0.006905428599566221 -0.008544337004423141
v 0.00433981092646718 -0.007083735894411802 -0.007516773417592049
v 0.002968605374917388 -0.007083735894411802 -0.008156176656484604
v 0.003109884448349476 -0.006905428599566221 -0.008544337004423141
v -2.3071822230491534e-16 -0.007083735894411802 -0.00867962185293436
v -0.0015072004171088338 -0.007083735894411802 -0.008547758683562279
v -0.0015789297176524997 -0.006905428599566221 -0.008954555727541447
v -2.237793284010081e-16 -0.006905428599566221 -0.009092694148421288
v -2.3071822230491534e-16 -0.007083735894411802 -0.00867962185293436
v -0.0015789297176524997 -0.006905428599566221 -0.008954555727541447
v 0.002968605374917388 -0.007083735894411802 -0.008156176656484604
v 0.0015072004171088338 -0.007083735894411802 -0.008547758683562279
v 0.0015789297176524997 -0.006905428599566221 -0.008954555727541447
v 0.0015072004171088338 -0.007083735894411802 -0.008547758683562279
v -2.237793284010081e-16 -0.006905428599566221 -0.009092694148421288
v 0.0015789297176524997 -0.006905428599566221 -0.008954555727541447
v 0.0015072004171088338 -0.007083735894411802 -0.008547758683562279
v -2.3071822230491534e-16 -0.007083735894411802 -0.00867962185293436
v -2.237793284010081e-16 -0.006905428599566221 -0.009092694148421288
v -0.004150794353336096 -0.007501502986997366 0.047640785574913025
v -0.003968194127082825 -0.007896212860941887 0.04757256805896759
v -0.002663238672539592 -0.006936818826943636 0.04914763569831848
v -0.003968194127082825 -0.007896212860941887 0.04757256805896759
v -0.0022455572616308928 -0.007645600941032171 0.04902627319097519
v -0.002663238672539592 -0.006936818826943636 0.04914763569831848
v -0.008961754851043224 -0.010199999436736107 0.007659499067813158
v -0.009435484185814857 -0.010199999436736107 0.009043550118803978
v -0.009001143276691437 -0.006965469103306532 0.007752744946628809
v -0.008840641938149929 -0.00702160457149148 0.007409554906189442
v -0.008961754851043224 -0.010199999436736107 0.007659499067813158
v -0.009001143276691437 -0.006965469103306532 0.007752744946628809
v -0.00867962185293436 -0.007083735894411802 -5.401656899550744e-11
v -0.008646294474601746 -0.007089577149599791 0.006993993651121855
v -0.008836538530886173 -0.0070160008035600185 -5.401656899550744e-11
v -0.008646294474601746 -0.007089577149599791 0.006993993651121855
v -0.00879290048032999 -0.007038302253931761 0.0073074717074632645
v -0.008836538530886173 -0.0070160008035600185 -5.401656899550744e-11
v -0.00879290048032999 -0.007038302253931761 0.0073074717074632645
v -0.008840641938149929 -0.00702160457149148 0.007409554906189442
v -0.008836538530886173 -0.0070160008035600185 -5.401656899550744e-11
v -0.008547758683562279 -0.007083735894411802 -0.0015072005335241556
v -0.00867962185293436 -0.007083735894411802 -5.401656899550744e-11
v -0.008836538530886173 -0.0070160008035600185 -5.401656899550744e-11
v 0.00867962185293436 -0.007083735894411802 -5.401656899550744e-11
v 0.008547758683562279 -0.007083735894411802 -0.0015072005335241556
v 0.008836538530886173 -0.0070160008035600185 -5.401656899550744e-11
v 0.008846377953886986 -0.007035696413367987 0.007403864525258541
v 0.008796514943242073 -0.0070449537597596645 0.007305959239602089
v 0.008836538530886173 -0.0070160008035600185 -5.401656899550744e-11
v 0.008796514943242073 -0.0070449537597596645 0.007305959239602089
v 0.00867962185293436 -0.007083735894411802 -5.401656899550744e-11
v 0.008836538530886173 -0.0070160008035600185 -5.401656899550744e-11
v 0.00886170007288456 -0.007032852154225111 0.007433949504047632
v 0.008846377953886986 -0.007035696413367987 0.007403864525258541
v 0.008836538530886173 -0.0070160008035600185 -5.401656899550744e-11
v -0.008781745098531246 -0.010199999436736107 0.007313696201890707
v -0.008961754851043224 -0.010199999436736107 0.007659499067813158
v -0.008840641938149929 -0.00702160457149148 0.007409554906189442
v -0.00879290048032999 -0.007038302253931761 0.0073074717074632645
v -0.008781745098531246 -0.010199999436736107 0.007313696201890707
v -0.008840641938149929 -0.00702160457149148 0.007409554906189442
v 0.008961754851043224 -0.010199999436736107 0.007659499067813158
v 0.008846377953886986 -0.007035696413367987 0.007403864525258541
v 0.00886170007288456 -0.007032852154225111 0.007433949504047632
v 0.009435484185814857 -0.010199999436736107 0.009043550118803978
v 0.008961754851043224 -0.010199999436736107 0.007659499067813158
v 0.00886170007288456 -0.007032852154225111 0.007433949504047632
v 0.008961754851043224 -0.010199999436736107 0.007659499067813158
v 0.008781745098531246 -0.010199999436736107 0.007313696201890707
v 0.008846377953886986 -0.007035696413367987 0.007403864525258541
v 0.008781745098531246 -0.010199999436736107 0.007313696201890707
v 0.008796514943242073 -0.0070449537597596645 0.007305959239602089
v 0.008846377953886986 -0.007035696413367987 0.007403864525258541
v -0.008646294474601746 -0.007089577149599791 0.006993993651121855
v -0.008781745098531246 -0.010199999436736107 0.007313696201890707
v -0.00879290048032999 -0.007038302253931761 0.0073074717074632645
v 0.008781745098531246 -0.010199999436736107 0.007313696201890707
v 0.008500000461935997 -0.007100000511854887 0.0067237564362585545
v 0.008796514943242073 -0.0070449537597596645 0.007305959239602089
v 0.008500000461935997 -0.007100000511854887 0.0067237564362585545
v 0.008500000461935997 -0.007100000511854887 -5.401656899550744e-11
v 0.008796514943242073 -0.0070449537597596645 0.007305959239602089
v 0.008500000461935997 -0.007100000511854887 -5.401656899550744e-11
v 0.00867962185293436 -0.007083735894411802 -5.401656899550744e-11
v 0.008796514943242073 -0.0070449537597596645 0.007305959239602089
v -0.005818383768200874 -0.007154631894081831 0.0461583137512207
v -0.005639343522489071 -0.007899363525211811 0.04613988474011421
v -0.005670872982591391 -0.007047493476420641 0.04630749300122261
v -0.005639343522489071 -0.007899363525211811 0.04613988474011421
v -0.004150794353336096 -0.007501502986997366 0.047640785574913025
v -0.005670872982591391 -0.007047493476420641 0.04630749300122261
v -0.008500000461935997 -0.007100000511854887 -5.401656899550744e-11
v -0.008500000461935997 -0.007100000511854887 0.0067237564362585545
v -0.00867962185293436 -0.007083735894411802 -5.401656899550744e-11
v -0.008500000461935997 -0.007100000511854887 0.0067237564362585545
v -0.008646294474601746 -0.007089577149599791 0.006993993651121855
v -0.00867962185293436 -0.007083735894411802 -5.401656899550744e-11
v -0.008370866067707539 -0.007100000511854887 -0.001476009376347065
v -0.008500000461935997 -0.007100000511854887 -5.401656899550744e-11
v -0.00867962185293436 -0.007083735894411802 -5.401656899550744e-11
v -0.008547758683562279 -0.007083735894411802 -0.0015072005335241556
v -0.008370866067707539 -0.007100000511854887 -0.001476009376347065
v -0.00867962185293436 -0.007083735894411802 -5.401656899550744e-11
v 0.008500000461935997 -0.007100000511854887 -5.401656899550744e-11
v 0.008547758683562279 -0.007083735894411802 -0.0015072005335241556
v 0.00867962185293436 -0.007083735894411802 -5.401656899550744e-11
v -0.007987387478351593 -0.007100000511854887 -0.0029071711469441652
v -0.008370866067707539 -0.007100000511854887 -0.001476009376347065
v -0.008547758683562279 -0.007083735894411802 -0.0015072005335241556
v -0.008156176656484604 -0.007083735894411802 -0.002968605374917388
v -0.007987387478351593 -0.007100000511854887 -0.0029071711469441652
v -0.008547758683562279 -0.007083735894411802 -0.0015072005335241556
v 0.008500000461935997 -0.007100000511854887 -5.401656899550744e-11
v 0.008370866067707539 -0.007100000511854887 -0.001476009376347065
v 0.008547758683562279 -0.007083735894411802 -0.0015072005335241556
v 0.008370866067707539 -0.007100000511854887 -0.001476009376347065
v 0.008156176656484604 -0.007083735894411802 -0.002968605374917388
v 0.008547758683562279 -0.007083735894411802 -0.0015072005335241556
v -0.007516772951930761 -0.007083735894411802 -0.00433981092646718
v -0.007361216004937887 -0.007100000511854887 -0.0042500002309679985
v -0.008156176656484604 -0.007083735894411802 -0.002968605374917388
v -0.007361216004937887 -0.007100000511854887 -0.0042500002309679985
v -0.007987387478351593 -0.007100000511854887 -0.0029071711469441652
v -0.008156176656484604 -0.007083735894411802 -0.002968605374917388
v 0.007987387478351593 -0.007100000511854887 -0.0029071711469441652
v 0.007516772951930761 -0.007083735894411802 -0.00433981092646718
v 0.008156176656484604 -0.007083735894411802 -0.002968605374917388
v 0.008370866067707539 -0.007100000511854887 -0.001476009376347065
v 0.007987387478351593 -0.007100000511854887 -0.0029071711469441652
v 0.008156176656484604 -0.007083735894411802 -0.002968605374917388
v -0.006511377636343241 -0.007100000511854887 -0.00546369468793273
v -0.007361216004937887 -0.007100000511854887 -0.0042500002309679985
v -0.007516772951930761 -0.007083735894411802 -0.00433981092646718
v -0.006648975890129805 -0.007083735894411802 -0.0055791535414755344
v -0.006511377636343241 -0.007100000511854887 -0.00546369468793273
v -0.007516772951930761 -0.007083735894411802 -0.00433981092646718
v 0.007361216004937887 -0.007100000511854887 -0.0042500002309679985
v 0.006648975890129805 -0.007083735894411802 -0.0055791535414755344
v 0.007516772951930761 -0.007083735894411802 -0.00433981092646718
v 0.007987387478351593 -0.007100000511854887 -0.0029071711469441652
v 0.007361216004937887 -0.007100000511854887 -0.0042500002309679985
v 0.007516772951930761 -0.007083735894411802 -0.00433981092646718
v -0.00546369468793273 -0.007100000511854887 -0.006511378102004528
v -0.006511377636343241 -0.007100000511854887 -0.00546369468793273
v -0.006648975890129805 -0.007083735894411802 -0.0055791535414755344
v -0.005579153075814247 -0.007083735894411802 -0.006648976355791092
v -0.00546369468793273 -0.007100000511854887 -0.006511378102004528
v -0.006648975890129805 -0.007083735894411802 -0.0055791535414755344
v 0.006511377636343241 -0.007100000511854887 -0.00546369468793273
v 0.005579153075814247 -0.007083735894411802 -0.006648976355791092
v 0.006648975890129805 -0.007083735894411802 -0.0055791535414755344
v 0.007361216004937887 -0.007100000511854887 -0.0042500002309679985
v 0.006511377636343241 -0.007100000511854887 -0.00546369468793273
v 0.006648975890129805 -0.007083735894411802 -0.0055791535414755344
v -0.0042500002309679985 -0.007100000511854887 -0.0073612164705991745
v -0.00546369468793273 -0.007100000511854887 -0.006511378102004528
v -0.005579153075814247 -0.007083735894411802 -0.006648976355791092
v -0.00433981092646718 -0.007083735894411802 -0.007516773417592049
v -0.0042500002309679985 -0.007100000511854887 -0.0073612164705991745
v -0.005579153075814247 -0.007083735894411802 -0.006648976355791092
v 0.006511377636343241 -0.007100000511854887 -0.00546369468793273
v 0.00546369468793273 -0.007100000511854887 -0.006511378102004528
v 0.005579153075814247 -0.007083735894411802 -0.006648976355791092
v 0.00546369468793273 -0.007100000511854887 -0.006511378102004528
v 0.00433981092646718 -0.007083735894411802 -0.007516773417592049
v 0.005579153075814247 -0.007083735894411802 -0.006648976355791092
v -0.0029071711469441652 -0.007100000511854887 -0.007987387478351593
v -0.0042500002309679985 -0.007100000511854887 -0.0073612164705991745
v -0.00433981092646718 -0.007083735894411802 -0.007516773417592049
v -0.002968605374917388 -0.007083735894411802 -0.008156176656484604
v -0.0029071711469441652 -0.007100000511854887 -0.007987387478351593
v -0.00433981092646718 -0.007083735894411802 -0.007516773417592049
v 0.00546369468793273 -0.007100000511854887 -0.006511378102004528
v 0.0042500002309679985 -0.007100000511854887 -0.0073612164705991745
v 0.00433981092646718 -0.007083735894411802 -0.007516773417592049
v 0.0042500002309679985 -0.007100000511854887 -0.0073612164705991745
v 0.002968605374917388 -0.007083735894411802 -0.008156176656484604
v 0.00433981092646718 -0.007083735894411802 -0.007516773417592049
v -0.0014760094927623868 -0.007100000511854887 -0.008370866067707539
v -0.0029071711469441652 -0.007100000511854887 -0.007987387478351593
v -0.002968605374917388 -0.007083735894411802 -0.008156176656484604
v -0.0015072004171088338 -0.007083735894411802 -0.008547758683562279
v -0.0014760094927623868 -0.007100000511854887 -0.008370866067707539
v -0.002968605374917388 -0.007083735894411802 -0.008156176656484604
v 0.0042500002309679985 -0.007100000511854887 -0.0073612164705991745
v 0.0029071711469441652 -0.007100000511854887 -0.007987387478351593
v 0.002968605374917388 -0.007083735894411802 -0.008156176656484604
v 0.0029071711469441652 -0.007100000511854887 -0.007987387478351593
v 0.0015072004171088338 -0.007083735894411802 -0.008547758683562279
v 0.002968605374917388 -0.007083735894411802 -0.008156176656484604
v -2.3071822230491534e-16 -0.007100000511854887 -0.008500000461935997
v -0.0014760094927623868 -0.007100000511854887 -0.008370866067707539
v -0.0015072004171088338 -0.007083735894411802 -0.008547758683562279
v -2.3071822230491534e-16 -0.007083735894411802 -0.00867962185293436
v -2.3071822230491534e-16 -0.007100000511854887 -0.008500000461935997
v -0.0015072004171088338 -0.007083735894411802 -0.008547758683562279
v 0.0029071711469441652 -0.007100000511854887 -0.007987387478351593
v 0.0014760094927623868 -0.007100000511854887 -0.008370866067707539
v 0.0015072004171088338 -0.007083735894411802 -0.008547758683562279
v 0.0014760094927623868 -0.007100000511854887 -0.008370866067707539
v -2.3071822230491534e-16 -0.007083735894411802 -0.00867962185293436
v 0.0015072004171088338 -0.007083735894411802 -0.008547758683562279
v 0.0014760094927623868 -0.007100000511854887 -0.008370866067707539
v -2.3071822230491534e-16 -0.007100000511854887 -0.008500000461935997
v -2.3071822230491534e-16 -0.007083735894411802 -0.00867962185293436
v -0.008286282420158386 -0.010199999436736107 0.006361904088407755
v -0.008781745098531246 -0.010199999436736107 0.007313696201890707
v -0.008646294474601746 -0.007089577149599791 0.006993993651121855
v -0.008500000461935997 -0.007100000511854887 0.0067237564362585545
v -0.008286282420158386 -0.010199999436736107 0.006361904088407755
v -0.008646294474601746 -0.007089577149599791 0.006993993651121855
v -0.007653992623090744 -0.010199999436736107 0.005494954064488411
v -0.008286282420158386 -0.010199999436736107 0.006361904088407755
v -0.008500000461935997 -0.007100000511854887 0.0067237564362585545
v -0.007671354804188013 -0.007100000511854887 0.005482291337102652
v -0.007653992623090744 -0.010199999436736107 0.005494954064488411
v -0.008500000461935997 -0.007100000511854887 0.0067237564362585545
v -0.008500000461935997 -0.007100000511854887 -5.401656899550744e-11
v -0.007671354804188013 -0.007100000511854887 0.005482291337102652
v -0.008500000461935997 -0.007100000511854887 0.0067237564362585545
v 0.008286282420158386 -0.010199999436736107 0.006361904088407755
v 0.007671354804188013 -0.007100000511854887 0.005482291337102652
v 0.008500000461935997 -0.007100000511854887 0.0067237564362585545
v 0.008781745098531246 -0.010199999436736107 0.007313696201890707
v 0.008286282420158386 -0.010199999436736107 0.006361904088407755
v 0.008500000461935997 -0.007100000511854887 0.0067237564362585545
v 0.007671354804188013 -0.007100000511854887 0.005482291337102652
v 0.008500000461935997 -0.007100000511854887 -5.401656899550744e-11
v 0.008500000461935997 -0.007100000511854887 0.0067237564362585545
v -0.007424270734190941 -0.010199999436736107 0.005179976113140583
v -0.007653992623090744 -0.010199999436736107 0.005494954064488411
v -0.007671354804188013 -0.007100000511854887 0.005482291337102652
v -0.0063951266929507256 -0.007100000511854887 0.004140322562307119
v -0.007424270734190941 -0.010199999436736107 0.005179976113140583
v -0.007671354804188013 -0.007100000511854887 0.005482291337102652
v -0.008500000461935997 -0.007100000511854887 -5.401656899550744e-11
v -0.0063951266929507256 -0.007100000511854887 0.004140322562307119
v -0.007671354804188013 -0.007100000511854887 0.005482291337102652
v 0.007424270734190941 -0.010199999436736107 0.005179976113140583
v 0.0063951266929507256 -0.007100000511854887 0.004140322562307119
v 0.007671354804188013 -0.007100000511854887 0.005482291337102652
v 0.007653992623090744 -0.010199999436736107 0.005494954064488411
v 0.007424270734190941 -0.010199999436736107 0.005179976113140583
v 0.007671354804188013 -0.007100000511854887 0.005482291337102652
v 0.008286282420158386 -0.010199999436736107 0.006361904088407755
v 0.007653992623090744 -0.010199999436736107 0.005494954064488411
v 0.007671354804188013 -0.007100000511854887 0.005482291337102652
v 0.0063951266929507256 -0.007100000511854887 0.004140322562307119
v 0.008500000461935997 -0.007100000511854887 -5.401656899550744e-11
v 0.007671354804188013 -0.007100000511854887 0.005482291337102652
v -0.0063951266929507256 -0.010199999436736107 0.004140322562307119
v -0.007424270734190941 -0.010199999436736107 0.005179976113140583
v -0.0063951266929507256 -0.007100000511854887 0.004140322562307119
v -0.005783536471426487 -0.007100000511854887 0.0037765868473798037
v -0.0063951266929507256 -0.010199999436736107 0.004140322562307119
v -0.0063951266929507256 -0.007100000511854887 0.004140322562307119
v -0.0025712947826832533 -0.007100000511854887 0.0009751634206622839
v -0.005783536471426487 -0.007100000511854887 0.0037765868473798037
v -0.0063951266929507256 -0.007100000511854887 0.004140322562307119
v -0.0027299493085592985 -0.007100000511854887 -0.0003314759233035147
v -0.0025712947826832533 -0.007100000511854887 0.0009751634206622839
v -0.0063951266929507256 -0.007100000511854887 0.004140322562307119
v -0.008500000461935997 -0.007100000511854887 -5.401656899550744e-11
v -0.0027299493085592985 -0.007100000511854887 -0.0003314759233035147
v -0.0063951266929507256 -0.007100000511854887 0.004140322562307119
v 0.0063951266929507256 -0.010199999436736107 0.004140322562307119
v 0.005783536471426487 -0.010199999436736107 0.0037765868473798037
v 0.0063951266929507256 -0.007100000511854887 0.004140322562307119
v 0.005783536471426487 -0.010199999436736107 0.0037765868473798037
v 0.005783536471426487 -0.007100000511854887 0.0037765868473798037
v 0.0063951266929507256 -0.007100000511854887 0.004140322562307119
v 0.007424270734190941 -0.010199999436736107 0.005179976113140583
v 0.0063951266929507256 -0.010199999436736107 0.004140322562307119
v 0.0063951266929507256 -0.007100000511854887 0.004140322562307119
v 0.0025712947826832533 -0.007100000511854887 0.0009751634206622839
v 0.008500000461935997 -0.007100000511854887 -5.401656899550744e-11
v 0.0063951266929507256 -0.007100000511854887 0.004140322562307119
v 0.005783536471426487 -0.007100000511854887 0.0037765868473798037
v 0.0025712947826832533 -0.007100000511854887 0.0009751634206622839
v 0.0063951266929507256 -0.007100000511854887 0.004140322562307119
v -0.005083306226879358 -0.007100000511854887 0.003650000086054206
v -0.005783536471426487 -0.010199999436736107 0.0037765868473798037
v -0.005783536471426487 -0.007100000511854887 0.0037765868473798037
v -0.005783536471426487 -0.010199999436736107 0.0037765868473798037
v -0.0063951266929507256 -0.010199999436736107 0.004140322562307119
v -0.005783536471426487 -0.007100000511854887 0.0037765868473798037
v -0.0025712947826832533 -0.007100000511854887 0.0009751634206622839
v -0.005083306226879358 -0.007100000511854887 0.003650000086054206
v -0.005783536471426487 -0.007100000511854887 0.0037765868473798037
v 0.005783536471426487 -0.010199999436736107 0.0037765868473798037
v 0.005083306226879358 -0.010199999436736107 0.003650000086054206
v 0.005783536471426487 -0.007100000511854887 0.0037765868473798037
v 0.005083306226879358 -0.010199999436736107 0.003650000086054206
v 0.005083306226879358 -0.007100000511854887 0.003650000086054206
v 0.005783536471426487 -0.007100000511854887 0.0037765868473798037
v 0.001823587343096733 -0.007100000511854887 0.0020584044978022575
v 0.0025712947826832533 -0.007100000511854887 0.0009751634206622839
v 0.005783536471426487 -0.007100000511854887 0.0037765868473798037
v 0.005083306226879358 -0.007100000511854887 0.003650000086054206
v 0.001823587343096733 -0.007100000511854887 0.0020584044978022575
v 0.005783536471426487 -0.007100000511854887 0.0037765868473798037
v -0.005083306226879358 -0.010199999436736107 0.003650000086054206
v -0.005783536471426487 -0.010199999436736107 0.0037765868473798037
v -0.005083306226879358 -0.007100000511854887 0.003650000086054206
v 0.005083306226879358 -0.007100000511854887 0.003650000086054206
v 0.005083306226879358 -0.010199999436736107 0.003650000086054206
v -0.005083306226879358 -0.007100000511854887 0.003650000086054206
v 0.005083306226879358 -0.010199999436736107 0.003650000086054206
v -0.005083306226879358 -0.010199999436736107 0.003650000086054206
v -0.005083306226879358 -0.007100000511854887 0.003650000086054206
v -0.0025712947826832533 -0.007100000511854887 0.0009751634206622839
v -0.001823587343096733 -0.007100000511854887 0.0020584044978022575
v -0.005083306226879358 -0.007100000511854887 0.003650000086054206
v -0.001823587343096733 -0.007100000511854887 0.0020584044978022575
v -0.0006581180496141315 -0.007100000511854887 0.0026700899470597506
v -0.005083306226879358 -0.007100000511854887 0.003650000086054206
v -0.0006581180496141315 -0.007100000511854887 0.0026700899470597506
v 0.005083306226879358 -0.007100000511854887 0.003650000086054206
v -0.005083306226879358 -0.007100000511854887 0.003650000086054206
v 0.0006581180496141315 -0.007100000511854887 0.0026700899470597506
v 0.001823587343096733 -0.007100000511854887 0.0020584044978022575
v 0.005083306226879358 -0.007100000511854887 0.003650000086054206
v -0.0006581180496141315 -0.007100000511854887 0.0026700899470597506
v 0.0006581180496141315 -0.007100000511854887 0.0026700899470597506
v 0.005083306226879358 -0.007100000511854887 0.003650000086054206
v 0.0027299493085592985 -0.007100000511854887 -0.0003314759233035147
v 0.008500000461935997 -0.007100000511854887 -5.401656899550744e-11
v 0.0025712947826832533 -0.007100000511854887 0.0009751634206622839
v -0.008370866067707539 -0.007100000511854887 -0.001476009376347065
v -0.0027299493085592985 -0.007100000511854887 -0.0003314759233035147
v -0.008500000461935997 -0.007100000511854887 -5.401656899550744e-11
v 0.0027299493085592985 -0.007100000511854887 -0.0003314759233035147
v 0.008370866067707539 -0.007100000511854887 -0.001476009376347065
v 0.008500000461935997 -0.007100000511854887 -5.401656899550744e-11
v -0.007987387478351593 -0.007100000511854887 -0.0029071711469441652
v -0.0022632055915892124 -0.007100000511854887 -0.0015621779020875692
v -0.0027299493085592985 -0.007100000511854887 -0.0003314759233035147
v -0.008370866067707539 -0.007100000511854887 -0.001476009376347065
v -0.007987387478351593 -0.007100000511854887 -0.0029071711469441652
v -0.0027299493085592985 -0.007100000511854887 -0.0003314759233035147
v 0.0022632055915892124 -0.007100000511854887 -0.0015621779020875692
v 0.007987387478351593 -0.007100000511854887 -0.0029071711469441652
v 0.0027299493085592985 -0.007100000511854887 -0.0003314759233035147
v 0.007987387478351593 -0.007100000511854887 -0.0029071711469441652
v 0.008370866067707539 -0.007100000511854887 -0.001476009376347065
v 0.0027299493085592985 -0.007100000511854887 -0.0003314759233035147
v -0.006511377636343241 -0.007100000511854887 -0.00546369468793273
v -0.001277988776564598 -0.007100000511854887 -0.0024350041057914495
v -0.0022632055915892124 -0.007100000511854887 -0.0015621779020875692
v -0.007361216004937887 -0.007100000511854887 -0.0042500002309679985
v -0.006511377636343241 -0.007100000511854887 -0.00546369468793273
v -0.0022632055915892124 -0.007100000511854887 -0.0015621779020875692
v -0.007987387478351593 -0.007100000511854887 -0.0029071711469441652
v -0.007361216004937887 -0.007100000511854887 -0.0042500002309679985
v -0.0022632055915892124 -0.007100000511854887 -0.0015621779020875692
v 0.001277988776564598 -0.007100000511854887 -0.0024350041057914495
v 0.006511377636343241 -0.007100000511854887 -0.00546369468793273
v 0.0022632055915892124 -0.007100000511854887 -0.0015621779020875692
v 0.006511377636343241 -0.007100000511854887 -0.00546369468793273
v 0.007361216004937887 -0.007100000511854887 -0.0042500002309679985
v 0.0022632055915892124 -0.007100000511854887 -0.0015621779020875692
v 0.007361216004937887 -0.007100000511854887 -0.0042500002309679985
v 0.007987387478351593 -0.007100000511854887 -0.0029071711469441652
v 0.0022632055915892124 -0.007100000511854887 -0.0015621779020875692
v -0.0014760094927623868 -0.007100000511854887 -0.008370866067707539
v -2.2724877535296173e-16 -0.007100000511854887 -0.002749999752268195
v -0.001277988776564598 -0.007100000511854887 -0.0024350041057914495
v -0.00546369468793273 -0.007100000511854887 -0.006511378102004528
v -0.0042500002309679985 -0.007100000511854887 -0.0073612164705991745
v -0.001277988776564598 -0.007100000511854887 -0.0024350041057914495
v -0.0042500002309679985 -0.007100000511854887 -0.0073612164705991745
v -0.0029071711469441652 -0.007100000511854887 -0.007987387478351593
v -0.001277988776564598 -0.007100000511854887 -0.0024350041057914495
v -0.0029071711469441652 -0.007100000511854887 -0.007987387478351593
v -0.0014760094927623868 -0.007100000511854887 -0.008370866067707539
v -0.001277988776564598 -0.007100000511854887 -0.0024350041057914495
v -0.006511377636343241 -0.007100000511854887 -0.00546369468793273
v -0.00546369468793273 -0.007100000511854887 -0.006511378102004528
v -0.001277988776564598 -0.007100000511854887 -0.0024350041057914495
v -2.2724877535296173e-16 -0.007100000511854887 -0.002749999752268195
v 0.0014760094927623868 -0.007100000511854887 -0.008370866067707539
v 0.001277988776564598 -0.007100000511854887 -0.0024350041057914495
v 0.0014760094927623868 -0.007100000511854887 -0.008370866067707539
v 0.0029071711469441652 -0.007100000511854887 -0.007987387478351593
v 0.001277988776564598 -0.007100000511854887 -0.0024350041057914495
v 0.0029071711469441652 -0.007100000511854887 -0.007987387478351593
v 0.0042500002309679985 -0.007100000511854887 -0.0073612164705991745
v 0.001277988776564598 -0.007100000511854887 -0.0024350041057914495
v 0.0042500002309679985 -0.007100000511854887 -0.0073612164705991745
v 0.00546369468793273 -0.007100000511854887 -0.006511378102004528
v 0.001277988776564598 -0.007100000511854887 -0.0024350041057914495
v 0.00546369468793273 -0.007100000511854887 -0.006511378102004528
v 0.006511377636343241 -0.007100000511854887 -0.00546369468793273
v 0.001277988776564598 -0.007100000511854887 -0.0024350041057914495
v -0.0014760094927623868 -0.007100000511854887 -0.008370866067707539
v -2.3071822230491534e-16 -0.007100000511854887 -0.008500000461935997
v -2.2724877535296173e-16 -0.007100000511854887 -0.002749999752268195
v -2.3071822230491534e-16 -0.007100000511854887 -0.008500000461935997
v 0.0014760094927623868 -0.007100000511854887 -0.008370866067707539
v -2.2724877535296173e-16 -0.007100000511854887 -0.002749999752268195
v -0.005900884512811899 -0.007214552257210016 0.04607487842440605
v -0.005639343522489071 -0.007899363525211811 0.04613988474011421
v -0.005818383768200874 -0.007154631894081831 0.0461583137512207
v -0.006119641941040754 -0.007496158126741648 0.04580317437648773
v -0.005639343522489071 -0.007899363525211811 0.04613988474011421
v -0.005900884512811899 -0.007214552257210016 0.04607487842440605
v -0.0015019194688647985 -0.007238810416311026 0.04982120543718338
v -0.001500000013038516 -0.0072395349852740765 0.04981978237628937
v -0.001500000013038516 -0.007237267214804888 0.049821846187114716
v -0.001500000013038516 -0.007763307075947523 0.04934265837073326
v -0.001500000013038516 -0.0072395349852740765 0.04981978237628937
v -0.0015019194688647985 -0.007238810416311026 0.04982120543718338
v -0.0022455572616308928 -0.007645600941032171 0.04902627319097519
v -0.001500000013038516 -0.007763307075947523 0.04934265837073326
v -0.0015019194688647985 -0.007238810416311026 0.04982120543718338
v -0.001500000013038516 -0.007763307075947523 0.04934265837073326
v -0.001500000013038516 -0.00808023102581501 0.04894101992249489
v -0.001500000013038516 -0.0072395349852740765 0.04981978237628937
v 0.0093432841822505 -0.007744564209133387 0.03629999980330467
v 0.00943898968398571 -0.007477623876184225 0.03378688544034958
v 0.009377336129546165 -0.007255190517753363 0.03629999980330467
v 0.006521914154291153 -0.01069493219256401 0.03629999980330467
v 0.0093432841822505 -0.007744564209133387 0.03629999980330467
v 0.009377336129546165 -0.007255190517753363 0.03629999980330467
v 0.0093432841822505 -0.007744564209133387 0.03629999980330467
v 0.009499999694526196 -0.007697736378759146 0.031300000846385956
v 0.00943898968398571 -0.007477623876184225 0.03378688544034958
v -0.006436212453991175 -0.007903678342700005 0.04540998116135597
v -0.005639343522489071 -0.007899363525211811 0.04613988474011421
v -0.006119641941040754 -0.007496158126741648 0.04580317437648773
v -0.005639343522489071 -0.007899363525211811 0.04613988474011421
v -0.003968194127082825 -0.007896212860941887 0.04757256805896759
v -0.004150794353336096 -0.007501502986997366 0.047640785574913025
v -0.001500000013038516 -0.00808023102581501 0.04894101992249489
v -0.001500000013038516 -0.007763307075947523 0.04934265837073326
v -0.0022455572616308928 -0.007645600941032171 0.04902627319097519
v -0.0017042302060872316 -0.008195575326681137 0.04871487244963646
v -0.001500000013038516 -0.00808023102581501 0.04894101992249489
v -0.0022455572616308928 -0.007645600941032171 0.04902627319097519
v -0.0034725891891866922 -0.008574140258133411 0.0472734160721302
v -0.0017042302060872316 -0.008195575326681137 0.04871487244963646
v -0.0022455572616308928 -0.007645600941032171 0.04902627319097519
v -0.003738842438906431 -0.008259848691523075 0.04744859039783478
v -0.0034725891891866922 -0.008574140258133411 0.0472734160721302
v -0.0022455572616308928 -0.007645600941032171 0.04902627319097519
v -0.003968194127082825 -0.007896212860941887 0.04757256805896759
v -0.003738842438906431 -0.008259848691523075 0.04744859039783478
v -0.0022455572616308928 -0.007645600941032171 0.04902627319097519
v 0.009381630457937717 -0.008602538146078587 0.020400000736117363
v 0.009499999694526196 -0.007700000423938036 0.020400000736117363
v 0.009499999694526196 -0.007697736378759146 0.031300000846385956
v 0.009456580504775047 -0.008247011341154575 0.03130074590444565
v 0.009381630457937717 -0.008602538146078587 0.020400000736117363
v 0.009499999694526196 -0.007697736378759146 0.031300000846385956
v 0.0093432841822505 -0.007744564209133387 0.03629999980330467
v 0.009456580504775047 -0.008247011341154575 0.03130074590444565
v 0.009499999694526196 -0.007697736378759146 0.031300000846385956
v -0.009500117041170597 -0.0084160678088665 0.020327385514974594
v -0.009381630457937717 -0.008602538146078587 0.020400000736117363
v -0.009499999694526196 -0.007700000423938036 0.020400000736117363
v -0.009381630457937717 -0.008602538146078587 0.020400000736117363
v -0.00945146195590496 -0.008284762501716614 0.031298115849494934
v -0.009499999694526196 -0.007700000423938036 0.020400000736117363
v -0.00945146195590496 -0.008284762501716614 0.031298115849494934
v -0.009499690495431423 -0.007755193393677473 0.03129659220576286
v -0.009499999694526196 -0.007700000423938036 0.020400000736117363
v -0.009499690495431423 -0.007755193393677473 0.03129659220576286
v -0.009499999694526196 -0.007700961548835039 0.031300000846385956
v -0.009499999694526196 -0.007700000423938036 0.020400000736117363
v 0.009381630457937717 -0.008602538146078587 0.020400000736117363
v 0.009499984793365002 -0.007803380023688078 0.020398488268256187
v 0.009499999694526196 -0.007700000423938036 0.020400000736117363
v -0.009499690495431423 -0.007755193393677473 0.03129659220576286
v -0.00949927233159542 -0.007741826120764017 0.031309887766838074
v -0.009499999694526196 -0.007700961548835039 0.031300000846385956
v -0.00949927233159542 -0.007741826120764017 0.031309887766838074
v -0.009472749195992947 -0.007837492972612381 0.031666968017816544
v -0.009499999694526196 -0.007700961548835039 0.031300000846385956
v -0.009499690495431423 -0.007755193393677473 0.03129659220576286
v -0.009496109560132027 -0.007792892400175333 0.03135278448462486
v -0.00949927233159542 -0.007741826120764017 0.031309887766838074
v -0.009496109560132027 -0.007792892400175333 0.03135278448462486
v -0.009472749195992947 -0.007837492972612381 0.031666968017816544
v -0.00949927233159542 -0.007741826120764017 0.031309887766838074
v 0.009307360276579857 -0.007890707813203335 0.03629999980330467
v 0.009456580504775047 -0.008247011341154575 0.03130074590444565
v 0.0093432841822505 -0.007744564209133387 0.03629999980330467
v 0.006521914154291153 -0.01069493219256401 0.03629999980330467
v 0.009307360276579857 -0.007890707813203335 0.03629999980330467
v 0.0093432841822505 -0.007744564209133387 0.03629999980330467
v -0.00945146195590496 -0.008284762501716614 0.031298115849494934
v -0.009496109560132027 -0.007792892400175333 0.03135278448462486
v -0.009499690495431423 -0.007755193393677473 0.03129659220576286
v -0.00945146195590496 -0.008284762501716614 0.031298115849494934
v -0.00948387011885643 -0.007874567061662674 0.03151802346110344
v -0.009496109560132027 -0.007792892400175333 0.03135278448462486
v -0.00948387011885643 -0.007874567061662674 0.03151802346110344
v -0.009472749195992947 -0.007837492972612381 0.031666968017816544
v -0.009496109560132027 -0.007792892400175333 0.03135278448462486
v 0.009381630457937717 -0.008602538146078587 0.020400000736117363
v 0.009499987587332726 -0.008492207154631615 0.020311474800109863
v 0.009499984793365002 -0.007803380023688078 0.020398488268256187
v -0.00948387011885643 -0.007874567061662674 0.03151802346110344
v -0.0094448858872056 -0.00797402486205101 0.03203439712524414
v -0.009472749195992947 -0.007837492972612381 0.031666968017816544
v -0.00945146195590496 -0.008284762501716614 0.031298115849494934
v -0.00943730678409338 -0.008338550105690956 0.031298454850912094
v -0.00948387011885643 -0.007874567061662674 0.03151802346110344
v -0.00943730678409338 -0.008338550105690956 0.031298454850912094
v -0.0094448858872056 -0.00797402486205101 0.03203439712524414
v -0.00948387011885643 -0.007874567061662674 0.03151802346110344
v 0.00917231198400259 -0.008440102450549603 0.03629999980330467
v 0.009360138326883316 -0.008619457483291626 0.03130151331424713
v 0.009307360276579857 -0.007890707813203335 0.03629999980330467
v 0.009360138326883316 -0.008619457483291626 0.03130151331424713
v 0.009434644132852554 -0.008331727236509323 0.03130091726779938
v 0.009307360276579857 -0.007890707813203335 0.03629999980330467
v 0.009434644132852554 -0.008331727236509323 0.03130091726779938
v 0.009456580504775047 -0.008247011341154575 0.03130074590444565
v 0.009307360276579857 -0.007890707813203335 0.03629999980330467
v 0.009123685769736767 -0.00854202825576067 0.03629999980330467
v 0.00917231198400259 -0.008440102450549603 0.03629999980330467
v 0.009307360276579857 -0.007890707813203335 0.03629999980330467
v 0.00659510912373662 -0.010687415488064289 0.03629999980330467
v 0.0071697356179356575 -0.01050490327179432 0.03629999980330467
v 0.009307360276579857 -0.007890707813203335 0.03629999980330467
v 0.0071697356179356575 -0.01050490327179432 0.03629999980330467
v 0.0072763171046972275 -0.010471050627529621 0.03629999980330467
v 0.009307360276579857 -0.007890707813203335 0.03629999980330467
v 0.0072763171046972275 -0.010471050627529621 0.03629999980330467
v 0.007793000899255276 -0.01018041092902422 0.03629999980330467
v 0.009307360276579857 -0.007890707813203335 0.03629999980330467
v 0.007793000899255276 -0.01018041092902422 0.03629999980330467
v 0.007894816808402538 -0.010123138315975666 0.03629999980330467
v 0.009307360276579857 -0.007890707813203335 0.03629999980330467
v 0.007894816808402538 -0.010123138315975666 0.03629999980330467
v 0.00834935624152422 -0.009726742282509804 0.03629999980330467
v 0.009307360276579857 -0.007890707813203335 0.03629999980330467
v 0.00834935624152422 -0.009726742282509804 0.03629999980330467
v 0.008434300310909748 -0.009652663953602314 0.03629999980330467
v 0.009307360276579857 -0.007890707813203335 0.03629999980330467
v 0.008434300310909748 -0.009652663953602314 0.03629999980330467
v 0.008801682852208614 -0.00916849635541439 0.03629999980330467
v 0.009307360276579857 -0.007890707813203335 0.03629999980330467
v 0.008801682852208614 -0.00916849635541439 0.03629999980330467
v 0.009123685769736767 -0.00854202825576067 0.03629999980330467
v 0.009307360276579857 -0.007890707813203335 0.03629999980330467
v 0.006521914154291153 -0.01069493219256401 0.03629999980330467
v 0.00659510912373662 -0.010687415488064289 0.03629999980330467
v 0.009307360276579857 -0.007890707813203335 0.03629999980330467
v -0.005639343522489071 -0.007899363525211811 0.04613988474011421
v -0.005460953339934349 -0.008309733122587204 0.04605000093579292
v -0.003968194127082825 -0.007896212860941887 0.04757256805896759
v -0.005460953339934349 -0.008309733122587204 0.04605000093579292
v -0.003738842438906431 -0.008259848691523075 0.04744859039783478
v -0.003968194127082825 -0.007896212860941887 0.04757256805896759
v -0.006436212453991175 -0.007903678342700005 0.04540998116135597
v -0.006572436541318893 -0.008094693534076214 0.04518186300992966
v -0.005639343522489071 -0.007899363525211811 0.04613988474011421
v -0.006572436541318893 -0.008094693534076214 0.04518186300992966
v -0.005460953339934349 -0.008309733122587204 0.04605000093579292
v -0.005639343522489071 -0.007899363525211811 0.04613988474011421
v -0.00943730678409338 -0.008338550105690956 0.031298454850912094
v -0.009360219351947308 -0.008026786148548126 0.03309059143066406
v -0.0094448858872056 -0.00797402486205101 0.03203439712524414
v -0.009031694382429123 -0.008722450584173203 0.03453667834401131
v -0.00903413537889719 -0.008007358759641647 0.03621102496981621
v -0.00908585824072361 -0.008000343106687069 0.03584110736846924
v -0.009141447022557259 -0.008005700074136257 0.03528382256627083
v -0.009031694382429123 -0.008722450584173203 0.03453667834401131
v -0.00908585824072361 -0.008000343106687069 0.03584110736846924
v -0.009220569394528866 -0.008013326674699783 0.03449060767889023
v -0.009221566841006279 -0.008076323196291924 0.03449618071317673
v -0.009141447022557259 -0.008005700074136257 0.03528382256627083
v -0.009221566841006279 -0.008076323196291924 0.03449618071317673
v -0.009031694382429123 -0.008722450584173203 0.03453667834401131
v -0.009141447022557259 -0.008005700074136257 0.03528382256627083
v -0.009031694382429123 -0.008722450584173203 0.03453667834401131
v -0.008798380382359028 -0.008039334788918495 0.037897102534770966
v -0.00903413537889719 -0.008007358759641647 0.03621102496981621
v -0.009360219351947308 -0.008026786148548126 0.03309059143066406
v -0.009221566841006279 -0.008076323196291924 0.03449618071317673
v -0.009220569394528866 -0.008013326674699783 0.03449060767889023
v -0.00943730678409338 -0.008338550105690956 0.031298454850912094
v -0.009221566841006279 -0.008076323196291924 0.03449618071317673
v -0.009360219351947308 -0.008026786148548126 0.03309059143066406
v -0.009031694382429123 -0.008722450584173203 0.03453667834401131
v -0.008675209246575832 -0.008401789702475071 0.03792130574584007
v -0.008798380382359028 -0.008039334788918495 0.037897102534770966
v -0.008675209246575832 -0.008401789702475071 0.03792130574584007
v -0.00878844689577818 -0.008040682412683964 0.037968143820762634
v -0.008798380382359028 -0.008039334788918495 0.037897102534770966
v -0.008675209246575832 -0.008401789702475071 0.03792130574584007
v -0.008440215140581131 -0.008156747557222843 0.039793748408555984
v -0.00878844689577818 -0.008040682412683964 0.037968143820762634
v -0.00943730678409338 -0.008338550105690956 0.031298454850912094
v -0.009031694382429123 -0.008722450584173203 0.03453667834401131
v -0.009221566841006279 -0.008076323196291924 0.03449618071317673
v -0.0017042302060872316 -0.008195575326681137 0.04871487244963646
v -0.001500000013038516 -0.008187051862478256 0.04880565032362938
v -0.001500000013038516 -0.00808023102581501 0.04894101992249489
v -0.0069252364337444305 -0.008589392527937889 0.044591065496206284
v -0.006921141408383846 -0.008592681027948856 0.04459141194820404
v -0.006572436541318893 -0.008094693534076214 0.04518186300992966
v -0.006921141408383846 -0.008592681027948856 0.04459141194820404
v -0.006899503991007805 -0.008610052056610584 0.04459325596690178
v -0.006572436541318893 -0.008094693534076214 0.04518186300992966
v -0.006899503991007805 -0.008610052056610584 0.04459325596690178
v -0.005460953339934349 -0.008309733122587204 0.04605000093579292
v -0.006572436541318893 -0.008094693534076214 0.04518186300992966
v -0.008675209246575832 -0.008401789702475071 0.03792130574584007
v -0.008411893621087074 -0.008166186511516571 0.03994222357869148
v -0.008440215140581131 -0.008156747557222843 0.039793748408555984
v -0.008349885232746601 -0.00902093667536974 0.03794887289404869
v -0.008391140028834343 -0.00817310344427824 0.04005102440714836
v -0.008411893621087074 -0.008166186511516571 0.03994222357869148
v -0.008675209246575832 -0.008401789702475071 0.03792130574584007
v -0.008349885232746601 -0.00902093667536974 0.03794887289404869
v -0.008411893621087074 -0.008166186511516571 0.03994222357869148
v -0.008349885232746601 -0.00902093667536974 0.03794887289404869
v -0.00807279348373413 -0.008279791101813316 0.04129466041922569
v -0.008391140028834343 -0.00817310344427824 0.04005102440714836
v -0.0017042302060872316 -0.008195575326681137 0.04871487244963646
v -0.001500000013038516 -0.00832256767898798 0.048562172800302505
v -0.001500000013038516 -0.008187051862478256 0.04880565032362938
v -0.001500000013038516 -0.008580086752772331 0.04809949919581413
v -0.001500000013038516 -0.00832256767898798 0.048562172800302505
v -0.0017042302060872316 -0.008195575326681137 0.04871487244963646
v -0.0031827669590711594 -0.008825428783893585 0.0470564141869545
v -0.001500000013038516 -0.008580086752772331 0.04809949919581413
v -0.0017042302060872316 -0.008195575326681137 0.04871487244963646
v -0.0034725891891866922 -0.008574140258133411 0.0472734160721302
v -0.0031827669590711594 -0.008825428783893585 0.0470564141869545
v -0.0017042302060872316 -0.008195575326681137 0.04871487244963646
v 0.009434644132852554 -0.008331727236509323 0.03130091726779938
v 0.009381630457937717 -0.008602538146078587 0.020400000736117363
v 0.009456580504775047 -0.008247011341154575 0.03130074590444565
v -0.005460953339934349 -0.008309733122587204 0.04605000093579292
v -0.005231480114161968 -0.008685275912284851 0.045901525765657425
v -0.003738842438906431 -0.008259848691523075 0.04744859039783478
v -0.005231480114161968 -0.008685275912284851 0.045901525765657425
v -0.0034725891891866922 -0.008574140258133411 0.0472734160721302
v -0.003738842438906431 -0.008259848691523075 0.04744859039783478
v -0.008349885232746601 -0.00902093667536974 0.03794887289404869
v -0.00789835024625063 -0.008601128123700619 0.041314758360385895
v -0.00807279348373413 -0.008279791101813316 0.04129466041922569
v -0.00789835024625063 -0.008601128123700619 0.041314758360385895
v -0.007883437909185886 -0.00834325049072504 0.04203438758850098
v -0.00807279348373413 -0.008279791101813316 0.04129466041922569
v -0.009381630457937717 -0.008602538146078587 0.020400000736117363
v -0.00943730678409338 -0.008338550105690956 0.031298454850912094
v -0.00945146195590496 -0.008284762501716614 0.031298115849494934
v -0.006899503991007805 -0.008610052056610584 0.04459325596690178
v -0.00647383090108633 -0.008951792493462563 0.04462951049208641
v -0.005460953339934349 -0.008309733122587204 0.04605000093579292
v -0.00647383090108633 -0.008951792493462563 0.04462951049208641
v -0.005231480114161968 -0.008685275912284851 0.045901525765657425
v -0.005460953339934349 -0.008309733122587204 0.04605000093579292
v 0.009360138326883316 -0.008619457483291626 0.03130151331424713
v 0.009372578002512455 -0.008621985092759132 0.020400000736117363
v 0.009434644132852554 -0.008331727236509323 0.03130091726779938
v 0.009372578002512455 -0.008621985092759132 0.020400000736117363
v 0.009381630457937717 -0.008602538146078587 0.020400000736117363
v 0.009434644132852554 -0.008331727236509323 0.03130091726779938
v -0.009372578002512455 -0.008621985092759132 0.020400000736117363
v -0.009363185614347458 -0.008620194159448147 0.03130023553967476
v -0.00943730678409338 -0.008338550105690956 0.031298454850912094
v -0.009381630457937717 -0.008602538146078587 0.020400000736117363
v -0.009372578002512455 -0.008621985092759132 0.020400000736117363
v -0.00943730678409338 -0.008338550105690956 0.031298454850912094
v -0.009363185614347458 -0.008620194159448147 0.03130023553967476
v -0.009031694382429123 -0.008722450584173203 0.03453667834401131
v -0.00943730678409338 -0.008338550105690956 0.031298454850912094
v -0.00789835024625063 -0.008601128123700619 0.041314758360385895
v -0.007714675739407539 -0.008387889713048935 0.042541567236185074
v -0.007883437909185886 -0.00834325049072504 0.04203438758850098
v -0.00789835024625063 -0.008601128123700619 0.041314758360385895
v -0.007696288172155619 -0.008392753079533577 0.04259682819247246
v -0.007714675739407539 -0.008387889713048935 0.042541567236185074
v -0.007448487915098667 -0.009150978177785873 0.04132877290248871
v -0.007352947723120451 -0.008483569137752056 0.04362866282463074
v -0.007696288172155619 -0.008392753079533577 0.04259682819247246
v -0.00789835024625063 -0.008601128123700619 0.041314758360385895
v -0.007448487915098667 -0.009150978177785873 0.04132877290248871
v -0.007696288172155619 -0.008392753079533577 0.04259682819247246
v -0.009031694382429123 -0.008722450584173203 0.03453667834401131
v -0.008349885232746601 -0.00902093667536974 0.03794887289404869
v -0.008675209246575832 -0.008401789702475071 0.03792130574584007
v -0.009500076062977314 -0.008638436906039715 0.02026304602622986
v -0.009381630457937717 -0.008602538146078587 0.020400000736117363
v -0.009500117041170597 -0.0084160678088665 0.020327385514974594
v 0.009123685769736767 -0.00854202825576067 0.03629999980330467
v 0.009287643246352673 -0.008899425156414509 0.03130209073424339
v 0.00917231198400259 -0.008440102450549603 0.03629999980330467
v 0.009287643246352673 -0.008899425156414509 0.03130209073424339
v 0.009360138326883316 -0.008619457483291626 0.03130151331424713
v 0.00917231198400259 -0.008440102450549603 0.03629999980330467
v -0.007448487915098667 -0.009150978177785873 0.04132877290248871
v -0.0069429753348231316 -0.008585004135966301 0.044551149010658264
v -0.007352947723120451 -0.008483569137752056 0.04362866282463074
v 0.009381630457937717 -0.008602538146078587 0.020400000736117363
v 0.009499984793365002 -0.008637737482786179 0.020265799015760422
v 0.009499987587332726 -0.008492207154631615 0.020311474800109863
v 0.008863992057740688 -0.009086379781365395 0.03629999980330467
v 0.009247606620192528 -0.008982527069747448 0.031302064657211304
v 0.009123685769736767 -0.00854202825576067 0.03629999980330467
v 0.009247606620192528 -0.008982527069747448 0.031302064657211304
v 0.009287643246352673 -0.008899425156414509 0.03130209073424339
v 0.009123685769736767 -0.00854202825576067 0.03629999980330467
v 0.008801682852208614 -0.00916849635541439 0.03629999980330467
v 0.008863992057740688 -0.009086379781365395 0.03629999980330467
v 0.009123685769736767 -0.00854202825576067 0.03629999980330467
v -0.005231480114161968 -0.008685275912284851 0.045901525765657425
v -0.004961427766829729 -0.009005583822727203 0.0457005575299263
v -0.0034725891891866922 -0.008574140258133411 0.0472734160721302
v -0.004961427766829729 -0.009005583822727203 0.0457005575299263
v -0.0031827669590711594 -0.008825428783893585 0.0470564141869545
v -0.0034725891891866922 -0.008574140258133411 0.0472734160721302
v -0.0031827669590711594 -0.008825428783893585 0.0470564141869545
v -0.001500000013038516 -0.008691851049661636 0.0478295236825943
v -0.001500000013038516 -0.008580086752772331 0.04809949919581413
v -0.007448487915098667 -0.009150978177785873 0.04132877290248871
v -0.0069252364337444305 -0.008589392527937889 0.044591065496206284
v -0.0069429753348231316 -0.008585004135966301 0.044551149010658264
v -0.007448487915098667 -0.009150978177785873 0.04132877290248871
v -0.006921141408383846 -0.008592681027948856 0.04459141194820404
v -0.0069252364337444305 -0.008589392527937889 0.044591065496206284
v -0.007448487915098667 -0.009150978177785873 0.04132877290248871
v -0.006899503991007805 -0.008610052056610584 0.04459325596690178
v -0.006921141408383846 -0.008592681027948856 0.04459141194820404
v -0.008349885232746601 -0.00902093667536974 0.03794887289404869
v -0.007448487915098667 -0.009150978177785873 0.04132877290248871
v -0.00789835024625063 -0.008601128123700619 0.041314758360385895
v -0.009500076062977314 -0.008638436906039715 0.02026304602622986
v -0.009372578002512455 -0.008621985092759132 0.020400000736117363
v -0.009381630457937717 -0.008602538146078587 0.020400000736117363
v 0.009372578002512455 -0.008621985092759132 0.020400000736117363
v 0.009499984793365002 -0.008637737482786179 0.020265799015760422
v 0.009381630457937717 -0.008602538146078587 0.020400000736117363
v -0.007448487915098667 -0.009150978177785873 0.04132877290248871
v -0.00647383090108633 -0.008951792493462563 0.04462951049208641
v -0.006899503991007805 -0.008610052056610584 0.04459325596690178
v 0.009287643246352673 -0.008899425156414509 0.03130209073424339
v 0.009372578002512455 -0.008621985092759132 0.020400000736117363
v 0.009360138326883316 -0.008619457483291626 0.03130151331424713
v -0.009372578002512455 -0.008621985092759132 0.020400000736117363
v -0.009290031157433987 -0.008898167870938778 0.03130199387669563
v -0.009363185614347458 -0.008620194159448147 0.03130023553967476
v -0.009290031157433987 -0.008898167870938778 0.03130199387669563
v -0.009031694382429123 -0.008722450584173203 0.03453667834401131
v -0.009363185614347458 -0.008620194159448147 0.03130023553967476
v -0.009500076062977314 -0.008638436906039715 0.02026304602622986
v -0.008867690339684486 -0.009706576354801655 0.020400000736117363
v -0.009372578002512455 -0.008621985092759132 0.020400000736117363
v -0.008867690339684486 -0.009706576354801655 0.020400000736117363
v -0.009001287631690502 -0.009505677036941051 0.031301598995923996
v -0.009372578002512455 -0.008621985092759132 0.020400000736117363
v -0.009001287631690502 -0.009505677036941051 0.031301598995923996
v -0.009247655048966408 -0.008987326174974442 0.03130193427205086
v -0.009372578002512455 -0.008621985092759132 0.020400000736117363
v -0.009247655048966408 -0.008987326174974442 0.03130193427205086
v -0.009290031157433987 -0.008898167870938778 0.03130199387669563
v -0.009372578002512455 -0.008621985092759132 0.020400000736117363
v 0.008867690339684486 -0.009706576354801655 0.020400000736117363
v 0.009499972686171532 -0.009233527816832066 0.020078806206583977
v 0.009372578002512455 -0.008621985092759132 0.020400000736117363
v 0.009499972686171532 -0.009233527816832066 0.020078806206583977
v 0.009499984793365002 -0.008637737482786179 0.020265799015760422
v 0.009372578002512455 -0.008621985092759132 0.020400000736117363
v 0.009287643246352673 -0.008899425156414509 0.03130209073424339
v 0.009247606620192528 -0.008982527069747448 0.031302064657211304
v 0.009372578002512455 -0.008621985092759132 0.020400000736117363
v 0.009247606620192528 -0.008982527069747448 0.031302064657211304
v 0.008867690339684486 -0.009706576354801655 0.020400000736117363
v 0.009372578002512455 -0.008621985092759132 0.020400000736117363
v -0.009499989449977875 -0.009110773913562298 0.020126380026340485
v -0.008867690339684486 -0.009706576354801655 0.020400000736117363
v -0.009500076062977314 -0.008638436906039715 0.02026304602622986
v -0.006365141831338406 -0.009022076614201069 0.04463047534227371
v -0.004961427766829729 -0.009005583822727203 0.0457005575299263
v -0.005231480114161968 -0.008685275912284851 0.045901525765657425
v -0.00647383090108633 -0.008951792493462563 0.04462951049208641
v -0.006432828959077597 -0.008984710089862347 0.04463300481438637
v -0.005231480114161968 -0.008685275912284851 0.045901525765657425
v -0.006432828959077597 -0.008984710089862347 0.04463300481438637
v -0.006365141831338406 -0.009022076614201069 0.04463047534227371
v -0.005231480114161968 -0.008685275912284851 0.045901525765657425
v -0.0025918399915099144 -0.009114163927733898 0.04654879868030548
v -0.001500000013038516 -0.009414148516952991 0.045406490564346313
v -0.001500000013038516 -0.008691851049661636 0.0478295236825943
v -0.0031827669590711594 -0.008825428783893585 0.0470564141869545
v -0.0025918399915099144 -0.009114163927733898 0.04654879868030548
v -0.001500000013038516 -0.008691851049661636 0.0478295236825943
v -0.009001287631690502 -0.009505677036941051 0.031301598995923996
v -0.008706415072083473 -0.009344449266791344 0.03456324338912964
v -0.009031694382429123 -0.008722450584173203 0.03453667834401131
v -0.009290031157433987 -0.008898167870938778 0.03130199387669563
v -0.009247655048966408 -0.008987326174974442 0.03130193427205086
v -0.009031694382429123 -0.008722450584173203 0.03453667834401131
v -0.009247655048966408 -0.008987326174974442 0.03130193427205086
v -0.009001287631690502 -0.009505677036941051 0.031301598995923996
v -0.009031694382429123 -0.008722450584173203 0.03453667834401131
v -0.008706415072083473 -0.009344449266791344 0.03456324338912964
v -0.008349885232746601 -0.00902093667536974 0.03794887289404869
v -0.009031694382429123 -0.008722450584173203 0.03453667834401131
v -0.0036135839764028788 -0.00940620992332697 0.0454045832157135
v -0.002651359187439084 -0.009137186221778393 0.046478983014822006
v -0.0031827669590711594 -0.008825428783893585 0.0470564141869545
v -0.002651359187439084 -0.009137186221778393 0.046478983014822006
v -0.0025918399915099144 -0.009114163927733898 0.04654879868030548
v -0.0031827669590711594 -0.008825428783893585 0.0470564141869545
v -0.004961427766829729 -0.009005583822727203 0.0457005575299263
v -0.004665418528020382 -0.009255800396203995 0.045458514243364334
v -0.0031827669590711594 -0.008825428783893585 0.0470564141869545
v -0.004665418528020382 -0.009255800396203995 0.045458514243364334
v -0.0036135839764028788 -0.00940620992332697 0.0454045832157135
v -0.0031827669590711594 -0.008825428783893585 0.0470564141869545
v -0.007448487915098667 -0.009150978177785873 0.04132877290248871
v -0.0068987226113677025 -0.009600909426808357 0.04131370037794113
v -0.00647383090108633 -0.008951792493462563 0.04462951049208641
v -0.0068987226113677025 -0.009600909426808357 0.04131370037794113
v -0.006432828959077597 -0.008984710089862347 0.04463300481438637
v -0.00647383090108633 -0.008951792493462563 0.04462951049208641
v 0.008984509855508804 -0.009528632275760174 0.03130190819501877
v 0.008867690339684486 -0.009706576354801655 0.020400000736117363
v 0.009247606620192528 -0.008982527069747448 0.031302064657211304
v 0.008863992057740688 -0.009086379781365395 0.03629999980330467
v 0.008984509855508804 -0.009528632275760174 0.03130190819501877
v 0.009247606620192528 -0.008982527069747448 0.031302064657211304
v -0.0068987226113677025 -0.009600909426808357 0.04131370037794113
v -0.006365141831338406 -0.009022076614201069 0.04463047534227371
v -0.006432828959077597 -0.008984710089862347 0.04463300481438637
v -0.005758663173764944 -0.009345807135105133 0.044603414833545685
v -0.004665418528020382 -0.009255800396203995 0.045458514243364334
v -0.004961427766829729 -0.009005583822727203 0.0457005575299263
v -0.005809352733194828 -0.009328898042440414 0.04460969939827919
v -0.005758663173764944 -0.009345807135105133 0.044603414833545685
v -0.004961427766829729 -0.009005583822727203 0.0457005575299263
v -0.006365141831338406 -0.009022076614201069 0.04463047534227371
v -0.005998593755066395 -0.009224427863955498 0.04461677372455597
v -0.004961427766829729 -0.009005583822727203 0.0457005575299263
v -0.005998593755066395 -0.009224427863955498 0.04461677372455597
v -0.005809352733194828 -0.009328898042440414 0.04460969939827919
v -0.004961427766829729 -0.009005583822727203 0.0457005575299263
v -0.008706415072083473 -0.009344449266791344 0.03456324338912964
v -0.007898524403572083 -0.009574849158525467 0.03795419633388519
v -0.008349885232746601 -0.00902093667536974 0.03794887289404869
v -0.007898524403572083 -0.009574849158525467 0.03795419633388519
v -0.007448487915098667 -0.009150978177785873 0.04132877290248871
v -0.008349885232746601 -0.00902093667536974 0.03794887289404869
v -0.0068987226113677025 -0.009600909426808357 0.04131370037794113
v -0.005998593755066395 -0.009224427863955498 0.04461677372455597
v -0.006365141831338406 -0.009022076614201069 0.04463047534227371
v 0.008801682852208614 -0.00916849635541439 0.03629999980330467
v 0.008984509855508804 -0.009528632275760174 0.03130190819501877
v 0.008863992057740688 -0.009086379781365395 0.03629999980330467
v -0.009499987587332726 -0.010003464296460152 0.019710028544068336
v -0.008867690339684486 -0.009706576354801655 0.020400000736117363
v -0.009499989449977875 -0.009110773913562298 0.020126380026340485
v -0.002651359187439084 -0.009137186221778393 0.046478983014822006
v -0.001500000013038516 -0.009414148516952991 0.045406490564346313
v -0.0025918399915099144 -0.009114163927733898 0.04654879868030548
v -0.0036135839764028788 -0.00940620992332697 0.0454045832157135
v -0.001500000013038516 -0.009414148516952991 0.045406490564346313
v -0.002651359187439084 -0.009137186221778393 0.046478983014822006
v -0.007898524403572083 -0.009574849158525467 0.03795419633388519
v -0.0068987226113677025 -0.009600909426808357 0.04131370037794113
v -0.007448487915098667 -0.009150978177785873 0.04132877290248871
v 0.008434300310909748 -0.009652663953602314 0.03629999980330467
v 0.0088510662317276 -0.009702987968921661 0.0313013531267643
v 0.008801682852208614 -0.00916849635541439 0.03629999980330467
v 0.0088510662317276 -0.009702987968921661 0.0313013531267643
v 0.008923624642193317 -0.009608183987438679 0.03130165487527847
v 0.008801682852208614 -0.00916849635541439 0.03629999980330467
v 0.008923624642193317 -0.009608183987438679 0.03130165487527847
v 0.008984509855508804 -0.009528632275760174 0.03130190819501877
v 0.008801682852208614 -0.00916849635541439 0.03629999980330467
v -0.006285019684582949 -0.009926934726536274 0.041271310299634933
v -0.005809352733194828 -0.009328898042440414 0.04460969939827919
v -0.005998593755066395 -0.009224427863955498 0.04461677372455597
v -0.0068987226113677025 -0.009600909426808357 0.04131370037794113
v -0.006285019684582949 -0.009926934726536274 0.041271310299634933
v -0.005998593755066395 -0.009224427863955498 0.04461677372455597
v 0.008867690339684486 -0.009706576354801655 0.020400000736117363
v 0.009499998763203621 -0.010153336450457573 0.019622011110186577
v 0.009499972686171532 -0.009233527816832066 0.020078806206583977
v -0.005181730724871159 -0.009538263082504272 0.044531915336847305
v -0.005132721737027168 -0.009544958360493183 0.04452325403690338
v -0.004665418528020382 -0.009255800396203995 0.045458514243364334
v -0.005504670552909374 -0.00943053513765335 0.04457193613052368
v -0.005181730724871159 -0.009538263082504272 0.044531915336847305
v -0.004665418528020382 -0.009255800396203995 0.045458514243364334
v -0.005758663173764944 -0.009345807135105133 0.044603414833545685
v -0.005504670552909374 -0.00943053513765335 0.04457193613052368
v -0.004665418528020382 -0.009255800396203995 0.045458514243364334
v -0.0040601263754069805 -0.009524272754788399 0.04491107538342476
v -0.003932574298232794 -0.009495395235717297 0.04504840448498726
v -0.004665418528020382 -0.009255800396203995 0.045458514243364334
v -0.005132721737027168 -0.009544958360493183 0.04452325403690338
v -0.0040601263754069805 -0.009524272754788399 0.04491107538342476
v -0.004665418528020382 -0.009255800396203995 0.045458514243364334
v -0.003932574298232794 -0.009495395235717297 0.04504840448498726
v -0.0036135839764028788 -0.00940620992332697 0.0454045832157135
v -0.004665418528020382 -0.009255800396203995 0.045458514243364334
v -0.006285019684582949 -0.009926934726536274 0.041271310299634933
v -0.005758663173764944 -0.009345807135105133 0.044603414833545685
v -0.005809352733194828 -0.009328898042440414 0.04460969939827919
v -0.008584733121097088 -0.010065294802188873 0.03130010515451431
v -0.008253507316112518 -0.009900427423417568 0.03457285091280937
v -0.008706415072083473 -0.009344449266791344 0.03456324338912964
v -0.008853098377585411 -0.009704760275781155 0.031301066279411316
v -0.008584733121097088 -0.010065294802188873 0.03130010515451431
v -0.008706415072083473 -0.009344449266791344 0.03456324338912964
v -0.009001287631690502 -0.009505677036941051 0.031301598995923996
v -0.008922971785068512 -0.009610889479517937 0.03130131587386131
v -0.008706415072083473 -0.009344449266791344 0.03456324338912964
v -0.008922971785068512 -0.009610889479517937 0.03130131587386131
v -0.008853098377585411 -0.009704760275781155 0.031301066279411316
v -0.008706415072083473 -0.009344449266791344 0.03456324338912964
v -0.008253507316112518 -0.009900427423417568 0.03457285091280937
v -0.007898524403572083 -0.009574849158525467 0.03795419633388519
v -0.008706415072083473 -0.009344449266791344 0.03456324338912964
v -0.006285019684582949 -0.009926934726536274 0.041271310299634933
v -0.005504670552909374 -0.00943053513765335 0.04457193613052368
v -0.005758663173764944 -0.009345807135105133 0.044603414833545685
v -0.001500000013038516 -0.010149355977773666 0.04140538349747658
v -0.001500000013038516 -0.009414148516952991 0.045406490564346313
v -0.0036135839764028788 -0.00940620992332697 0.0454045832157135
v -0.003932574298232794 -0.009495395235717297 0.04504840448498726
v -0.001500000013038516 -0.010149355977773666 0.04140538349747658
v -0.0036135839764028788 -0.00940620992332697 0.0454045832157135
v -0.006285019684582949 -0.009926934726536274 0.041271310299634933
v -0.005181730724871159 -0.009538263082504272 0.044531915336847305
v -0.005504670552909374 -0.00943053513765335 0.04457193613052368
v -0.0040601263754069805 -0.009524272754788399 0.04491107538342476
v -0.001500000013038516 -0.010149355977773666 0.04140538349747658
v -0.003932574298232794 -0.009495395235717297 0.04504840448498726
v -0.008867690339684486 -0.009706576354801655 0.020400000736117363
v -0.008922971785068512 -0.009610889479517937 0.03130131587386131
v -0.009001287631690502 -0.009505677036941051 0.031301598995923996
v -0.004520790185779333 -0.009628565050661564 0.04441511258482933
v -0.001500000013038516 -0.010149355977773666 0.04140538349747658
v -0.0040601263754069805 -0.009524272754788399 0.04491107538342476
v -0.005132721737027168 -0.009544958360493183 0.04452325403690338
v -0.004520790185779333 -0.009628565050661564 0.04441511258482933
v -0.0040601263754069805 -0.009524272754788399 0.04491107538342476
v 0.008923624642193317 -0.009608183987438679 0.03130165487527847
v 0.008867690339684486 -0.009706576354801655 0.020400000736117363
v 0.008984509855508804 -0.009528632275760174 0.03130190819501877
v -0.006285019684582949 -0.009926934726536274 0.041271310299634933
v -0.005647909827530384 -0.010121049359440804 0.04120636731386185
v -0.005181730724871159 -0.009538263082504272 0.044531915336847305
v -0.005647909827530384 -0.010121049359440804 0.04120636731386185
v -0.005132721737027168 -0.009544958360493183 0.04452325403690338
v -0.005181730724871159 -0.009538263082504272 0.044531915336847305
v -0.005647909827530384 -0.010121049359440804 0.04120636731386185
v -0.004926369525492191 -0.010082406923174858 0.0418454147875309
v -0.005132721737027168 -0.009544958360493183 0.04452325403690338
v -0.004926369525492191 -0.010082406923174858 0.0418454147875309
v -0.004520790185779333 -0.009628565050661564 0.04441511258482933
v -0.005132721737027168 -0.009544958360493183 0.04452325403690338
v -0.008253507316112518 -0.009900427423417568 0.03457285091280937
v -0.0073454068042337894 -0.010026858188211918 0.037936244159936905
v -0.007898524403572083 -0.009574849158525467 0.03795419633388519
v -0.0073454068042337894 -0.010026858188211918 0.037936244159936905
v -0.0068987226113677025 -0.009600909426808357 0.04131370037794113
v -0.007898524403572083 -0.009574849158525467 0.03795419633388519
v -0.0073454068042337894 -0.010026858188211918 0.037936244159936905
v -0.006285019684582949 -0.009926934726536274 0.041271310299634933
v -0.0068987226113677025 -0.009600909426808357 0.04131370037794113
v 0.0088510662317276 -0.009702987968921661 0.0313013531267643
v 0.008862636052072048 -0.009711630642414093 0.020400000736117363
v 0.008923624642193317 -0.009608183987438679 0.03130165487527847
v 0.008862636052072048 -0.009711630642414093 0.020400000736117363
v 0.008867690339684486 -0.009706576354801655 0.020400000736117363
v 0.008923624642193317 -0.009608183987438679 0.03130165487527847
v -0.008867690339684486 -0.009706576354801655 0.020400000736117363
v -0.008853098377585411 -0.009704760275781155 0.031301066279411316
v -0.008922971785068512 -0.009610889479517937 0.03130131587386131
v -0.004926369525492191 -0.010082406923174858 0.0418454147875309
v -0.001500000013038516 -0.010149355977773666 0.04140538349747658
v -0.004520790185779333 -0.009628565050661564 0.04441511258482933
v 0.00834935624152422 -0.009726742282509804 0.03629999980330467
v 0.008539576083421707 -0.01010997872799635 0.03130006045103073
v 0.008434300310909748 -0.009652663953602314 0.03629999980330467
v 0.008539576083421707 -0.01010997872799635 0.03130006045103073
v 0.0088510662317276 -0.009702987968921661 0.0313013531267643
v 0.008434300310909748 -0.009652663953602314 0.03629999980330467
v 0.008539576083421707 -0.01010997872799635 0.03130006045103073
v 0.008862636052072048 -0.009711630642414093 0.020400000736117363
v 0.0088510662317276 -0.009702987968921661 0.0313013531267643
v -0.008862636052072048 -0.009711630642414093 0.020400000736117363
v -0.008584733121097088 -0.010065294802188873 0.03130010515451431
v -0.008853098377585411 -0.009704760275781155 0.031301066279411316
v -0.008867690339684486 -0.009706576354801655 0.020400000736117363
v -0.008862636052072048 -0.009711630642414093 0.020400000736117363
v -0.008853098377585411 -0.009704760275781155 0.031301066279411316
v -0.009499987587332726 -0.010003464296460152 0.019710028544068336
v -0.009499996900558472 -0.010149750858545303 0.019627265632152557
v -0.008867690339684486 -0.009706576354801655 0.020400000736117363
v -0.009499996900558472 -0.010149750858545303 0.019627265632152557
v -0.008862636052072048 -0.009711630642414093 0.020400000736117363
v -0.008867690339684486 -0.009706576354801655 0.020400000736117363
v 0.008862636052072048 -0.009711630642414093 0.020400000736117363
v 0.009499999694526196 -0.010199999436736107 0.019598837941884995
v 0.008867690339684486 -0.009706576354801655 0.020400000736117363
v 0.009499999694526196 -0.010199999436736107 0.019598837941884995
v 0.009499998763203621 -0.010153336450457573 0.019622011110186577
v 0.008867690339684486 -0.009706576354801655 0.020400000736117363
v -0.009470845572650433 -0.010439706966280937 0.01947847381234169
v -0.008011630736291409 -0.010562635958194733 0.020400000736117363
v -0.008862636052072048 -0.009711630642414093 0.020400000736117363
v -0.009499996900558472 -0.010149750858545303 0.019627265632152557
v -0.009499999694526196 -0.010199999436736107 0.019598837941884995
v -0.008862636052072048 -0.009711630642414093 0.020400000736117363
v -0.009499999694526196 -0.010199999436736107 0.019598837941884995
v -0.009470845572650433 -0.010439706966280937 0.01947847381234169
v -0.008862636052072048 -0.009711630642414093 0.020400000736117363
v -0.008470186032354832 -0.010166613385081291 0.031300198286771774
v -0.008584733121097088 -0.010065294802188873 0.03130010515451431
v -0.008862636052072048 -0.009711630642414093 0.020400000736117363
v -0.008011630736291409 -0.010562635958194733 0.020400000736117363
v -0.00801354181021452 -0.010565307922661304 0.03130057454109192
v -0.008862636052072048 -0.009711630642414093 0.020400000736117363
v -0.00801354181021452 -0.010565307922661304 0.03130057454109192
v -0.008030314929783344 -0.010555687360465527 0.03130055591464043
v -0.008862636052072048 -0.009711630642414093 0.020400000736117363
v -0.008030314929783344 -0.010555687360465527 0.03130055591464043
v -0.008470186032354832 -0.010166613385081291 0.031300198286771774
v -0.008862636052072048 -0.009711630642414093 0.020400000736117363
v 0.00942762941122055 -0.010544023476541042 0.019443951547145844
v 0.009472589939832687 -0.010432831011712551 0.019481034949421883
v 0.008862636052072048 -0.009711630642414093 0.020400000736117363
v 0.009472589939832687 -0.010432831011712551 0.019481034949421883
v 0.009499999694526196 -0.010199999436736107 0.019598837941884995
v 0.008862636052072048 -0.009711630642414093 0.020400000736117363
v 0.008845105767250061 -0.011138567700982094 0.019436998292803764
v 0.009195601567626 -0.01090348232537508 0.019372813403606415
v 0.008862636052072048 -0.009711630642414093 0.020400000736117363
v 0.009195601567626 -0.01090348232537508 0.019372813403606415
v 0.009361086413264275 -0.010708589106798172 0.019389066845178604
v 0.008862636052072048 -0.009711630642414093 0.020400000736117363
v 0.009361086413264275 -0.010708589106798172 0.019389066845178604
v 0.00942762941122055 -0.010544023476541042 0.019443951547145844
v 0.008862636052072048 -0.009711630642414093 0.020400000736117363
v 0.008011630736291409 -0.010562635958194733 0.020400000736117363
v 0.008499999530613422 -0.01119999960064888 0.019598837941884995
v 0.008862636052072048 -0.009711630642414093 0.020400000736117363
v 0.008499999530613422 -0.01119999960064888 0.019598837941884995
v 0.008838892914354801 -0.011139673180878162 0.01943991333246231
v 0.008862636052072048 -0.009711630642414093 0.020400000736117363
v 0.008838892914354801 -0.011139673180878162 0.01943991333246231
v 0.008845105767250061 -0.011138567700982094 0.019436998292803764
v 0.008862636052072048 -0.009711630642414093 0.020400000736117363
v 0.008539576083421707 -0.01010997872799635 0.03130006045103073
v 0.0084725646302104 -0.010168512351810932 0.03130010887980461
v 0.008862636052072048 -0.009711630642414093 0.020400000736117363
v 0.0084725646302104 -0.010168512351810932 0.03130010887980461
v 0.008011630736291409 -0.010562635958194733 0.020400000736117363
v 0.008862636052072048 -0.009711630642414093 0.020400000736117363
v 0.007894816808402538 -0.010123138315975666 0.03629999980330467
v 0.008042753674089909 -0.010543939657509327 0.03130042925477028
v 0.00834935624152422 -0.009726742282509804 0.03629999980330467
v 0.008042753674089909 -0.010543939657509327 0.03130042925477028
v 0.0084725646302104 -0.010168512351810932 0.03130010887980461
v 0.00834935624152422 -0.009726742282509804 0.03629999980330467
v 0.0084725646302104 -0.010168512351810932 0.03130010887980461
v 0.008539576083421707 -0.01010997872799635 0.03130006045103073
v 0.00834935624152422 -0.009726742282509804 0.03629999980330467
v -0.008030314929783344 -0.010555687360465527 0.03130055591464043
v -0.007697474677115679 -0.010353291407227516 0.034564364701509476
v -0.008253507316112518 -0.009900427423417568 0.03457285091280937
v -0.008470186032354832 -0.010166613385081291 0.031300198286771774
v -0.008030314929783344 -0.010555687360465527 0.03130055591464043
v -0.008253507316112518 -0.009900427423417568 0.03457285091280937
v -0.008584733121097088 -0.010065294802188873 0.03130010515451431
v -0.008470186032354832 -0.010166613385081291 0.031300198286771774
v -0.008253507316112518 -0.009900427423417568 0.03457285091280937
v -0.007697474677115679 -0.010353291407227516 0.034564364701509476
v -0.0073454068042337894 -0.010026858188211918 0.037936244159936905
v -0.008253507316112518 -0.009900427423417568 0.03457285091280937
v -0.006727148313075304 -0.010352649725973606 0.03789681941270828
v -0.005647909827530384 -0.010121049359440804 0.04120636731386185
v -0.006285019684582949 -0.009926934726536274 0.041271310299634933
v -0.0073454068042337894 -0.010026858188211918 0.037936244159936905
v -0.006727148313075304 -0.010352649725973606 0.03789681941270828
v -0.006285019684582949 -0.009926934726536274 0.041271310299634933
v -0.007697474677115679 -0.010353291407227516 0.034564364701509476
v -0.006727148313075304 -0.010352649725973606 0.03789681941270828
v -0.0073454068042337894 -0.010026858188211918 0.037936244159936905
v -0.004985304083675146 -0.010142008773982525 0.04140438511967659
v -0.001500000013038516 -0.010149355977773666 0.04140538349747658
v -0.004926369525492191 -0.010082406923174858 0.0418454147875309
v -0.005647909827530384 -0.010121049359440804 0.04120636731386185
v -0.004985304083675146 -0.010142008773982525 0.04140438511967659
v -0.004926369525492191 -0.010082406923174858 0.0418454147875309
v -0.005333350505679846 -0.010493994690477848 0.038799822330474854
v -0.005022812634706497 -0.010179941542446613 0.04112369567155838
v -0.005647909827530384 -0.010121049359440804 0.04120636731386185
v -0.005022812634706497 -0.010179941542446613 0.04112369567155838
v -0.004985304083675146 -0.010142008773982525 0.04140438511967659
v -0.005647909827530384 -0.010121049359440804 0.04120636731386185
v -0.006085066590458155 -0.010544348508119583 0.03784004971385002
v -0.005333350505679846 -0.010493994690477848 0.038799822330474854
v -0.005647909827530384 -0.010121049359440804 0.04120636731386185
v -0.006727148313075304 -0.010352649725973606 0.03789681941270828
v -0.006085066590458155 -0.010544348508119583 0.03784004971385002
v -0.005647909827530384 -0.010121049359440804 0.04120636731386185
v 0.007793000899255276 -0.01018041092902422 0.03629999980330467
v 0.00801154412329197 -0.010561822913587093 0.03130045533180237
v 0.007894816808402538 -0.010123138315975666 0.03629999980330467
v 0.00801154412329197 -0.010561822913587093 0.03130045533180237
v 0.008042753674089909 -0.010543939657509327 0.03130042925477028
v 0.007894816808402538 -0.010123138315975666 0.03629999980330467
v -0.005022812634706497 -0.010179941542446613 0.04112369567155838
v -0.001500000013038516 -0.010149355977773666 0.04140538349747658
v -0.004985304083675146 -0.010142008773982525 0.04140438511967659
v -0.005022812634706497 -0.010179941542446613 0.04112369567155838
v -0.001500000013038516 -0.0104339849203825 0.03929999843239784
v -0.001500000013038516 -0.010149355977773666 0.04140538349747658
v 0.009499999694526196 -0.010199999436736107 0.019598837941884995
v 0.009499999694526196 -0.010199999436736107 0.00954743754118681
v 0.009499998763203621 -0.010153336450457573 0.019622011110186577
v 0.008042753674089909 -0.010543939657509327 0.03130042925477028
v 0.008011630736291409 -0.010562635958194733 0.020400000736117363
v 0.0084725646302104 -0.010168512351810932 0.03130010887980461
v -0.005333350505679846 -0.010493994690477848 0.038799822330474854
v -0.001500000013038516 -0.0104339849203825 0.03929999843239784
v -0.005022812634706497 -0.010179941542446613 0.04112369567155838
v 0.0072763171046972275 -0.010471050627529621 0.03629999980330467
v 0.007420257665216923 -0.010900633409619331 0.03130098804831505
v 0.007793000899255276 -0.01018041092902422 0.03629999980330467
v 0.007420257665216923 -0.010900633409619331 0.03130098804831505
v 0.007912922650575638 -0.010618333704769611 0.03130054473876953
v 0.007793000899255276 -0.01018041092902422 0.03629999980330467
v 0.007912922650575638 -0.010618333704769611 0.03130054473876953
v 0.00801154412329197 -0.010561822913587093 0.03130045533180237
v 0.007793000899255276 -0.01018041092902422 0.03629999980330467
v -0.009499999694526196 -0.010199999436736107 0.00954743754118681
v -0.009470845572650433 -0.010439706966280937 0.01947847381234169
v -0.009499999694526196 -0.010199999436736107 0.019598837941884995
v 0.009472589939832687 -0.010432831011712551 0.019481034949421883
v 0.009499999694526196 -0.010199999436736107 0.00954743754118681
v 0.009499999694526196 -0.010199999436736107 0.019598837941884995
v -0.009419743902981281 -0.010379621759057045 0.009047647938132286
v -0.009483736008405685 -0.010379621759057045 0.00954743754118681
v -0.009499999694526196 -0.010199999436736107 0.00954743754118681
v -0.009435484185814857 -0.010199999436736107 0.009043550118803978
v -0.009419743902981281 -0.010379621759057045 0.009047647938132286
v -0.009499999694526196 -0.010199999436736107 0.00954743754118681
v -0.009483736008405685 -0.010379621759057045 0.00954743754118681
v -0.009470845572650433 -0.010439706966280937 0.01947847381234169
v -0.009499999694526196 -0.010199999436736107 0.00954743754118681
v 0.009483736008405685 -0.010379621759057045 0.00954743754118681
v 0.009435484185814857 -0.010199999436736107 0.009043550118803978
v 0.009499999694526196 -0.010199999436736107 0.00954743754118681
v 0.009472589939832687 -0.010432831011712551 0.019481034949421883
v 0.009483736008405685 -0.010379621759057045 0.00954743754118681
v 0.009499999694526196 -0.010199999436736107 0.00954743754118681
v -0.008961754851043224 -0.010199999436736107 0.007659499067813158
v -0.009419743902981281 -0.010379621759057045 0.009047647938132286
v -0.009435484185814857 -0.010199999436736107 0.009043550118803978
v 0.009483736008405685 -0.010379621759057045 0.00954743754118681
v 0.009419743902981281 -0.010379621759057045 0.009047647938132286
v 0.009435484185814857 -0.010199999436736107 0.009043550118803978
v 0.009419743902981281 -0.010379621759057045 0.009047647938132286
v 0.008961754851043224 -0.010199999436736107 0.007659499067813158
v 0.009435484185814857 -0.010199999436736107 0.009043550118803978
v -0.008781745098531246 -0.010199999436736107 0.007313696201890707
v -0.008944638073444366 -0.010392087511718273 0.0076668341644108295
v -0.008961754851043224 -0.010199999436736107 0.007659499067813158
v -0.008944638073444366 -0.010392087511718273 0.0076668341644108295
v -0.009419743902981281 -0.010379621759057045 0.009047647938132286
v -0.008961754851043224 -0.010199999436736107 0.007659499067813158
v 0.009419743902981281 -0.010379621759057045 0.009047647938132286
v 0.008944638073444366 -0.010392087511718273 0.0076668341644108295
v 0.008961754851043224 -0.010199999436736107 0.007659499067813158
v 0.008944638073444366 -0.010392087511718273 0.0076668341644108295
v 0.008781745098531246 -0.010199999436736107 0.007313696201890707
v 0.008961754851043224 -0.010199999436736107 0.007659499067813158
v -0.00827045552432537 -0.010392087511718273 0.006371717434376478
v -0.008944638073444366 -0.010392087511718273 0.0076668341644108295
v -0.008781745098531246 -0.010199999436736107 0.007313696201890707
v -0.008286282420158386 -0.010199999436736107 0.006361904088407755
v -0.00827045552432537 -0.010392087511718273 0.006371717434376478
v -0.008781745098531246 -0.010199999436736107 0.007313696201890707
v 0.008944638073444366 -0.010392087511718273 0.0076668341644108295
v 0.008286282420158386 -0.010199999436736107 0.006361904088407755
v 0.008781745098531246 -0.010199999436736107 0.007313696201890707
v -0.007410090882331133 -0.010392087511718273 0.005192046985030174
v -0.00827045552432537 -0.010392087511718273 0.006371717434376478
v -0.008286282420158386 -0.010199999436736107 0.006361904088407755
v -0.007653992623090744 -0.010199999436736107 0.005494954064488411
v -0.007410090882331133 -0.010392087511718273 0.005192046985030174
v -0.008286282420158386 -0.010199999436736107 0.006361904088407755
v 0.008944638073444366 -0.010392087511718273 0.0076668341644108295
v 0.00827045552432537 -0.010392087511718273 0.006371717434376478
v 0.008286282420158386 -0.010199999436736107 0.006361904088407755
v 0.00827045552432537 -0.010392087511718273 0.006371717434376478
v 0.007653992623090744 -0.010199999436736107 0.005494954064488411
v 0.008286282420158386 -0.010199999436736107 0.006361904088407755
v -0.007424270734190941 -0.010199999436736107 0.005179976113140583
v -0.007410090882331133 -0.010392087511718273 0.005192046985030174
v -0.007653992623090744 -0.010199999436736107 0.005494954064488411
v 0.007410090882331133 -0.010392087511718273 0.005192046985030174
v 0.007424270734190941 -0.010199999436736107 0.005179976113140583
v 0.007653992623090744 -0.010199999436736107 0.005494954064488411
v 0.00827045552432537 -0.010392087511718273 0.006371717434376478
v 0.007410090882331133 -0.010392087511718273 0.005192046985030174
v 0.007653992623090744 -0.010199999436736107 0.005494954064488411
v -0.0063951266929507256 -0.010199999436736107 0.004140322562307119
v -0.0063844588585197926 -0.010379621759057045 0.004152599256485701
v -0.007424270734190941 -0.010199999436736107 0.005179976113140583
v -0.0063844588585197926 -0.010379621759057045 0.004152599256485701
v -0.007410090882331133 -0.010392087511718273 0.005192046985030174
v -0.007424270734190941 -0.010199999436736107 0.005179976113140583
v 0.0063844588585197926 -0.010379621759057045 0.004152599256485701
v 0.0063951266929507256 -0.010199999436736107 0.004140322562307119
v 0.007424270734190941 -0.010199999436736107 0.005179976113140583
v 0.007410090882331133 -0.010392087511718273 0.005192046985030174
v 0.0063844588585197926 -0.010379621759057045 0.004152599256485701
v 0.007424270734190941 -0.010199999436736107 0.005179976113140583
v -0.005777841899544001 -0.010379621759057045 0.0037918216548860073
v -0.0063844588585197926 -0.010379621759057045 0.004152599256485701
v -0.0063951266929507256 -0.010199999436736107 0.004140322562307119
v -0.005783536471426487 -0.010199999436736107 0.0037765868473798037
v -0.005777841899544001 -0.010379621759057045 0.0037918216548860073
v -0.0063951266929507256 -0.010199999436736107 0.004140322562307119
v 0.0063844588585197926 -0.010379621759057045 0.004152599256485701
v 0.005783536471426487 -0.010199999436736107 0.0037765868473798037
v 0.0063951266929507256 -0.010199999436736107 0.004140322562307119
v -0.005083306226879358 -0.010199999436736107 0.003650000086054206
v -0.005083306226879358 -0.010379621759057045 0.0036662642378360033
v -0.005783536471426487 -0.010199999436736107 0.0037765868473798037
v -0.005083306226879358 -0.010379621759057045 0.0036662642378360033
v -0.005777841899544001 -0.010379621759057045 0.0037918216548860073
v -0.005783536471426487 -0.010199999436736107 0.0037765868473798037
v 0.005777841899544001 -0.010379621759057045 0.0037918216548860073
v 0.005083306226879358 -0.010199999436736107 0.003650000086054206
v 0.005783536471426487 -0.010199999436736107 0.0037765868473798037
v 0.0063844588585197926 -0.010379621759057045 0.004152599256485701
v 0.005777841899544001 -0.010379621759057045 0.0037918216548860073
v 0.005783536471426487 -0.010199999436736107 0.0037765868473798037
v 0.005083306226879358 -0.010199999436736107 0.003650000086054206
v -0.005083306226879358 -0.010379621759057045 0.0036662642378360033
v -0.005083306226879358 -0.010199999436736107 0.003650000086054206
v 0.005777841899544001 -0.010379621759057045 0.0037918216548860073
v 0.005083306226879358 -0.010379621759057045 0.0036662642378360033
v 0.005083306226879358 -0.010199999436736107 0.003650000086054206
v 0.005083306226879358 -0.010379621759057045 0.0036662642378360033
v -0.005083306226879358 -0.010379621759057045 0.0036662642378360033
v 0.005083306226879358 -0.010199999436736107 0.003650000086054206
v -0.0070754149928689 -0.010678538121283054 0.03453885763883591
v -0.006085066590458155 -0.010544348508119583 0.03784004971385002
v -0.006727148313075304 -0.010352649725973606 0.03789681941270828
v -0.007697474677115679 -0.010353291407227516 0.034564364701509476
v -0.0070754149928689 -0.010678538121283054 0.03453885763883591
v -0.006727148313075304 -0.010352649725973606 0.03789681941270828
v -0.00801354181021452 -0.010565307922661304 0.03130057454109192
v -0.007915983907878399 -0.010621264576911926 0.03130068629980087
v -0.007697474677115679 -0.010353291407227516 0.034564364701509476
v -0.007915983907878399 -0.010621264576911926 0.03130068629980087
v -0.007445119321346283 -0.010891343466937542 0.03130121901631355
v -0.007697474677115679 -0.010353291407227516 0.034564364701509476
v -0.007445119321346283 -0.010891343466937542 0.03130121901631355
v -0.0070754149928689 -0.010678538121283054 0.03453885763883591
v -0.007697474677115679 -0.010353291407227516 0.034564364701509476
v -0.008030314929783344 -0.010555687360465527 0.03130055591464043
v -0.00801354181021452 -0.010565307922661304 0.03130057454109192
v -0.007697474677115679 -0.010353291407227516 0.034564364701509476
v -0.009414996020495892 -0.010390987619757652 0.009048884734511375
v -0.009416000917553902 -0.010536537505686283 0.00954743754118681
v -0.009483736008405685 -0.010379621759057045 0.00954743754118681
v -0.009419743902981281 -0.010379621759057045 0.009047647938132286
v -0.009414996020495892 -0.010390987619757652 0.009048884734511375
v -0.009483736008405685 -0.010379621759057045 0.00954743754118681
v -0.009426293894648552 -0.010540900751948357 0.019446777179837227
v -0.009470845572650433 -0.010439706966280937 0.01947847381234169
v -0.009483736008405685 -0.010379621759057045 0.00954743754118681
v -0.009416000917553902 -0.010536537505686283 0.00954743754118681
v -0.009426293894648552 -0.010540900751948357 0.019446777179837227
v -0.009483736008405685 -0.010379621759057045 0.00954743754118681
v 0.009414996020495892 -0.010390987619757652 0.009048884734511375
v 0.009419743902981281 -0.010379621759057045 0.009047647938132286
v 0.009483736008405685 -0.010379621759057045 0.00954743754118681
v 0.009415161795914173 -0.01053848210722208 0.00954743754118681
v 0.009414996020495892 -0.010390987619757652 0.009048884734511375
v 0.009483736008405685 -0.010379621759057045 0.00954743754118681
v 0.00942762941122055 -0.010544023476541042 0.019443951547145844
v 0.009415161795914173 -0.01053848210722208 0.00954743754118681
v 0.009483736008405685 -0.010379621759057045 0.00954743754118681
v 0.009472589939832687 -0.010432831011712551 0.019481034949421883
v 0.00942762941122055 -0.010544023476541042 0.019443951547145844
v 0.009483736008405685 -0.010379621759057045 0.00954743754118681
v -0.008944638073444366 -0.010392087511718273 0.0076668341644108295
v -0.009414996020495892 -0.010390987619757652 0.009048884734511375
v -0.009419743902981281 -0.010379621759057045 0.009047647938132286
v 0.009414996020495892 -0.010390987619757652 0.009048884734511375
v 0.008944638073444366 -0.010392087511718273 0.0076668341644108295
v 0.009419743902981281 -0.010379621759057045 0.009047647938132286
v -0.005777841899544001 -0.010379621759057045 0.0037918216548860073
v -0.006381241139024496 -0.010390987619757652 0.004156302660703659
v -0.0063844588585197926 -0.010379621759057045 0.004152599256485701
v -0.006381241139024496 -0.010390987619757652 0.004156302660703659
v -0.007410090882331133 -0.010392087511718273 0.005192046985030174
v -0.0063844588585197926 -0.010379621759057045 0.004152599256485701
v 0.007410090882331133 -0.010392087511718273 0.005192046985030174
v 0.006381241139024496 -0.010390987619757652 0.004156302660703659
v 0.0063844588585197926 -0.010379621759057045 0.004152599256485701
v 0.006381241139024496 -0.010390987619757652 0.004156302660703659
v 0.005777841899544001 -0.010379621759057045 0.0037918216548860073
v 0.0063844588585197926 -0.010379621759057045 0.004152599256485701
v -0.005083306226879358 -0.010379621759057045 0.0036662642378360033
v -0.005083306226879358 -0.010572568513453007 0.0037495524156838655
v -0.005777841899544001 -0.010379621759057045 0.0037918216548860073
v -0.005083306226879358 -0.010572568513453007 0.0037495524156838655
v -0.005715413950383663 -0.010792693123221397 0.003958843648433685
v -0.005777841899544001 -0.010379621759057045 0.0037918216548860073
v -0.005715413950383663 -0.010792693123221397 0.003958843648433685
v -0.006381241139024496 -0.010390987619757652 0.004156302660703659
v -0.005777841899544001 -0.010379621759057045 0.0037918216548860073
v 0.005715413950383663 -0.010792693123221397 0.003958843648433685
v 0.005083306226879358 -0.010572568513453007 0.0037495524156838655
v 0.005777841899544001 -0.010379621759057045 0.0037918216548860073
v 0.005083306226879358 -0.010572568513453007 0.0037495524156838655
v 0.005083306226879358 -0.010379621759057045 0.0036662642378360033
v 0.005777841899544001 -0.010379621759057045 0.0037918216548860073
v 0.006381241139024496 -0.010390987619757652 0.004156302660703659
v 0.005715413950383663 -0.010792693123221397 0.003958843648433685
v 0.005777841899544001 -0.010379621759057045 0.0037918216548860073
v 0.005083306226879358 -0.010379621759057045 0.0036662642378360033
v -0.005083306226879358 -0.010572568513453007 0.0037495524156838655
v -0.005083306226879358 -0.010379621759057045 0.0036662642378360033
v 0.005083306226879358 -0.010572568513453007 0.0037495524156838655
v -0.005083306226879358 -0.010572568513453007 0.0037495524156838655
v 0.005083306226879358 -0.010379621759057045 0.0036662642378360033
v -0.008944638073444366 -0.010392087511718273 0.0076668341644108295
v -0.008775360882282257 -0.010803700424730778 0.007739377208054066
v -0.009414996020495892 -0.010390987619757652 0.009048884734511375
v -0.008775360882282257 -0.010803700424730778 0.007739377208054066
v -0.009247188456356525 -0.010792693123221397 0.009092572145164013
v -0.009414996020495892 -0.010390987619757652 0.009048884734511375
v -0.009247188456356525 -0.010792693123221397 0.009092572145164013
v -0.009416000917553902 -0.010536537505686283 0.00954743754118681
v -0.009414996020495892 -0.010390987619757652 0.009048884734511375
v 0.009415161795914173 -0.01053848210722208 0.00954743754118681
v 0.009247188456356525 -0.010792693123221397 0.009092572145164013
v 0.009414996020495892 -0.010390987619757652 0.009048884734511375
v 0.009247188456356525 -0.010792693123221397 0.009092572145164013
v 0.008944638073444366 -0.010392087511718273 0.0076668341644108295
v 0.009414996020495892 -0.010390987619757652 0.009048884734511375
v -0.005715413950383663 -0.010792693123221397 0.003958843648433685
v -0.00626750523224473 -0.010792693123221397 0.004287193063646555
v -0.006381241139024496 -0.010390987619757652 0.004156302660703659
v -0.00626750523224473 -0.010792693123221397 0.004287193063646555
v -0.007410090882331133 -0.010392087511718273 0.005192046985030174
v -0.006381241139024496 -0.010390987619757652 0.004156302660703659
v 0.007410090882331133 -0.010392087511718273 0.005192046985030174
v 0.007269854657351971 -0.010803700424730778 0.005311425309628248
v 0.006381241139024496 -0.010390987619757652 0.004156302660703659
v 0.007269854657351971 -0.010803700424730778 0.005311425309628248
v 0.00626750523224473 -0.010792693123221397 0.004287193063646555
v 0.006381241139024496 -0.010390987619757652 0.004156302660703659
v 0.00626750523224473 -0.010792693123221397 0.004287193063646555
v 0.005715413950383663 -0.010792693123221397 0.003958843648433685
v 0.006381241139024496 -0.010390987619757652 0.004156302660703659
v -0.008113937452435493 -0.010803700424730778 0.006468770559877157
v -0.008775360882282257 -0.010803700424730778 0.007739377208054066
v -0.008944638073444366 -0.010392087511718273 0.0076668341644108295
v -0.00827045552432537 -0.010392087511718273 0.006371717434376478
v -0.008113937452435493 -0.010803700424730778 0.006468770559877157
v -0.008944638073444366 -0.010392087511718273 0.0076668341644108295
v 0.009247188456356525 -0.010792693123221397 0.009092572145164013
v 0.008775360882282257 -0.010803700424730778 0.007739377208054066
v 0.008944638073444366 -0.010392087511718273 0.0076668341644108295
v 0.008775360882282257 -0.010803700424730778 0.007739377208054066
v 0.00827045552432537 -0.010392087511718273 0.006371717434376478
v 0.008944638073444366 -0.010392087511718273 0.0076668341644108295
v -0.007269854657351971 -0.010803700424730778 0.005311425309628248
v -0.008113937452435493 -0.010803700424730778 0.006468770559877157
v -0.00827045552432537 -0.010392087511718273 0.006371717434376478
v -0.007410090882331133 -0.010392087511718273 0.005192046985030174
v -0.007269854657351971 -0.010803700424730778 0.005311425309628248
v -0.00827045552432537 -0.010392087511718273 0.006371717434376478
v 0.008775360882282257 -0.010803700424730778 0.007739377208054066
v 0.008113937452435493 -0.010803700424730778 0.006468770559877157
v 0.00827045552432537 -0.010392087511718273 0.006371717434376478
v 0.008113937452435493 -0.010803700424730778 0.006468770559877157
v 0.007410090882331133 -0.010392087511718273 0.005192046985030174
v 0.00827045552432537 -0.010392087511718273 0.006371717434376478
v -0.00626750523224473 -0.010792693123221397 0.004287193063646555
v -0.007269854657351971 -0.010803700424730778 0.005311425309628248
v -0.007410090882331133 -0.010392087511718273 0.005192046985030174
v 0.008113937452435493 -0.010803700424730778 0.006468770559877157
v 0.007269854657351971 -0.010803700424730778 0.005311425309628248
v 0.007410090882331133 -0.010392087511718273 0.005192046985030174
v -0.005333350505679846 -0.010493994690477848 0.038799822330474854
v -0.0014976238599047065 -0.010448591783642769 0.039180248975753784
v -0.001500000013038516 -0.0104339849203825 0.03929999843239784
v -0.009426293894648552 -0.010540900751948357 0.019446777179837227
v -0.008011630736291409 -0.010562635958194733 0.020400000736117363
v -0.009470845572650433 -0.010439706966280937 0.01947847381234169
v -0.005333350505679846 -0.010493994690477848 0.038799822330474854
v -0.0014073371421545744 -0.010521858930587769 0.038560058921575546
v -0.0014976238599047065 -0.010448591783642769 0.039180248975753784
v 0.0071697356179356575 -0.01050490327179432 0.03629999980330467
v 0.007289720233529806 -0.010942729189991951 0.03130092844367027
v 0.0072763171046972275 -0.010471050627529621 0.03629999980330467
v 0.007289720233529806 -0.010942729189991951 0.03130092844367027
v 0.007420257665216923 -0.010900633409619331 0.03130098804831505
v 0.0072763171046972275 -0.010471050627529621 0.03629999980330467
v -0.005447640549391508 -0.010600540786981583 0.03776935115456581
v -0.0014073371421545744 -0.010521858930587769 0.038560058921575546
v -0.005333350505679846 -0.010493994690477848 0.038799822330474854
v -0.006085066590458155 -0.010544348508119583 0.03784004971385002
v -0.005447640549391508 -0.010600540786981583 0.03776935115456581
v -0.005333350505679846 -0.010493994690477848 0.038799822330474854
v 0.00659510912373662 -0.010687415488064289 0.03629999980330467
v 0.006919132545590401 -0.011062235571444035 0.03130074962973595
v 0.0071697356179356575 -0.01050490327179432 0.03629999980330467
v 0.006919132545590401 -0.011062235571444035 0.03130074962973595
v 0.007289720233529806 -0.010942729189991951 0.03130092844367027
v 0.0071697356179356575 -0.01050490327179432 0.03629999980330467
v -0.005447640549391508 -0.010600540786981583 0.03776935115456581
v -0.0012975874124094844 -0.010554609820246696 0.038268037140369415
v -0.0014073371421545744 -0.010521858930587769 0.038560058921575546
v -0.009247188456356525 -0.010792693123221397 0.009092572145164013
v -0.00930542778223753 -0.010792693123221397 0.00954743754118681
v -0.009416000917553902 -0.010536537505686283 0.00954743754118681
v -0.00933239609003067 -0.010754181072115898 0.019379975274205208
v -0.009426293894648552 -0.010540900751948357 0.019446777179837227
v -0.009416000917553902 -0.010536537505686283 0.00954743754118681
v -0.00930542778223753 -0.010792693123221397 0.00954743754118681
v -0.00933239609003067 -0.010754181072115898 0.019379975274205208
v -0.009416000917553902 -0.010536537505686283 0.00954743754118681
v 0.00930542778223753 -0.010792693123221397 0.00954743754118681
v 0.009247188456356525 -0.010792693123221397 0.009092572145164013
v 0.009415161795914173 -0.01053848210722208 0.00954743754118681
v 0.009361086413264275 -0.010708589106798172 0.019389066845178604
v 0.00930542778223753 -0.010792693123221397 0.00954743754118681
v 0.009415161795914173 -0.01053848210722208 0.00954743754118681
v 0.00942762941122055 -0.010544023476541042 0.019443951547145844
v 0.009361086413264275 -0.010708589106798172 0.019389066845178604
v 0.009415161795914173 -0.01053848210722208 0.00954743754118681
v -0.00933239609003067 -0.010754181072115898 0.019379975274205208
v -0.009196868166327477 -0.010897419415414333 0.01937565952539444
v -0.009426293894648552 -0.010540900751948357 0.019446777179837227
v -0.009196868166327477 -0.010897419415414333 0.01937565952539444
v -0.008011630736291409 -0.010562635958194733 0.020400000736117363
v -0.009426293894648552 -0.010540900751948357 0.019446777179837227
v 0.00801154412329197 -0.010561822913587093 0.03130045533180237
v 0.008011630736291409 -0.010562635958194733 0.020400000736117363
v 0.008042753674089909 -0.010543939657509327 0.03130042925477028
v -0.005708110518753529 -0.010843362659215927 0.03542088717222214
v -0.005447640549391508 -0.010600540786981583 0.03776935115456581
v -0.006085066590458155 -0.010544348508119583 0.03784004971385002
v -0.0064292242750525475 -0.010868392884731293 0.03449929133057594
v -0.005708110518753529 -0.010843362659215927 0.03542088717222214
v -0.006085066590458155 -0.010544348508119583 0.03784004971385002
v -0.0070754149928689 -0.010678538121283054 0.03453885763883591
v -0.0064292242750525475 -0.010868392884731293 0.03449929133057594
v -0.006085066590458155 -0.010544348508119583 0.03784004971385002
v -0.005708110518753529 -0.010843362659215927 0.03542088717222214
v -0.0011749970726668835 -0.010591194033622742 0.03794184699654579
v -0.0012975874124094844 -0.010554609820246696 0.038268037140369415
v -0.005447640549391508 -0.010600540786981583 0.03776935115456581
v -0.005708110518753529 -0.010843362659215927 0.03542088717222214
v -0.0012975874124094844 -0.010554609820246696 0.038268037140369415
v 0.00800657644867897 -0.010567690245807171 0.020400000736117363
v 0.008011630736291409 -0.010562635958194733 0.020400000736117363
v 0.00801154412329197 -0.010561822913587093 0.03130045533180237
v 0.007912922650575638 -0.010618333704769611 0.03130054473876953
v 0.00800657644867897 -0.010567690245807171 0.020400000736117363
v 0.00801154412329197 -0.010561822913587093 0.03130045533180237
v -0.008500000461935997 -0.01119999960064888 0.019598837941884995
v -0.00800657644867897 -0.010567690245807171 0.020400000736117363
v -0.008011630736291409 -0.010562635958194733 0.020400000736117363
v -0.008842560462653637 -0.0111311636865139 0.01944303885102272
v -0.008500000461935997 -0.01119999960064888 0.019598837941884995
v -0.008011630736291409 -0.010562635958194733 0.020400000736117363
v -0.00909934751689434 -0.011000488884747028 0.019372552633285522
v -0.008842560462653637 -0.0111311636865139 0.01944303885102272
v -0.008011630736291409 -0.010562635958194733 0.020400000736117363
v -0.009196868166327477 -0.010897419415414333 0.01937565952539444
v -0.00909934751689434 -0.011000488884747028 0.019372552633285522
v -0.008011630736291409 -0.010562635958194733 0.020400000736117363
v -0.00800657644867897 -0.010567690245807171 0.020400000736117363
v -0.007915983907878399 -0.010621264576911926 0.03130068629980087
v -0.008011630736291409 -0.010562635958194733 0.020400000736117363
v -0.007915983907878399 -0.010621264576911926 0.03130068629980087
v -0.00801354181021452 -0.010565307922661304 0.03130057454109192
v -0.008011630736291409 -0.010562635958194733 0.020400000736117363
v 0.00800657644867897 -0.010567690245807171 0.020400000736117363
v 0.008453295566141605 -0.01119999960064888 0.019622065126895905
v 0.008011630736291409 -0.010562635958194733 0.020400000736117363
v 0.008453295566141605 -0.01119999960064888 0.019622065126895905
v 0.008499999530613422 -0.01119999960064888 0.019598837941884995
v 0.008011630736291409 -0.010562635958194733 0.020400000736117363
v -0.008500000461935997 -0.01119999960064888 0.019598837941884995
v -0.008449509739875793 -0.01119999960064888 0.019627580419182777
v -0.00800657644867897 -0.010567690245807171 0.020400000736117363
v -0.008449509739875793 -0.01119999960064888 0.019627580419182777
v -0.008350573480129242 -0.01119999960064888 0.019683904945850372
v -0.00800657644867897 -0.010567690245807171 0.020400000736117363
v -0.008350573480129242 -0.01119999960064888 0.019683904945850372
v -0.007444850169122219 -0.01119999960064888 0.020113470032811165
v -0.00800657644867897 -0.010567690245807171 0.020400000736117363
v -0.007444850169122219 -0.01119999960064888 0.020113470032811165
v -0.006921985186636448 -0.01107257790863514 0.020400000736117363
v -0.00800657644867897 -0.010567690245807171 0.020400000736117363
v -0.006921985186636448 -0.01107257790863514 0.020400000736117363
v -0.007445119321346283 -0.010891343466937542 0.03130121901631355
v -0.00800657644867897 -0.010567690245807171 0.020400000736117363
v -0.007445119321346283 -0.010891343466937542 0.03130121901631355
v -0.007915983907878399 -0.010621264576911926 0.03130068629980087
v -0.00800657644867897 -0.010567690245807171 0.020400000736117363
v 0.007542360108345747 -0.01119999960064888 0.020075123757123947
v 0.008453295566141605 -0.01119999960064888 0.019622065126895905
v 0.00800657644867897 -0.010567690245807171 0.020400000736117363
v 0.006937360391020775 -0.01119999960064888 0.020266400650143623
v 0.007542360108345747 -0.01119999960064888 0.020075123757123947
v 0.00800657644867897 -0.010567690245807171 0.020400000736117363
v 0.006921985186636448 -0.01107257790863514 0.020400000736117363
v 0.006937360391020775 -0.01119999960064888 0.020266400650143623
v 0.00800657644867897 -0.010567690245807171 0.020400000736117363
v 0.007912922650575638 -0.010618333704769611 0.03130054473876953
v 0.007420257665216923 -0.010900633409619331 0.03130098804831505
v 0.00800657644867897 -0.010567690245807171 0.020400000736117363
v 0.007420257665216923 -0.010900633409619331 0.03130098804831505
v 0.006921985186636448 -0.01107257790863514 0.020400000736117363
v 0.00800657644867897 -0.010567690245807171 0.020400000736117363
v 0.005083306226879358 -0.010572568513453007 0.0037495524156838655
v -0.005083306226879358 -0.010792693123221397 0.0038445719983428717
v -0.005083306226879358 -0.010572568513453007 0.0037495524156838655
v -0.005083306226879358 -0.010792693123221397 0.0038445719983428717
v -0.005715413950383663 -0.010792693123221397 0.003958843648433685
v -0.005083306226879358 -0.010572568513453007 0.0037495524156838655
v 0.005715413950383663 -0.010792693123221397 0.003958843648433685
v 0.005083306226879358 -0.010792693123221397 0.0038445719983428717
v 0.005083306226879358 -0.010572568513453007 0.0037495524156838655
v 0.005083306226879358 -0.010792693123221397 0.0038445719983428717
v -0.005083306226879358 -0.010792693123221397 0.0038445719983428717
v 0.005083306226879358 -0.010572568513453007 0.0037495524156838655
v -0.005708110518753529 -0.010843362659215927 0.03542088717222214
v -0.0008143121958710253 -0.010650158859789371 0.03739102929830551
v -0.0011749970726668835 -0.010591194033622742 0.03794184699654579
v -0.005717043299227953 -0.010853402316570282 0.035305511206388474
v -0.0006088701775297523 -0.010670722462236881 0.03719149902462959
v -0.0008143121958710253 -0.010650158859789371 0.03739102929830551
v -0.005708110518753529 -0.010843362659215927 0.03542088717222214
v -0.005717043299227953 -0.010853402316570282 0.035305511206388474
v -0.0008143121958710253 -0.010650158859789371 0.03739102929830551
v -0.005717043299227953 -0.010853402316570282 0.035305511206388474
v -0.00034061717451550066 -0.010697572492063046 0.03693096712231636
v -0.0006088701775297523 -0.010670722462236881 0.03719149902462959
v -0.006756776012480259 -0.011119221337139606 0.03130089491605759
v -0.0064292242750525475 -0.010868392884731293 0.03449929133057594
v -0.0070754149928689 -0.010678538121283054 0.03453885763883591
v -0.006919992156326771 -0.011065187864005566 0.031300973147153854
v -0.006756776012480259 -0.011119221337139606 0.03130089491605759
v -0.0070754149928689 -0.010678538121283054 0.03453885763883591
v -0.007445119321346283 -0.010891343466937542 0.03130121901631355
v -0.007292003370821476 -0.010942032560706139 0.031301144510507584
v -0.0070754149928689 -0.010678538121283054 0.03453885763883591
v -0.007292003370821476 -0.010942032560706139 0.031301144510507584
v -0.006919992156326771 -0.011065187864005566 0.031300973147153854
v -0.0070754149928689 -0.010678538121283054 0.03453885763883591
v 0.006521914154291153 -0.01069493219256401 0.03629999980330467
v 0.006642160937190056 -0.01113409735262394 0.031300581991672516
v 0.00659510912373662 -0.010687415488064289 0.03629999980330467
v 0.006642160937190056 -0.01113409735262394 0.031300581991672516
v 0.006721749436110258 -0.01112588681280613 0.03130065277218819
v 0.00659510912373662 -0.010687415488064289 0.03629999980330467
v 0.006721749436110258 -0.01112588681280613 0.03130065277218819
v 0.006919132545590401 -0.011062235571444035 0.03130074962973595
v 0.00659510912373662 -0.010687415488064289 0.03629999980330467
v 0.005886675324290991 -0.010760169476270676 0.03629999980330467
v 0.005909899715334177 -0.010847695171833038 0.03530500829219818
v 0.006521914154291153 -0.01069493219256401 0.03629999980330467
v 0.005909899715334177 -0.010847695171833038 0.03530500829219818
v 0.006642160937190056 -0.01113409735262394 0.031300581991672516
v 0.006521914154291153 -0.01069493219256401 0.03629999980330467
v -0.005717043299227953 -0.010853402316570282 0.035305511206388474
v 0.00021997856674715877 -0.010732049122452736 0.036586761474609375
v -0.00034061717451550066 -0.010697572492063046 0.03693096712231636
v 0.009195601567626 -0.01090348232537508 0.019372813403606415
v 0.00930542778223753 -0.010792693123221397 0.00954743754118681
v 0.009361086413264275 -0.010708589106798172 0.019389066845178604
v -0.005717043299227953 -0.010853402316570282 0.035305511206388474
v 0.00046730274334549904 -0.010740388184785843 0.036501917988061905
v 0.00021997856674715877 -0.010732049122452736 0.036586761474609375
v -0.005717043299227953 -0.010853402316570282 0.035305511206388474
v 0.0008448539883829653 -0.010753119364380836 0.03637240082025528
v 0.00046730274334549904 -0.010740388184785843 0.036501917988061905
v -0.005717043299227953 -0.010853402316570282 0.035305511206388474
v 0.001500000013038516 -0.010760169476270676 0.03629999980330467
v 0.0008448539883829653 -0.010753119364380836 0.03637240082025528
v -0.00930542778223753 -0.010792693123221397 0.00954743754118681
v -0.009196868166327477 -0.010897419415414333 0.01937565952539444
v -0.00933239609003067 -0.010754181072115898 0.019379975274205208
v 0.005909899715334177 -0.010847695171833038 0.03530500829219818
v 0.005886675324290991 -0.010760169476270676 0.03629999980330467
v 0.001500000013038516 -0.010760169476270676 0.03629999980330467
v -0.005717043299227953 -0.010853402316570282 0.035305511206388474
v 0.005909899715334177 -0.010847695171833038 0.03530500829219818
v 0.001500000013038516 -0.010760169476270676 0.03629999980330467
v -0.009247188456356525 -0.010792693123221397 0.009092572145164013
v -0.009191736578941345 -0.010888953693211079 0.00954743754118681
v -0.00930542778223753 -0.010792693123221397 0.00954743754118681
v -0.009191736578941345 -0.010888953693211079 0.00954743754118681
v -0.009196868166327477 -0.010897419415414333 0.01937565952539444
v -0.00930542778223753 -0.010792693123221397 0.00954743754118681
v 0.00918815191835165 -0.01089198887348175 0.00954743754118681
v 0.009247188456356525 -0.010792693123221397 0.009092572145164013
v 0.00930542778223753 -0.010792693123221397 0.00954743754118681
v 0.009195601567626 -0.01090348232537508 0.019372813403606415
v 0.00918815191835165 -0.01089198887348175 0.00954743754118681
v 0.00930542778223753 -0.010792693123221397 0.00954743754118681
v -0.008775360882282257 -0.010803700424730778 0.007739377208054066
v -0.008446555584669113 -0.011098249815404415 0.007880284450948238
v -0.009247188456356525 -0.010792693123221397 0.009092572145164013
v -0.008446555584669113 -0.011098249815404415 0.007880284450948238
v -0.008904923684895039 -0.011092142201960087 0.009181677363812923
v -0.009247188456356525 -0.010792693123221397 0.009092572145164013
v -0.008904923684895039 -0.011092142201960087 0.009181677363812923
v -0.009191736578941345 -0.010888953693211079 0.00954743754118681
v -0.009247188456356525 -0.010792693123221397 0.009092572145164013
v 0.00918815191835165 -0.01089198887348175 0.00954743754118681
v 0.008904923684895039 -0.011092142201960087 0.009181677363812923
v 0.009247188456356525 -0.010792693123221397 0.009092572145164013
v 0.008904923684895039 -0.011092142201960087 0.009181677363812923
v 0.008775360882282257 -0.010803700424730778 0.007739377208054066
v 0.009247188456356525 -0.010792693123221397 0.009092572145164013
v -0.005715413950383663 -0.010792693123221397 0.003958843648433685
v -0.005591587163507938 -0.011092142201960087 0.004290131852030754
v -0.00626750523224473 -0.010792693123221397 0.004287193063646555
v -0.005591587163507938 -0.011092142201960087 0.004290131852030754
v -0.006035527214407921 -0.011092142201960087 0.004554159473627806
v -0.00626750523224473 -0.010792693123221397 0.004287193063646555
v -0.006035527214407921 -0.011092142201960087 0.004554159473627806
v -0.007269854657351971 -0.010803700424730778 0.005311425309628248
v -0.00626750523224473 -0.010792693123221397 0.004287193063646555
v 0.007269854657351971 -0.010803700424730778 0.005311425309628248
v 0.006997459568083286 -0.011098249815404415 0.00554330600425601
v 0.00626750523224473 -0.010792693123221397 0.004287193063646555
v 0.006997459568083286 -0.011098249815404415 0.00554330600425601
v 0.006035527214407921 -0.011092142201960087 0.004554159473627806
v 0.00626750523224473 -0.010792693123221397 0.004287193063646555
v 0.006035527214407921 -0.011092142201960087 0.004554159473627806
v 0.005715413950383663 -0.010792693123221397 0.003958843648433685
v 0.00626750523224473 -0.010792693123221397 0.004287193063646555
v -0.005083306226879358 -0.010792693123221397 0.0038445719983428717
v -0.005083306226879358 -0.010888953693211079 0.0039582629688084126
v -0.005715413950383663 -0.010792693123221397 0.003958843648433685
v -0.005083306226879358 -0.010888953693211079 0.0039582629688084126
v -0.005591587163507938 -0.011092142201960087 0.004290131852030754
v -0.005715413950383663 -0.010792693123221397 0.003958843648433685
v 0.006035527214407921 -0.011092142201960087 0.004554159473627806
v 0.005591587163507938 -0.011092142201960087 0.004290131852030754
v 0.005715413950383663 -0.010792693123221397 0.003958843648433685
v 0.005591587163507938 -0.011092142201960087 0.004290131852030754
v 0.005083306226879358 -0.010888953693211079 0.0039582629688084126
v 0.005715413950383663 -0.010792693123221397 0.003958843648433685
v 0.005083306226879358 -0.010888953693211079 0.0039582629688084126
v 0.005083306226879358 -0.010792693123221397 0.0038445719983428717
v 0.005715413950383663 -0.010792693123221397 0.003958843648433685
v 0.005083306226879358 -0.010792693123221397 0.0038445719983428717
v -0.005083306226879358 -0.010888953693211079 0.0039582629688084126
v -0.005083306226879358 -0.010792693123221397 0.0038445719983428717
v 0.005083306226879358 -0.010888953693211079 0.0039582629688084126
v -0.005083306226879358 -0.010888953693211079 0.0039582629688084126
v 0.005083306226879358 -0.010792693123221397 0.0038445719983428717
v -0.007809914648532867 -0.011098249815404415 0.0066572860814630985
v -0.008446555584669113 -0.011098249815404415 0.007880284450948238
v -0.008775360882282257 -0.010803700424730778 0.007739377208054066
v -0.008113937452435493 -0.010803700424730778 0.006468770559877157
v -0.007809914648532867 -0.011098249815404415 0.0066572860814630985
v -0.008775360882282257 -0.010803700424730778 0.007739377208054066
v 0.008904923684895039 -0.011092142201960087 0.009181677363812923
v 0.008446555584669113 -0.011098249815404415 0.007880284450948238
v 0.008775360882282257 -0.010803700424730778 0.007739377208054066
v 0.008446555584669113 -0.011098249815404415 0.007880284450948238
v 0.008113937452435493 -0.010803700424730778 0.006468770559877157
v 0.008775360882282257 -0.010803700424730778 0.007739377208054066
v -0.006997459568083286 -0.011098249815404415 0.00554330600425601
v -0.007809914648532867 -0.011098249815404415 0.0066572860814630985
v -0.008113937452435493 -0.010803700424730778 0.006468770559877157
v -0.007269854657351971 -0.010803700424730778 0.005311425309628248
v -0.006997459568083286 -0.011098249815404415 0.00554330600425601
v -0.008113937452435493 -0.010803700424730778 0.006468770559877157
v 0.008446555584669113 -0.011098249815404415 0.007880284450948238
v 0.007809914648532867 -0.011098249815404415 0.0066572860814630985
v 0.008113937452435493 -0.010803700424730778 0.006468770559877157
v 0.007809914648532867 -0.011098249815404415 0.0066572860814630985
v 0.007269854657351971 -0.010803700424730778 0.005311425309628248
v 0.008113937452435493 -0.010803700424730778 0.006468770559877157
v -0.006035527214407921 -0.011092142201960087 0.004554159473627806
v -0.006997459568083286 -0.011098249815404415 0.00554330600425601
v -0.007269854657351971 -0.010803700424730778 0.005311425309628248
v 0.007809914648532867 -0.011098249815404415 0.0066572860814630985
v 0.006997459568083286 -0.011098249815404415 0.00554330600425601
v 0.007269854657351971 -0.010803700424730778 0.005311425309628248
v -0.0064292242750525475 -0.010868392884731293 0.03449929133057594
v -0.005717043299227953 -0.010853402316570282 0.035305511206388474
v -0.005708110518753529 -0.010843362659215927 0.03542088717222214
v -0.005963335745036602 -0.011130210012197495 0.03212441876530647
v 0.006003380753099918 -0.01119999960064888 0.031300000846385956
v 0.005909899715334177 -0.010847695171833038 0.03530500829219818
v -0.005783404689282179 -0.010927985422313213 0.03444839268922806
v -0.005963335745036602 -0.011130210012197495 0.03212441876530647
v 0.005909899715334177 -0.010847695171833038 0.03530500829219818
v -0.005717043299227953 -0.010853402316570282 0.035305511206388474
v -0.005783404689282179 -0.010927985422313213 0.03444839268922806
v 0.005909899715334177 -0.010847695171833038 0.03530500829219818
v 0.006003380753099918 -0.01119999960064888 0.031300000846385956
v 0.006642160937190056 -0.01113409735262394 0.031300581991672516
v 0.005909899715334177 -0.010847695171833038 0.03530500829219818
v -0.0064292242750525475 -0.010868392884731293 0.03449929133057594
v -0.005783404689282179 -0.010927985422313213 0.03444839268922806
v -0.005717043299227953 -0.010853402316570282 0.035305511206388474
v -0.006756776012480259 -0.011119221337139606 0.03130089491605759
v -0.006645092274993658 -0.01113122422248125 0.03130076453089714
v -0.0064292242750525475 -0.010868392884731293 0.03449929133057594
v -0.006645092274993658 -0.01113122422248125 0.03130076453089714
v -0.005963335745036602 -0.011130210012197495 0.03212441876530647
v -0.0064292242750525475 -0.010868392884731293 0.03449929133057594
v -0.005963335745036602 -0.011130210012197495 0.03212441876530647
v -0.005783404689282179 -0.010927985422313213 0.03444839268922806
v -0.0064292242750525475 -0.010868392884731293 0.03449929133057594
v -0.008904923684895039 -0.011092142201960087 0.009181677363812923
v -0.008951754309237003 -0.011092142201960087 0.00954743754118681
v -0.009191736578941345 -0.010888953693211079 0.00954743754118681
v -0.008951754309237003 -0.011092142201960087 0.00954743754118681
v -0.009196868166327477 -0.010897419415414333 0.01937565952539444
v -0.009191736578941345 -0.010888953693211079 0.00954743754118681
v 0.005083306226879358 -0.010888953693211079 0.0039582629688084126
v -0.005083306226879358 -0.011092142201960087 0.0041982452385127544
v -0.005083306226879358 -0.010888953693211079 0.0039582629688084126
v -0.005083306226879358 -0.011092142201960087 0.0041982452385127544
v -0.005591587163507938 -0.011092142201960087 0.004290131852030754
v -0.005083306226879358 -0.010888953693211079 0.0039582629688084126
v 0.005591587163507938 -0.011092142201960087 0.004290131852030754
v 0.005083306226879358 -0.011092142201960087 0.0041982452385127544
v 0.005083306226879358 -0.010888953693211079 0.0039582629688084126
v 0.005083306226879358 -0.011092142201960087 0.0041982452385127544
v -0.005083306226879358 -0.011092142201960087 0.0041982452385127544
v 0.005083306226879358 -0.010888953693211079 0.0039582629688084126
v -0.006921985186636448 -0.01107257790863514 0.020400000736117363
v -0.007292003370821476 -0.010942032560706139 0.031301144510507584
v -0.007445119321346283 -0.010891343466937542 0.03130121901631355
v 0.008951754309237003 -0.011092142201960087 0.00954743754118681
v 0.008904923684895039 -0.011092142201960087 0.009181677363812923
v 0.00918815191835165 -0.01089198887348175 0.00954743754118681
v 0.009195601567626 -0.01090348232537508 0.019372813403606415
v 0.008951754309237003 -0.011092142201960087 0.00954743754118681
v 0.00918815191835165 -0.01089198887348175 0.00954743754118681
v -0.008951754309237003 -0.011092142201960087 0.00954743754118681
v -0.00909934751689434 -0.011000488884747028 0.019372552633285522
v -0.009196868166327477 -0.010897419415414333 0.01937565952539444
v 0.007289720233529806 -0.010942729189991951 0.03130092844367027
v 0.006921985186636448 -0.01107257790863514 0.020400000736117363
v 0.007420257665216923 -0.010900633409619331 0.03130098804831505
v 0.009141596965491772 -0.010967083275318146 0.019367510452866554
v 0.008951754309237003 -0.011092142201960087 0.00954743754118681
v 0.009195601567626 -0.01090348232537508 0.019372813403606415
v 0.008845105767250061 -0.011138567700982094 0.019436998292803764
v 0.009141596965491772 -0.010967083275318146 0.019367510452866554
v 0.009195601567626 -0.01090348232537508 0.019372813403606415
v -0.006921985186636448 -0.01107257790863514 0.020400000736117363
v -0.006919992156326771 -0.011065187864005566 0.031300973147153854
v -0.007292003370821476 -0.010942032560706139 0.031301144510507584
v 0.006919132545590401 -0.011062235571444035 0.03130074962973595
v 0.006921985186636448 -0.01107257790863514 0.020400000736117363
v 0.007289720233529806 -0.010942729189991951 0.03130092844367027
v 0.008834355510771275 -0.011120171286165714 0.00954743754118681
v 0.008951754309237003 -0.011092142201960087 0.00954743754118681
v 0.009141596965491772 -0.010967083275318146 0.019367510452866554
v 0.008845105767250061 -0.011138567700982094 0.019436998292803764
v 0.008834355510771275 -0.011120171286165714 0.00954743754118681
v 0.009141596965491772 -0.010967083275318146 0.019367510452866554
v -0.008951754309237003 -0.011092142201960087 0.00954743754118681
v -0.008841412141919136 -0.011118486523628235 0.00954743754118681
v -0.00909934751689434 -0.011000488884747028 0.019372552633285522
v -0.008841412141919136 -0.011118486523628235 0.00954743754118681
v -0.008842560462653637 -0.0111311636865139 0.01944303885102272
v -0.00909934751689434 -0.011000488884747028 0.019372552633285522
v 0.006721749436110258 -0.01112588681280613 0.03130065277218819
v 0.006921985186636448 -0.01107257790863514 0.020400000736117363
v 0.006919132545590401 -0.011062235571444035 0.03130074962973595
v -0.006921985186636448 -0.01107257790863514 0.020400000736117363
v -0.006756776012480259 -0.011119221337139606 0.03130089491605759
v -0.006919992156326771 -0.011065187864005566 0.031300973147153854
v -0.007444850169122219 -0.01119999960064888 0.020113470032811165
v -0.00693860650062561 -0.01119999960064888 0.020262090489268303
v -0.006921985186636448 -0.01107257790863514 0.020400000736117363
v -0.00693860650062561 -0.01119999960064888 0.020262090489268303
v -0.006902538239955902 -0.011081630364060402 0.020400000736117363
v -0.006921985186636448 -0.01107257790863514 0.020400000736117363
v -0.006902538239955902 -0.011081630364060402 0.020400000736117363
v -0.006756776012480259 -0.011119221337139606 0.03130089491605759
v -0.006921985186636448 -0.01107257790863514 0.020400000736117363
v 0.006902538239955902 -0.011081630364060402 0.020400000736117363
v 0.006937360391020775 -0.01119999960064888 0.020266400650143623
v 0.006921985186636448 -0.01107257790863514 0.020400000736117363
v 0.006721749436110258 -0.01112588681280613 0.03130065277218819
v 0.006902538239955902 -0.011081630364060402 0.020400000736117363
v 0.006921985186636448 -0.01107257790863514 0.020400000736117363
v -0.00693860650062561 -0.01119999960064888 0.020262090489268303
v -0.006720314733684063 -0.01119999960064888 0.020326174795627594
v -0.006902538239955902 -0.011081630364060402 0.020400000736117363
v -0.006720314733684063 -0.01119999960064888 0.020326174795627594
v -0.006000000052154064 -0.01119999960064888 0.020400000736117363
v -0.006902538239955902 -0.011081630364060402 0.020400000736117363
v -0.006000000052154064 -0.01119999960064888 0.020400000736117363
v -0.006005160976201296 -0.01119999960064888 0.031300000846385956
v -0.006902538239955902 -0.011081630364060402 0.020400000736117363
v -0.006645092274993658 -0.01113122422248125 0.03130076453089714
v -0.006756776012480259 -0.011119221337139606 0.03130089491605759
v -0.006902538239955902 -0.011081630364060402 0.020400000736117363
v -0.006005160976201296 -0.01119999960064888 0.031300000846385956
v -0.006645092274993658 -0.01113122422248125 0.03130076453089714
v -0.006902538239955902 -0.011081630364060402 0.020400000736117363
v 0.006000000052154064 -0.01119999960064888 0.020400000736117363
v 0.006112462840974331 -0.01119999960064888 0.02039814367890358
v 0.006902538239955902 -0.011081630364060402 0.020400000736117363
v 0.006112462840974331 -0.01119999960064888 0.02039814367890358
v 0.006805180571973324 -0.01119999960064888 0.02030819095671177
v 0.006902538239955902 -0.011081630364060402 0.020400000736117363
v 0.006805180571973324 -0.01119999960064888 0.02030819095671177
v 0.006937360391020775 -0.01119999960064888 0.020266400650143623
v 0.006902538239955902 -0.011081630364060402 0.020400000736117363
v 0.006642160937190056 -0.01113409735262394 0.031300581991672516
v 0.006000000052154064 -0.01119999960064888 0.020400000736117363
v 0.006902538239955902 -0.011081630364060402 0.020400000736117363
v 0.006721749436110258 -0.01112588681280613 0.03130065277218819
v 0.006642160937190056 -0.01113409735262394 0.031300581991672516
v 0.006902538239955902 -0.011081630364060402 0.020400000736117363
v -0.008904923684895039 -0.011092142201960087 0.009181677363812923
v -0.008841412141919136 -0.011118486523628235 0.00954743754118681
v -0.008951754309237003 -0.011092142201960087 0.00954743754118681
v 0.008834355510771275 -0.011120171286165714 0.00954743754118681
v 0.008904923684895039 -0.011092142201960087 0.009181677363812923
v 0.008951754309237003 -0.011092142201960087 0.00954743754118681
v -0.008446555584669113 -0.011098249815404415 0.007880284450948238
v -0.008066642098128796 -0.011199657805263996 0.008043093606829643
v -0.008904923684895039 -0.011092142201960087 0.009181677363812923
v -0.008066642098128796 -0.011199657805263996 0.008043093606829643
v -0.008491763845086098 -0.011194073595106602 0.009289240464568138
v -0.008904923684895039 -0.011092142201960087 0.009181677363812923
v -0.008491763845086098 -0.011194073595106602 0.009289240464568138
v -0.008841412141919136 -0.011118486523628235 0.00954743754118681
v -0.008904923684895039 -0.011092142201960087 0.009181677363812923
v 0.008834355510771275 -0.011120171286165714 0.00954743754118681
v 0.008491763845086098 -0.011194073595106602 0.009289240464568138
v 0.008904923684895039 -0.011092142201960087 0.009181677363812923
v 0.008491763845086098 -0.011194073595106602 0.009289240464568138
v 0.008446555584669113 -0.011098249815404415 0.007880284450948238
v 0.008904923684895039 -0.011092142201960087 0.009181677363812923
v -0.005591587163507938 -0.011092142201960087 0.004290131852030754
v -0.005755498073995113 -0.011194073595106602 0.004876424092799425
v -0.006035527214407921 -0.011092142201960087 0.004554159473627806
v -0.005755498073995113 -0.011194073595106602 0.004876424092799425
v -0.006997459568083286 -0.011098249815404415 0.00554330600425601
v -0.006035527214407921 -0.011092142201960087 0.004554159473627806
v 0.006997459568083286 -0.011098249815404415 0.00554330600425601
v 0.006682724226266146 -0.011199657805263996 0.005811228882521391
v 0.006035527214407921 -0.011092142201960087 0.004554159473627806
v 0.006682724226266146 -0.011199657805263996 0.005811228882521391
v 0.005755498073995113 -0.011194073595106602 0.004876424092799425
v 0.006035527214407921 -0.011092142201960087 0.004554159473627806
v 0.005755498073995113 -0.011194073595106602 0.004876424092799425
v 0.005591587163507938 -0.011092142201960087 0.004290131852030754
v 0.006035527214407921 -0.011092142201960087 0.004554159473627806
v -0.005083306226879358 -0.011109455488622189 0.004270760342478752
v -0.005433421116322279 -0.01119999960064888 0.004713293164968491
v -0.005591587163507938 -0.011092142201960087 0.004290131852030754
v -0.005083306226879358 -0.011092142201960087 0.0041982452385127544
v -0.005083306226879358 -0.011109455488622189 0.004270760342478752
v -0.005591587163507938 -0.011092142201960087 0.004290131852030754
v -0.005433421116322279 -0.01119999960064888 0.004713293164968491
v -0.005755498073995113 -0.011194073595106602 0.004876424092799425
v -0.005591587163507938 -0.011092142201960087 0.004290131852030754
v 0.005083306226879358 -0.011109455488622189 0.004270760342478752
v 0.005083306226879358 -0.011092142201960087 0.0041982452385127544
v 0.005591587163507938 -0.011092142201960087 0.004290131852030754
v 0.005433421116322279 -0.01119999960064888 0.004713293164968491
v 0.005083306226879358 -0.011109455488622189 0.004270760342478752
v 0.005591587163507938 -0.011092142201960087 0.004290131852030754
v 0.005755498073995113 -0.011194073595106602 0.004876424092799425
v 0.005433421116322279 -0.01119999960064888 0.004713293164968491
v 0.005591587163507938 -0.011092142201960087 0.004290131852030754
v 0.005083306226879358 -0.011092142201960087 0.0041982452385127544
v -0.005083306226879358 -0.011109455488622189 0.004270760342478752
v -0.005083306226879358 -0.011092142201960087 0.0041982452385127544
v 0.005083306226879358 -0.011109455488622189 0.004270760342478752
v -0.005083306226879358 -0.011109455488622189 0.004270760342478752
v 0.005083306226879358 -0.011092142201960087 0.0041982452385127544
v -0.007458636537194252 -0.011199657805263996 0.006875104270875454
v -0.008066642098128796 -0.011199657805263996 0.008043093606829643
v -0.008446555584669113 -0.011098249815404415 0.007880284450948238
v -0.007809914648532867 -0.011098249815404415 0.0066572860814630985
v -0.007458636537194252 -0.011199657805263996 0.006875104270875454
v -0.008446555584669113 -0.011098249815404415 0.007880284450948238
v 0.008491763845086098 -0.011194073595106602 0.009289240464568138
v 0.008066642098128796 -0.011199657805263996 0.008043093606829643
v 0.008446555584669113 -0.011098249815404415 0.007880284450948238
v 0.008066642098128796 -0.011199657805263996 0.008043093606829643
v 0.007809914648532867 -0.011098249815404415 0.0066572860814630985
v 0.008446555584669113 -0.011098249815404415 0.007880284450948238
v -0.006682724226266146 -0.011199657805263996 0.005811228882521391
v -0.007458636537194252 -0.011199657805263996 0.006875104270875454
v -0.007809914648532867 -0.011098249815404415 0.0066572860814630985
v -0.006997459568083286 -0.011098249815404415 0.00554330600425601
v -0.006682724226266146 -0.011199657805263996 0.005811228882521391
v -0.007809914648532867 -0.011098249815404415 0.0066572860814630985
v 0.008066642098128796 -0.011199657805263996 0.008043093606829643
v 0.007458636537194252 -0.011199657805263996 0.006875104270875454
v 0.007809914648532867 -0.011098249815404415 0.0066572860814630985
v 0.007458636537194252 -0.011199657805263996 0.006875104270875454
v 0.006997459568083286 -0.011098249815404415 0.00554330600425601
v 0.007809914648532867 -0.011098249815404415 0.0066572860814630985
v -0.005755498073995113 -0.011194073595106602 0.004876424092799425
v -0.006682724226266146 -0.011199657805263996 0.005811228882521391
v -0.006997459568083286 -0.011098249815404415 0.00554330600425601
v 0.007458636537194252 -0.011199657805263996 0.006875104270875454
v 0.006682724226266146 -0.011199657805263996 0.005811228882521391
v 0.006997459568083286 -0.011098249815404415 0.00554330600425601
v 0.005083306226879358 -0.011109455488622189 0.004270760342478752
v 0.005083306226879358 -0.01119999960064888 0.004650000017136335
v -0.005083306226879358 -0.011109455488622189 0.004270760342478752
v 0.005083306226879358 -0.01119999960064888 0.004650000017136335
v -0.005083306226879358 -0.01119999960064888 0.004650000017136335
v -0.005083306226879358 -0.011109455488622189 0.004270760342478752
v -0.005083306226879358 -0.01119999960064888 0.004650000017136335
v -0.005433421116322279 -0.01119999960064888 0.004713293164968491
v -0.005083306226879358 -0.011109455488622189 0.004270760342478752
v 0.005433421116322279 -0.01119999960064888 0.004713293164968491
v 0.005083306226879358 -0.01119999960064888 0.004650000017136335
v 0.005083306226879358 -0.011109455488622189 0.004270760342478752
v -0.008491763845086098 -0.011194073595106602 0.009289240464568138
v -0.008500000461935997 -0.01119999960064888 0.00954743754118681
v -0.008841412141919136 -0.011118486523628235 0.00954743754118681
v -0.008794347755610943 -0.011155698448419571 0.019456271082162857
v -0.008842560462653637 -0.0111311636865139 0.01944303885102272
v -0.008841412141919136 -0.011118486523628235 0.00954743754118681
v -0.008500000461935997 -0.01119999960064888 0.00954743754118681
v -0.008794347755610943 -0.011155698448419571 0.019456271082162857
v -0.008841412141919136 -0.011118486523628235 0.00954743754118681
v 0.008500000461935997 -0.01119999960064888 0.00954743754118681
v 0.008491763845086098 -0.011194073595106602 0.009289240464568138
v 0.008834355510771275 -0.011120171286165714 0.00954743754118681
v 0.008499999530613422 -0.01119999960064888 0.019598837941884995
v 0.008500000461935997 -0.01119999960064888 0.00954743754118681
v 0.008834355510771275 -0.011120171286165714 0.00954743754118681
v 0.008838892914354801 -0.011139673180878162 0.01943991333246231
v 0.008499999530613422 -0.01119999960064888 0.019598837941884995
v 0.008834355510771275 -0.011120171286165714 0.00954743754118681
v 0.008845105767250061 -0.011138567700982094 0.019436998292803764
v 0.008838892914354801 -0.011139673180878162 0.01943991333246231
v 0.008834355510771275 -0.011120171286165714 0.00954743754118681
v -0.006005160976201296 -0.01119999960064888 0.031300000846385956
v 0.006003380753099918 -0.01119999960064888 0.031300000846385956
v -0.005963335745036602 -0.011130210012197495 0.03212441876530647
v -0.006645092274993658 -0.01113122422248125 0.03130076453089714
v -0.006005160976201296 -0.01119999960064888 0.031300000846385956
v -0.005963335745036602 -0.011130210012197495 0.03212441876530647
v -0.008794347755610943 -0.011155698448419571 0.019456271082162857
v -0.008500000461935997 -0.01119999960064888 0.019598837941884995
v -0.008842560462653637 -0.0111311636865139 0.01944303885102272
v 0.006003380753099918 -0.01119999960064888 0.031300000846385956
v 0.006000000052154064 -0.01119999960064888 0.020400000736117363
v 0.006642160937190056 -0.01113409735262394 0.031300581991672516
v -0.008500000461935997 -0.01119999960064888 0.00954743754118681
v -0.008500000461935997 -0.01119999960064888 0.019598837941884995
v -0.008794347755610943 -0.011155698448419571 0.019456271082162857
v -0.008066642098128796 -0.011199657805263996 0.008043093606829643
v -0.00846774224191904 -0.01119999960064888 0.009295494295656681
v -0.008491763845086098 -0.011194073595106602 0.009289240464568138
v -0.00846774224191904 -0.01119999960064888 0.009295494295656681
v -0.008500000461935997 -0.01119999960064888 0.00954743754118681
v -0.008491763845086098 -0.011194073595106602 0.009289240464568138
v 0.008500000461935997 -0.01119999960064888 0.00954743754118681
v 0.00846774224191904 -0.01119999960064888 0.009295494295656681
v 0.008491763845086098 -0.011194073595106602 0.009289240464568138
v 0.00846774224191904 -0.01119999960064888 0.009295494295656681
v 0.008040782995522022 -0.01119999960064888 0.008053977973759174
v 0.008491763845086098 -0.011194073595106602 0.009289240464568138
v 0.008040782995522022 -0.01119999960064888 0.008053977973759174
v 0.008066642098128796 -0.011199657805263996 0.008043093606829643
v 0.008491763845086098 -0.011194073595106602 0.009289240464568138
v -0.005433421116322279 -0.01119999960064888 0.004713293164968491
v -0.005739216692745686 -0.01119999960064888 0.004895161371678114
v -0.005755498073995113 -0.011194073595106602 0.004876424092799425
v -0.005739216692745686 -0.01119999960064888 0.004895161371678114
v -0.006661478895694017 -0.01119999960064888 0.005829553119838238
v -0.005755498073995113 -0.011194073595106602 0.004876424092799425
v -0.006661478895694017 -0.01119999960064888 0.005829553119838238
v -0.006682724226266146 -0.011199657805263996 0.005811228882521391
v -0.005755498073995113 -0.011194073595106602 0.004876424092799425
v 0.006682724226266146 -0.011199657805263996 0.005811228882521391
v 0.005739216692745686 -0.01119999960064888 0.004895161371678114
v 0.005755498073995113 -0.011194073595106602 0.004876424092799425
v 0.005739216692745686 -0.01119999960064888 0.004895161371678114
v 0.005433421116322279 -0.01119999960064888 0.004713293164968491
v 0.005755498073995113 -0.011194073595106602 0.004876424092799425
v -0.00799796637147665 -0.01119999960064888 0.008070506155490875
v -0.00846774224191904 -0.01119999960064888 0.009295494295656681
v -0.008066642098128796 -0.011199657805263996 0.008043093606829643
v -0.007769522722810507 -0.01119999960064888 0.007474816869944334
v -0.00799796637147665 -0.01119999960064888 0.008070506155490875
v -0.008066642098128796 -0.011199657805263996 0.008043093606829643
v -0.007458636537194252 -0.011199657805263996 0.006875104270875454
v -0.007769522722810507 -0.01119999960064888 0.007474816869944334
v -0.008066642098128796 -0.011199657805263996 0.008043093606829643
v 0.008040782995522022 -0.01119999960064888 0.008053977973759174
v 0.008030095137655735 -0.01119999960064888 0.008022897876799107
v 0.008066642098128796 -0.011199657805263996 0.008043093606829643
v 0.008030095137655735 -0.01119999960064888 0.008022897876799107
v 0.007458636537194252 -0.011199657805263996 0.006875104270875454
v 0.008066642098128796 -0.011199657805263996 0.008043093606829643
v -0.006684566847980022 -0.01119999960064888 0.005852944683283567
v -0.007395762950181961 -0.01119999960064888 0.006916093174368143
v -0.007458636537194252 -0.011199657805263996 0.006875104270875454
v -0.007395762950181961 -0.01119999960064888 0.006916093174368143
v -0.007769522722810507 -0.01119999960064888 0.007474816869944334
v -0.007458636537194252 -0.011199657805263996 0.006875104270875454
v -0.006682724226266146 -0.011199657805263996 0.005811228882521391
v -0.006684566847980022 -0.01119999960064888 0.005852944683283567
v -0.007458636537194252 -0.011199657805263996 0.006875104270875454
v 0.008030095137655735 -0.01119999960064888 0.008022897876799107
v 0.007393969222903252 -0.01119999960064888 0.0069132000207901
v 0.007458636537194252 -0.011199657805263996 0.006875104270875454
v 0.007393969222903252 -0.01119999960064888 0.0069132000207901
v 0.0070596616715192795 -0.01119999960064888 0.006330013275146484
v 0.007458636537194252 -0.011199657805263996 0.006875104270875454
v 0.0070596616715192795 -0.01119999960064888 0.006330013275146484
v 0.006682724226266146 -0.011199657805263996 0.005811228882521391
v 0.007458636537194252 -0.011199657805263996 0.006875104270875454
v -0.006661478895694017 -0.01119999960064888 0.005829553119838238
v -0.006684566847980022 -0.01119999960064888 0.005852944683283567
v -0.006682724226266146 -0.011199657805263996 0.005811228882521391
v 0.006627638358622789 -0.01119999960064888 0.005860558245331049
v 0.005739216692745686 -0.01119999960064888 0.004895161371678114
v 0.006682724226266146 -0.011199657805263996 0.005811228882521391
v 0.0070596616715192795 -0.01119999960064888 0.006330013275146484
v 0.006627638358622789 -0.01119999960064888 0.005860558245331049
v 0.006682724226266146 -0.011199657805263996 0.005811228882521391
v 0.006000000052154064 -0.01119999960064888 0.020400000736117363
v 0.006003380753099918 -0.01119999960064888 0.031300000846385956
v -0.006005160976201296 -0.01119999960064888 0.031300000846385956
v -0.006000000052154064 -0.01119999960064888 0.020400000736117363
v 0.006000000052154064 -0.01119999960064888 0.020400000736117363
v -0.006005160976201296 -0.01119999960064888 0.031300000846385956
v -0.00799796637147665 -0.01119999960064888 0.008070506155490875
v 0.006000000052154064 -0.01119999960064888 0.020400000736117363
v -0.006000000052154064 -0.01119999960064888 0.020400000736117363
v -0.006720314733684063 -0.01119999960064888 0.020326174795627594
v -0.00799796637147665 -0.01119999960064888 0.008070506155490875
v -0.006000000052154064 -0.01119999960064888 0.020400000736117363
v -0.00799796637147665 -0.01119999960064888 0.008070506155490875
v -0.007769522722810507 -0.01119999960064888 0.007474816869944334
v 0.006000000052154064 -0.01119999960064888 0.020400000736117363
v -0.007769522722810507 -0.01119999960064888 0.007474816869944334
v -0.007395762950181961 -0.01119999960064888 0.006916093174368143
v 0.006000000052154064 -0.01119999960064888 0.020400000736117363
v -0.007395762950181961 -0.01119999960064888 0.006916093174368143
v 0.006112462840974331 -0.01119999960064888 0.02039814367890358
v 0.006000000052154064 -0.01119999960064888 0.020400000736117363
v -0.007395762950181961 -0.01119999960064888 0.006916093174368143
v 0.008040782995522022 -0.01119999960064888 0.008053977973759174
v 0.006112462840974331 -0.01119999960064888 0.02039814367890358
v 0.008040782995522022 -0.01119999960064888 0.008053977973759174
v 0.006805180571973324 -0.01119999960064888 0.02030819095671177
v 0.006112462840974331 -0.01119999960064888 0.02039814367890358
v -0.00693860650062561 -0.01119999960064888 0.020262090489268303
v -0.00799796637147665 -0.01119999960064888 0.008070506155490875
v -0.006720314733684063 -0.01119999960064888 0.020326174795627594
v 0.008040782995522022 -0.01119999960064888 0.008053977973759174
v 0.006937360391020775 -0.01119999960064888 0.020266400650143623
v 0.006805180571973324 -0.01119999960064888 0.02030819095671177
v 0.008040782995522022 -0.01119999960064888 0.008053977973759174
v 0.007542360108345747 -0.01119999960064888 0.020075123757123947
v 0.006937360391020775 -0.01119999960064888 0.020266400650143623
v -0.007444850169122219 -0.01119999960064888 0.020113470032811165
v -0.00799796637147665 -0.01119999960064888 0.008070506155490875
v -0.00693860650062561 -0.01119999960064888 0.020262090489268303
v -0.008350573480129242 -0.01119999960064888 0.019683904945850372
v -0.00799796637147665 -0.01119999960064888 0.008070506155490875
v -0.007444850169122219 -0.01119999960064888 0.020113470032811165
v 0.008040782995522022 -0.01119999960064888 0.008053977973759174
v 0.008453295566141605 -0.01119999960064888 0.019622065126895905
v 0.007542360108345747 -0.01119999960064888 0.020075123757123947
v -0.008449509739875793 -0.01119999960064888 0.019627580419182777
v -0.00799796637147665 -0.01119999960064888 0.008070506155490875
v -0.008350573480129242 -0.01119999960064888 0.019683904945850372
v -0.008500000461935997 -0.01119999960064888 0.019598837941884995
v -0.00799796637147665 -0.01119999960064888 0.008070506155490875
v -0.008449509739875793 -0.01119999960064888 0.019627580419182777
v 0.008040782995522022 -0.01119999960064888 0.008053977973759174
v 0.008500000461935997 -0.01119999960064888 0.00954743754118681
v 0.008453295566141605 -0.01119999960064888 0.019622065126895905
v 0.008500000461935997 -0.01119999960064888 0.00954743754118681
v 0.008499999530613422 -0.01119999960064888 0.019598837941884995
v 0.008453295566141605 -0.01119999960064888 0.019622065126895905
v -0.008500000461935997 -0.01119999960064888 0.00954743754118681
v -0.00799796637147665 -0.01119999960064888 0.008070506155490875
v -0.008500000461935997 -0.01119999960064888 0.019598837941884995
v -0.00846774224191904 -0.01119999960064888 0.009295494295656681
v -0.00799796637147665 -0.01119999960064888 0.008070506155490875
v -0.008500000461935997 -0.01119999960064888 0.00954743754118681
v 0.008040782995522022 -0.01119999960064888 0.008053977973759174
v 0.00846774224191904 -0.01119999960064888 0.009295494295656681
v 0.008500000461935997 -0.01119999960064888 0.00954743754118681
v -0.007395762950181961 -0.01119999960064888 0.006916093174368143
v -0.006684566847980022 -0.01119999960064888 0.005852944683283567
v 0.008040782995522022 -0.01119999960064888 0.008053977973759174
v -0.006684566847980022 -0.01119999960064888 0.005852944683283567
v -0.006661478895694017 -0.01119999960064888 0.005829553119838238
v 0.008040782995522022 -0.01119999960064888 0.008053977973759174
v -0.006661478895694017 -0.01119999960064888 0.005829553119838238
v 0.008030095137655735 -0.01119999960064888 0.008022897876799107
v 0.008040782995522022 -0.01119999960064888 0.008053977973759174
v -0.006661478895694017 -0.01119999960064888 0.005829553119838238
v 0.007393969222903252 -0.01119999960064888 0.0069132000207901
v 0.008030095137655735 -0.01119999960064888 0.008022897876799107
v -0.006661478895694017 -0.01119999960064888 0.005829553119838238
v 0.0070596616715192795 -0.01119999960064888 0.006330013275146484
v 0.007393969222903252 -0.01119999960064888 0.0069132000207901
v -0.006661478895694017 -0.01119999960064888 0.005829553119838238
v 0.006627638358622789 -0.01119999960064888 0.005860558245331049
v 0.0070596616715192795 -0.01119999960064888 0.006330013275146484
v 0.005083306226879358 -0.01119999960064888 0.004650000017136335
v 0.005739216692745686 -0.01119999960064888 0.004895161371678114
v 0.006627638358622789 -0.01119999960064888 0.005860558245331049
v -0.005083306226879358 -0.01119999960064888 0.004650000017136335
v 0.005083306226879358 -0.01119999960064888 0.004650000017136335
v 0.006627638358622789 -0.01119999960064888 0.005860558245331049
v -0.006661478895694017 -0.01119999960064888 0.005829553119838238
v -0.005083306226879358 -0.01119999960064888 0.004650000017136335
v 0.006627638358622789 -0.01119999960064888 0.005860558245331049
v -0.005739216692745686 -0.01119999960064888 0.004895161371678114
v -0.005083306226879358 -0.01119999960064888 0.004650000017136335
v -0.006661478895694017 -0.01119999960064888 0.005829553119838238
v -0.005433421116322279 -0.01119999960064888 0.004713293164968491
v -0.005083306226879358 -0.01119999960064888 0.004650000017136335
v -0.005739216692745686 -0.01119999960064888 0.004895161371678114
v 0.005083306226879358 -0.01119999960064888 0.004650000017136335
v 0.005433421116322279 -0.01119999960064888 0.004713293164968491
v 0.005739216692745686 -0.01119999960064888 0.004895161371678114
usemtl DefaultMaterial
f 1 2 3
f 4 5 6
f 7 8 9
f 10 11 12
f 13 14 15
f 16 17 18
f 19 20 21
f 22 23 24
f 25 26 27
f 28 29 30
f 31 32 33
f 34 35 36
f 37 38 39
f 40 41 42
f 43 44 45
f 46 47 48
f 49 50 51
f 52 53 54
f 55 56 57
f 58 59 60
f 61 62 63
f 64 65 66
f 67 68 69
f 70 71 72
f 73 74 75
f 76 77 78
f 79 80 81
f 82 83 84
f 85 86 87
f 88 89 90
f 91 92 93
f 94 95 96
f 97 98 99
f 100 101 102
f 103 104 105
f 106 107 108
f 109 110 111
f 112 113 114
f 115 116 117
f 118 119 120
f 121 122 123
f 124 125 126
f 127 128 129
f 130 131 132
f 133 134 135
f 136 137 138
f 139 140 141
f 142 143 144
f 145 146 147
f 148 149 150
f 151 152 153
f 154 155 156
f 157 158 159
f 160 161 162
f 163 164 165
f 166 167 168
f 169 170 171
f 172 173 174
f 175 176 177
f 178 179 180
f 181 182 183
f 184 185 186
f 187 188 189
f 190 191 192
f 193 194 195
f 196 197 198
f 199 200 201
f 202 203 204
f 205 206 207
f 208 209 210
f 211 212 213
f 214 215 216
f 217 218 219
f 220 221 222
f 223 224 225
f 226 227 228
f 229 230 231
f 232 233 234
f 235 236 237
f 238 239 240
f 241 242 243
f 244 245 246
f 247 248 249
f 250 251 252
f 253 254 255
f 256 257 258
f 259 260 261
f 262 263 264
f 265 266 267
f 268 269 270
f 271 272 273
f 274 275 276
f 277 278 279
f 280 281 282
f 283 284 285
f 286 287 288
f 289 290 291
f 292 293 294
f 295 296 297
f 298 299 300
f 301 302 303
f 304 305 306
f 307 308 309
f 310 311 312
f 313 314 315
f 316 317 318
f 319 320 321
f 322 323 324
f 325 326 327
f 328 329 330
f 331 332 333
f 334 335 336
f 337 338 339
f 340 341 342
f 343 344 345
f 346 347 348
f 349 350 351
f 352 353 354
f 355 356 357
f 358 359 360
f 361 362 363
f 364 365 366
f 367 368 369
f 370 371 372
f 373 374 375
f 376 377 378
f 379 380 381
f 382 383 384
f 385 386 387
f 388 389 390
f 391 392 393
f 394 395 396
f 397 398 399
f 400 401 402
f 403 404 405
f 406 407 408
f 409 410 411
f 412 413 414
f 415 416 417
f 418 419 420
f 421 422 423
f 424 425 426
f 427 428 429
f 430 431 432
f 433 434 435
f 436 437 438
f 439 440 441
f 442 443 444
f 445 446 447
f 448 449 450
f 451 452 453
f 454 455 456
f 457 458 459
f 460 461 462
f 463 464 465
f 466 467 468
f 469 470 471
f 472 473 474
f 475 476 477
f 478 479 480
f 481 482 483
f 484 485 486
f 487 488 489
f 490 491 492
f 493 494 495
f 496 497 498
f 499 500 501
f 502 503 504
f 505 506 507
f 508 509 510
f 511 512 513
f 514 515 516
f 517 518 519
f 520 521 522
f 523 524 525
f 526 527 528
f 529 530 531
f 532 533 534
f 535 536 537
f 538 539 540
f 541 542 543
f 544 545 546
f 547 548 549
f 550 551 552
f 553 554 555
f 556 557 558
f 559 560 561
f 562 563 564
f 565 566 567
f 568 569 570
f 571 572 573
f 574 575 576
f 577 578 579
f 580 581 582
f 583 584 585
f 586 587 588
f 589 590 591
f 592 593 594
f 595 596 597
f 598 599 600
f 601 602 603
f 604 605 606
f 607 608 609
f 610 611 612
f 613 614 615
f 616 617 618
f 619 620 621
f 622 623 624
f 625 626 627
f 628 629 630
f 631 632 633
f 634 635 636
f 637 638 639
f 640 641 642
f 643 644 645
f 646 647 648
f 649 650 651
f 652 653 654
f 655 656 657
f 658 659 660
f 661 662 663
f 664 665 666
f 667 668 669
f 670 671 672
f 673 674 675
f 676 677 678
f 679 680 681
f 682 683 684
f 685 686 687
f 688 689 690
f 691 692 693
f 694 695 696
f 697 698 699
f 700 701 702
f 703 704 705
f 706 707 708
f 709 710 711
f 712 713 714
f 715 716 717
f 718 719 720
f 721 722 723
f 724 725 726
f 727 728 729
f 730 731 732
f 733 734 735
f 736 737 738
f 739 740 741
f 742 743 744
f 745 746 747
f 748 749 750
f 751 752 753
f 754 755 756
f 757 758 759
f 760 761 762
f 763 764 765
f 766 767 768
f 769 770 771
f 772 773 774
f 775 776 777
f 778 779 780
f 781 782 783
f 784 785 786
f 787 788 789
f 790 791 792
f 793 794 795
f 796 797 798
f 799 800 801
f 802 803 804
f 805 806 807
f 808 809 810
f 811 812 813
f 814 815 816
f 817 818 819
f 820 821 822
f 823 824 825
f 826 827 828
f 829 830 831
f 832 833 834
f 835 836 837
f 838 839 840
f 841 842 843
f 844 845 846
f 847 848 849
f 850 851 852
f 853 854 855
f 856 857 858
f 859 860 861
f 862 863 864
f 865 866 867
f 868 869 870
f 871 872 873
f 874 875 876
f 877 878 879
f 880 881 882
f 883 884 885
f 886 887 888
f 889 890 891
f 892 893 894
f 895 896 897
f 898 899 900
f 901 902 903
f 904 905 906
f 907 908 909
f 910 911 912
f 913 914 915
f 916 917 918
f 919 920 921
f 922 923 924
f 925 926 927
f 928 929 930
f 931 932 933
f 934 935 936
f 937 938 939
f 940 941 942
f 943 944 945
f 946 947 948
f 949 950 951
f 952 953 954
f 955 956 957
f 958 959 960
f 961 962 963
f 964 965 966
f 967 968 969
f 970 971 972
f 973 974 975
f 976 977 978
f 979 980 981
f 982 983 984
f 985 986 987
f 988 989 990
f 991 992 993
f 994 995 996
f 997 998 999
f 1000 1001 1002
f 1003 1004 1005
f 1006 1007 1008
f 1009 1010 1011
f 1012 1013 1014
f 1015 1016 1017
f 1018 1019 1020
f 1021 1022 1023
f 1024 1025 1026
f 1027 1028 1029
f 1030 1031 1032
f 1033 1034 1035
f 1036 1037 1038
f 1039 1040 1041
f 1042 1043 1044
f 1045 1046 1047
f 1048 1049 1050
f 1051 1052 1053
f 1054 1055 1056
f 1057 1058 1059
f 1060 1061 1062
f 1063 1064 1065
f 1066 1067 1068
f 1069 1070 1071
f 1072 1073 1074
f 1075 1076 1077
f 1078 1079 1080
f 1081 1082 1083
f 1084 1085 1086
f 1087 1088 1089
f 1090 1091 1092
f 1093 1094 1095
f 1096 1097 1098
f 1099 1100 1101
f 1102 1103 1104
f 1105 1106 1107
f 1108 1109 1110
f 1111 1112 1113
f 1114 1115 1116
f 1117 1118 1119
f 1120 1121 1122
f 1123 1124 1125
f 1126 1127 1128
f 1129 1130 1131
f 1132 1133 1134
f 1135 1136 1137
f 1138 1139 1140
f 1141 1142 1143
f 1144 1145 1146
f 1147 1148 1149
f 1150 1151 1152
f 1153 1154 1155
f 1156 1157 1158
f 1159 1160 1161
f 1162 1163 1164
f 1165 1166 1167
f 1168 1169 1170
f 1171 1172 1173
f 1174 1175 1176
f 1177 1178 1179
f 1180 1181 1182
f 1183 1184 1185
f 1186 1187 1188
f 1189 1190 1191
f 1192 1193 1194
f 1195 1196 1197
f 1198 1199 1200
f 1201 1202 1203
f 1204 1205 1206
f 1207 1208 1209
f 1210 1211 1212
f 1213 1214 1215
f 1216 1217 1218
f 1219 1220 1221
f 1222 1223 1224
f 1225 1226 1227
f 1228 1229 1230
f 1231 1232 1233
f 1234 1235 1236
f 1237 1238 1239
f 1240 1241 1242
f 1243 1244 1245
f 1246 1247 1248
f 1249 1250 1251
f 1252 1253 1254
f 1255 1256 1257
f 1258 1259 1260
f 1261 1262 1263
f 1264 1265 1266
f 1267 1268 1269
f 1270 1271 1272
f 1273 1274 1275
f 1276 1277 1278
f 1279 1280 1281
f 1282 1283 1284
f 1285 1286 1287
f 1288 1289 1290
f 1291 1292 1293
f 1294 1295 1296
f 1297 1298 1299
f 1300 1301 1302
f 1303 1304 1305
f 1306 1307 1308
f 1309 1310 1311
f 1312 1313 1314
f 1315 1316 1317
f 1318 1319 1320
f 1321 1322 1323
f 1324 1325 1326
f 1327 1328 1329
f 1330 1331 1332
f 1333 1334 1335
f 1336 1337 1338
f 1339 1340 1341
f 1342 1343 1344
f 1345 1346 1347
f 1348 1349 1350
f 1351 1352 1353
f 1354 1355 1356
f 1357 1358 1359
f 1360 1361 1362
f 1363 1364 1365
f 1366 1367 1368
f 1369 1370 1371
f 1372 1373 1374
f 1375 1376 1377
f 1378 1379 1380
f 1381 1382 1383
f 1384 1385 1386
f 1387 1388 1389
f 1390 1391 1392
f 1393 1394 1395
f 1396 1397 1398
f 1399 1400 1401
f 1402 1403 1404
f 1405 1406 1407
f 1408 1409 1410
f 1411 1412 1413
f 1414 1415 1416
f 1417 1418 1419
f 1420 1421 1422
f 1423 1424 1425
f 1426 1427 1428
f 1429 1430 1431
f 1432 1433 1434
f 1435 1436 1437
f 1438 1439 1440
f 1441 1442 1443
f 1444 1445 1446
f 1447 1448 1449
f 1450 1451 1452
f 1453 1454 1455
f 1456 1457 1458
f 1459 1460 1461
f 1462 1463 1464
f 1465 1466 1467
f 1468 1469 1470
f 1471 1472 1473
f 1474 1475 1476
f 1477 1478 1479
f 1480 1481 1482
f 1483 1484 1485
f 1486 1487 1488
f 1489 1490 1491
f 1492 1493 1494
f 1495 1496 1497
f 1498 1499 1500
f 1501 1502 1503
f 1504 1505 1506
f 1507 1508 1509
f 1510 1511 1512
f 1513 1514 1515
f 1516 1517 1518
f 1519 1520 1521
f 1522 1523 1524
f 1525 1526 1527
f 1528 1529 1530
f 1531 1532 1533
f 1534 1535 1536
f 1537 1538 1539
f 1540 1541 1542
f 1543 1544 1545
f 1546 1547 1548
f 1549 1550 1551
f 1552 1553 1554
f 1555 1556 1557
f 1558 1559 1560
f 1561 1562 1563
f 1564 1565 1566
f 1567 1568 1569
f 1570 1571 1572
f 1573 1574 1575
f 1576 1577 1578
f 1579 1580 1581
f 1582 1583 1584
f 1585 1586 1587
f 1588 1589 1590
f 1591 1592 1593
f 1594 1595 1596
f 1597 1598 1599
f 1600 1601 1602
f 1603 1604 1605
f 1606 1607 1608
f 1609 1610 1611
f 1612 1613 1614
f 1615 1616 1617
f 1618 1619 1620
f 1621 1622 1623
f 1624 1625 1626
f 1627 1628 1629
f 1630 1631 1632
f 1633 1634 1635
f 1636 1637 1638
f 1639 1640 1641
f 1642 1643 1644
f 1645 1646 1647
f 1648 1649 1650
f 1651 1652 1653
f 1654 1655 1656
f 1657 1658 1659
f 1660 1661 1662
f 1663 1664 1665
f 1666 1667 1668
f 1669 1670 1671
f 1672 1673 1674
f 1675 1676 1677
f 1678 1679 1680
f 1681 1682 1683
f 1684 1685 1686
f 1687 1688 1689
f 1690 1691 1692
f 1693 1694 1695
f 1696 1697 1698
f 1699 1700 1701
f 1702 1703 1704
f 1705 1706 1707
f 1708 1709 1710
f 1711 1712 1713
f 1714 1715 1716
f 1717 1718 1719
f 1720 1721 1722
f 1723 1724 1725
f 1726 1727 1728
f 1729 1730 1731
f 1732 1733 1734
f 1735 1736 1737
f 1738 1739 1740
f 1741 1742 1743
f 1744 1745 1746
f 1747 1748 1749
f 1750 1751 1752
f 1753 1754 1755
f 1756 1757 1758
f 1759 1760 1761
f 1762 1763 1764
f 1765 1766 1767
f 1768 1769 1770
f 1771 1772 1773
f 1774 1775 1776
f 1777 1778 1779
f 1780 1781 1782
f 1783 1784 1785
f 1786 1787 1788
f 1789 1790 1791
f 1792 1793 1794
f 1795 1796 1797
f 1798 1799 1800
f 1801 1802 1803
f 1804 1805 1806
f 1807 1808 1809
f 1810 1811 1812
f 1813 1814 1815
f 1816 1817 1818
f 1819 1820 1821
f 1822 1823 1824
f 1825 1826 1827
f 1828 1829 1830
f 1831 1832 1833
f 1834 1835 1836
f 1837 1838 1839
f 1840 1841 1842
f 1843 1844 1845
f 1846 1847 1848
f 1849 1850 1851
f 1852 1853 1854
f 1855 1856 1857
f 1858 1859 1860
f 1861 1862 1863
f 1864 1865 1866
f 1867 1868 1869
f 1870 1871 1872
f 1873 1874 1875
f 1876 1877 1878
f 1879 1880 1881
f 1882 1883 1884
f 1885 1886 1887
f 1888 1889 1890
f 1891 1892 1893
f 1894 1895 1896
f 1897 1898 1899
f 1900 1901 1902
f 1903 1904 1905
f 1906 1907 1908
f 1909 1910 1911
f 1912 1913 1914
f 1915 1916 1917
f 1918 1919 1920
f 1921 1922 1923
f 1924 1925 1926
f 1927 1928 1929
f 1930 1931 1932
f 1933 1934 1935
f 1936 1937 1938
f 1939 1940 1941
f 1942 1943 1944
f 1945 1946 1947
f 1948 1949 1950
f 1951 1952 1953
f 1954 1955 1956
f 1957 1958 1959
f 1960 1961 1962
f 1963 1964 1965
f 1966 1967 1968
f 1969 1970 1971
f 1972 1973 1974
f 1975 1976 1977
f 1978 1979 1980
f 1981 1982 1983
f 1984 1985 1986
f 1987 1988 1989
f 1990 1991 1992
f 1993 1994 1995
f 1996 1997 1998
f 1999 2000 2001
f 2002 2003 2004
f 2005 2006 2007
f 2008 2009 2010
f 2011 2012 2013
f 2014 2015 2016
f 2017 2018 2019
f 2020 2021 2022
f 2023 2024 2025
f 2026 2027 2028
f 2029 2030 2031
f 2032 2033 2034
f 2035 2036 2037
f 2038 2039 2040
f 2041 2042 2043
f 2044 2045 2046
f 2047 2048 2049
f 2050 2051 2052
f 2053 2054 2055
f 2056 2057 2058
f 2059 2060 2061
f 2062 2063 2064
f 2065 2066 2067
f 2068 2069 2070
f 2071 2072 2073
f 2074 2075 2076
f 2077 2078 2079
f 2080 2081 2082
f 2083 2084 2085
f 2086 2087 2088
f 2089 2090 2091
f 2092 2093 2094
f 2095 2096 2097
f 2098 2099 2100
f 2101 2102 2103
f 2104 2105 2106
f 2107 2108 2109
f 2110 2111 2112
f 2113 2114 2115
f 2116 2117 2118
f 2119 2120 2121
f 2122 2123 2124
f 2125 2126 2127
f 2128 2129 2130
f 2131 2132 2133
f 2134 2135 2136
f 2137 2138 2139
f 2140 2141 2142
f 2143 2144 2145
f 2146 2147 2148
f 2149 2150 2151
f 2152 2153 2154
f 2155 2156 2157
f 2158 2159 2160
f 2161 2162 2163
f 2164 2165 2166
f 2167 2168 2169
f 2170 2171 2172
f 2173 2174 2175
f 2176 2177 2178
f 2179 2180 2181
f 2182 2183 2184
f 2185 2186 2187
f 2188 2189 2190
f 2191 2192 2193
f 2194 2195 2196
f 2197 2198 2199
f 2200 2201 2202
f 2203 2204 2205
f 2206 2207 2208
f 2209 2210 2211
f 2212 2213 2214
f 2215 2216 2217
f 2218 2219 2220
f 2221 2222 2223
f 2224 2225 2226
f 2227 2228 2229
f 2230 2231 2232
f 2233 2234 2235
f 2236 2237 2238
f 2239 2240 2241
f 2242 2243 2244
f 2245 2246 2247
f 2248 2249 2250
f 2251 2252 2253
f 2254 2255 2256
f 2257 2258 2259
f 2260 2261 2262
f 2263 2264 2265
f 2266 2267 2268
f 2269 2270 2271
f 2272 2273 2274
f 2275 2276 2277
f 2278 2279 2280
f 2281 2282 2283
f 2284 2285 2286
f 2287 2288 2289
f 2290 2291 2292
f 2293 2294 2295
f 2296 2297 2298
f 2299 2300 2301
f 2302 2303 2304
f 2305 2306 2307
f 2308 2309 2310
f 2311 2312 2313
f 2314 2315 2316
f 2317 2318 2319
f 2320 2321 2322
f 2323 2324 2325
f 2326 2327 2328
f 2329 2330 2331
f 2332 2333 2334
f 2335 2336 2337
f 2338 2339 2340
f 2341 2342 2343
f 2344 2345 2346
f 2347 2348 2349
f 2350 2351 2352
f 2353 2354 2355
f 2356 2357 2358
f 2359 2360 2361
f 2362 2363 2364
f 2365 2366 2367
f 2368 2369 2370
f 2371 2372 2373
f 2374 2375 2376
f 2377 2378 2379
f 2380 2381 2382
f 2383 2384 2385
f 2386 2387 2388
f 2389 2390 2391
f 2392 2393 2394
f 2395 2396 2397
f 2398 2399 2400
f 2401 2402 2403
f 2404 2405 2406
f 2407 2408 2409
f 2410 2411 2412
f 2413 2414 2415
f 2416 2417 2418
f 2419 2420 2421
f 2422 2423 2424
f 2425 2426 2427
f 2428 2429 2430
f 2431 2432 2433
f 2434 2435 2436
f 2437 2438 2439
f 2440 2441 2442
f 2443 2444 2445
f 2446 2447 2448
f 2449 2450 2451
f 2452 2453 2454
f 2455 2456 2457
f 2458 2459 2460
f 2461 2462 2463
f 2464 2465 2466
f 2467 2468 2469
f 2470 2471 2472
f 2473 2474 2475
f 2476 2477 2478
f 2479 2480 2481
f 2482 2483 2484
f 2485 2486 2487
f 2488 2489 2490
f 2491 2492 2493
f 2494 2495 2496
f 2497 2498 2499
f 2500 2501 2502
f 2503 2504 2505
f 2506 2507 2508
f 2509 2510 2511
f 2512 2513 2514
f 2515 2516 2517
f 2518 2519 2520
f 2521 2522 2523
f 2524 2525 2526
f 2527 2528 2529
f 2530 2531 2532
f 2533 2534 2535
f 2536 2537 2538
f 2539 2540 2541
f 2542 2543 2544
f 2545 2546 2547
f 2548 2549 2550
f 2551 2552 2553
f 2554 2555 2556
f 2557 2558 2559
f 2560 2561 2562
f 2563 2564 2565
f 2566 2567 2568
f 2569 2570 2571
f 2572 2573 2574
f 2575 2576 2577
f 2578 2579 2580
f 2581 2582 2583
f 2584 2585 2586
f 2587 2588 2589
f 2590 2591 2592
f 2593 2594 2595
f 2596 2597 2598
f 2599 2600 2601
f 2602 2603 2604
f 2605 2606 2607
f 2608 2609 2610
f 2611 2612 2613
f 2614 2615 2616
f 2617 2618 2619
f 2620 2621 2622
f 2623 2624 2625
f 2626 2627 2628
f 2629 2630 2631
f 2632 2633 2634
f 2635 2636 2637
f 2638 2639 2640
f 2641 2642 2643
f 2644 2645 2646
f 2647 2648 2649
f 2650 2651 2652
f 2653 2654 2655
f 2656 2657 2658
f 2659 2660 2661
f 2662 2663 2664
f 2665 2666 2667
f 2668 2669 2670
f 2671 2672 2673
f 2674 2675 2676
f 2677 2678 2679
f 2680 2681 2682
f 2683 2684 2685
f 2686 2687 2688
f 2689 2690 2691
f 2692 2693 2694
f 2695 2696 2697
f 2698 2699 2700
f 2701 2702 2703
f 2704 2705 2706
f 2707 2708 2709
f 2710 2711 2712
f 2713 2714 2715
f 2716 2717 2718
f 2719 2720 2721
f 2722 2723 2724
f 2725 2726 2727
f 2728 2729 2730
f 2731 2732 2733
f 2734 2735 2736
f 2737 2738 2739
f 2740 2741 2742
f 2743 2744 2745
f 2746 2747 2748
f 2749 2750 2751
f 2752 2753 2754
f 2755 2756 2757
f 2758 2759 2760
f 2761 2762 2763
f 2764 2765 2766
f 2767 2768 2769
f 2770 2771 2772
f 2773 2774 2775
f 2776 2777 2778
f 2779 2780 2781
f 2782 2783 2784
f 2785 2786 2787
f 2788 2789 2790
f 2791 2792 2793
f 2794 2795 2796
f 2797 2798 2799
f 2800 2801 2802
f 2803 2804 2805
f 2806 2807 2808
f 2809 2810 2811
f 2812 2813 2814
f 2815 2816 2817
f 2818 2819 2820
f 2821 2822 2823
f 2824 2825 2826
f 2827 2828 2829
f 2830 2831 2832
f 2833 2834 2835
f 2836 2837 2838
f 2839 2840 2841
f 2842 2843 2844
f 2845 2846 2847
f 2848 2849 2850
f 2851 2852 2853
f 2854 2855 2856
f 2857 2858 2859
f 2860 2861 2862
f 2863 2864 2865
f 2866 2867 2868
f 2869 2870 2871
f 2872 2873 2874
f 2875 2876 2877
f 2878 2879 2880
f 2881 2882 2883
f 2884 2885 2886
f 2887 2888 2889
f 2890 2891 2892
f 2893 2894 2895
f 2896 2897 2898
f 2899 2900 2901
f 2902 2903 2904
f 2905 2906 2907
f 2908 2909 2910
f 2911 2912 2913
f 2914 2915 2916
f 2917 2918 2919
f 2920 2921 2922
f 2923 2924 2925
f 2926 2927 2928
f 2929 2930 2931
f 2932 2933 2934
f 2935 2936 2937
f 2938 2939 2940
f 2941 2942 2943
f 2944 2945 2946
f 2947 2948 2949
f 2950 2951 2952
f 2953 2954 2955
f 2956 2957 2958
f 2959 2960 2961
f 2962 2963 2964
f 2965 2966 2967
f 2968 2969 2970
f 2971 2972 2973
f 2974 2975 2976
f 2977 2978 2979
f 2980 2981 2982
f 2983 2984 2985
f 2986 2987 2988
f 2989 2990 2991
f 2992 2993 2994
f 2995 2996 2997
f 2998 2999 3000
f 3001 3002 3003
f 3004 3005 3006
f 3007 3008 3009
f 3010 3011 3012
f 3013 3014 3015
f 3016 3017 3018
f 3019 3020 3021
f 3022 3023 3024
f 3025 3026 3027
f 3028 3029 3030
f 3031 3032 3033
f 3034 3035 3036
f 3037 3038 3039
f 3040 3041 3042
f 3043 3044 3045
f 3046 3047 3048
f 3049 3050 3051
f 3052 3053 3054
f 3055 3056 3057
f 3058 3059 3060
f 3061 3062 3063
f 3064 3065 3066
f 3067 3068 3069
f 3070 3071 3072
f 3073 3074 3075
f 3076 3077 3078
f 3079 3080 3081
f 3082 3083 3084
f 3085 3086 3087
f 3088 3089 3090
f 3091 3092 3093
f 3094 3095 3096
f 3097 3098 3099
f 3100 3101 3102
f 3103 3104 3105
f 3106 3107 3108
f 3109 3110 3111
f 3112 3113 3114
f 3115 3116 3117
f 3118 3119 3120
f 3121 3122 3123
f 3124 3125 3126
f 3127 3128 3129
f 3130 3131 3132
f 3133 3134 3135
f 3136 3137 3138
f 3139 3140 3141
f 3142 3143 3144
f 3145 3146 3147
f 3148 3149 3150
f 3151 3152 3153
f 3154 3155 3156
f 3157 3158 3159
f 3160 3161 3162
f 3163 3164 3165
f 3166 3167 3168
f 3169 3170 3171
f 3172 3173 3174
f 3175 3176 3177
f 3178 3179 3180
f 3181 3182 3183
f 3184 3185 3186
f 3187 3188 3189
f 3190 3191 3192
f 3193 3194 3195
f 3196 3197 3198
f 3199 3200 3201
f 3202 3203 3204
f 3205 3206 3207
f 3208 3209 3210
f 3211 3212 3213
f 3214 3215 3216
f 3217 3218 3219
f 3220 3221 3222
f 3223 3224 3225
f 3226 3227 3228
f 3229 3230 3231
f 3232 3233 3234
f 3235 3236 3237
f 3238 3239 3240
f 3241 3242 3243
f 3244 3245 3246
f 3247 3248 3249
f 3250 3251 3252
f 3253 3254 3255
f 3256 3257 3258
f 3259 3260 3261
f 3262 3263 3264
f 3265 3266 3267
f 3268 3269 3270
f 3271 3272 3273
f 3274 3275 3276
f 3277 3278 3279
f 3280 3281 3282
f 3283 3284 3285
f 3286 3287 3288
f 3289 3290 3291
f 3292 3293 3294
f 3295 3296 3297
f 3298 3299 3300
f 3301 3302 3303
f 3304 3305 3306
f 3307 3308 3309
f 3310 3311 3312
f 3313 3314 3315
f 3316 3317 3318
f 3319 3320 3321
f 3322 3323 3324
f 3325 3326 3327
f 3328 3329 3330
f 3331 3332 3333
f 3334 3335 3336
f 3337 3338 3339
f 3340 3341 3342
f 3343 3344 3345
f 3346 3347 3348
f 3349 3350 3351
f 3352 3353 3354
f 3355 3356 3357
f 3358 3359 3360
f 3361 3362 3363
f 3364 3365 3366
f 3367 3368 3369
f 3370 3371 3372
f 3373 3374 3375
f 3376 3377 3378
f 3379 3380 3381
f 3382 3383 3384
f 3385 3386 3387
f 3388 3389 3390
f 3391 3392 3393
f 3394 3395 3396
f 3397 3398 3399
f 3400 3401 3402
f 3403 3404 3405
f 3406 3407 3408
f 3409 3410 3411
f 3412 3413 3414
f 3415 3416 3417
f 3418 3419 3420
f 3421 3422 3423
f 3424 3425 3426
f 3427 3428 3429
f 3430 3431 3432
f 3433 3434 3435
f 3436 3437 3438
f 3439 3440 3441
f 3442 3443 3444
f 3445 3446 3447
f 3448 3449 3450
f 3451 3452 3453
f 3454 3455 3456
f 3457 3458 3459
f 3460 3461 3462
f 3463 3464 3465
f 3466 3467 3468
f 3469 3470 3471
f 3472 3473 3474
f 3475 3476 3477
f 3478 3479 3480
f 3481 3482 3483
f 3484 3485 3486
f 3487 3488 3489
f 3490 3491 3492
f 3493 3494 3495
f 3496 3497 3498
f 3499 3500 3501
f 3502 3503 3504
f 3505 3506 3507
f 3508 3509 3510
f 3511 3512 3513
f 3514 3515 3516
f 3517 3518 3519
f 3520 3521 3522
f 3523 3524 3525
f 3526 3527 3528
f 3529 3530 3531
f 3532 3533 3534
f 3535 3536 3537
f 3538 3539 3540
f 3541 3542 3543
f 3544 3545 3546
f 3547 3548 3549
f 3550 3551 3552
f 3553 3554 3555
f 3556 3557 3558
f 3559 3560 3561
f 3562 3563 3564
f 3565 3566 3567
f 3568 3569 3570
f 3571 3572 3573
f 3574 3575 3576
f 3577 3578 3579
f 3580 3581 3582
f 3583 3584 3585
f 3586 3587 3588
f 3589 3590 3591
f 3592 3593 3594
f 3595 3596 3597
f 3598 3599 3600
f 3601 3602 3603
f 3604 3605 3606
f 3607 3608 3609
f 3610 3611 3612
f 3613 3614 3615
f 3616 3617 3618
f 3619 3620 3621
f 3622 3623 3624
f 3625 3626 3627
f 3628 3629 3630
f 3631 3632 3633
f 3634 3635 3636
f 3637 3638 3639
f 3640 3641 3642
f 3643 3644 3645
f 3646 3647 3648
f 3649 3650 3651
f 3652 3653 3654
f 3655 3656 3657
f 3658 3659 3660
f 3661 3662 3663
f 3664 3665 3666
f 3667 3668 3669
f 3670 3671 3672
f 3673 3674 3675
f 3676 3677 3678
f 3679 3680 3681
f 3682 3683 3684
f 3685 3686 3687
f 3688 3689 3690
f 3691 3692 3693
f 3694 3695 3696
f 3697 3698 3699
f 3700 3701 3702
f 3703 3704 3705
f 3706 3707 3708
f 3709 3710 3711
f 3712 3713 3714
f 3715 3716 3717
f 3718 3719 3720
f 3721 3722 3723
f 3724 3725 3726
f 3727 3728 3729
f 3730 3731 3732
f 3733 3734 3735
f 3736 3737 3738
f 3739 3740 3741
f 3742 3743 3744
f 3745 3746 3747
f 3748 3749 3750
f 3751 3752 3753
f 3754 3755 3756
f 3757 3758 3759
f 3760 3761 3762
f 3763 3764 3765
f 3766 3767 3768
f 3769 3770 3771
f 3772 3773 3774
f 3775 3776 3777
f 3778 3779 3780
f 3781 3782 3783
f 3784 3785 3786
f 3787 3788 3789
f 3790 3791 3792
f 3793 3794 3795
f 3796 3797 3798
f 3799 3800 3801
f 3802 3803 3804
f 3805 3806 3807
f 3808 3809 3810
f 3811 3812 3813
f 3814 3815 3816
f 3817 3818 3819
f 3820 3821 3822
f 3823 3824 3825
f 3826 3827 3828
f 3829 3830 3831
f 3832 3833 3834
f 3835 3836 3837
f 3838 3839 3840
f 3841 3842 3843
f 3844 3845 3846
f 3847 3848 3849
f 3850 3851 3852
f 3853 3854 3855
f 3856 3857 3858
f 3859 3860 3861
f 3862 3863 3864
f 3865 3866 3867
f 3868 3869 3870
f 3871 3872 3873
f 3874 3875 3876
f 3877 3878 3879
f 3880 3881 3882
f 3883 3884 3885
f 3886 3887 3888
f 3889 3890 3891
f 3892 3893 3894
f 3895 3896 3897
f 3898 3899 3900
f 3901 3902 3903
f 3904 3905 3906
f 3907 3908 3909
f 3910 3911 3912
f 3913 3914 3915
f 3916 3917 3918
f 3919 3920 3921
f 3922 3923 3924
f 3925 3926 3927
f 3928 3929 3930
f 3931 3932 3933
f 3934 3935 3936
f 3937 3938 3939
f 3940 3941 3942
f 3943 3944 3945
f 3946 3947 3948
f 3949 3950 3951
f 3952 3953 3954
f 3955 3956 3957
f 3958 3959 3960
f 3961 3962 3963
f 3964 3965 3966
f 3967 3968 3969
f 3970 3971 3972
f 3973 3974 3975
f 3976 3977 3978
f 3979 3980 3981
f 3982 3983 3984
f 3985 3986 3987
f 3988 3989 3990
f 3991 3992 3993
f 3994 3995 3996
f 3997 3998 3999
f 4000 4001 4002
f 4003 4004 4005
f 4006 4007 4008
f 4009 4010 4011
f 4012 4013 4014
f 4015 4016 4017
f 4018 4019 4020
f 4021 4022 4023
f 4024 4025 4026
f 4027 4028 4029
f 4030 4031 4032
f 4033 4034 4035
f 4036 4037 4038
f 4039 4040 4041
f 4042 4043 4044
f 4045 4046 4047
f 4048 4049 4050
f 4051 4052 4053
f 4054 4055 4056
f 4057 4058 4059
f 4060 4061 4062
f 4063 4064 4065
f 4066 4067 4068
f 4069 4070 4071
f 4072 4073 4074
f 4075 4076 4077
f 4078 4079 4080
f 4081 4082 4083
f 4084 4085 4086
f 4087 4088 4089
f 4090 4091 4092
f 4093 4094 4095
f 4096 4097 4098
f 4099 4100 4101
f 4102 4103 4104
f 4105 4106 4107
f 4108 4109 4110
f 4111 4112 4113
f 4114 4115 4116
f 4117 4118 4119
f 4120 4121 4122
f 4123 4124 4125
f 4126 4127 4128
f 4129 4130 4131
f 4132 4133 4134
f 4135 4136 4137
f 4138 4139 4140
f 4141 4142 4143
f 4144 4145 4146
f 4147 4148 4149
f 4150 4151 4152
f 4153 4154 4155
f 4156 4157 4158
f 4159 4160 4161
f 4162 4163 4164
f 4165 4166 4167
f 4168 4169 4170
f 4171 4172 4173
f 4174 4175 4176
f 4177 4178 4179
f 4180 4181 4182
f 4183 4184 4185
f 4186 4187 4188
f 4189 4190 4191
f 4192 4193 4194
f 4195 4196 4197
f 4198 4199 4200
f 4201 4202 4203
f 4204 4205 4206
f 4207 4208 4209
f 4210 4211 4212
f 4213 4214 4215
f 4216 4217 4218
f 4219 4220 4221
f 4222 4223 4224
f 4225 4226 4227
f 4228 4229 4230
f 4231 4232 4233
f 4234 4235 4236
f 4237 4238 4239
f 4240 4241 4242
f 4243 4244 4245
f 4246 4247 4248
f 4249 4250 4251
f 4252 4253 4254
f 4255 4256 4257
f 4258 4259 4260
f 4261 4262 4263
f 4264 4265 4266
f 4267 4268 4269
f 4270 4271 4272
f 4273 4274 4275
f 4276 4277 4278
f 4279 4280 4281
f 4282 4283 4284
f 4285 4286 4287
f 4288 4289 4290
f 4291 4292 4293
f 4294 4295 4296
f 4297 4298 4299
f 4300 4301 4302
f 4303 4304 4305
f 4306 4307 4308
f 4309 4310 4311
f 4312 4313 4314
f 4315 4316 4317
f 4318 4319 4320
f 4321 4322 4323
f 4324 4325 4326
f 4327 4328 4329
f 4330 4331 4332
f 4333 4334 4335
f 4336 4337 4338
f 4339 4340 4341
f 4342 4343 4344
f 4345 4346 4347
f 4348 4349 4350
f 4351 4352 4353
f 4354 4355 4356
f 4357 4358 4359
f 4360 4361 4362
f 4363 4364 4365
f 4366 4367 4368
f 4369 4370 4371
f 4372 4373 4374
f 4375 4376 4377
f 4378 4379 4380
f 4381 4382 4383
f 4384 4385 4386
f 4387 4388 4389
f 4390 4391 4392
f 4393 4394 4395
f 4396 4397 4398
f 4399 4400 4401
f 4402 4403 4404
f 4405 4406 4407
f 4408 4409 4410
f 4411 4412 4413
f 4414 4415 4416
f 4417 4418 4419
f 4420 4421 4422
f 4423 4424 4425
f 4426 4427 4428
f 4429 4430 4431
f 4432 4433 4434
f 4435 4436 4437
f 4438 4439 4440
f 4441 4442 4443
f 4444 4445 4446
f 4447 4448 4449
f 4450 4451 4452
f 4453 4454 4455
f 4456 4457 4458
f 4459 4460 4461
f 4462 4463 4464
f 4465 4466 4467
f 4468 4469 4470
f 4471 4472 4473
f 4474 4475 4476
f 4477 4478 4479
f 4480 4481 4482
f 4483 4484 4485
f 4486 4487 4488
f 4489 4490 4491
f 4492 4493 4494
f 4495 4496 4497
f 4498 4499 4500
f 4501 4502 4503
f 4504 4505 4506
f 4507 4508 4509
f 4510 4511 4512
f 4513 4514 4515
f 4516 4517 4518
f 4519 4520 4521
f 4522 4523 4524
f 4525 4526 4527
f 4528 4529 4530
f 4531 4532 4533
f 4534 4535 4536
f 4537 4538 4539
f 4540 4541 4542
f 4543 4544 4545
f 4546 4547 4548
f 4549 4550 4551
f 4552 4553 4554
f 4555 4556 4557
f 4558 4559 4560
f 4561 4562 4563
f 4564 4565 4566
f 4567 4568 4569
f 4570 4571 4572
f 4573 4574 4575
f 4576 4577 4578
f 4579 4580 4581
f 4582 4583 4584
f 4585 4586 4587
f 4588 4589 4590
f 4591 4592 4593
f 4594 4595 4596
f 4597 4598 4599
f 4600 4601 4602
f 4603 4604 4605
f 4606 4607 4608
f 4609 4610 4611
f 4612 4613 4614
f 4615 4616 4617
f 4618 4619 4620
f 4621 4622 4623
f 4624 4625 4626
f 4627 4628 4629
f 4630 4631 4632
f 4633 4634 4635
f 4636 4637 4638
f 4639 4640 4641
f 4642 4643 4644
f 4645 4646 4647
f 4648 4649 4650
f 4651 4652 4653
f 4654 4655 4656
f 4657 4658 4659
f 4660 4661 4662
f 4663 4664 4665
f 4666 4667 4668
f 4669 4670 4671
f 4672 4673 4674
f 4675 4676 4677
f 4678 4679 4680
f 4681 4682 4683
f 4684 4685 4686
f 4687 4688 4689
f 4690 4691 4692
f 4693 4694 4695
f 4696 4697 4698
f 4699 4700 4701
f 4702 4703 4704
f 4705 4706 4707
f 4708 4709 4710
f 4711 4712 4713
f 4714 4715 4716
f 4717 4718 4719
f 4720 4721 4722
f 4723 4724 4725
f 4726 4727 4728
f 4729 4730 4731
f 4732 4733 4734
f 4735 4736 4737
f 4738 4739 4740
f 4741 4742 4743
f 4744 4745 4746
f 4747 4748 4749
f 4750 4751 4752
f 4753 4754 4755
f 4756 4757 4758
f 4759 4760 4761
f 4762 4763 4764
f 4765 4766 4767
f 4768 4769 4770
f 4771 4772 4773
f 4774 4775 4776
f 4777 4778 4779
f 4780 4781 4782
f 4783 4784 4785
f 4786 4787 4788
f 4789 4790 4791
f 4792 4793 4794
f 4795 4796 4797
f 4798 4799 4800
f 4801 4802 4803
f 4804 4805 4806
f 4807 4808 4809
f 4810 4811 4812
f 4813 4814 4815
f 4816 4817 4818
f 4819 4820 4821
f 4822 4823 4824
f 4825 4826 4827
f 4828 4829 4830
f 4831 4832 4833
f 4834 4835 4836
f 4837 4838 4839
f 4840 4841 4842
f 4843 4844 4845
f 4846 4847 4848
f 4849 4850 4851
f 4852 4853 4854
f 4855 4856 4857
f 4858 4859 4860
f 4861 4862 4863
f 4864 4865 4866
f 4867 4868 4869
f 4870 4871 4872
f 4873 4874 4875
f 4876 4877 4878
f 4879 4880 4881
f 4882 4883 4884
f 4885 4886 4887
f 4888 4889 4890
f 4891 4892 4893
f 4894 4895 4896
f 4897 4898 4899
f 4900 4901 4902
f 4903 4904 4905
f 4906 4907 4908
f 4909 4910 4911
f 4912 4913 4914
f 4915 4916 4917
f 4918 4919 4920
f 4921 4922 4923
f 4924 4925 4926
f 4927 4928 4929
f 4930 4931 4932
f 4933 4934 4935
f 4936 4937 4938
f 4939 4940 4941
f 4942 4943 4944
f 4945 4946 4947
f 4948 4949 4950
f 4951 4952 4953
f 4954 4955 4956
f 4957 4958 4959
f 4960 4961 4962
f 4963 4964 4965
f 4966 4967 4968
f 4969 4970 4971
f 4972 4973 4974
f 4975 4976 4977
f 4978 4979 4980
f 4981 4982 4983
f 4984 4985 4986
f 4987 4988 4989
f 4990 4991 4992
f 4993 4994 4995
f 4996 4997 4998
f 4999 5000 5001
f 5002 5003 5004
f 5005 5006 5007
f 5008 5009 5010
f 5011 5012 5013
f 5014 5015 5016
f 5017 5018 5019
f 5020 5021 5022
f 5023 5024 5025
f 5026 5027 5028
f 5029 5030 5031
f 5032 5033 5034
f 5035 5036 5037
f 5038 5039 5040
f 5041 5042 5043
f 5044 5045 5046
f 5047 5048 5049
f 5050 5051 5052
f 5053 5054 5055
f 5056 5057 5058
f 5059 5060 5061
f 5062 5063 5064
f 5065 5066 5067
f 5068 5069 5070
f 5071 5072 5073
f 5074 5075 5076
f 5077 5078 5079
f 5080 5081 5082
f 5083 5084 5085
f 5086 5087 5088
f 5089 5090 5091
f 5092 5093 5094
f 5095 5096 5097
f 5098 5099 5100
f 5101 5102 5103
f 5104 5105 5106
f 5107 5108 5109
f 5110 5111 5112
f 5113 5114 5115
f 5116 5117 5118
f 5119 5120 5121
f 5122 5123 5124
f 5125 5126 5127
f 5128 5129 5130
f 5131 5132 5133
f 5134 5135 5136
f 5137 5138 5139
f 5140 5141 5142
f 5143 5144 5145
f 5146 5147 5148
f 5149 5150 5151
f 5152 5153 5154
f 5155 5156 5157
f 5158 5159 5160
f 5161 5162 5163
f 5164 5165 5166
f 5167 5168 5169
f 5170 5171 5172
f 5173 5174 5175
f 5176 5177 5178
f 5179 5180 5181
f 5182 5183 5184
f 5185 5186 5187
f 5188 5189 5190
f 5191 5192 5193
f 5194 5195 5196
f 5197 5198 5199
f 5200 5201 5202
f 5203 5204 5205
f 5206 5207 5208
f 5209 5210 5211
f 5212 5213 5214
f 5215 5216 5217
f 5218 5219 5220
f 5221 5222 5223
f 5224 5225 5226
f 5227 5228 5229
f 5230 5231 5232
f 5233 5234 5235
f 5236 5237 5238
f 5239 5240 5241
f 5242 5243 5244
f 5245 5246 5247
f 5248 5249 5250
f 5251 5252 5253
f 5254 5255 5256
f 5257 5258 5259
f 5260 5261 5262
f 5263 5264 5265
f 5266 5267 5268
f 5269 5270 5271
f 5272 5273 5274
f 5275 5276 5277
f 5278 5279 5280
f 5281 5282 5283
f 5284 5285 5286
f 5287 5288 5289
f 5290 5291 5292
f 5293 5294 5295
f 5296 5297 5298
f 5299 5300 5301
f 5302 5303 5304
f 5305 5306 5307
f 5308 5309 5310
f 5311 5312 5313
f 5314 5315 5316
f 5317 5318 5319
f 5320 5321 5322
f 5323 5324 5325
f 5326 5327 5328
f 5329 5330 5331
f 5332 5333 5334
f 5335 5336 5337
f 5338 5339 5340
f 5341 5342 5343
f 5344 5345 5346
f 5347 5348 5349
f 5350 5351 5352
f 5353 5354 5355
f 5356 5357 5358
f 5359 5360 5361
f 5362 5363 5364
f 5365 5366 5367
f 5368 5369 5370
f 5371 5372 5373
f 5374 5375 5376
f 5377 5378 5379
f 5380 5381 5382
f 5383 5384 5385
f 5386 5387 5388
f 5389 5390 5391
f 5392 5393 5394
f 5395 5396 5397
f 5398 5399 5400
f 5401 5402 5403
f 5404 5405 5406
f 5407 5408 5409
f 5410 5411 5412
f 5413 5414 5415
f 5416 5417 5418
f 5419 5420 5421
f 5422 5423 5424
f 5425 5426 5427
f 5428 5429 5430
f 5431 5432 5433
f 5434 5435 5436
f 5437 5438 5439
f 5440 5441 5442
f 5443 5444 5445
f 5446 5447 5448
f 5449 5450 5451
f 5452 5453 5454
f 5455 5456 5457
f 5458 5459 5460
f 5461 5462 5463
f 5464 5465 5466
f 5467 5468 5469
f 5470 5471 5472
f 5473 5474 5475
f 5476 5477 5478
f 5479 5480 5481
f 5482 5483 5484
f 5485 5486 5487
f 5488 5489 5490
f 5491 5492 5493
f 5494 5495 5496
f 5497 5498 5499
f 5500 5501 5502
f 5503 5504 5505
f 5506 5507 5508
f 5509 5510 5511
f 5512 5513 5514
f 5515 5516 5517
f 5518 5519 5520
f 5521 5522 5523
f 5524 5525 5526
f 5527 5528 5529
f 5530 5531 5532
f 5533 5534 5535
f 5536 5537 5538
f 5539 5540 5541
f 5542 5543 5544
f 5545 5546 5547
f 5548 5549 5550
f 5551 5552 5553
f 5554 5555 5556
f 5557 5558 5559
f 5560 5561 5562
f 5563 5564 5565
f 5566 5567 5568
f 5569 5570 5571
f 5572 5573 5574
f 5575 5576 5577
f 5578 5579 5580
f 5581 5582 5583
f 5584 5585 5586
f 5587 5588 5589
f 5590 5591 5592
f 5593 5594 5595
f 5596 5597 5598
f 5599 5600 5601
f 5602 5603 5604
f 5605 5606 5607
f 5608 5609 5610
f 5611 5612 5613
f 5614 5615 5616
f 5617 5618 5619
f 5620 5621 5622
f 5623 5624 5625
f 5626 5627 5628
f 5629 5630 5631
f 5632 5633 5634
f 5635 5636 5637
f 5638 5639 5640
f 5641 5642 5643
f 5644 5645 5646
f 5647 5648 5649
f 5650 5651 5652
f 5653 5654 5655
f 5656 5657 5658
f 5659 5660 5661
f 5662 5663 5664
f 5665 5666 5667
f 5668 5669 5670
f 5671 5672 5673
f 5674 5675 5676
f 5677 5678 5679
f 5680 5681 5682
f 5683 5684 5685
f 5686 5687 5688
f 5689 5690 5691
f 5692 5693 5694
f 5695 5696 5697
f 5698 5699 5700
f 5701 5702 5703
f 5704 5705 5706
f 5707 5708 5709
f 5710 5711 5712
f 5713 5714 5715
f 5716 5717 5718
f 5719 5720 5721
f 5722 5723 5724
f 5725 5726 5727
f 5728 5729 5730
f 5731 5732 5733
f 5734 5735 5736
f 5737 5738 5739
f 5740 5741 5742
f 5743 5744 5745
f 5746 5747 5748
f 5749 5750 5751
f 5752 5753 5754
f 5755 5756 5757
f 5758 5759 5760
f 5761 5762 5763
f 5764 5765 5766
f 5767 5768 5769
f 5770 5771 5772
f 5773 5774 5775
f 5776 5777 5778
f 5779 5780 5781
f 5782 5783 5784
f 5785 5786 5787
f 5788 5789 5790
f 5791 5792 5793
f 5794 5795 5796
f 5797 5798 5799
f 5800 5801 5802
f 5803 5804 5805
f 5806 5807 5808
f 5809 5810 5811
f 5812 5813 5814
f 5815 5816 5817
f 5818 5819 5820
f 5821 5822 5823
f 5824 5825 5826
f 5827 5828 5829
f 5830 5831 5832
f 5833 5834 5835
f 5836 5837 5838
f 5839 5840 5841
f 5842 5843 5844
f 5845 5846 5847
f 5848 5849 5850
f 5851 5852 5853
f 5854 5855 5856
f 5857 5858 5859
f 5860 5861 5862
f 5863 5864 5865
f 5866 5867 5868
f 5869 5870 5871
f 5872 5873 5874
f 5875 5876 5877
f 5878 5879 5880
f 5881 5882 5883
f 5884 5885 5886
f 5887 5888 5889
f 5890 5891 5892
f 5893 5894 5895
f 5896 5897 5898
f 5899 5900 5901
f 5902 5903 5904
f 5905 5906 5907
f 5908 5909 5910
f 5911 5912 5913
f 5914 5915 5916
f 5917 5918 5919
f 5920 5921 5922
f 5923 5924 5925
f 5926 5927 5928
f 5929 5930 5931
f 5932 5933 5934
f 5935 5936 5937
f 5938 5939 5940
f 5941 5942 5943
f 5944 5945 5946
f 5947 5948 5949
f 5950 5951 5952
f 5953 5954 5955
f 5956 5957 5958
f 5959 5960 5961
f 5962 5963 5964
f 5965 5966 5967
f 5968 5969 5970
f 5971 5972 5973
f 5974 5975 5976
f 5977 5978 5979
f 5980 5981 5982
f 5983 5984 5985
f 5986 5987 5988
f 5989 5990 5991
f 5992 5993 5994
f 5995 5996 5997
f 5998 5999 6000
f 6001 6002 6003
f 6004 6005 6006
f 6007 6008 6009
f 6010 6011 6012
f 6013 6014 6015
f 6016 6017 6018
f 6019 6020 6021
f 6022 6023 6024
f 6025 6026 6027
f 6028 6029 6030
f 6031 6032 6033
f 6034 6035 6036
f 6037 6038 6039
f 6040 6041 6042
