mtllib tesollo_right_rl_dg_3_2_visuals_rl_dg_3_2_Scene_mesh.mtl
v 0.0 0.01119958981871605 -0.005526601802557707
v -1.6316498658852652e-05 0.011199950240552425 -0.00549995806068182
v 5.439339929580456e-06 0.011199950240552425 -0.00549995806068182
v 0.000581662985496223 0.01119958981871605 -0.005495904944837093
v 0.0 0.01119958981871605 -0.005526601802557707
v 5.439339929580456e-06 0.011199950240552425 -0.00549995806068182
v 0.0005734669975936413 0.011199950240552425 -0.005427299998700619
v 0.000581662985496223 0.01119958981871605 -0.005495904944837093
v 5.439339929580456e-06 0.011199950240552425 -0.00549995806068182
v -0.0005719389882870018 0.011199950240552425 -0.005420804023742676
v 0.0005734669975936413 0.011199950240552425 -0.005427299998700619
v 5.439339929580456e-06 0.011199950240552425 -0.00549995806068182
v -1.6316498658852652e-05 0.011199950240552425 -0.00549995806068182
v -0.0005719389882870018 0.011199950240552425 -0.005420804023742676
v 5.439339929580456e-06 0.011199950240552425 -0.00549995806068182
v 0.0 0.01119958981871605 -0.005526601802557707
v -0.0005719389882870018 0.011199950240552425 -0.005420804023742676
v -1.6316498658852652e-05 0.011199950240552425 -0.00549995806068182
v 0.0016981359804049134 0.011199950240552425 -0.005195498000830412
v 0.00138008501380682 0.011199950240552425 -0.0053240652196109295
v 0.0005734669975936413 0.011199950240552425 -0.005427299998700619
v -0.0005719389882870018 0.011199950240552425 -0.005420804023742676
v 0.0016981359804049134 0.011199950240552425 -0.005195498000830412
v 0.0005734669975936413 0.011199950240552425 -0.005427299998700619
v 0.00138008501380682 0.011199950240552425 -0.0053240652196109295
v 0.000581662985496223 0.01119958981871605 -0.005495904944837093
v 0.0005734669975936413 0.011199950240552425 -0.005427299998700619
v -0.0017023079562932253 0.011199950240552425 -0.005207180045545101
v 0.0016981359804049134 0.011199950240552425 -0.005195498000830412
v -0.0005719389882870018 0.011199950240552425 -0.005420804023742676
v -0.0015200970228761435 0.011199950240552425 -0.005285799037665129
v -0.0017023079562932253 0.011199950240552425 -0.005207180045545101
v -0.0005719389882870018 0.011199950240552425 -0.005420804023742676
v -0.000581662985496223 0.01119958981871605 -0.005495904944837093
v -0.0015200970228761435 0.011199950240552425 -0.005285799037665129
v -0.0005719389882870018 0.011199950240552425 -0.005420804023742676
v 0.0 0.01119958981871605 -0.005526601802557707
v -0.000581662985496223 0.01119958981871605 -0.005495904944837093
v -0.0005719389882870018 0.011199950240552425 -0.005420804023742676
v 0.001719175954349339 0.01119958981871605 -0.005252360831946135
v 0.000581662985496223 0.01119958981871605 -0.005495904944837093
v 0.00138008501380682 0.011199950240552425 -0.0053240652196109295
v 0.0016981359804049134 0.011199950240552425 -0.005195498000830412
v 0.001719175954349339 0.01119958981871605 -0.005252360831946135
v 0.00138008501380682 0.011199950240552425 -0.0053240652196109295
v -0.001719175954349339 0.01119958981871605 -0.005252360831946135
v -0.0017023079562932253 0.011199950240552425 -0.005207180045545101
v -0.0015200970228761435 0.011199950240552425 -0.005285799037665129
v -0.000581662985496223 0.01119958981871605 -0.005495904944837093
v -0.001719175954349339 0.01119958981871605 -0.005252360831946135
v -0.0015200970228761435 0.011199950240552425 -0.005285799037665129
v 0.002707839012145996 0.011199950240552425 -0.0047872657887637615
v 0.0016981359804049134 0.011199950240552425 -0.005195498000830412
v -0.0017023079562932253 0.011199950240552425 -0.005207180045545101
v 0.0027618398889899254 0.011199950240552425 -0.004746198188513517
v 0.002707839012145996 0.011199950240552425 -0.0047872657887637615
v -0.0017023079562932253 0.011199950240552425 -0.005207180045545101
v -0.0027652380522340536 0.011199950240552425 -0.004748641978949308
v 0.0027618398889899254 0.011199950240552425 -0.004746198188513517
v -0.0017023079562932253 0.011199950240552425 -0.005207180045545101
v -0.0027805559802800417 0.01119958981871605 -0.004776120185852051
v -0.0027652380522340536 0.011199950240552425 -0.004748641978949308
v -0.0017023079562932253 0.011199950240552425 -0.005207180045545101
v -0.001719175954349339 0.01119958981871605 -0.005252360831946135
v -0.0027805559802800417 0.01119958981871605 -0.004776120185852051
v -0.0017023079562932253 0.011199950240552425 -0.005207180045545101
v 0.002707839012145996 0.011199950240552425 -0.0047872657887637615
v 0.001719175954349339 0.01119958981871605 -0.005252360831946135
v 0.0016981359804049134 0.011199950240552425 -0.005195498000830412
v 0.0027805559802800417 0.01119958981871605 -0.004776120185852051
v 0.001719175954349339 0.01119958981871605 -0.005252360831946135
v 0.002707839012145996 0.011199950240552425 -0.0047872657887637615
v 0.0027618398889899254 0.011199950240552425 -0.004746198188513517
v 0.0027805559802800417 0.01119958981871605 -0.004776120185852051
v 0.002707839012145996 0.011199950240552425 -0.0047872657887637615
v -0.00280165602453053 0.011199950240552425 -0.004732905887067318
v 0.0027618398889899254 0.011199950240552425 -0.004746198188513517
v -0.0027652380522340536 0.011199950240552425 -0.004748641978949308
v -0.0027805559802800417 0.01119958981871605 -0.004776120185852051
v -0.00280165602453053 0.011199950240552425 -0.004732905887067318
v -0.0027652380522340536 0.011199950240552425 -0.004748641978949308
v -0.004787147045135498 0.011199950240552425 -0.0027080168947577477
v -0.005000590812414885 0.011199950240552425 -0.0021802179981023073
v 0.0027618398889899254 0.011199950240552425 -0.004746198188513517
v -0.00280165602453053 0.011199950240552425 -0.004732905887067318
v -0.003684638999402523 0.011199950240552425 -0.004047690890729427
v 0.0027618398889899254 0.011199950240552425 -0.004746198188513517
v -0.003684638999402523 0.011199950240552425 -0.004047690890729427
v -0.003889082930982113 0.011199950240552425 -0.003889082930982113
v 0.0027618398889899254 0.011199950240552425 -0.004746198188513517
v -0.003889082930982113 0.011199950240552425 -0.003889082930982113
v -0.004432260058820248 0.011199950240552425 -0.003174721961840987
v 0.0027618398889899254 0.011199950240552425 -0.004746198188513517
v -0.004432260058820248 0.011199950240552425 -0.003174721961840987
v -0.004787147045135498 0.011199950240552425 -0.0027080168947577477
v 0.0027618398889899254 0.011199950240552425 -0.004746198188513517
v -0.005000590812414885 0.011199950240552425 -0.0021802179981023073
v 0.0036832690238952637 0.011199950240552425 -0.004045546054840088
v 0.0027618398889899254 0.011199950240552425 -0.004746198188513517
v 0.0036832690238952637 0.011199950240552425 -0.004045546054840088
v 0.0027805559802800417 0.01119958981871605 -0.004776120185852051
v 0.0027618398889899254 0.011199950240552425 -0.004746198188513517
v -0.0027805559802800417 0.01119958981871605 -0.004776120185852051
v -0.003684638999402523 0.011199950240552425 -0.004047690890729427
v -0.00280165602453053 0.011199950240552425 -0.004732905887067318
v -0.0027805559802800417 0.01119958981871605 -0.004776120185852051
v -0.00371873308904469 0.01119958981871605 -0.004088282119482756
v -0.003684638999402523 0.011199950240552425 -0.004047690890729427
v -0.00371873308904469 0.01119958981871605 -0.004088282119482756
v -0.003889082930982113 0.011199950240552425 -0.003889082930982113
v -0.003684638999402523 0.011199950240552425 -0.004047690890729427
v -0.005000590812414885 0.011199950240552425 -0.0021802179981023073
v 0.003889082930982113 0.011199950240552425 -0.003889082930982113
v 0.0036832690238952637 0.011199950240552425 -0.004045546054840088
v 0.00371873308904469 0.01119958981871605 -0.004088282119482756
v 0.0027805559802800417 0.01119958981871605 -0.004776120185852051
v 0.0036832690238952637 0.011199950240552425 -0.004045546054840088
v 0.003889082930982113 0.011199950240552425 -0.003889082930982113
v 0.00371873308904469 0.01119958981871605 -0.004088282119482756
v 0.0036832690238952637 0.011199950240552425 -0.004045546054840088
v -0.005000590812414885 0.011199950240552425 -0.0021802179981023073
v 0.004438340198248625 0.011199950240552425 -0.003178894054144621
v 0.003889082930982113 0.011199950240552425 -0.003889082930982113
v 0.004438340198248625 0.011199950240552425 -0.003178894054144621
v 0.0044921631924808025 0.01119958981871605 -0.0032193060033023357
v 0.003889082930982113 0.011199950240552425 -0.003889082930982113
v 0.0044921631924808025 0.01119958981871605 -0.0032193060033023357
v 0.00371873308904469 0.01119958981871605 -0.004088282119482756
v 0.003889082930982113 0.011199950240552425 -0.003889082930982113
v -0.00371873308904469 0.01119958981871605 -0.004088282119482756
v -0.0044921631924808025 0.01119958981871605 -0.0032193060033023357
v -0.003889082930982113 0.011199950240552425 -0.003889082930982113
v -0.0044921631924808025 0.01119958981871605 -0.0032193060033023357
v -0.004432260058820248 0.011199950240552425 -0.003174721961840987
v -0.003889082930982113 0.011199950240552425 -0.003889082930982113
v -0.005000590812414885 0.011199950240552425 -0.0021802179981023073
v 0.004741727840155363 0.011199950240552425 -0.0027866950258612633
v 0.004438340198248625 0.011199950240552425 -0.003178894054144621
v 0.004741727840155363 0.011199950240552425 -0.0027866950258612633
v 0.0044921631924808025 0.01119958981871605 -0.0032193060033023357
v 0.004438340198248625 0.011199950240552425 -0.003178894054144621
v -0.0044921631924808025 0.01119958981871605 -0.0032193060033023357
v -0.004787147045135498 0.011199950240552425 -0.0027080168947577477
v -0.004432260058820248 0.011199950240552425 -0.003174721961840987
v -0.005000590812414885 0.011199950240552425 -0.0021802179981023073
v 0.0050012459978461266 0.011199950240552425 -0.002179563045501709
v 0.004741727840155363 0.011199950240552425 -0.0027866950258612633
v 0.0050012459978461266 0.011199950240552425 -0.002179563045501709
v 0.005066514015197754 0.01119958981871605 -0.0022076359018683434
v 0.004741727840155363 0.011199950240552425 -0.0027866950258612633
v 0.005066514015197754 0.01119958981871605 -0.0022076359018683434
v 0.004805624019354582 0.01119958981871605 -0.0027292959857732058
v 0.004741727840155363 0.011199950240552425 -0.0027866950258612633
v 0.004805624019354582 0.01119958981871605 -0.0027292959857732058
v 0.0044921631924808025 0.01119958981871605 -0.0032193060033023357
v 0.004741727840155363 0.011199950240552425 -0.0027866950258612633
v -0.0044921631924808025 0.01119958981871605 -0.0032193060033023357
v -0.004805624019354582 0.01119958981871605 -0.0027292959857732058
v -0.004787147045135498 0.011199950240552425 -0.0027080168947577477
v -0.004805624019354582 0.01119958981871605 -0.0027292959857732058
v -0.005000590812414885 0.011199950240552425 -0.0021802179981023073
v -0.004787147045135498 0.011199950240552425 -0.0027080168947577477
v 0.005122721195220947 0.011199950240552425 0.0020021789241582155
v 0.005317269824445248 0.011199950240552425 0.0011978739639744163
v -0.005000590812414885 0.011199950240552425 -0.0021802179981023073
v 0.005317269824445248 0.011199950240552425 0.0011978739639744163
v 0.0054718852043151855 0.011199950240552425 0.0005587179912254214
v -0.005000590812414885 0.011199950240552425 -0.0021802179981023073
v 0.0054718852043151855 0.011199950240552425 0.0005587179912254214
v 0.00549697782844305 0.011199950240552425 5.9510402934392914e-05
v -0.005000590812414885 0.011199950240552425 -0.0021802179981023073
v -0.005324006080627441 0.011199950240552425 -0.0013803240144625306
v 0.004399954807013273 0.011199950240552425 0.0032999510876834393
v -0.005000590812414885 0.011199950240552425 -0.0021802179981023073
v 0.004399954807013273 0.011199950240552425 0.0032999510876834393
v 0.004962979815900326 0.011199950240552425 0.0022889371030032635
v -0.005000590812414885 0.011199950240552425 -0.0021802179981023073
v 0.004962979815900326 0.011199950240552425 0.0022889371030032635
v 0.005122721195220947 0.011199950240552425 0.0020021789241582155
v -0.005000590812414885 0.011199950240552425 -0.0021802179981023073
v 0.00549697782844305 0.011199950240552425 5.9510402934392914e-05
v 0.00549995806068182 0.011199950240552425 0.0
v -0.005000590812414885 0.011199950240552425 -0.0021802179981023073
v 0.00549995806068182 0.011199950240552425 0.0
v 0.0053487420082092285 0.011199950240552425 -0.001087069045752287
v -0.005000590812414885 0.011199950240552425 -0.0021802179981023073
v 0.0053487420082092285 0.011199950240552425 -0.001087069045752287
v 0.0052911038510501385 0.011199950240552425 -0.0015014410018920898
v -0.005000590812414885 0.011199950240552425 -0.0021802179981023073
v 0.0052911038510501385 0.011199950240552425 -0.0015014410018920898
v 0.0050012459978461266 0.011199950240552425 -0.002179563045501709
v -0.005000590812414885 0.011199950240552425 -0.0021802179981023073
v -0.005066514015197754 0.01119958981871605 -0.0022076359018683434
v -0.005324006080627441 0.011199950240552425 -0.0013803240144625306
v -0.005000590812414885 0.011199950240552425 -0.0021802179981023073
v -0.004805624019354582 0.01119958981871605 -0.0027292959857732058
v -0.005066514015197754 0.01119958981871605 -0.0022076359018683434
v -0.005000590812414885 0.011199950240552425 -0.0021802179981023073
v 0.0052911038510501385 0.011199950240552425 -0.0015014410018920898
v 0.005271433852612972 0.01119958981871605 -0.0016598099609836936
v 0.0050012459978461266 0.011199950240552425 -0.002179563045501709
v 0.005271433852612972 0.01119958981871605 -0.0016598099609836936
v 0.005066514015197754 0.01119958981871605 -0.0022076359018683434
v 0.0050012459978461266 0.011199950240552425 -0.002179563045501709
v 0.00541639281436801 0.01119958981871605 -0.0010981550440192223
v 0.005271433852612972 0.01119958981871605 -0.0016598099609836936
v 0.0052911038510501385 0.011199950240552425 -0.0015014410018920898
v 0.0053487420082092285 0.011199950240552425 -0.001087069045752287
v 0.00541639281436801 0.01119958981871605 -0.0010981550440192223
v 0.0052911038510501385 0.011199950240552425 -0.0015014410018920898
v -0.005361080169677734 0.011199950240552425 -0.001089154975488782
v 0.004399954807013273 0.011199950240552425 0.0032999510876834393
v -0.005324006080627441 0.011199950240552425 -0.0013803240144625306
v -0.00541639281436801 0.01119958981871605 -0.0010981550440192223
v -0.005361080169677734 0.011199950240552425 -0.001089154975488782
v -0.005324006080627441 0.011199950240552425 -0.0013803240144625306
v -0.005066514015197754 0.01119958981871605 -0.0022076359018683434
v -0.00541639281436801 0.01119958981871605 -0.0010981550440192223
v -0.005324006080627441 0.011199950240552425 -0.0013803240144625306
v -0.00549995806068182 0.011199950240552425 0.0
v 0.004399954807013273 0.011199950240552425 0.0032999510876834393
v -0.005361080169677734 0.011199950240552425 -0.001089154975488782
v -0.00541639281436801 0.01119958981871605 -0.0010981550440192223
v -0.00549995806068182 0.011199950240552425 0.0
v -0.005361080169677734 0.011199950240552425 -0.001089154975488782
v 0.00549995806068182 0.011199950240552425 0.0
v 0.00541639281436801 0.01119958981871605 -0.0010981550440192223
v 0.0053487420082092285 0.011199950240552425 -0.001087069045752287
v 0.00549697782844305 0.011199950240552425 5.9510402934392914e-05
v 0.0055262441746890545 0.01119958981871605 5.9934995078947395e-05
v 0.00549995806068182 0.011199950240552425 0.0
v 0.0055262441746890545 0.01119958981871605 5.9934995078947395e-05
v 0.00541639281436801 0.01119958981871605 -0.0010981550440192223
v 0.00549995806068182 0.011199950240552425 0.0
v -0.005491971038281918 0.011199950240552425 5.8601395721780136e-05
v 0.004399954807013273 0.011199950240552425 0.0032999510876834393
v -0.00549995806068182 0.011199950240552425 0.0
v -0.00541639281436801 0.01119958981871605 -0.0010981550440192223
v -0.0055262441746890545 0.01119958981871605 5.9934995078947395e-05
v -0.00549995806068182 0.011199950240552425 0.0
v -0.0055262441746890545 0.01119958981871605 5.9934995078947395e-05
v -0.005491971038281918 0.011199950240552425 5.8601395721780136e-05
v -0.00549995806068182 0.011199950240552425 0.0
v 0.004102586768567562 0.011199950240552425 0.0038675060495734215
v 0.004399954807013273 0.011199950240552425 0.0032999510876834393
v -0.005491971038281918 0.011199950240552425 5.8601395721780136e-05
v -0.005335748195648193 0.011199950240552425 0.0012055030092597008
v 0.004102586768567562 0.011199950240552425 0.0038675060495734215
v -0.005491971038281918 0.011199950240552425 5.8601395721780136e-05
v -0.0055262441746890545 0.01119958981871605 5.9934995078947395e-05
v -0.005391298793256283 0.01119958981871605 0.0012153979623690248
v -0.005491971038281918 0.011199950240552425 5.8601395721780136e-05
v -0.005391298793256283 0.01119958981871605 0.0012153979623690248
v -0.005335748195648193 0.011199950240552425 0.0012055030092597008
v -0.005491971038281918 0.011199950240552425 5.8601395721780136e-05
v 0.0054718852043151855 0.011199950240552425 0.0005587179912254214
v 0.0055262441746890545 0.01119958981871605 5.9934995078947395e-05
v 0.00549697782844305 0.011199950240552425 5.9510402934392914e-05
v 0.005391298793256283 0.01119958981871605 0.0012153979623690248
v 0.005488215945661068 0.01119958981871605 0.0006503489566966891
v 0.0054718852043151855 0.011199950240552425 0.0005587179912254214
v 0.005317269824445248 0.011199950240552425 0.0011978739639744163
v 0.005391298793256283 0.01119958981871605 0.0012153979623690248
v 0.0054718852043151855 0.011199950240552425 0.0005587179912254214
v 0.005488215945661068 0.01119958981871605 0.0006503489566966891
v 0.0055262441746890545 0.01119958981871605 5.9934995078947395e-05
v 0.0054718852043151855 0.011199950240552425 0.0005587179912254214
v 0.005122721195220947 0.011199950240552425 0.0020021789241582155
v 0.005391298793256283 0.01119958981871605 0.0012153979623690248
v 0.005317269824445248 0.011199950240552425 0.0011978739639744163
v -0.005299448035657406 0.011199950240552425 0.0014718170277774334
v 0.004102586768567562 0.011199950240552425 0.0038675060495734215
v -0.005335748195648193 0.011199950240552425 0.0012055030092597008
v -0.005391298793256283 0.01119958981871605 0.0012153979623690248
v -0.005299448035657406 0.011199950240552425 0.0014718170277774334
v -0.005335748195648193 0.011199950240552425 0.0012055030092597008
v -0.004948973190039396 0.011199950240552425 0.0022867911029607058
v 0.004102586768567562 0.011199950240552425 0.0038675060495734215
v -0.005299448035657406 0.011199950240552425 0.0014718170277774334
v -0.005391298793256283 0.01119958981871605 0.0012153979623690248
v -0.00501745892688632 0.01119958981871605 0.0023170108906924725
v -0.005299448035657406 0.011199950240552425 0.0014718170277774334
v -0.00501745892688632 0.01119958981871605 0.0023170108906924725
v -0.004948973190039396 0.011199950240552425 0.0022867911029607058
v -0.005299448035657406 0.011199950240552425 0.0014718170277774334
v 0.00501745892688632 0.01119958981871605 0.0023170108906924725
v 0.005391298793256283 0.01119958981871605 0.0012153979623690248
v 0.005122721195220947 0.011199950240552425 0.0020021789241582155
v 0.004962979815900326 0.011199950240552425 0.0022889371030032635
v 0.00501745892688632 0.01119958981871605 0.0023170108906924725
v 0.005122721195220947 0.011199950240552425 0.0020021789241582155
v -0.0047126999124884605 0.011199950240552425 0.002836167113855481
v 0.004102586768567562 0.011199950240552425 0.0038675060495734215
v -0.004948973190039396 0.011199950240552425 0.0022867911029607058
v -0.00501745892688632 0.01119958981871605 0.0023170108906924725
v -0.0047126999124884605 0.011199950240552425 0.002836167113855481
v -0.004948973190039396 0.011199950240552425 0.0022867911029607058
v 0.004399954807013273 0.011199950240552425 0.0032999510876834393
v 0.00501745892688632 0.01119958981871605 0.0023170108906924725
v 0.004962979815900326 0.011199950240552425 0.0022889371030032635
v -0.004399954807013273 0.011199950240552425 0.0032999510876834393
v 0.004102586768567562 0.011199950240552425 0.0038675060495734215
v -0.0047126999124884605 0.011199950240552425 0.002836167113855481
v -0.00501745892688632 0.01119958981871605 0.0023170108906924725
v -0.00473707914352417 0.01119958981871605 0.002846657996997237
v -0.0047126999124884605 0.011199950240552425 0.002836167113855481
v -0.00473707914352417 0.01119958981871605 0.002846657996997237
v -0.004399954807013273 0.011199950240552425 0.0032999510876834393
v -0.0047126999124884605 0.011199950240552425 0.002836167113855481
v 0.004420994780957699 0.01119691040366888 0.003315746085718274
v 0.00501745892688632 0.01119958981871605 0.0023170108906924725
v 0.004399954807013273 0.011199950240552425 0.0032999510876834393
v 0.004102586768567562 0.011199950240552425 0.0038675060495734215
v 0.004420994780957699 0.01119691040366888 0.003315746085718274
v 0.004399954807013273 0.011199950240552425 0.0032999510876834393
v -0.004102586768567562 0.011199950240552425 0.0038675060495734215
v 0.004102586768567562 0.011199950240552425 0.0038675060495734215
v -0.004399954807013273 0.011199950240552425 0.0032999510876834393
v -0.004421292804181576 0.01119958981871605 0.0033159248996526003
v -0.004102586768567562 0.011199950240552425 0.0038675060495734215
v -0.004399954807013273 0.011199950240552425 0.0032999510876834393
v -0.00473707914352417 0.01119958981871605 0.002846657996997237
v -0.004421292804181576 0.01119958981871605 0.0033159248996526003
v -0.004399954807013273 0.011199950240552425 0.0032999510876834393
v -0.004102586768567562 0.011199950240552425 0.0038675060495734215
v -0.003999948035925627 0.011199950240552425 0.004499970935285091
v 0.004102586768567562 0.011199950240552425 0.0038675060495734215
v -0.003999948035925627 0.011199950240552425 0.004499970935285091
v 0.003999948035925627 0.011199950240552425 0.004499970935285091
v 0.004102586768567562 0.011199950240552425 0.0038675060495734215
v 0.003999948035925627 0.011199950240552425 0.004499970935285091
v 0.00431901216506958 0.01117360033094883 0.0039396281354129314
v 0.004102586768567562 0.011199950240552425 0.0038675060495734215
v 0.00431901216506958 0.01117360033094883 0.0039396281354129314
v 0.004420994780957699 0.01119691040366888 0.003315746085718274
v 0.004102586768567562 0.011199950240552425 0.0038675060495734215
v -0.004421292804181576 0.01119958981871605 0.0033159248996526003
v -0.00431901216506958 0.01117360033094883 0.0039396281354129314
v -0.004102586768567562 0.011199950240552425 0.0038675060495734215
v -0.004228115081787109 0.01117360033094883 0.004499970935285091
v -0.003999948035925627 0.011199950240552425 0.004499970935285091
v -0.004102586768567562 0.011199950240552425 0.0038675060495734215
v -0.00431901216506958 0.01117360033094883 0.0039396281354129314
v -0.004228115081787109 0.01117360033094883 0.004499970935285091
v -0.004102586768567562 0.011199950240552425 0.0038675060495734215
v -0.003999948035925627 0.011199950240552425 0.004499970935285091
v 0.003999948035925627 0.011199950240552425 0.007123887073248625
v 0.003999948035925627 0.011199950240552425 0.004499970935285091
v 0.004228115081787109 0.01117360033094883 0.004499970935285091
v 0.00431901216506958 0.01117360033094883 0.0039396281354129314
v 0.003999948035925627 0.011199950240552425 0.004499970935285091
v 0.003999948035925627 0.011199950240552425 0.007123887073248625
v 0.004228115081787109 0.01117360033094883 0.004499970935285091
v 0.003999948035925627 0.011199950240552425 0.004499970935285091
v -0.003999948035925627 0.011199950240552425 0.007123887073248625
v 0.003999948035925627 0.011199950240552425 0.007123887073248625
v -0.003999948035925627 0.011199950240552425 0.004499970935285091
v -0.004228115081787109 0.01117360033094883 0.007123887073248625
v -0.003999948035925627 0.011199950240552425 0.007123887073248625
v -0.003999948035925627 0.011199950240552425 0.004499970935285091
v -0.004228115081787109 0.01117360033094883 0.004499970935285091
v -0.004228115081787109 0.01117360033094883 0.007123887073248625
v -0.003999948035925627 0.011199950240552425 0.004499970935285091
v -0.0041980138048529625 0.011199950240552425 0.00799167063087225
v 0.004139124881476164 0.011199950240552425 0.007712244056165218
v 0.003999948035925627 0.011199950240552425 0.007123887073248625
v -0.004134594928473234 0.011199950240552425 0.007713675033301115
v -0.0041980138048529625 0.011199950240552425 0.00799167063087225
v 0.003999948035925627 0.011199950240552425 0.007123887073248625
v -0.003999948035925627 0.011199950240552425 0.007123887073248625
v -0.004134594928473234 0.011199950240552425 0.007713675033301115
v 0.003999948035925627 0.011199950240552425 0.007123887073248625
v 0.004228115081787109 0.01117360033094883 0.007123887073248625
v 0.004228115081787109 0.01117360033094883 0.004499970935285091
v 0.003999948035925627 0.011199950240552425 0.007123887073248625
v 0.004139124881476164 0.011199950240552425 0.007712244056165218
v 0.004228115081787109 0.01117360033094883 0.007123887073248625
v 0.003999948035925627 0.011199950240552425 0.007123887073248625
v -0.004309594165533781 0.01117360033094883 0.007655024062842131
v -0.004134594928473234 0.011199950240552425 0.007713675033301115
v -0.003999948035925627 0.011199950240552425 0.007123887073248625
v -0.004228115081787109 0.01117360033094883 0.007123887073248625
v -0.004309594165533781 0.01117360033094883 0.007655024062842131
v -0.003999948035925627 0.011199950240552425 0.007123887073248625
v -0.0041980138048529625 0.011199950240552425 0.00799167063087225
v 0.004211902152746916 0.011199950240552425 0.00801986362785101
v 0.004139124881476164 0.011199950240552425 0.007712244056165218
v 0.004211902152746916 0.011199950240552425 0.00801986362785101
v 0.004546523094177246 0.01117360033094883 0.008137345314025879
v 0.004139124881476164 0.011199950240552425 0.007712244056165218
v 0.004309594165533781 0.01117360033094883 0.007655024062842131
v 0.004228115081787109 0.01117360033094883 0.007123887073248625
v 0.004139124881476164 0.011199950240552425 0.007712244056165218
v 0.004546523094177246 0.01117360033094883 0.008137345314025879
v 0.004309594165533781 0.01117360033094883 0.007655024062842131
v 0.004139124881476164 0.011199950240552425 0.007712244056165218
v -0.004309594165533781 0.01117360033094883 0.007655024062842131
v -0.0041980138048529625 0.011199950240552425 0.00799167063087225
v -0.004134594928473234 0.011199950240552425 0.007713675033301115
v 0.005999981891363859 0.011199950240552425 0.009526251815259457
v 0.005375145934522152 0.011199950240552425 0.009137094020843506
v -0.0041980138048529625 0.011199950240552425 0.00799167063087225
v 0.005375145934522152 0.011199950240552425 0.009137094020843506
v 0.004777729045599699 0.011199950240552425 0.008706985972821712
v -0.0041980138048529625 0.011199950240552425 0.00799167063087225
v 0.004777729045599699 0.011199950240552425 0.008706985972821712
v 0.004393159877508879 0.011199950240552425 0.008239983581006527
v -0.0041980138048529625 0.011199950240552425 0.00799167063087225
v 0.004393159877508879 0.011199950240552425 0.008239983581006527
v 0.004211902152746916 0.011199950240552425 0.00801986362785101
v -0.0041980138048529625 0.011199950240552425 0.00799167063087225
v 0.005999981891363859 0.011199950240552425 0.018399950116872787
v 0.005999981891363859 0.011199950240552425 0.009526251815259457
v -0.0041980138048529625 0.011199950240552425 0.00799167063087225
v -0.0043970937840640545 0.011199950240552425 0.008237241767346859
v 0.005999981891363859 0.011199950240552425 0.018399950116872787
v -0.0041980138048529625 0.011199950240552425 0.00799167063087225
v -0.004309594165533781 0.01117360033094883 0.007655024062842131
v -0.0043970937840640545 0.011199950240552425 0.008237241767346859
v -0.0041980138048529625 0.011199950240552425 0.00799167063087225
v 0.004393159877508879 0.011199950240552425 0.008239983581006527
v 0.004546523094177246 0.01117360033094883 0.008137345314025879
v 0.004211902152746916 0.011199950240552425 0.00801986362785101
v -0.004777729045599699 0.011199950240552425 0.008706985972821712
v 0.005999981891363859 0.011199950240552425 0.018399950116872787
v -0.0043970937840640545 0.011199950240552425 0.008237241767346859
v -0.00491714384406805 0.01117360033094883 0.008526383899152279
v -0.004777729045599699 0.011199950240552425 0.008706985972821712
v -0.0043970937840640545 0.011199950240552425 0.008237241767346859
v -0.004309594165533781 0.01117360033094883 0.007655024062842131
v -0.004546523094177246 0.01117360033094883 0.008137345314025879
v -0.0043970937840640545 0.011199950240552425 0.008237241767346859
v -0.004546523094177246 0.01117360033094883 0.008137345314025879
v -0.00491714384406805 0.01117360033094883 0.008526383899152279
v -0.0043970937840640545 0.011199950240552425 0.008237241767346859
v 0.004777729045599699 0.011199950240552425 0.008706985972821712
v 0.004546523094177246 0.01117360033094883 0.008137345314025879
v 0.004393159877508879 0.011199950240552425 0.008239983581006527
v 0.00491714384406805 0.01117360033094883 0.008526383899152279
v 0.004546523094177246 0.01117360033094883 0.008137345314025879
v 0.004777729045599699 0.011199950240552425 0.008706985972821712
v 0.005375145934522152 0.011199950240552425 0.009137094020843506
v 0.00491714384406805 0.01117360033094883 0.008526383899152279
v 0.004777729045599699 0.011199950240552425 0.008706985972821712
v -0.005375145934522152 0.011199950240552425 0.009137094020843506
v 0.005999981891363859 0.011199950240552425 0.018399950116872787
v -0.004777729045599699 0.011199950240552425 0.008706985972821712
v -0.00491714384406805 0.01117360033094883 0.008526383899152279
v -0.005375145934522152 0.011199950240552425 0.009137094020843506
v -0.004777729045599699 0.011199950240552425 0.008706985972821712
v 0.005999981891363859 0.011199950240552425 0.009526251815259457
v 0.006114006042480469 0.01117360033094883 0.009328722022473812
v 0.005375145934522152 0.011199950240552425 0.009137094020843506
v 0.006114006042480469 0.01117360033094883 0.009328722022473812
v 0.00491714384406805 0.01117360033094883 0.008526383899152279
v 0.005375145934522152 0.011199950240552425 0.009137094020843506
v -0.005999981891363859 0.011199950240552425 0.009526251815259457
v -0.005999981891363859 0.011199950240552425 0.018399950116872787
v -0.005375145934522152 0.011199950240552425 0.009137094020843506
v -0.005999981891363859 0.011199950240552425 0.018399950116872787
v 0.005999981891363859 0.011199950240552425 0.018399950116872787
v -0.005375145934522152 0.011199950240552425 0.009137094020843506
v -0.00491714384406805 0.01117360033094883 0.008526383899152279
v -0.005999981891363859 0.011199950240552425 0.009526251815259457
v -0.005375145934522152 0.011199950240552425 0.009137094020843506
v 0.005999981891363859 0.011199950240552425 0.018399950116872787
v 0.0066644540056586266 0.011136289685964584 0.009784400463104248
v 0.005999981891363859 0.011199950240552425 0.009526251815259457
v 0.0066644540056586266 0.011136289685964584 0.009784400463104248
v 0.006114006042480469 0.01117360033094883 0.009328722022473812
v 0.005999981891363859 0.011199950240552425 0.009526251815259457
v -0.006669758819043636 0.011135280132293701 0.009786367416381836
v -0.005999981891363859 0.011199950240552425 0.018399950116872787
v -0.005999981891363859 0.011199950240552425 0.009526251815259457
v -0.00491714384406805 0.01117360033094883 0.008526383899152279
v -0.006114006042480469 0.01117360033094883 0.009328722022473812
v -0.005999981891363859 0.011199950240552425 0.009526251815259457
v -0.006114006042480469 0.01117360033094883 0.009328722022473812
v -0.006669758819043636 0.011135280132293701 0.009786367416381836
v -0.005999981891363859 0.011199950240552425 0.009526251815259457
v -0.00641399621963501 0.011199950240552425 0.031099969521164894
v 0.006197690032422543 0.011199950240552425 0.018405670300126076
v 0.005999981891363859 0.011199950240552425 0.018399950116872787
v -0.00673329783603549 0.011199950240552425 0.0310476403683424
v -0.00641399621963501 0.011199950240552425 0.031099969521164894
v 0.005999981891363859 0.011199950240552425 0.018399950116872787
v -0.007019102107733488 0.011199950240552425 0.03089611977338791
v -0.00673329783603549 0.011199950240552425 0.0310476403683424
v 0.005999981891363859 0.011199950240552425 0.018399950116872787
v -0.005999981891363859 0.011199950240552425 0.018399950116872787
v -0.007019102107733488 0.011199950240552425 0.03089611977338791
v 0.005999981891363859 0.011199950240552425 0.018399950116872787
v 0.006902514956891537 0.011081569828093052 0.018399950116872787
v 0.0066644540056586266 0.011136289685964584 0.009784400463104248
v 0.005999981891363859 0.011199950240552425 0.018399950116872787
v 0.006197690032422543 0.011199950240552425 0.018405670300126076
v 0.006902514956891537 0.011081569828093052 0.018399950116872787
v 0.005999981891363859 0.011199950240552425 0.018399950116872787
v -0.006692409049719572 0.011199950240552425 0.018468260765075684
v -0.007019102107733488 0.011199950240552425 0.03089611977338791
v -0.005999981891363859 0.011199950240552425 0.018399950116872787
v -0.006902514956891537 0.011081569828093052 0.018399950116872787
v -0.006692409049719572 0.011199950240552425 0.018468260765075684
v -0.005999981891363859 0.011199950240552425 0.018399950116872787
v -0.006669758819043636 0.011135280132293701 0.009786367416381836
v -0.006902514956891537 0.011081569828093052 0.018399950116872787
v -0.005999981891363859 0.011199950240552425 0.018399950116872787
v 0.00641399621963501 0.011199950240552425 0.031099969521164894
v 0.006867825053632259 0.011199950240552425 0.018506279215216637
v 0.006197690032422543 0.011199950240552425 0.018405670300126076
v -0.00641399621963501 0.011199950240552425 0.031099969521164894
v 0.00641399621963501 0.011199950240552425 0.031099969521164894
v 0.006197690032422543 0.011199950240552425 0.018405670300126076
v 0.006867825053632259 0.011199950240552425 0.018506279215216637
v 0.006902514956891537 0.011081569828093052 0.018399950116872787
v 0.006197690032422543 0.011199950240552425 0.018405670300126076
v -0.006938635837286711 0.011199950240552425 0.018538229167461395
v -0.007019102107733488 0.011199950240552425 0.03089611977338791
v -0.006692409049719572 0.011199950240552425 0.018468260765075684
v -0.006902514956891537 0.011081569828093052 0.018399950116872787
v -0.006938635837286711 0.011199950240552425 0.018538229167461395
v -0.006692409049719572 0.011199950240552425 0.018468260765075684
v 0.00641399621963501 0.011199950240552425 0.031099969521164894
v 0.00693583395332098 0.011199950240552425 0.01852858066558838
v 0.006867825053632259 0.011199950240552425 0.018506279215216637
v 0.00693583395332098 0.011199950240552425 0.01852858066558838
v 0.006902514956891537 0.011081569828093052 0.018399950116872787
v 0.006867825053632259 0.011199950240552425 0.018506279215216637
v 0.00641399621963501 0.011199950240552425 0.031099969521164894
v 0.007575809024274349 0.011199950240552425 0.018738500773906708
v 0.00693583395332098 0.011199950240552425 0.01852858066558838
v 0.007575809024274349 0.011199950240552425 0.018738500773906708
v 0.008006571792066097 0.010567660443484783 0.018399950116872787
v 0.00693583395332098 0.011199950240552425 0.01852858066558838
v 0.008006571792066097 0.010567660443484783 0.018399950116872787
v 0.006921947002410889 0.011072570458054543 0.018399950116872787
v 0.00693583395332098 0.011199950240552425 0.01852858066558838
v 0.006921947002410889 0.011072570458054543 0.018399950116872787
v 0.006902514956891537 0.011081569828093052 0.018399950116872787
v 0.00693583395332098 0.011199950240552425 0.01852858066558838
v -0.007395863067358732 0.011199950240552425 0.01866810955107212
v -0.007019102107733488 0.011199950240552425 0.03089611977338791
v -0.006938635837286711 0.011199950240552425 0.018538229167461395
v -0.006921947002410889 0.011072570458054543 0.018399950116872787
v -0.007395863067358732 0.011199950240552425 0.01866810955107212
v -0.006938635837286711 0.011199950240552425 0.018538229167461395
v -0.006902514956891537 0.011081569828093052 0.018399950116872787
v -0.006921947002410889 0.011072570458054543 0.018399950116872787
v -0.006938635837286711 0.011199950240552425 0.018538229167461395
v -0.00825423002243042 0.011199950240552425 0.01906316913664341
v -0.007019102107733488 0.011199950240552425 0.03089611977338791
v -0.007395863067358732 0.011199950240552425 0.01866810955107212
v -0.008006571792066097 0.010567660443484783 0.018399950116872787
v -0.00825423002243042 0.011199950240552425 0.01906316913664341
v -0.007395863067358732 0.011199950240552425 0.01866810955107212
v -0.006921947002410889 0.011072570458054543 0.018399950116872787
v -0.008006571792066097 0.010567660443484783 0.018399950116872787
v -0.007395863067358732 0.011199950240552425 0.01866810955107212
v 0.00641399621963501 0.011199950240552425 0.031099969521164894
v 0.008453129790723324 0.011199950240552425 0.019177669659256935
v 0.007575809024274349 0.011199950240552425 0.018738500773906708
v 0.008453129790723324 0.011199950240552425 0.019177669659256935
v 0.008006571792066097 0.010567660443484783 0.018399950116872787
v 0.007575809024274349 0.011199950240552425 0.018738500773906708
v -0.008449970744550228 0.011199950240552425 0.01917308010160923
v -0.007019102107733488 0.011199950240552425 0.03089611977338791
v -0.00825423002243042 0.011199950240552425 0.01906316913664341
v -0.008006571792066097 0.010567660443484783 0.018399950116872787
v -0.008449970744550228 0.011199950240552425 0.01917308010160923
v -0.00825423002243042 0.011199950240552425 0.01906316913664341
v -0.00849997904151678 0.011199950240552425 0.01920115016400814
v -0.007019102107733488 0.011199950240552425 0.03089611977338791
v -0.008449970744550228 0.011199950240552425 0.01917308010160923
v -0.008006571792066097 0.010567660443484783 0.018399950116872787
v -0.00849997904151678 0.011199950240552425 0.01920115016400814
v -0.008449970744550228 0.011199950240552425 0.01917308010160923
v 0.00849997904151678 0.011199950240552425 0.027569999918341637
v 0.00849997904151678 0.011199950240552425 0.01920115016400814
v 0.008453129790723324 0.011199950240552425 0.019177669659256935
v 0.00641399621963501 0.011199950240552425 0.031099969521164894
v 0.00849997904151678 0.011199950240552425 0.027569999918341637
v 0.008453129790723324 0.011199950240552425 0.019177669659256935
v 0.00849997904151678 0.011199950240552425 0.01920115016400814
v 0.008006571792066097 0.010567660443484783 0.018399950116872787
v 0.008453129790723324 0.011199950240552425 0.019177669659256935
v 0.0088387131690979 0.01113986037671566 0.019360119476914406
v 0.008006571792066097 0.010567660443484783 0.018399950116872787
v 0.00849997904151678 0.011199950240552425 0.01920115016400814
v 0.00883245375007391 0.011143079958856106 0.019358450546860695
v 0.0088387131690979 0.01113986037671566 0.019360119476914406
v 0.00849997904151678 0.011199950240552425 0.01920115016400814
v 0.00849997904151678 0.011199950240552425 0.027569999918341637
v 0.00883245375007391 0.011143079958856106 0.019358450546860695
v 0.00849997904151678 0.011199950240552425 0.01920115016400814
v -0.00849997904151678 0.011199950240552425 0.027569999918341637
v -0.007019102107733488 0.011199950240552425 0.03089611977338791
v -0.00849997904151678 0.011199950240552425 0.01920115016400814
v -0.00879430677741766 0.011155660264194012 0.019343730062246323
v -0.00849997904151678 0.011199950240552425 0.027569999918341637
v -0.00849997904151678 0.011199950240552425 0.01920115016400814
v -0.008006571792066097 0.010567660443484783 0.018399950116872787
v -0.00801157858222723 0.010562590323388577 0.018399950116872787
v -0.00849997904151678 0.011199950240552425 0.01920115016400814
v -0.00801157858222723 0.010562590323388577 0.018399950116872787
v -0.00879430677741766 0.011155660264194012 0.019343730062246323
v -0.00849997904151678 0.011199950240552425 0.01920115016400814
v 0.00641399621963501 0.011199950240552425 0.031099969521164894
v 0.008425891399383545 0.011199950240552425 0.028109250590205193
v 0.00849997904151678 0.011199950240552425 0.027569999918341637
v 0.0088387131690979 0.01113986037671566 0.019360119476914406
v 0.00883245375007391 0.011143079958856106 0.019358450546860695
v 0.00849997904151678 0.011199950240552425 0.027569999918341637
v 0.008835195563733578 0.011123060248792171 0.027569999918341637
v 0.0088387131690979 0.01113986037671566 0.019360119476914406
v 0.00849997904151678 0.011199950240552425 0.027569999918341637
v 0.008425891399383545 0.011199950240552425 0.028109250590205193
v 0.008835195563733578 0.011123060248792171 0.027569999918341637
v 0.00849997904151678 0.011199950240552425 0.027569999918341637
v -0.008425891399383545 0.011199950240552425 0.028109250590205193
v -0.007937668822705746 0.011199950240552425 0.02943347953259945
v -0.00849997904151678 0.011199950240552425 0.027569999918341637
v -0.007937668822705746 0.011199950240552425 0.02943347953259945
v -0.007019102107733488 0.011199950240552425 0.03089611977338791
v -0.00849997904151678 0.011199950240552425 0.027569999918341637
v -0.00879430677741766 0.011155660264194012 0.019343730062246323
v -0.008842228911817074 0.011121449992060661 0.027569999918341637
v -0.00849997904151678 0.011199950240552425 0.027569999918341637
v -0.008842228911817074 0.011121449992060661 0.027569999918341637
v -0.008425891399383545 0.011199950240552425 0.028109250590205193
v -0.00849997904151678 0.011199950240552425 0.027569999918341637
v 0.00641399621963501 0.011199950240552425 0.031099969521164894
v 0.007937668822705746 0.011199950240552425 0.02943347953259945
v 0.008425891399383545 0.011199950240552425 0.028109250590205193
v 0.007937668822705746 0.011199950240552425 0.02943347953259945
v 0.008845627307891846 0.011099990457296371 0.028226789087057114
v 0.008425891399383545 0.011199950240552425 0.028109250590205193
v 0.008845627307891846 0.011099990457296371 0.028226789087057114
v 0.008835195563733578 0.011123060248792171 0.027569999918341637
v 0.008425891399383545 0.011199950240552425 0.028109250590205193
v -0.008332431316375732 0.011099990457296371 0.029616650193929672
v -0.007937668822705746 0.011199950240552425 0.02943347953259945
v -0.008425891399383545 0.011199950240552425 0.028109250590205193
v -0.008845627307891846 0.011099990457296371 0.028226789087057114
v -0.008332431316375732 0.011099990457296371 0.029616650193929672
v -0.008425891399383545 0.011199950240552425 0.028109250590205193
v -0.008842228911817074 0.011121449992060661 0.027569999918341637
v -0.008845627307891846 0.011099990457296371 0.028226789087057114
v -0.008425891399383545 0.011199950240552425 0.028109250590205193
v 0.00641399621963501 0.011199950240552425 0.031099969521164894
v 0.007241665851324797 0.011199950240552425 0.03066127933561802
v 0.007937668822705746 0.011199950240552425 0.02943347953259945
v 0.008332431316375732 0.011099990457296371 0.029616650193929672
v 0.008845627307891846 0.011099990457296371 0.028226789087057114
v 0.007937668822705746 0.011199950240552425 0.02943347953259945
v 0.007241665851324797 0.011199950240552425 0.03066127933561802
v 0.008332431316375732 0.011099990457296371 0.029616650193929672
v 0.007937668822705746 0.011199950240552425 0.02943347953259945
v -0.007241665851324797 0.011199950240552425 0.03066127933561802
v -0.007019102107733488 0.011199950240552425 0.03089611977338791
v -0.007937668822705746 0.011199950240552425 0.02943347953259945
v -0.007602393161505461 0.011099990457296371 0.030905960127711296
v -0.007241665851324797 0.011199950240552425 0.03066127933561802
v -0.007937668822705746 0.011199950240552425 0.02943347953259945
v -0.008332431316375732 0.011099990457296371 0.029616650193929672
v -0.007602393161505461 0.011099990457296371 0.030905960127711296
v -0.007937668822705746 0.011199950240552425 0.02943347953259945
v 0.00641399621963501 0.011199950240552425 0.031099969521164894
v 0.007019102107733488 0.011199950240552425 0.03089611977338791
v 0.007241665851324797 0.011199950240552425 0.03066127933561802
v 0.007602393161505461 0.011099990457296371 0.030905960127711296
v 0.008332431316375732 0.011099990457296371 0.029616650193929672
v 0.007241665851324797 0.011199950240552425 0.03066127933561802
v 0.007019102107733488 0.011199950240552425 0.03089611977338791
v 0.00728291179984808 0.011099990457296371 0.031243139877915382
v 0.007241665851324797 0.011199950240552425 0.03066127933561802
v 0.00728291179984808 0.011099990457296371 0.031243139877915382
v 0.007602393161505461 0.011099990457296371 0.030905960127711296
v 0.007241665851324797 0.011199950240552425 0.03066127933561802
v -0.007602393161505461 0.011099990457296371 0.030905960127711296
v -0.007019102107733488 0.011199950240552425 0.03089611977338791
v -0.007241665851324797 0.011199950240552425 0.03066127933561802
v 0.00641399621963501 0.011199950240552425 0.031099969521164894
v 0.00673329783603549 0.011199950240552425 0.0310476403683424
v 0.007019102107733488 0.011199950240552425 0.03089611977338791
v 0.00673329783603549 0.011199950240552425 0.0310476403683424
v 0.0068724751472473145 0.011099990457296371 0.03146069869399071
v 0.007019102107733488 0.011199950240552425 0.03089611977338791
v 0.0068724751472473145 0.011099990457296371 0.03146069869399071
v 0.00728291179984808 0.011099990457296371 0.031243139877915382
v 0.007019102107733488 0.011199950240552425 0.03089611977338791
v -0.00728291179984808 0.011099990457296371 0.031243139877915382
v -0.00673329783603549 0.011199950240552425 0.0310476403683424
v -0.007019102107733488 0.011199950240552425 0.03089611977338791
v -0.007602393161505461 0.011099990457296371 0.030905960127711296
v -0.00728291179984808 0.011099990457296371 0.031243139877915382
v -0.007019102107733488 0.011199950240552425 0.03089611977338791
v 0.00641399621963501 0.011199950240552425 0.031099969521164894
v 0.00641399621963501 0.011099990457296371 0.031535860151052475
v 0.00673329783603549 0.011199950240552425 0.0310476403683424
v 0.00641399621963501 0.011099990457296371 0.031535860151052475
v 0.0068724751472473145 0.011099990457296371 0.03146069869399071
v 0.00673329783603549 0.011199950240552425 0.0310476403683424
v -0.0068724751472473145 0.011099990457296371 0.03146069869399071
v -0.00641399621963501 0.011199950240552425 0.031099969521164894
v -0.00673329783603549 0.011199950240552425 0.0310476403683424
v -0.00728291179984808 0.011099990457296371 0.031243139877915382
v -0.0068724751472473145 0.011099990457296371 0.03146069869399071
v -0.00673329783603549 0.011199950240552425 0.0310476403683424
v -0.00641399621963501 0.011199950240552425 0.031099969521164894
v 0.00641399621963501 0.011099990457296371 0.031535860151052475
v 0.00641399621963501 0.011199950240552425 0.031099969521164894
v -0.00641399621963501 0.011099990457296371 0.031535860151052475
v 0.00641399621963501 0.011099990457296371 0.031535860151052475
v -0.00641399621963501 0.011199950240552425 0.031099969521164894
v -0.0068724751472473145 0.011099990457296371 0.03146069869399071
v -0.00641399621963501 0.011099990457296371 0.031535860151052475
v -0.00641399621963501 0.011199950240552425 0.031099969521164894
v 0.000623623956926167 0.011105000041425228 -0.005892395041882992
v -0.000581662985496223 0.01119958981871605 -0.005495904944837093
v 0.0 0.01119958981871605 -0.005526601802557707
v 0.000581662985496223 0.01119958981871605 -0.005495904944837093
v 0.000623623956926167 0.011105000041425228 -0.005892395041882992
v 0.0 0.01119958981871605 -0.005526601802557707
v 0.0018432140350341797 0.011105000041425228 -0.00563126802444458
v 0.000623623956926167 0.011105000041425228 -0.005892395041882992
v 0.000581662985496223 0.01119958981871605 -0.005495904944837093
v 0.001719175954349339 0.01119958981871605 -0.005252360831946135
v 0.0018432140350341797 0.011105000041425228 -0.00563126802444458
v 0.000581662985496223 0.01119958981871605 -0.005495904944837093
v -0.000623623956926167 0.011105000041425228 -0.005892395041882992
v -0.001719175954349339 0.01119958981871605 -0.005252360831946135
v -0.000581662985496223 0.01119958981871605 -0.005495904944837093
v 0.000623623956926167 0.011105000041425228 -0.005892395041882992
v -0.000623623956926167 0.011105000041425228 -0.005892395041882992
v -0.000581662985496223 0.01119958981871605 -0.005495904944837093
v 0.0029811260756105185 0.011105000041425228 -0.005120694171637297
v 0.0018432140350341797 0.011105000041425228 -0.00563126802444458
v 0.001719175954349339 0.01119958981871605 -0.005252360831946135
v 0.0027805559802800417 0.01119958981871605 -0.004776120185852051
v 0.0029811260756105185 0.011105000041425228 -0.005120694171637297
v 0.001719175954349339 0.01119958981871605 -0.005252360831946135
v -0.0018432140350341797 0.011105000041425228 -0.00563126802444458
v -0.0027805559802800417 0.01119958981871605 -0.004776120185852051
v -0.001719175954349339 0.01119958981871605 -0.005252360831946135
v -0.000623623956926167 0.011105000041425228 -0.005892395041882992
v -0.0018432140350341797 0.011105000041425228 -0.00563126802444458
v -0.001719175954349339 0.01119958981871605 -0.005252360831946135
v 0.003987013828009367 0.011105000041425228 -0.0043832059018313885
v 0.0029811260756105185 0.011105000041425228 -0.005120694171637297
v 0.0027805559802800417 0.01119958981871605 -0.004776120185852051
v 0.00371873308904469 0.01119958981871605 -0.004088282119482756
v 0.003987013828009367 0.011105000041425228 -0.0043832059018313885
v 0.0027805559802800417 0.01119958981871605 -0.004776120185852051
v -0.0029811260756105185 0.011105000041425228 -0.005120694171637297
v -0.00371873308904469 0.01119958981871605 -0.004088282119482756
v -0.0027805559802800417 0.01119958981871605 -0.004776120185852051
v -0.0018432140350341797 0.011105000041425228 -0.00563126802444458
v -0.0029811260756105185 0.011105000041425228 -0.005120694171637297
v -0.0027805559802800417 0.01119958981871605 -0.004776120185852051
v 0.004816234111785889 0.011105000041425228 -0.0034515259321779013
v 0.003987013828009367 0.011105000041425228 -0.0043832059018313885
v 0.00371873308904469 0.01119958981871605 -0.004088282119482756
v 0.0044921631924808025 0.01119958981871605 -0.0032193060033023357
v 0.004816234111785889 0.011105000041425228 -0.0034515259321779013
v 0.00371873308904469 0.01119958981871605 -0.004088282119482756
v -0.003987013828009367 0.011105000041425228 -0.0043832059018313885
v -0.0044921631924808025 0.01119958981871605 -0.0032193060033023357
v -0.00371873308904469 0.01119958981871605 -0.004088282119482756
v -0.0029811260756105185 0.011105000041425228 -0.005120694171637297
v -0.003987013828009367 0.011105000041425228 -0.0043832059018313885
v -0.00371873308904469 0.01119958981871605 -0.004088282119482756
v 0.004805624019354582 0.01119958981871605 -0.0027292959857732058
v 0.004816234111785889 0.011105000041425228 -0.0034515259321779013
v 0.0044921631924808025 0.01119958981871605 -0.0032193060033023357
v -0.004816234111785889 0.011105000041425228 -0.0034515259321779013
v -0.004805624019354582 0.01119958981871605 -0.0027292959857732058
v -0.0044921631924808025 0.01119958981871605 -0.0032193060033023357
v -0.003987013828009367 0.011105000041425228 -0.0043832059018313885
v -0.004816234111785889 0.011105000041425228 -0.0034515259321779013
v -0.0044921631924808025 0.01119958981871605 -0.0032193060033023357
v 0.005432009231299162 0.011105000041425228 -0.0023668999783694744
v 0.004816234111785889 0.011105000041425228 -0.0034515259321779013
v 0.004805624019354582 0.01119958981871605 -0.0027292959857732058
v 0.005066514015197754 0.01119958981871605 -0.0022076359018683434
v 0.005432009231299162 0.011105000041425228 -0.0023668999783694744
v 0.004805624019354582 0.01119958981871605 -0.0027292959857732058
v -0.004816234111785889 0.011105000041425228 -0.0034515259321779013
v -0.005066514015197754 0.01119958981871605 -0.0022076359018683434
v -0.004805624019354582 0.01119958981871605 -0.0027292959857732058
v 0.005807100795209408 0.011105000041425228 -0.0011773699661716819
v 0.005432009231299162 0.011105000041425228 -0.0023668999783694744
v 0.005066514015197754 0.01119958981871605 -0.0022076359018683434
v 0.005271433852612972 0.01119958981871605 -0.0016598099609836936
v 0.005807100795209408 0.011105000041425228 -0.0011773699661716819
v 0.005066514015197754 0.01119958981871605 -0.0022076359018683434
v -0.005432009231299162 0.011105000041425228 -0.0023668999783694744
v -0.00541639281436801 0.01119958981871605 -0.0010981550440192223
v -0.005066514015197754 0.01119958981871605 -0.0022076359018683434
v -0.004816234111785889 0.011105000041425228 -0.0034515259321779013
v -0.005432009231299162 0.011105000041425228 -0.0023668999783694744
v -0.005066514015197754 0.01119958981871605 -0.0022076359018683434
v 0.00541639281436801 0.01119958981871605 -0.0010981550440192223
v 0.005807100795209408 0.011105000041425228 -0.0011773699661716819
v 0.005271433852612972 0.01119958981871605 -0.0016598099609836936
v 0.00592494010925293 0.011105000041425228 6.425639730878174e-05
v 0.005807100795209408 0.011105000041425228 -0.0011773699661716819
v 0.00541639281436801 0.01119958981871605 -0.0010981550440192223
v 0.0055262441746890545 0.01119958981871605 5.9934995078947395e-05
v 0.00592494010925293 0.011105000041425228 6.425639730878174e-05
v 0.00541639281436801 0.01119958981871605 -0.0010981550440192223
v -0.005807100795209408 0.011105000041425228 -0.0011773699661716819
v -0.0055262441746890545 0.01119958981871605 5.9934995078947395e-05
v -0.00541639281436801 0.01119958981871605 -0.0010981550440192223
v -0.005432009231299162 0.011105000041425228 -0.0023668999783694744
v -0.005807100795209408 0.011105000041425228 -0.0011773699661716819
v -0.00541639281436801 0.01119958981871605 -0.0010981550440192223
v 0.005780220031738281 0.011105000041425228 0.0013030760455876589
v 0.00592494010925293 0.011105000041425228 6.425639730878174e-05
v 0.0055262441746890545 0.01119958981871605 5.9934995078947395e-05
v 0.005488215945661068 0.01119958981871605 0.0006503489566966891
v 0.005780220031738281 0.011105000041425228 0.0013030760455876589
v 0.0055262441746890545 0.01119958981871605 5.9934995078947395e-05
v -0.00592494010925293 0.011105000041425228 6.425639730878174e-05
v -0.005391298793256283 0.01119958981871605 0.0012153979623690248
v -0.0055262441746890545 0.01119958981871605 5.9934995078947395e-05
v -0.005807100795209408 0.011105000041425228 -0.0011773699661716819
v -0.00592494010925293 0.011105000041425228 6.425639730878174e-05
v -0.0055262441746890545 0.01119958981871605 5.9934995078947395e-05
v 0.005391298793256283 0.01119958981871605 0.0012153979623690248
v 0.005780220031738281 0.011105000041425228 0.0013030760455876589
v 0.005488215945661068 0.01119958981871605 0.0006503489566966891
v 0.00501745892688632 0.01119958981871605 0.0023170108906924725
v 0.005379377864301205 0.011105000041425228 0.002484142081812024
v 0.005391298793256283 0.01119958981871605 0.0012153979623690248
v 0.005379377864301205 0.011105000041425228 0.002484142081812024
v 0.005780220031738281 0.011105000041425228 0.0013030760455876589
v 0.005391298793256283 0.01119958981871605 0.0012153979623690248
v -0.005780220031738281 0.011105000041425228 0.0013030760455876589
v -0.00501745892688632 0.01119958981871605 0.0023170108906924725
v -0.005391298793256283 0.01119958981871605 0.0012153979623690248
v -0.00592494010925293 0.011105000041425228 6.425639730878174e-05
v -0.005780220031738281 0.011105000041425228 0.0013030760455876589
v -0.005391298793256283 0.01119958981871605 0.0012153979623690248
v 0.004420994780957699 0.01119691040366888 0.003315746085718274
v 0.004582464229315519 0.01117360033094883 0.0034368629567325115
v 0.00501745892688632 0.01119958981871605 0.0023170108906924725
v 0.004582464229315519 0.01117360033094883 0.0034368629567325115
v 0.005379377864301205 0.011105000041425228 0.002484142081812024
v 0.00501745892688632 0.01119958981871605 0.0023170108906924725
v -0.005379377864301205 0.011105000041425228 0.002484142081812024
v -0.00473707914352417 0.01119958981871605 0.002846657996997237
v -0.00501745892688632 0.01119958981871605 0.0023170108906924725
v -0.005780220031738281 0.011105000041425228 0.0013030760455876589
v -0.005379377864301205 0.011105000041425228 0.002484142081812024
v -0.00501745892688632 0.01119958981871605 0.0023170108906924725
v -0.004740238189697266 0.011105000041425228 0.0035551779437810183
v -0.004578529857099056 0.011152979917824268 0.0034338829573243856
v -0.00473707914352417 0.01119958981871605 0.002846657996997237
v -0.004578529857099056 0.011152979917824268 0.0034338829573243856
v -0.004421292804181576 0.01119958981871605 0.0033159248996526003
v -0.00473707914352417 0.01119958981871605 0.002846657996997237
v -0.005379377864301205 0.011105000041425228 0.002484142081812024
v -0.004740238189697266 0.011105000041425228 0.0035551779437810183
v -0.00473707914352417 0.01119958981871605 0.002846657996997237
v -0.004578529857099056 0.011152979917824268 0.0034338829573243856
v -0.00431901216506958 0.01117360033094883 0.0039396281354129314
v -0.004421292804181576 0.01119958981871605 0.0033159248996526003
v 0.00431901216506958 0.01117360033094883 0.0039396281354129314
v 0.004582464229315519 0.01117360033094883 0.0034368629567325115
v 0.004420994780957699 0.01119691040366888 0.003315746085718274
v 0.004731833003461361 0.011083420366048813 0.0035488600842654705
v 0.005379377864301205 0.011105000041425228 0.002484142081812024
v 0.004582464229315519 0.01117360033094883 0.0034368629567325115
v 0.00431901216506958 0.01117360033094883 0.0039396281354129314
v 0.004731833003461361 0.011083420366048813 0.0035488600842654705
v 0.004582464229315519 0.01117360033094883 0.0034368629567325115
v 0.004228115081787109 0.01117360033094883 0.004499970935285091
v 0.004490673076361418 0.01104675978422165 0.004499970935285091
v 0.00431901216506958 0.01117360033094883 0.0039396281354129314
v 0.004490673076361418 0.01104675978422165 0.004499970935285091
v 0.004691599868237972 0.010983879677951336 0.0040638442151248455
v 0.00431901216506958 0.01117360033094883 0.0039396281354129314
v 0.004691599868237972 0.010983879677951336 0.0040638442151248455
v 0.004731833003461361 0.011083420366048813 0.0035488600842654705
v 0.00431901216506958 0.01117360033094883 0.0039396281354129314
v -0.004578529857099056 0.011152979917824268 0.0034338829573243856
v -0.004740238189697266 0.011105000041425228 0.0035551779437810183
v -0.00431901216506958 0.01117360033094883 0.0039396281354129314
v -0.004740238189697266 0.011105000041425228 0.0035551779437810183
v -0.004691599868237972 0.010983879677951336 0.0040638442151248455
v -0.00431901216506958 0.01117360033094883 0.0039396281354129314
v -0.004490673076361418 0.01104675978422165 0.004499970935285091
v -0.004228115081787109 0.01117360033094883 0.004499970935285091
v -0.00431901216506958 0.01117360033094883 0.0039396281354129314
v -0.004691599868237972 0.010983879677951336 0.0040638442151248455
v -0.004490673076361418 0.01104675978422165 0.004499970935285091
v -0.00431901216506958 0.01117360033094883 0.0039396281354129314
v 0.004228115081787109 0.01117360033094883 0.007123887073248625
v 0.004490673076361418 0.01104675978422165 0.004499970935285091
v 0.004228115081787109 0.01117360033094883 0.004499970935285091
v -0.004490673076361418 0.01104675978422165 0.007123887073248625
v -0.004228115081787109 0.01117360033094883 0.007123887073248625
v -0.004228115081787109 0.01117360033094883 0.004499970935285091
v -0.004490673076361418 0.01104675978422165 0.004499970935285091
v -0.004490673076361418 0.01104675978422165 0.007123887073248625
v -0.004228115081787109 0.01117360033094883 0.004499970935285091
v 0.004490673076361418 0.01104675978422165 0.007123887073248625
v 0.004490673076361418 0.01104675978422165 0.004499970935285091
v 0.004228115081787109 0.01117360033094883 0.007123887073248625
v 0.004309594165533781 0.01117360033094883 0.007655024062842131
v 0.004490673076361418 0.01104675978422165 0.007123887073248625
v 0.004228115081787109 0.01117360033094883 0.007123887073248625
v -0.004490673076361418 0.01104675978422165 0.007123887073248625
v -0.004309594165533781 0.01117360033094883 0.007655024062842131
v -0.004228115081787109 0.01117360033094883 0.007123887073248625
v 0.0046842689625918865 0.010983879677951336 0.007537304889410734
v 0.004490673076361418 0.01104675978422165 0.007123887073248625
v 0.004309594165533781 0.01117360033094883 0.007655024062842131
v 0.004546523094177246 0.01117360033094883 0.008137345314025879
v 0.004868686199188232 0.010983879677951336 0.007912695407867432
v 0.004309594165533781 0.01117360033094883 0.007655024062842131
v 0.004868686199188232 0.010983879677951336 0.007912695407867432
v 0.0046842689625918865 0.010983879677951336 0.007537304889410734
v 0.004309594165533781 0.01117360033094883 0.007655024062842131
v -0.0046842689625918865 0.010983879677951336 0.007537304889410734
v -0.004546523094177246 0.01117360033094883 0.008137345314025879
v -0.004309594165533781 0.01117360033094883 0.007655024062842131
v -0.004490673076361418 0.01104675978422165 0.007123887073248625
v -0.0046842689625918865 0.010983879677951336 0.007537304889410734
v -0.004309594165533781 0.01117360033094883 0.007655024062842131
v 0.00491714384406805 0.01117360033094883 0.008526383899152279
v 0.005157172214239836 0.010983879677951336 0.008215487003326416
v 0.004546523094177246 0.01117360033094883 0.008137345314025879
v 0.005157172214239836 0.010983879677951336 0.008215487003326416
v 0.004868686199188232 0.010983879677951336 0.007912695407867432
v 0.004546523094177246 0.01117360033094883 0.008137345314025879
v -0.0046842689625918865 0.010983879677951336 0.007537304889410734
v -0.004868686199188232 0.010983879677951336 0.007912695407867432
v -0.004546523094177246 0.01117360033094883 0.008137345314025879
v -0.004868686199188232 0.010983879677951336 0.007912695407867432
v -0.00491714384406805 0.01117360033094883 0.008526383899152279
v -0.004546523094177246 0.01117360033094883 0.008137345314025879
v 0.006114006042480469 0.01117360033094883 0.009328722022473812
v 0.006179391872137785 0.011110479943454266 0.009215532802045345
v 0.00491714384406805 0.01117360033094883 0.008526383899152279
v 0.006179391872137785 0.011110479943454266 0.009215532802045345
v 0.005157172214239836 0.010983879677951336 0.008215487003326416
v 0.00491714384406805 0.01117360033094883 0.008526383899152279
v -0.006179391872137785 0.011110479943454266 0.009215532802045345
v -0.006114006042480469 0.01117360033094883 0.009328722022473812
v -0.00491714384406805 0.01117360033094883 0.008526383899152279
v -0.005157172214239836 0.010983879677951336 0.008215487003326416
v -0.006179391872137785 0.011110479943454266 0.009215532802045345
v -0.00491714384406805 0.01117360033094883 0.008526383899152279
v -0.004868686199188232 0.010983879677951336 0.007912695407867432
v -0.005157172214239836 0.010983879677951336 0.008215487003326416
v -0.00491714384406805 0.01117360033094883 0.008526383899152279
v 0.0066644540056586266 0.011136289685964584 0.009784400463104248
v 0.0069189658388495445 0.011060650460422039 0.009872435592114925
v 0.006114006042480469 0.01117360033094883 0.009328722022473812
v 0.0069189658388495445 0.011060650460422039 0.009872435592114925
v 0.006179391872137785 0.011110479943454266 0.009215532802045345
v 0.006114006042480469 0.01117360033094883 0.009328722022473812
v -0.006179391872137785 0.011110479943454266 0.009215532802045345
v -0.007064700126647949 0.010973390191793442 0.009572683833539486
v -0.006114006042480469 0.01117360033094883 0.009328722022473812
v -0.0069192638620734215 0.011061480268836021 0.009872733615338802
v -0.006669758819043636 0.011135280132293701 0.009786367416381836
v -0.006114006042480469 0.01117360033094883 0.009328722022473812
v -0.007064700126647949 0.010973390191793442 0.009572683833539486
v -0.0069192638620734215 0.011061480268836021 0.009872733615338802
v -0.006114006042480469 0.01117360033094883 0.009328722022473812
v -0.008842705748975277 0.011131400242447853 0.01935720071196556
v -0.008842228911817074 0.011121449992060661 0.027569999918341637
v -0.00879430677741766 0.011155660264194012 0.019343730062246323
v -0.00801157858222723 0.010562590323388577 0.018399950116872787
v -0.008862613700330257 0.009711623191833496 0.018399950116872787
v -0.00879430677741766 0.011155660264194012 0.019343730062246323
v -0.008862613700330257 0.009711623191833496 0.018399950116872787
v -0.008842705748975277 0.011131400242447853 0.01935720071196556
v -0.00879430677741766 0.011155660264194012 0.019343730062246323
v 0.009081958793103695 0.01101326011121273 0.01942509040236473
v 0.008006571792066097 0.010567660443484783 0.018399950116872787
v 0.0088387131690979 0.01113986037671566 0.019360119476914406
v 0.008835195563733578 0.011123060248792171 0.027569999918341637
v 0.009081958793103695 0.01101326011121273 0.01942509040236473
v 0.0088387131690979 0.01113986037671566 0.019360119476914406
v 0.006902514956891537 0.011081569828093052 0.018399950116872787
v 0.0069189658388495445 0.011060650460422039 0.009872435592114925
v 0.0066644540056586266 0.011136289685964584 0.009784400463104248
v -0.0069192638620734215 0.011061480268836021 0.009872733615338802
v -0.006921947002410889 0.011072570458054543 0.018399950116872787
v -0.006669758819043636 0.011135280132293701 0.009786367416381836
v -0.006921947002410889 0.011072570458054543 0.018399950116872787
v -0.006902514956891537 0.011081569828093052 0.018399950116872787
v -0.006669758819043636 0.011135280132293701 0.009786367416381836
v -0.009088993072509766 0.011008080095052719 0.01942591927945614
v -0.008842228911817074 0.011121449992060661 0.027569999918341637
v -0.008842705748975277 0.011131400242447853 0.01935720071196556
v -0.008862613700330257 0.009711623191833496 0.018399950116872787
v -0.009088993072509766 0.011008080095052719 0.01942591927945614
v -0.008842705748975277 0.011131400242447853 0.01935720071196556
v 0.008935867808759212 0.011099990457296371 0.027569999918341637
v 0.009081958793103695 0.01101326011121273 0.01942509040236473
v 0.008835195563733578 0.011123060248792171 0.027569999918341637
v 0.008845627307891846 0.011099990457296371 0.028226789087057114
v 0.008935867808759212 0.011099990457296371 0.027569999918341637
v 0.008835195563733578 0.011123060248792171 0.027569999918341637
v -0.009088993072509766 0.011008080095052719 0.01942591927945614
v -0.008935867808759212 0.011099990457296371 0.027569999918341637
v -0.008842228911817074 0.011121449992060661 0.027569999918341637
v -0.008935867808759212 0.011099990457296371 0.027569999918341637
v -0.008845627307891846 0.011099990457296371 0.028226789087057114
v -0.008842228911817074 0.011121449992060661 0.027569999918341637
v 0.0063104028813540936 0.010983879677951336 0.008988559246063232
v 0.005157172214239836 0.010983879677951336 0.008215487003326416
v 0.006179391872137785 0.011110479943454266 0.009215532802045345
v 0.0069189658388495445 0.011060650460422039 0.009872435592114925
v 0.007064700126647949 0.010973390191793442 0.009572683833539486
v 0.006179391872137785 0.011110479943454266 0.009215532802045345
v 0.007064700126647949 0.010973390191793442 0.009572683833539486
v 0.0063104028813540936 0.010983879677951336 0.008988559246063232
v 0.006179391872137785 0.011110479943454266 0.009215532802045345
v -0.005157172214239836 0.010983879677951336 0.008215487003326416
v -0.0063104028813540936 0.010983879677951336 0.008988559246063232
v -0.006179391872137785 0.011110479943454266 0.009215532802045345
v -0.0063104028813540936 0.010983879677951336 0.008988559246063232
v -0.007064700126647949 0.010973390191793442 0.009572683833539486
v -0.006179391872137785 0.011110479943454266 0.009215532802045345
v 0.0006605869857594371 0.010830099694430828 -0.006241619121283293
v -0.000623623956926167 0.011105000041425228 -0.005892395041882992
v 0.000623623956926167 0.011105000041425228 -0.005892395041882992
v 0.0019524689996615052 0.010830099694430828 -0.005965054035186768
v 0.0006605869857594371 0.010830099694430828 -0.006241619121283293
v 0.000623623956926167 0.011105000041425228 -0.005892395041882992
v 0.0018432140350341797 0.011105000041425228 -0.00563126802444458
v 0.0019524689996615052 0.010830099694430828 -0.005965054035186768
v 0.000623623956926167 0.011105000041425228 -0.005892395041882992
v -0.0006605869857594371 0.010830099694430828 -0.006241619121283293
v -0.0018432140350341797 0.011105000041425228 -0.00563126802444458
v -0.000623623956926167 0.011105000041425228 -0.005892395041882992
v 0.0006605869857594371 0.010830099694430828 -0.006241619121283293
v -0.0006605869857594371 0.010830099694430828 -0.006241619121283293
v -0.000623623956926167 0.011105000041425228 -0.005892395041882992
v 0.0031578540802001953 0.010830099694430828 -0.005424201022833586
v 0.0019524689996615052 0.010830099694430828 -0.005965054035186768
v 0.0018432140350341797 0.011105000041425228 -0.00563126802444458
v 0.0029811260756105185 0.011105000041425228 -0.005120694171637297
v 0.0031578540802001953 0.010830099694430828 -0.005424201022833586
v 0.0018432140350341797 0.011105000041425228 -0.00563126802444458
v -0.0019524689996615052 0.010830099694430828 -0.005965054035186768
v -0.0029811260756105185 0.011105000041425228 -0.005120694171637297
v -0.0018432140350341797 0.011105000041425228 -0.00563126802444458
v -0.0006605869857594371 0.010830099694430828 -0.006241619121283293
v -0.0019524689996615052 0.010830099694430828 -0.005965054035186768
v -0.0018432140350341797 0.011105000041425228 -0.00563126802444458
v 0.0042233457788825035 0.010830099694430828 -0.0046430230140686035
v 0.0031578540802001953 0.010830099694430828 -0.005424201022833586
v 0.0029811260756105185 0.011105000041425228 -0.005120694171637297
v 0.003987013828009367 0.011105000041425228 -0.0043832059018313885
v 0.0042233457788825035 0.010830099694430828 -0.0046430230140686035
v 0.0029811260756105185 0.011105000041425228 -0.005120694171637297
v -0.0031578540802001953 0.010830099694430828 -0.005424201022833586
v -0.003987013828009367 0.011105000041425228 -0.0043832059018313885
v -0.0029811260756105185 0.011105000041425228 -0.005120694171637297
v -0.0019524689996615052 0.010830099694430828 -0.005965054035186768
v -0.0031578540802001953 0.010830099694430828 -0.005424201022833586
v -0.0029811260756105185 0.011105000041425228 -0.005120694171637297
v 0.00510167982429266 0.010830099694430828 -0.003656089073047042
v 0.0042233457788825035 0.010830099694430828 -0.0046430230140686035
v 0.003987013828009367 0.011105000041425228 -0.0043832059018313885
v 0.004816234111785889 0.011105000041425228 -0.0034515259321779013
v 0.00510167982429266 0.010830099694430828 -0.003656089073047042
v 0.003987013828009367 0.011105000041425228 -0.0043832059018313885
v -0.0042233457788825035 0.010830099694430828 -0.0046430230140686035
v -0.004816234111785889 0.011105000041425228 -0.0034515259321779013
v -0.003987013828009367 0.011105000041425228 -0.0043832059018313885
v -0.0031578540802001953 0.010830099694430828 -0.005424201022833586
v -0.0042233457788825035 0.010830099694430828 -0.0046430230140686035
v -0.003987013828009367 0.011105000041425228 -0.0043832059018313885
v 0.005753993056714535 0.010830099694430828 -0.002507149940356612
v 0.00510167982429266 0.010830099694430828 -0.003656089073047042
v 0.004816234111785889 0.011105000041425228 -0.0034515259321779013
v 0.005432009231299162 0.011105000041425228 -0.0023668999783694744
v 0.005753993056714535 0.010830099694430828 -0.002507149940356612
v 0.004816234111785889 0.011105000041425228 -0.0034515259321779013
v -0.00510167982429266 0.010830099694430828 -0.003656089073047042
v -0.005432009231299162 0.011105000041425228 -0.0023668999783694744
v -0.004816234111785889 0.011105000041425228 -0.0034515259321779013
v -0.0042233457788825035 0.010830099694430828 -0.0046430230140686035
v -0.00510167982429266 0.010830099694430828 -0.003656089073047042
v -0.004816234111785889 0.011105000041425228 -0.0034515259321779013
v 0.006151318084448576 0.010830099694430828 -0.0012471670052036643
v 0.005753993056714535 0.010830099694430828 -0.002507149940356612
v 0.005432009231299162 0.011105000041425228 -0.0023668999783694744
v 0.005807100795209408 0.011105000041425228 -0.0011773699661716819
v 0.006151318084448576 0.010830099694430828 -0.0012471670052036643
v 0.005432009231299162 0.011105000041425228 -0.0023668999783694744
v -0.005753993056714535 0.010830099694430828 -0.002507149940356612
v -0.005807100795209408 0.011105000041425228 -0.0011773699661716819
v -0.005432009231299162 0.011105000041425228 -0.0023668999783694744
v -0.00510167982429266 0.010830099694430828 -0.003656089073047042
v -0.005753993056714535 0.010830099694430828 -0.002507149940356612
v -0.005432009231299162 0.011105000041425228 -0.0023668999783694744
v 0.006276130210608244 0.010830099694430828 6.806739838793874e-05
v 0.006151318084448576 0.010830099694430828 -0.0012471670052036643
v 0.005807100795209408 0.011105000041425228 -0.0011773699661716819
v 0.00592494010925293 0.011105000041425228 6.425639730878174e-05
v 0.006276130210608244 0.010830099694430828 6.806739838793874e-05
v 0.005807100795209408 0.011105000041425228 -0.0011773699661716819
v -0.006151318084448576 0.010830099694430828 -0.0012471670052036643
v -0.00592494010925293 0.011105000041425228 6.425639730878174e-05
v -0.005807100795209408 0.011105000041425228 -0.0011773699661716819
v -0.005753993056714535 0.010830099694430828 -0.002507149940356612
v -0.006151318084448576 0.010830099694430828 -0.0012471670052036643
v -0.005807100795209408 0.011105000041425228 -0.0011773699661716819
v 0.006122827064245939 0.010830099694430828 0.001380263944156468
v 0.006276130210608244 0.010830099694430828 6.806739838793874e-05
v 0.00592494010925293 0.011105000041425228 6.425639730878174e-05
v 0.005780220031738281 0.011105000041425228 0.0013030760455876589
v 0.006122827064245939 0.010830099694430828 0.001380263944156468
v 0.00592494010925293 0.011105000041425228 6.425639730878174e-05
v -0.006276130210608244 0.010830099694430828 6.806739838793874e-05
v -0.005780220031738281 0.011105000041425228 0.0013030760455876589
v -0.00592494010925293 0.011105000041425228 6.425639730878174e-05
v -0.006151318084448576 0.010830099694430828 -0.0012471670052036643
v -0.006276130210608244 0.010830099694430828 6.806739838793874e-05
v -0.00592494010925293 0.011105000041425228 6.425639730878174e-05
v 0.005379377864301205 0.011105000041425228 0.002484142081812024
v 0.005698263179510832 0.010830099694430828 0.0026313660200685263
v 0.005780220031738281 0.011105000041425228 0.0013030760455876589
v 0.005698263179510832 0.010830099694430828 0.0026313660200685263
v 0.006122827064245939 0.010830099694430828 0.001380263944156468
v 0.005780220031738281 0.011105000041425228 0.0013030760455876589
v -0.006122827064245939 0.010830099694430828 0.001380263944156468
v -0.005379377864301205 0.011105000041425228 0.002484142081812024
v -0.005780220031738281 0.011105000041425228 0.0013030760455876589
v -0.006276130210608244 0.010830099694430828 6.806739838793874e-05
v -0.006122827064245939 0.010830099694430828 0.001380263944156468
v -0.005780220031738281 0.011105000041425228 0.0013030760455876589
v 0.004731833003461361 0.011083420366048813 0.0035488600842654705
v 0.004896699916571379 0.010983879677951336 0.003672479884698987
v 0.005379377864301205 0.011105000041425228 0.002484142081812024
v 0.004896699916571379 0.010983879677951336 0.003672479884698987
v 0.005698263179510832 0.010830099694430828 0.0026313660200685263
v 0.005379377864301205 0.011105000041425228 0.002484142081812024
v -0.004884243011474609 0.010964030399918556 0.0036631820257753134
v -0.004740238189697266 0.011105000041425228 0.0035551779437810183
v -0.005379377864301205 0.011105000041425228 0.002484142081812024
v -0.005698263179510832 0.010830099694430828 0.0026313660200685263
v -0.004884243011474609 0.010964030399918556 0.0036631820257753134
v -0.005379377864301205 0.011105000041425228 0.002484142081812024
v -0.006122827064245939 0.010830099694430828 0.001380263944156468
v -0.005698263179510832 0.010830099694430828 0.0026313660200685263
v -0.005379377864301205 0.011105000041425228 0.002484142081812024
v -0.004884243011474609 0.010964030399918556 0.0036631820257753134
v -0.004691599868237972 0.010983879677951336 0.0040638442151248455
v -0.004740238189697266 0.011105000041425228 0.0035551779437810183
v 0.009194432757794857 0.010901089757680893 0.01942520961165428
v 0.009081958793103695 0.01101326011121273 0.01942509040236473
v 0.008935867808759212 0.011099990457296371 0.027569999918341637
v 0.009191392920911312 0.010895010083913803 0.027569999918341637
v 0.009194432757794857 0.010901089757680893 0.01942520961165428
v 0.008935867808759212 0.011099990457296371 0.027569999918341637
v 0.008845627307891846 0.011099990457296371 0.028226789087057114
v 0.009191392920911312 0.010895010083913803 0.027569999918341637
v 0.008935867808759212 0.011099990457296371 0.027569999918341637
v -0.00919872522354126 0.01089869998395443 0.019426099956035614
v -0.009195028804242611 0.010892090387642384 0.027569999918341637
v -0.008935867808759212 0.011099990457296371 0.027569999918341637
v -0.009088993072509766 0.011008080095052719 0.01942591927945614
v -0.00919872522354126 0.01089869998395443 0.019426099956035614
v -0.008935867808759212 0.011099990457296371 0.027569999918341637
v -0.009195028804242611 0.010892090387642384 0.027569999918341637
v -0.008845627307891846 0.011099990457296371 0.028226789087057114
v -0.008935867808759212 0.011099990457296371 0.027569999918341637
v 0.008648096583783627 0.010820860043168068 0.02976316027343273
v 0.009180784225463867 0.010820860043168068 0.028320610523223877
v 0.008845627307891846 0.011099990457296371 0.028226789087057114
v 0.008332431316375732 0.011099990457296371 0.029616650193929672
v 0.008648096583783627 0.010820860043168068 0.02976316027343273
v 0.008845627307891846 0.011099990457296371 0.028226789087057114
v 0.009180784225463867 0.010820860043168068 0.028320610523223877
v 0.009191392920911312 0.010895010083913803 0.027569999918341637
v 0.008845627307891846 0.011099990457296371 0.028226789087057114
v -0.009180784225463867 0.010820860043168068 0.028320610523223877
v -0.008332431316375732 0.011099990457296371 0.029616650193929672
v -0.008845627307891846 0.011099990457296371 0.028226789087057114
v -0.009195028804242611 0.010892090387642384 0.027569999918341637
v -0.009180784225463867 0.010820860043168068 0.028320610523223877
v -0.008845627307891846 0.011099990457296371 0.028226789087057114
v 0.007602393161505461 0.011099990457296371 0.030905960127711296
v 0.007890403270721436 0.010820860043168068 0.031101280823349953
v 0.008332431316375732 0.011099990457296371 0.029616650193929672
v 0.007890403270721436 0.010820860043168068 0.031101280823349953
v 0.008648096583783627 0.010820860043168068 0.02976316027343273
v 0.008332431316375732 0.011099990457296371 0.029616650193929672
v -0.008648096583783627 0.010820860043168068 0.02976316027343273
v -0.007602393161505461 0.011099990457296371 0.030905960127711296
v -0.008332431316375732 0.011099990457296371 0.029616650193929672
v -0.009180784225463867 0.010820860043168068 0.028320610523223877
v -0.008648096583783627 0.010820860043168068 0.02976316027343273
v -0.008332431316375732 0.011099990457296371 0.029616650193929672
v 0.00728291179984808 0.011099990457296371 0.031243139877915382
v 0.007493495009839535 0.010820860043168068 0.031520240008831024
v 0.007602393161505461 0.011099990457296371 0.030905960127711296
v 0.007493495009839535 0.010820860043168068 0.031520240008831024
v 0.007890403270721436 0.010820860043168068 0.031101280823349953
v 0.007602393161505461 0.011099990457296371 0.030905960127711296
v -0.008648096583783627 0.010820860043168068 0.02976316027343273
v -0.007890403270721436 0.010820860043168068 0.031101280823349953
v -0.007602393161505461 0.011099990457296371 0.030905960127711296
v -0.007890403270721436 0.010820860043168068 0.031101280823349953
v -0.00728291179984808 0.011099990457296371 0.031243139877915382
v -0.007602393161505461 0.011099990457296371 0.030905960127711296
v 0.0068724751472473145 0.011099990457296371 0.03146069869399071
v 0.006983578205108643 0.010820860043168068 0.03179055079817772
v 0.00728291179984808 0.011099990457296371 0.031243139877915382
v 0.006983578205108643 0.010820860043168068 0.03179055079817772
v 0.007493495009839535 0.010820860043168068 0.031520240008831024
v 0.00728291179984808 0.011099990457296371 0.031243139877915382
v -0.007493495009839535 0.010820860043168068 0.031520240008831024
v -0.0068724751472473145 0.011099990457296371 0.03146069869399071
v -0.00728291179984808 0.011099990457296371 0.031243139877915382
v -0.007890403270721436 0.010820860043168068 0.031101280823349953
v -0.007493495009839535 0.010820860043168068 0.031520240008831024
v -0.00728291179984808 0.011099990457296371 0.031243139877915382
v 0.00641399621963501 0.011099990457296371 0.031535860151052475
v 0.00641399621963501 0.011055399663746357 0.031591471284627914
v 0.0068724751472473145 0.011099990457296371 0.03146069869399071
v 0.00641399621963501 0.011055399663746357 0.031591471284627914
v 0.006983578205108643 0.010820860043168068 0.03179055079817772
v 0.0068724751472473145 0.011099990457296371 0.03146069869399071
v -0.006983578205108643 0.010820860043168068 0.03179055079817772
v -0.00641399621963501 0.011055399663746357 0.031591471284627914
v -0.0068724751472473145 0.011099990457296371 0.03146069869399071
v -0.00641399621963501 0.011055399663746357 0.031591471284627914
v -0.00641399621963501 0.011099990457296371 0.031535860151052475
v -0.0068724751472473145 0.011099990457296371 0.03146069869399071
v -0.007493495009839535 0.010820860043168068 0.031520240008831024
v -0.006983578205108643 0.010820860043168068 0.03179055079817772
v -0.0068724751472473145 0.011099990457296371 0.03146069869399071
v -0.00641399621963501 0.011099990457296371 0.031535860151052475
v 0.00641399621963501 0.011055399663746357 0.031591471284627914
v 0.00641399621963501 0.011099990457296371 0.031535860151052475
v -0.00641399621963501 0.011055399663746357 0.031591471284627914
v 0.00641399621963501 0.011055399663746357 0.031591471284627914
v -0.00641399621963501 0.011099990457296371 0.031535860151052475
v 0.004691599868237972 0.010983879677951336 0.0040638442151248455
v 0.004896699916571379 0.010983879677951336 0.003672479884698987
v 0.004731833003461361 0.011083420366048813 0.0035488600842654705
v 0.006921947002410889 0.011072570458054543 0.018399950116872787
v 0.0069189658388495445 0.011060650460422039 0.009872435592114925
v 0.006902514956891537 0.011081569828093052 0.018399950116872787
v 0.006937026046216488 0.011055289767682552 0.009878695011138916
v 0.0069189658388495445 0.011060650460422039 0.009872435592114925
v 0.006921947002410889 0.011072570458054543 0.018399950116872787
v 0.0073208799585700035 0.010941140353679657 0.010011429898440838
v 0.006937026046216488 0.011055289767682552 0.009878695011138916
v 0.006921947002410889 0.011072570458054543 0.018399950116872787
v 0.008006571792066097 0.010567660443484783 0.018399950116872787
v 0.007916927337646484 0.01062833983451128 0.010194890201091766
v 0.006921947002410889 0.011072570458054543 0.018399950116872787
v 0.007916927337646484 0.01062833983451128 0.010194890201091766
v 0.007845759391784668 0.01066564954817295 0.010173019953072071
v 0.006921947002410889 0.011072570458054543 0.018399950116872787
v 0.007845759391784668 0.01066564954817295 0.010173019953072071
v 0.0073208799585700035 0.010941140353679657 0.010011429898440838
v 0.006921947002410889 0.011072570458054543 0.018399950116872787
v -0.0069192638620734215 0.011061480268836021 0.009872733615338802
v -0.006937264930456877 0.011056180112063885 0.009878933429718018
v -0.006921947002410889 0.011072570458054543 0.018399950116872787
v -0.006937264930456877 0.011056180112063885 0.009878933429718018
v -0.007306158076971769 0.010947099886834621 0.010006600059568882
v -0.006921947002410889 0.011072570458054543 0.018399950116872787
v -0.007306158076971769 0.010947099886834621 0.010006600059568882
v -0.007865667343139648 0.010661239735782146 0.010179989971220493
v -0.006921947002410889 0.011072570458054543 0.018399950116872787
v -0.007865667343139648 0.010661239735782146 0.010179989971220493
v -0.008006571792066097 0.010567660443484783 0.018399950116872787
v -0.006921947002410889 0.011072570458054543 0.018399950116872787
v -0.007064700126647949 0.010973390191793442 0.009572683833539486
v -0.006937264930456877 0.011056180112063885 0.009878933429718018
v -0.0069192638620734215 0.011061480268836021 0.009872733615338802
v 0.006937026046216488 0.011055289767682552 0.009878695011138916
v 0.007064700126647949 0.010973390191793442 0.009572683833539486
v 0.0069189658388495445 0.011060650460422039 0.009872435592114925
v -0.007064700126647949 0.010973390191793442 0.009572683833539486
v -0.007306158076971769 0.010947099886834621 0.010006600059568882
v -0.006937264930456877 0.011056180112063885 0.009878933429718018
v -0.00641399621963501 0.011055399663746357 0.031591471284627914
v 0.00641399621963501 0.010820860043168068 0.03188389167189598
v 0.00641399621963501 0.011055399663746357 0.031591471284627914
v 0.00641399621963501 0.010820860043168068 0.03188389167189598
v 0.006983578205108643 0.010820860043168068 0.03179055079817772
v 0.00641399621963501 0.011055399663746357 0.031591471284627914
v -0.00641399621963501 0.010820860043168068 0.03188389167189598
v 0.00641399621963501 0.010820860043168068 0.03188389167189598
v -0.00641399621963501 0.011055399663746357 0.031591471284627914
v -0.006983578205108643 0.010820860043168068 0.03179055079817772
v -0.00641399621963501 0.010820860043168068 0.03188389167189598
v -0.00641399621963501 0.011055399663746357 0.031591471284627914
v 0.0073208799585700035 0.010941140353679657 0.010011429898440838
v 0.007064700126647949 0.010973390191793442 0.009572683833539486
v 0.006937026046216488 0.011055289767682552 0.009878695011138916
v 0.004620850086212158 0.010983879677951336 0.004499970935285091
v 0.004691599868237972 0.010983879677951336 0.0040638442151248455
v 0.004490673076361418 0.01104675978422165 0.004499970935285091
v 0.004490673076361418 0.01104675978422165 0.007123887073248625
v 0.004620850086212158 0.010983879677951336 0.004499970935285091
v 0.004490673076361418 0.01104675978422165 0.004499970935285091
v -0.004620850086212158 0.010983879677951336 0.007123887073248625
v -0.004490673076361418 0.01104675978422165 0.007123887073248625
v -0.004490673076361418 0.01104675978422165 0.004499970935285091
v -0.004620850086212158 0.010983879677951336 0.004499970935285091
v -0.004620850086212158 0.010983879677951336 0.007123887073248625
v -0.004490673076361418 0.01104675978422165 0.004499970935285091
v -0.004691599868237972 0.010983879677951336 0.0040638442151248455
v -0.004620850086212158 0.010983879677951336 0.004499970935285091
v -0.004490673076361418 0.01104675978422165 0.004499970935285091
v 0.004620850086212158 0.010983879677951336 0.007123887073248625
v 0.004620850086212158 0.010983879677951336 0.004499970935285091
v 0.004490673076361418 0.01104675978422165 0.007123887073248625
v 0.0046842689625918865 0.010983879677951336 0.007537304889410734
v 0.004620850086212158 0.010983879677951336 0.007123887073248625
v 0.004490673076361418 0.01104675978422165 0.007123887073248625
v -0.004620850086212158 0.010983879677951336 0.007123887073248625
v -0.0046842689625918865 0.010983879677951336 0.007537304889410734
v -0.004490673076361418 0.01104675978422165 0.007123887073248625
v 0.009194432757794857 0.010901089757680893 0.01942520961165428
v 0.008006571792066097 0.010567660443484783 0.018399950116872787
v 0.009081958793103695 0.01101326011121273 0.01942509040236473
v -0.008862613700330257 0.009711623191833496 0.018399950116872787
v -0.00919872522354126 0.01089869998395443 0.019426099956035614
v -0.009088993072509766 0.011008080095052719 0.01942591927945614
v 0.005005477927625179 0.010814299806952477 0.003754079109057784
v 0.005698263179510832 0.010830099694430828 0.0026313660200685263
v 0.004896699916571379 0.010983879677951336 0.003672479884698987
v 0.004691599868237972 0.010983879677951336 0.0040638442151248455
v 0.005005477927625179 0.010814299806952477 0.003754079109057784
v 0.004896699916571379 0.010983879677951336 0.003672479884698987
v 0.004855393897742033 0.010691460222005844 0.004499970935285091
v 0.00495642377063632 0.01063585001975298 0.004152119159698486
v 0.004691599868237972 0.010983879677951336 0.0040638442151248455
v 0.004620850086212158 0.010983879677951336 0.004499970935285091
v 0.004855393897742033 0.010691460222005844 0.004499970935285091
v 0.004691599868237972 0.010983879677951336 0.0040638442151248455
v 0.00495642377063632 0.01063585001975298 0.004152119159698486
v 0.005005477927625179 0.010814299806952477 0.003754079109057784
v 0.004691599868237972 0.010983879677951336 0.0040638442151248455
v -0.004884243011474609 0.010964030399918556 0.0036631820257753134
v -0.005021153949201107 0.010830099694430828 0.003765881061553955
v -0.004691599868237972 0.010983879677951336 0.0040638442151248455
v -0.005021153949201107 0.010830099694430828 0.003765881061553955
v -0.00495642377063632 0.01063585001975298 0.004152119159698486
v -0.004691599868237972 0.010983879677951336 0.0040638442151248455
v -0.004855393897742033 0.010691460222005844 0.004499970935285091
v -0.004620850086212158 0.010983879677951336 0.004499970935285091
v -0.004691599868237972 0.010983879677951336 0.0040638442151248455
v -0.00495642377063632 0.01063585001975298 0.004152119159698486
v -0.004855393897742033 0.010691460222005844 0.004499970935285091
v -0.004691599868237972 0.010983879677951336 0.0040638442151248455
v 0.004620850086212158 0.010983879677951336 0.007123887073248625
v 0.004855393897742033 0.010691460222005844 0.004499970935285091
v 0.004620850086212158 0.010983879677951336 0.004499970935285091
v -0.004855393897742033 0.010691460222005844 0.007123887073248625
v -0.004620850086212158 0.010983879677951336 0.007123887073248625
v -0.004620850086212158 0.010983879677951336 0.004499970935285091
v -0.004855393897742033 0.010691460222005844 0.004499970935285091
v -0.004855393897742033 0.010691460222005844 0.007123887073248625
v -0.004620850086212158 0.010983879677951336 0.004499970935285091
v 0.004855393897742033 0.010691460222005844 0.007123887073248625
v 0.004855393897742033 0.010691460222005844 0.004499970935285091
v 0.004620850086212158 0.010983879677951336 0.007123887073248625
v 0.0046842689625918865 0.010983879677951336 0.007537304889410734
v 0.004855393897742033 0.010691460222005844 0.007123887073248625
v 0.004620850086212158 0.010983879677951336 0.007123887073248625
v -0.004855393897742033 0.010691460222005844 0.007123887073248625
v -0.0046842689625918865 0.010983879677951336 0.007537304889410734
v -0.004620850086212158 0.010983879677951336 0.007123887073248625
v 0.004868686199188232 0.010983879677951336 0.007912695407867432
v 0.0050976271741092205 0.01063585001975298 0.007753014098852873
v 0.0046842689625918865 0.010983879677951336 0.007537304889410734
v 0.0050976271741092205 0.01063585001975298 0.007753014098852873
v 0.0049505229108035564 0.01063585001975298 0.007453619968146086
v 0.0046842689625918865 0.010983879677951336 0.007537304889410734
v 0.0049505229108035564 0.01063585001975298 0.007453619968146086
v 0.004855393897742033 0.010691460222005844 0.007123887073248625
v 0.0046842689625918865 0.010983879677951336 0.007537304889410734
v -0.004855393897742033 0.010691460222005844 0.007123887073248625
v -0.0049505229108035564 0.01063585001975298 0.007453619968146086
v -0.0046842689625918865 0.010983879677951336 0.007537304889410734
v -0.0049505229108035564 0.01063585001975298 0.007453619968146086
v -0.004868686199188232 0.010983879677951336 0.007912695407867432
v -0.0046842689625918865 0.010983879677951336 0.007537304889410734
v 0.005157172214239836 0.010983879677951336 0.008215487003326416
v 0.005327761173248291 0.01063585001975298 0.007994592189788818
v 0.004868686199188232 0.010983879677951336 0.007912695407867432
v 0.005327761173248291 0.01063585001975298 0.007994592189788818
v 0.0050976271741092205 0.01063585001975298 0.007753014098852873
v 0.004868686199188232 0.010983879677951336 0.007912695407867432
v -0.0049505229108035564 0.01063585001975298 0.007453619968146086
v -0.0050976271741092205 0.01063585001975298 0.007753014098852873
v -0.004868686199188232 0.010983879677951336 0.007912695407867432
v -0.0050976271741092205 0.01063585001975298 0.007753014098852873
v -0.005157172214239836 0.010983879677951336 0.008215487003326416
v -0.004868686199188232 0.010983879677951336 0.007912695407867432
v 0.0063104028813540936 0.010983879677951336 0.008988559246063232
v 0.00634604599326849 0.010895069688558578 0.008926868438720703
v 0.005157172214239836 0.010983879677951336 0.008215487003326416
v 0.00634604599326849 0.010895069688558578 0.008926868438720703
v 0.005327761173248291 0.01063585001975298 0.007994592189788818
v 0.005157172214239836 0.010983879677951336 0.008215487003326416
v -0.00634604599326849 0.010895069688558578 0.008926868438720703
v -0.0063104028813540936 0.010983879677951336 0.008988559246063232
v -0.005157172214239836 0.010983879677951336 0.008215487003326416
v -0.005327761173248291 0.01063585001975298 0.007994592189788818
v -0.00634604599326849 0.010895069688558578 0.008926868438720703
v -0.005157172214239836 0.010983879677951336 0.008215487003326416
v -0.0050976271741092205 0.01063585001975298 0.007753014098852873
v -0.005327761173248291 0.01063585001975298 0.007994592189788818
v -0.005157172214239836 0.010983879677951336 0.008215487003326416
v 0.007144689094275236 0.010752320289611816 0.009282708168029785
v 0.00634604599326849 0.010895069688558578 0.008926868438720703
v 0.0063104028813540936 0.010983879677951336 0.008988559246063232
v 0.007064700126647949 0.010973390191793442 0.009572683833539486
v 0.007144689094275236 0.010752320289611816 0.009282708168029785
v 0.0063104028813540936 0.010983879677951336 0.008988559246063232
v -0.00634604599326849 0.010895069688558578 0.008926868438720703
v -0.007144689094275236 0.010752320289611816 0.009282708168029785
v -0.0063104028813540936 0.010983879677951336 0.008988559246063232
v -0.007144689094275236 0.010752320289611816 0.009282708168029785
v -0.007064700126647949 0.010973390191793442 0.009572683833539486
v -0.0063104028813540936 0.010983879677951336 0.008988559246063232
v 0.0073208799585700035 0.010941140353679657 0.010011429898440838
v 0.00791078805923462 0.010568969883024693 0.009867370128631592
v 0.007064700126647949 0.010973390191793442 0.009572683833539486
v 0.00791078805923462 0.010568969883024693 0.009867370128631592
v 0.00790637731552124 0.010370849631726742 0.009578049182891846
v 0.007064700126647949 0.010973390191793442 0.009572683833539486
v 0.00790637731552124 0.010370849631726742 0.009578049182891846
v 0.007144689094275236 0.010752320289611816 0.009282708168029785
v 0.007064700126647949 0.010973390191793442 0.009572683833539486
v -0.00790637731552124 0.010370849631726742 0.009578049182891846
v -0.00791078805923462 0.010568969883024693 0.009867370128631592
v -0.007064700126647949 0.010973390191793442 0.009572683833539486
v -0.00791078805923462 0.010568969883024693 0.009867370128631592
v -0.007865667343139648 0.010661239735782146 0.010179989971220493
v -0.007064700126647949 0.010973390191793442 0.009572683833539486
v -0.007865667343139648 0.010661239735782146 0.010179989971220493
v -0.007306158076971769 0.010947099886834621 0.010006600059568882
v -0.007064700126647949 0.010973390191793442 0.009572683833539486
v -0.007144689094275236 0.010752320289611816 0.009282708168029785
v -0.00790637731552124 0.010370849631726742 0.009578049182891846
v -0.007064700126647949 0.010973390191793442 0.009572683833539486
v -0.005698263179510832 0.010830099694430828 0.0026313660200685263
v -0.005021153949201107 0.010830099694430828 0.003765881061553955
v -0.004884243011474609 0.010964030399918556 0.0036631820257753134
v 0.007845759391784668 0.01066564954817295 0.010173019953072071
v 0.00791078805923462 0.010568969883024693 0.009867370128631592
v 0.0073208799585700035 0.010941140353679657 0.010011429898440838
v 0.009311676025390625 0.010784200392663479 0.019425449892878532
v 0.008006571792066097 0.010567660443484783 0.018399950116872787
v 0.009194432757794857 0.010901089757680893 0.01942520961165428
v 0.009283900260925293 0.010820860043168068 0.027569999918341637
v 0.009311676025390625 0.010784200392663479 0.019425449892878532
v 0.009194432757794857 0.010901089757680893 0.01942520961165428
v 0.009191392920911312 0.010895010083913803 0.027569999918341637
v 0.009283900260925293 0.010820860043168068 0.027569999918341637
v 0.009194432757794857 0.010901089757680893 0.01942520961165428
v -0.009306429885327816 0.010791299864649773 0.01942628063261509
v -0.009283900260925293 0.010820860043168068 0.027569999918341637
v -0.00919872522354126 0.01089869998395443 0.019426099956035614
v -0.009283900260925293 0.010820860043168068 0.027569999918341637
v -0.009195028804242611 0.010892090387642384 0.027569999918341637
v -0.00919872522354126 0.01089869998395443 0.019426099956035614
v -0.008862613700330257 0.009711623191833496 0.018399950116872787
v -0.009431599639356136 0.010542799718677998 0.019357379525899887
v -0.00919872522354126 0.01089869998395443 0.019426099956035614
v -0.009431599639356136 0.010542799718677998 0.019357379525899887
v -0.009306429885327816 0.010791299864649773 0.01942628063261509
v -0.00919872522354126 0.01089869998395443 0.019426099956035614
v 0.006449996959418058 0.01063585001975298 0.008746862411499023
v 0.005327761173248291 0.01063585001975298 0.007994592189788818
v 0.00634604599326849 0.010895069688558578 0.008926868438720703
v 0.007144689094275236 0.010752320289611816 0.009282708168029785
v 0.006449996959418058 0.01063585001975298 0.008746862411499023
v 0.00634604599326849 0.010895069688558578 0.008926868438720703
v -0.005327761173248291 0.01063585001975298 0.007994592189788818
v -0.006449996959418058 0.01063585001975298 0.008746862411499023
v -0.00634604599326849 0.010895069688558578 0.008926868438720703
v -0.006449996959418058 0.01063585001975298 0.008746862411499023
v -0.007144689094275236 0.010752320289611816 0.009282708168029785
v -0.00634604599326849 0.010895069688558578 0.008926868438720703
v 0.009180784225463867 0.010820860043168068 0.028320610523223877
v 0.009283900260925293 0.010820860043168068 0.027569999918341637
v 0.009191392920911312 0.010895010083913803 0.027569999918341637
v -0.009283900260925293 0.010820860043168068 0.027569999918341637
v -0.009180784225463867 0.010820860043168068 0.028320610523223877
v -0.009195028804242611 0.010892090387642384 0.027569999918341637
v 0.0006810639752075076 0.010438740253448486 -0.006435095798224211
v -0.0006605869857594371 0.010830099694430828 -0.006241619121283293
v 0.0006605869857594371 0.010830099694430828 -0.006241619121283293
v 0.002012968063354492 0.010438740253448486 -0.006149947177618742
v 0.0006810639752075076 0.010438740253448486 -0.006435095798224211
v 0.0006605869857594371 0.010830099694430828 -0.006241619121283293
v 0.0019524689996615052 0.010830099694430828 -0.005965054035186768
v 0.002012968063354492 0.010438740253448486 -0.006149947177618742
v 0.0006605869857594371 0.010830099694430828 -0.006241619121283293
v -0.0006810639752075076 0.010438740253448486 -0.006435095798224211
v -0.0019524689996615052 0.010830099694430828 -0.005965054035186768
v -0.0006605869857594371 0.010830099694430828 -0.006241619121283293
v 0.0006810639752075076 0.010438740253448486 -0.006435095798224211
v -0.0006810639752075076 0.010438740253448486 -0.006435095798224211
v -0.0006605869857594371 0.010830099694430828 -0.006241619121283293
v 0.003255723975598812 0.010438740253448486 -0.00559234619140625
v 0.002012968063354492 0.010438740253448486 -0.006149947177618742
v 0.0019524689996615052 0.010830099694430828 -0.005965054035186768
v 0.0031578540802001953 0.010830099694430828 -0.005424201022833586
v 0.003255723975598812 0.010438740253448486 -0.00559234619140625
v 0.0019524689996615052 0.010830099694430828 -0.005965054035186768
v -0.002012968063354492 0.010438740253448486 -0.006149947177618742
v -0.0031578540802001953 0.010830099694430828 -0.005424201022833586
v -0.0019524689996615052 0.010830099694430828 -0.005965054035186768
v -0.0006810639752075076 0.010438740253448486 -0.006435095798224211
v -0.002012968063354492 0.010438740253448486 -0.006149947177618742
v -0.0019524689996615052 0.010830099694430828 -0.005965054035186768
v 0.004354238044470549 0.010438740253448486 -0.004786968231201172
v 0.003255723975598812 0.010438740253448486 -0.00559234619140625
v 0.0031578540802001953 0.010830099694430828 -0.005424201022833586
v 0.0042233457788825035 0.010830099694430828 -0.0046430230140686035
v 0.004354238044470549 0.010438740253448486 -0.004786968231201172
v 0.0031578540802001953 0.010830099694430828 -0.005424201022833586
v -0.003255723975598812 0.010438740253448486 -0.00559234619140625
v -0.0042233457788825035 0.010830099694430828 -0.0046430230140686035
v -0.0031578540802001953 0.010830099694430828 -0.005424201022833586
v -0.002012968063354492 0.010438740253448486 -0.006149947177618742
v -0.003255723975598812 0.010438740253448486 -0.00559234619140625
v -0.0031578540802001953 0.010830099694430828 -0.005424201022833586
v 0.005259810946881771 0.010438740253448486 -0.003769397037103772
v 0.004354238044470549 0.010438740253448486 -0.004786968231201172
v 0.0042233457788825035 0.010830099694430828 -0.0046430230140686035
v 0.00510167982429266 0.010830099694430828 -0.003656089073047042
v 0.005259810946881771 0.010438740253448486 -0.003769397037103772
v 0.0042233457788825035 0.010830099694430828 -0.0046430230140686035
v -0.004354238044470549 0.010438740253448486 -0.004786968231201172
v -0.00510167982429266 0.010830099694430828 -0.003656089073047042
v -0.0042233457788825035 0.010830099694430828 -0.0046430230140686035
v -0.003255723975598812 0.010438740253448486 -0.00559234619140625
v -0.004354238044470549 0.010438740253448486 -0.004786968231201172
v -0.0042233457788825035 0.010830099694430828 -0.0046430230140686035
v 0.005932331085205078 0.010438740253448486 -0.0025848739314824343
v 0.005259810946881771 0.010438740253448486 -0.003769397037103772
v 0.00510167982429266 0.010830099694430828 -0.003656089073047042
v 0.005753993056714535 0.010830099694430828 -0.002507149940356612
v 0.005932331085205078 0.010438740253448486 -0.0025848739314824343
v 0.00510167982429266 0.010830099694430828 -0.003656089073047042
v -0.005259810946881771 0.010438740253448486 -0.003769397037103772
v -0.005753993056714535 0.010830099694430828 -0.002507149940356612
v -0.00510167982429266 0.010830099694430828 -0.003656089073047042
v -0.004354238044470549 0.010438740253448486 -0.004786968231201172
v -0.005259810946881771 0.010438740253448486 -0.003769397037103772
v -0.00510167982429266 0.010830099694430828 -0.003656089073047042
v 0.006341992877423763 0.010438740253448486 -0.001285851001739502
v 0.005932331085205078 0.010438740253448486 -0.0025848739314824343
v 0.005753993056714535 0.010830099694430828 -0.002507149940356612
v 0.006151318084448576 0.010830099694430828 -0.0012471670052036643
v 0.006341992877423763 0.010438740253448486 -0.001285851001739502
v 0.005753993056714535 0.010830099694430828 -0.002507149940356612
v -0.005932331085205078 0.010438740253448486 -0.0025848739314824343
v -0.006151318084448576 0.010830099694430828 -0.0012471670052036643
v -0.005753993056714535 0.010830099694430828 -0.002507149940356612
v -0.005259810946881771 0.010438740253448486 -0.003769397037103772
v -0.005932331085205078 0.010438740253448486 -0.0025848739314824343
v -0.005753993056714535 0.010830099694430828 -0.002507149940356612
v 0.006470679771155119 0.010438740253448486 7.017589814495295e-05
v 0.006341992877423763 0.010438740253448486 -0.001285851001739502
v 0.006151318084448576 0.010830099694430828 -0.0012471670052036643
v 0.006276130210608244 0.010830099694430828 6.806739838793874e-05
v 0.006470679771155119 0.010438740253448486 7.017589814495295e-05
v 0.006151318084448576 0.010830099694430828 -0.0012471670052036643
v -0.006341992877423763 0.010438740253448486 -0.001285851001739502
v -0.006276130210608244 0.010830099694430828 6.806739838793874e-05
v -0.006151318084448576 0.010830099694430828 -0.0012471670052036643
v -0.005932331085205078 0.010438740253448486 -0.0025848739314824343
v -0.006341992877423763 0.010438740253448486 -0.001285851001739502
v -0.006151318084448576 0.010830099694430828 -0.0012471670052036643
v 0.006312607787549496 0.010438740253448486 0.0014230599626898766
v 0.006470679771155119 0.010438740253448486 7.017589814495295e-05
v 0.006276130210608244 0.010830099694430828 6.806739838793874e-05
v 0.006122827064245939 0.010830099694430828 0.001380263944156468
v 0.006312607787549496 0.010438740253448486 0.0014230599626898766
v 0.006276130210608244 0.010830099694430828 6.806739838793874e-05
v -0.006470679771155119 0.010438740253448486 7.017589814495295e-05
v -0.006122827064245939 0.010830099694430828 0.001380263944156468
v -0.006276130210608244 0.010830099694430828 6.806739838793874e-05
v -0.006341992877423763 0.010438740253448486 -0.001285851001739502
v -0.006470679771155119 0.010438740253448486 7.017589814495295e-05
v -0.006276130210608244 0.010830099694430828 6.806739838793874e-05
v 0.0058748722076416016 0.010438740253448486 0.0027129650115966797
v 0.006312607787549496 0.010438740253448486 0.0014230599626898766
v 0.006122827064245939 0.010830099694430828 0.001380263944156468
v 0.005698263179510832 0.010830099694430828 0.0026313660200685263
v 0.0058748722076416016 0.010438740253448486 0.0027129650115966797
v 0.006122827064245939 0.010830099694430828 0.001380263944156468
v -0.006312607787549496 0.010438740253448486 0.0014230599626898766
v -0.005698263179510832 0.010830099694430828 0.0026313660200685263
v -0.006122827064245939 0.010830099694430828 0.001380263944156468
v -0.006470679771155119 0.010438740253448486 7.017589814495295e-05
v -0.006312607787549496 0.010438740253448486 0.0014230599626898766
v -0.006122827064245939 0.010830099694430828 0.001380263944156468
v 0.005005477927625179 0.010814299806952477 0.003754079109057784
v 0.005119978915899992 0.01063585001975298 0.0038399689365178347
v 0.005698263179510832 0.010830099694430828 0.0026313660200685263
v 0.005119978915899992 0.01063585001975298 0.0038399689365178347
v 0.0058748722076416016 0.010438740253448486 0.0027129650115966797
v 0.005698263179510832 0.010830099694430828 0.0026313660200685263
v -0.005102694034576416 0.010625120252370834 0.0038270349614322186
v -0.005021153949201107 0.010830099694430828 0.003765881061553955
v -0.005698263179510832 0.010830099694430828 0.0026313660200685263
v -0.0058748722076416016 0.010438740253448486 0.0027129650115966797
v -0.005102694034576416 0.010625120252370834 0.0038270349614322186
v -0.005698263179510832 0.010830099694430828 0.0026313660200685263
v -0.006312607787549496 0.010438740253448486 0.0014230599626898766
v -0.0058748722076416016 0.010438740253448486 0.0027129650115966797
v -0.005698263179510832 0.010830099694430828 0.0026313660200685263
v -0.005102694034576416 0.010625120252370834 0.0038270349614322186
v -0.00495642377063632 0.01063585001975298 0.004152119159698486
v -0.005021153949201107 0.010830099694430828 0.003765881061553955
v 0.009419739246368408 0.010539529845118523 0.027569999918341637
v 0.009311676025390625 0.010784200392663479 0.019425449892878532
v 0.009283900260925293 0.010820860043168068 0.027569999918341637
v 0.009180784225463867 0.010820860043168068 0.028320610523223877
v 0.009419739246368408 0.010539529845118523 0.027569999918341637
v 0.009283900260925293 0.010820860043168068 0.027569999918341637
v -0.009306429885327816 0.010791299864649773 0.01942628063261509
v -0.00942069198936224 0.010537619702517986 0.027569999918341637
v -0.009283900260925293 0.010820860043168068 0.027569999918341637
v -0.00942069198936224 0.010537619702517986 0.027569999918341637
v -0.009180784225463867 0.010820860043168068 0.028320610523223877
v -0.009283900260925293 0.010820860043168068 0.027569999918341637
v 0.008820176124572754 0.010428070090711117 0.029843030497431755
v 0.00936347246170044 0.010428070090711117 0.028371810913085938
v 0.009180784225463867 0.010820860043168068 0.028320610523223877
v 0.008648096583783627 0.010820860043168068 0.02976316027343273
v 0.008820176124572754 0.010428070090711117 0.029843030497431755
v 0.009180784225463867 0.010820860043168068 0.028320610523223877
v 0.00936347246170044 0.010428070090711117 0.028371810913085938
v 0.009419739246368408 0.010539529845118523 0.027569999918341637
v 0.009180784225463867 0.010820860043168068 0.028320610523223877
v -0.00936347246170044 0.010428070090711117 0.028371810913085938
v -0.008648096583783627 0.010820860043168068 0.02976316027343273
v -0.009180784225463867 0.010820860043168068 0.028320610523223877
v -0.00942069198936224 0.010537619702517986 0.027569999918341637
v -0.00936347246170044 0.010428070090711117 0.028371810913085938
v -0.009180784225463867 0.010820860043168068 0.028320610523223877
v 0.007890403270721436 0.010820860043168068 0.031101280823349953
v 0.008047460578382015 0.010428070090711117 0.031207740306854248
v 0.008648096583783627 0.010820860043168068 0.02976316027343273
v 0.008047460578382015 0.010428070090711117 0.031207740306854248
v 0.008820176124572754 0.010428070090711117 0.029843030497431755
v 0.008648096583783627 0.010820860043168068 0.02976316027343273
v -0.008820176124572754 0.010428070090711117 0.029843030497431755
v -0.007890403270721436 0.010820860043168068 0.031101280823349953
v -0.008648096583783627 0.010820860043168068 0.02976316027343273
v -0.00936347246170044 0.010428070090711117 0.028371810913085938
v -0.008820176124572754 0.010428070090711117 0.029843030497431755
v -0.008648096583783627 0.010820860043168068 0.02976316027343273
v 0.007493495009839535 0.010820860043168068 0.031520240008831024
v 0.007608294021338224 0.010428070090711117 0.031671278178691864
v 0.007890403270721436 0.010820860043168068 0.031101280823349953
v 0.007608294021338224 0.010428070090711117 0.031671278178691864
v 0.008047460578382015 0.010428070090711117 0.031207740306854248
v 0.007890403270721436 0.010820860043168068 0.031101280823349953
v -0.008820176124572754 0.010428070090711117 0.029843030497431755
v -0.008047460578382015 0.010428070090711117 0.031207740306854248
v -0.007890403270721436 0.010820860043168068 0.031101280823349953
v -0.008047460578382015 0.010428070090711117 0.031207740306854248
v -0.007493495009839535 0.010820860043168068 0.031520240008831024
v -0.007890403270721436 0.010820860043168068 0.031101280823349953
v 0.006983578205108643 0.010820860043168068 0.03179055079817772
v 0.007044136058539152 0.010428070090711117 0.0319703184068203
v 0.007493495009839535 0.010820860043168068 0.031520240008831024
v 0.007044136058539152 0.010428070090711117 0.0319703184068203
v 0.007608294021338224 0.010428070090711117 0.031671278178691864
v 0.007493495009839535 0.010820860043168068 0.031520240008831024
v -0.007608294021338224 0.010428070090711117 0.031671278178691864
v -0.006983578205108643 0.010820860043168068 0.03179055079817772
v -0.007493495009839535 0.010820860043168068 0.031520240008831024
v -0.008047460578382015 0.010428070090711117 0.031207740306854248
v -0.007608294021338224 0.010428070090711117 0.031671278178691864
v -0.007493495009839535 0.010820860043168068 0.031520240008831024
v 0.00641399621963501 0.010820860043168068 0.03188389167189598
v 0.00641399621963501 0.010690679773688316 0.03194677084684372
v 0.006983578205108643 0.010820860043168068 0.03179055079817772
v 0.00641399621963501 0.010690679773688316 0.03194677084684372
v 0.007044136058539152 0.010428070090711117 0.0319703184068203
v 0.006983578205108643 0.010820860043168068 0.03179055079817772
v -0.007044136058539152 0.010428070090711117 0.0319703184068203
v -0.00641399621963501 0.010690679773688316 0.03194677084684372
v -0.006983578205108643 0.010820860043168068 0.03179055079817772
v -0.00641399621963501 0.010690679773688316 0.03194677084684372
v -0.00641399621963501 0.010820860043168068 0.03188389167189598
v -0.006983578205108643 0.010820860043168068 0.03179055079817772
v -0.007608294021338224 0.010428070090711117 0.031671278178691864
v -0.007044136058539152 0.010428070090711117 0.0319703184068203
v -0.006983578205108643 0.010820860043168068 0.03179055079817772
v -0.00641399621963501 0.010820860043168068 0.03188389167189598
v 0.00641399621963501 0.010690679773688316 0.03194677084684372
v 0.00641399621963501 0.010820860043168068 0.03188389167189598
v -0.00641399621963501 0.010690679773688316 0.03194677084684372
v 0.00641399621963501 0.010690679773688316 0.03194677084684372
v -0.00641399621963501 0.010820860043168068 0.03188389167189598
v 0.00495642377063632 0.01063585001975298 0.004152119159698486
v 0.005119978915899992 0.01063585001975298 0.0038399689365178347
v 0.005005477927625179 0.010814299806952477 0.003754079109057784
v -0.009431599639356136 0.010542799718677998 0.019357379525899887
v -0.00942069198936224 0.010537619702517986 0.027569999918341637
v -0.009306429885327816 0.010791299864649773 0.01942628063261509
v 0.009435652755200863 0.010547040030360222 0.019362440332770348
v 0.008006571792066097 0.010567660443484783 0.018399950116872787
v 0.009311676025390625 0.010784200392663479 0.019425449892878532
v 0.009419739246368408 0.010539529845118523 0.027569999918341637
v 0.009435652755200863 0.010547040030360222 0.019362440332770348
v 0.009311676025390625 0.010784200392663479 0.019425449892878532
v 0.007158755790442228 0.010441419668495655 0.009076476097106934
v 0.006449996959418058 0.01063585001975298 0.008746862411499023
v 0.007144689094275236 0.010752320289611816 0.009282708168029785
v 0.00790637731552124 0.010370849631726742 0.009578049182891846
v 0.007158755790442228 0.010441419668495655 0.009076476097106934
v 0.007144689094275236 0.010752320289611816 0.009282708168029785
v -0.006449996959418058 0.01063585001975298 0.008746862411499023
v -0.007158755790442228 0.010441419668495655 0.009076476097106934
v -0.007144689094275236 0.010752320289611816 0.009282708168029785
v -0.007158755790442228 0.010441419668495655 0.009076476097106934
v -0.00790637731552124 0.010370849631726742 0.009578049182891846
v -0.007144689094275236 0.010752320289611816 0.009282708168029785
v 0.004899978172034025 0.01063585001975298 0.004499970935285091
v 0.00495642377063632 0.01063585001975298 0.004152119159698486
v 0.004855393897742033 0.010691460222005844 0.004499970935285091
v 0.004855393897742033 0.010691460222005844 0.007123887073248625
v 0.004899978172034025 0.01063585001975298 0.004499970935285091
v 0.004855393897742033 0.010691460222005844 0.004499970935285091
v -0.004899978172034025 0.01063585001975298 0.007123887073248625
v -0.004855393897742033 0.010691460222005844 0.007123887073248625
v -0.004855393897742033 0.010691460222005844 0.004499970935285091
v -0.004899978172034025 0.01063585001975298 0.004499970935285091
v -0.004899978172034025 0.01063585001975298 0.007123887073248625
v -0.004855393897742033 0.010691460222005844 0.004499970935285091
v -0.00495642377063632 0.01063585001975298 0.004152119159698486
v -0.004899978172034025 0.01063585001975298 0.004499970935285091
v -0.004855393897742033 0.010691460222005844 0.004499970935285091
v 0.004899978172034025 0.01063585001975298 0.007123887073248625
v 0.004899978172034025 0.01063585001975298 0.004499970935285091
v 0.004855393897742033 0.010691460222005844 0.007123887073248625
v 0.0049505229108035564 0.01063585001975298 0.007453619968146086
v 0.004899978172034025 0.01063585001975298 0.007123887073248625
v 0.004855393897742033 0.010691460222005844 0.007123887073248625
v -0.004899978172034025 0.01063585001975298 0.007123887073248625
v -0.0049505229108035564 0.01063585001975298 0.007453619968146086
v -0.004855393897742033 0.010691460222005844 0.007123887073248625
v -0.00641399621963501 0.010690679773688316 0.03194677084684372
v 0.00641399621963501 0.010428070090711117 0.03207360953092575
v 0.00641399621963501 0.010690679773688316 0.03194677084684372
v 0.00641399621963501 0.010428070090711117 0.03207360953092575
v 0.007044136058539152 0.010428070090711117 0.0319703184068203
v 0.00641399621963501 0.010690679773688316 0.03194677084684372
v -0.00641399621963501 0.010428070090711117 0.03207360953092575
v 0.00641399621963501 0.010428070090711117 0.03207360953092575
v -0.00641399621963501 0.010690679773688316 0.03194677084684372
v -0.007044136058539152 0.010428070090711117 0.0319703184068203
v -0.00641399621963501 0.010428070090711117 0.03207360953092575
v -0.00641399621963501 0.010690679773688316 0.03194677084684372
v 0.007916927337646484 0.01062833983451128 0.010194890201091766
v 0.00791078805923462 0.010568969883024693 0.009867370128631592
v 0.007845759391784668 0.01066564954817295 0.010173019953072071
v -0.008004485629498959 0.010553180240094662 0.010218380019068718
v -0.00801157858222723 0.010562590323388577 0.018399950116872787
v -0.007865667343139648 0.010661239735782146 0.010179989971220493
v -0.00801157858222723 0.010562590323388577 0.018399950116872787
v -0.008006571792066097 0.010567660443484783 0.018399950116872787
v -0.007865667343139648 0.010661239735782146 0.010179989971220493
v -0.00791078805923462 0.010568969883024693 0.009867370128631592
v -0.008004485629498959 0.010553180240094662 0.010218380019068718
v -0.007865667343139648 0.010661239735782146 0.010179989971220493
v 0.005157172214239836 0.010433129966259003 0.0038678639102727175
v 0.0058748722076416016 0.010438740253448486 0.0027129650115966797
v 0.005119978915899992 0.01063585001975298 0.0038399689365178347
v 0.00495642377063632 0.01063585001975298 0.004152119159698486
v 0.005157172214239836 0.010433129966259003 0.0038678639102727175
v 0.005119978915899992 0.01063585001975298 0.0038399689365178347
v 0.005051313899457455 0.010199960321187973 0.004183769226074219
v 0.005157172214239836 0.010433129966259003 0.0038678639102727175
v 0.00495642377063632 0.01063585001975298 0.004152119159698486
v 0.004999995231628418 0.010199960321187973 0.004499970935285091
v 0.005051313899457455 0.010199960321187973 0.004183769226074219
v 0.00495642377063632 0.01063585001975298 0.004152119159698486
v 0.004899978172034025 0.01063585001975298 0.004499970935285091
v 0.004999995231628418 0.010199960321187973 0.004499970935285091
v 0.00495642377063632 0.01063585001975298 0.004152119159698486
v -0.005176842212677002 0.010438740253448486 0.0038825860247015953
v -0.005051313899457455 0.010199960321187973 0.004183769226074219
v -0.00495642377063632 0.01063585001975298 0.004152119159698486
v -0.005102694034576416 0.010625120252370834 0.0038270349614322186
v -0.005176842212677002 0.010438740253448486 0.0038825860247015953
v -0.00495642377063632 0.01063585001975298 0.004152119159698486
v -0.005051313899457455 0.010199960321187973 0.004183769226074219
v -0.004899978172034025 0.01063585001975298 0.004499970935285091
v -0.00495642377063632 0.01063585001975298 0.004152119159698486
v 0.004899978172034025 0.01063585001975298 0.007123887073248625
v 0.004999995231628418 0.010199960321187973 0.004499970935285091
v 0.004899978172034025 0.01063585001975298 0.004499970935285091
v -0.004999995231628418 0.010199960321187973 0.007123887073248625
v -0.004899978172034025 0.01063585001975298 0.007123887073248625
v -0.004899978172034025 0.01063585001975298 0.004499970935285091
v -0.004999995231628418 0.010199960321187973 0.004499970935285091
v -0.004999995231628418 0.010199960321187973 0.007123887073248625
v -0.004899978172034025 0.01063585001975298 0.004499970935285091
v -0.005051313899457455 0.010199960321187973 0.004183769226074219
v -0.004999995231628418 0.010199960321187973 0.004499970935285091
v -0.004899978172034025 0.01063585001975298 0.004499970935285091
v 0.004999995231628418 0.010199960321187973 0.007123887073248625
v 0.004999995231628418 0.010199960321187973 0.004499970935285091
v 0.004899978172034025 0.01063585001975298 0.007123887073248625
v 0.005045949947088957 0.010199960321187973 0.007423638831824064
v 0.004999995231628418 0.010199960321187973 0.007123887073248625
v 0.004899978172034025 0.01063585001975298 0.007123887073248625
v 0.0049505229108035564 0.01063585001975298 0.007453619968146086
v 0.005045949947088957 0.010199960321187973 0.007423638831824064
v 0.004899978172034025 0.01063585001975298 0.007123887073248625
v -0.004999995231628418 0.010199960321187973 0.007123887073248625
v -0.0049505229108035564 0.01063585001975298 0.007453619968146086
v -0.004899978172034025 0.01063585001975298 0.007123887073248625
v 0.005112825892865658 0.010199960321187973 0.007559715770184994
v 0.005045949947088957 0.010199960321187973 0.007423638831824064
v 0.0049505229108035564 0.01063585001975298 0.007453619968146086
v 0.0050976271741092205 0.01063585001975298 0.007753014098852873
v 0.005112825892865658 0.010199960321187973 0.007559715770184994
v 0.0049505229108035564 0.01063585001975298 0.007453619968146086
v -0.004999995231628418 0.010199960321187973 0.007123887073248625
v -0.005045949947088957 0.010199960321187973 0.007423638831824064
v -0.0049505229108035564 0.01063585001975298 0.007453619968146086
v -0.005045949947088957 0.010199960321187973 0.007423638831824064
v -0.005112825892865658 0.010199960321187973 0.007559715770184994
v -0.0049505229108035564 0.01063585001975298 0.007453619968146086
v -0.005112825892865658 0.010199960321187973 0.007559715770184994
v -0.0050976271741092205 0.01063585001975298 0.007753014098852873
v -0.0049505229108035564 0.01063585001975298 0.007453619968146086
v 0.005327761173248291 0.01063585001975298 0.007994592189788818
v 0.005388855002820492 0.010199960321187973 0.0079154372215271
v 0.0050976271741092205 0.01063585001975298 0.007753014098852873
v 0.005179702769964933 0.010199960321187973 0.007695852778851986
v 0.005112825892865658 0.010199960321187973 0.007559715770184994
v 0.0050976271741092205 0.01063585001975298 0.007753014098852873
v 0.005388855002820492 0.010199960321187973 0.0079154372215271
v 0.005179702769964933 0.010199960321187973 0.007695852778851986
v 0.0050976271741092205 0.01063585001975298 0.007753014098852873
v -0.005112825892865658 0.010199960321187973 0.007559715770184994
v -0.005179702769964933 0.010199960321187973 0.007695852778851986
v -0.0050976271741092205 0.01063585001975298 0.007753014098852873
v -0.005179702769964933 0.010199960321187973 0.007695852778851986
v -0.005327761173248291 0.01063585001975298 0.007994592189788818
v -0.0050976271741092205 0.01063585001975298 0.007753014098852873
v 0.0064581031911075115 0.01056498009711504 0.008732736110687256
v 0.005388855002820492 0.010199960321187973 0.0079154372215271
v 0.005327761173248291 0.01063585001975298 0.007994592189788818
v 0.006449996959418058 0.01063585001975298 0.008746862411499023
v 0.0064581031911075115 0.01056498009711504 0.008732736110687256
v 0.005327761173248291 0.01063585001975298 0.007994592189788818
v -0.0064581031911075115 0.01056498009711504 0.008732736110687256
v -0.006449996959418058 0.01063585001975298 0.008746862411499023
v -0.005327761173248291 0.01063585001975298 0.007994592189788818
v -0.005388855002820492 0.010199960321187973 0.0079154372215271
v -0.0064581031911075115 0.01056498009711504 0.008732736110687256
v -0.005327761173248291 0.01063585001975298 0.007994592189788818
v -0.005179702769964933 0.010199960321187973 0.007695852778851986
v -0.005388855002820492 0.010199960321187973 0.0079154372215271
v -0.005327761173248291 0.01063585001975298 0.007994592189788818
v 0.007158755790442228 0.010441419668495655 0.009076476097106934
v 0.0064581031911075115 0.01056498009711504 0.008732736110687256
v 0.006449996959418058 0.01063585001975298 0.008746862411499023
v -0.0064581031911075115 0.01056498009711504 0.008732736110687256
v -0.007158755790442228 0.010441419668495655 0.009076476097106934
v -0.006449996959418058 0.01063585001975298 0.008746862411499023
v 0.008006571792066097 0.010567660443484783 0.018399950116872787
v 0.008006930351257324 0.010556509718298912 0.010219629853963852
v 0.007916927337646484 0.01062833983451128 0.010194890201091766
v 0.008006930351257324 0.010556509718298912 0.010219629853963852
v 0.00791078805923462 0.010568969883024693 0.009867370128631592
v 0.007916927337646484 0.01062833983451128 0.010194890201091766
v -0.0058748722076416016 0.010438740253448486 0.0027129650115966797
v -0.005176842212677002 0.010438740253448486 0.0038825860247015953
v -0.005102694034576416 0.010625120252370834 0.0038270349614322186
v 0.008006930351257324 0.010556509718298912 0.010219629853963852
v 0.008295713923871517 0.010273450054228306 0.009984134696424007
v 0.00791078805923462 0.010568969883024693 0.009867370128631592
v 0.008295713923871517 0.010273450054228306 0.009984134696424007
v 0.00790637731552124 0.010370849631726742 0.009578049182891846
v 0.00791078805923462 0.010568969883024693 0.009867370128631592
v -0.00790637731552124 0.010370849631726742 0.009578049182891846
v -0.008295713923871517 0.010273450054228306 0.009984134696424007
v -0.00791078805923462 0.010568969883024693 0.009867370128631592
v -0.008295713923871517 0.010273450054228306 0.009984134696424007
v -0.008004485629498959 0.010553180240094662 0.010218380019068718
v -0.00791078805923462 0.010568969883024693 0.009867370128631592
v 0.00801157858222723 0.010562590323388577 0.018399950116872787
v 0.008006930351257324 0.010556509718298912 0.010219629853963852
v 0.008006571792066097 0.010567660443484783 0.018399950116872787
v 0.009435652755200863 0.010547040030360222 0.019362440332770348
v 0.009442627429962158 0.010533800348639488 0.019358929246664047
v 0.008006571792066097 0.010567660443484783 0.018399950116872787
v 0.009442627429962158 0.010533800348639488 0.019358929246664047
v 0.009499250911176205 0.010238110087811947 0.01922284997999668
v 0.008006571792066097 0.010567660443484783 0.018399950116872787
v 0.009499250911176205 0.010238110087811947 0.01922284997999668
v 0.009499967098236084 0.010199960321187973 0.01920115016400814
v 0.008006571792066097 0.010567660443484783 0.018399950116872787
v 0.009499967098236084 0.010199960321187973 0.01920115016400814
v 0.00801157858222723 0.010562590323388577 0.018399950116872787
v 0.008006571792066097 0.010567660443484783 0.018399950116872787
v 0.006499946117401123 0.010199960321187973 0.008660197257995605
v 0.005388855002820492 0.010199960321187973 0.0079154372215271
v 0.0064581031911075115 0.01056498009711504 0.008732736110687256
v 0.007158755790442228 0.010441419668495655 0.009076476097106934
v 0.007110297214239836 0.010099289938807487 0.008982539176940918
v 0.0064581031911075115 0.01056498009711504 0.008732736110687256
v 0.007110297214239836 0.010099289938807487 0.008982539176940918
v 0.006555556785315275 0.010190780274569988 0.008689582347869873
v 0.0064581031911075115 0.01056498009711504 0.008732736110687256
v 0.006555556785315275 0.010190780274569988 0.008689582347869873
v 0.006499946117401123 0.010199960321187973 0.008660197257995605
v 0.0064581031911075115 0.01056498009711504 0.008732736110687256
v -0.005388855002820492 0.010199960321187973 0.0079154372215271
v -0.006499946117401123 0.010199960321187973 0.008660197257995605
v -0.0064581031911075115 0.01056498009711504 0.008732736110687256
v -0.006499946117401123 0.010199960321187973 0.008660197257995605
v -0.006555556785315275 0.010190780274569988 0.008689582347869873
v -0.0064581031911075115 0.01056498009711504 0.008732736110687256
v -0.006555556785315275 0.010190780274569988 0.008689582347869873
v -0.007158755790442228 0.010441419668495655 0.009076476097106934
v -0.0064581031911075115 0.01056498009711504 0.008732736110687256
v 0.008623062632977962 0.009993909858167171 0.010383600369095802
v 0.008429466746747494 0.010219450108706951 0.010335500352084637
v 0.00801157858222723 0.010562590323388577 0.018399950116872787
v 0.008858202956616879 0.009720027446746826 0.010442010127007961
v 0.008623062632977962 0.009993909858167171 0.010383600369095802
v 0.00801157858222723 0.010562590323388577 0.018399950116872787
v 0.008429466746747494 0.010219450108706951 0.010335500352084637
v 0.008254109881818295 0.010359279811382294 0.010287400335073471
v 0.00801157858222723 0.010562590323388577 0.018399950116872787
v 0.008254109881818295 0.010359279811382294 0.010287400335073471
v 0.008006930351257324 0.010556509718298912 0.010219629853963852
v 0.00801157858222723 0.010562590323388577 0.018399950116872787
v 0.008862732909619808 0.009712040424346924 0.010443090461194515
v 0.008858202956616879 0.009720027446746826 0.010442010127007961
v 0.00801157858222723 0.010562590323388577 0.018399950116872787
v 0.008862613700330257 0.009711623191833496 0.018399950116872787
v 0.008862732909619808 0.009712040424346924 0.010443090461194515
v 0.00801157858222723 0.010562590323388577 0.018399950116872787
v 0.009499967098236084 0.010199960321187973 0.01920115016400814
v 0.008862613700330257 0.009711623191833496 0.018399950116872787
v 0.00801157858222723 0.010562590323388577 0.018399950116872787
v -0.008004485629498959 0.010553180240094662 0.010218380019068718
v -0.008254109881818295 0.010358920320868492 0.010287339799106121
v -0.00801157858222723 0.010562590323388577 0.018399950116872787
v -0.008254109881818295 0.010358920320868492 0.010287339799106121
v -0.008412419818341732 0.010235720314085484 0.010331089608371258
v -0.00801157858222723 0.010562590323388577 0.018399950116872787
v -0.008412419818341732 0.010235720314085484 0.010331089608371258
v -0.008621691726148129 0.009992598555982113 0.0103831198066473
v -0.00801157858222723 0.010562590323388577 0.018399950116872787
v -0.008621691726148129 0.009992598555982113 0.0103831198066473
v -0.008862613700330257 0.009711623191833496 0.018399950116872787
v -0.00801157858222723 0.010562590323388577 0.018399950116872787
v 0.008254109881818295 0.010359279811382294 0.010287400335073471
v 0.008295713923871517 0.010273450054228306 0.009984134696424007
v 0.008006930351257324 0.010556509718298912 0.010219629853963852
v -0.008295713923871517 0.010273450054228306 0.009984134696424007
v -0.008254109881818295 0.010358920320868492 0.010287339799106121
v -0.008004485629498959 0.010553180240094662 0.010218380019068718
v 0.009473620913922787 0.010428070090711117 0.027569999918341637
v 0.009442627429962158 0.010533800348639488 0.019358929246664047
v 0.009435652755200863 0.010547040030360222 0.019362440332770348
v 0.009419739246368408 0.010539529845118523 0.027569999918341637
v 0.009473620913922787 0.010428070090711117 0.027569999918341637
v 0.009435652755200863 0.010547040030360222 0.019362440332770348
v -0.00945508386939764 0.010496250353753567 0.01934443973004818
v -0.009473620913922787 0.010428070090711117 0.027569999918341637
v -0.009431599639356136 0.010542799718677998 0.019357379525899887
v -0.009473620913922787 0.010428070090711117 0.027569999918341637
v -0.00942069198936224 0.010537619702517986 0.027569999918341637
v -0.009431599639356136 0.010542799718677998 0.019357379525899887
v -0.008862613700330257 0.009711623191833496 0.018399950116872787
v -0.00945508386939764 0.010496250353753567 0.01934443973004818
v -0.009431599639356136 0.010542799718677998 0.019357379525899887
v 0.00936347246170044 0.010428070090711117 0.028371810913085938
v 0.009473620913922787 0.010428070090711117 0.027569999918341637
v 0.009419739246368408 0.010539529845118523 0.027569999918341637
v -0.009473620913922787 0.010428070090711117 0.027569999918341637
v -0.00936347246170044 0.010428070090711117 0.028371810913085938
v -0.00942069198936224 0.010537619702517986 0.027569999918341637
v 0.009499967098236084 0.010199960321187973 0.027569999918341637
v 0.009499250911176205 0.010238110087811947 0.01922284997999668
v 0.009442627429962158 0.010533800348639488 0.019358929246664047
v 0.009473620913922787 0.010428070090711117 0.027569999918341637
v 0.009499967098236084 0.010199960321187973 0.027569999918341637
v 0.009442627429962158 0.010533800348639488 0.019358929246664047
v -0.009499967098236084 0.010199960321187973 0.01920115016400814
v -0.009499967098236084 0.010199960321187973 0.027569999918341637
v -0.00945508386939764 0.010496250353753567 0.01934443973004818
v -0.009499967098236084 0.010199960321187973 0.027569999918341637
v -0.009473620913922787 0.010428070090711117 0.027569999918341637
v -0.00945508386939764 0.010496250353753567 0.01934443973004818
v -0.008862613700330257 0.009711623191833496 0.018399950116872787
v -0.009499967098236084 0.010199960321187973 0.01920115016400814
v -0.00945508386939764 0.010496250353753567 0.01934443973004818
v 0.007694423198699951 0.00980687141418457 0.009243904612958431
v 0.007166683208197355 0.010089989751577377 0.009012340568006039
v 0.007158755790442228 0.010441419668495655 0.009076476097106934
v 0.007166683208197355 0.010089989751577377 0.009012340568006039
v 0.007110297214239836 0.010099289938807487 0.008982539176940918
v 0.007158755790442228 0.010441419668495655 0.009076476097106934
v 0.00790637731552124 0.010370849631726742 0.009578049182891846
v 0.007829844020307064 0.010105250403285027 0.00936216115951538
v 0.007158755790442228 0.010441419668495655 0.009076476097106934
v 0.007829844020307064 0.010105250403285027 0.00936216115951538
v 0.007694423198699951 0.00980687141418457 0.009243904612958431
v 0.007158755790442228 0.010441419668495655 0.009076476097106934
v -0.006555556785315275 0.010190780274569988 0.008689582347869873
v -0.007110297214239836 0.010099289938807487 0.008982539176940918
v -0.007158755790442228 0.010441419668495655 0.009076476097106934
v -0.007110297214239836 0.010099289938807487 0.008982539176940918
v -0.007166683208197355 0.010089989751577377 0.009012340568006039
v -0.007158755790442228 0.010441419668495655 0.009076476097106934
v -0.007829844020307064 0.010105250403285027 0.00936216115951538
v -0.00790637731552124 0.010370849631726742 0.009578049182891846
v -0.007158755790442228 0.010441419668495655 0.009076476097106934
v -0.007166683208197355 0.010089989751577377 0.009012340568006039
v -0.007829844020307064 0.010105250403285027 0.00936216115951538
v -0.007158755790442228 0.010441419668495655 0.009076476097106934
v 0.0006841080030426383 0.010199960321187973 -0.006463884841650724
v -0.0006810639752075076 0.010438740253448486 -0.006435095798224211
v 0.0006810639752075076 0.010438740253448486 -0.006435095798224211
v 0.002012968063354492 0.010438740253448486 -0.006149947177618742
v 0.002021967899054289 0.010199960321187973 -0.006177484057843685
v 0.0006810639752075076 0.010438740253448486 -0.006435095798224211
v 0.002021967899054289 0.010199960321187973 -0.006177484057843685
v 0.000923676008824259 0.010199960321187973 -0.006412564776837826
v 0.0006810639752075076 0.010438740253448486 -0.006435095798224211
v 0.000923676008824259 0.010199960321187973 -0.006412564776837826
v 0.0006841080030426383 0.010199960321187973 -0.006463884841650724
v 0.0006810639752075076 0.010438740253448486 -0.006435095798224211
v 0.0006841080030426383 0.010199960321187973 -0.006463884841650724
v -0.0006841080030426383 0.010199960321187973 -0.006463884841650724
v -0.0006810639752075076 0.010438740253448486 -0.006435095798224211
v -0.0006841080030426383 0.010199960321187973 -0.006463884841650724
v -0.000923676008824259 0.010199960321187973 -0.006412564776837826
v -0.0006810639752075076 0.010438740253448486 -0.006435095798224211
v -0.000923676008824259 0.010199960321187973 -0.006412564776837826
v -0.002012968063354492 0.010438740253448486 -0.006149947177618742
v -0.0006810639752075076 0.010438740253448486 -0.006435095798224211
v 0.003255723975598812 0.010438740253448486 -0.00559234619140625
v 0.0026939508970826864 0.010199960321187973 -0.005875945091247559
v 0.002012968063354492 0.010438740253448486 -0.006149947177618742
v 0.0026939508970826864 0.010199960321187973 -0.005875945091247559
v 0.002021967899054289 0.010199960321187973 -0.006177484057843685
v 0.002012968063354492 0.010438740253448486 -0.006149947177618742
v -0.000923676008824259 0.010199960321187973 -0.006412564776837826
v -0.002021967899054289 0.010199960321187973 -0.006177484057843685
v -0.002012968063354492 0.010438740253448486 -0.006149947177618742
v -0.002021967899054289 0.010199960321187973 -0.006177484057843685
v -0.003255723975598812 0.010438740253448486 -0.00559234619140625
v -0.002012968063354492 0.010438740253448486 -0.006149947177618742
v 0.004354238044470549 0.010438740253448486 -0.004786968231201172
v 0.0042604198679327965 0.010199960321187973 -0.004891395103186369
v 0.003255723975598812 0.010438740253448486 -0.00559234619140625
v 0.0042604198679327965 0.010199960321187973 -0.004891395103186369
v 0.0032703280448913574 0.010199960321187973 -0.005617380142211914
v 0.003255723975598812 0.010438740253448486 -0.00559234619140625
v 0.0032703280448913574 0.010199960321187973 -0.005617380142211914
v 0.0026939508970826864 0.010199960321187973 -0.005875945091247559
v 0.003255723975598812 0.010438740253448486 -0.00559234619140625
v -0.0042604198679327965 0.010199960321187973 -0.004891395103186369
v -0.004354238044470549 0.010438740253448486 -0.004786968231201172
v -0.003255723975598812 0.010438740253448486 -0.00559234619140625
v -0.0032703280448913574 0.010199960321187973 -0.005617380142211914
v -0.0042604198679327965 0.010199960321187973 -0.004891395103186369
v -0.003255723975598812 0.010438740253448486 -0.00559234619140625
v -0.002021967899054289 0.010199960321187973 -0.006177484057843685
v -0.0026939508970826864 0.010199960321187973 -0.005875945091247559
v -0.003255723975598812 0.010438740253448486 -0.00559234619140625
v -0.0026939508970826864 0.010199960321187973 -0.005875945091247559
v -0.0032703280448913574 0.010199960321187973 -0.005617380142211914
v -0.003255723975598812 0.010438740253448486 -0.00559234619140625
v 0.005259810946881771 0.010438740253448486 -0.003769397037103772
v 0.00528335478156805 0.010199960321187973 -0.003786264918744564
v 0.004354238044470549 0.010438740253448486 -0.004786968231201172
v 0.00528335478156805 0.010199960321187973 -0.003786264918744564
v 0.004373729228973389 0.010199960321187973 -0.00480836583301425
v 0.004354238044470549 0.010438740253448486 -0.004786968231201172
v 0.004373729228973389 0.010199960321187973 -0.00480836583301425
v 0.0042604198679327965 0.010199960321187973 -0.004891395103186369
v 0.004354238044470549 0.010438740253448486 -0.004786968231201172
v -0.004373729228973389 0.010199960321187973 -0.00480836583301425
v -0.005259810946881771 0.010438740253448486 -0.003769397037103772
v -0.004354238044470549 0.010438740253448486 -0.004786968231201172
v -0.0042604198679327965 0.010199960321187973 -0.004891395103186369
v -0.004373729228973389 0.010199960321187973 -0.00480836583301425
v -0.004354238044470549 0.010438740253448486 -0.004786968231201172
v 0.005932331085205078 0.010438740253448486 -0.0025848739314824343
v 0.005958855152130127 0.010199960321187973 -0.0025964369997382164
v 0.005259810946881771 0.010438740253448486 -0.003769397037103772
v 0.005958855152130127 0.010199960321187973 -0.0025964369997382164
v 0.005455969832837582 0.010199960321187973 -0.003482222091406584
v 0.005259810946881771 0.010438740253448486 -0.003769397037103772
v 0.005455969832837582 0.010199960321187973 -0.003482222091406584
v 0.00528335478156805 0.010199960321187973 -0.003786264918744564
v 0.005259810946881771 0.010438740253448486 -0.003769397037103772
v -0.005455969832837582 0.010199960321187973 -0.003482222091406584
v -0.005932331085205078 0.010438740253448486 -0.0025848739314824343
v -0.005259810946881771 0.010438740253448486 -0.003769397037103772
v -0.00528335478156805 0.010199960321187973 -0.003786264918744564
v -0.005455969832837582 0.010199960321187973 -0.003482222091406584
v -0.005259810946881771 0.010438740253448486 -0.003769397037103772
v -0.004373729228973389 0.010199960321187973 -0.00480836583301425
v -0.00528335478156805 0.010199960321187973 -0.003786264918744564
v -0.005259810946881771 0.010438740253448486 -0.003769397037103772
v 0.006341992877423763 0.010438740253448486 -0.001285851001739502
v 0.0062118759378790855 0.010199960321187973 -0.001794098992832005
v 0.005932331085205078 0.010438740253448486 -0.0025848739314824343
v 0.0062118759378790855 0.010199960321187973 -0.001794098992832005
v 0.005958855152130127 0.010199960321187973 -0.0025964369997382164
v 0.005932331085205078 0.010438740253448486 -0.0025848739314824343
v -0.005958855152130127 0.010199960321187973 -0.0025964369997382164
v -0.006341992877423763 0.010438740253448486 -0.001285851001739502
v -0.005932331085205078 0.010438740253448486 -0.0025848739314824343
v -0.005455969832837582 0.010199960321187973 -0.003482222091406584
v -0.005958855152130127 0.010199960321187973 -0.0025964369997382164
v -0.005932331085205078 0.010438740253448486 -0.0025848739314824343
v 0.006470679771155119 0.010438740253448486 7.017589814495295e-05
v 0.0064961910247802734 0.010199960321187973 3.45584012393374e-05
v 0.006341992877423763 0.010438740253448486 -0.001285851001739502
v 0.0064961910247802734 0.010199960321187973 3.45584012393374e-05
v 0.0063703651539981365 0.010199960321187973 -0.0012915730476379395
v 0.006341992877423763 0.010438740253448486 -0.001285851001739502
v 0.0063703651539981365 0.010199960321187973 -0.0012915730476379395
v 0.0062118759378790855 0.010199960321187973 -0.001794098992832005
v 0.006341992877423763 0.010438740253448486 -0.001285851001739502
v -0.0062118759378790855 0.010199960321187973 -0.001794098992832005
v -0.0063703651539981365 0.010199960321187973 -0.0012915730476379395
v -0.006341992877423763 0.010438740253448486 -0.001285851001739502
v -0.0063703651539981365 0.010199960321187973 -0.0012915730476379395
v -0.006470679771155119 0.010438740253448486 7.017589814495295e-05
v -0.006341992877423763 0.010438740253448486 -0.001285851001739502
v -0.005958855152130127 0.010199960321187973 -0.0025964369997382164
v -0.0062118759378790855 0.010199960321187973 -0.001794098992832005
v -0.006341992877423763 0.010438740253448486 -0.001285851001739502
v 0.006312607787549496 0.010438740253448486 0.0014230599626898766
v 0.006340860854834318 0.010199960321187973 0.0014294380089268088
v 0.006470679771155119 0.010438740253448486 7.017589814495295e-05
v 0.006340860854834318 0.010199960321187973 0.0014294380089268088
v 0.006499588023871183 0.010199960321187973 7.048880070215091e-05
v 0.006470679771155119 0.010438740253448486 7.017589814495295e-05
v 0.006499588023871183 0.010199960321187973 7.048880070215091e-05
v 0.0064961910247802734 0.010199960321187973 3.45584012393374e-05
v 0.006470679771155119 0.010438740253448486 7.017589814495295e-05
v -0.0063703651539981365 0.010199960321187973 -0.0012915730476379395
v -0.0064961910247802734 0.010199960321187973 3.45584012393374e-05
v -0.006470679771155119 0.010438740253448486 7.017589814495295e-05
v -0.0064961910247802734 0.010199960321187973 3.45584012393374e-05
v -0.006499588023871183 0.010199960321187973 7.048880070215091e-05
v -0.006470679771155119 0.010438740253448486 7.017589814495295e-05
v -0.006499588023871183 0.010199960321187973 7.048880070215091e-05
v -0.006312607787549496 0.010438740253448486 0.0014230599626898766
v -0.006470679771155119 0.010438740253448486 7.017589814495295e-05
v 0.006194829009473324 0.010199960321187973 0.0018596639856696129
v 0.006340860854834318 0.010199960321187973 0.0014294380089268088
v 0.006312607787549496 0.010438740253448486 0.0014230599626898766
v 0.005901156924664974 0.010199960321187973 0.002725064055994153
v 0.006194829009473324 0.010199960321187973 0.0018596639856696129
v 0.006312607787549496 0.010438740253448486 0.0014230599626898766
v 0.0058748722076416016 0.010438740253448486 0.0027129650115966797
v 0.005901156924664974 0.010199960321187973 0.002725064055994153
v 0.006312607787549496 0.010438740253448486 0.0014230599626898766
v -0.006194829009473324 0.010199960321187973 0.0018596639856696129
v -0.0058748722076416016 0.010438740253448486 0.0027129650115966797
v -0.006312607787549496 0.010438740253448486 0.0014230599626898766
v -0.006499588023871183 0.010199960321187973 7.048880070215091e-05
v -0.006340860854834318 0.010199960321187973 0.0014294380089268088
v -0.006312607787549496 0.010438740253448486 0.0014230599626898766
v -0.006340860854834318 0.010199960321187973 0.0014294380089268088
v -0.006194829009473324 0.010199960321187973 0.0018596639856696129
v -0.006312607787549496 0.010438740253448486 0.0014230599626898766
v 0.005416274070739746 0.010199960321187973 0.003537476062774658
v 0.005901156924664974 0.010199960321187973 0.002725064055994153
v 0.0058748722076416016 0.010438740253448486 0.0027129650115966797
v 0.005157172214239836 0.010433129966259003 0.0038678639102727175
v 0.005416274070739746 0.010199960321187973 0.003537476062774658
v 0.0058748722076416016 0.010438740253448486 0.0027129650115966797
v -0.006194829009473324 0.010199960321187973 0.0018596639856696129
v -0.005901156924664974 0.010199960321187973 0.002725064055994153
v -0.0058748722076416016 0.010438740253448486 0.0027129650115966797
v -0.005901156924664974 0.010199960321187973 0.002725064055994153
v -0.005176842212677002 0.010438740253448486 0.0038825860247015953
v -0.0058748722076416016 0.010438740253448486 0.0027129650115966797
v -0.005199967883527279 0.010199960321187973 0.0038999910466372967
v -0.005051313899457455 0.010199960321187973 0.004183769226074219
v -0.005176842212677002 0.010438740253448486 0.0038825860247015953
v -0.005901156924664974 0.010199960321187973 0.002725064055994153
v -0.005416274070739746 0.010199960321187973 0.003537476062774658
v -0.005176842212677002 0.010438740253448486 0.0038825860247015953
v -0.005416274070739746 0.010199960321187973 0.003537476062774658
v -0.005199967883527279 0.010199960321187973 0.0038999910466372967
v -0.005176842212677002 0.010438740253448486 0.0038825860247015953
v 0.005199967883527279 0.010199960321187973 0.0038999910466372967
v 0.005416274070739746 0.010199960321187973 0.003537476062774658
v 0.005157172214239836 0.010433129966259003 0.0038678639102727175
v 0.005051313899457455 0.010199960321187973 0.004183769226074219
v 0.005199967883527279 0.010199960321187973 0.0038999910466372967
v 0.005157172214239836 0.010433129966259003 0.0038678639102727175
v 0.009388864040374756 0.010199960321187973 0.02837890014052391
v 0.009499967098236084 0.010199960321187973 0.027569999918341637
v 0.009473620913922787 0.010428070090711117 0.027569999918341637
v 0.00936347246170044 0.010428070090711117 0.028371810913085938
v 0.009388864040374756 0.010199960321187973 0.02837890014052391
v 0.009473620913922787 0.010428070090711117 0.027569999918341637
v -0.009499967098236084 0.010199960321187973 0.027569999918341637
v -0.00936347246170044 0.010428070090711117 0.028371810913085938
v -0.009473620913922787 0.010428070090711117 0.027569999918341637
v 0.008844076655805111 0.010199960321187973 0.02985410951077938
v 0.009388864040374756 0.010199960321187973 0.02837890014052391
v 0.00936347246170044 0.010428070090711117 0.028371810913085938
v 0.008820176124572754 0.010428070090711117 0.029843030497431755
v 0.008844076655805111 0.010199960321187973 0.02985410951077938
v 0.00936347246170044 0.010428070090711117 0.028371810913085938
v -0.009388864040374756 0.010199960321187973 0.02837890014052391
v -0.008820176124572754 0.010428070090711117 0.029843030497431755
v -0.00936347246170044 0.010428070090711117 0.028371810913085938
v -0.009499967098236084 0.010199960321187973 0.027569999918341637
v -0.009388864040374756 0.010199960321187973 0.02837890014052391
v -0.00936347246170044 0.010428070090711117 0.028371810913085938
v 0.008047460578382015 0.010428070090711117 0.031207740306854248
v 0.008069275878369808 0.010199960321187973 0.03122258000075817
v 0.008820176124572754 0.010428070090711117 0.029843030497431755
v 0.008069275878369808 0.010199960321187973 0.03122258000075817
v 0.008844076655805111 0.010199960321187973 0.02985410951077938
v 0.008820176124572754 0.010428070090711117 0.029843030497431755
v -0.008844076655805111 0.010199960321187973 0.02985410951077938
v -0.008047460578382015 0.010428070090711117 0.031207740306854248
v -0.008820176124572754 0.010428070090711117 0.029843030497431755
v -0.009388864040374756 0.010199960321187973 0.02837890014052391
v -0.008844076655805111 0.010199960321187973 0.02985410951077938
v -0.008820176124572754 0.010428070090711117 0.029843030497431755
v 0.007624207995831966 0.010199960321187973 0.0316922590136528
v 0.008069275878369808 0.010199960321187973 0.03122258000075817
v 0.008047460578382015 0.010428070090711117 0.031207740306854248
v 0.007608294021338224 0.010428070090711117 0.031671278178691864
v 0.007624207995831966 0.010199960321187973 0.0316922590136528
v 0.008047460578382015 0.010428070090711117 0.031207740306854248
v -0.008844076655805111 0.010199960321187973 0.02985410951077938
v -0.008069275878369808 0.010199960321187973 0.03122258000075817
v -0.008047460578382015 0.010428070090711117 0.031207740306854248
v -0.008069275878369808 0.010199960321187973 0.03122258000075817
v -0.007608294021338224 0.010428070090711117 0.031671278178691864
v -0.008047460578382015 0.010428070090711117 0.031207740306854248
v 0.007338404189795256 0.010199960321187973 0.03184378147125244
v 0.007624207995831966 0.010199960321187973 0.0316922590136528
v 0.007608294021338224 0.010428070090711117 0.031671278178691864
v 0.007044136058539152 0.010428070090711117 0.0319703184068203
v 0.007338404189795256 0.010199960321187973 0.03184378147125244
v 0.007608294021338224 0.010428070090711117 0.031671278178691864
v -0.007624207995831966 0.010199960321187973 0.0316922590136528
v -0.007338404189795256 0.010199960321187973 0.03184378147125244
v -0.007608294021338224 0.010428070090711117 0.031671278178691864
v -0.008069275878369808 0.010199960321187973 0.03122258000075817
v -0.007624207995831966 0.010199960321187973 0.0316922590136528
v -0.007608294021338224 0.010428070090711117 0.031671278178691864
v -0.007338404189795256 0.010199960321187973 0.03184378147125244
v -0.007044136058539152 0.010428070090711117 0.0319703184068203
v -0.007608294021338224 0.010428070090711117 0.031671278178691864
v 0.00641399621963501 0.010428070090711117 0.03207360953092575
v 0.00641399621963501 0.010199960321187973 0.03209995850920677
v 0.007044136058539152 0.010428070090711117 0.0319703184068203
v 0.007052539847791195 0.010199960321187973 0.03199528902769089
v 0.007338404189795256 0.010199960321187973 0.03184378147125244
v 0.007044136058539152 0.010428070090711117 0.0319703184068203
v 0.00641399621963501 0.010199960321187973 0.03209995850920677
v 0.007052539847791195 0.010199960321187973 0.03199528902769089
v 0.007044136058539152 0.010428070090711117 0.0319703184068203
v -0.007338404189795256 0.010199960321187973 0.03184378147125244
v -0.007052539847791195 0.010199960321187973 0.03199528902769089
v -0.007044136058539152 0.010428070090711117 0.0319703184068203
v -0.007052539847791195 0.010199960321187973 0.03199528902769089
v -0.00641399621963501 0.010428070090711117 0.03207360953092575
v -0.007044136058539152 0.010428070090711117 0.0319703184068203
v -0.00641399621963501 0.010428070090711117 0.03207360953092575
v 0.00641399621963501 0.010199960321187973 0.03209995850920677
v 0.00641399621963501 0.010428070090711117 0.03207360953092575
v -0.00641399621963501 0.010199960321187973 0.03209995850920677
v 0.00641399621963501 0.010199960321187973 0.03209995850920677
v -0.00641399621963501 0.010428070090711117 0.03207360953092575
v -0.007052539847791195 0.010199960321187973 0.03199528902769089
v -0.00641399621963501 0.010199960321187973 0.03209995850920677
v -0.00641399621963501 0.010428070090711117 0.03207360953092575
v 0.008317649364471436 0.009662388823926449 0.009539841674268246
v 0.007829844020307064 0.010105250403285027 0.00936216115951538
v 0.00790637731552124 0.010370849631726742 0.009578049182891846
v 0.00856631901115179 0.009762822650372982 0.009790003299713135
v 0.008317649364471436 0.009662388823926449 0.009539841674268246
v 0.00790637731552124 0.010370849631726742 0.009578049182891846
v 0.008295713923871517 0.010273450054228306 0.009984134696424007
v 0.00856631901115179 0.009762822650372982 0.009790003299713135
v 0.00790637731552124 0.010370849631726742 0.009578049182891846
v -0.007829844020307064 0.010105250403285027 0.00936216115951538
v -0.008317111991345882 0.009662151336669922 0.009539902210235596
v -0.00790637731552124 0.010370849631726742 0.009578049182891846
v -0.008317111991345882 0.009662151336669922 0.009539902210235596
v -0.00856631901115179 0.009762822650372982 0.009790003299713135
v -0.00790637731552124 0.010370849631726742 0.009578049182891846
v -0.00856631901115179 0.009762822650372982 0.009790003299713135
v -0.008642256259918213 0.009917736053466797 0.010080389678478241
v -0.00790637731552124 0.010370849631726742 0.009578049182891846
v -0.008642256259918213 0.009917736053466797 0.010080389678478241
v -0.008295713923871517 0.010273450054228306 0.009984134696424007
v -0.00790637731552124 0.010370849631726742 0.009578049182891846
v 0.008429466746747494 0.010219450108706951 0.010335500352084637
v 0.008295713923871517 0.010273450054228306 0.009984134696424007
v 0.008254109881818295 0.010359279811382294 0.010287400335073471
v -0.008295713923871517 0.010273450054228306 0.009984134696424007
v -0.008412419818341732 0.010235720314085484 0.010331089608371258
v -0.008254109881818295 0.010358920320868492 0.010287339799106121
v 0.008429466746747494 0.010219450108706951 0.010335500352084637
v 0.008642256259918213 0.009917736053466797 0.010080389678478241
v 0.008295713923871517 0.010273450054228306 0.009984134696424007
v 0.008642256259918213 0.009917736053466797 0.010080389678478241
v 0.00856631901115179 0.009762822650372982 0.009790003299713135
v 0.008295713923871517 0.010273450054228306 0.009984134696424007
v -0.008642256259918213 0.009917736053466797 0.010080389678478241
v -0.008412419818341732 0.010235720314085484 0.010331089608371258
v -0.008295713923871517 0.010273450054228306 0.009984134696424007
v 0.009499967098236084 0.010199960321187973 0.027569999918341637
v 0.009499967098236084 0.010199960321187973 0.01920115016400814
v 0.009499250911176205 0.010238110087811947 0.01922284997999668
v -0.008642256259918213 0.009917736053466797 0.010080389678478241
v -0.008621691726148129 0.009992598555982113 0.0103831198066473
v -0.008412419818341732 0.010235720314085484 0.010331089608371258
v 0.008623062632977962 0.009993909858167171 0.010383600369095802
v 0.008642256259918213 0.009917736053466797 0.010080389678478241
v 0.008429466746747494 0.010219450108706951 0.010335500352084637
v 0.0009281240054406226 0.006399989128112793 -0.006433366797864437
v -0.0006841080030426383 0.010199960321187973 -0.006463884841650724
v 0.0006841080030426383 0.010199960321187973 -0.006463884841650724
v 0.000923676008824259 0.010199960321187973 -0.006412564776837826
v 0.0009281240054406226 0.006399989128112793 -0.006433366797864437
v 0.0006841080030426383 0.010199960321187973 -0.006463884841650724
v 0.0009281240054406226 0.006399989128112793 -0.006433366797864437
v -0.0009281240054406226 0.006399989128112793 -0.006433366797864437
v -0.0006841080030426383 0.010199960321187973 -0.006463884841650724
v -0.0009281240054406226 0.006399989128112793 -0.006433366797864437
v -0.000923676008824259 0.010199960321187973 -0.006412564776837826
v -0.0006841080030426383 0.010199960321187973 -0.006463884841650724
v 0.002021967899054289 0.010199960321187973 -0.006177484057843685
v 0.0009281240054406226 0.006399989128112793 -0.006433366797864437
v 0.000923676008824259 0.010199960321187973 -0.006412564776837826
v -0.0009281240054406226 0.006399989128112793 -0.006433366797864437
v -0.002021967899054289 0.010199960321187973 -0.006177484057843685
v -0.000923676008824259 0.010199960321187973 -0.006412564776837826
v 0.0026939508970826864 0.010199960321187973 -0.005875945091247559
v 0.0027086730115115643 0.006399989128112793 -0.005908668041229248
v 0.002021967899054289 0.010199960321187973 -0.006177484057843685
v 0.0027086730115115643 0.006399989128112793 -0.005908668041229248
v 0.0009281240054406226 0.006399989128112793 -0.006433366797864437
v 0.002021967899054289 0.010199960321187973 -0.006177484057843685
v -0.0009281240054406226 0.006399989128112793 -0.006433366797864437
v -0.0027086730115115643 0.006399989128112793 -0.005908668041229248
v -0.002021967899054289 0.010199960321187973 -0.006177484057843685
v -0.0027086730115115643 0.006399989128112793 -0.005908668041229248
v -0.0026939508970826864 0.010199960321187973 -0.005875945091247559
v -0.002021967899054289 0.010199960321187973 -0.006177484057843685
v 0.0032703280448913574 0.010199960321187973 -0.005617380142211914
v 0.0027086730115115643 0.006399989128112793 -0.005908668041229248
v 0.0026939508970826864 0.010199960321187973 -0.005875945091247559
v -0.0027086730115115643 0.006399989128112793 -0.005908668041229248
v -0.0032703280448913574 0.010199960321187973 -0.005617380142211914
v -0.0026939508970826864 0.010199960321187973 -0.005875945091247559
v 0.0042604198679327965 0.010199960321187973 -0.004891395103186369
v 0.004268288146704435 0.006399989128112793 -0.004902123939245939
v 0.0032703280448913574 0.010199960321187973 -0.005617380142211914
v 0.004268288146704435 0.006399989128112793 -0.004902123939245939
v 0.0027086730115115643 0.006399989128112793 -0.005908668041229248
v 0.0032703280448913574 0.010199960321187973 -0.005617380142211914
v -0.004268288146704435 0.006399989128112793 -0.004902123939245939
v -0.0042604198679327965 0.010199960321187973 -0.004891395103186369
v -0.0032703280448913574 0.010199960321187973 -0.005617380142211914
v -0.0027086730115115643 0.006399989128112793 -0.005908668041229248
v -0.004268288146704435 0.006399989128112793 -0.004902123939245939
v -0.0032703280448913574 0.010199960321187973 -0.005617380142211914
v 0.004373729228973389 0.010199960321187973 -0.00480836583301425
v 0.004268288146704435 0.006399989128112793 -0.004902123939245939
v 0.0042604198679327965 0.010199960321187973 -0.004891395103186369
v -0.004268288146704435 0.006399989128112793 -0.004902123939245939
v -0.004373729228973389 0.010199960321187973 -0.00480836583301425
v -0.0042604198679327965 0.010199960321187973 -0.004891395103186369
v 0.00528335478156805 0.010199960321187973 -0.003786264918744564
v 0.004268288146704435 0.006399989128112793 -0.004902123939245939
v 0.004373729228973389 0.010199960321187973 -0.00480836583301425
v -0.004268288146704435 0.006399989128112793 -0.004902123939245939
v -0.00528335478156805 0.010199960321187973 -0.003786264918744564
v -0.004373729228973389 0.010199960321187973 -0.00480836583301425
v 0.005455969832837582 0.010199960321187973 -0.003482222091406584
v 0.005479872226715088 0.006399989128112793 -0.003495811950415373
v 0.00528335478156805 0.010199960321187973 -0.003786264918744564
v 0.005479872226715088 0.006399989128112793 -0.003495811950415373
v 0.004268288146704435 0.006399989128112793 -0.004902123939245939
v 0.00528335478156805 0.010199960321187973 -0.003786264918744564
v -0.004268288146704435 0.006399989128112793 -0.004902123939245939
v -0.005479872226715088 0.006399989128112793 -0.003495811950415373
v -0.00528335478156805 0.010199960321187973 -0.003786264918744564
v -0.005479872226715088 0.006399989128112793 -0.003495811950415373
v -0.005455969832837582 0.010199960321187973 -0.003482222091406584
v -0.00528335478156805 0.010199960321187973 -0.003786264918744564
v 0.0060338969342410564 0.008767366409301758 -0.0024104109033942223
v 0.005925296805799007 0.008568882010877132 -0.002672075992450118
v 0.005455969832837582 0.010199960321187973 -0.003482222091406584
v 0.005925296805799007 0.008568882010877132 -0.002672075992450118
v 0.005807876121252775 0.008227764628827572 -0.0029186010360717773
v 0.005455969832837582 0.010199960321187973 -0.003482222091406584
v 0.005807876121252775 0.008227764628827572 -0.0029186010360717773
v 0.0057592978700995445 0.007914005778729916 -0.003013073932379484
v 0.005455969832837582 0.010199960321187973 -0.003482222091406584
v 0.005958855152130127 0.010199960321187973 -0.0025964369997382164
v 0.006241321098059416 0.009063005447387695 -0.0018153779674321413
v 0.005455969832837582 0.010199960321187973 -0.003482222091406584
v 0.006241321098059416 0.009063005447387695 -0.0018153779674321413
v 0.006076632998883724 0.008845508098602295 -0.00230729510076344
v 0.005455969832837582 0.010199960321187973 -0.003482222091406584
v 0.006076632998883724 0.008845508098602295 -0.00230729510076344
v 0.0060338969342410564 0.008767366409301758 -0.0024104109033942223
v 0.005455969832837582 0.010199960321187973 -0.003482222091406584
v 0.0057592978700995445 0.007914005778729916 -0.003013073932379484
v 0.005754292011260986 0.007881522178649902 -0.0030228490941226482
v 0.005455969832837582 0.010199960321187973 -0.003482222091406584
v 0.005754292011260986 0.007881522178649902 -0.0030228490941226482
v 0.005479872226715088 0.006399989128112793 -0.003495811950415373
v 0.005455969832837582 0.010199960321187973 -0.003482222091406584
v -0.0058252811431884766 0.008293688297271729 -0.0028836720157414675
v -0.005940914154052734 0.00860279705375433 -0.0026372671127319336
v -0.005455969832837582 0.010199960321187973 -0.003482222091406584
v -0.005940914154052734 0.00860279705375433 -0.0026372671127319336
v -0.0060333008877933025 0.008767545223236084 -0.002412437926977873
v -0.005455969832837582 0.010199960321187973 -0.003482222091406584
v -0.0060333008877933025 0.008767545223236084 -0.002412437926977873
v -0.005958855152130127 0.010199960321187973 -0.0025964369997382164
v -0.005455969832837582 0.010199960321187973 -0.003482222091406584
v -0.005479872226715088 0.006399989128112793 -0.003495811950415373
v -0.005760312080383301 0.007953286170959473 -0.0030113449320197105
v -0.005455969832837582 0.010199960321187973 -0.003482222091406584
v -0.005760312080383301 0.007953286170959473 -0.0030113449320197105
v -0.0058252811431884766 0.008293688297271729 -0.0028836720157414675
v -0.005455969832837582 0.010199960321187973 -0.003482222091406584
v 0.0062118759378790855 0.010199960321187973 -0.001794098992832005
v 0.006243884097784758 0.009065628051757812 -0.001804232015274465
v 0.005958855152130127 0.010199960321187973 -0.0025964369997382164
v 0.006243884097784758 0.009065628051757812 -0.001804232015274465
v 0.006241321098059416 0.009063005447387695 -0.0018153779674321413
v 0.005958855152130127 0.010199960321187973 -0.0025964369997382164
v -0.0060333008877933025 0.008767545223236084 -0.002412437926977873
v -0.006078838836401701 0.008848845027387142 -0.0023015139158815145
v -0.005958855152130127 0.010199960321187973 -0.0025964369997382164
v -0.006078838836401701 0.008848845027387142 -0.0023015139158815145
v -0.006231545936316252 0.009051679633557796 -0.0018485779874026775
v -0.005958855152130127 0.010199960321187973 -0.0025964369997382164
v -0.006231545936316252 0.009051679633557796 -0.0018485779874026775
v -0.0062118759378790855 0.010199960321187973 -0.001794098992832005
v -0.005958855152130127 0.010199960321187973 -0.0025964369997382164
v 0.0063703651539981365 0.010199960321187973 -0.0012915730476379395
v 0.006406009197235107 0.00923150684684515 -0.0011013150215148926
v 0.0062118759378790855 0.010199960321187973 -0.001794098992832005
v 0.006406009197235107 0.00923150684684515 -0.0011013150215148926
v 0.006243884097784758 0.009065628051757812 -0.001804232015274465
v 0.0062118759378790855 0.010199960321187973 -0.001794098992832005
v -0.006231545936316252 0.009051679633557796 -0.0018485779874026775
v -0.0062424540519714355 0.00906306505203247 -0.0018038740381598473
v -0.0062118759378790855 0.010199960321187973 -0.001794098992832005
v -0.0062424540519714355 0.00906306505203247 -0.0018038740381598473
v -0.0063703651539981365 0.010199960321187973 -0.0012915730476379395
v -0.0062118759378790855 0.010199960321187973 -0.001794098992832005
v 0.0064961910247802734 0.010199960321187973 3.45584012393374e-05
v 0.006491540931165218 0.009304760955274105 -0.00033123898901976645
v 0.0063703651539981365 0.010199960321187973 -0.0012915730476379395
v 0.006491540931165218 0.009304760955274105 -0.00033123898901976645
v 0.006406009197235107 0.00923150684684515 -0.0011013150215148926
v 0.0063703651539981365 0.010199960321187973 -0.0012915730476379395
v -0.0062424540519714355 0.00906306505203247 -0.0018038740381598473
v -0.006384371779859066 0.009211421012878418 -0.0012204049853608012
v -0.0063703651539981365 0.010199960321187973 -0.0012915730476379395
v -0.006384371779859066 0.009211421012878418 -0.0012204049853608012
v -0.0064961910247802734 0.010199960321187973 3.45584012393374e-05
v -0.0063703651539981365 0.010199960321187973 -0.0012915730476379395
v 0.006499588023871183 0.010199960321187973 7.048880070215091e-05
v 0.006479144096374512 0.00929492712020874 0.0005197249702177942
v 0.0064961910247802734 0.010199960321187973 3.45584012393374e-05
v 0.006479144096374512 0.00929492712020874 0.0005197249702177942
v 0.006486237049102783 0.009300529025495052 3.400700006750412e-05
v 0.0064961910247802734 0.010199960321187973 3.45584012393374e-05
v 0.006486237049102783 0.009300529025495052 3.400700006750412e-05
v 0.006491540931165218 0.009304760955274105 -0.00033123898901976645
v 0.0064961910247802734 0.010199960321187973 3.45584012393374e-05
v -0.0064872498624026775 0.009301364421844482 3.4390697692288086e-05
v -0.006499588023871183 0.010199960321187973 7.048880070215091e-05
v -0.0064961910247802734 0.010199960321187973 3.45584012393374e-05
v -0.006384371779859066 0.009211421012878418 -0.0012204049853608012
v -0.006479084026068449 0.00929486658424139 -0.0005204390035942197
v -0.0064961910247802734 0.010199960321187973 3.45584012393374e-05
v -0.006479084026068449 0.00929486658424139 -0.0005204390035942197
v -0.0064872498624026775 0.009301364421844482 3.4390697692288086e-05
v -0.0064961910247802734 0.010199960321187973 3.45584012393374e-05
v 0.006340860854834318 0.010199960321187973 0.0014294380089268088
v 0.0063842530362308025 0.009211361408233643 0.0012209409615024924
v 0.006499588023871183 0.010199960321187973 7.048880070215091e-05
v 0.0063842530362308025 0.009211361408233643 0.0012209409615024924
v 0.006479144096374512 0.00929492712020874 0.0005197249702177942
v 0.006499588023871183 0.010199960321187973 7.048880070215091e-05
v -0.0064872498624026775 0.009301364421844482 3.4390697692288086e-05
v -0.006491540931165218 0.00930482055991888 0.00033060298301279545
v -0.006499588023871183 0.010199960321187973 7.048880070215091e-05
v -0.006491540931165218 0.00930482055991888 0.00033060298301279545
v -0.006340860854834318 0.010199960321187973 0.0014294380089268088
v -0.006499588023871183 0.010199960321187973 7.048880070215091e-05
v 0.006194829009473324 0.010199960321187973 0.0018596639856696129
v 0.006231367122381926 0.00905144214630127 0.0018492339877411723
v 0.006340860854834318 0.010199960321187973 0.0014294380089268088
v 0.006231367122381926 0.00905144214630127 0.0018492339877411723
v 0.0063842530362308025 0.009211361408233643 0.0012209409615024924
v 0.006340860854834318 0.010199960321187973 0.0014294380089268088
v -0.006491540931165218 0.00930482055991888 0.00033060298301279545
v -0.006406188011169434 0.009231685660779476 0.001100181951187551
v -0.006340860854834318 0.010199960321187973 0.0014294380089268088
v -0.006406188011169434 0.009231685660779476 0.001100181951187551
v -0.006194829009473324 0.010199960321187973 0.0018596639856696129
v -0.006340860854834318 0.010199960321187973 0.0014294380089268088
v 0.005901156924664974 0.010199960321187973 0.002725064055994153
v 0.006079136859625578 0.008849263191223145 0.002300797961652279
v 0.006194829009473324 0.010199960321187973 0.0018596639856696129
v 0.006079136859625578 0.008849263191223145 0.002300797961652279
v 0.00622445298358798 0.00904226303100586 0.0018697379855439067
v 0.006194829009473324 0.010199960321187973 0.0018596639856696129
v 0.00622445298358798 0.00904226303100586 0.0018697379855439067
v 0.006231367122381926 0.00905144214630127 0.0018492339877411723
v 0.006194829009473324 0.010199960321187973 0.0018596639856696129
v -0.0062233200296759605 0.009039281867444515 0.0018693800084292889
v -0.005901156924664974 0.010199960321187973 0.002725064055994153
v -0.006194829009473324 0.010199960321187973 0.0018596639856696129
v -0.006406188011169434 0.009231685660779476 0.001100181951187551
v -0.006240785121917725 0.009062348864972591 0.001817225944250822
v -0.006194829009473324 0.010199960321187973 0.0018596639856696129
v -0.006240785121917725 0.009062348864972591 0.001817225944250822
v -0.0062233200296759605 0.009039281867444515 0.0018693800084292889
v -0.006194829009473324 0.010199960321187973 0.0018596639856696129
v 0.005416274070739746 0.010199960321187973 0.003537476062774658
v 0.006033360026776791 0.008767603896558285 0.0024122591130435467
v 0.005901156924664974 0.010199960321187973 0.002725064055994153
v 0.006033360026776791 0.008767603896558285 0.0024122591130435467
v 0.006079136859625578 0.008849263191223145 0.002300797961652279
v 0.005901156924664974 0.010199960321187973 0.002725064055994153
v -0.006033836863934994 0.008767305873334408 0.002410589950159192
v -0.005416274070739746 0.010199960321187973 0.003537476062774658
v -0.005901156924664974 0.010199960321187973 0.002725064055994153
v -0.006076097022742033 0.008844614028930664 0.002308845054358244
v -0.006033836863934994 0.008767305873334408 0.002410589950159192
v -0.005901156924664974 0.010199960321187973 0.002725064055994153
v -0.0062233200296759605 0.009039281867444515 0.0018693800084292889
v -0.006076097022742033 0.008844614028930664 0.002308845054358244
v -0.005901156924664974 0.010199960321187973 0.002725064055994153
v 0.005760312080383301 0.007953286170959473 0.0030113449320197105
v 0.005825161002576351 0.008293329738080502 0.0028839108999818563
v 0.005416274070739746 0.010199960321187973 0.003537476062774658
v 0.005825161002576351 0.008293329738080502 0.0028839108999818563
v 0.005940794013440609 0.008602619171142578 0.002637505065649748
v 0.005416274070739746 0.010199960321187973 0.003537476062774658
v 0.005940794013440609 0.008602619171142578 0.002637505065649748
v 0.006033360026776791 0.008767603896558285 0.0024122591130435467
v 0.005416274070739746 0.010199960321187973 0.003537476062774658
v 0.005442738067358732 0.006399989128112793 0.003553271060809493
v 0.005760312080383301 0.007953286170959473 0.0030113449320197105
v 0.005416274070739746 0.010199960321187973 0.003537476062774658
v 0.005199967883527279 0.010199960321187973 0.0038999910466372967
v 0.005442738067358732 0.006399989128112793 0.003553271060809493
v 0.005416274070739746 0.010199960321187973 0.003537476062774658
v -0.006033836863934994 0.008767305873334408 0.002410589950159192
v -0.005924819968640804 0.00856786873191595 0.0026731491088867188
v -0.005416274070739746 0.010199960321187973 0.003537476062774658
v -0.005924819968640804 0.00856786873191595 0.0026731491088867188
v -0.005807638168334961 0.008226752281188965 0.002919076941907406
v -0.005416274070739746 0.010199960321187973 0.003537476062774658
v -0.005807638168334961 0.008226752281188965 0.002919076941907406
v -0.00575941801071167 0.007913947105407715 0.0030128948856145144
v -0.005416274070739746 0.010199960321187973 0.003537476062774658
v -0.00575941801071167 0.007913947105407715 0.0030128948856145144
v -0.005754231940954924 0.007880330085754395 0.0030229680705815554
v -0.005416274070739746 0.010199960321187973 0.003537476062774658
v -0.005754231940954924 0.007880330085754395 0.0030229680705815554
v -0.005442738067358732 0.006399989128112793 0.003553271060809493
v -0.005416274070739746 0.010199960321187973 0.003537476062774658
v -0.005442738067358732 0.006399989128112793 0.003553271060809493
v -0.005199967883527279 0.006399989128112793 0.0038999910466372967
v -0.005416274070739746 0.010199960321187973 0.003537476062774658
v -0.005199967883527279 0.006399989128112793 0.0038999910466372967
v -0.005199967883527279 0.010199960321187973 0.0038999910466372967
v -0.005416274070739746 0.010199960321187973 0.003537476062774658
v 0.005199967883527279 0.006399989128112793 0.0038999910466372967
v 0.005442738067358732 0.006399989128112793 0.003553271060809493
v 0.005199967883527279 0.010199960321187973 0.0038999910466372967
v 0.005051313899457455 0.010199960321187973 0.004183769226074219
v 0.005051313899457455 0.006399989128112793 0.004183769226074219
v 0.005199967883527279 0.010199960321187973 0.0038999910466372967
v 0.005051313899457455 0.006399989128112793 0.004183769226074219
v 0.005199967883527279 0.006399989128112793 0.0038999910466372967
v 0.005199967883527279 0.010199960321187973 0.0038999910466372967
v -0.005199967883527279 0.006399989128112793 0.0038999910466372967
v -0.005051313899457455 0.010199960321187973 0.004183769226074219
v -0.005199967883527279 0.010199960321187973 0.0038999910466372967
v 0.004999995231628418 0.010199960321187973 0.004499970935285091
v 0.004999995231628418 0.006399989128112793 0.004499970935285091
v 0.005051313899457455 0.010199960321187973 0.004183769226074219
v 0.004999995231628418 0.006399989128112793 0.004499970935285091
v 0.005051313899457455 0.006399989128112793 0.004183769226074219
v 0.005051313899457455 0.010199960321187973 0.004183769226074219
v -0.005199967883527279 0.006399989128112793 0.0038999910466372967
v -0.005051313899457455 0.006399989128112793 0.004183769226074219
v -0.005051313899457455 0.010199960321187973 0.004183769226074219
v -0.005051313899457455 0.006399989128112793 0.004183769226074219
v -0.004999995231628418 0.010199960321187973 0.004499970935285091
v -0.005051313899457455 0.010199960321187973 0.004183769226074219
v 0.004999995231628418 0.010199960321187973 0.007123887073248625
v 0.004999995231628418 0.006399989128112793 0.007123887073248625
v 0.004999995231628418 0.010199960321187973 0.004499970935285091
v 0.004999995231628418 0.006399989128112793 0.007123887073248625
v 0.004999995231628418 0.006399989128112793 0.004499970935285091
v 0.004999995231628418 0.010199960321187973 0.004499970935285091
v -0.004999995231628418 0.006399989128112793 0.004499970935285091
v -0.004999995231628418 0.010199960321187973 0.007123887073248625
v -0.004999995231628418 0.010199960321187973 0.004499970935285091
v -0.005051313899457455 0.006399989128112793 0.004183769226074219
v -0.004999995231628418 0.006399989128112793 0.004499970935285091
v -0.004999995231628418 0.010199960321187973 0.004499970935285091
v 0.005045949947088957 0.010199960321187973 0.007423638831824064
v 0.004999995231628418 0.006399989128112793 0.007123887073248625
v 0.004999995231628418 0.010199960321187973 0.007123887073248625
v -0.004999995231628418 0.006399989128112793 0.004499970935285091
v -0.004999995231628418 0.006399989128112793 0.007123887073248625
v -0.004999995231628418 0.010199960321187973 0.007123887073248625
v -0.004999995231628418 0.006399989128112793 0.007123887073248625
v -0.005045949947088957 0.010199960321187973 0.007423638831824064
v -0.004999995231628418 0.010199960321187973 0.007123887073248625
v 0.005112825892865658 0.010199960321187973 0.007559715770184994
v 0.005102455150336027 0.006399989128112793 0.007564841769635677
v 0.005045949947088957 0.010199960321187973 0.007423638831824064
v 0.005102455150336027 0.006399989128112793 0.007564841769635677
v 0.004999995231628418 0.006399989128112793 0.007123887073248625
v 0.005045949947088957 0.010199960321187973 0.007423638831824064
v -0.004999995231628418 0.006399989128112793 0.007123887073248625
v -0.005102455150336027 0.006399989128112793 0.007564841769635677
v -0.005045949947088957 0.010199960321187973 0.007423638831824064
v -0.005102455150336027 0.006399989128112793 0.007564841769635677
v -0.005112825892865658 0.010199960321187973 0.007559715770184994
v -0.005045949947088957 0.010199960321187973 0.007423638831824064
v 0.005179702769964933 0.010199960321187973 0.007695852778851986
v 0.005102455150336027 0.006399989128112793 0.007564841769635677
v 0.005112825892865658 0.010199960321187973 0.007559715770184994
v -0.005102455150336027 0.006399989128112793 0.007564841769635677
v -0.005179702769964933 0.010199960321187973 0.007695852778851986
v -0.005112825892865658 0.010199960321187973 0.007559715770184994
v 0.005388855002820492 0.010199960321187973 0.0079154372215271
v 0.005388855002820492 0.006399989128112793 0.0079154372215271
v 0.005179702769964933 0.010199960321187973 0.007695852778851986
v 0.005388855002820492 0.006399989128112793 0.0079154372215271
v 0.005102455150336027 0.006399989128112793 0.007564841769635677
v 0.005179702769964933 0.010199960321187973 0.007695852778851986
v -0.005102455150336027 0.006399989128112793 0.007564841769635677
v -0.005388855002820492 0.006399989128112793 0.0079154372215271
v -0.005179702769964933 0.010199960321187973 0.007695852778851986
v -0.005388855002820492 0.006399989128112793 0.0079154372215271
v -0.005388855002820492 0.010199960321187973 0.0079154372215271
v -0.005179702769964933 0.010199960321187973 0.007695852778851986
v 0.006061851046979427 0.00882261898368597 0.008392035029828548
v 0.005846917163580656 0.008365570567548275 0.008248805068433285
v 0.005388855002820492 0.010199960321187973 0.0079154372215271
v 0.006499946117401123 0.010199960321187973 0.008660197257995605
v 0.006386816035956144 0.009213565848767757 0.008593915961682796
v 0.005388855002820492 0.010199960321187973 0.0079154372215271
v 0.006386816035956144 0.009213565848767757 0.008593915961682796
v 0.006119250785559416 0.008891642093658447 0.008427678607404232
v 0.005388855002820492 0.010199960321187973 0.0079154372215271
v 0.006119250785559416 0.008891642093658447 0.008427678607404232
v 0.006061851046979427 0.00882261898368597 0.008392035029828548
v 0.005388855002820492 0.010199960321187973 0.0079154372215271
v 0.005846917163580656 0.008365570567548275 0.008248805068433285
v 0.005765258800238371 0.007962644100189209 0.008192180655896664
v 0.005388855002820492 0.010199960321187973 0.0079154372215271
v 0.005765258800238371 0.007962644100189209 0.008192180655896664
v 0.00575751019641757 0.00792455580085516 0.008186817169189453
v 0.005388855002820492 0.010199960321187973 0.0079154372215271
v 0.00575751019641757 0.00792455580085516 0.008186817169189453
v 0.005388855002820492 0.006399989128112793 0.0079154372215271
v 0.005388855002820492 0.010199960321187973 0.0079154372215271
v -0.005388855002820492 0.006399989128112793 0.0079154372215271
v -0.00574988080188632 0.0077544450759887695 0.008181451819837093
v -0.005388855002820492 0.010199960321187973 0.0079154372215271
v -0.00574988080188632 0.0077544450759887695 0.008181451819837093
v -0.005800485145300627 0.008176267147064209 0.008216737769544125
v -0.005388855002820492 0.010199960321187973 0.0079154372215271
v -0.005800485145300627 0.008176267147064209 0.008216737769544125
v -0.005805552005767822 0.008218586444854736 0.008220314048230648
v -0.005388855002820492 0.010199960321187973 0.0079154372215271
v -0.005805552005767822 0.008218586444854736 0.008220314048230648
v -0.005958436988294125 0.008638978004455566 0.008324085734784603
v -0.005388855002820492 0.010199960321187973 0.0079154372215271
v -0.005958436988294125 0.008638978004455566 0.008324085734784603
v -0.006210207007825375 0.009026408195495605 0.008486329577863216
v -0.005388855002820492 0.010199960321187973 0.0079154372215271
v -0.006210207007825375 0.009026408195495605 0.008486329577863216
v -0.006499946117401123 0.010199960321187973 0.008660197257995605
v -0.005388855002820492 0.010199960321187973 0.0079154372215271
v 0.006555556785315275 0.010190780274569988 0.008689582347869873
v 0.00655591394752264 0.009334266185760498 0.00868904497474432
v 0.006499946117401123 0.010199960321187973 0.008660197257995605
v 0.00655591394752264 0.009334266185760498 0.00868904497474432
v 0.006386816035956144 0.009213565848767757 0.008593915961682796
v 0.006499946117401123 0.010199960321187973 0.008660197257995605
v -0.006210207007825375 0.009026408195495605 0.008486329577863216
v -0.006213306915014982 0.009029269218444824 0.008488178253173828
v -0.006499946117401123 0.010199960321187973 0.008660197257995605
v -0.006213306915014982 0.009029269218444824 0.008488178253173828
v -0.006555556785315275 0.010190780274569988 0.008689582347869873
v -0.006499946117401123 0.010199960321187973 0.008660197257995605
v 0.00886768102645874 0.009706555865705013 0.018399950116872787
v 0.008862613700330257 0.009711623191833496 0.018399950116872787
v 0.009499967098236084 0.010199960321187973 0.01920115016400814
v 0.009499967098236084 0.010153169743716717 0.01917772926390171
v 0.00886768102645874 0.009706555865705013 0.018399950116872787
v 0.009499967098236084 0.010199960321187973 0.01920115016400814
v 0.009499967098236084 0.010199960321187973 0.027569999918341637
v 0.009499967098236084 0.010153169743716717 0.01917772926390171
v 0.009499967098236084 0.010199960321187973 0.01920115016400814
v 0.009499967098236084 0.005099952220916748 0.027569999918341637
v 0.009499967098236084 0.010153169743716717 0.01917772926390171
v 0.009499967098236084 0.010199960321187973 0.027569999918341637
v 0.009388864040374756 0.010199960321187973 0.02837890014052391
v 0.009388864040374756 0.005558073054999113 0.02837890014052391
v 0.009499967098236084 0.010199960321187973 0.027569999918341637
v 0.009388864040374756 0.005558073054999113 0.02837890014052391
v 0.009435533545911312 0.005453168880194426 0.02818845957517624
v 0.009499967098236084 0.010199960321187973 0.027569999918341637
v 0.009435533545911312 0.005453168880194426 0.02818845957517624
v 0.00943684484809637 0.005445777904242277 0.028175590559840202
v 0.009499967098236084 0.010199960321187973 0.027569999918341637
v 0.00943684484809637 0.005445777904242277 0.028175590559840202
v 0.009499967098236084 0.005099952220916748 0.027569999918341637
v 0.009499967098236084 0.010199960321187973 0.027569999918341637
v -0.009499967098236084 0.010199960321187973 0.01920115016400814
v -0.009499967098236084 0.005099952220916748 0.027569999918341637
v -0.009499967098236084 0.010199960321187973 0.027569999918341637
v -0.00942599680274725 0.0054420228116214275 0.028172189369797707
v -0.009388864040374756 0.010199960321187973 0.02837890014052391
v -0.009499967098236084 0.010199960321187973 0.027569999918341637
v -0.009489654563367367 0.005243300925940275 0.02781819924712181
v -0.00942599680274725 0.0054420228116214275 0.028172189369797707
v -0.009499967098236084 0.010199960321187973 0.027569999918341637
v -0.009499967098236084 0.005099952220916748 0.027569999918341637
v -0.009489654563367367 0.005243300925940275 0.02781819924712181
v -0.009499967098236084 0.010199960321187973 0.027569999918341637
v 0.008844076655805111 0.010199960321187973 0.02985410951077938
v 0.008843719027936459 0.006038486026227474 0.0298539400100708
v 0.009388864040374756 0.010199960321187973 0.02837890014052391
v 0.008843719027936459 0.006038486026227474 0.0298539400100708
v 0.008846580050885677 0.006038010120391846 0.029848389327526093
v 0.009388864040374756 0.010199960321187973 0.02837890014052391
v 0.008846580050885677 0.006038010120391846 0.029848389327526093
v 0.008848427794873714 0.006037652026861906 0.029844820499420166
v 0.009388864040374756 0.010199960321187973 0.02837890014052391
v 0.008848427794873714 0.006037652026861906 0.029844820499420166
v 0.009152889251708984 0.0058574671857059 0.02910953015089035
v 0.009388864040374756 0.010199960321187973 0.02837890014052391
v 0.009152889251708984 0.0058574671857059 0.02910953015089035
v 0.009200035594403744 0.005801199935376644 0.02896624058485031
v 0.009388864040374756 0.010199960321187973 0.02837890014052391
v 0.009200035594403744 0.005801199935376644 0.02896624058485031
v 0.009360194206237793 0.005609989166259766 0.028479209169745445
v 0.009388864040374756 0.010199960321187973 0.02837890014052391
v 0.009360194206237793 0.005609989166259766 0.028479209169745445
v 0.009388864040374756 0.005558073054999113 0.02837890014052391
v 0.009388864040374756 0.010199960321187973 0.02837890014052391
v -0.009204982779920101 0.005805552005767822 0.028960879892110825
v -0.009195089340209961 0.0058189029805362225 0.028992289677262306
v -0.009388864040374756 0.010199960321187973 0.02837890014052391
v -0.009388864040374756 0.005558073054999113 0.02837890014052391
v -0.009204982779920101 0.005805552005767822 0.028960879892110825
v -0.009388864040374756 0.010199960321187973 0.02837890014052391
v -0.008842766284942627 0.006027221214026213 0.02984333038330078
v -0.008844076655805111 0.010199960321187973 0.02985410951077938
v -0.009388864040374756 0.010199960321187973 0.02837890014052391
v -0.008933842182159424 0.006001113913953304 0.0296549703925848
v -0.008842766284942627 0.006027221214026213 0.02984333038330078
v -0.009388864040374756 0.010199960321187973 0.02837890014052391
v -0.009195089340209961 0.0058189029805362225 0.028992289677262306
v -0.008933842182159424 0.006001113913953304 0.0296549703925848
v -0.009388864040374756 0.010199960321187973 0.02837890014052391
v -0.00942599680274725 0.0054420228116214275 0.028172189369797707
v -0.009388864040374756 0.005558073054999113 0.02837890014052391
v -0.009388864040374756 0.010199960321187973 0.02837890014052391
v 0.008069275878369808 0.010199960321187973 0.03122258000075817
v 0.008069275878369808 0.006099998019635677 0.03122258000075817
v 0.008844076655805111 0.010199960321187973 0.02985410951077938
v 0.008069275878369808 0.006099998019635677 0.03122258000075817
v 0.00849997904151678 0.006099998019635677 0.03052622079849243
v 0.008844076655805111 0.010199960321187973 0.02985410951077938
v 0.00849997904151678 0.006099998019635677 0.03052622079849243
v 0.008843719027936459 0.006038486026227474 0.0298539400100708
v 0.008844076655805111 0.010199960321187973 0.02985410951077938
v -0.008842766284942627 0.006027221214026213 0.02984333038330078
v -0.008838771842420101 0.006028354167938232 0.029851550236344337
v -0.008844076655805111 0.010199960321187973 0.02985410951077938
v -0.00849997904151678 0.006099998019635677 0.03052622079849243
v -0.008069275878369808 0.010199960321187973 0.03122258000075817
v -0.008844076655805111 0.010199960321187973 0.02985410951077938
v -0.008608818054199219 0.006094216834753752 0.030327079817652702
v -0.00849997904151678 0.006099998019635677 0.03052622079849243
v -0.008844076655805111 0.010199960321187973 0.02985410951077938
v -0.008838771842420101 0.006028354167938232 0.029851550236344337
v -0.008608818054199219 0.006094216834753752 0.030327079817652702
v -0.008844076655805111 0.010199960321187973 0.02985410951077938
v 0.007624207995831966 0.010199960321187973 0.0316922590136528
v 0.008069275878369808 0.006099998019635677 0.03122258000075817
v 0.008069275878369808 0.010199960321187973 0.03122258000075817
v -0.00849997904151678 0.006099998019635677 0.03052622079849243
v -0.008069275878369808 0.006099998019635677 0.03122258000075817
v -0.008069275878369808 0.010199960321187973 0.03122258000075817
v -0.008069275878369808 0.006099998019635677 0.03122258000075817
v -0.007624207995831966 0.010199960321187973 0.0316922590136528
v -0.008069275878369808 0.010199960321187973 0.03122258000075817
v 0.007350741885602474 0.006099998019635677 0.03186707943677902
v 0.008069275878369808 0.006099998019635677 0.03122258000075817
v 0.007624207995831966 0.010199960321187973 0.0316922590136528
v 0.007338404189795256 0.010199960321187973 0.03184378147125244
v 0.007350741885602474 0.006099998019635677 0.03186707943677902
v 0.007624207995831966 0.010199960321187973 0.0316922590136528
v -0.008069275878369808 0.006099998019635677 0.03122258000075817
v -0.007350741885602474 0.006099998019635677 0.03186707943677902
v -0.007624207995831966 0.010199960321187973 0.0316922590136528
v -0.007350741885602474 0.006099998019635677 0.03186707943677902
v -0.007338404189795256 0.010199960321187973 0.03184378147125244
v -0.007624207995831966 0.010199960321187973 0.0316922590136528
v 0.007052539847791195 0.010199960321187973 0.03199528902769089
v 0.007350741885602474 0.006099998019635677 0.03186707943677902
v 0.007338404189795256 0.010199960321187973 0.03184378147125244
v -0.007350741885602474 0.006099998019635677 0.03186707943677902
v -0.007052539847791195 0.010199960321187973 0.03199528902769089
v -0.007338404189795256 0.010199960321187973 0.03184378147125244
v 0.00641399621963501 0.010199960321187973 0.03209995850920677
v 0.00641399621963501 0.006099998019635677 0.03209995850920677
v 0.007052539847791195 0.010199960321187973 0.03199528902769089
v 0.00641399621963501 0.006099998019635677 0.03209995850920677
v 0.007350741885602474 0.006099998019635677 0.03186707943677902
v 0.007052539847791195 0.010199960321187973 0.03199528902769089
v -0.00641399621963501 0.006099998019635677 0.03209995850920677
v -0.00641399621963501 0.010199960321187973 0.03209995850920677
v -0.007052539847791195 0.010199960321187973 0.03199528902769089
v -0.007350741885602474 0.006099998019635677 0.03186707943677902
v -0.00641399621963501 0.006099998019635677 0.03209995850920677
v -0.007052539847791195 0.010199960321187973 0.03199528902769089
v -0.00641399621963501 0.006099998019635677 0.03209995850920677
v 0.00641399621963501 0.006099998019635677 0.03209995850920677
v 0.00641399621963501 0.010199960321187973 0.03209995850920677
v -0.00641399621963501 0.010199960321187973 0.03209995850920677
v -0.00641399621963501 0.006099998019635677 0.03209995850920677
v 0.00641399621963501 0.010199960321187973 0.03209995850920677
v -0.008862613700330257 0.009711623191833496 0.018399950116872787
v -0.009499967098236084 0.010150190442800522 0.019173379987478256
v -0.009499967098236084 0.010199960321187973 0.01920115016400814
v -0.009499967098236084 0.010150190442800522 0.019173379987478256
v -0.009499967098236084 0.005099952220916748 0.027569999918341637
v -0.009499967098236084 0.010199960321187973 0.01920115016400814
v 0.007110297214239836 0.010099289938807487 0.008982539176940918
v 0.006873011123389006 0.009538829326629639 0.008863270282745361
v 0.006555556785315275 0.010190780274569988 0.008689582347869873
v 0.006873011123389006 0.009538829326629639 0.008863270282745361
v 0.006808102130889893 0.009514330886304379 0.008830963633954525
v 0.006555556785315275 0.010190780274569988 0.008689582347869873
v 0.006808102130889893 0.009514330886304379 0.008830963633954525
v 0.00655591394752264 0.009334266185760498 0.00868904497474432
v 0.006555556785315275 0.010190780274569988 0.008689582347869873
v -0.006213306915014982 0.009029269218444824 0.008488178253173828
v -0.006554901134222746 0.009347914718091488 0.008690892718732357
v -0.006555556785315275 0.010190780274569988 0.008689582347869873
v -0.006554901134222746 0.009347914718091488 0.008690892718732357
v -0.006583808921277523 0.00937491562217474 0.00870811939239502
v -0.006555556785315275 0.010190780274569988 0.008689582347869873
v -0.006583808921277523 0.00937491562217474 0.00870811939239502
v -0.006974040996283293 0.009593427181243896 0.00891715195029974
v -0.006555556785315275 0.010190780274569988 0.008689582347869873
v -0.006974040996283293 0.009593427181243896 0.00891715195029974
v -0.007110297214239836 0.010099289938807487 0.008982539176940918
v -0.006555556785315275 0.010190780274569988 0.008689582347869873
v 0.009499967098236084 0.009267449378967285 0.018734930083155632
v 0.00886768102645874 0.009706555865705013 0.018399950116872787
v 0.009499967098236084 0.010153169743716717 0.01917772926390171
v 0.009499967098236084 0.005099952220916748 0.027569999918341637
v 0.009499967098236084 0.009267449378967285 0.018734930083155632
v 0.009499967098236084 0.010153169743716717 0.01917772926390171
v -0.00886768102645874 0.009706555865705013 0.018399950116872787
v -0.009499967098236084 0.009907424449920654 0.019037900492548943
v -0.009499967098236084 0.010150190442800522 0.019173379987478256
v -0.008862613700330257 0.009711623191833496 0.018399950116872787
v -0.00886768102645874 0.009706555865705013 0.018399950116872787
v -0.009499967098236084 0.010150190442800522 0.019173379987478256
v -0.009499967098236084 0.009907424449920654 0.019037900492548943
v -0.009499967098236084 0.005099952220916748 0.027569999918341637
v -0.009499967098236084 0.010150190442800522 0.019173379987478256
v 0.008276939392089844 0.00967931654304266 0.00951319932937622
v 0.007846832275390625 0.009742677211761475 0.009312093257904053
v 0.007829844020307064 0.010105250403285027 0.00936216115951538
v 0.008317649364471436 0.009662388823926449 0.009539841674268246
v 0.008276939392089844 0.00967931654304266 0.00951319932937622
v 0.007829844020307064 0.010105250403285027 0.00936216115951538
v 0.007846832275390625 0.009742677211761475 0.009312093257904053
v 0.007694423198699951 0.00980687141418457 0.009243904612958431
v 0.007829844020307064 0.010105250403285027 0.00936216115951538
v -0.007694423198699951 0.00980687141418457 0.009243904612958431
v -0.007801651023328304 0.009749293327331543 0.009290993213653564
v -0.007829844020307064 0.010105250403285027 0.00936216115951538
v -0.007801651023328304 0.009749293327331543 0.009290993213653564
v -0.007912217639386654 0.009733498096466064 0.009342432022094727
v -0.007829844020307064 0.010105250403285027 0.00936216115951538
v -0.007912217639386654 0.009733498096466064 0.009342432022094727
v -0.008263826370239258 0.00968307163566351 0.00950616504997015
v -0.007829844020307064 0.010105250403285027 0.00936216115951538
v -0.008263826370239258 0.00968307163566351 0.00950616504997015
v -0.008317111991345882 0.009662151336669922 0.009539902210235596
v -0.007829844020307064 0.010105250403285027 0.00936216115951538
v -0.007166683208197355 0.010089989751577377 0.009012340568006039
v -0.007694423198699951 0.00980687141418457 0.009243904612958431
v -0.007829844020307064 0.010105250403285027 0.00936216115951538
v 0.007166683208197355 0.010089989751577377 0.009012340568006039
v 0.007291972171515226 0.0096968412399292 0.009071527980268002
v 0.007110297214239836 0.010099289938807487 0.008982539176940918
v 0.007291972171515226 0.0096968412399292 0.009071527980268002
v 0.006873011123389006 0.009538829326629639 0.008863270282745361
v 0.007110297214239836 0.010099289938807487 0.008982539176940918
v -0.006974040996283293 0.009593427181243896 0.00891715195029974
v -0.0069761271588504314 0.00959402322769165 0.008918105624616146
v -0.007110297214239836 0.010099289938807487 0.008982539176940918
v -0.0069761271588504314 0.00959402322769165 0.008918105624616146
v -0.007166683208197355 0.010089989751577377 0.009012340568006039
v -0.007110297214239836 0.010099289938807487 0.008982539176940918
v 0.007694423198699951 0.00980687141418457 0.009243904612958431
v 0.007291972171515226 0.0096968412399292 0.009071527980268002
v 0.007166683208197355 0.010089989751577377 0.009012340568006039
v -0.0069761271588504314 0.00959402322769165 0.008918105624616146
v -0.007476984988898039 0.00973135232925415 0.0091550936922431
v -0.007166683208197355 0.010089989751577377 0.009012340568006039
v -0.007476984988898039 0.00973135232925415 0.0091550936922431
v -0.007694423198699951 0.00980687141418457 0.009243904612958431
v -0.007166683208197355 0.010089989751577377 0.009012340568006039
v 0.008858202956616879 0.009720027446746826 0.010442010127007961
v 0.008642256259918213 0.009917736053466797 0.010080389678478241
v 0.008623062632977962 0.009993909858167171 0.010383600369095802
v -0.00886309053748846 0.0097121587023139 0.01044315006583929
v -0.008862613700330257 0.009711623191833496 0.018399950116872787
v -0.008621691726148129 0.009992598555982113 0.0103831198066473
v -0.008642256259918213 0.009917736053466797 0.010080389678478241
v -0.00886309053748846 0.0097121587023139 0.01044315006583929
v -0.008621691726148129 0.009992598555982113 0.0103831198066473
v 0.008936463855206966 0.009511350654065609 0.01015560980886221
v 0.008855104446411133 0.009407340548932552 0.00993120577186346
v 0.008642256259918213 0.009917736053466797 0.010080389678478241
v 0.008858202956616879 0.009720027446746826 0.010442010127007961
v 0.008936463855206966 0.009511350654065609 0.01015560980886221
v 0.008642256259918213 0.009917736053466797 0.010080389678478241
v 0.008797644637525082 0.009447753429412842 0.009872733615338802
v 0.00856631901115179 0.009762822650372982 0.009790003299713135
v 0.008642256259918213 0.009917736053466797 0.010080389678478241
v 0.008855104446411133 0.009407340548932552 0.00993120577186346
v 0.008797644637525082 0.009447753429412842 0.009872733615338802
v 0.008642256259918213 0.009917736053466797 0.010080389678478241
v -0.008809447288513184 0.009436190128326416 0.009888826869428158
v -0.008936463855206966 0.009511350654065609 0.01015560980886221
v -0.008642256259918213 0.009917736053466797 0.010080389678478241
v -0.00856631901115179 0.009762822650372982 0.009790003299713135
v -0.008769570849835873 0.009462535381317139 0.009851335547864437
v -0.008642256259918213 0.009917736053466797 0.010080389678478241
v -0.008769570849835873 0.009462535381317139 0.009851335547864437
v -0.008809447288513184 0.009436190128326416 0.009888826869428158
v -0.008642256259918213 0.009917736053466797 0.010080389678478241
v -0.008936463855206966 0.009511350654065609 0.01015560980886221
v -0.00886309053748846 0.0097121587023139 0.01044315006583929
v -0.008642256259918213 0.009917736053466797 0.010080389678478241
v -0.00886768102645874 0.009706555865705013 0.018399950116872787
v -0.009499967098236084 0.009060919284820557 0.018655240535736084
v -0.009499967098236084 0.009907424449920654 0.019037900492548943
v -0.009499967098236084 0.009060919284820557 0.018655240535736084
v -0.009499967098236084 0.005099952220916748 0.027569999918341637
v -0.009499967098236084 0.009907424449920654 0.019037900492548943
v 0.007846832275390625 0.009742677211761475 0.009312093257904053
v 0.007801651023328304 0.009749293327331543 0.009290993213653564
v 0.007694423198699951 0.00980687141418457 0.009243904612958431
v 0.007801651023328304 0.009749293327331543 0.009290993213653564
v 0.007291972171515226 0.0096968412399292 0.009071527980268002
v 0.007694423198699951 0.00980687141418457 0.009243904612958431
v -0.007476984988898039 0.00973135232925415 0.0091550936922431
v -0.007801651023328304 0.009749293327331543 0.009290993213653564
v -0.007694423198699951 0.00980687141418457 0.009243904612958431
v 0.008797644637525082 0.009447753429412842 0.009872733615338802
v 0.008776484988629818 0.00946259405463934 0.009851275943219662
v 0.00856631901115179 0.009762822650372982 0.009790003299713135
v 0.008776484988629818 0.00946259405463934 0.009851275943219662
v 0.00874418020248413 0.009485243819653988 0.009818433783948421
v 0.00856631901115179 0.009762822650372982 0.009790003299713135
v 0.00874418020248413 0.009485243819653988 0.009818433783948421
v 0.00845420267432928 0.009605646133422852 0.009629011154174805
v 0.00856631901115179 0.009762822650372982 0.009790003299713135
v 0.00845420267432928 0.009605646133422852 0.009629011154174805
v 0.008317649364471436 0.009662388823926449 0.009539841674268246
v 0.00856631901115179 0.009762822650372982 0.009790003299713135
v -0.008317111991345882 0.009662151336669922 0.009539902210235596
v -0.008455634117126465 0.00960773229598999 0.00962764024734497
v -0.00856631901115179 0.009762822650372982 0.009790003299713135
v -0.008455634117126465 0.00960773229598999 0.00962764024734497
v -0.008687973022460938 0.009516417048871517 0.00977474357932806
v -0.00856631901115179 0.009762822650372982 0.009790003299713135
v -0.008687973022460938 0.009516417048871517 0.00977474357932806
v -0.008769570849835873 0.009462535381317139 0.009851335547864437
v -0.00856631901115179 0.009762822650372982 0.009790003299713135
v 0.007846832275390625 0.009742677211761475 0.009312093257904053
v 0.00784748699516058 0.009747563861310482 0.010999970138072968
v 0.007801651023328304 0.009749293327331543 0.009290993213653564
v 0.00784748699516058 0.009747563861310482 0.010999970138072968
v 0.00687026884406805 0.009546101093292236 0.010999970138072968
v 0.007801651023328304 0.009749293327331543 0.009290993213653564
v 0.00687026884406805 0.009546101093292236 0.010999970138072968
v 0.007291972171515226 0.0096968412399292 0.009071527980268002
v 0.007801651023328304 0.009749293327331543 0.009290993213653564
v -0.006976068019866943 0.009594202041625977 0.010299979709088802
v -0.007913588546216488 0.009743273258209229 0.010299979709088802
v -0.007801651023328304 0.009749293327331543 0.009290993213653564
v -0.007476984988898039 0.00973135232925415 0.0091550936922431
v -0.006976068019866943 0.009594202041625977 0.010299979709088802
v -0.007801651023328304 0.009749293327331543 0.009290993213653564
v -0.007913588546216488 0.009743273258209229 0.010299979709088802
v -0.007912217639386654 0.009733498096466064 0.009342432022094727
v -0.007801651023328304 0.009749293327331543 0.009290993213653564
v 0.007846832275390625 0.009742677211761475 0.009312093257904053
v 0.008276939392089844 0.00967931654304266 0.00951319932937622
v 0.00784748699516058 0.009747563861310482 0.010999970138072968
v 0.008276939392089844 0.00967931654304266 0.00951319932937622
v 0.008317649364471436 0.009662388823926449 0.009539841674268246
v 0.00784748699516058 0.009747563861310482 0.010999970138072968
v 0.008317649364471436 0.009662388823926449 0.009539841674268246
v 0.00845420267432928 0.009605646133422852 0.009629011154174805
v 0.00784748699516058 0.009747563861310482 0.010999970138072968
v 0.00845420267432928 0.009605646133422852 0.009629011154174805
v 0.00874418020248413 0.009485243819653988 0.009818433783948421
v 0.00784748699516058 0.009747563861310482 0.010999970138072968
v 0.00874418020248413 0.009485243819653988 0.009818433783948421
v 0.008776484988629818 0.00946259405463934 0.009851275943219662
v 0.00784748699516058 0.009747563861310482 0.010999970138072968
v 0.008776484988629818 0.00946259405463934 0.009851275943219662
v 0.008800446055829525 0.009451866149902344 0.010999970138072968
v 0.00784748699516058 0.009747563861310482 0.010999970138072968
v 0.008800446055829525 0.009451866149902344 0.010999970138072968
v 0.00687026884406805 0.009546101093292236 0.010999970138072968
v 0.00784748699516058 0.009747563861310482 0.010999970138072968
v -0.00881421472877264 0.009443341754376888 0.010299979709088802
v -0.008809447288513184 0.009436190128326416 0.009888826869428158
v -0.007913588546216488 0.009743273258209229 0.010299979709088802
v -0.008809447288513184 0.009436190128326416 0.009888826869428158
v -0.008769570849835873 0.009462535381317139 0.009851335547864437
v -0.007913588546216488 0.009743273258209229 0.010299979709088802
v -0.008769570849835873 0.009462535381317139 0.009851335547864437
v -0.008687973022460938 0.009516417048871517 0.00977474357932806
v -0.007913588546216488 0.009743273258209229 0.010299979709088802
v -0.008687973022460938 0.009516417048871517 0.00977474357932806
v -0.008455634117126465 0.00960773229598999 0.00962764024734497
v -0.007913588546216488 0.009743273258209229 0.010299979709088802
v -0.008455634117126465 0.00960773229598999 0.00962764024734497
v -0.008317111991345882 0.009662151336669922 0.009539902210235596
v -0.007913588546216488 0.009743273258209229 0.010299979709088802
v -0.008317111991345882 0.009662151336669922 0.009539902210235596
v -0.008263826370239258 0.00968307163566351 0.00950616504997015
v -0.007913588546216488 0.009743273258209229 0.010299979709088802
v -0.008263826370239258 0.00968307163566351 0.00950616504997015
v -0.007912217639386654 0.009733498096466064 0.009342432022094727
v -0.007913588546216488 0.009743273258209229 0.010299979709088802
v -0.006277561187744141 0.006396471988409758 0.010299979709088802
v -0.00881421472877264 0.009443341754376888 0.010299979709088802
v -0.007913588546216488 0.009743273258209229 0.010299979709088802
v -0.006976068019866943 0.009594202041625977 0.010299979709088802
v -0.006277561187744141 0.006396471988409758 0.010299979709088802
v -0.007913588546216488 0.009743273258209229 0.010299979709088802
v -0.0069761271588504314 0.00959402322769165 0.008918105624616146
v -0.006976068019866943 0.009594202041625977 0.010299979709088802
v -0.007476984988898039 0.00973135232925415 0.0091550936922431
v 0.008862732909619808 0.009712040424346924 0.010443090461194515
v 0.008936463855206966 0.009511350654065609 0.01015560980886221
v 0.008858202956616879 0.009720027446746826 0.010442010127007961
v -0.00886768102645874 0.009706555865705013 0.018399950116872787
v -0.008862613700330257 0.009711623191833496 0.018399950116872787
v -0.00886309053748846 0.0097121587023139 0.01044315006583929
v -0.008866608142852783 0.009708105586469173 0.010443979874253273
v -0.00886768102645874 0.009706555865705013 0.018399950116872787
v -0.00886309053748846 0.0097121587023139 0.01044315006583929
v -0.008936463855206966 0.009511350654065609 0.01015560980886221
v -0.008866608142852783 0.009708105586469173 0.010443979874253273
v -0.00886309053748846 0.0097121587023139 0.01044315006583929
v 0.008862613700330257 0.009711623191833496 0.018399950116872787
v 0.008939622901380062 0.009577453136444092 0.010460609570145607
v 0.008862732909619808 0.009712040424346924 0.010443090461194515
v 0.008939622901380062 0.009577453136444092 0.010460609570145607
v 0.008936463855206966 0.009511350654065609 0.01015560980886221
v 0.008862732909619808 0.009712040424346924 0.010443090461194515
v 0.009375928901135921 0.00862354040145874 0.010999970138072968
v 0.009191811084747314 0.009136021137237549 0.010999970138072968
v 0.008862613700330257 0.009711623191833496 0.018399950116872787
v 0.009191811084747314 0.009136021137237549 0.010999970138072968
v 0.008939622901380062 0.009577453136444092 0.010460609570145607
v 0.008862613700330257 0.009711623191833496 0.018399950116872787
v 0.00886768102645874 0.009706555865705013 0.018399950116872787
v 0.009375928901135921 0.00862354040145874 0.010999970138072968
v 0.008862613700330257 0.009711623191833496 0.018399950116872787
v -0.009372532367706299 0.008621931076049805 0.018399950116872787
v -0.00886768102645874 0.009706555865705013 0.018399950116872787
v -0.008866608142852783 0.009708105586469173 0.010443979874253273
v -0.008940516971051693 0.009577988646924496 0.010460849851369858
v -0.009372532367706299 0.008621931076049805 0.018399950116872787
v -0.008866608142852783 0.009708105586469173 0.010443979874253273
v -0.008936463855206966 0.009511350654065609 0.01015560980886221
v -0.008940516971051693 0.009577988646924496 0.010460849851369858
v -0.008866608142852783 0.009708105586469173 0.010443979874253273
v 0.009372532367706299 0.008621931076049805 0.018399950116872787
v 0.009375928901135921 0.00862354040145874 0.010999970138072968
v 0.00886768102645874 0.009706555865705013 0.018399950116872787
v 0.009499967098236084 0.009267449378967285 0.018734930083155632
v 0.009372532367706299 0.008621931076049805 0.018399950116872787
v 0.00886768102645874 0.009706555865705013 0.018399950116872787
v -0.009500025771558285 0.008638381026685238 0.01853697933256626
v -0.009499967098236084 0.009060919284820557 0.018655240535736084
v -0.00886768102645874 0.009706555865705013 0.018399950116872787
v -0.009372532367706299 0.008621931076049805 0.018399950116872787
v -0.009500025771558285 0.008638381026685238 0.01853697933256626
v -0.00886768102645874 0.009706555865705013 0.018399950116872787
v 0.00687026884406805 0.009546101093292236 0.010999970138072968
v 0.006873011123389006 0.009538829326629639 0.008863270282745361
v 0.007291972171515226 0.0096968412399292 0.009071527980268002
v -0.0069761271588504314 0.00959402322769165 0.008918105624616146
v -0.006212948821485043 0.009029625914990902 0.010299979709088802
v -0.006976068019866943 0.009594202041625977 0.010299979709088802
v -0.006212948821485043 0.009029625914990902 0.010299979709088802
v -0.0057960739359259605 0.008176802657544613 0.010299979709088802
v -0.006976068019866943 0.009594202041625977 0.010299979709088802
v -0.00581932021304965 0.007227838039398193 0.010299979709088802
v -0.006277561187744141 0.006396471988409758 0.010299979709088802
v -0.006976068019866943 0.009594202041625977 0.010299979709088802
v -0.0057960739359259605 0.008176802657544613 0.010299979709088802
v -0.00581932021304965 0.007227838039398193 0.010299979709088802
v -0.006976068019866943 0.009594202041625977 0.010299979709088802
v -0.006974040996283293 0.009593427181243896 0.00891715195029974
v -0.006212948821485043 0.009029625914990902 0.010299979709088802
v -0.0069761271588504314 0.00959402322769165 0.008918105624616146
v -0.006583808921277523 0.00937491562217474 0.00870811939239502
v -0.006212948821485043 0.009029625914990902 0.010299979709088802
v -0.006974040996283293 0.009593427181243896 0.00891715195029974
v -0.009191811084747314 0.009136021137237549 0.010518070310354233
v -0.009372532367706299 0.008621931076049805 0.018399950116872787
v -0.008940516971051693 0.009577988646924496 0.010460849851369858
v -0.009191334247589111 0.009136556647717953 0.010496189817786217
v -0.009191811084747314 0.009136021137237549 0.010518070310354233
v -0.008940516971051693 0.009577988646924496 0.010460849851369858
v -0.008936463855206966 0.009511350654065609 0.01015560980886221
v -0.00907891895622015 0.009241700172424316 0.010191730223596096
v -0.008940516971051693 0.009577988646924496 0.010460849851369858
v -0.00907891895622015 0.009241700172424316 0.010191730223596096
v -0.009145498275756836 0.00918263103812933 0.010299979709088802
v -0.008940516971051693 0.009577988646924496 0.010460849851369858
v -0.009145498275756836 0.00918263103812933 0.010299979709088802
v -0.009191334247589111 0.009136556647717953 0.010496189817786217
v -0.008940516971051693 0.009577988646924496 0.010460849851369858
v 0.009191811084747314 0.009136021137237549 0.010999970138072968
v 0.009191811084747314 0.009136021137237549 0.010518070310354233
v 0.008939622901380062 0.009577453136444092 0.010460609570145607
v 0.00916069746017456 0.009167729876935482 0.010339969769120216
v 0.008936463855206966 0.009511350654065609 0.01015560980886221
v 0.008939622901380062 0.009577453136444092 0.010460609570145607
v 0.009191811084747314 0.009136021137237549 0.010518070310354233
v 0.00916069746017456 0.009167729876935482 0.010339969769120216
v 0.008939622901380062 0.009577453136444092 0.010460609570145607
v 0.006111979018896818 0.008897542022168636 0.010999970138072968
v 0.006808102130889893 0.009514330886304379 0.008830963633954525
v 0.00687026884406805 0.009546101093292236 0.010999970138072968
v 0.006808102130889893 0.009514330886304379 0.008830963633954525
v 0.006873011123389006 0.009538829326629639 0.008863270282745361
v 0.00687026884406805 0.009546101093292236 0.010999970138072968
v 0.005761384032666683 0.007963418029248714 0.010999970138072968
v 0.006111979018896818 0.008897542022168636 0.010999970138072968
v 0.00687026884406805 0.009546101093292236 0.010999970138072968
v 0.008800446055829525 0.009451866149902344 0.010999970138072968
v 0.005761384032666683 0.007963418029248714 0.010999970138072968
v 0.00687026884406805 0.009546101093292236 0.010999970138072968
v 0.006111979018896818 0.008897542022168636 0.010999970138072968
v 0.00655591394752264 0.009334266185760498 0.00868904497474432
v 0.006808102130889893 0.009514330886304379 0.008830963633954525
v 0.009081481955945492 0.00924056675285101 0.010191909968852997
v 0.009045720100402832 0.0092734694480896 0.01012497954070568
v 0.008936463855206966 0.009511350654065609 0.01015560980886221
v 0.009045720100402832 0.0092734694480896 0.01012497954070568
v 0.008855104446411133 0.009407340548932552 0.00993120577186346
v 0.008936463855206966 0.009511350654065609 0.01015560980886221
v 0.00916069746017456 0.009167729876935482 0.010339969769120216
v 0.009081481955945492 0.00924056675285101 0.010191909968852997
v 0.008936463855206966 0.009511350654065609 0.01015560980886221
v -0.009006321430206299 0.009306192398071289 0.010073719546198845
v -0.00907891895622015 0.009241700172424316 0.010191730223596096
v -0.008936463855206966 0.009511350654065609 0.01015560980886221
v -0.008809447288513184 0.009436190128326416 0.009888826869428158
v -0.008854745887219906 0.009406267665326595 0.009931384585797787
v -0.008936463855206966 0.009511350654065609 0.01015560980886221
v -0.008854745887219906 0.009406267665326595 0.009931384585797787
v -0.009006321430206299 0.009306192398071289 0.010073719546198845
v -0.008936463855206966 0.009511350654065609 0.01015560980886221
v 0.008797644637525082 0.009447753429412842 0.009872733615338802
v 0.008800446055829525 0.009451866149902344 0.010999970138072968
v 0.008776484988629818 0.00946259405463934 0.009851275943219662
v 0.009045720100402832 0.0092734694480896 0.01012497954070568
v 0.009081481955945492 0.00924056675285101 0.010191909968852997
v 0.008800446055829525 0.009451866149902344 0.010999970138072968
v 0.008855104446411133 0.009407340548932552 0.00993120577186346
v 0.009045720100402832 0.0092734694480896 0.01012497954070568
v 0.008800446055829525 0.009451866149902344 0.010999970138072968
v 0.009081481955945492 0.00924056675285101 0.010191909968852997
v 0.00916069746017456 0.009167729876935482 0.010339969769120216
v 0.008800446055829525 0.009451866149902344 0.010999970138072968
v 0.00916069746017456 0.009167729876935482 0.010339969769120216
v 0.009191811084747314 0.009136021137237549 0.010518070310354233
v 0.008800446055829525 0.009451866149902344 0.010999970138072968
v 0.009191811084747314 0.009136021137237549 0.010518070310354233
v 0.009191811084747314 0.009136021137237549 0.010999970138072968
v 0.008800446055829525 0.009451866149902344 0.010999970138072968
v 0.008797644637525082 0.009447753429412842 0.009872733615338802
v 0.008855104446411133 0.009407340548932552 0.00993120577186346
v 0.008800446055829525 0.009451866149902344 0.010999970138072968
v 0.009191811084747314 0.009136021137237549 0.010999970138072968
v 0.009375928901135921 0.00862354040145874 0.010999970138072968
v 0.008800446055829525 0.009451866149902344 0.010999970138072968
v 0.009375928901135921 0.00862354040145874 0.010999970138072968
v 0.005761384032666683 0.007963418029248714 0.010999970138072968
v 0.008800446055829525 0.009451866149902344 0.010999970138072968
v -0.009145498275756836 0.00918263103812933 0.010299979709088802
v -0.00907891895622015 0.009241700172424316 0.010191730223596096
v -0.00881421472877264 0.009443341754376888 0.010299979709088802
v -0.00907891895622015 0.009241700172424316 0.010191730223596096
v -0.009006321430206299 0.009306192398071289 0.010073719546198845
v -0.00881421472877264 0.009443341754376888 0.010299979709088802
v -0.009006321430206299 0.009306192398071289 0.010073719546198845
v -0.008854745887219906 0.009406267665326595 0.009931384585797787
v -0.00881421472877264 0.009443341754376888 0.010299979709088802
v -0.008854745887219906 0.009406267665326595 0.009931384585797787
v -0.008809447288513184 0.009436190128326416 0.009888826869428158
v -0.00881421472877264 0.009443341754376888 0.010299979709088802
v -0.006277561187744141 0.006396471988409758 0.010299979709088802
v -0.009145498275756836 0.00918263103812933 0.010299979709088802
v -0.00881421472877264 0.009443341754376888 0.010299979709088802
v -0.006554901134222746 0.009347914718091488 0.008690892718732357
v -0.006212948821485043 0.009029625914990902 0.010299979709088802
v -0.006583808921277523 0.00937491562217474 0.00870811939239502
v -0.006213306915014982 0.009029269218444824 0.008488178253173828
v -0.006212948821485043 0.009029625914990902 0.010299979709088802
v -0.006554901134222746 0.009347914718091488 0.008690892718732357
v 0.006111979018896818 0.008897542022168636 0.010999970138072968
v 0.006386816035956144 0.009213565848767757 0.008593915961682796
v 0.00655591394752264 0.009334266185760498 0.00868904497474432
v -0.006235003005713224 0.009055674076080322 0.001222491031512618
v -0.006406188011169434 0.009231685660779476 0.001100181951187551
v -0.006491540931165218 0.00930482055991888 0.00033060298301279545
v -0.0064872498624026775 0.009301364421844482 3.4390697692288086e-05
v -0.006235003005713224 0.009055674076080322 0.001222491031512618
v -0.006491540931165218 0.00930482055991888 0.00033060298301279545
v 0.006129859946668148 0.008922696113586426 0.00030403799610212445
v 0.006406009197235107 0.00923150684684515 -0.0011013150215148926
v 0.006491540931165218 0.009304760955274105 -0.00033123898901976645
v 0.006486237049102783 0.009300529025495052 3.400700006750412e-05
v 0.006129859946668148 0.008922696113586426 0.00030403799610212445
v 0.006491540931165218 0.009304760955274105 -0.00033123898901976645
v -0.006479084026068449 0.00929486658424139 -0.0005204390035942197
v -0.006235003005713224 0.009055674076080322 0.001222491031512618
v -0.0064872498624026775 0.009301364421844482 3.4390697692288086e-05
v 0.006479144096374512 0.00929492712020874 0.0005197249702177942
v 0.006129859946668148 0.008922696113586426 0.00030403799610212445
v 0.006486237049102783 0.009300529025495052 3.400700006750412e-05
v 0.0063842530362308025 0.009211361408233643 0.0012209409615024924
v 0.006129859946668148 0.008922696113586426 0.00030403799610212445
v 0.006479144096374512 0.00929492712020874 0.0005197249702177942
v -0.006384371779859066 0.009211421012878418 -0.0012204049853608012
v -0.006235003005713224 0.009055674076080322 0.001222491031512618
v -0.006479084026068449 0.00929486658424139 -0.0005204390035942197
v 0.009499967098236084 0.0086362948641181 0.018529409542679787
v 0.009372532367706299 0.008621931076049805 0.018399950116872787
v 0.009499967098236084 0.009267449378967285 0.018734930083155632
v 0.009499967098236084 0.005099952220916748 0.027569999918341637
v 0.009499967098236084 0.0086362948641181 0.018529409542679787
v 0.009499967098236084 0.009267449378967285 0.018734930083155632
v -0.006235003005713224 0.009055674076080322 0.001222491031512618
v -0.006240785121917725 0.009062348864972591 0.001817225944250822
v -0.006406188011169434 0.009231685660779476 0.001100181951187551
v 0.006129859946668148 0.008922696113586426 0.00030403799610212445
v 0.006243884097784758 0.009065628051757812 -0.001804232015274465
v 0.006406009197235107 0.00923150684684515 -0.0011013150215148926
v 0.006111979018896818 0.008897542022168636 0.010999970138072968
v 0.006119250785559416 0.008891642093658447 0.008427678607404232
v 0.006386816035956144 0.009213565848767757 0.008593915961682796
v -0.0062424540519714355 0.00906306505203247 -0.0018038740381598473
v -0.006235003005713224 0.009055674076080322 0.001222491031512618
v -0.006384371779859066 0.009211421012878418 -0.0012204049853608012
v 0.006231367122381926 0.00905144214630127 0.0018492339877411723
v 0.006129859946668148 0.008922696113586426 0.00030403799610212445
v 0.0063842530362308025 0.009211361408233643 0.0012209409615024924
v -0.009191811084747314 0.009136021137237549 0.010299979709088802
v -0.009191334247589111 0.009136556647717953 0.010496189817786217
v -0.009145498275756836 0.00918263103812933 0.010299979709088802
v -0.009375928901135921 0.00862354040145874 0.010299979709088802
v -0.009191811084747314 0.009136021137237549 0.010299979709088802
v -0.009145498275756836 0.00918263103812933 0.010299979709088802
v -0.006277561187744141 0.006396471988409758 0.010299979709088802
v -0.009375928901135921 0.00862354040145874 0.010299979709088802
v -0.009145498275756836 0.00918263103812933 0.010299979709088802
v -0.009191811084747314 0.009136021137237549 0.010299979709088802
v -0.009191811084747314 0.009136021137237549 0.010518070310354233
v -0.009191334247589111 0.009136556647717953 0.010496189817786217
v -0.009375928901135921 0.00862354040145874 0.010299979709088802
v -0.009191811084747314 0.009136021137237549 0.010518070310354233
v -0.009191811084747314 0.009136021137237549 0.010299979709088802
v -0.009375928901135921 0.00862354040145874 0.010299979709088802
v -0.009372532367706299 0.008621931076049805 0.018399950116872787
v -0.009191811084747314 0.009136021137237549 0.010518070310354233
v 0.006129859946668148 0.008922696113586426 0.00030403799610212445
v 0.006241321098059416 0.009063005447387695 -0.0018153779674321413
v 0.006243884097784758 0.009065628051757812 -0.001804232015274465
v -0.006231545936316252 0.009051679633557796 -0.0018485779874026775
v -0.006235003005713224 0.009055674076080322 0.001222491031512618
v -0.0062424540519714355 0.00906306505203247 -0.0018038740381598473
v 0.006129859946668148 0.008922696113586426 0.00030403799610212445
v 0.006076632998883724 0.008845508098602295 -0.00230729510076344
v 0.006241321098059416 0.009063005447387695 -0.0018153779674321413
v -0.006235003005713224 0.009055674076080322 0.001222491031512618
v -0.0062233200296759605 0.009039281867444515 0.0018693800084292889
v -0.006240785121917725 0.009062348864972591 0.001817225944250822
v -0.009500025771558285 0.008638381026685238 0.01853697933256626
v -0.009499967098236084 0.005099952220916748 0.027569999918341637
v -0.009499967098236084 0.009060919284820557 0.018655240535736084
v -0.006033836863934994 0.008767305873334408 0.002410589950159192
v -0.006076097022742033 0.008844614028930664 0.002308845054358244
v -0.006235003005713224 0.009055674076080322 0.001222491031512618
v -0.006076097022742033 0.008844614028930664 0.002308845054358244
v -0.0062233200296759605 0.009039281867444515 0.0018693800084292889
v -0.006235003005713224 0.009055674076080322 0.001222491031512618
v -0.0060333008877933025 0.008767545223236084 -0.002412437926977873
v -0.006033836863934994 0.008767305873334408 0.002410589950159192
v -0.006235003005713224 0.009055674076080322 0.001222491031512618
v -0.006078838836401701 0.008848845027387142 -0.0023015139158815145
v -0.0060333008877933025 0.008767545223236084 -0.002412437926977873
v -0.006235003005713224 0.009055674076080322 0.001222491031512618
v -0.006231545936316252 0.009051679633557796 -0.0018485779874026775
v -0.006078838836401701 0.008848845027387142 -0.0023015139158815145
v -0.006235003005713224 0.009055674076080322 0.001222491031512618
v 0.00622445298358798 0.00904226303100586 0.0018697379855439067
v 0.006129859946668148 0.008922696113586426 0.00030403799610212445
v 0.006231367122381926 0.00905144214630127 0.0018492339877411723
v 0.006079136859625578 0.008849263191223145 0.002300797961652279
v 0.006129859946668148 0.008922696113586426 0.00030403799610212445
v 0.00622445298358798 0.00904226303100586 0.0018697379855439067
v -0.006213306915014982 0.009029269218444824 0.008488178253173828
v -0.0057960739359259605 0.008176802657544613 0.010299979709088802
v -0.006212948821485043 0.009029625914990902 0.010299979709088802
v -0.006210207007825375 0.009026408195495605 0.008486329577863216
v -0.0057960739359259605 0.008176802657544613 0.010299979709088802
v -0.006213306915014982 0.009029269218444824 0.008488178253173828
v -0.005958436988294125 0.008638978004455566 0.008324085734784603
v -0.0057960739359259605 0.008176802657544613 0.010299979709088802
v -0.006210207007825375 0.009026408195495605 0.008486329577863216
v 0.0060338969342410564 0.008767366409301758 -0.0024104109033942223
v 0.006076632998883724 0.008845508098602295 -0.00230729510076344
v 0.006129859946668148 0.008922696113586426 0.00030403799610212445
v 0.006033360026776791 0.008767603896558285 0.0024122591130435467
v 0.0060338969342410564 0.008767366409301758 -0.0024104109033942223
v 0.006129859946668148 0.008922696113586426 0.00030403799610212445
v 0.006079136859625578 0.008849263191223145 0.002300797961652279
v 0.006033360026776791 0.008767603896558285 0.0024122591130435467
v 0.006129859946668148 0.008922696113586426 0.00030403799610212445
v 0.006061851046979427 0.00882261898368597 0.008392035029828548
v 0.006119250785559416 0.008891642093658447 0.008427678607404232
v 0.006111979018896818 0.008897542022168636 0.010999970138072968
v 0.005761384032666683 0.007963418029248714 0.010999970138072968
v 0.006061851046979427 0.00882261898368597 0.008392035029828548
v 0.006111979018896818 0.008897542022168636 0.010999970138072968
v 0.005761384032666683 0.007963418029248714 0.010999970138072968
v 0.005846917163580656 0.008365570567548275 0.008248805068433285
v 0.006061851046979427 0.00882261898368597 0.008392035029828548
v 0.005940794013440609 0.008602619171142578 0.002637505065649748
v 0.0060338969342410564 0.008767366409301758 -0.0024104109033942223
v 0.006033360026776791 0.008767603896558285 0.0024122591130435467
v -0.005940914154052734 0.00860279705375433 -0.0026372671127319336
v -0.006033836863934994 0.008767305873334408 0.002410589950159192
v -0.0060333008877933025 0.008767545223236084 -0.002412437926977873
v 0.005817890167236328 0.008266746066510677 -0.00018777098739519715
v 0.005925296805799007 0.008568882010877132 -0.002672075992450118
v 0.0060338969342410564 0.008767366409301758 -0.0024104109033942223
v 0.005940794013440609 0.008602619171142578 0.002637505065649748
v 0.005817890167236328 0.008266746066510677 -0.00018777098739519715
v 0.0060338969342410564 0.008767366409301758 -0.0024104109033942223
v -0.005817890167236328 0.008266866207122803 0.0001878059993032366
v -0.005924819968640804 0.00856786873191595 0.0026731491088867188
v -0.006033836863934994 0.008767305873334408 0.002410589950159192
v -0.005940914154052734 0.00860279705375433 -0.0026372671127319336
v -0.005817890167236328 0.008266866207122803 0.0001878059993032366
v -0.006033836863934994 0.008767305873334408 0.002410589950159192
v -0.005805552005767822 0.008218586444854736 0.008220314048230648
v -0.0057960739359259605 0.008176802657544613 0.010299979709088802
v -0.005958436988294125 0.008638978004455566 0.008324085734784603
v -0.009372532367706299 0.008621931076049805 0.018399950116872787
v -0.009381592273712158 0.008602499030530453 0.018399950116872787
v -0.009500025771558285 0.008638381026685238 0.01853697933256626
v -0.009381592273712158 0.008602499030530453 0.018399950116872787
v -0.009500086307525635 0.008389711380004883 0.01846742071211338
v -0.009500025771558285 0.008638381026685238 0.01853697933256626
v -0.009500086307525635 0.008389711380004883 0.01846742071211338
v -0.009499967098236084 0.005099952220916748 0.027569999918341637
v -0.009500025771558285 0.008638381026685238 0.01853697933256626
v 0.009381592273712158 0.008602499030530453 0.018399950116872787
v 0.009372532367706299 0.008621931076049805 0.018399950116872787
v 0.009499967098236084 0.0086362948641181 0.018529409542679787
v 0.009499967098236084 0.008554159663617611 0.018502650782465935
v 0.009381592273712158 0.008602499030530453 0.018399950116872787
v 0.009499967098236084 0.0086362948641181 0.018529409542679787
v 0.009499967098236084 0.005099952220916748 0.027569999918341637
v 0.009499967098236084 0.008554159663617611 0.018502650782465935
v 0.009499967098236084 0.0086362948641181 0.018529409542679787
v -0.009499967098236084 0.007699965965002775 0.010299979709088802
v -0.009381592273712158 0.008602499030530453 0.018399950116872787
v -0.009375928901135921 0.00862354040145874 0.010299979709088802
v -0.009381592273712158 0.008602499030530453 0.018399950116872787
v -0.009372532367706299 0.008621931076049805 0.018399950116872787
v -0.009375928901135921 0.00862354040145874 0.010299979709088802
v -0.006277561187744141 0.006396471988409758 0.010299979709088802
v -0.009499967098236084 0.007699965965002775 0.010299979709088802
v -0.009375928901135921 0.00862354040145874 0.010299979709088802
v 0.009372532367706299 0.008621931076049805 0.018399950116872787
v 0.009499967098236084 0.007699965965002775 0.010999970138072968
v 0.009375928901135921 0.00862354040145874 0.010999970138072968
v 0.009499967098236084 0.007699965965002775 0.010999970138072968
v 0.005905746947973967 0.0069761271588504314 0.010999970138072968
v 0.009375928901135921 0.00862354040145874 0.010999970138072968
v 0.005905746947973967 0.0069761271588504314 0.010999970138072968
v 0.005761384032666683 0.007963418029248714 0.010999970138072968
v 0.009375928901135921 0.00862354040145874 0.010999970138072968
v 0.009381592273712158 0.008602499030530453 0.018399950116872787
v 0.009499967098236084 0.007699965965002775 0.010999970138072968
v 0.009372532367706299 0.008621931076049805 0.018399950116872787
v -0.0058252811431884766 0.008293688297271729 -0.0028836720157414675
v -0.005817890167236328 0.008266866207122803 0.0001878059993032366
v -0.005940914154052734 0.00860279705375433 -0.0026372671127319336
v 0.005825161002576351 0.008293329738080502 0.0028839108999818563
v 0.005817890167236328 0.008266746066510677 -0.00018777098739519715
v 0.005940794013440609 0.008602619171142578 0.002637505065649748
v 0.009499967098236084 0.007699965965002775 0.018399950116872787
v 0.009499967098236084 0.007699965965002775 0.010999970138072968
v 0.009381592273712158 0.008602499030530453 0.018399950116872787
v 0.009499906562268734 0.007890284061431885 0.018405070528388023
v 0.009499967098236084 0.007699965965002775 0.018399950116872787
v 0.009381592273712158 0.008602499030530453 0.018399950116872787
v 0.009499967098236084 0.008554159663617611 0.018502650782465935
v 0.009499906562268734 0.007890284061431885 0.018405070528388023
v 0.009381592273712158 0.008602499030530453 0.018399950116872787
v -0.009499967098236084 0.007699965965002775 0.018399950116872787
v -0.009500086307525635 0.008389711380004883 0.01846742071211338
v -0.009381592273712158 0.008602499030530453 0.018399950116872787
v -0.009499967098236084 0.007699965965002775 0.010299979709088802
v -0.009499967098236084 0.007699965965002775 0.018399950116872787
v -0.009381592273712158 0.008602499030530453 0.018399950116872787
v 0.005817890167236328 0.008266746066510677 -0.00018777098739519715
v 0.005807876121252775 0.008227764628827572 -0.0029186010360717773
v 0.005925296805799007 0.008568882010877132 -0.002672075992450118
v -0.005817890167236328 0.008266866207122803 0.0001878059993032366
v -0.005807638168334961 0.008226752281188965 0.002919076941907406
v -0.005924819968640804 0.00856786873191595 0.0026731491088867188
v 0.009499967098236084 0.005099952220916748 0.027569999918341637
v 0.009499906562268734 0.007890284061431885 0.018405070528388023
v 0.009499967098236084 0.008554159663617611 0.018502650782465935
v -0.009499967098236084 0.007699965965002775 0.018399950116872787
v -0.009499967098236084 0.005099952220916748 0.027569999918341637
v -0.009500086307525635 0.008389711380004883 0.01846742071211338
v 0.005761384032666683 0.007963418029248714 0.010999970138072968
v 0.005765258800238371 0.007962644100189209 0.008192180655896664
v 0.005846917163580656 0.008365570567548275 0.008248805068433285
v -0.005760312080383301 0.007953286170959473 -0.0030113449320197105
v -0.005759775172919035 0.007914303801953793 -0.003012358909472823
v -0.0058252811431884766 0.008293688297271729 -0.0028836720157414675
v -0.005759775172919035 0.007914303801953793 -0.003012358909472823
v -0.005817890167236328 0.008266866207122803 0.0001878059993032366
v -0.0058252811431884766 0.008293688297271729 -0.0028836720157414675
v 0.005760312080383301 0.007953286170959473 0.0030113449320197105
v 0.005759775172919035 0.007914364337921143 0.003012358909472823
v 0.005825161002576351 0.008293329738080502 0.0028839108999818563
v 0.005759775172919035 0.007914364337921143 0.003012358909472823
v 0.005817890167236328 0.008266746066510677 -0.00018777098739519715
v 0.005825161002576351 0.008293329738080502 0.0028839108999818563
v -0.00575941801071167 0.007913947105407715 0.0030128948856145144
v -0.005807638168334961 0.008226752281188965 0.002919076941907406
v -0.005817890167236328 0.008266866207122803 0.0001878059993032366
v -0.005759775172919035 0.007914303801953793 -0.003012358909472823
v -0.00575941801071167 0.007913947105407715 0.0030128948856145144
v -0.005817890167236328 0.008266866207122803 0.0001878059993032366
v 0.0057592978700995445 0.007914005778729916 -0.003013073932379484
v 0.005807876121252775 0.008227764628827572 -0.0029186010360717773
v 0.005817890167236328 0.008266746066510677 -0.00018777098739519715
v 0.005759775172919035 0.007914364337921143 0.003012358909472823
v 0.0057592978700995445 0.007914005778729916 -0.003013073932379484
v 0.005817890167236328 0.008266746066510677 -0.00018777098739519715
v -0.005800485145300627 0.008176267147064209 0.008216737769544125
v -0.0057960739359259605 0.008176802657544613 0.010299979709088802
v -0.005805552005767822 0.008218586444854736 0.008220314048230648
v -0.00574988080188632 0.0077544450759887695 0.008181451819837093
v -0.00581932021304965 0.007227838039398193 0.010299979709088802
v -0.0057960739359259605 0.008176802657544613 0.010299979709088802
v -0.005800485145300627 0.008176267147064209 0.008216737769544125
v -0.00574988080188632 0.0077544450759887695 0.008181451819837093
v -0.0057960739359259605 0.008176802657544613 0.010299979709088802
v 0.005771458148956299 0.00745761301368475 0.008196592330932617
v 0.00575751019641757 0.00792455580085516 0.008186817169189453
v 0.005761384032666683 0.007963418029248714 0.010999970138072968
v 0.00575751019641757 0.00792455580085516 0.008186817169189453
v 0.005765258800238371 0.007962644100189209 0.008192180655896664
v 0.005761384032666683 0.007963418029248714 0.010999970138072968
v 0.005905746947973967 0.0069761271588504314 0.010999970138072968
v 0.005909204017370939 0.006977914832532406 0.00829082727432251
v 0.005761384032666683 0.007963418029248714 0.010999970138072968
v 0.005909204017370939 0.006977914832532406 0.00829082727432251
v 0.005890488158911467 0.007013380061835051 0.008278489112854004
v 0.005761384032666683 0.007963418029248714 0.010999970138072968
v 0.005890488158911467 0.007013380061835051 0.008278489112854004
v 0.005771458148956299 0.00745761301368475 0.008196592330932617
v 0.005761384032666683 0.007963418029248714 0.010999970138072968
v -0.005479872226715088 0.006399989128112793 -0.003495811950415373
v -0.005759775172919035 0.007914303801953793 -0.003012358909472823
v -0.005760312080383301 0.007953286170959473 -0.0030113449320197105
v 0.005442738067358732 0.006399989128112793 0.003553271060809493
v 0.005759775172919035 0.007914364337921143 0.003012358909472823
v 0.005760312080383301 0.007953286170959473 0.0030113449320197105
v 0.005771458148956299 0.00745761301368475 0.008196592330932617
v 0.005388855002820492 0.006399989128112793 0.0079154372215271
v 0.00575751019641757 0.00792455580085516 0.008186817169189453
v 0.005442738067358732 0.006399989128112793 0.003553271060809493
v 0.005755602847784758 0.007599771022796631 0.0030203459318727255
v 0.005759775172919035 0.007914364337921143 0.003012358909472823
v 0.005761206150054932 0.007538198959082365 7.532799645559862e-05
v 0.0057592978700995445 0.007914005778729916 -0.003013073932379484
v 0.005759775172919035 0.007914364337921143 0.003012358909472823
v 0.005755602847784758 0.007599771022796631 0.0030203459318727255
v 0.005761206150054932 0.007538198959082365 7.532799645559862e-05
v 0.005759775172919035 0.007914364337921143 0.003012358909472823
v -0.005479872226715088 0.006399989128112793 -0.003495811950415373
v -0.005755542777478695 0.007600544951856136 -0.0030204649083316326
v -0.005759775172919035 0.007914303801953793 -0.003012358909472823
v -0.005761264823377132 0.007537542842328548 -7.563569670310244e-05
v -0.00575941801071167 0.007913947105407715 0.0030128948856145144
v -0.005759775172919035 0.007914303801953793 -0.003012358909472823
v -0.005755542777478695 0.007600544951856136 -0.0030204649083316326
v -0.005761264823377132 0.007537542842328548 -7.563569670310244e-05
v -0.005759775172919035 0.007914303801953793 -0.003012358909472823
v 0.005764185916632414 0.007511734031140804 -0.0030038950499147177
v 0.005754292011260986 0.007881522178649902 -0.0030228490941226482
v 0.0057592978700995445 0.007914005778729916 -0.003013073932379484
v 0.005761206150054932 0.007538198959082365 7.532799645559862e-05
v 0.005764185916632414 0.007511734031140804 -0.0030038950499147177
v 0.0057592978700995445 0.007914005778729916 -0.003013073932379484
v -0.005764423869550228 0.007509768009185791 0.003003417979925871
v -0.005754231940954924 0.007880330085754395 0.0030229680705815554
v -0.00575941801071167 0.007913947105407715 0.0030128948856145144
v -0.005761264823377132 0.007537542842328548 -7.563569670310244e-05
v -0.005764423869550228 0.007509768009185791 0.003003417979925871
v -0.00575941801071167 0.007913947105407715 0.0030128948856145144
v 0.009499967098236084 0.005099952220916748 0.027569999918341637
v 0.009499967098236084 0.007699965965002775 0.018399950116872787
v 0.009499906562268734 0.007890284061431885 0.018405070528388023
v 0.005764185916632414 0.007511734031140804 -0.0030038950499147177
v 0.005479872226715088 0.006399989128112793 -0.003495811950415373
v 0.005754292011260986 0.007881522178649902 -0.0030228490941226482
v -0.005764423869550228 0.007509768009185791 0.003003417979925871
v -0.005442738067358732 0.006399989128112793 0.003553271060809493
v -0.005754231940954924 0.007880330085754395 0.0030229680705815554
v -0.005809605121612549 0.007264791987836361 0.008223116397857666
v -0.00581932021304965 0.007227838039398193 0.010299979709088802
v -0.00574988080188632 0.0077544450759887695 0.008181451819837093
v -0.005388855002820492 0.006399989128112793 0.0079154372215271
v -0.005809605121612549 0.007264791987836361 0.008223116397857666
v -0.00574988080188632 0.0077544450759887695 0.008181451819837093
v -0.009499967098236084 0.006781696807593107 0.010999970138072968
v -0.009499967098236084 0.007699965965002775 0.018399950116872787
v -0.009499967098236084 0.007699965965002775 0.010299979709088802
v -0.009499967098236084 0.006781696807593107 0.010299979709088802
v -0.009499967098236084 0.006781696807593107 0.010999970138072968
v -0.009499967098236084 0.007699965965002775 0.010299979709088802
v -0.00921410322189331 0.006387530826032162 0.010299979709088802
v -0.009499967098236084 0.006781696807593107 0.010299979709088802
v -0.009499967098236084 0.007699965965002775 0.010299979709088802
v -0.006277561187744141 0.006396471988409758 0.010299979709088802
v -0.00921410322189331 0.006387530826032162 0.010299979709088802
v -0.009499967098236084 0.007699965965002775 0.010299979709088802
v 0.009499967098236084 0.007699965965002775 0.018399950116872787
v 0.009499967098236084 0.006781696807593107 0.010999970138072968
v 0.009499967098236084 0.007699965965002775 0.010999970138072968
v 0.009499967098236084 0.006781696807593107 0.010999970138072968
v 0.005905746947973967 0.0069761271588504314 0.010999970138072968
v 0.009499967098236084 0.007699965965002775 0.010999970138072968
v 0.009499967098236084 0.005099952220916748 0.027569999918341637
v 0.009499967098236084 0.006781696807593107 0.010999970138072968
v 0.009499967098236084 0.007699965965002775 0.018399950116872787
v -0.009499967098236084 -0.006099998019635677 0.029252519831061363
v -0.009499967098236084 0.005099952220916748 0.027569999918341637
v -0.009499967098236084 0.007699965965002775 0.018399950116872787
v -0.009499967098236084 0.006781696807593107 0.010999970138072968
v -0.009499967098236084 -0.006099998019635677 0.029252519831061363
v -0.009499967098236084 0.007699965965002775 0.018399950116872787
v -0.005479872226715088 0.006399989128112793 -0.003495811950415373
v -0.005815147887915373 0.007243573199957609 -0.0029041171073913574
v -0.005755542777478695 0.007600544951856136 -0.0030204649083316326
v -0.005815147887915373 0.007243573199957609 -0.0029041171073913574
v -0.005761264823377132 0.007537542842328548 -7.563569670310244e-05
v -0.005755542777478695 0.007600544951856136 -0.0030204649083316326
v 0.005442738067358732 0.006399989128112793 0.003553271060809493
v 0.005815147887915373 0.007243573199957609 0.0029041171073913574
v 0.005755602847784758 0.007599771022796631 0.0030203459318727255
v 0.005815147887915373 0.007243573199957609 0.0029041171073913574
v 0.005761206150054932 0.007538198959082365 7.532799645559862e-05
v 0.005755602847784758 0.007599771022796631 0.0030203459318727255
v 0.005815147887915373 0.007243573199957609 0.0029041171073913574
v 0.005890904925763607 0.007027685176581144 0.0027447340544313192
v 0.005761206150054932 0.007538198959082365 7.532799645559862e-05
v 0.005836069118231535 0.007169485092163086 -0.002861797111108899
v 0.005764185916632414 0.007511734031140804 -0.0030038950499147177
v 0.005761206150054932 0.007538198959082365 7.532799645559862e-05
v 0.005890904925763607 0.007027685176581144 0.0027447340544313192
v 0.005836069118231535 0.007169485092163086 -0.002861797111108899
v 0.005761206150054932 0.007538198959082365 7.532799645559862e-05
v -0.005815147887915373 0.007243573199957609 -0.0029041171073913574
v -0.00589096499606967 0.0070275659672915936 -0.002744615077972412
v -0.005761264823377132 0.007537542842328548 -7.563569670310244e-05
v -0.005836427211761475 0.0071682920679450035 0.002861082088202238
v -0.005764423869550228 0.007509768009185791 0.003003417979925871
v -0.005761264823377132 0.007537542842328548 -7.563569670310244e-05
v -0.00589096499606967 0.0070275659672915936 -0.002744615077972412
v -0.005836427211761475 0.0071682920679450035 0.002861082088202238
v -0.005761264823377132 0.007537542842328548 -7.563569670310244e-05
v 0.005836069118231535 0.007169485092163086 -0.002861797111108899
v 0.005479872226715088 0.006399989128112793 -0.003495811950415373
v 0.005764185916632414 0.007511734031140804 -0.0030038950499147177
v -0.005836427211761475 0.0071682920679450035 0.002861082088202238
v -0.005442738067358732 0.006399989128112793 0.003553271060809493
v -0.005764423869550228 0.007509768009185791 0.003003417979925871
v 0.005890488158911467 0.007013380061835051 0.008278489112854004
v 0.005388855002820492 0.006399989128112793 0.0079154372215271
v 0.005771458148956299 0.00745761301368475 0.008196592330932617
v -0.0011931649642065167 0.006399989128112793 -0.002477644942700863
v 0.0 0.006399989128112793 -0.00274997903034091
v 0.0 0.007399975787848234 -0.00274997903034091
v -0.0011931649642065167 0.007399975787848234 -0.002477644942700863
v -0.0011931649642065167 0.006399989128112793 -0.002477644942700863
v 0.0 0.007399975787848234 -0.00274997903034091
v 0.0 0.006399989128112793 -0.00274997903034091
v 0.0011931649642065167 0.007399975787848234 -0.002477644942700863
v 0.0 0.007399975787848234 -0.00274997903034091
v 0.0011931649642065167 0.007399975787848234 -0.002477644942700863
v 0.0 0.007399975787848234 0.0
v 0.0 0.007399975787848234 -0.00274997903034091
v 0.0 0.007399975787848234 0.0
v -0.0011931649642065167 0.007399975787848234 -0.002477644942700863
v 0.0 0.007399975787848234 -0.00274997903034091
v 0.0011931649642065167 0.006399989128112793 -0.002477644942700863
v 0.0021499989088624716 0.007399975787848234 -0.001714586978778243
v 0.0011931649642065167 0.007399975787848234 -0.002477644942700863
v 0.0 0.006399989128112793 -0.00274997903034091
v 0.0011931649642065167 0.006399989128112793 -0.002477644942700863
v 0.0011931649642065167 0.007399975787848234 -0.002477644942700863
v 0.0021499989088624716 0.007399975787848234 -0.001714586978778243
v 0.0 0.007399975787848234 0.0
v 0.0011931649642065167 0.007399975787848234 -0.002477644942700863
v -0.0021499989088624716 0.006399989128112793 -0.001714586978778243
v -0.0011931649642065167 0.006399989128112793 -0.002477644942700863
v -0.0011931649642065167 0.007399975787848234 -0.002477644942700863
v -0.0021499989088624716 0.007399975787848234 -0.001714586978778243
v -0.0021499989088624716 0.006399989128112793 -0.001714586978778243
v -0.0011931649642065167 0.007399975787848234 -0.002477644942700863
v 0.0 0.007399975787848234 0.0
v -0.0021499989088624716 0.007399975787848234 -0.001714586978778243
v -0.0011931649642065167 0.007399975787848234 -0.002477644942700863
v 0.0021499989088624716 0.006399989128112793 -0.001714586978778243
v 0.0026810159906744957 0.007399975787848234 -0.0006119319587014616
v 0.0021499989088624716 0.007399975787848234 -0.001714586978778243
v 0.0011931649642065167 0.006399989128112793 -0.002477644942700863
v 0.0021499989088624716 0.006399989128112793 -0.001714586978778243
v 0.0021499989088624716 0.007399975787848234 -0.001714586978778243
v 0.0026810159906744957 0.007399975787848234 -0.0006119319587014616
v 0.0 0.007399975787848234 0.0
v 0.0021499989088624716 0.007399975787848234 -0.001714586978778243
v -0.0026810159906744957 0.006399989128112793 -0.0006119319587014616
v -0.0021499989088624716 0.006399989128112793 -0.001714586978778243
v -0.0021499989088624716 0.007399975787848234 -0.001714586978778243
v -0.0026810159906744957 0.007399975787848234 -0.0006119319587014616
v -0.0026810159906744957 0.006399989128112793 -0.0006119319587014616
v -0.0021499989088624716 0.007399975787848234 -0.001714586978778243
v 0.0 0.007399975787848234 0.0
v -0.0026810159906744957 0.007399975787848234 -0.0006119319587014616
v -0.0021499989088624716 0.007399975787848234 -0.001714586978778243
v 0.0026810159906744957 0.006399989128112793 -0.0006119319587014616
v 0.0026810159906744957 0.007399975787848234 0.0006119339959695935
v 0.0026810159906744957 0.007399975787848234 -0.0006119319587014616
v 0.0021499989088624716 0.006399989128112793 -0.001714586978778243
v 0.0026810159906744957 0.006399989128112793 -0.0006119319587014616
v 0.0026810159906744957 0.007399975787848234 -0.0006119319587014616
v 0.0026810159906744957 0.007399975787848234 0.0006119339959695935
v 0.0 0.007399975787848234 0.0
v 0.0026810159906744957 0.007399975787848234 -0.0006119319587014616
v -0.0026810159906744957 0.006399989128112793 0.0006119339959695935
v -0.0026810159906744957 0.006399989128112793 -0.0006119319587014616
v -0.0026810159906744957 0.007399975787848234 -0.0006119319587014616
v -0.0026810159906744957 0.007399975787848234 0.0006119339959695935
v -0.0026810159906744957 0.006399989128112793 0.0006119339959695935
v -0.0026810159906744957 0.007399975787848234 -0.0006119319587014616
v 0.0 0.007399975787848234 0.0
v -0.0026810159906744957 0.007399975787848234 0.0006119339959695935
v -0.0026810159906744957 0.007399975787848234 -0.0006119319587014616
v 0.0 0.007399975787848234 0.00274997903034091
v -0.0011931649642065167 0.007399975787848234 0.002477644942700863
v 0.0 0.007399975787848234 0.0
v 0.0011931649642065167 0.007399975787848234 0.002477644942700863
v 0.0 0.007399975787848234 0.00274997903034091
v 0.0 0.007399975787848234 0.0
v 0.0026810159906744957 0.007399975787848234 0.0006119339959695935
v 0.0021499989088624716 0.007399975787848234 0.001714586978778243
v 0.0 0.007399975787848234 0.0
v 0.0021499989088624716 0.007399975787848234 0.001714586978778243
v 0.0011931649642065167 0.007399975787848234 0.002477644942700863
v 0.0 0.007399975787848234 0.0
v -0.0011931649642065167 0.007399975787848234 0.002477644942700863
v -0.0021499989088624716 0.007399975787848234 0.001714586978778243
v 0.0 0.007399975787848234 0.0
v -0.0021499989088624716 0.007399975787848234 0.001714586978778243
v -0.0026810159906744957 0.007399975787848234 0.0006119339959695935
v 0.0 0.007399975787848234 0.0
v 0.0026810159906744957 0.006399989128112793 0.0006119339959695935
v 0.0021499989088624716 0.007399975787848234 0.001714586978778243
v 0.0026810159906744957 0.007399975787848234 0.0006119339959695935
v 0.0026810159906744957 0.006399989128112793 -0.0006119319587014616
v 0.0026810159906744957 0.006399989128112793 0.0006119339959695935
v 0.0026810159906744957 0.007399975787848234 0.0006119339959695935
v -0.0021499989088624716 0.006399989128112793 0.001714586978778243
v -0.0026810159906744957 0.006399989128112793 0.0006119339959695935
v -0.0026810159906744957 0.007399975787848234 0.0006119339959695935
v -0.0021499989088624716 0.007399975787848234 0.001714586978778243
v -0.0021499989088624716 0.006399989128112793 0.001714586978778243
v -0.0026810159906744957 0.007399975787848234 0.0006119339959695935
v 0.0021499989088624716 0.006399989128112793 0.001714586978778243
v 0.0011931649642065167 0.007399975787848234 0.002477644942700863
v 0.0021499989088624716 0.007399975787848234 0.001714586978778243
v 0.0026810159906744957 0.006399989128112793 0.0006119339959695935
v 0.0021499989088624716 0.006399989128112793 0.001714586978778243
v 0.0021499989088624716 0.007399975787848234 0.001714586978778243
v -0.0011931649642065167 0.006399989128112793 0.002477644942700863
v -0.0021499989088624716 0.006399989128112793 0.001714586978778243
v -0.0021499989088624716 0.007399975787848234 0.001714586978778243
v -0.0011931649642065167 0.007399975787848234 0.002477644942700863
v -0.0011931649642065167 0.006399989128112793 0.002477644942700863
v -0.0021499989088624716 0.007399975787848234 0.001714586978778243
v 0.0011931649642065167 0.006399989128112793 0.002477644942700863
v 0.0 0.007399975787848234 0.00274997903034091
v 0.0011931649642065167 0.007399975787848234 0.002477644942700863
v 0.0021499989088624716 0.006399989128112793 0.001714586978778243
v 0.0011931649642065167 0.006399989128112793 0.002477644942700863
v 0.0011931649642065167 0.007399975787848234 0.002477644942700863
v 0.0 0.006399989128112793 0.00274997903034091
v -0.0011931649642065167 0.006399989128112793 0.002477644942700863
v -0.0011931649642065167 0.007399975787848234 0.002477644942700863
v 0.0 0.007399975787848234 0.00274997903034091
v 0.0 0.006399989128112793 0.00274997903034091
v -0.0011931649642065167 0.007399975787848234 0.002477644942700863
v 0.0011931649642065167 0.006399989128112793 0.002477644942700863
v 0.0 0.006399989128112793 0.00274997903034091
v 0.0 0.007399975787848234 0.00274997903034091
v -0.005823254119604826 0.007229268085211515 0.008232355117797852
v -0.00581932021304965 0.007227838039398193 0.010299979709088802
v -0.005809605121612549 0.007264791987836361 0.008223116397857666
v -0.005388855002820492 0.006399989128112793 0.0079154372215271
v -0.005823254119604826 0.007229268085211515 0.008232355117797852
v -0.005809605121612549 0.007264791987836361 0.008223116397857666
v 0.005442738067358732 0.006399989128112793 0.003553271060809493
v 0.005890904925763607 0.007027685176581144 0.0027447340544313192
v 0.005815147887915373 0.007243573199957609 0.0029041171073913574
v -0.005479872226715088 0.006399989128112793 -0.003495811950415373
v -0.00589096499606967 0.0070275659672915936 -0.002744615077972412
v -0.005815147887915373 0.007243573199957609 -0.0029041171073913574
v -0.005984245799481869 0.006810723803937435 0.008341251872479916
v -0.00581932021304965 0.007227838039398193 0.010299979709088802
v -0.005823254119604826 0.007229268085211515 0.008232355117797852
v -0.005388855002820492 0.006399989128112793 0.0079154372215271
v -0.005984245799481869 0.006810723803937435 0.008341251872479916
v -0.005823254119604826 0.007229268085211515 0.008232355117797852
v -0.005984245799481869 0.006810723803937435 0.008341251872479916
v -0.006274342071264982 0.006399989128112793 0.009999990463256836
v -0.00581932021304965 0.007227838039398193 0.010299979709088802
v -0.006274342071264982 0.006399989128112793 0.009999990463256836
v -0.006277561187744141 0.006396471988409758 0.010299979709088802
v -0.00581932021304965 0.007227838039398193 0.010299979709088802
v 0.0058924551121890545 0.007028520107269287 -0.00273966696113348
v 0.005479872226715088 0.006399989128112793 -0.003495811950415373
v 0.005836069118231535 0.007169485092163086 -0.002861797111108899
v 0.005890904925763607 0.007027685176581144 0.0027447340544313192
v 0.0058924551121890545 0.007028520107269287 -0.00273966696113348
v 0.005836069118231535 0.007169485092163086 -0.002861797111108899
v -0.0058924551121890545 0.007028520107269287 0.00273966696113348
v -0.005442738067358732 0.006399989128112793 0.003553271060809493
v -0.005836427211761475 0.0071682920679450035 0.002861082088202238
v -0.00589096499606967 0.0070275659672915936 -0.002744615077972412
v -0.0058924551121890545 0.007028520107269287 0.00273966696113348
v -0.005836427211761475 0.0071682920679450035 0.002861082088202238
v 0.005964099895209074 0.006849348079413176 -0.002584397094324231
v 0.005479872226715088 0.006399989128112793 -0.003495811950415373
v 0.0058924551121890545 0.007028520107269287 -0.00273966696113348
v 0.005890904925763607 0.007027685176581144 0.0027447340544313192
v 0.006028114818036556 0.006732583045959473 -0.0004357069847173989
v 0.0058924551121890545 0.007028520107269287 -0.00273966696113348
v 0.006028114818036556 0.006732583045959473 -0.0004357069847173989
v 0.005964099895209074 0.006849348079413176 -0.002584397094324231
v 0.0058924551121890545 0.007028520107269287 -0.00273966696113348
v -0.005964635871350765 0.0068482751958072186 0.002583146095275879
v -0.005442738067358732 0.006399989128112793 0.003553271060809493
v -0.0058924551121890545 0.007028520107269287 0.00273966696113348
v -0.00589096499606967 0.0070275659672915936 -0.002744615077972412
v -0.0060288310050964355 0.006731330882757902 -0.0004379429738037288
v -0.0058924551121890545 0.007028520107269287 0.00273966696113348
v -0.0060288310050964355 0.006731330882757902 -0.0004379429738037288
v -0.005964635871350765 0.0068482751958072186 0.002583146095275879
v -0.0058924551121890545 0.007028520107269287 0.00273966696113348
v 0.005442738067358732 0.006399989128112793 0.003553271060809493
v 0.005923569202423096 0.006934523116797209 0.002675889991223812
v 0.005890904925763607 0.007027685176581144 0.0027447340544313192
v 0.005923569202423096 0.006934523116797209 0.002675889991223812
v 0.006028114818036556 0.006732583045959473 -0.0004357069847173989
v 0.005890904925763607 0.007027685176581144 0.0027447340544313192
v -0.005479872226715088 0.006399989128112793 -0.003495811950415373
v -0.005923569202423096 0.006934523116797209 -0.002675889991223812
v -0.00589096499606967 0.0070275659672915936 -0.002744615077972412
v -0.005923569202423096 0.006934523116797209 -0.002675889991223812
v -0.0060288310050964355 0.006731330882757902 -0.0004379429738037288
v -0.00589096499606967 0.0070275659672915936 -0.002744615077972412
v 0.005909204017370939 0.006977914832532406 0.00829082727432251
v 0.005388855002820492 0.006399989128112793 0.0079154372215271
v 0.005890488158911467 0.007013380061835051 0.008278489112854004
v 0.005905746947973967 0.0069761271588504314 0.010999970138072968
v 0.0060929651372134686 0.006629704963415861 0.008412121795117855
v 0.005909204017370939 0.006977914832532406 0.00829082727432251
v 0.0060929651372134686 0.006629704963415861 0.008412121795117855
v 0.005388855002820492 0.006399989128112793 0.0079154372215271
v 0.005909204017370939 0.006977914832532406 0.00829082727432251
v 0.006274342071264982 0.006399989128112793 0.008525966666638851
v 0.0060929651372134686 0.006629704963415861 0.008412121795117855
v 0.005905746947973967 0.0069761271588504314 0.010999970138072968
v 0.006509125232696533 0.006181417964398861 0.010999970138072968
v 0.006509125232696533 0.006181417964398861 0.009999990463256836
v 0.005905746947973967 0.0069761271588504314 0.010999970138072968
v 0.006509125232696533 0.006181417964398861 0.009999990463256836
v 0.006274342071264982 0.006399989128112793 0.009999990463256836
v 0.005905746947973967 0.0069761271588504314 0.010999970138072968
v 0.006274342071264982 0.006399989128112793 0.009999990463256836
v 0.006274342071264982 0.006399989128112793 0.008525966666638851
v 0.005905746947973967 0.0069761271588504314 0.010999970138072968
v 0.009499967098236084 0.006781696807593107 0.010999970138072968
v 0.009243786334991455 0.006420135032385588 0.010999970138072968
v 0.005905746947973967 0.0069761271588504314 0.010999970138072968
v 0.009243786334991455 0.006420135032385588 0.010999970138072968
v 0.006509125232696533 0.006181417964398861 0.010999970138072968
v 0.005905746947973967 0.0069761271588504314 0.010999970138072968
v -0.005479872226715088 0.006399989128112793 -0.003495811950415373
v -0.0060932631604373455 0.006629586219787598 -0.0022631878964602947
v -0.005923569202423096 0.006934523116797209 -0.002675889991223812
v -0.0060932631604373455 0.006629586219787598 -0.0022631878964602947
v -0.0060288310050964355 0.006731330882757902 -0.0004379429738037288
v -0.005923569202423096 0.006934523116797209 -0.002675889991223812
v 0.005442738067358732 0.006399989128112793 0.003553271060809493
v 0.0060932631604373455 0.006629586219787598 0.0022631878964602947
v 0.005923569202423096 0.006934523116797209 0.002675889991223812
v 0.0060932631604373455 0.006629586219787598 0.0022631878964602947
v 0.006028114818036556 0.006732583045959473 -0.0004357069847173989
v 0.005923569202423096 0.006934523116797209 0.002675889991223812
v 0.006118655204772949 0.006592868827283382 -0.002193569904193282
v 0.005479872226715088 0.006399989128112793 -0.003495811950415373
v 0.005964099895209074 0.006849348079413176 -0.002584397094324231
v 0.006028114818036556 0.006732583045959473 -0.0004357069847173989
v 0.006118655204772949 0.006592868827283382 -0.002193569904193282
v 0.005964099895209074 0.006849348079413176 -0.002584397094324231
v -0.006119011901319027 0.006592391990125179 0.0021925559267401695
v -0.005442738067358732 0.006399989128112793 0.003553271060809493
v -0.005964635871350765 0.0068482751958072186 0.002583146095275879
v -0.0060288310050964355 0.006731330882757902 -0.0004379429738037288
v -0.006119011901319027 0.006592391990125179 0.0021925559267401695
v -0.005964635871350765 0.0068482751958072186 0.002583146095275879
v -0.006274342071264982 0.006399989128112793 0.008525966666638851
v -0.006274342071264982 0.006399989128112793 0.009999990463256836
v -0.005984245799481869 0.006810723803937435 0.008341251872479916
v -0.005388855002820492 0.006399989128112793 0.0079154372215271
v -0.006274342071264982 0.006399989128112793 0.008525966666638851
v -0.005984245799481869 0.006810723803937435 0.008341251872479916
v -0.00921410322189331 0.006387530826032162 0.010299979709088802
v -0.009373724460601807 0.006582498084753752 0.010513599961996078
v -0.009499967098236084 0.006781696807593107 0.010299979709088802
v -0.009373724460601807 0.006582498084753752 0.010513599961996078
v -0.009428322315216064 0.0066664209589362144 0.01065760012716055
v -0.009499967098236084 0.006781696807593107 0.010299979709088802
v -0.009428322315216064 0.0066664209589362144 0.01065760012716055
v -0.009476481936872005 0.00674044992774725 0.01078462041914463
v -0.009499967098236084 0.006781696807593107 0.010299979709088802
v -0.009476481936872005 0.00674044992774725 0.01078462041914463
v -0.009499967098236084 0.006781696807593107 0.010999970138072968
v -0.009499967098236084 0.006781696807593107 0.010299979709088802
v 0.009499967098236084 0.005099952220916748 0.027569999918341637
v 0.009499967098236084 -0.006781696807593107 0.010999970138072968
v 0.009499967098236084 0.006781696807593107 0.010999970138072968
v 0.009470999240875244 0.006731152068823576 0.010761139914393425
v 0.009243786334991455 0.006420135032385588 0.010999970138072968
v 0.009499967098236084 0.006781696807593107 0.010999970138072968
v 0.009499967098236084 -0.006781696807593107 0.010999970138072968
v 0.009475111030042171 -0.006738066207617521 0.010778360068798065
v 0.009499967098236084 0.006781696807593107 0.010999970138072968
v 0.009475111030042171 -0.006738066207617521 0.010778360068798065
v 0.009470999240875244 0.006731152068823576 0.010761139914393425
v 0.009499967098236084 0.006781696807593107 0.010999970138072968
v -0.009499967098236084 -0.006781696807593107 0.010999970138072968
v -0.009499967098236084 -0.006099998019635677 0.029252519831061363
v -0.009499967098236084 0.006781696807593107 0.010999970138072968
v -0.009476481936872005 0.00674044992774725 0.01078462041914463
v -0.009499967098236084 -0.006781696807593107 0.010999970138072968
v -0.009499967098236084 0.006781696807593107 0.010999970138072968
v -0.009470999240875244 -0.006731152068823576 0.010761139914393425
v -0.009499967098236084 -0.006781696807593107 0.010999970138072968
v -0.009476481936872005 0.00674044992774725 0.01078462041914463
v -0.009428322315216064 0.0066664209589362144 0.01065760012716055
v -0.009470999240875244 -0.006731152068823576 0.010761139914393425
v -0.009476481936872005 0.00674044992774725 0.01078462041914463
v 0.0060932631604373455 0.006629586219787598 0.0022631878964602947
v 0.006219744216650724 0.0064691901206970215 0.0018682470545172691
v 0.006028114818036556 0.006732583045959473 -0.0004357069847173989
v 0.006219744216650724 0.0064691901206970215 0.0018682470545172691
v 0.006274342071264982 0.006399989128112793 0.0016977189807221293
v 0.006028114818036556 0.006732583045959473 -0.0004357069847173989
v 0.006274342071264982 0.006399989128112793 0.0016977189807221293
v 0.006274342071264982 0.006399989128112793 -0.0016977189807221293
v 0.006028114818036556 0.006732583045959473 -0.0004357069847173989
v 0.006274342071264982 0.006399989128112793 -0.0016977189807221293
v 0.006241201888769865 0.0064410557970404625 -0.0018033379456028342
v 0.006028114818036556 0.006732583045959473 -0.0004357069847173989
v 0.006241201888769865 0.0064410557970404625 -0.0018033379456028342
v 0.006118655204772949 0.006592868827283382 -0.002193569904193282
v 0.006028114818036556 0.006732583045959473 -0.0004357069847173989
v -0.006240605842322111 0.006442784797400236 -0.00180309999268502
v -0.006274342071264982 0.006399989128112793 -0.0016977189807221293
v -0.0060288310050964355 0.006731330882757902 -0.0004379429738037288
v -0.0060932631604373455 0.006629586219787598 -0.0022631878964602947
v -0.006240605842322111 0.006442784797400236 -0.00180309999268502
v -0.0060288310050964355 0.006731330882757902 -0.0004379429738037288
v -0.006220697890967131 0.0064663877710700035 0.001868605031631887
v -0.006119011901319027 0.006592391990125179 0.0021925559267401695
v -0.0060288310050964355 0.006731330882757902 -0.0004379429738037288
v -0.006274342071264982 0.006399989128112793 -0.0016977189807221293
v -0.006220697890967131 0.0064663877710700035 0.001868605031631887
v -0.0060288310050964355 0.006731330882757902 -0.0004379429738037288
v 0.009428559802472591 0.0066671958193182945 0.01065777987241745
v 0.009243786334991455 0.006420135032385588 0.010999970138072968
v 0.009470999240875244 0.006731152068823576 0.010761139914393425
v 0.009475111030042171 -0.006738066207617521 0.010778360068798065
v 0.009428322315216064 -0.00666654109954834 0.010657659731805325
v 0.009470999240875244 0.006731152068823576 0.010761139914393425
v 0.009428322315216064 -0.00666654109954834 0.010657659731805325
v 0.009428559802472591 0.0066671958193182945 0.01065777987241745
v 0.009470999240875244 0.006731152068823576 0.010761139914393425
v 0.009358464740216732 0.00656157685443759 0.010487129911780357
v 0.009243786334991455 0.006420135032385588 0.010999970138072968
v 0.009428559802472591 0.0066671958193182945 0.01065777987241745
v 0.009428322315216064 -0.00666654109954834 0.010657659731805325
v 0.00936973001807928 -0.006576894782483578 0.010506450198590755
v 0.009428559802472591 0.0066671958193182945 0.01065777987241745
v 0.00936973001807928 -0.006576894782483578 0.010506450198590755
v 0.009238778613507748 -0.006424427032470703 0.010346709750592709
v 0.009428559802472591 0.0066671958193182945 0.01065777987241745
v 0.009238778613507748 -0.006424427032470703 0.010346709750592709
v 0.009358464740216732 0.00656157685443759 0.010487129911780357
v 0.009428559802472591 0.0066671958193182945 0.01065777987241745
v -0.009428559802472591 -0.0066671958193182945 0.01065777987241745
v -0.009470999240875244 -0.006731152068823576 0.010761139914393425
v -0.009428322315216064 0.0066664209589362144 0.01065760012716055
v -0.009373724460601807 0.006582498084753752 0.010513599961996078
v -0.009237407706677914 -0.006425737868994474 0.010349979624152184
v -0.009428322315216064 0.0066664209589362144 0.01065760012716055
v -0.009237407706677914 -0.006425737868994474 0.010349979624152184
v -0.009358464740216732 -0.00656157685443759 0.010487129911780357
v -0.009428322315216064 0.0066664209589362144 0.01065760012716055
v -0.009358464740216732 -0.00656157685443759 0.010487129911780357
v -0.009428559802472591 -0.0066671958193182945 0.01065777987241745
v -0.009428322315216064 0.0066664209589362144 0.01065760012716055
v 0.006274342071264982 0.006399989128112793 0.008525966666638851
v 0.005388855002820492 0.006399989128112793 0.0079154372215271
v 0.0060929651372134686 0.006629704963415861 0.008412121795117855
v -0.005479872226715088 0.006399989128112793 -0.003495811950415373
v -0.006240605842322111 0.006442784797400236 -0.00180309999268502
v -0.0060932631604373455 0.006629586219787598 -0.0022631878964602947
v 0.005442738067358732 0.006399989128112793 0.003553271060809493
v 0.006219744216650724 0.0064691901206970215 0.0018682470545172691
v 0.0060932631604373455 0.006629586219787598 0.0022631878964602947
v 0.0062444801442325115 0.006399989128112793 -0.0018043509917333722
v 0.005479872226715088 0.006399989128112793 -0.003495811950415373
v 0.006118655204772949 0.006592868827283382 -0.002193569904193282
v 0.006241201888769865 0.0064410557970404625 -0.0018033379456028342
v 0.0062444801442325115 0.006399989128112793 -0.0018043509917333722
v 0.006118655204772949 0.006592868827283382 -0.002193569904193282
v -0.006225167773663998 0.006399989128112793 0.0018699760548770428
v -0.005442738067358732 0.006399989128112793 0.003553271060809493
v -0.006119011901319027 0.006592391990125179 0.0021925559267401695
v -0.006220697890967131 0.0064663877710700035 0.001868605031631887
v -0.006225167773663998 0.006399989128112793 0.0018699760548770428
v -0.006119011901319027 0.006592391990125179 0.0021925559267401695
v -0.00921410322189331 0.006387530826032162 0.010299979709088802
v -0.009237407706677914 -0.006425737868994474 0.010349979624152184
v -0.009373724460601807 0.006582498084753752 0.010513599961996078
v 0.009237407706677914 0.006425737868994474 0.010349979624152184
v 0.009243786334991455 0.006420135032385588 0.010999970138072968
v 0.009358464740216732 0.00656157685443759 0.010487129911780357
v 0.009238778613507748 -0.006424427032470703 0.010346709750592709
v 0.009237407706677914 0.006425737868994474 0.010349979624152184
v 0.009358464740216732 0.00656157685443759 0.010487129911780357
v 0.005442738067358732 0.006399989128112793 0.003553271060809493
v 0.006225167773663998 0.006399989128112793 0.0018699760548770428
v 0.006219744216650724 0.0064691901206970215 0.0018682470545172691
v 0.006225167773663998 0.006399989128112793 0.0018699760548770428
v 0.006274342071264982 0.006399989128112793 0.0016977189807221293
v 0.006219744216650724 0.0064691901206970215 0.0018682470545172691
v -0.006274342071264982 0.006399989128112793 0.0016977189807221293
v -0.006225167773663998 0.006399989128112793 0.0018699760548770428
v -0.006220697890967131 0.0064663877710700035 0.001868605031631887
v -0.006274342071264982 0.006399989128112793 -0.0016977189807221293
v -0.006274342071264982 0.006399989128112793 0.0016977189807221293
v -0.006220697890967131 0.0064663877710700035 0.001868605031631887
v -0.005479872226715088 0.006399989128112793 -0.003495811950415373
v -0.0062444801442325115 0.006399989128112793 -0.0018043509917333722
v -0.006240605842322111 0.006442784797400236 -0.00180309999268502
v -0.0062444801442325115 0.006399989128112793 -0.0018043509917333722
v -0.006274342071264982 0.006399989128112793 -0.0016977189807221293
v -0.006240605842322111 0.006442784797400236 -0.00180309999268502
v 0.006274342071264982 0.006399989128112793 -0.0016977189807221293
v 0.0062444801442325115 0.006399989128112793 -0.0018043509917333722
v 0.006241201888769865 0.0064410557970404625 -0.0018033379456028342
v 0.008415400050580502 0.005863904021680355 0.010999970138072968
v 0.009243786334991455 0.006420135032385588 0.010999970138072968
v 0.009237407706677914 0.006425737868994474 0.010349979624152184
v 0.009195864200592041 0.006379187107086182 0.010302900336682796
v 0.008415400050580502 0.005863904021680355 0.010999970138072968
v 0.009237407706677914 0.006425737868994474 0.010349979624152184
v 0.009238778613507748 -0.006424427032470703 0.010346709750592709
v 0.009195864200592041 0.006379187107086182 0.010302900336682796
v 0.009237407706677914 0.006425737868994474 0.010349979624152184
v 0.008415400050580502 0.005863904021680355 0.010999970138072968
v 0.007421373855322599 0.005777120124548674 0.010999970138072968
v 0.009243786334991455 0.006420135032385588 0.010999970138072968
v 0.007421373855322599 0.005777120124548674 0.010999970138072968
v 0.006509125232696533 0.006181417964398861 0.010999970138072968
v 0.009243786334991455 0.006420135032385588 0.010999970138072968
v 0.0 0.006399989128112793 -0.00274997903034091
v -0.0009281240054406226 0.006399989128112793 -0.006433366797864437
v 0.0009281240054406226 0.006399989128112793 -0.006433366797864437
v 0.0011931649642065167 0.006399989128112793 -0.002477644942700863
v 0.0 0.006399989128112793 -0.00274997903034091
v 0.0009281240054406226 0.006399989128112793 -0.006433366797864437
v 0.0027086730115115643 0.006399989128112793 -0.005908668041229248
v 0.0011931649642065167 0.006399989128112793 -0.002477644942700863
v 0.0009281240054406226 0.006399989128112793 -0.006433366797864437
v 0.0 0.006399989128112793 -0.00274997903034091
v -0.0027086730115115643 0.006399989128112793 -0.005908668041229248
v -0.0009281240054406226 0.006399989128112793 -0.006433366797864437
v 0.004268288146704435 0.006399989128112793 -0.004902123939245939
v 0.0011931649642065167 0.006399989128112793 -0.002477644942700863
v 0.0027086730115115643 0.006399989128112793 -0.005908668041229248
v -0.0011931649642065167 0.006399989128112793 -0.002477644942700863
v -0.004268288146704435 0.006399989128112793 -0.004902123939245939
v -0.0027086730115115643 0.006399989128112793 -0.005908668041229248
v 0.0 0.006399989128112793 -0.00274997903034091
v -0.0011931649642065167 0.006399989128112793 -0.002477644942700863
v -0.0027086730115115643 0.006399989128112793 -0.005908668041229248
v 0.0021499989088624716 0.006399989128112793 -0.001714586978778243
v 0.0011931649642065167 0.006399989128112793 -0.002477644942700863
v 0.004268288146704435 0.006399989128112793 -0.004902123939245939
v 0.005479872226715088 0.006399989128112793 -0.003495811950415373
v 0.0021499989088624716 0.006399989128112793 -0.001714586978778243
v 0.004268288146704435 0.006399989128112793 -0.004902123939245939
v -0.0011931649642065167 0.006399989128112793 -0.002477644942700863
v -0.0021499989088624716 0.006399989128112793 -0.001714586978778243
v -0.004268288146704435 0.006399989128112793 -0.004902123939245939
v -0.0021499989088624716 0.006399989128112793 -0.001714586978778243
v -0.005479872226715088 0.006399989128112793 -0.003495811950415373
v -0.004268288146704435 0.006399989128112793 -0.004902123939245939
v 0.0062444801442325115 0.006399989128112793 -0.0018043509917333722
v 0.0021499989088624716 0.006399989128112793 -0.001714586978778243
v 0.005479872226715088 0.006399989128112793 -0.003495811950415373
v -0.0021499989088624716 0.006399989128112793 -0.001714586978778243
v -0.0062444801442325115 0.006399989128112793 -0.0018043509917333722
v -0.005479872226715088 0.006399989128112793 -0.003495811950415373
v 0.006274342071264982 0.006399989128112793 -0.0016977189807221293
v 0.0026810159906744957 0.006399989128112793 -0.0006119319587014616
v 0.0062444801442325115 0.006399989128112793 -0.0018043509917333722
v 0.0026810159906744957 0.006399989128112793 -0.0006119319587014616
v 0.0021499989088624716 0.006399989128112793 -0.001714586978778243
v 0.0062444801442325115 0.006399989128112793 -0.0018043509917333722
v -0.0021499989088624716 0.006399989128112793 -0.001714586978778243
v -0.0026810159906744957 0.006399989128112793 -0.0006119319587014616
v -0.0062444801442325115 0.006399989128112793 -0.0018043509917333722
v -0.0026810159906744957 0.006399989128112793 -0.0006119319587014616
v -0.006274342071264982 0.006399989128112793 -0.0016977189807221293
v -0.0062444801442325115 0.006399989128112793 -0.0018043509917333722
v 0.006274342071264982 0.006399989128112793 0.0016977189807221293
v 0.0026810159906744957 0.006399989128112793 0.0006119339959695935
v 0.006274342071264982 0.006399989128112793 -0.0016977189807221293
v 0.0026810159906744957 0.006399989128112793 0.0006119339959695935
v 0.0026810159906744957 0.006399989128112793 -0.0006119319587014616
v 0.006274342071264982 0.006399989128112793 -0.0016977189807221293
v -0.0026810159906744957 0.006399989128112793 -0.0006119319587014616
v -0.006274342071264982 0.006399989128112793 0.0016977189807221293
v -0.006274342071264982 0.006399989128112793 -0.0016977189807221293
v -0.004999995231628418 0.006399989128112793 0.004499970935285091
v -0.005051313899457455 0.006399989128112793 0.004183769226074219
v -0.0026810159906744957 0.006399989128112793 -0.0006119319587014616
v -0.0026810159906744957 0.006399989128112793 0.0006119339959695935
v -0.005102455150336027 0.006399989128112793 0.007564841769635677
v -0.0026810159906744957 0.006399989128112793 -0.0006119319587014616
v -0.005102455150336027 0.006399989128112793 0.007564841769635677
v -0.004999995231628418 0.006399989128112793 0.007123887073248625
v -0.0026810159906744957 0.006399989128112793 -0.0006119319587014616
v -0.004999995231628418 0.006399989128112793 0.007123887073248625
v -0.004999995231628418 0.006399989128112793 0.004499970935285091
v -0.0026810159906744957 0.006399989128112793 -0.0006119319587014616
v -0.005051313899457455 0.006399989128112793 0.004183769226074219
v -0.005199967883527279 0.006399989128112793 0.0038999910466372967
v -0.0026810159906744957 0.006399989128112793 -0.0006119319587014616
v -0.005199967883527279 0.006399989128112793 0.0038999910466372967
v -0.005442738067358732 0.006399989128112793 0.003553271060809493
v -0.0026810159906744957 0.006399989128112793 -0.0006119319587014616
v -0.005442738067358732 0.006399989128112793 0.003553271060809493
v -0.006225167773663998 0.006399989128112793 0.0018699760548770428
v -0.0026810159906744957 0.006399989128112793 -0.0006119319587014616
v -0.006225167773663998 0.006399989128112793 0.0018699760548770428
v -0.006274342071264982 0.006399989128112793 0.0016977189807221293
v -0.0026810159906744957 0.006399989128112793 -0.0006119319587014616
v 0.006274342071264982 0.006399989128112793 0.0016977189807221293
v 0.006225167773663998 0.006399989128112793 0.0018699760548770428
v 0.0026810159906744957 0.006399989128112793 0.0006119339959695935
v 0.006225167773663998 0.006399989128112793 0.0018699760548770428
v 0.005442738067358732 0.006399989128112793 0.003553271060809493
v 0.0026810159906744957 0.006399989128112793 0.0006119339959695935
v 0.005442738067358732 0.006399989128112793 0.003553271060809493
v 0.0021499989088624716 0.006399989128112793 0.001714586978778243
v 0.0026810159906744957 0.006399989128112793 0.0006119339959695935
v -0.0021499989088624716 0.006399989128112793 0.001714586978778243
v -0.005102455150336027 0.006399989128112793 0.007564841769635677
v -0.0026810159906744957 0.006399989128112793 0.0006119339959695935
v 0.005102455150336027 0.006399989128112793 0.007564841769635677
v 0.0011931649642065167 0.006399989128112793 0.002477644942700863
v 0.0021499989088624716 0.006399989128112793 0.001714586978778243
v 0.005051313899457455 0.006399989128112793 0.004183769226074219
v 0.004999995231628418 0.006399989128112793 0.004499970935285091
v 0.0021499989088624716 0.006399989128112793 0.001714586978778243
v 0.004999995231628418 0.006399989128112793 0.004499970935285091
v 0.004999995231628418 0.006399989128112793 0.007123887073248625
v 0.0021499989088624716 0.006399989128112793 0.001714586978778243
v 0.004999995231628418 0.006399989128112793 0.007123887073248625
v 0.005102455150336027 0.006399989128112793 0.007564841769635677
v 0.0021499989088624716 0.006399989128112793 0.001714586978778243
v 0.005442738067358732 0.006399989128112793 0.003553271060809493
v 0.005199967883527279 0.006399989128112793 0.0038999910466372967
v 0.0021499989088624716 0.006399989128112793 0.001714586978778243
v 0.005199967883527279 0.006399989128112793 0.0038999910466372967
v 0.005051313899457455 0.006399989128112793 0.004183769226074219
v 0.0021499989088624716 0.006399989128112793 0.001714586978778243
v -0.0011931649642065167 0.006399989128112793 0.002477644942700863
v -0.005102455150336027 0.006399989128112793 0.007564841769635677
v -0.0021499989088624716 0.006399989128112793 0.001714586978778243
v 0.005102455150336027 0.006399989128112793 0.007564841769635677
v 0.006274342071264982 0.006399989128112793 0.009999990463256836
v 0.0011931649642065167 0.006399989128112793 0.002477644942700863
v 0.006274342071264982 0.006399989128112793 0.009999990463256836
v 0.0 0.006399989128112793 0.00274997903034091
v 0.0011931649642065167 0.006399989128112793 0.002477644942700863
v -0.006274342071264982 0.006399989128112793 0.009999990463256836
v -0.005102455150336027 0.006399989128112793 0.007564841769635677
v -0.0011931649642065167 0.006399989128112793 0.002477644942700863
v 0.006274342071264982 0.006399989128112793 0.009999990463256836
v -0.006274342071264982 0.006399989128112793 0.009999990463256836
v -0.0011931649642065167 0.006399989128112793 0.002477644942700863
v 0.0 0.006399989128112793 0.00274997903034091
v 0.006274342071264982 0.006399989128112793 0.009999990463256836
v -0.0011931649642065167 0.006399989128112793 0.002477644942700863
v 0.005388855002820492 0.006399989128112793 0.0079154372215271
v 0.006274342071264982 0.006399989128112793 0.009999990463256836
v 0.005102455150336027 0.006399989128112793 0.007564841769635677
v -0.006274342071264982 0.006399989128112793 0.009999990463256836
v -0.005388855002820492 0.006399989128112793 0.0079154372215271
v -0.005102455150336027 0.006399989128112793 0.007564841769635677
v 0.006274342071264982 0.006399989128112793 0.008525966666638851
v 0.006274342071264982 0.006399989128112793 0.009999990463256836
v 0.005388855002820492 0.006399989128112793 0.0079154372215271
v -0.006274342071264982 0.006399989128112793 0.009999990463256836
v -0.006274342071264982 0.006399989128112793 0.008525966666638851
v -0.005388855002820492 0.006399989128112793 0.0079154372215271
v 0.007421373855322599 -0.005777120124548674 0.009999990463256836
v -0.006274342071264982 0.006399989128112793 0.009999990463256836
v 0.006274342071264982 0.006399989128112793 0.009999990463256836
v 0.006509125232696533 0.006181417964398861 0.009999990463256836
v 0.007421373855322599 -0.005777120124548674 0.009999990463256836
v 0.006274342071264982 0.006399989128112793 0.009999990463256836
v -0.006277561187744141 0.006396471988409758 0.009999990463256836
v -0.006277561187744141 0.006396471988409758 0.010299979709088802
v -0.006274342071264982 0.006399989128112793 0.009999990463256836
v 0.005905746947973967 -0.0069761271588504314 0.009999990463256836
v -0.005905746947973967 -0.0069761271588504314 0.009999990463256836
v -0.006274342071264982 0.006399989128112793 0.009999990463256836
v 0.006509125232696533 -0.006181417964398861 0.009999990463256836
v 0.005905746947973967 -0.0069761271588504314 0.009999990463256836
v -0.006274342071264982 0.006399989128112793 0.009999990463256836
v 0.007421373855322599 -0.005777120124548674 0.009999990463256836
v 0.006509125232696533 -0.006181417964398861 0.009999990463256836
v -0.006274342071264982 0.006399989128112793 0.009999990463256836
v -0.005905746947973967 -0.0069761271588504314 0.009999990463256836
v -0.006509125232696533 -0.006181417964398861 0.009999990463256836
v -0.006274342071264982 0.006399989128112793 0.009999990463256836
v -0.006509125232696533 -0.006181417964398861 0.009999990463256836
v -0.007421373855322599 -0.005777120124548674 0.009999990463256836
v -0.006274342071264982 0.006399989128112793 0.009999990463256836
v -0.007421373855322599 -0.005777120124548674 0.009999990463256836
v -0.006277561187744141 0.006396471988409758 0.009999990463256836
v -0.006274342071264982 0.006399989128112793 0.009999990463256836
v -0.007067441008985043 0.005870044231414795 0.010299979709088802
v -0.006277561187744141 0.006396471988409758 0.010299979709088802
v -0.006277561187744141 0.006396471988409758 0.009999990463256836
v -0.007067441008985043 0.005870044231414795 0.009999990463256836
v -0.007067441008985043 0.005870044231414795 0.010299979709088802
v -0.006277561187744141 0.006396471988409758 0.009999990463256836
v -0.007421373855322599 -0.005777120124548674 0.009999990463256836
v -0.007067441008985043 0.005870044231414795 0.009999990463256836
v -0.006277561187744141 0.006396471988409758 0.009999990463256836
v -0.007067441008985043 0.005870044231414795 0.010299979709088802
v -0.008011162281036377 0.005767107009887695 0.010299979709088802
v -0.006277561187744141 0.006396471988409758 0.010299979709088802
v -0.00889599323272705 0.006110846064984798 0.010299979709088802
v -0.00921410322189331 0.006387530826032162 0.010299979709088802
v -0.006277561187744141 0.006396471988409758 0.010299979709088802
v -0.008011162281036377 0.005767107009887695 0.010299979709088802
v -0.00889599323272705 0.006110846064984798 0.010299979709088802
v -0.006277561187744141 0.006396471988409758 0.010299979709088802
v -0.00889599323272705 0.006110846064984798 0.010299979709088802
v -0.009206174872815609 0.006380259059369564 0.010294020175933838
v -0.00921410322189331 0.006387530826032162 0.010299979709088802
v -0.009195864200592041 -0.006379187107086182 0.010302900336682796
v -0.009237407706677914 -0.006425737868994474 0.010349979624152184
v -0.00921410322189331 0.006387530826032162 0.010299979709088802
v -0.009206174872815609 0.006380259059369564 0.010294020175933838
v -0.009195864200592041 -0.006379187107086182 0.010302900336682796
v -0.00921410322189331 0.006387530826032162 0.010299979709088802
v -0.00889599323272705 0.006110846064984798 0.010299979709088802
v -0.00896900799125433 0.006164491176605225 0.010116809979081154
v -0.009206174872815609 0.006380259059369564 0.010294020175933838
v -0.00896900799125433 0.006164491176605225 0.010116809979081154
v -0.009195864200592041 -0.006379187107086182 0.010302900336682796
v -0.009206174872815609 0.006380259059369564 0.010294020175933838
v 0.009115456603467464 0.006289004813879728 0.010211819782853127
v 0.008415400050580502 0.005863904021680355 0.010999970138072968
v 0.009195864200592041 0.006379187107086182 0.010302900336682796
v 0.009154558181762695 -0.0063263168558478355 0.010244010016322136
v 0.008891998790204525 -0.006108105182647705 0.01008003018796444
v 0.009195864200592041 0.006379187107086182 0.010302900336682796
v 0.009238778613507748 -0.006424427032470703 0.010346709750592709
v 0.009199677966535091 -0.006378889083862305 0.010299080051481724
v 0.009195864200592041 0.006379187107086182 0.010302900336682796
v 0.009199677966535091 -0.006378889083862305 0.010299080051481724
v 0.009154558181762695 -0.0063263168558478355 0.010244010016322136
v 0.009195864200592041 0.006379187107086182 0.010302900336682796
v 0.008891998790204525 -0.006108105182647705 0.01008003018796444
v 0.009115456603467464 0.006289004813879728 0.010211819782853127
v 0.009195864200592041 0.006379187107086182 0.010302900336682796
v 0.008842289447784424 0.00608092499896884 0.01006930973380804
v 0.008415400050580502 0.005863904021680355 0.010999970138072968
v 0.009115456603467464 0.006289004813879728 0.010211819782853127
v 0.008891998790204525 -0.006108105182647705 0.01008003018796444
v 0.008842289447784424 0.00608092499896884 0.01006930973380804
v 0.009115456603467464 0.006289004813879728 0.010211819782853127
v 0.006509125232696533 0.006181417964398861 0.010999970138072968
v 0.007421373855322599 0.005777120124548674 0.009999990463256836
v 0.006509125232696533 0.006181417964398861 0.009999990463256836
v 0.007421373855322599 0.005777120124548674 0.009999990463256836
v 0.007421373855322599 -0.005777120124548674 0.009999990463256836
v 0.006509125232696533 0.006181417964398861 0.009999990463256836
v 0.007421373855322599 0.005777120124548674 0.010999970138072968
v 0.007421373855322599 0.005777120124548674 0.009999990463256836
v 0.006509125232696533 0.006181417964398861 0.010999970138072968
v -0.00889599323272705 0.006110846064984798 0.010299979709088802
v -0.008892238140106201 0.0061168670654296875 0.010092309676110744
v -0.00896900799125433 0.006164491176605225 0.010116809979081154
v -0.008892238140106201 0.0061168670654296875 0.010092309676110744
v -0.009115456603467464 -0.006289004813879728 0.010211819782853127
v -0.00896900799125433 0.006164491176605225 0.010116809979081154
v -0.009115456603467464 -0.006289004813879728 0.010211819782853127
v -0.009195864200592041 -0.006379187107086182 0.010302900336682796
v -0.00896900799125433 0.006164491176605225 0.010116809979081154
v -0.00889599323272705 0.006110846064984798 0.010299979709088802
v -0.008841454051434994 0.006085394881665707 0.010076159611344337
v -0.008892238140106201 0.0061168670654296875 0.010092309676110744
v -0.008841454051434994 0.006085394881665707 0.010076159611344337
v -0.008842289447784424 -0.00608092499896884 0.01006930973380804
v -0.008892238140106201 0.0061168670654296875 0.010092309676110744
v -0.008842289447784424 -0.00608092499896884 0.01006930973380804
v -0.009115456603467464 -0.006289004813879728 0.010211819782853127
v -0.008892238140106201 0.0061168670654296875 0.010092309676110744
v -0.008011162281036377 0.005767107009887695 0.010299979709088802
v -0.00849997904151678 0.005895912181586027 0.009999990463256836
v -0.00889599323272705 0.006110846064984798 0.010299979709088802
v -0.00849997904151678 0.005895912181586027 0.009999990463256836
v -0.008628368377685547 0.005953310988843441 0.010008269920945168
v -0.00889599323272705 0.006110846064984798 0.010299979709088802
v -0.008628368377685547 0.005953310988843441 0.010008269920945168
v -0.008841454051434994 0.006085394881665707 0.010076159611344337
v -0.00889599323272705 0.006110846064984798 0.010299979709088802
v 0.00849997904151678 0.006099998019635677 0.03880000114440918
v 0.008843719027936459 0.006038486026227474 0.0298539400100708
v 0.00849997904151678 0.006099998019635677 0.03052622079849243
v 0.008069275878369808 0.006099998019635677 0.03122258000075817
v 0.00849997904151678 0.006099998019635677 0.03880000114440918
v 0.00849997904151678 0.006099998019635677 0.03052622079849243
v -0.008608818054199219 0.006094216834753752 0.030327079817652702
v -0.008842884562909603 0.006024658214300871 0.03880000114440918
v -0.00849997904151678 0.006099998019635677 0.03052622079849243
v -0.008842884562909603 0.006024658214300871 0.03880000114440918
v -0.008526027202606201 0.006099640857428312 0.03880000114440918
v -0.00849997904151678 0.006099998019635677 0.03052622079849243
v -0.008526027202606201 0.006099640857428312 0.03880000114440918
v -0.00849997904151678 0.006099998019635677 0.03880000114440918
v -0.00849997904151678 0.006099998019635677 0.03052622079849243
v -0.00849997904151678 0.006099998019635677 0.03880000114440918
v -0.008069275878369808 0.006099998019635677 0.03122258000075817
v -0.00849997904151678 0.006099998019635677 0.03052622079849243
v 0.007350741885602474 0.006099998019635677 0.03186707943677902
v 0.00849997904151678 0.006099998019635677 0.03880000114440918
v 0.008069275878369808 0.006099998019635677 0.03122258000075817
v -0.00849997904151678 0.006099998019635677 0.03880000114440918
v -0.007350741885602474 0.006099998019635677 0.03186707943677902
v -0.008069275878369808 0.006099998019635677 0.03122258000075817
v 0.0011931649642065167 0.006099998019635677 0.03632228821516037
v 0.00849997904151678 0.006099998019635677 0.03880000114440918
v 0.007350741885602474 0.006099998019635677 0.03186707943677902
v 0.0 0.006099998019635677 0.03604995831847191
v 0.0011931649642065167 0.006099998019635677 0.03632228821516037
v 0.007350741885602474 0.006099998019635677 0.03186707943677902
v 0.00641399621963501 0.006099998019635677 0.03209995850920677
v 0.0 0.006099998019635677 0.03604995831847191
v 0.007350741885602474 0.006099998019635677 0.03186707943677902
v -0.0021499989088624716 0.006099998019635677 0.03708535060286522
v -0.00641399621963501 0.006099998019635677 0.03209995850920677
v -0.007350741885602474 0.006099998019635677 0.03186707943677902
v -0.0026810159906744957 0.006099998019635677 0.038188040256500244
v -0.0021499989088624716 0.006099998019635677 0.03708535060286522
v -0.007350741885602474 0.006099998019635677 0.03186707943677902
v -0.00849997904151678 0.006099998019635677 0.03880000114440918
v -0.0026810159906744957 0.006099998019635677 0.038188040256500244
v -0.007350741885602474 0.006099998019635677 0.03186707943677902
v -0.0011931649642065167 0.006099998019635677 0.03632228821516037
v 0.0 0.006099998019635677 0.03604995831847191
v 0.00641399621963501 0.006099998019635677 0.03209995850920677
v -0.00641399621963501 0.006099998019635677 0.03209995850920677
v -0.0011931649642065167 0.006099998019635677 0.03632228821516037
v 0.00641399621963501 0.006099998019635677 0.03209995850920677
v -0.0021499989088624716 0.006099998019635677 0.03708535060286522
v -0.0011931649642065167 0.006099998019635677 0.03632228821516037
v -0.00641399621963501 0.006099998019635677 0.03209995850920677
v -0.0011931649642065167 -0.0070999860763549805 0.03632228821516037
v 0.0 -0.0070999860763549805 0.03604995831847191
v 0.0 0.006099998019635677 0.03604995831847191
v -0.0011931649642065167 0.006099998019635677 0.03632228821516037
v -0.0011931649642065167 -0.0070999860763549805 0.03632228821516037
v 0.0 0.006099998019635677 0.03604995831847191
v 0.0 -0.0070999860763549805 0.03604995831847191
v 0.0011931649642065167 0.006099998019635677 0.03632228821516037
v 0.0 0.006099998019635677 0.03604995831847191
v 0.008342205546796322 0.006099998019635677 0.040269069373607635
v 0.008425652049481869 0.006099998019635677 0.03992217034101486
v 0.0011931649642065167 0.006099998019635677 0.03632228821516037
v 0.008014500141143799 0.006099998019635677 0.041631631553173065
v 0.008342205546796322 0.006099998019635677 0.040269069373607635
v 0.0011931649642065167 0.006099998019635677 0.03632228821516037
v 0.0021499989088624716 0.006099998019635677 0.03708535060286522
v 0.008014500141143799 0.006099998019635677 0.041631631553173065
v 0.0011931649642065167 0.006099998019635677 0.03632228821516037
v 0.008425652049481869 0.006099998019635677 0.03992217034101486
v 0.00849997904151678 0.006099998019635677 0.03880000114440918
v 0.0011931649642065167 0.006099998019635677 0.03632228821516037
v 0.0011931649642065167 -0.0070999860763549805 0.03632228821516037
v 0.0021499989088624716 0.006099998019635677 0.03708535060286522
v 0.0011931649642065167 0.006099998019635677 0.03632228821516037
v 0.0 -0.0070999860763549805 0.03604995831847191
v 0.0011931649642065167 -0.0070999860763549805 0.03632228821516037
v 0.0011931649642065167 0.006099998019635677 0.03632228821516037
v -0.0021499989088624716 -0.0070999860763549805 0.03708535060286522
v -0.0011931649642065167 -0.0070999860763549805 0.03632228821516037
v -0.0011931649642065167 0.006099998019635677 0.03632228821516037
v -0.0021499989088624716 0.006099998019635677 0.03708535060286522
v -0.0021499989088624716 -0.0070999860763549805 0.03708535060286522
v -0.0011931649642065167 0.006099998019635677 0.03632228821516037
v 0.0026810159906744957 0.006099998019635677 0.038188040256500244
v 0.008014500141143799 0.006099998019635677 0.041631631553173065
v 0.0021499989088624716 0.006099998019635677 0.03708535060286522
v 0.0021499989088624716 -0.0070999860763549805 0.03708535060286522
v 0.0026810159906744957 0.006099998019635677 0.038188040256500244
v 0.0021499989088624716 0.006099998019635677 0.03708535060286522
v 0.0011931649642065167 -0.0070999860763549805 0.03632228821516037
v 0.0021499989088624716 -0.0070999860763549805 0.03708535060286522
v 0.0021499989088624716 0.006099998019635677 0.03708535060286522
v -0.0026810159906744957 -0.0070999860763549805 0.038188040256500244
v -0.0021499989088624716 -0.0070999860763549805 0.03708535060286522
v -0.0021499989088624716 0.006099998019635677 0.03708535060286522
v -0.0026810159906744957 0.006099998019635677 0.038188040256500244
v -0.0026810159906744957 -0.0070999860763549805 0.038188040256500244
v -0.0021499989088624716 0.006099998019635677 0.03708535060286522
v 0.0026810159906744957 0.006099998019635677 0.03941189870238304
v 0.008014500141143799 0.006099998019635677 0.041631631553173065
v 0.0026810159906744957 0.006099998019635677 0.038188040256500244
v 0.0026810159906744957 -0.0070999860763549805 0.038188040256500244
v 0.0026810159906744957 0.006099998019635677 0.03941189870238304
v 0.0026810159906744957 0.006099998019635677 0.038188040256500244
v 0.0021499989088624716 -0.0070999860763549805 0.03708535060286522
v 0.0026810159906744957 -0.0070999860763549805 0.038188040256500244
v 0.0026810159906744957 0.006099998019635677 0.038188040256500244
v -0.00849997904151678 0.006099998019635677 0.03880000114440918
v -0.008337140083312988 0.006099998019635677 0.04027222841978073
v -0.0026810159906744957 0.006099998019635677 0.038188040256500244
v -0.008337140083312988 0.006099998019635677 0.04027222841978073
v -0.0026810159906744957 0.006099998019635677 0.03941189870238304
v -0.0026810159906744957 0.006099998019635677 0.038188040256500244
v -0.0026810159906744957 -0.0070999860763549805 0.03941189870238304
v -0.0026810159906744957 -0.0070999860763549805 0.038188040256500244
v -0.0026810159906744957 0.006099998019635677 0.038188040256500244
v -0.0026810159906744957 0.006099998019635677 0.03941189870238304
v -0.0026810159906744957 -0.0070999860763549805 0.03941189870238304
v -0.0026810159906744957 0.006099998019635677 0.038188040256500244
v -0.008526027202606201 0.006099640857428312 0.03880000114440918
v -0.008396506309509277 0.006099640857428312 0.04028052091598511
v -0.00849997904151678 0.006099998019635677 0.03880000114440918
v -0.008396506309509277 0.006099640857428312 0.04028052091598511
v -0.008337140083312988 0.006099998019635677 0.04027222841978073
v -0.00849997904151678 0.006099998019635677 0.03880000114440918
v 0.008846580050885677 0.006038010120391846 0.029848389327526093
v 0.008843719027936459 0.006038486026227474 0.0298539400100708
v 0.00849997904151678 0.006099998019635677 0.03880000114440918
v 0.008526027202606201 0.006099640857428312 0.03880000114440918
v 0.008846580050885677 0.006038010120391846 0.029848389327526093
v 0.00849997904151678 0.006099998019635677 0.03880000114440918
v 0.008425652049481869 0.006099998019635677 0.03992217034101486
v 0.008526027202606201 0.006099640857428312 0.03880000114440918
v 0.00849997904151678 0.006099998019635677 0.03880000114440918
v 0.0021499989088624716 0.006099998019635677 0.04051458090543747
v 0.007341206073760986 0.006099998019635677 0.043040450662374496
v 0.0026810159906744957 0.006099998019635677 0.03941189870238304
v 0.007341206073760986 0.006099998019635677 0.043040450662374496
v 0.007980047725141048 0.006099998019635677 0.041703641414642334
v 0.0026810159906744957 0.006099998019635677 0.03941189870238304
v 0.007980047725141048 0.006099998019635677 0.041703641414642334
v 0.008014500141143799 0.006099998019635677 0.041631631553173065
v 0.0026810159906744957 0.006099998019635677 0.03941189870238304
v 0.0026810159906744957 -0.0070999860763549805 0.03941189870238304
v 0.0021499989088624716 0.006099998019635677 0.04051458090543747
v 0.0026810159906744957 0.006099998019635677 0.03941189870238304
v 0.0026810159906744957 -0.0070999860763549805 0.038188040256500244
v 0.0026810159906744957 -0.0070999860763549805 0.03941189870238304
v 0.0026810159906744957 0.006099998019635677 0.03941189870238304
v -0.008337140083312988 0.006099998019635677 0.04027222841978073
v -0.00829452183097601 0.006099998019635677 0.04065781086683273
v -0.0026810159906744957 0.006099998019635677 0.03941189870238304
v -0.00829452183097601 0.006099998019635677 0.04065781086683273
v -0.007936774753034115 0.006099998019635677 0.04168963059782982
v -0.0026810159906744957 0.006099998019635677 0.03941189870238304
v -0.007936774753034115 0.006099998019635677 0.04168963059782982
v -0.007664203178137541 0.006099998019635677 0.04247570037841797
v -0.0026810159906744957 0.006099998019635677 0.03941189870238304
v -0.007664203178137541 0.006099998019635677 0.04247570037841797
v -0.00732076121494174 0.006099998019635677 0.04302465170621872
v -0.0026810159906744957 0.006099998019635677 0.03941189870238304
v -0.00732076121494174 0.006099998019635677 0.04302465170621872
v -0.0021499989088624716 0.006099998019635677 0.04051458090543747
v -0.0026810159906744957 0.006099998019635677 0.03941189870238304
v -0.0021499989088624716 -0.0070999860763549805 0.04051458090543747
v -0.0026810159906744957 -0.0070999860763549805 0.03941189870238304
v -0.0026810159906744957 0.006099998019635677 0.03941189870238304
v -0.0021499989088624716 0.006099998019635677 0.04051458090543747
v -0.0021499989088624716 -0.0070999860763549805 0.04051458090543747
v -0.0026810159906744957 0.006099998019635677 0.03941189870238304
v 0.008342205546796322 0.006099998019635677 0.040269069373607635
v 0.008396506309509277 0.006099640857428312 0.04028052091598511
v 0.008425652049481869 0.006099998019635677 0.03992217034101486
v 0.008396506309509277 0.006099640857428312 0.04028052091598511
v 0.008526027202606201 0.006099640857428312 0.03880000114440918
v 0.008425652049481869 0.006099998019635677 0.03992217034101486
v 0.008014500141143799 0.006099998019635677 0.041631631553173065
v 0.008396506309509277 0.006099640857428312 0.04028052091598511
v 0.008342205546796322 0.006099998019635677 0.040269069373607635
v -0.008396506309509277 0.006099640857428312 0.04028052091598511
v -0.00829452183097601 0.006099998019635677 0.04065781086683273
v -0.008337140083312988 0.006099998019635677 0.04027222841978073
v 0.006102383136749268 0.006099998019635677 0.04471695050597191
v 0.006476162932813168 0.006099998019635677 0.04423629865050316
v 0.0021499989088624716 0.006099998019635677 0.04051458090543747
v 0.005979359149932861 0.006099998019635677 0.044841218739748
v 0.006102383136749268 0.006099998019635677 0.04471695050597191
v 0.0021499989088624716 0.006099998019635677 0.04051458090543747
v 0.006476162932813168 0.006099998019635677 0.04423629865050316
v 0.007237671874463558 0.006099998019635677 0.04325710982084274
v 0.0021499989088624716 0.006099998019635677 0.04051458090543747
v 0.007237671874463558 0.006099998019635677 0.04325710982084274
v 0.007341206073760986 0.006099998019635677 0.043040450662374496
v 0.0021499989088624716 0.006099998019635677 0.04051458090543747
v 0.0011931649642065167 0.006099998019635677 0.04127763956785202
v 0.004491983912885189 0.006099998019635677 0.046016089618206024
v 0.0021499989088624716 0.006099998019635677 0.04051458090543747
v 0.004491983912885189 0.006099998019635677 0.046016089618206024
v 0.005433142185211182 0.006099998019635677 0.04527270048856735
v 0.0021499989088624716 0.006099998019635677 0.04051458090543747
v 0.005433142185211182 0.006099998019635677 0.04527270048856735
v 0.005979359149932861 0.006099998019635677 0.044841218739748
v 0.0021499989088624716 0.006099998019635677 0.04051458090543747
v 0.0021499989088624716 -0.0070999860763549805 0.04051458090543747
v 0.0011931649642065167 0.006099998019635677 0.04127763956785202
v 0.0021499989088624716 0.006099998019635677 0.04051458090543747
v 0.0026810159906744957 -0.0070999860763549805 0.03941189870238304
v 0.0021499989088624716 -0.0070999860763549805 0.04051458090543747
v 0.0021499989088624716 0.006099998019635677 0.04051458090543747
v -0.006495772860944271 0.006099998019635677 0.04424827918410301
v -0.0011931649642065167 0.006099998019635677 0.04127763956785202
v -0.0021499989088624716 0.006099998019635677 0.04051458090543747
v -0.00732076121494174 0.006099998019635677 0.04302465170621872
v -0.006657241843640804 0.006099998019635677 0.04408508166670799
v -0.0021499989088624716 0.006099998019635677 0.04051458090543747
v -0.006657241843640804 0.006099998019635677 0.04408508166670799
v -0.006495772860944271 0.006099998019635677 0.04424827918410301
v -0.0021499989088624716 0.006099998019635677 0.04051458090543747
v -0.0011931649642065167 -0.0070999860763549805 0.04127763956785202
v -0.0021499989088624716 -0.0070999860763549805 0.04051458090543747
v -0.0021499989088624716 0.006099998019635677 0.04051458090543747
v -0.0011931649642065167 0.006099998019635677 0.04127763956785202
v -0.0011931649642065167 -0.0070999860763549805 0.04127763956785202
v -0.0021499989088624716 0.006099998019635677 0.04051458090543747
v -0.008396506309509277 0.006099640857428312 0.04028052091598511
v -0.008011817000806332 0.006099640857428312 0.04171603173017502
v -0.00829452183097601 0.006099998019635677 0.04065781086683273
v -0.008011817000806332 0.006099640857428312 0.04171603173017502
v -0.007936774753034115 0.006099998019635677 0.04168963059782982
v -0.00829452183097601 0.006099998019635677 0.04065781086683273
v 0.0 0.006099998019635677 0.04154998064041138
v 0.002936779987066984 0.006099998019635677 0.046776529401540756
v 0.0011931649642065167 0.006099998019635677 0.04127763956785202
v 0.002936779987066984 0.006099998019635677 0.046776529401540756
v 0.004239379893988371 0.006099998019635677 0.046139590442180634
v 0.0011931649642065167 0.006099998019635677 0.04127763956785202
v 0.004239379893988371 0.006099998019635677 0.046139590442180634
v 0.004491983912885189 0.006099998019635677 0.046016089618206024
v 0.0011931649642065167 0.006099998019635677 0.04127763956785202
v 0.0011931649642065167 -0.0070999860763549805 0.04127763956785202
v 0.0 0.006099998019635677 0.04154998064041138
v 0.0011931649642065167 0.006099998019635677 0.04127763956785202
v 0.0021499989088624716 -0.0070999860763549805 0.04051458090543747
v 0.0011931649642065167 -0.0070999860763549805 0.04127763956785202
v 0.0011931649642065167 0.006099998019635677 0.04127763956785202
v -0.0038139820098876953 0.006099998019635677 0.046396370977163315
v -0.0028908250387758017 0.006099998019635677 0.04674404114484787
v -0.0011931649642065167 0.006099998019635677 0.04127763956785202
v -0.0028908250387758017 0.006099998019635677 0.04674404114484787
v -0.002144515048712492 0.006099998019635677 0.047025080770254135
v -0.0011931649642065167 0.006099998019635677 0.04127763956785202
v -0.002144515048712492 0.006099998019635677 0.047025080770254135
v 0.0 0.006099998019635677 0.04154998064041138
v -0.0011931649642065167 0.006099998019635677 0.04127763956785202
v -0.006495772860944271 0.006099998019635677 0.04424827918410301
v -0.005453646183013916 0.006099998019635677 0.04530142992734909
v -0.0011931649642065167 0.006099998019635677 0.04127763956785202
v -0.005453646183013916 0.006099998019635677 0.04530142992734909
v -0.005355000030249357 0.006099998019635677 0.04540114849805832
v -0.0011931649642065167 0.006099998019635677 0.04127763956785202
v -0.005355000030249357 0.006099998019635677 0.04540114849805832
v -0.004228829871863127 0.006099998019635677 0.04612845182418823
v -0.0011931649642065167 0.006099998019635677 0.04127763956785202
v -0.004228829871863127 0.006099998019635677 0.04612845182418823
v -0.0038139820098876953 0.006099998019635677 0.046396370977163315
v -0.0011931649642065167 0.006099998019635677 0.04127763956785202
v 0.0 -0.0070999860763549805 0.04154998064041138
v -0.0011931649642065167 -0.0070999860763549805 0.04127763956785202
v -0.0011931649642065167 0.006099998019635677 0.04127763956785202
v 0.0 0.006099998019635677 0.04154998064041138
v 0.0 -0.0070999860763549805 0.04154998064041138
v -0.0011931649642065167 0.006099998019635677 0.04127763956785202
v -0.0004288909840397537 0.006099998019635677 0.04728918895125389
v -1.6331100596289616e-06 0.006099998019635677 0.0472676083445549
v 0.0 0.006099998019635677 0.04154998064041138
v -1.6331100596289616e-06 0.006099998019635677 0.0472676083445549
v 0.0012808439787477255 0.006099998019635677 0.0472029410302639
v 0.0 0.006099998019635677 0.04154998064041138
v 0.0012808439787477255 0.006099998019635677 0.0472029410302639
v 0.0014715789584442973 0.006099998019635677 0.04715383052825928
v 0.0 0.006099998019635677 0.04154998064041138
v 0.0014715789584442973 0.006099998019635677 0.04715383052825928
v 0.002936779987066984 0.006099998019635677 0.046776529401540756
v 0.0 0.006099998019635677 0.04154998064041138
v -0.002144515048712492 0.006099998019635677 0.047025080770254135
v -0.0014695520512759686 0.006099998019635677 0.04712897166609764
v 0.0 0.006099998019635677 0.04154998064041138
v -0.0014695520512759686 0.006099998019635677 0.04712897166609764
v -0.0004288909840397537 0.006099998019635677 0.04728918895125389
v 0.0 0.006099998019635677 0.04154998064041138
v 0.0011931649642065167 -0.0070999860763549805 0.04127763956785202
v 0.0 -0.0070999860763549805 0.04154998064041138
v 0.0 0.006099998019635677 0.04154998064041138
v 0.007980047725141048 0.006099998019635677 0.041703641414642334
v 0.008011817000806332 0.006099640857428312 0.04171603173017502
v 0.008014500141143799 0.006099998019635677 0.041631631553173065
v 0.008011817000806332 0.006099640857428312 0.04171603173017502
v 0.008396506309509277 0.006099640857428312 0.04028052091598511
v 0.008014500141143799 0.006099998019635677 0.041631631553173065
v -0.008011817000806332 0.006099640857428312 0.04171603173017502
v -0.007735908031463623 0.006099640857428312 0.04238443821668625
v -0.007936774753034115 0.006099998019635677 0.04168963059782982
v -0.007735908031463623 0.006099640857428312 0.04238443821668625
v -0.007664203178137541 0.006099998019635677 0.04247570037841797
v -0.007936774753034115 0.006099998019635677 0.04168963059782982
v 0.007341206073760986 0.006099998019635677 0.043040450662374496
v 0.008011817000806332 0.006099640857428312 0.04171603173017502
v 0.007980047725141048 0.006099998019635677 0.041703641414642334
v -0.007735908031463623 0.006099640857428312 0.04238443821668625
v -0.007383762858808041 0.006099640857428312 0.043062981218099594
v -0.007664203178137541 0.006099998019635677 0.04247570037841797
v -0.007383762858808041 0.006099640857428312 0.043062981218099594
v -0.00732076121494174 0.006099998019635677 0.04302465170621872
v -0.007664203178137541 0.006099998019635677 0.04247570037841797
v -0.007383762858808041 0.006099640857428312 0.043062981218099594
v -0.006657241843640804 0.006099998019635677 0.04408508166670799
v -0.00732076121494174 0.006099998019635677 0.04302465170621872
v 0.007383762858808041 0.006099640857428312 0.043062981218099594
v 0.008011817000806332 0.006099640857428312 0.04171603173017502
v 0.007341206073760986 0.006099998019635677 0.043040450662374496
v 0.007237671874463558 0.006099998019635677 0.04325710982084274
v 0.007383762858808041 0.006099640857428312 0.043062981218099594
v 0.007341206073760986 0.006099998019635677 0.043040450662374496
v 0.006476162932813168 0.006099998019635677 0.04423629865050316
v 0.0065312981605529785 0.006099640857428312 0.04428039863705635
v 0.007237671874463558 0.006099998019635677 0.04325710982084274
v 0.0065312981605529785 0.006099640857428312 0.04428039863705635
v 0.007383762858808041 0.006099640857428312 0.043062981218099594
v 0.007237671874463558 0.006099998019635677 0.04325710982084274
v -0.007383762858808041 0.006099640857428312 0.043062981218099594
v -0.0065312981605529785 0.006099640857428312 0.04428039863705635
v -0.006657241843640804 0.006099998019635677 0.04408508166670799
v -0.0065312981605529785 0.006099640857428312 0.04428039863705635
v -0.006495772860944271 0.006099998019635677 0.04424827918410301
v -0.006657241843640804 0.006099998019635677 0.04408508166670799
v 0.006102383136749268 0.006099998019635677 0.04471695050597191
v 0.0065312981605529785 0.006099640857428312 0.04428039863705635
v 0.006476162932813168 0.006099998019635677 0.04423629865050316
v -0.0065312981605529785 0.006099640857428312 0.04428039863705635
v -0.005480408202856779 0.006099640857428312 0.04533129185438156
v -0.006495772860944271 0.006099998019635677 0.04424827918410301
v -0.005480408202856779 0.006099640857428312 0.04533129185438156
v -0.005453646183013916 0.006099998019635677 0.04530142992734909
v -0.006495772860944271 0.006099998019635677 0.04424827918410301
v 0.006038308143615723 0.006099640857428312 0.044819291681051254
v 0.0065312981605529785 0.006099640857428312 0.04428039863705635
v 0.006102383136749268 0.006099998019635677 0.04471695050597191
v 0.005979359149932861 0.006099998019635677 0.044841218739748
v 0.006038308143615723 0.006099640857428312 0.044819291681051254
v 0.006102383136749268 0.006099998019635677 0.04471695050597191
v 0.005480408202856779 0.006099640857428312 0.04533129185438156
v 0.006038308143615723 0.006099640857428312 0.044819291681051254
v 0.005979359149932861 0.006099998019635677 0.044841218739748
v 0.005433142185211182 0.006099998019635677 0.04527270048856735
v 0.005480408202856779 0.006099640857428312 0.04533129185438156
v 0.005979359149932861 0.006099998019635677 0.044841218739748
v 0.004491983912885189 0.006099998019635677 0.046016089618206024
v 0.005480408202856779 0.006099640857428312 0.04533129185438156
v 0.005433142185211182 0.006099998019635677 0.04527270048856735
v -0.005480408202856779 0.006099640857428312 0.04533129185438156
v -0.005355000030249357 0.006099998019635677 0.04540114849805832
v -0.005453646183013916 0.006099998019635677 0.04530142992734909
v -0.005480408202856779 0.006099640857428312 0.04533129185438156
v -0.004262982867658138 0.006099640857428312 0.046183761209249496
v -0.005355000030249357 0.006099998019635677 0.04540114849805832
v -0.004262982867658138 0.006099640857428312 0.046183761209249496
v -0.004228829871863127 0.006099998019635677 0.04612845182418823
v -0.005355000030249357 0.006099998019635677 0.04540114849805832
v 0.004262982867658138 0.006099640857428312 0.046183761209249496
v 0.005480408202856779 0.006099640857428312 0.04533129185438156
v 0.004491983912885189 0.006099998019635677 0.046016089618206024
v 0.004239379893988371 0.006099998019635677 0.046139590442180634
v 0.004262982867658138 0.006099640857428312 0.046183761209249496
v 0.004491983912885189 0.006099998019635677 0.046016089618206024
v -0.004262982867658138 0.006099640857428312 0.046183761209249496
v -0.0038139820098876953 0.006099998019635677 0.046396370977163315
v -0.004228829871863127 0.006099998019635677 0.04612845182418823
v 0.002936779987066984 0.006099998019635677 0.046776529401540756
v 0.004262982867658138 0.006099640857428312 0.046183761209249496
v 0.004239379893988371 0.006099998019635677 0.046139590442180634
v -0.004262982867658138 0.006099640857428312 0.046183761209249496
v -0.0036097760312259197 0.006099640857428312 0.046524159610271454
v -0.0038139820098876953 0.006099998019635677 0.046396370977163315
v -0.0036097760312259197 0.006099640857428312 0.046524159610271454
v -0.0028908250387758017 0.006099998019635677 0.04674404114484787
v -0.0038139820098876953 0.006099998019635677 0.046396370977163315
v -0.0029160380363464355 0.006099640857428312 0.04681181162595749
v -0.002144515048712492 0.006099998019635677 0.047025080770254135
v -0.0028908250387758017 0.006099998019635677 0.04674404114484787
v -0.0036097760312259197 0.006099640857428312 0.046524159610271454
v -0.0029160380363464355 0.006099640857428312 0.04681181162595749
v -0.0028908250387758017 0.006099998019635677 0.04674404114484787
v 0.0029160380363464355 0.006099640857428312 0.04681181162595749
v 0.004262982867658138 0.006099640857428312 0.046183761209249496
v 0.002936779987066984 0.006099998019635677 0.046776529401540756
v 0.0014715789584442973 0.006099998019635677 0.04715383052825928
v 0.0029160380363464355 0.006099640857428312 0.04681181162595749
v 0.002936779987066984 0.006099998019635677 0.046776529401540756
v -0.001480518956668675 0.006099640857428312 0.04719650000333786
v -0.0014695520512759686 0.006099998019635677 0.04712897166609764
v -0.002144515048712492 0.006099998019635677 0.047025080770254135
v -0.002210794948041439 0.006099640857428312 0.047034379094839096
v -0.001480518956668675 0.006099640857428312 0.04719650000333786
v -0.002144515048712492 0.006099998019635677 0.047025080770254135
v -0.0029160380363464355 0.006099640857428312 0.04681181162595749
v -0.002210794948041439 0.006099640857428312 0.047034379094839096
v -0.002144515048712492 0.006099998019635677 0.047025080770254135
v -0.0007445079390890896 0.006099640857428312 0.04729348048567772
v -0.0004288909840397537 0.006099998019635677 0.04728918895125389
v -0.0014695520512759686 0.006099998019635677 0.04712897166609764
v -0.001480518956668675 0.006099640857428312 0.04719650000333786
v -0.0007445079390890896 0.006099640857428312 0.04729348048567772
v -0.0014695520512759686 0.006099998019635677 0.04712897166609764
v 0.001480518956668675 0.006099640857428312 0.04719650000333786
v 0.0029160380363464355 0.006099640857428312 0.04681181162595749
v 0.0014715789584442973 0.006099998019635677 0.04715383052825928
v 0.0012808439787477255 0.006099998019635677 0.0472029410302639
v 0.001480518956668675 0.006099640857428312 0.04719650000333786
v 0.0014715789584442973 0.006099998019635677 0.04715383052825928
v 0.0 0.006099640857428312 0.047326020896434784
v 0.001480518956668675 0.006099640857428312 0.04719650000333786
v 0.0012808439787477255 0.006099998019635677 0.0472029410302639
v -1.6331100596289616e-06 0.006099998019635677 0.0472676083445549
v 0.0 0.006099640857428312 0.047326020896434784
v 0.0012808439787477255 0.006099998019635677 0.0472029410302639
v -0.0004288909840397537 0.006099998019635677 0.04728918895125389
v 0.0 0.006099640857428312 0.047326020896434784
v -1.6331100596289616e-06 0.006099998019635677 0.0472676083445549
v -0.0007445079390890896 0.006099640857428312 0.04729348048567772
v 0.0 0.006099640857428312 0.047326020896434784
v -0.0004288909840397537 0.006099998019635677 0.04728918895125389
v -0.008842884562909603 0.006024658214300871 0.03880000114440918
v -0.008396506309509277 0.006099640857428312 0.04028052091598511
v -0.008526027202606201 0.006099640857428312 0.03880000114440918
v 0.008842884562909603 0.006024658214300871 0.03880000114440918
v 0.008846580050885677 0.006038010120391846 0.029848389327526093
v 0.008526027202606201 0.006099640857428312 0.03880000114440918
v 0.008396506309509277 0.006099640857428312 0.04028052091598511
v 0.008842884562909603 0.006024658214300871 0.03880000114440918
v 0.008526027202606201 0.006099640857428312 0.03880000114440918
v 0.008789122104644775 0.006005287170410156 0.04034971818327904
v 0.008842884562909603 0.006024658214300871 0.03880000114440918
v 0.008396506309509277 0.006099640857428312 0.04028052091598511
v 0.008011817000806332 0.006099640857428312 0.04171603173017502
v 0.008386491797864437 0.006005287170410156 0.04185241088271141
v 0.008396506309509277 0.006099640857428312 0.04028052091598511
v 0.008386491797864437 0.006005287170410156 0.04185241088271141
v 0.008789122104644775 0.006005287170410156 0.04034971818327904
v 0.008396506309509277 0.006099640857428312 0.04028052091598511
v -0.008842884562909603 0.006024658214300871 0.03880000114440918
v -0.008789122104644775 0.006005287170410156 0.04034971818327904
v -0.008396506309509277 0.006099640857428312 0.04028052091598511
v -0.008789122104644775 0.006005287170410156 0.04034971818327904
v -0.008011817000806332 0.006099640857428312 0.04171603173017502
v -0.008396506309509277 0.006099640857428312 0.04028052091598511
v 0.007729053031653166 0.006005287170410156 0.043262358754873276
v 0.008386491797864437 0.006005287170410156 0.04185241088271141
v 0.008011817000806332 0.006099640857428312 0.04171603173017502
v 0.007383762858808041 0.006099640857428312 0.043062981218099594
v 0.007729053031653166 0.006005287170410156 0.043262358754873276
v 0.008011817000806332 0.006099640857428312 0.04171603173017502
v -0.008789122104644775 0.006005287170410156 0.04034971818327904
v -0.008386491797864437 0.006005287170410156 0.04185241088271141
v -0.008011817000806332 0.006099640857428312 0.04171603173017502
v -0.008386491797864437 0.006005287170410156 0.04185241088271141
v -0.007735908031463623 0.006099640857428312 0.04238443821668625
v -0.008011817000806332 0.006099640857428312 0.04171603173017502
v -0.008386491797864437 0.006005287170410156 0.04185241088271141
v -0.007383762858808041 0.006099640857428312 0.043062981218099594
v -0.007735908031463623 0.006099640857428312 0.04238443821668625
v 0.006836711894720793 0.006005287170410156 0.04453669860959053
v 0.007729053031653166 0.006005287170410156 0.043262358754873276
v 0.007383762858808041 0.006099640857428312 0.043062981218099594
v 0.0065312981605529785 0.006099640857428312 0.04428039863705635
v 0.006836711894720793 0.006005287170410156 0.04453669860959053
v 0.007383762858808041 0.006099640857428312 0.043062981218099594
v -0.007729053031653166 0.006005287170410156 0.043262358754873276
v -0.0065312981605529785 0.006099640857428312 0.04428039863705635
v -0.007383762858808041 0.006099640857428312 0.043062981218099594
v -0.008386491797864437 0.006005287170410156 0.04185241088271141
v -0.007729053031653166 0.006005287170410156 0.043262358754873276
v -0.007383762858808041 0.006099640857428312 0.043062981218099594
v 0.006038308143615723 0.006099640857428312 0.044819291681051254
v 0.006836711894720793 0.006005287170410156 0.04453669860959053
v 0.0065312981605529785 0.006099640857428312 0.04428039863705635
v -0.006836711894720793 0.006005287170410156 0.04453669860959053
v -0.005480408202856779 0.006099640857428312 0.04533129185438156
v -0.0065312981605529785 0.006099640857428312 0.04428039863705635
v -0.007729053031653166 0.006005287170410156 0.043262358754873276
v -0.006836711894720793 0.006005287170410156 0.04453669860959053
v -0.0065312981605529785 0.006099640857428312 0.04428039863705635
v 0.005736708175390959 0.006005287170410156 0.04563676938414574
v 0.006836711894720793 0.006005287170410156 0.04453669860959053
v 0.006038308143615723 0.006099640857428312 0.044819291681051254
v 0.005480408202856779 0.006099640857428312 0.04533129185438156
v 0.005736708175390959 0.006005287170410156 0.04563676938414574
v 0.006038308143615723 0.006099640857428312 0.044819291681051254
v 0.004462360870093107 0.006005287170410156 0.046529050916433334
v 0.005736708175390959 0.006005287170410156 0.04563676938414574
v 0.005480408202856779 0.006099640857428312 0.04533129185438156
v 0.004262982867658138 0.006099640857428312 0.046183761209249496
v 0.004462360870093107 0.006005287170410156 0.046529050916433334
v 0.005480408202856779 0.006099640857428312 0.04533129185438156
v -0.005736708175390959 0.006005287170410156 0.04563676938414574
v -0.004262982867658138 0.006099640857428312 0.046183761209249496
v -0.005480408202856779 0.006099640857428312 0.04533129185438156
v -0.006836711894720793 0.006005287170410156 0.04453669860959053
v -0.005736708175390959 0.006005287170410156 0.04563676938414574
v -0.005480408202856779 0.006099640857428312 0.04533129185438156
v 0.003052412997931242 0.006005287170410156 0.04718649014830589
v 0.004462360870093107 0.006005287170410156 0.046529050916433334
v 0.004262982867658138 0.006099640857428312 0.046183761209249496
v 0.0029160380363464355 0.006099640857428312 0.04681181162595749
v 0.003052412997931242 0.006005287170410156 0.04718649014830589
v 0.004262982867658138 0.006099640857428312 0.046183761209249496
v -0.004462360870093107 0.006005287170410156 0.046529050916433334
v -0.0036097760312259197 0.006099640857428312 0.046524159610271454
v -0.004262982867658138 0.006099640857428312 0.046183761209249496
v -0.005736708175390959 0.006005287170410156 0.04563676938414574
v -0.004462360870093107 0.006005287170410156 0.046529050916433334
v -0.004262982867658138 0.006099640857428312 0.046183761209249496
v -0.004462360870093107 0.006005287170410156 0.046529050916433334
v -0.0029160380363464355 0.006099640857428312 0.04681181162595749
v -0.0036097760312259197 0.006099640857428312 0.046524159610271454
v 0.0015497199492529035 0.006005287170410156 0.04758917912840843
v 0.003052412997931242 0.006005287170410156 0.04718649014830589
v 0.0029160380363464355 0.006099640857428312 0.04681181162595749
v 0.001480518956668675 0.006099640857428312 0.04719650000333786
v 0.0015497199492529035 0.006005287170410156 0.04758917912840843
v 0.0029160380363464355 0.006099640857428312 0.04681181162595749
v -0.003052412997931242 0.006005287170410156 0.04718649014830589
v -0.002210794948041439 0.006099640857428312 0.047034379094839096
v -0.0029160380363464355 0.006099640857428312 0.04681181162595749
v -0.004462360870093107 0.006005287170410156 0.046529050916433334
v -0.003052412997931242 0.006005287170410156 0.04718649014830589
v -0.0029160380363464355 0.006099640857428312 0.04681181162595749
v -0.003052412997931242 0.006005287170410156 0.04718649014830589
v -0.001480518956668675 0.006099640857428312 0.04719650000333786
v -0.002210794948041439 0.006099640857428312 0.047034379094839096
v 0.0 0.006005287170410156 0.04772472009062767
v 0.0015497199492529035 0.006005287170410156 0.04758917912840843
v 0.001480518956668675 0.006099640857428312 0.04719650000333786
v 0.0 0.006099640857428312 0.047326020896434784
v 0.0 0.006005287170410156 0.04772472009062767
v 0.001480518956668675 0.006099640857428312 0.04719650000333786
v -0.0015497199492529035 0.006005287170410156 0.04758917912840843
v -0.0007445079390890896 0.006099640857428312 0.04729348048567772
v -0.001480518956668675 0.006099640857428312 0.04719650000333786
v -0.003052412997931242 0.006005287170410156 0.04718649014830589
v -0.0015497199492529035 0.006005287170410156 0.04758917912840843
v -0.001480518956668675 0.006099640857428312 0.04719650000333786
v -0.0015497199492529035 0.006005287170410156 0.04758917912840843
v 0.0 0.006099640857428312 0.047326020896434784
v -0.0007445079390890896 0.006099640857428312 0.04729348048567772
v -0.0015497199492529035 0.006005287170410156 0.04758917912840843
v 0.0 0.006005287170410156 0.04772472009062767
v 0.0 0.006099640857428312 0.047326020896434784
v -0.008838771842420101 0.006028354167938232 0.029851550236344337
v -0.008842884562909603 0.006024658214300871 0.03880000114440918
v -0.008608818054199219 0.006094216834753752 0.030327079817652702
v -0.008628368377685547 0.005953310988843441 0.010008269920945168
v -0.008794248104095459 -0.006044328212738037 0.010044209659099579
v -0.008841454051434994 0.006085394881665707 0.010076159611344337
v -0.008794248104095459 -0.006044328212738037 0.010044209659099579
v -0.008842289447784424 -0.00608092499896884 0.01006930973380804
v -0.008841454051434994 0.006085394881665707 0.010076159611344337
v 0.008794248104095459 0.006044328212738037 0.010044209659099579
v 0.008415400050580502 0.005863904021680355 0.010999970138072968
v 0.008842289447784424 0.00608092499896884 0.01006930973380804
v 0.008844374679028988 -0.006081342231482267 0.010068830102682114
v 0.008794248104095459 0.006044328212738037 0.010044209659099579
v 0.008842289447784424 0.00608092499896884 0.01006930973380804
v 0.008891998790204525 -0.006108105182647705 0.01008003018796444
v 0.008844374679028988 -0.006081342231482267 0.010068830102682114
v 0.008842289447784424 0.00608092499896884 0.01006930973380804
v 0.00849997904151678 0.005895912181586027 0.009999990463256836
v 0.008415400050580502 0.005863904021680355 0.010999970138072968
v 0.008794248104095459 0.006044328212738037 0.010044209659099579
v 0.00855779554694891 -0.00592041015625 0.0100016500800848
v 0.00849997904151678 0.005895912181586027 0.009999990463256836
v 0.008794248104095459 0.006044328212738037 0.010044209659099579
v 0.008844374679028988 -0.006081342231482267 0.010068830102682114
v 0.00855779554694891 -0.00592041015625 0.0100016500800848
v 0.008794248104095459 0.006044328212738037 0.010044209659099579
v 0.008842884562909603 0.006024658214300871 0.03880000114440918
v 0.008848427794873714 0.006037652026861906 0.029844820499420166
v 0.008846580050885677 0.006038010120391846 0.029848389327526093
v 0.009196101687848568 0.005793094169348478 0.03880000114440918
v 0.009152889251708984 0.0058574671857059 0.02910953015089035
v 0.008848427794873714 0.006037652026861906 0.029844820499420166
v 0.008842884562909603 0.006024658214300871 0.03880000114440918
v 0.008924721740186214 0.006005287170410156 0.03880000114440918
v 0.008848427794873714 0.006037652026861906 0.029844820499420166
v 0.008924721740186214 0.006005287170410156 0.03880000114440918
v 0.009196101687848568 0.005793094169348478 0.03880000114440918
v 0.008848427794873714 0.006037652026861906 0.029844820499420166
v -0.008842766284942627 0.006027221214026213 0.02984333038330078
v -0.008842884562909603 0.006024658214300871 0.03880000114440918
v -0.008838771842420101 0.006028354167938232 0.029851550236344337
v -0.008924721740186214 0.006005287170410156 0.03880000114440918
v -0.008842884562909603 0.006024658214300871 0.03880000114440918
v -0.008842766284942627 0.006027221214026213 0.02984333038330078
v -0.008933842182159424 0.006001113913953304 0.0296549703925848
v -0.008924721740186214 0.006005287170410156 0.03880000114440918
v -0.008842766284942627 0.006027221214026213 0.02984333038330078
v -0.008924721740186214 0.006005287170410156 0.03880000114440918
v -0.008789122104644775 0.006005287170410156 0.04034971818327904
v -0.008842884562909603 0.006024658214300871 0.03880000114440918
v 0.008789122104644775 0.006005287170410156 0.04034971818327904
v 0.008924721740186214 0.006005287170410156 0.03880000114440918
v 0.008842884562909603 0.006024658214300871 0.03880000114440918
v -0.008933842182159424 0.006001113913953304 0.0296549703925848
v -0.009196101687848568 0.005793094169348478 0.03880000114440918
v -0.008924721740186214 0.006005287170410156 0.03880000114440918
v -0.009196101687848568 0.005793094169348478 0.03880000114440918
v -0.008789122104644775 0.006005287170410156 0.04034971818327904
v -0.008924721740186214 0.006005287170410156 0.03880000114440918
v 0.008789122104644775 0.006005287170410156 0.04034971818327904
v 0.009196101687848568 0.005793094169348478 0.03880000114440918
v 0.008924721740186214 0.006005287170410156 0.03880000114440918
v 0.009135185740888119 0.005730508826673031 0.04041074961423874
v 0.009196101687848568 0.005793094169348478 0.03880000114440918
v 0.008789122104644775 0.006005287170410156 0.04034971818327904
v 0.008386491797864437 0.006005287170410156 0.04185241088271141
v 0.008716702461242676 0.005730508826673031 0.0419725701212883
v 0.008789122104644775 0.006005287170410156 0.04034971818327904
v 0.008716702461242676 0.005730508826673031 0.0419725701212883
v 0.009135185740888119 0.005730508826673031 0.04041074961423874
v 0.008789122104644775 0.006005287170410156 0.04034971818327904
v -0.009196101687848568 0.005793094169348478 0.03880000114440918
v -0.009135185740888119 0.005730508826673031 0.04041074961423874
v -0.008789122104644775 0.006005287170410156 0.04034971818327904
v -0.009135185740888119 0.005730508826673031 0.04041074961423874
v -0.008386491797864437 0.006005287170410156 0.04185241088271141
v -0.008789122104644775 0.006005287170410156 0.04034971818327904
v 0.007729053031653166 0.006005287170410156 0.043262358754873276
v 0.008033335208892822 0.005730508826673031 0.04343800991773605
v 0.008386491797864437 0.006005287170410156 0.04185241088271141
v 0.008033335208892822 0.005730508826673031 0.04343800991773605
v 0.008716702461242676 0.005730508826673031 0.0419725701212883
v 0.008386491797864437 0.006005287170410156 0.04185241088271141
v -0.009135185740888119 0.005730508826673031 0.04041074961423874
v -0.008716702461242676 0.005730508826673031 0.0419725701212883
v -0.008386491797864437 0.006005287170410156 0.04185241088271141
v -0.008716702461242676 0.005730508826673031 0.0419725701212883
v -0.007729053031653166 0.006005287170410156 0.043262358754873276
v -0.008386491797864437 0.006005287170410156 0.04185241088271141
v 0.0071058860048651695 0.005730508826673031 0.04476255178451538
v 0.008033335208892822 0.005730508826673031 0.04343800991773605
v 0.007729053031653166 0.006005287170410156 0.043262358754873276
v 0.006836711894720793 0.006005287170410156 0.04453669860959053
v 0.0071058860048651695 0.005730508826673031 0.04476255178451538
v 0.007729053031653166 0.006005287170410156 0.043262358754873276
v -0.008716702461242676 0.005730508826673031 0.0419725701212883
v -0.008033335208892822 0.005730508826673031 0.04343800991773605
v -0.007729053031653166 0.006005287170410156 0.043262358754873276
v -0.008033335208892822 0.005730508826673031 0.04343800991773605
v -0.006836711894720793 0.006005287170410156 0.04453669860959053
v -0.007729053031653166 0.006005287170410156 0.043262358754873276
v 0.005736708175390959 0.006005287170410156 0.04563676938414574
v 0.005962550174444914 0.005730508826673031 0.04590588063001633
v 0.006836711894720793 0.006005287170410156 0.04453669860959053
v 0.005962550174444914 0.005730508826673031 0.04590588063001633
v 0.0071058860048651695 0.005730508826673031 0.04476255178451538
v 0.006836711894720793 0.006005287170410156 0.04453669860959053
v -0.008033335208892822 0.005730508826673031 0.04343800991773605
v -0.0071058860048651695 0.005730508826673031 0.04476255178451538
v -0.006836711894720793 0.006005287170410156 0.04453669860959053
v -0.0071058860048651695 0.005730508826673031 0.04476255178451538
v -0.005736708175390959 0.006005287170410156 0.04563676938414574
v -0.006836711894720793 0.006005287170410156 0.04453669860959053
v 0.004462360870093107 0.006005287170410156 0.046529050916433334
v 0.004638016223907471 0.005730508826673031 0.046833328902721405
v 0.005736708175390959 0.006005287170410156 0.04563676938414574
v 0.004638016223907471 0.005730508826673031 0.046833328902721405
v 0.005962550174444914 0.005730508826673031 0.04590588063001633
v 0.005736708175390959 0.006005287170410156 0.04563676938414574
v -0.0071058860048651695 0.005730508826673031 0.04476255178451538
v -0.005962550174444914 0.005730508826673031 0.04590588063001633
v -0.005736708175390959 0.006005287170410156 0.04563676938414574
v -0.005962550174444914 0.005730508826673031 0.04590588063001633
v -0.004462360870093107 0.006005287170410156 0.046529050916433334
v -0.005736708175390959 0.006005287170410156 0.04563676938414574
v 0.003052412997931242 0.006005287170410156 0.04718649014830589
v 0.0031725759617984295 0.005730508826673031 0.04751669988036156
v 0.004462360870093107 0.006005287170410156 0.046529050916433334
v 0.0031725759617984295 0.005730508826673031 0.04751669988036156
v 0.004638016223907471 0.005730508826673031 0.046833328902721405
v 0.004462360870093107 0.006005287170410156 0.046529050916433334
v -0.004638016223907471 0.005730508826673031 0.046833328902721405
v -0.003052412997931242 0.006005287170410156 0.04718649014830589
v -0.004462360870093107 0.006005287170410156 0.046529050916433334
v -0.005962550174444914 0.005730508826673031 0.04590588063001633
v -0.004638016223907471 0.005730508826673031 0.046833328902721405
v -0.004462360870093107 0.006005287170410156 0.046529050916433334
v 0.0015497199492529035 0.006005287170410156 0.04758917912840843
v 0.0016107549890875816 0.005730508826673031 0.047935180366039276
v 0.003052412997931242 0.006005287170410156 0.04718649014830589
v 0.0016107549890875816 0.005730508826673031 0.047935180366039276
v 0.0031725759617984295 0.005730508826673031 0.04751669988036156
v 0.003052412997931242 0.006005287170410156 0.04718649014830589
v -0.004638016223907471 0.005730508826673031 0.046833328902721405
v -0.0031725759617984295 0.005730508826673031 0.04751669988036156
v -0.003052412997931242 0.006005287170410156 0.04718649014830589
v -0.0031725759617984295 0.005730508826673031 0.04751669988036156
v -0.0015497199492529035 0.006005287170410156 0.04758917912840843
v -0.003052412997931242 0.006005287170410156 0.04718649014830589
v 0.0 0.006005287170410156 0.04772472009062767
v 0.0 0.005730508826673031 0.0480760894715786
v 0.0015497199492529035 0.006005287170410156 0.04758917912840843
v 0.0 0.005730508826673031 0.0480760894715786
v 0.0016107549890875816 0.005730508826673031 0.047935180366039276
v 0.0015497199492529035 0.006005287170410156 0.04758917912840843
v -0.0016107549890875816 0.005730508826673031 0.047935180366039276
v 0.0 0.006005287170410156 0.04772472009062767
v -0.0015497199492529035 0.006005287170410156 0.04758917912840843
v -0.0031725759617984295 0.005730508826673031 0.04751669988036156
v -0.0016107549890875816 0.005730508826673031 0.047935180366039276
v -0.0015497199492529035 0.006005287170410156 0.04758917912840843
v -0.0016107549890875816 0.005730508826673031 0.047935180366039276
v 0.0 0.005730508826673031 0.0480760894715786
v 0.0 0.006005287170410156 0.04772472009062767
v -0.009195089340209961 0.0058189029805362225 0.028992289677262306
v -0.009196101687848568 0.005793094169348478 0.03880000114440918
v -0.008933842182159424 0.006001113913953304 0.0296549703925848
v -0.00849997904151678 0.005895912181586027 0.009999990463256836
v -0.00849997904151678 -0.005895912181586027 0.009999990463256836
v -0.008628368377685547 0.005953310988843441 0.010008269920945168
v -0.00849997904151678 -0.005895912181586027 0.009999990463256836
v -0.008794248104095459 -0.006044328212738037 0.010044209659099579
v -0.008628368377685547 0.005953310988843441 0.010008269920945168
v 0.008415400050580502 0.005863904021680355 0.009999990463256836
v 0.008415400050580502 0.005863904021680355 0.010999970138072968
v 0.00849997904151678 0.005895912181586027 0.009999990463256836
v 0.00855779554694891 -0.00592041015625 0.0100016500800848
v 0.00849997904151678 -0.005895912181586027 0.009999990463256836
v 0.00849997904151678 0.005895912181586027 0.009999990463256836
v 0.00849997904151678 -0.005895912181586027 0.009999990463256836
v 0.008415400050580502 0.005863904021680355 0.009999990463256836
v 0.00849997904151678 0.005895912181586027 0.009999990463256836
v -0.008011162281036377 0.005767107009887695 0.010299979709088802
v -0.008011162281036377 0.005767107009887695 0.009999990463256836
v -0.00849997904151678 0.005895912181586027 0.009999990463256836
v -0.008011162281036377 0.005767107009887695 0.009999990463256836
v -0.00849997904151678 -0.005895912181586027 0.009999990463256836
v -0.00849997904151678 0.005895912181586027 0.009999990463256836
v -0.008011162281036377 0.005767107009887695 0.010299979709088802
v -0.007067441008985043 0.005870044231414795 0.010299979709088802
v -0.007067441008985043 0.005870044231414795 0.009999990463256836
v -0.008011162281036377 0.005767107009887695 0.009999990463256836
v -0.008011162281036377 0.005767107009887695 0.010299979709088802
v -0.007067441008985043 0.005870044231414795 0.009999990463256836
v -0.007421373855322599 -0.005777120124548674 0.009999990463256836
v -0.008011162281036377 0.005767107009887695 0.009999990463256836
v -0.007067441008985043 0.005870044231414795 0.009999990463256836
v 0.007421373855322599 0.005777120124548674 0.010999970138072968
v 0.008415400050580502 0.005863904021680355 0.010999970138072968
v 0.008415400050580502 0.005863904021680355 0.009999990463256836
v 0.007421373855322599 0.005777120124548674 0.009999990463256836
v 0.007421373855322599 0.005777120124548674 0.010999970138072968
v 0.008415400050580502 0.005863904021680355 0.009999990463256836
v 0.008415400050580502 -0.005863904021680355 0.009999990463256836
v 0.007421373855322599 0.005777120124548674 0.009999990463256836
v 0.008415400050580502 0.005863904021680355 0.009999990463256836
v 0.00849997904151678 -0.005895912181586027 0.009999990463256836
v 0.008415400050580502 -0.005863904021680355 0.009999990463256836
v 0.008415400050580502 0.005863904021680355 0.009999990463256836
v 0.009196101687848568 0.005793094169348478 0.03880000114440918
v 0.009200035594403744 0.005801199935376644 0.02896624058485031
v 0.009152889251708984 0.0058574671857059 0.02910953015089035
v -0.009204982779920101 0.005805552005767822 0.028960879892110825
v -0.009196101687848568 0.005793094169348478 0.03880000114440918
v -0.009195089340209961 0.0058189029805362225 0.028992289677262306
v -0.009276092052459717 0.005730508826673031 0.03880000114440918
v -0.009196101687848568 0.005793094169348478 0.03880000114440918
v -0.009204982779920101 0.005805552005767822 0.028960879892110825
v -0.009421825408935547 0.005437910091131926 0.03880000114440918
v -0.009276092052459717 0.005730508826673031 0.03880000114440918
v -0.009204982779920101 0.005805552005767822 0.028960879892110825
v -0.009388864040374756 0.005558073054999113 0.02837890014052391
v -0.009421825408935547 0.005437910091131926 0.03880000114440918
v -0.009204982779920101 0.005805552005767822 0.028960879892110825
v 0.009196101687848568 0.005793094169348478 0.03880000114440918
v 0.009360194206237793 0.005609989166259766 0.028479209169745445
v 0.009200035594403744 0.005801199935376644 0.02896624058485031
v -0.009276092052459717 0.005730508826673031 0.03880000114440918
v -0.009135185740888119 0.005730508826673031 0.04041074961423874
v -0.009196101687848568 0.005793094169348478 0.03880000114440918
v 0.009276092052459717 0.005730508826673031 0.03880000114440918
v 0.009435533545911312 0.005453168880194426 0.02818845957517624
v 0.009196101687848568 0.005793094169348478 0.03880000114440918
v 0.009435533545911312 0.005453168880194426 0.02818845957517624
v 0.009388864040374756 0.005558073054999113 0.02837890014052391
v 0.009196101687848568 0.005793094169348478 0.03880000114440918
v 0.009388864040374756 0.005558073054999113 0.02837890014052391
v 0.009360194206237793 0.005609989166259766 0.028479209169745445
v 0.009196101687848568 0.005793094169348478 0.03880000114440918
v 0.009135185740888119 0.005730508826673031 0.04041074961423874
v 0.009276092052459717 0.005730508826673031 0.03880000114440918
v 0.009196101687848568 0.005793094169348478 0.03880000114440918
v 0.008415400050580502 -0.005863904021680355 0.009999990463256836
v 0.007421373855322599 -0.005777120124548674 0.009999990463256836
v 0.007421373855322599 0.005777120124548674 0.009999990463256836
v -0.007421373855322599 -0.005777120124548674 0.009999990463256836
v -0.008415400050580502 -0.005863904021680355 0.009999990463256836
v -0.008011162281036377 0.005767107009887695 0.009999990463256836
v -0.008415400050580502 -0.005863904021680355 0.009999990463256836
v -0.00849997904151678 -0.005895912181586027 0.009999990463256836
v -0.008011162281036377 0.005767107009887695 0.009999990463256836
v -0.009421825408935547 0.005437910091131926 0.03880000114440918
v -0.009135185740888119 0.005730508826673031 0.04041074961423874
v -0.009276092052459717 0.005730508826673031 0.03880000114440918
v 0.00943684484809637 0.005445777904242277 0.028175590559840202
v 0.009435533545911312 0.005453168880194426 0.02818845957517624
v 0.009276092052459717 0.005730508826673031 0.03880000114440918
v 0.009421825408935547 0.005437910091131926 0.03880000114440918
v 0.00943684484809637 0.005445777904242277 0.028175590559840202
v 0.009276092052459717 0.005730508826673031 0.03880000114440918
v 0.009135185740888119 0.005730508826673031 0.04041074961423874
v 0.009421825408935547 0.005437910091131926 0.03880000114440918
v 0.009276092052459717 0.005730508826673031 0.03880000114440918
v 0.009327054023742676 0.0053393240086734295 0.04044460877776146
v 0.009421825408935547 0.005437910091131926 0.03880000114440918
v 0.009135185740888119 0.005730508826673031 0.04041074961423874
v 0.008716702461242676 0.005730508826673031 0.0419725701212883
v 0.0088997483253479 0.0053393240086734295 0.042039211839437485
v 0.009135185740888119 0.005730508826673031 0.04041074961423874
v 0.0088997483253479 0.0053393240086734295 0.042039211839437485
v 0.009327054023742676 0.0053393240086734295 0.04044460877776146
v 0.009135185740888119 0.005730508826673031 0.04041074961423874
v -0.009421825408935547 0.005437910091131926 0.03880000114440918
v -0.009327054023742676 0.0053393240086734295 0.04044460877776146
v -0.009135185740888119 0.005730508826673031 0.04041074961423874
v -0.009327054023742676 0.0053393240086734295 0.04044460877776146
v -0.008716702461242676 0.005730508826673031 0.0419725701212883
v -0.009135185740888119 0.005730508826673031 0.04041074961423874
v 0.008033335208892822 0.005730508826673031 0.04343800991773605
v 0.008202016353607178 0.0053393240086734295 0.043535470962524414
v 0.008716702461242676 0.005730508826673031 0.0419725701212883
v 0.008202016353607178 0.0053393240086734295 0.043535470962524414
v 0.0088997483253479 0.0053393240086734295 0.042039211839437485
v 0.008716702461242676 0.005730508826673031 0.0419725701212883
v -0.009327054023742676 0.0053393240086734295 0.04044460877776146
v -0.0088997483253479 0.0053393240086734295 0.042039211839437485
v -0.008716702461242676 0.005730508826673031 0.0419725701212883
v -0.0088997483253479 0.0053393240086734295 0.042039211839437485
v -0.008033335208892822 0.005730508826673031 0.04343800991773605
v -0.008716702461242676 0.005730508826673031 0.0419725701212883
v 0.0071058860048651695 0.005730508826673031 0.04476255178451538
v 0.007255136035382748 0.0053393240086734295 0.04488778114318848
v 0.008033335208892822 0.005730508826673031 0.04343800991773605
v 0.007255136035382748 0.0053393240086734295 0.04488778114318848
v 0.008202016353607178 0.0053393240086734295 0.043535470962524414
v 0.008033335208892822 0.005730508826673031 0.04343800991773605
v -0.0088997483253479 0.0053393240086734295 0.042039211839437485
v -0.008202016353607178 0.0053393240086734295 0.043535470962524414
v -0.008033335208892822 0.005730508826673031 0.04343800991773605
v -0.008202016353607178 0.0053393240086734295 0.043535470962524414
v -0.0071058860048651695 0.005730508826673031 0.04476255178451538
v -0.008033335208892822 0.005730508826673031 0.04343800991773605
v 0.006087779067456722 0.0053393240086734295 0.046055130660533905
v 0.007255136035382748 0.0053393240086734295 0.04488778114318848
v 0.0071058860048651695 0.005730508826673031 0.04476255178451538
v 0.005962550174444914 0.005730508826673031 0.04590588063001633
v 0.006087779067456722 0.0053393240086734295 0.046055130660533905
v 0.0071058860048651695 0.005730508826673031 0.04476255178451538
v -0.008202016353607178 0.0053393240086734295 0.043535470962524414
v -0.007255136035382748 0.0053393240086734295 0.04488778114318848
v -0.0071058860048651695 0.005730508826673031 0.04476255178451538
v -0.007255136035382748 0.0053393240086734295 0.04488778114318848
v -0.005962550174444914 0.005730508826673031 0.04590588063001633
v -0.0071058860048651695 0.005730508826673031 0.04476255178451538
v 0.004638016223907471 0.005730508826673031 0.046833328902721405
v 0.00473546888679266 0.0053393240086734295 0.047002069652080536
v 0.005962550174444914 0.005730508826673031 0.04590588063001633
v 0.00473546888679266 0.0053393240086734295 0.047002069652080536
v 0.006087779067456722 0.0053393240086734295 0.046055130660533905
v 0.005962550174444914 0.005730508826673031 0.04590588063001633
v -0.006087779067456722 0.0053393240086734295 0.046055130660533905
v -0.004638016223907471 0.005730508826673031 0.046833328902721405
v -0.005962550174444914 0.005730508826673031 0.04590588063001633
v -0.007255136035382748 0.0053393240086734295 0.04488778114318848
v -0.006087779067456722 0.0053393240086734295 0.046055130660533905
v -0.005962550174444914 0.005730508826673031 0.04590588063001633
v 0.0031725759617984295 0.005730508826673031 0.04751669988036156
v 0.003239213954657316 0.0053393240086734295 0.047699738293886185
v 0.004638016223907471 0.005730508826673031 0.046833328902721405
v 0.003239213954657316 0.0053393240086734295 0.047699738293886185
v 0.00473546888679266 0.0053393240086734295 0.047002069652080536
v 0.004638016223907471 0.005730508826673031 0.046833328902721405
v -0.006087779067456722 0.0053393240086734295 0.046055130660533905
v -0.00473546888679266 0.0053393240086734295 0.047002069652080536
v -0.004638016223907471 0.005730508826673031 0.046833328902721405
v -0.00473546888679266 0.0053393240086734295 0.047002069652080536
v -0.0031725759617984295 0.005730508826673031 0.04751669988036156
v -0.004638016223907471 0.005730508826673031 0.046833328902721405
v 0.0016107549890875816 0.005730508826673031 0.047935180366039276
v 0.0016446110093966126 0.0053393240086734295 0.04812705144286156
v 0.0031725759617984295 0.005730508826673031 0.04751669988036156
v 0.0016446110093966126 0.0053393240086734295 0.04812705144286156
v 0.003239213954657316 0.0053393240086734295 0.047699738293886185
v 0.0031725759617984295 0.005730508826673031 0.04751669988036156
v -0.00473546888679266 0.0053393240086734295 0.047002069652080536
v -0.003239213954657316 0.0053393240086734295 0.047699738293886185
v -0.0031725759617984295 0.005730508826673031 0.04751669988036156
v -0.003239213954657316 0.0053393240086734295 0.047699738293886185
v -0.0016107549890875816 0.005730508826673031 0.047935180366039276
v -0.0031725759617984295 0.005730508826673031 0.04751669988036156
v 0.0 0.005730508826673031 0.0480760894715786
v 0.0 0.0053393240086734295 0.04827094078063965
v 0.0016107549890875816 0.005730508826673031 0.047935180366039276
v 0.0 0.0053393240086734295 0.04827094078063965
v 0.0016446110093966126 0.0053393240086734295 0.04812705144286156
v 0.0016107549890875816 0.005730508826673031 0.047935180366039276
v -0.0016446110093966126 0.0053393240086734295 0.04812705144286156
v 0.0 0.005730508826673031 0.0480760894715786
v -0.0016107549890875816 0.005730508826673031 0.047935180366039276
v -0.003239213954657316 0.0053393240086734295 0.047699738293886185
v -0.0016446110093966126 0.0053393240086734295 0.04812705144286156
v -0.0016107549890875816 0.005730508826673031 0.047935180366039276
v -0.0016446110093966126 0.0053393240086734295 0.04812705144286156
v 0.0 0.0053393240086734295 0.04827094078063965
v 0.0 0.005730508826673031 0.0480760894715786
v -0.00942599680274725 0.0054420228116214275 0.028172189369797707
v -0.009421825408935547 0.005437910091131926 0.03880000114440918
v -0.009388864040374756 0.005558073054999113 0.02837890014052391
v 0.009470938704907894 0.0053393240086734295 0.03880000114440918
v 0.009499967098236084 0.005099952220916748 0.027569999918341637
v 0.00943684484809637 0.005445777904242277 0.028175590559840202
v 0.009421825408935547 0.005437910091131926 0.03880000114440918
v 0.009470938704907894 0.0053393240086734295 0.03880000114440918
v 0.00943684484809637 0.005445777904242277 0.028175590559840202
v -0.009489654563367367 0.005243300925940275 0.02781819924712181
v -0.009470938704907894 0.0053393240086734295 0.03880000114440918
v -0.00942599680274725 0.0054420228116214275 0.028172189369797707
v -0.009470938704907894 0.0053393240086734295 0.03880000114440918
v -0.009421825408935547 0.005437910091131926 0.03880000114440918
v -0.00942599680274725 0.0054420228116214275 0.028172189369797707
v -0.009470938704907894 0.0053393240086734295 0.03880000114440918
v -0.009327054023742676 0.0053393240086734295 0.04044460877776146
v -0.009421825408935547 0.005437910091131926 0.03880000114440918
v 0.009327054023742676 0.0053393240086734295 0.04044460877776146
v 0.009470938704907894 0.0053393240086734295 0.03880000114440918
v 0.009421825408935547 0.005437910091131926 0.03880000114440918
v -0.009489654563367367 0.005243300925940275 0.02781819924712181
v -0.009499967098236084 0.005099952220916748 0.03880000114440918
v -0.009470938704907894 0.0053393240086734295 0.03880000114440918
v -0.009499967098236084 0.005099952220916748 0.03880000114440918
v -0.009327054023742676 0.0053393240086734295 0.04044460877776146
v -0.009470938704907894 0.0053393240086734295 0.03880000114440918
v 0.009499967098236084 0.005099952220916748 0.03880000114440918
v 0.009499967098236084 0.005099952220916748 0.027569999918341637
v 0.009470938704907894 0.0053393240086734295 0.03880000114440918
v 0.009355664253234863 0.005099952220916748 0.040449611842632294
v 0.009499967098236084 0.005099952220916748 0.03880000114440918
v 0.009470938704907894 0.0053393240086734295 0.03880000114440918
v 0.009327054023742676 0.0053393240086734295 0.04044460877776146
v 0.009355664253234863 0.005099952220916748 0.040449611842632294
v 0.009470938704907894 0.0053393240086734295 0.03880000114440918
v 0.009190857410430908 0.005099952220916748 0.04106462001800537
v 0.009355664253234863 0.005099952220916748 0.040449611842632294
v 0.009327054023742676 0.0053393240086734295 0.04044460877776146
v 0.0088997483253479 0.0053393240086734295 0.042039211839437485
v 0.00892704725265503 0.005099952220916748 0.04204915836453438
v 0.009327054023742676 0.0053393240086734295 0.04044460877776146
v 0.00892704725265503 0.005099952220916748 0.04204915836453438
v 0.009190857410430908 0.005099952220916748 0.04106462001800537
v 0.009327054023742676 0.0053393240086734295 0.04044460877776146
v -0.009499967098236084 0.005099952220916748 0.03880000114440918
v -0.009355664253234863 0.005099952220916748 0.040449611842632294
v -0.009327054023742676 0.0053393240086734295 0.04044460877776146
v -0.009355664253234863 0.005099952220916748 0.040449611842632294
v -0.009190857410430908 0.005099952220916748 0.04106462001800537
v -0.009327054023742676 0.0053393240086734295 0.04044460877776146
v -0.009190857410430908 0.005099952220916748 0.04106462001800537
v -0.0088997483253479 0.0053393240086734295 0.042039211839437485
v -0.009327054023742676 0.0053393240086734295 0.04044460877776146
v 0.008202016353607178 0.0053393240086734295 0.043535470962524414
v 0.008388519287109375 0.005099952220916748 0.04320399835705757
v 0.0088997483253479 0.0053393240086734295 0.042039211839437485
v 0.008388519287109375 0.005099952220916748 0.04320399835705757
v 0.00892704725265503 0.005099952220916748 0.04204915836453438
v 0.0088997483253479 0.0053393240086734295 0.042039211839437485
v -0.009190857410430908 0.005099952220916748 0.04106462001800537
v -0.00892704725265503 0.005099952220916748 0.04204915836453438
v -0.0088997483253479 0.0053393240086734295 0.042039211839437485
v -0.00892704725265503 0.005099952220916748 0.04204915836453438
v -0.008202016353607178 0.0053393240086734295 0.043535470962524414
v -0.0088997483253479 0.0053393240086734295 0.042039211839437485
v 0.008227229118347168 0.005099952220916748 0.043549951165914536
v 0.008388519287109375 0.005099952220916748 0.04320399835705757
v 0.008202016353607178 0.0053393240086734295 0.043535470962524414
v 0.007255136035382748 0.0053393240086734295 0.04488778114318848
v 0.007277369033545256 0.005099952220916748 0.04490642994642258
v 0.008202016353607178 0.0053393240086734295 0.043535470962524414
v 0.007277369033545256 0.005099952220916748 0.04490642994642258
v 0.008227229118347168 0.005099952220916748 0.043549951165914536
v 0.008202016353607178 0.0053393240086734295 0.043535470962524414
v -0.008227229118347168 0.005099952220916748 0.043549951165914536
v -0.007255136035382748 0.0053393240086734295 0.04488778114318848
v -0.008202016353607178 0.0053393240086734295 0.043535470962524414
v -0.00892704725265503 0.005099952220916748 0.04204915836453438
v -0.008388519287109375 0.005099952220916748 0.04320399835705757
v -0.008202016353607178 0.0053393240086734295 0.043535470962524414
v -0.008388519287109375 0.005099952220916748 0.04320399835705757
v -0.008227229118347168 0.005099952220916748 0.043549951165914536
v -0.008202016353607178 0.0053393240086734295 0.043535470962524414
v 0.006087779067456722 0.0053393240086734295 0.046055130660533905
v 0.006106435786932707 0.005099952220916748 0.04607737064361572
v 0.007255136035382748 0.0053393240086734295 0.04488778114318848
v 0.006106435786932707 0.005099952220916748 0.04607737064361572
v 0.007097541820257902 0.005099952220916748 0.045086320489645004
v 0.007255136035382748 0.0053393240086734295 0.04488778114318848
v 0.007097541820257902 0.005099952220916748 0.045086320489645004
v 0.007277369033545256 0.005099952220916748 0.04490642994642258
v 0.007255136035382748 0.0053393240086734295 0.04488778114318848
v -0.008227229118347168 0.005099952220916748 0.043549951165914536
v -0.007277369033545256 0.005099952220916748 0.04490642994642258
v -0.007255136035382748 0.0053393240086734295 0.04488778114318848
v -0.007097541820257902 0.005099952220916748 0.045086320489645004
v -0.006087779067456722 0.0053393240086734295 0.046055130660533905
v -0.007255136035382748 0.0053393240086734295 0.04488778114318848
v -0.007277369033545256 0.005099952220916748 0.04490642994642258
v -0.007097541820257902 0.005099952220916748 0.045086320489645004
v -0.007255136035382748 0.0053393240086734295 0.04488778114318848
v 0.005375980865210295 0.005099952220916748 0.04658889025449753
v 0.006106435786932707 0.005099952220916748 0.04607737064361572
v 0.006087779067456722 0.0053393240086734295 0.046055130660533905
v 0.00473546888679266 0.0053393240086734295 0.047002069652080536
v 0.005375980865210295 0.005099952220916748 0.04658889025449753
v 0.006087779067456722 0.0053393240086734295 0.046055130660533905
v -0.007097541820257902 0.005099952220916748 0.045086320489645004
v -0.006106435786932707 0.005099952220916748 0.04607737064361572
v -0.006087779067456722 0.0053393240086734295 0.046055130660533905
v -0.006106435786932707 0.005099952220916748 0.04607737064361572
v -0.005375980865210295 0.005099952220916748 0.04658889025449753
v -0.006087779067456722 0.0053393240086734295 0.046055130660533905
v -0.005375980865210295 0.005099952220916748 0.04658889025449753
v -0.00473546888679266 0.0053393240086734295 0.047002069652080536
v -0.006087779067456722 0.0053393240086734295 0.046055130660533905
v 0.00336438394151628 0.005099952220916748 0.047673340886831284
v 0.00474995281547308 0.005099952220916748 0.04702723026275635
v 0.00473546888679266 0.0053393240086734295 0.047002069652080536
v 0.003239213954657316 0.0053393240086734295 0.047699738293886185
v 0.00336438394151628 0.005099952220916748 0.047673340886831284
v 0.00473546888679266 0.0053393240086734295 0.047002069652080536
v 0.00474995281547308 0.005099952220916748 0.04702723026275635
v 0.005375980865210295 0.005099952220916748 0.04658889025449753
v 0.00473546888679266 0.0053393240086734295 0.047002069652080536
v -0.005375980865210295 0.005099952220916748 0.04658889025449753
v -0.00474995281547308 0.005099952220916748 0.04702723026275635
v -0.00473546888679266 0.0053393240086734295 0.047002069652080536
v -0.00474995281547308 0.005099952220916748 0.04702723026275635
v -0.00336438394151628 0.005099952220916748 0.047673340886831284
v -0.00473546888679266 0.0053393240086734295 0.047002069652080536
v -0.00336438394151628 0.005099952220916748 0.047673340886831284
v -0.003239213954657316 0.0053393240086734295 0.047699738293886185
v -0.00473546888679266 0.0053393240086734295 0.047002069652080536
v 0.0016446110093966126 0.0053393240086734295 0.04812705144286156
v 0.0016496180323883891 0.005099952220916748 0.048155661672353745
v 0.003239213954657316 0.0053393240086734295 0.047699738293886185
v 0.0032491679303348064 0.005099952220916748 0.04772704094648361
v 0.00336438394151628 0.005099952220916748 0.047673340886831284
v 0.003239213954657316 0.0053393240086734295 0.047699738293886185
v 0.0016496180323883891 0.005099952220916748 0.048155661672353745
v 0.0032491679303348064 0.005099952220916748 0.04772704094648361
v 0.003239213954657316 0.0053393240086734295 0.047699738293886185
v -0.00336438394151628 0.005099952220916748 0.047673340886831284
v -0.0032491679303348064 0.005099952220916748 0.04772704094648361
v -0.003239213954657316 0.0053393240086734295 0.047699738293886185
v -0.0032491679303348064 0.005099952220916748 0.04772704094648361
v -0.0016446110093966126 0.0053393240086734295 0.04812705144286156
v -0.003239213954657316 0.0053393240086734295 0.047699738293886185
v 0.0 0.0053393240086734295 0.04827094078063965
v 0.0 0.005099952220916748 0.04829996079206467
v 0.0016446110093966126 0.0053393240086734295 0.04812705144286156
v 0.0 0.005099952220916748 0.04829996079206467
v 0.0011423820396885276 0.005099952220916748 0.048200011253356934
v 0.0016446110093966126 0.0053393240086734295 0.04812705144286156
v 0.0011423820396885276 0.005099952220916748 0.048200011253356934
v 0.0016496180323883891 0.005099952220916748 0.048155661672353745
v 0.0016446110093966126 0.0053393240086734295 0.04812705144286156
v -0.0032491679303348064 0.005099952220916748 0.04772704094648361
v -0.0016496180323883891 0.005099952220916748 0.048155661672353745
v -0.0016446110093966126 0.0053393240086734295 0.04812705144286156
v -0.0016496180323883891 0.005099952220916748 0.048155661672353745
v -0.0011423820396885276 0.005099952220916748 0.048200011253356934
v -0.0016446110093966126 0.0053393240086734295 0.04812705144286156
v -0.0011423820396885276 0.005099952220916748 0.048200011253356934
v 0.0 0.0053393240086734295 0.04827094078063965
v -0.0016446110093966126 0.0053393240086734295 0.04812705144286156
v -0.0011423820396885276 0.005099952220916748 0.048200011253356934
v 0.0 0.005099952220916748 0.04829996079206467
v 0.0 0.0053393240086734295 0.04827094078063965
v -0.009499967098236084 0.005099952220916748 0.027569999918341637
v -0.009499967098236084 0.005099952220916748 0.03880000114440918
v -0.009489654563367367 0.005243300925940275 0.02781819924712181
v 0.009499967098236084 0.005099952220916748 0.03880000114440918
v 0.009499967098236084 -0.006099998019635677 0.03880000114440918
v 0.009499967098236084 0.005099952220916748 0.027569999918341637
v 0.009499967098236084 -0.006099998019635677 0.03880000114440918
v 0.009499967098236084 -0.006099998019635677 0.029252519831061363
v 0.009499967098236084 0.005099952220916748 0.027569999918341637
v 0.009499967098236084 -0.007699965965002775 0.010999970138072968
v 0.009499967098236084 -0.006781696807593107 0.010999970138072968
v 0.009499967098236084 0.005099952220916748 0.027569999918341637
v 0.009499967098236084 -0.006099998019635677 0.029252519831061363
v 0.009500086307525635 -0.008389711380004883 0.01846742071211338
v 0.009499967098236084 0.005099952220916748 0.027569999918341637
v 0.009500086307525635 -0.008389711380004883 0.01846742071211338
v 0.009499967098236084 -0.007699965965002775 0.018399950116872787
v 0.009499967098236084 0.005099952220916748 0.027569999918341637
v 0.009499967098236084 -0.007699965965002775 0.018399950116872787
v 0.009499967098236084 -0.007699965965002775 0.010999970138072968
v 0.009499967098236084 0.005099952220916748 0.027569999918341637
v -0.009499967098236084 -0.006099998019635677 0.029252519831061363
v -0.009499967098236084 0.005099952220916748 0.03880000114440918
v -0.009499967098236084 0.005099952220916748 0.027569999918341637
v -0.009499967098236084 -0.006099998019635677 0.029252519831061363
v -0.009499967098236084 -0.006099998019635677 0.03880000114440918
v -0.009499967098236084 0.005099952220916748 0.03880000114440918
v -0.009499967098236084 -0.006099998019635677 0.03880000114440918
v -0.009355664253234863 0.005099952220916748 0.040449611842632294
v -0.009499967098236084 0.005099952220916748 0.03880000114440918
v 0.009355664253234863 0.005099952220916748 0.040449611842632294
v 0.009355664253234863 -0.006099998019635677 0.040449611842632294
v 0.009499967098236084 0.005099952220916748 0.03880000114440918
v 0.009355664253234863 -0.006099998019635677 0.040449611842632294
v 0.009499967098236084 -0.006099998019635677 0.03880000114440918
v 0.009499967098236084 0.005099952220916748 0.03880000114440918
v 0.009190857410430908 0.005099952220916748 0.04106462001800537
v 0.009190857410430908 -0.006099998019635677 0.04106462001800537
v 0.009355664253234863 0.005099952220916748 0.040449611842632294
v 0.009190857410430908 -0.006099998019635677 0.04106462001800537
v 0.009355664253234863 -0.006099998019635677 0.040449611842632294
v 0.009355664253234863 0.005099952220916748 0.040449611842632294
v -0.009499967098236084 -0.006099998019635677 0.03880000114440918
v -0.009355664253234863 -0.006099998019635677 0.040449611842632294
v -0.009355664253234863 0.005099952220916748 0.040449611842632294
v -0.009355664253234863 -0.006099998019635677 0.040449611842632294
v -0.009190857410430908 0.005099952220916748 0.04106462001800537
v -0.009355664253234863 0.005099952220916748 0.040449611842632294
v 0.00892704725265503 0.005099952220916748 0.04204915836453438
v 0.00892704725265503 -0.006099998019635677 0.04204915836453438
v 0.009190857410430908 0.005099952220916748 0.04106462001800537
v 0.00892704725265503 -0.006099998019635677 0.04204915836453438
v 0.009190857410430908 -0.006099998019635677 0.04106462001800537
v 0.009190857410430908 0.005099952220916748 0.04106462001800537
v -0.009355664253234863 -0.006099998019635677 0.040449611842632294
v -0.009190857410430908 -0.006099998019635677 0.04106462001800537
v -0.009190857410430908 0.005099952220916748 0.04106462001800537
v -0.009190857410430908 -0.006099998019635677 0.04106462001800537
v -0.00892704725265503 0.005099952220916748 0.04204915836453438
v -0.009190857410430908 0.005099952220916748 0.04106462001800537
v 0.008388519287109375 0.005099952220916748 0.04320399835705757
v 0.008388519287109375 -0.006099998019635677 0.04320399835705757
v 0.00892704725265503 0.005099952220916748 0.04204915836453438
v 0.008388519287109375 -0.006099998019635677 0.04320399835705757
v 0.00892704725265503 -0.006099998019635677 0.04204915836453438
v 0.00892704725265503 0.005099952220916748 0.04204915836453438
v -0.009190857410430908 -0.006099998019635677 0.04106462001800537
v -0.00892704725265503 -0.006099998019635677 0.04204915836453438
v -0.00892704725265503 0.005099952220916748 0.04204915836453438
v -0.00892704725265503 -0.006099998019635677 0.04204915836453438
v -0.008388519287109375 0.005099952220916748 0.04320399835705757
v -0.00892704725265503 0.005099952220916748 0.04204915836453438
v 0.008227229118347168 0.005099952220916748 0.043549951165914536
v 0.008227229118347168 -0.006099998019635677 0.043549951165914536
v 0.008388519287109375 0.005099952220916748 0.04320399835705757
v 0.008227229118347168 -0.006099998019635677 0.043549951165914536
v 0.008388519287109375 -0.006099998019635677 0.04320399835705757
v 0.008388519287109375 0.005099952220916748 0.04320399835705757
v -0.00892704725265503 -0.006099998019635677 0.04204915836453438
v -0.008388519287109375 -0.006099998019635677 0.04320399835705757
v -0.008388519287109375 0.005099952220916748 0.04320399835705757
v -0.008388519287109375 -0.006099998019635677 0.04320399835705757
v -0.008227229118347168 0.005099952220916748 0.043549951165914536
v -0.008388519287109375 0.005099952220916748 0.04320399835705757
v 0.007277369033545256 0.005099952220916748 0.04490642994642258
v 0.007277369033545256 -0.006099998019635677 0.04490642994642258
v 0.008227229118347168 0.005099952220916748 0.043549951165914536
v 0.007277369033545256 -0.006099998019635677 0.04490642994642258
v 0.008227229118347168 -0.006099998019635677 0.043549951165914536
v 0.008227229118347168 0.005099952220916748 0.043549951165914536
v -0.008388519287109375 -0.006099998019635677 0.04320399835705757
v -0.008227229118347168 -0.006099998019635677 0.043549951165914536
v -0.008227229118347168 0.005099952220916748 0.043549951165914536
v -0.008227229118347168 -0.006099998019635677 0.043549951165914536
v -0.007277369033545256 0.005099952220916748 0.04490642994642258
v -0.008227229118347168 0.005099952220916748 0.043549951165914536
v 0.007097541820257902 0.005099952220916748 0.045086320489645004
v 0.007097541820257902 -0.006099998019635677 0.045086320489645004
v 0.007277369033545256 0.005099952220916748 0.04490642994642258
v 0.007097541820257902 -0.006099998019635677 0.045086320489645004
v 0.007277369033545256 -0.006099998019635677 0.04490642994642258
v 0.007277369033545256 0.005099952220916748 0.04490642994642258
v -0.008227229118347168 -0.006099998019635677 0.043549951165914536
v -0.007277369033545256 -0.006099998019635677 0.04490642994642258
v -0.007277369033545256 0.005099952220916748 0.04490642994642258
v -0.007277369033545256 -0.006099998019635677 0.04490642994642258
v -0.007097541820257902 0.005099952220916748 0.045086320489645004
v -0.007277369033545256 0.005099952220916748 0.04490642994642258
v 0.006106435786932707 0.005099952220916748 0.04607737064361572
v 0.006106435786932707 -0.006099998019635677 0.04607737064361572
v 0.007097541820257902 0.005099952220916748 0.045086320489645004
v 0.006106435786932707 -0.006099998019635677 0.04607737064361572
v 0.007097541820257902 -0.006099998019635677 0.045086320489645004
v 0.007097541820257902 0.005099952220916748 0.045086320489645004
v -0.007277369033545256 -0.006099998019635677 0.04490642994642258
v -0.007097541820257902 -0.006099998019635677 0.045086320489645004
v -0.007097541820257902 0.005099952220916748 0.045086320489645004
v -0.007097541820257902 -0.006099998019635677 0.045086320489645004
v -0.006106435786932707 0.005099952220916748 0.04607737064361572
v -0.007097541820257902 0.005099952220916748 0.045086320489645004
v 0.005375980865210295 0.005099952220916748 0.04658889025449753
v 0.005375980865210295 -0.006099998019635677 0.04658889025449753
v 0.006106435786932707 0.005099952220916748 0.04607737064361572
v 0.005375980865210295 -0.006099998019635677 0.04658889025449753
v 0.006106435786932707 -0.006099998019635677 0.04607737064361572
v 0.006106435786932707 0.005099952220916748 0.04607737064361572
v -0.007097541820257902 -0.006099998019635677 0.045086320489645004
v -0.006106435786932707 -0.006099998019635677 0.04607737064361572
v -0.006106435786932707 0.005099952220916748 0.04607737064361572
v -0.006106435786932707 -0.006099998019635677 0.04607737064361572
v -0.005375980865210295 0.005099952220916748 0.04658889025449753
v -0.006106435786932707 0.005099952220916748 0.04607737064361572
v 0.00474995281547308 0.005099952220916748 0.04702723026275635
v 0.00474995281547308 -0.006099998019635677 0.04702723026275635
v 0.005375980865210295 0.005099952220916748 0.04658889025449753
v 0.00474995281547308 -0.006099998019635677 0.04702723026275635
v 0.005375980865210295 -0.006099998019635677 0.04658889025449753
v 0.005375980865210295 0.005099952220916748 0.04658889025449753
v -0.006106435786932707 -0.006099998019635677 0.04607737064361572
v -0.005375980865210295 -0.006099998019635677 0.04658889025449753
v -0.005375980865210295 0.005099952220916748 0.04658889025449753
v -0.005375980865210295 -0.006099998019635677 0.04658889025449753
v -0.00474995281547308 0.005099952220916748 0.04702723026275635
v -0.005375980865210295 0.005099952220916748 0.04658889025449753
v 0.00336438394151628 0.005099952220916748 0.047673340886831284
v 0.00336438394151628 -0.006099998019635677 0.047673340886831284
v 0.00474995281547308 0.005099952220916748 0.04702723026275635
v 0.00336438394151628 -0.006099998019635677 0.047673340886831284
v 0.00474995281547308 -0.006099998019635677 0.04702723026275635
v 0.00474995281547308 0.005099952220916748 0.04702723026275635
v -0.005375980865210295 -0.006099998019635677 0.04658889025449753
v -0.00474995281547308 -0.006099998019635677 0.04702723026275635
v -0.00474995281547308 0.005099952220916748 0.04702723026275635
v -0.00474995281547308 -0.006099998019635677 0.04702723026275635
v -0.00336438394151628 0.005099952220916748 0.047673340886831284
v -0.00474995281547308 0.005099952220916748 0.04702723026275635
v 0.0032491679303348064 0.005099952220916748 0.04772704094648361
v 0.0032491679303348064 -0.006099998019635677 0.04772704094648361
v 0.00336438394151628 0.005099952220916748 0.047673340886831284
v 0.0032491679303348064 -0.006099998019635677 0.04772704094648361
v 0.00336438394151628 -0.006099998019635677 0.047673340886831284
v 0.00336438394151628 0.005099952220916748 0.047673340886831284
v -0.00474995281547308 -0.006099998019635677 0.04702723026275635
v -0.00336438394151628 -0.006099998019635677 0.047673340886831284
v -0.00336438394151628 0.005099952220916748 0.047673340886831284
v -0.00336438394151628 -0.006099998019635677 0.047673340886831284
v -0.0032491679303348064 0.005099952220916748 0.04772704094648361
v -0.00336438394151628 0.005099952220916748 0.047673340886831284
v 0.0016496180323883891 0.005099952220916748 0.048155661672353745
v 0.0016496180323883891 -0.006099998019635677 0.048155661672353745
v 0.0032491679303348064 0.005099952220916748 0.04772704094648361
v 0.0016496180323883891 -0.006099998019635677 0.048155661672353745
v 0.0032491679303348064 -0.006099998019635677 0.04772704094648361
v 0.0032491679303348064 0.005099952220916748 0.04772704094648361
v -0.00336438394151628 -0.006099998019635677 0.047673340886831284
v -0.0032491679303348064 -0.006099998019635677 0.04772704094648361
v -0.0032491679303348064 0.005099952220916748 0.04772704094648361
v -0.0032491679303348064 -0.006099998019635677 0.04772704094648361
v -0.0016496180323883891 0.005099952220916748 0.048155661672353745
v -0.0032491679303348064 0.005099952220916748 0.04772704094648361
v 0.0011423820396885276 0.005099952220916748 0.048200011253356934
v 0.0011423820396885276 -0.006099998019635677 0.048200011253356934
v 0.0016496180323883891 0.005099952220916748 0.048155661672353745
v 0.0011423820396885276 -0.006099998019635677 0.048200011253356934
v 0.0016496180323883891 -0.006099998019635677 0.048155661672353745
v 0.0016496180323883891 0.005099952220916748 0.048155661672353745
v -0.0032491679303348064 -0.006099998019635677 0.04772704094648361
v -0.0016496180323883891 -0.006099998019635677 0.048155661672353745
v -0.0016496180323883891 0.005099952220916748 0.048155661672353745
v -0.0016496180323883891 -0.006099998019635677 0.048155661672353745
v -0.0011423820396885276 0.005099952220916748 0.048200011253356934
v -0.0016496180323883891 0.005099952220916748 0.048155661672353745
v 0.0 0.005099952220916748 0.04829996079206467
v 0.0 -0.006099998019635677 0.04829996079206467
v 0.0011423820396885276 0.005099952220916748 0.048200011253356934
v 0.0 -0.006099998019635677 0.04829996079206467
v 0.0011423820396885276 -0.006099998019635677 0.048200011253356934
v 0.0011423820396885276 0.005099952220916748 0.048200011253356934
v -0.0016496180323883891 -0.006099998019635677 0.048155661672353745
v -0.0011423820396885276 -0.006099998019635677 0.048200011253356934
v -0.0011423820396885276 0.005099952220916748 0.048200011253356934
v -0.0011423820396885276 -0.006099998019635677 0.048200011253356934
v 0.0 0.005099952220916748 0.04829996079206467
v -0.0011423820396885276 0.005099952220916748 0.048200011253356934
v -0.0011423820396885276 -0.006099998019635677 0.048200011253356934
v 0.0 -0.006099998019635677 0.04829996079206467
v 0.0 0.005099952220916748 0.04829996079206467
v 0.007421373855322599 -0.005777120124548674 0.010999970138072968
v 0.006509125232696533 -0.006181417964398861 0.009999990463256836
v 0.007421373855322599 -0.005777120124548674 0.009999990463256836
v 0.008415400050580502 -0.005863904021680355 0.010999970138072968
v 0.007421373855322599 -0.005777120124548674 0.010999970138072968
v 0.007421373855322599 -0.005777120124548674 0.009999990463256836
v 0.008415400050580502 -0.005863904021680355 0.009999990463256836
v 0.008415400050580502 -0.005863904021680355 0.010999970138072968
v 0.007421373855322599 -0.005777120124548674 0.009999990463256836
v -0.007421373855322599 -0.005777120124548674 0.010999970138072968
v -0.008415400050580502 -0.005863904021680355 0.009999990463256836
v -0.007421373855322599 -0.005777120124548674 0.009999990463256836
v -0.006509125232696533 -0.006181417964398861 0.010999970138072968
v -0.007421373855322599 -0.005777120124548674 0.010999970138072968
v -0.007421373855322599 -0.005777120124548674 0.009999990463256836
v -0.006509125232696533 -0.006181417964398861 0.009999990463256836
v -0.006509125232696533 -0.006181417964398861 0.010999970138072968
v -0.007421373855322599 -0.005777120124548674 0.009999990463256836
v 0.006509125232696533 -0.006181417964398861 0.010999970138072968
v 0.006509125232696533 -0.006181417964398861 0.009999990463256836
v 0.007421373855322599 -0.005777120124548674 0.010999970138072968
v 0.005905746947973967 -0.0069761271588504314 0.010999970138072968
v 0.006509125232696533 -0.006181417964398861 0.010999970138072968
v 0.007421373855322599 -0.005777120124548674 0.010999970138072968
v 0.008415400050580502 -0.005863904021680355 0.010999970138072968
v 0.005905746947973967 -0.0069761271588504314 0.010999970138072968
v 0.007421373855322599 -0.005777120124548674 0.010999970138072968
v -0.008415400050580502 -0.005863904021680355 0.010999970138072968
v -0.008415400050580502 -0.005863904021680355 0.009999990463256836
v -0.007421373855322599 -0.005777120124548674 0.010999970138072968
v -0.009243786334991455 -0.006420135032385588 0.010999970138072968
v -0.008415400050580502 -0.005863904021680355 0.010999970138072968
v -0.007421373855322599 -0.005777120124548674 0.010999970138072968
v -0.006509125232696533 -0.006181417964398861 0.010999970138072968
v -0.009243786334991455 -0.006420135032385588 0.010999970138072968
v -0.007421373855322599 -0.005777120124548674 0.010999970138072968
v 0.00849997904151678 -0.005895912181586027 0.009999990463256836
v 0.008415400050580502 -0.005863904021680355 0.010999970138072968
v 0.008415400050580502 -0.005863904021680355 0.009999990463256836
v -0.008415400050580502 -0.005863904021680355 0.010999970138072968
v -0.00849997904151678 -0.005895912181586027 0.009999990463256836
v -0.008415400050580502 -0.005863904021680355 0.009999990463256836
v 0.00849997904151678 -0.005895912181586027 0.009999990463256836
v 0.00855779554694891 -0.00592041015625 0.0100016500800848
v 0.008415400050580502 -0.005863904021680355 0.010999970138072968
v 0.00855779554694891 -0.00592041015625 0.0100016500800848
v 0.008844374679028988 -0.006081342231482267 0.010068830102682114
v 0.008415400050580502 -0.005863904021680355 0.010999970138072968
v 0.008844374679028988 -0.006081342231482267 0.010068830102682114
v 0.008891998790204525 -0.006108105182647705 0.01008003018796444
v 0.008415400050580502 -0.005863904021680355 0.010999970138072968
v 0.008891998790204525 -0.006108105182647705 0.01008003018796444
v 0.009154558181762695 -0.0063263168558478355 0.010244010016322136
v 0.008415400050580502 -0.005863904021680355 0.010999970138072968
v 0.009154558181762695 -0.0063263168558478355 0.010244010016322136
v 0.009199677966535091 -0.006378889083862305 0.010299080051481724
v 0.008415400050580502 -0.005863904021680355 0.010999970138072968
v 0.009199677966535091 -0.006378889083862305 0.010299080051481724
v 0.009243786334991455 -0.006420135032385588 0.010999970138072968
v 0.008415400050580502 -0.005863904021680355 0.010999970138072968
v 0.009243786334991455 -0.006420135032385588 0.010999970138072968
v 0.005905746947973967 -0.0069761271588504314 0.010999970138072968
v 0.008415400050580502 -0.005863904021680355 0.010999970138072968
v -0.009115456603467464 -0.006289004813879728 0.010211819782853127
v -0.008842289447784424 -0.00608092499896884 0.01006930973380804
v -0.008415400050580502 -0.005863904021680355 0.010999970138072968
v -0.008842289447784424 -0.00608092499896884 0.01006930973380804
v -0.008794248104095459 -0.006044328212738037 0.010044209659099579
v -0.008415400050580502 -0.005863904021680355 0.010999970138072968
v -0.008794248104095459 -0.006044328212738037 0.010044209659099579
v -0.00849997904151678 -0.005895912181586027 0.009999990463256836
v -0.008415400050580502 -0.005863904021680355 0.010999970138072968
v -0.009243786334991455 -0.006420135032385588 0.010999970138072968
v -0.009237407706677914 -0.006425737868994474 0.010349979624152184
v -0.008415400050580502 -0.005863904021680355 0.010999970138072968
v -0.009237407706677914 -0.006425737868994474 0.010349979624152184
v -0.009195864200592041 -0.006379187107086182 0.010302900336682796
v -0.008415400050580502 -0.005863904021680355 0.010999970138072968
v -0.009195864200592041 -0.006379187107086182 0.010302900336682796
v -0.009115456603467464 -0.006289004813879728 0.010211819782853127
v -0.008415400050580502 -0.005863904021680355 0.010999970138072968
v 0.009499967098236084 -0.010199960321187973 0.029252519831061363
v 0.009499967098236084 -0.010199960321187973 0.01920115016400814
v 0.009499967098236084 -0.006099998019635677 0.029252519831061363
v 0.009499967098236084 -0.010199960321187973 0.01920115016400814
v 0.009499967098236084 -0.010150190442800522 0.019173379987478256
v 0.009499967098236084 -0.006099998019635677 0.029252519831061363
v 0.009499967098236084 -0.010150190442800522 0.019173379987478256
v 0.009499967098236084 -0.009907424449920654 0.019037900492548943
v 0.009499967098236084 -0.006099998019635677 0.029252519831061363
v 0.009499967098236084 -0.009907424449920654 0.019037900492548943
v 0.009499967098236084 -0.009060919284820557 0.018655240535736084
v 0.009499967098236084 -0.006099998019635677 0.029252519831061363
v 0.009499967098236084 -0.009060919284820557 0.018655240535736084
v 0.009500025771558285 -0.008638381026685238 0.01853697933256626
v 0.009499967098236084 -0.006099998019635677 0.029252519831061363
v 0.009500025771558285 -0.008638381026685238 0.01853697933256626
v 0.009500086307525635 -0.008389711380004883 0.01846742071211338
v 0.009499967098236084 -0.006099998019635677 0.029252519831061363
v 0.00943684484809637 -0.006445765029639006 0.02974563091993332
v 0.009499967098236084 -0.010199960321187973 0.029252519831061363
v 0.009499967098236084 -0.006099998019635677 0.029252519831061363
v 0.009499967098236084 -0.006099998019635677 0.03880000114440918
v 0.00943684484809637 -0.006445765029639006 0.02974563091993332
v 0.009499967098236084 -0.006099998019635677 0.029252519831061363
v -0.009499967098236084 -0.008554159663617611 0.018502650782465935
v -0.009499967098236084 -0.0086362948641181 0.018529409542679787
v -0.009499967098236084 -0.006099998019635677 0.029252519831061363
v -0.009499967098236084 -0.006781696807593107 0.010999970138072968
v -0.009499967098236084 -0.007699965965002775 0.018399950116872787
v -0.009499967098236084 -0.006099998019635677 0.029252519831061363
v -0.009499967098236084 -0.007699965965002775 0.018399950116872787
v -0.009499906562268734 -0.007890284061431885 0.018405070528388023
v -0.009499967098236084 -0.006099998019635677 0.029252519831061363
v -0.009499906562268734 -0.007890284061431885 0.018405070528388023
v -0.009499967098236084 -0.008554159663617611 0.018502650782465935
v -0.009499967098236084 -0.006099998019635677 0.029252519831061363
v -0.009499967098236084 -0.010153169743716717 0.01917772926390171
v -0.009499967098236084 -0.010199960321187973 0.029252519831061363
v -0.009499967098236084 -0.006099998019635677 0.029252519831061363
v -0.009499967098236084 -0.009267449378967285 0.018734930083155632
v -0.009499967098236084 -0.010153169743716717 0.01917772926390171
v -0.009499967098236084 -0.006099998019635677 0.029252519831061363
v -0.009499967098236084 -0.0086362948641181 0.018529409542679787
v -0.009499967098236084 -0.009267449378967285 0.018734930083155632
v -0.009499967098236084 -0.006099998019635677 0.029252519831061363
v -0.009439349174499512 -0.006442784797400236 0.02974109910428524
v -0.009499967098236084 -0.006099998019635677 0.03880000114440918
v -0.009499967098236084 -0.006099998019635677 0.029252519831061363
v -0.009499967098236084 -0.010199960321187973 0.029252519831061363
v -0.009439349174499512 -0.006442784797400236 0.02974109910428524
v -0.009499967098236084 -0.006099998019635677 0.029252519831061363
v -0.00942146684974432 -0.00644224788993597 0.03880000114440918
v -0.009355664253234863 -0.006099998019635677 0.040449611842632294
v -0.009499967098236084 -0.006099998019635677 0.03880000114440918
v -0.009439349174499512 -0.006442784797400236 0.02974109910428524
v -0.00942146684974432 -0.00644224788993597 0.03880000114440918
v -0.009499967098236084 -0.006099998019635677 0.03880000114440918
v 0.00942146684974432 -0.00644224788993597 0.03880000114440918
v 0.00943684484809637 -0.006445765029639006 0.02974563091993332
v 0.009499967098236084 -0.006099998019635677 0.03880000114440918
v 0.009355664253234863 -0.006099998019635677 0.040449611842632294
v 0.00942146684974432 -0.00644224788993597 0.03880000114440918
v 0.009499967098236084 -0.006099998019635677 0.03880000114440918
v 0.009190857410430908 -0.006099998019635677 0.04106462001800537
v 0.009257136844098568 -0.006535886786878109 0.040432270616292953
v 0.009355664253234863 -0.006099998019635677 0.040449611842632294
v 0.009257136844098568 -0.006535886786878109 0.040432270616292953
v 0.00942146684974432 -0.00644224788993597 0.03880000114440918
v 0.009355664253234863 -0.006099998019635677 0.040449611842632294
v -0.00942146684974432 -0.00644224788993597 0.03880000114440918
v -0.009257136844098568 -0.006535886786878109 0.040432270616292953
v -0.009355664253234863 -0.006099998019635677 0.040449611842632294
v -0.009257136844098568 -0.006535886786878109 0.040432270616292953
v -0.009190857410430908 -0.006099998019635677 0.04106462001800537
v -0.009355664253234863 -0.006099998019635677 0.040449611842632294
v 0.008833049796521664 -0.006535886786878109 0.0420149490237236
v 0.009257136844098568 -0.006535886786878109 0.040432270616292953
v 0.009190857410430908 -0.006099998019635677 0.04106462001800537
v 0.00892704725265503 -0.006099998019635677 0.04204915836453438
v 0.008833049796521664 -0.006535886786878109 0.0420149490237236
v 0.009190857410430908 -0.006099998019635677 0.04106462001800537
v -0.009257136844098568 -0.006535886786878109 0.040432270616292953
v -0.00892704725265503 -0.006099998019635677 0.04204915836453438
v -0.009190857410430908 -0.006099998019635677 0.04106462001800537
v 0.00814062263816595 -0.006535886786878109 0.043499939143657684
v 0.008833049796521664 -0.006535886786878109 0.0420149490237236
v 0.00892704725265503 -0.006099998019635677 0.04204915836453438
v 0.008388519287109375 -0.006099998019635677 0.04320399835705757
v 0.00814062263816595 -0.006535886786878109 0.043499939143657684
v 0.00892704725265503 -0.006099998019635677 0.04204915836453438
v -0.008833049796521664 -0.006535886786878109 0.0420149490237236
v -0.008388519287109375 -0.006099998019635677 0.04320399835705757
v -0.00892704725265503 -0.006099998019635677 0.04204915836453438
v -0.009257136844098568 -0.006535886786878109 0.040432270616292953
v -0.008833049796521664 -0.006535886786878109 0.0420149490237236
v -0.00892704725265503 -0.006099998019635677 0.04204915836453438
v 0.008227229118347168 -0.006099998019635677 0.043549951165914536
v 0.00814062263816595 -0.006535886786878109 0.043499939143657684
v 0.008388519287109375 -0.006099998019635677 0.04320399835705757
v -0.00814062263816595 -0.006535886786878109 0.043499939143657684
v -0.008227229118347168 -0.006099998019635677 0.043549951165914536
v -0.008388519287109375 -0.006099998019635677 0.04320399835705757
v -0.008833049796521664 -0.006535886786878109 0.0420149490237236
v -0.00814062263816595 -0.006535886786878109 0.043499939143657684
v -0.008388519287109375 -0.006099998019635677 0.04320399835705757
v 0.007200777065008879 -0.006535886786878109 0.044842179864645004
v 0.00814062263816595 -0.006535886786878109 0.043499939143657684
v 0.008227229118347168 -0.006099998019635677 0.043549951165914536
v 0.007277369033545256 -0.006099998019635677 0.04490642994642258
v 0.007200777065008879 -0.006535886786878109 0.044842179864645004
v 0.008227229118347168 -0.006099998019635677 0.043549951165914536
v -0.00814062263816595 -0.006535886786878109 0.043499939143657684
v -0.007277369033545256 -0.006099998019635677 0.04490642994642258
v -0.008227229118347168 -0.006099998019635677 0.043549951165914536
v 0.007097541820257902 -0.006099998019635677 0.045086320489645004
v 0.007200777065008879 -0.006535886786878109 0.044842179864645004
v 0.007277369033545256 -0.006099998019635677 0.04490642994642258
v -0.007200777065008879 -0.006535886786878109 0.044842179864645004
v -0.007097541820257902 -0.006099998019635677 0.045086320489645004
v -0.007277369033545256 -0.006099998019635677 0.04490642994642258
v -0.00814062263816595 -0.006535886786878109 0.043499939143657684
v -0.007200777065008879 -0.006535886786878109 0.044842179864645004
v -0.007277369033545256 -0.006099998019635677 0.04490642994642258
v 0.006042181979864836 -0.006535886786878109 0.04600077122449875
v 0.007200777065008879 -0.006535886786878109 0.044842179864645004
v 0.007097541820257902 -0.006099998019635677 0.045086320489645004
v 0.006106435786932707 -0.006099998019635677 0.04607737064361572
v 0.006042181979864836 -0.006535886786878109 0.04600077122449875
v 0.007097541820257902 -0.006099998019635677 0.045086320489645004
v -0.006042181979864836 -0.006535886786878109 0.04600077122449875
v -0.006106435786932707 -0.006099998019635677 0.04607737064361572
v -0.007097541820257902 -0.006099998019635677 0.045086320489645004
v -0.007200777065008879 -0.006535886786878109 0.044842179864645004
v -0.006042181979864836 -0.006535886786878109 0.04600077122449875
v -0.007097541820257902 -0.006099998019635677 0.045086320489645004
v 0.004699944984167814 -0.006535886786878109 0.04694062098860741
v 0.006042181979864836 -0.006535886786878109 0.04600077122449875
v 0.006106435786932707 -0.006099998019635677 0.04607737064361572
v 0.005375980865210295 -0.006099998019635677 0.04658889025449753
v 0.004699944984167814 -0.006535886786878109 0.04694062098860741
v 0.006106435786932707 -0.006099998019635677 0.04607737064361572
v -0.006042181979864836 -0.006535886786878109 0.04600077122449875
v -0.005375980865210295 -0.006099998019635677 0.04658889025449753
v -0.006106435786932707 -0.006099998019635677 0.04607737064361572
v 0.00474995281547308 -0.006099998019635677 0.04702723026275635
v 0.004699944984167814 -0.006535886786878109 0.04694062098860741
v 0.005375980865210295 -0.006099998019635677 0.04658889025449753
v -0.004699944984167814 -0.006535886786878109 0.04694062098860741
v -0.00474995281547308 -0.006099998019635677 0.04702723026275635
v -0.005375980865210295 -0.006099998019635677 0.04658889025449753
v -0.006042181979864836 -0.006535886786878109 0.04600077122449875
v -0.004699944984167814 -0.006535886786878109 0.04694062098860741
v -0.005375980865210295 -0.006099998019635677 0.04658889025449753
v 0.00336438394151628 -0.006099998019635677 0.047673340886831284
v 0.004699944984167814 -0.006535886786878109 0.04694062098860741
v 0.00474995281547308 -0.006099998019635677 0.04702723026275635
v -0.004699944984167814 -0.006535886786878109 0.04694062098860741
v -0.00336438394151628 -0.006099998019635677 0.047673340886831284
v -0.00474995281547308 -0.006099998019635677 0.04702723026275635
v 0.003214955097064376 -0.006535886786878109 0.04763304814696312
v 0.004699944984167814 -0.006535886786878109 0.04694062098860741
v 0.00336438394151628 -0.006099998019635677 0.047673340886831284
v 0.0032491679303348064 -0.006099998019635677 0.04772704094648361
v 0.003214955097064376 -0.006535886786878109 0.04763304814696312
v 0.00336438394151628 -0.006099998019635677 0.047673340886831284
v -0.003214955097064376 -0.006535886786878109 0.04763304814696312
v -0.0032491679303348064 -0.006099998019635677 0.04772704094648361
v -0.00336438394151628 -0.006099998019635677 0.047673340886831284
v -0.004699944984167814 -0.006535886786878109 0.04694062098860741
v -0.003214955097064376 -0.006535886786878109 0.04763304814696312
v -0.00336438394151628 -0.006099998019635677 0.047673340886831284
v 0.0016322729643434286 -0.006535886786878109 0.048057131469249725
v 0.003214955097064376 -0.006535886786878109 0.04763304814696312
v 0.0032491679303348064 -0.006099998019635677 0.04772704094648361
v 0.0016496180323883891 -0.006099998019635677 0.048155661672353745
v 0.0016322729643434286 -0.006535886786878109 0.048057131469249725
v 0.0032491679303348064 -0.006099998019635677 0.04772704094648361
v -0.003214955097064376 -0.006535886786878109 0.04763304814696312
v -0.0016496180323883891 -0.006099998019635677 0.048155661672353745
v -0.0032491679303348064 -0.006099998019635677 0.04772704094648361
v 0.0011423820396885276 -0.006099998019635677 0.048200011253356934
v 0.0016322729643434286 -0.006535886786878109 0.048057131469249725
v 0.0016496180323883891 -0.006099998019635677 0.048155661672353745
v -0.0016322729643434286 -0.006535886786878109 0.048057131469249725
v -0.0011423820396885276 -0.006099998019635677 0.048200011253356934
v -0.0016496180323883891 -0.006099998019635677 0.048155661672353745
v -0.003214955097064376 -0.006535886786878109 0.04763304814696312
v -0.0016322729643434286 -0.006535886786878109 0.048057131469249725
v -0.0016496180323883891 -0.006099998019635677 0.048155661672353745
v 0.0 -0.006535886786878109 0.04819995164871216
v 0.0016322729643434286 -0.006535886786878109 0.048057131469249725
v 0.0011423820396885276 -0.006099998019635677 0.048200011253356934
v 0.0 -0.006099998019635677 0.04829996079206467
v 0.0 -0.006535886786878109 0.04819995164871216
v 0.0011423820396885276 -0.006099998019635677 0.048200011253356934
v -0.0016322729643434286 -0.006535886786878109 0.048057131469249725
v 0.0 -0.006099998019635677 0.04829996079206467
v -0.0011423820396885276 -0.006099998019635677 0.048200011253356934
v -0.0016322729643434286 -0.006535886786878109 0.048057131469249725
v 0.0 -0.006535886786878109 0.04819995164871216
v 0.0 -0.006099998019635677 0.04829996079206467
v 0.006509125232696533 -0.006181417964398861 0.010999970138072968
v 0.005905746947973967 -0.0069761271588504314 0.009999990463256836
v 0.006509125232696533 -0.006181417964398861 0.009999990463256836
v -0.005905746947973967 -0.0069761271588504314 0.010999970138072968
v -0.006509125232696533 -0.006181417964398861 0.010999970138072968
v -0.006509125232696533 -0.006181417964398861 0.009999990463256836
v -0.005905746947973967 -0.0069761271588504314 0.009999990463256836
v -0.005905746947973967 -0.0069761271588504314 0.010999970138072968
v -0.006509125232696533 -0.006181417964398861 0.009999990463256836
v 0.005905746947973967 -0.0069761271588504314 0.010999970138072968
v 0.005905746947973967 -0.0069761271588504314 0.009999990463256836
v 0.006509125232696533 -0.006181417964398861 0.010999970138072968
v -0.005905746947973967 -0.0069761271588504314 0.010999970138072968
v -0.009243786334991455 -0.006420135032385588 0.010999970138072968
v -0.006509125232696533 -0.006181417964398861 0.010999970138072968
v 0.009238778613507748 -0.006424427032470703 0.010346709750592709
v 0.009243786334991455 -0.006420135032385588 0.010999970138072968
v 0.009199677966535091 -0.006378889083862305 0.010299080051481724
v 0.009428322315216064 -0.00666654109954834 0.010657659731805325
v 0.009499967098236084 -0.006781696807593107 0.010999970138072968
v 0.009243786334991455 -0.006420135032385588 0.010999970138072968
v 0.00936973001807928 -0.006576894782483578 0.010506450198590755
v 0.009428322315216064 -0.00666654109954834 0.010657659731805325
v 0.009243786334991455 -0.006420135032385588 0.010999970138072968
v 0.009238778613507748 -0.006424427032470703 0.010346709750592709
v 0.00936973001807928 -0.006576894782483578 0.010506450198590755
v 0.009243786334991455 -0.006420135032385588 0.010999970138072968
v 0.009499967098236084 -0.006781696807593107 0.010999970138072968
v 0.009499967098236084 -0.007699965965002775 0.010999970138072968
v 0.009243786334991455 -0.006420135032385588 0.010999970138072968
v 0.009499967098236084 -0.007699965965002775 0.010999970138072968
v 0.005905746947973967 -0.0069761271588504314 0.010999970138072968
v 0.009243786334991455 -0.006420135032385588 0.010999970138072968
v -0.009499967098236084 -0.006781696807593107 0.010999970138072968
v -0.009470999240875244 -0.006731152068823576 0.010761139914393425
v -0.009243786334991455 -0.006420135032385588 0.010999970138072968
v -0.009470999240875244 -0.006731152068823576 0.010761139914393425
v -0.009428559802472591 -0.0066671958193182945 0.01065777987241745
v -0.009243786334991455 -0.006420135032385588 0.010999970138072968
v -0.009428559802472591 -0.0066671958193182945 0.01065777987241745
v -0.009358464740216732 -0.00656157685443759 0.010487129911780357
v -0.009243786334991455 -0.006420135032385588 0.010999970138072968
v -0.009358464740216732 -0.00656157685443759 0.010487129911780357
v -0.009237407706677914 -0.006425737868994474 0.010349979624152184
v -0.009243786334991455 -0.006420135032385588 0.010999970138072968
v -0.005905746947973967 -0.0069761271588504314 0.010999970138072968
v -0.009499967098236084 -0.006781696807593107 0.010999970138072968
v -0.009243786334991455 -0.006420135032385588 0.010999970138072968
v -0.009399949572980404 -0.006535886786878109 0.03880000114440918
v -0.009257136844098568 -0.006535886786878109 0.040432270616292953
v -0.00942146684974432 -0.00644224788993597 0.03880000114440918
v -0.009435473941266537 -0.00645333481952548 0.029756419360637665
v -0.009399949572980404 -0.006535886786878109 0.03880000114440918
v -0.00942146684974432 -0.00644224788993597 0.03880000114440918
v -0.009438157081604004 -0.006446063052862883 0.02974586933851242
v -0.009435473941266537 -0.00645333481952548 0.029756419360637665
v -0.00942146684974432 -0.00644224788993597 0.03880000114440918
v -0.009439349174499512 -0.006442784797400236 0.02974109910428524
v -0.009438157081604004 -0.006446063052862883 0.02974586933851242
v -0.00942146684974432 -0.00644224788993597 0.03880000114440918
v 0.009435473941266537 -0.00645333481952548 0.029756419360637665
v 0.00943684484809637 -0.006445765029639006 0.02974563091993332
v 0.00942146684974432 -0.00644224788993597 0.03880000114440918
v 0.009399949572980404 -0.006535886786878109 0.03880000114440918
v 0.009435473941266537 -0.00645333481952548 0.029756419360637665
v 0.00942146684974432 -0.00644224788993597 0.03880000114440918
v 0.009257136844098568 -0.006535886786878109 0.040432270616292953
v 0.009399949572980404 -0.006535886786878109 0.03880000114440918
v 0.00942146684974432 -0.00644224788993597 0.03880000114440918
v -0.009499967098236084 -0.010199960321187973 0.029252519831061363
v -0.009438157081604004 -0.006446063052862883 0.02974586933851242
v -0.009439349174499512 -0.006442784797400236 0.02974109910428524
v 0.009435473941266537 -0.00645333481952548 0.029756419360637665
v 0.009435473941266537 -0.010199960321187973 0.029756419360637665
v 0.00943684484809637 -0.006445765029639006 0.02974563091993332
v 0.009435473941266537 -0.010199960321187973 0.029756419360637665
v 0.009499967098236084 -0.010199960321187973 0.029252519831061363
v 0.00943684484809637 -0.006445765029639006 0.02974563091993332
v -0.009499967098236084 -0.010199960321187973 0.029252519831061363
v -0.009435473941266537 -0.00645333481952548 0.029756419360637665
v -0.009438157081604004 -0.006446063052862883 0.02974586933851242
v 0.00929254200309515 -0.0067098140716552734 0.030251380056142807
v 0.009435473941266537 -0.010199960321187973 0.029756419360637665
v 0.009435473941266537 -0.00645333481952548 0.029756419360637665
v 0.009399949572980404 -0.006535886786878109 0.03880000114440918
v 0.00929254200309515 -0.0067098140716552734 0.030251380056142807
v 0.009435473941266537 -0.00645333481952548 0.029756419360637665
v -0.009435473941266537 -0.010199960321187973 0.029756419360637665
v -0.009359358809888363 -0.006611526012420654 0.030031969770789146
v -0.009435473941266537 -0.00645333481952548 0.029756419360637665
v -0.009359358809888363 -0.006611526012420654 0.030031969770789146
v -0.009399949572980404 -0.006535886786878109 0.03880000114440918
v -0.009435473941266537 -0.00645333481952548 0.029756419360637665
v -0.009499967098236084 -0.010199960321187973 0.029252519831061363
v -0.009435473941266537 -0.010199960321187973 0.029756419360637665
v -0.009435473941266537 -0.00645333481952548 0.029756419360637665
v -0.009192109107971191 -0.006795047782361507 0.03880000114440918
v -0.009257136844098568 -0.006535886786878109 0.040432270616292953
v -0.009399949572980404 -0.006535886786878109 0.03880000114440918
v -0.009359358809888363 -0.006611526012420654 0.030031969770789146
v -0.009192109107971191 -0.006795047782361507 0.03880000114440918
v -0.009399949572980404 -0.006535886786878109 0.03880000114440918
v 0.009196876548230648 -0.006796121131628752 0.03051524981856346
v 0.00929254200309515 -0.0067098140716552734 0.030251380056142807
v 0.009399949572980404 -0.006535886786878109 0.03880000114440918
v 0.009192109107971191 -0.006795047782361507 0.03880000114440918
v 0.009196876548230648 -0.006796121131628752 0.03051524981856346
v 0.009399949572980404 -0.006535886786878109 0.03880000114440918
v 0.009257136844098568 -0.006535886786878109 0.040432270616292953
v 0.009192109107971191 -0.006795047782361507 0.03880000114440918
v 0.009399949572980404 -0.006535886786878109 0.03880000114440918
v 0.008982299827039242 -0.006883859168738127 0.04038380831480026
v 0.009192109107971191 -0.006795047782361507 0.03880000114440918
v 0.009257136844098568 -0.006535886786878109 0.040432270616292953
v 0.00857079029083252 -0.006883859168738127 0.0419195182621479
v 0.008982299827039242 -0.006883859168738127 0.04038380831480026
v 0.009257136844098568 -0.006535886786878109 0.040432270616292953
v 0.008833049796521664 -0.006535886786878109 0.0420149490237236
v 0.00857079029083252 -0.006883859168738127 0.0419195182621479
v 0.009257136844098568 -0.006535886786878109 0.040432270616292953
v -0.009192109107971191 -0.006795047782361507 0.03880000114440918
v -0.008982299827039242 -0.006883859168738127 0.04038380831480026
v -0.009257136844098568 -0.006535886786878109 0.040432270616292953
v -0.008982299827039242 -0.006883859168738127 0.04038380831480026
v -0.008833049796521664 -0.006535886786878109 0.0420149490237236
v -0.009257136844098568 -0.006535886786878109 0.040432270616292953
v 0.00814062263816595 -0.006535886786878109 0.043499939143657684
v 0.007898867130279541 -0.006883859168738127 0.04336040839552879
v 0.008833049796521664 -0.006535886786878109 0.0420149490237236
v 0.007898867130279541 -0.006883859168738127 0.04336040839552879
v 0.00857079029083252 -0.006883859168738127 0.0419195182621479
v 0.008833049796521664 -0.006535886786878109 0.0420149490237236
v -0.00857079029083252 -0.006883859168738127 0.0419195182621479
v -0.00814062263816595 -0.006535886786878109 0.043499939143657684
v -0.008833049796521664 -0.006535886786878109 0.0420149490237236
v -0.008982299827039242 -0.006883859168738127 0.04038380831480026
v -0.00857079029083252 -0.006883859168738127 0.0419195182621479
v -0.008833049796521664 -0.006535886786878109 0.0420149490237236
v 0.0069869752041995525 -0.006883859168738127 0.04466276988387108
v 0.007898867130279541 -0.006883859168738127 0.04336040839552879
v 0.00814062263816595 -0.006535886786878109 0.043499939143657684
v 0.007200777065008879 -0.006535886786878109 0.044842179864645004
v 0.0069869752041995525 -0.006883859168738127 0.04466276988387108
v 0.00814062263816595 -0.006535886786878109 0.043499939143657684
v -0.007898867130279541 -0.006883859168738127 0.04336040839552879
v -0.007200777065008879 -0.006535886786878109 0.044842179864645004
v -0.00814062263816595 -0.006535886786878109 0.043499939143657684
v -0.00857079029083252 -0.006883859168738127 0.0419195182621479
v -0.007898867130279541 -0.006883859168738127 0.04336040839552879
v -0.00814062263816595 -0.006535886786878109 0.043499939143657684
v 0.00586277199909091 -0.006883859168738127 0.04578696936368942
v 0.0069869752041995525 -0.006883859168738127 0.04466276988387108
v 0.007200777065008879 -0.006535886786878109 0.044842179864645004
v 0.006042181979864836 -0.006535886786878109 0.04600077122449875
v 0.00586277199909091 -0.006883859168738127 0.04578696936368942
v 0.007200777065008879 -0.006535886786878109 0.044842179864645004
v -0.007898867130279541 -0.006883859168738127 0.04336040839552879
v -0.0069869752041995525 -0.006883859168738127 0.04466276988387108
v -0.007200777065008879 -0.006535886786878109 0.044842179864645004
v -0.0069869752041995525 -0.006883859168738127 0.04466276988387108
v -0.006042181979864836 -0.006535886786878109 0.04600077122449875
v -0.007200777065008879 -0.006535886786878109 0.044842179864645004
v 0.0045604100450873375 -0.006883859168738127 0.046698860824108124
v 0.00586277199909091 -0.006883859168738127 0.04578696936368942
v 0.006042181979864836 -0.006535886786878109 0.04600077122449875
v 0.004699944984167814 -0.006535886786878109 0.04694062098860741
v 0.0045604100450873375 -0.006883859168738127 0.046698860824108124
v 0.006042181979864836 -0.006535886786878109 0.04600077122449875
v -0.00586277199909091 -0.006883859168738127 0.04578696936368942
v -0.004699944984167814 -0.006535886786878109 0.04694062098860741
v -0.006042181979864836 -0.006535886786878109 0.04600077122449875
v -0.0069869752041995525 -0.006883859168738127 0.04466276988387108
v -0.00586277199909091 -0.006883859168738127 0.04578696936368942
v -0.006042181979864836 -0.006535886786878109 0.04600077122449875
v 0.003119467990472913 -0.006883859168738127 0.0473707914352417
v 0.0045604100450873375 -0.006883859168738127 0.046698860824108124
v 0.004699944984167814 -0.006535886786878109 0.04694062098860741
v 0.003214955097064376 -0.006535886786878109 0.04763304814696312
v 0.003119467990472913 -0.006883859168738127 0.0473707914352417
v 0.004699944984167814 -0.006535886786878109 0.04694062098860741
v -0.00586277199909091 -0.006883859168738127 0.04578696936368942
v -0.0045604100450873375 -0.006883859168738127 0.046698860824108124
v -0.004699944984167814 -0.006535886786878109 0.04694062098860741
v -0.0045604100450873375 -0.006883859168738127 0.046698860824108124
v -0.003214955097064376 -0.006535886786878109 0.04763304814696312
v -0.004699944984167814 -0.006535886786878109 0.04694062098860741
v 0.0015838140388950706 -0.006883859168738127 0.0477822981774807
v 0.003119467990472913 -0.006883859168738127 0.0473707914352417
v 0.003214955097064376 -0.006535886786878109 0.04763304814696312
v 0.0016322729643434286 -0.006535886786878109 0.048057131469249725
v 0.0015838140388950706 -0.006883859168738127 0.0477822981774807
v 0.003214955097064376 -0.006535886786878109 0.04763304814696312
v -0.003119467990472913 -0.006883859168738127 0.0473707914352417
v -0.0016322729643434286 -0.006535886786878109 0.048057131469249725
v -0.003214955097064376 -0.006535886786878109 0.04763304814696312
v -0.0045604100450873375 -0.006883859168738127 0.046698860824108124
v -0.003119467990472913 -0.006883859168738127 0.0473707914352417
v -0.003214955097064376 -0.006535886786878109 0.04763304814696312
v 0.0 -0.006883859168738127 0.047920819371938705
v 0.0015838140388950706 -0.006883859168738127 0.0477822981774807
v 0.0016322729643434286 -0.006535886786878109 0.048057131469249725
v 0.0 -0.006535886786878109 0.04819995164871216
v 0.0 -0.006883859168738127 0.047920819371938705
v 0.0016322729643434286 -0.006535886786878109 0.048057131469249725
v -0.003119467990472913 -0.006883859168738127 0.0473707914352417
v -0.0015838140388950706 -0.006883859168738127 0.0477822981774807
v -0.0016322729643434286 -0.006535886786878109 0.048057131469249725
v -0.0015838140388950706 -0.006883859168738127 0.0477822981774807
v 0.0 -0.006535886786878109 0.04819995164871216
v -0.0016322729643434286 -0.006535886786878109 0.048057131469249725
v -0.0015838140388950706 -0.006883859168738127 0.0477822981774807
v 0.0 -0.006883859168738127 0.047920819371938705
v 0.0 -0.006535886786878109 0.04819995164871216
v -0.009435473941266537 -0.010199960321187973 0.029756419360637665
v -0.009200452826917171 -0.006801663897931576 0.030515780672430992
v -0.009359358809888363 -0.006611526012420654 0.030031969770789146
v -0.009200452826917171 -0.006801663897931576 0.030515780672430992
v -0.009192109107971191 -0.006795047782361507 0.03880000114440918
v -0.009359358809888363 -0.006611526012420654 0.030031969770789146
v 0.009475111030042171 -0.006738066207617521 0.010778360068798065
v 0.009499967098236084 -0.006781696807593107 0.010999970138072968
v 0.009428322315216064 -0.00666654109954834 0.010657659731805325
v 0.009196876548230648 -0.006796121131628752 0.03051524981856346
v 0.009435473941266537 -0.010199960321187973 0.029756419360637665
v 0.00929254200309515 -0.0067098140716552734 0.030251380056142807
v -0.009499967098236084 -0.007699965965002775 0.010999970138072968
v -0.009499967098236084 -0.007699965965002775 0.018399950116872787
v -0.009499967098236084 -0.006781696807593107 0.010999970138072968
v -0.005905746947973967 -0.0069761271588504314 0.010999970138072968
v -0.009499967098236084 -0.007699965965002775 0.010999970138072968
v -0.009499967098236084 -0.006781696807593107 0.010999970138072968
v -0.00912082102149725 -0.006883859168738127 0.03880000114440918
v -0.008982299827039242 -0.006883859168738127 0.04038380831480026
v -0.009192109107971191 -0.006795047782361507 0.03880000114440918
v -0.009200452826917171 -0.006801663897931576 0.030515780672430992
v -0.00912082102149725 -0.006883859168738127 0.03880000114440918
v -0.009192109107971191 -0.006795047782361507 0.03880000114440918
v 0.00912082102149725 -0.006883859168738127 0.03880000114440918
v 0.009196876548230648 -0.006796121131628752 0.03051524981856346
v 0.009192109107971191 -0.006795047782361507 0.03880000114440918
v 0.008982299827039242 -0.006883859168738127 0.04038380831480026
v 0.00912082102149725 -0.006883859168738127 0.03880000114440918
v 0.009192109107971191 -0.006795047782361507 0.03880000114440918
v 0.009025692008435726 -0.00695067597553134 0.03098762035369873
v 0.009435473941266537 -0.010199960321187973 0.029756419360637665
v 0.009196876548230648 -0.006796121131628752 0.03051524981856346
v 0.00912082102149725 -0.006883859168738127 0.03880000114440918
v 0.009025692008435726 -0.00695067597553134 0.03098762035369873
v 0.009196876548230648 -0.006796121131628752 0.03051524981856346
v -0.009435473941266537 -0.010199960321187973 0.029756419360637665
v -0.00915610697120428 -0.006854712031781673 0.0306507907807827
v -0.009200452826917171 -0.006801663897931576 0.030515780672430992
v -0.00915610697120428 -0.006854712031781673 0.0306507907807827
v -0.00912082102149725 -0.006883859168738127 0.03880000114440918
v -0.009200452826917171 -0.006801663897931576 0.030515780672430992
v -0.009435473941266537 -0.010199960321187973 0.029756419360637665
v -0.008848547004163265 -0.007037817966192961 0.03139448165893555
v -0.00915610697120428 -0.006854712031781673 0.0306507907807827
v -0.008848547004163265 -0.007037817966192961 0.03139448165893555
v -0.00912082102149725 -0.006883859168738127 0.03880000114440918
v -0.00915610697120428 -0.006854712031781673 0.0306507907807827
v -0.008837640285491943 -0.007020710967481136 0.03880000114440918
v -0.008982299827039242 -0.006883859168738127 0.04038380831480026
v -0.00912082102149725 -0.006883859168738127 0.03880000114440918
v -0.008848547004163265 -0.007037817966192961 0.03139448165893555
v -0.008837640285491943 -0.007020710967481136 0.03880000114440918
v -0.00912082102149725 -0.006883859168738127 0.03880000114440918
v 0.008837640285491943 -0.007020710967481136 0.03880000114440918
v 0.00884085800498724 -0.007023155223578215 0.03139150142669678
v 0.00912082102149725 -0.006883859168738127 0.03880000114440918
v 0.00884085800498724 -0.007023155223578215 0.03139150142669678
v 0.009025692008435726 -0.00695067597553134 0.03098762035369873
v 0.00912082102149725 -0.006883859168738127 0.03880000114440918
v 0.008982299827039242 -0.006883859168738127 0.04038380831480026
v 0.008837640285491943 -0.007020710967481136 0.03880000114440918
v 0.00912082102149725 -0.006883859168738127 0.03880000114440918
v 0.008595465682446957 -0.007073581218719482 0.04031556099653244
v 0.008837640285491943 -0.007020710967481136 0.03880000114440918
v 0.008982299827039242 -0.006883859168738127 0.04038380831480026
v 0.0082017183303833 -0.007073581218719482 0.04178518056869507
v 0.008595465682446957 -0.007073581218719482 0.04031556099653244
v 0.008982299827039242 -0.006883859168738127 0.04038380831480026
v 0.00857079029083252 -0.006883859168738127 0.0419195182621479
v 0.0082017183303833 -0.007073581218719482 0.04178518056869507
v 0.008982299827039242 -0.006883859168738127 0.04038380831480026
v -0.008837640285491943 -0.007020710967481136 0.03880000114440918
v -0.008595465682446957 -0.007073581218719482 0.04031556099653244
v -0.008982299827039242 -0.006883859168738127 0.04038380831480026
v -0.008595465682446957 -0.007073581218719482 0.04031556099653244
v -0.00857079029083252 -0.006883859168738127 0.0419195182621479
v -0.008982299827039242 -0.006883859168738127 0.04038380831480026
v 0.007898867130279541 -0.006883859168738127 0.04336040839552879
v 0.007558763027191162 -0.007073581218719482 0.04316401109099388
v 0.00857079029083252 -0.006883859168738127 0.0419195182621479
v 0.007558763027191162 -0.007073581218719482 0.04316401109099388
v 0.0082017183303833 -0.007073581218719482 0.04178518056869507
v 0.00857079029083252 -0.006883859168738127 0.0419195182621479
v -0.0082017183303833 -0.007073581218719482 0.04178518056869507
v -0.007898867130279541 -0.006883859168738127 0.04336040839552879
v -0.00857079029083252 -0.006883859168738127 0.0419195182621479
v -0.008595465682446957 -0.007073581218719482 0.04031556099653244
v -0.0082017183303833 -0.007073581218719482 0.04178518056869507
v -0.00857079029083252 -0.006883859168738127 0.0419195182621479
v 0.006686090957373381 -0.007073581218719482 0.044410280883312225
v 0.007558763027191162 -0.007073581218719482 0.04316401109099388
v 0.007898867130279541 -0.006883859168738127 0.04336040839552879
v 0.0069869752041995525 -0.006883859168738127 0.04466276988387108
v 0.006686090957373381 -0.007073581218719482 0.044410280883312225
v 0.007898867130279541 -0.006883859168738127 0.04336040839552879
v -0.007558763027191162 -0.007073581218719482 0.04316401109099388
v -0.0069869752041995525 -0.006883859168738127 0.04466276988387108
v -0.007898867130279541 -0.006883859168738127 0.04336040839552879
v -0.0082017183303833 -0.007073581218719482 0.04178518056869507
v -0.007558763027191162 -0.007073581218719482 0.04316401109099388
v -0.007898867130279541 -0.006883859168738127 0.04336040839552879
v 0.005610287189483643 -0.007073581218719482 0.04548608884215355
v 0.006686090957373381 -0.007073581218719482 0.044410280883312225
v 0.0069869752041995525 -0.006883859168738127 0.04466276988387108
v 0.00586277199909091 -0.006883859168738127 0.04578696936368942
v 0.005610287189483643 -0.007073581218719482 0.04548608884215355
v 0.0069869752041995525 -0.006883859168738127 0.04466276988387108
v -0.006686090957373381 -0.007073581218719482 0.044410280883312225
v -0.00586277199909091 -0.006883859168738127 0.04578696936368942
v -0.0069869752041995525 -0.006883859168738127 0.04466276988387108
v -0.007558763027191162 -0.007073581218719482 0.04316401109099388
v -0.006686090957373381 -0.007073581218719482 0.044410280883312225
v -0.0069869752041995525 -0.006883859168738127 0.04466276988387108
v 0.004364013206213713 -0.007073581218719482 0.04635876044631004
v 0.005610287189483643 -0.007073581218719482 0.04548608884215355
v 0.00586277199909091 -0.006883859168738127 0.04578696936368942
v 0.0045604100450873375 -0.006883859168738127 0.046698860824108124
v 0.004364013206213713 -0.007073581218719482 0.04635876044631004
v 0.00586277199909091 -0.006883859168738127 0.04578696936368942
v -0.006686090957373381 -0.007073581218719482 0.044410280883312225
v -0.005610287189483643 -0.007073581218719482 0.04548608884215355
v -0.00586277199909091 -0.006883859168738127 0.04578696936368942
v -0.005610287189483643 -0.007073581218719482 0.04548608884215355
v -0.0045604100450873375 -0.006883859168738127 0.046698860824108124
v -0.00586277199909091 -0.006883859168738127 0.04578696936368942
v 0.0029851789586246014 -0.007073581218719482 0.047001708298921585
v 0.004364013206213713 -0.007073581218719482 0.04635876044631004
v 0.0045604100450873375 -0.006883859168738127 0.046698860824108124
v 0.003119467990472913 -0.006883859168738127 0.0473707914352417
v 0.0029851789586246014 -0.007073581218719482 0.047001708298921585
v 0.0045604100450873375 -0.006883859168738127 0.046698860824108124
v -0.005610287189483643 -0.007073581218719482 0.04548608884215355
v -0.004364013206213713 -0.007073581218719482 0.04635876044631004
v -0.0045604100450873375 -0.006883859168738127 0.046698860824108124
v -0.004364013206213713 -0.007073581218719482 0.04635876044631004
v -0.003119467990472913 -0.006883859168738127 0.0473707914352417
v -0.0045604100450873375 -0.006883859168738127 0.046698860824108124
v 0.001515566953457892 -0.007073581218719482 0.047395460307598114
v 0.0029851789586246014 -0.007073581218719482 0.047001708298921585
v 0.003119467990472913 -0.006883859168738127 0.0473707914352417
v 0.0015838140388950706 -0.006883859168738127 0.0477822981774807
v 0.001515566953457892 -0.007073581218719482 0.047395460307598114
v 0.003119467990472913 -0.006883859168738127 0.0473707914352417
v -0.0029851789586246014 -0.007073581218719482 0.047001708298921585
v -0.0015838140388950706 -0.006883859168738127 0.0477822981774807
v -0.003119467990472913 -0.006883859168738127 0.0473707914352417
v -0.004364013206213713 -0.007073581218719482 0.04635876044631004
v -0.0029851789586246014 -0.007073581218719482 0.047001708298921585
v -0.003119467990472913 -0.006883859168738127 0.0473707914352417
v 0.0 -0.007073581218719482 0.04752808064222336
v 0.001515566953457892 -0.007073581218719482 0.047395460307598114
v 0.0015838140388950706 -0.006883859168738127 0.0477822981774807
v 0.0 -0.006883859168738127 0.047920819371938705
v 0.0 -0.007073581218719482 0.04752808064222336
v 0.0015838140388950706 -0.006883859168738127 0.0477822981774807
v -0.0029851789586246014 -0.007073581218719482 0.047001708298921585
v -0.001515566953457892 -0.007073581218719482 0.047395460307598114
v -0.0015838140388950706 -0.006883859168738127 0.0477822981774807
v -0.001515566953457892 -0.007073581218719482 0.047395460307598114
v 0.0 -0.006883859168738127 0.047920819371938705
v -0.0015838140388950706 -0.006883859168738127 0.0477822981774807
v -0.001515566953457892 -0.007073581218719482 0.047395460307598114
v 0.0 -0.007073581218719482 0.04752808064222336
v 0.0 -0.006883859168738127 0.047920819371938705
v 0.008961737155914307 -0.010199960321187973 0.03114050067961216
v 0.009435473941266537 -0.010199960321187973 0.029756419360637665
v 0.009025692008435726 -0.00695067597553134 0.03098762035369873
v 0.00884085800498724 -0.007023155223578215 0.03139150142669678
v 0.008961737155914307 -0.010199960321187973 0.03114050067961216
v 0.009025692008435726 -0.00695067597553134 0.03098762035369873
v 0.005905746947973967 -0.0069761271588504314 0.010999970138072968
v 0.005801260005682707 -0.007299959193915129 0.009999990463256836
v 0.005905746947973967 -0.0069761271588504314 0.009999990463256836
v 0.005801260005682707 -0.007299959193915129 0.009999990463256836
v -0.005801260005682707 -0.007299959193915129 0.009999990463256836
v 0.005905746947973967 -0.0069761271588504314 0.009999990463256836
v -0.005801260005682707 -0.007299959193915129 0.009999990463256836
v -0.005905746947973967 -0.0069761271588504314 0.009999990463256836
v 0.005905746947973967 -0.0069761271588504314 0.009999990463256836
v -0.005761384032666683 -0.007963418029248714 0.010999970138072968
v -0.005905746947973967 -0.0069761271588504314 0.010999970138072968
v -0.005905746947973967 -0.0069761271588504314 0.009999990463256836
v -0.005801260005682707 -0.007299959193915129 0.009999990463256836
v -0.005761384032666683 -0.007963418029248714 0.010999970138072968
v -0.005905746947973967 -0.0069761271588504314 0.009999990463256836
v 0.005761384032666683 -0.007963418029248714 0.010999970138072968
v 0.005801260005682707 -0.007299959193915129 0.009999990463256836
v 0.005905746947973967 -0.0069761271588504314 0.010999970138072968
v 0.009499967098236084 -0.007699965965002775 0.010999970138072968
v 0.005761384032666683 -0.007963418029248714 0.010999970138072968
v 0.005905746947973967 -0.0069761271588504314 0.010999970138072968
v -0.009375928901135921 -0.00862354040145874 0.010999970138072968
v -0.009499967098236084 -0.007699965965002775 0.010999970138072968
v -0.005905746947973967 -0.0069761271588504314 0.010999970138072968
v -0.005761384032666683 -0.007963418029248714 0.010999970138072968
v -0.009375928901135921 -0.00862354040145874 0.010999970138072968
v -0.005905746947973967 -0.0069761271588504314 0.010999970138072968
v -0.0087280860170722 -0.007073581218719482 0.03880000114440918
v -0.008595465682446957 -0.007073581218719482 0.04031556099653244
v -0.008837640285491943 -0.007020710967481136 0.03880000114440918
v -0.00884699821472168 -0.007038115989416838 0.03139752149581909
v -0.0087280860170722 -0.007073581218719482 0.03880000114440918
v -0.008837640285491943 -0.007020710967481136 0.03880000114440918
v -0.008848547004163265 -0.007037817966192961 0.03139448165893555
v -0.00884699821472168 -0.007038115989416838 0.03139752149581909
v -0.008837640285491943 -0.007020710967481136 0.03880000114440918
v 0.0087280860170722 -0.007073581218719482 0.03880000114440918
v 0.008690357208251953 -0.007082163821905851 0.03172038868069649
v 0.008837640285491943 -0.007020710967481136 0.03880000114440918
v 0.008690357208251953 -0.007082163821905851 0.03172038868069649
v 0.00879430677741766 -0.007041393779218197 0.03149323910474777
v 0.008837640285491943 -0.007020710967481136 0.03880000114440918
v 0.00879430677741766 -0.007041393779218197 0.03149323910474777
v 0.00884085800498724 -0.007023155223578215 0.03139150142669678
v 0.008837640285491943 -0.007020710967481136 0.03880000114440918
v 0.008595465682446957 -0.007073581218719482 0.04031556099653244
v 0.0087280860170722 -0.007073581218719482 0.03880000114440918
v 0.008837640285491943 -0.007020710967481136 0.03880000114440918
v 0.008781731128692627 -0.010199960321187973 0.03148626908659935
v 0.008961737155914307 -0.010199960321187973 0.03114050067961216
v 0.00884085800498724 -0.007023155223578215 0.03139150142669678
v 0.00879430677741766 -0.007041393779218197 0.03149323910474777
v 0.008781731128692627 -0.010199960321187973 0.03148626908659935
v 0.00884085800498724 -0.007023155223578215 0.03139150142669678
v -0.008961737155914307 -0.010199960321187973 0.03114050067961216
v -0.00884699821472168 -0.007038115989416838 0.03139752149581909
v -0.008848547004163265 -0.007037817966192961 0.03139448165893555
v -0.009435473941266537 -0.010199960321187973 0.029756419360637665
v -0.008961737155914307 -0.010199960321187973 0.03114050067961216
v -0.008848547004163265 -0.007037817966192961 0.03139448165893555
v -0.008961737155914307 -0.010199960321187973 0.03114050067961216
v -0.008781731128692627 -0.010199960321187973 0.03148626908659935
v -0.00884699821472168 -0.007038115989416838 0.03139752149581909
v -0.008781731128692627 -0.010199960321187973 0.03148626908659935
v -0.008797407150268555 -0.007046937011182308 0.031494490802288055
v -0.00884699821472168 -0.007038115989416838 0.03139752149581909
v -0.008797407150268555 -0.007046937011182308 0.031494490802288055
v -0.0087280860170722 -0.007073581218719482 0.03880000114440918
v -0.00884699821472168 -0.007038115989416838 0.03139752149581909
v 0.008690357208251953 -0.007082163821905851 0.03172038868069649
v 0.008781731128692627 -0.010199960321187973 0.03148626908659935
v 0.00879430677741766 -0.007041393779218197 0.03149323910474777
v -0.008781731128692627 -0.010199960321187973 0.03148626908659935
v -0.00849997904151678 -0.0070999860763549805 0.03207622841000557
v -0.008797407150268555 -0.007046937011182308 0.031494490802288055
v -0.00849997904151678 -0.0070999860763549805 0.03207622841000557
v -0.00849997904151678 -0.0070999860763549805 0.03880000114440918
v -0.008797407150268555 -0.007046937011182308 0.031494490802288055
v -0.00849997904151678 -0.0070999860763549805 0.03880000114440918
v -0.0087280860170722 -0.007073581218719482 0.03880000114440918
v -0.008797407150268555 -0.007046937011182308 0.031494490802288055
v -0.00849997904151678 -0.0070999860763549805 0.03880000114440918
v -0.008595465682446957 -0.007073581218719482 0.04031556099653244
v -0.0087280860170722 -0.007073581218719482 0.03880000114440918
v 0.00849997904151678 -0.0070999860763549805 0.03880000114440918
v 0.00849997904151678 -0.0070999860763549805 0.03207622841000557
v 0.0087280860170722 -0.007073581218719482 0.03880000114440918
v 0.00849997904151678 -0.0070999860763549805 0.03207622841000557
v 0.008690357208251953 -0.007082163821905851 0.03172038868069649
v 0.0087280860170722 -0.007073581218719482 0.03880000114440918
v 0.00837081577628851 -0.0070999860763549805 0.04027599096298218
v 0.00849997904151678 -0.0070999860763549805 0.03880000114440918
v 0.0087280860170722 -0.007073581218719482 0.03880000114440918
v 0.008595465682446957 -0.007073581218719482 0.04031556099653244
v 0.00837081577628851 -0.0070999860763549805 0.04027599096298218
v 0.0087280860170722 -0.007073581218719482 0.03880000114440918
v 0.007987380027770996 -0.0070999860763549805 0.041707150638103485
v 0.00837081577628851 -0.0070999860763549805 0.04027599096298218
v 0.008595465682446957 -0.007073581218719482 0.04031556099653244
v 0.0082017183303833 -0.007073581218719482 0.04178518056869507
v 0.007987380027770996 -0.0070999860763549805 0.041707150638103485
v 0.008595465682446957 -0.007073581218719482 0.04031556099653244
v -0.00849997904151678 -0.0070999860763549805 0.03880000114440918
v -0.00837081577628851 -0.0070999860763549805 0.04027599096298218
v -0.008595465682446957 -0.007073581218719482 0.04031556099653244
v -0.00837081577628851 -0.0070999860763549805 0.04027599096298218
v -0.0082017183303833 -0.007073581218719482 0.04178518056869507
v -0.008595465682446957 -0.007073581218719482 0.04031556099653244
v 0.007558763027191162 -0.007073581218719482 0.04316401109099388
v 0.007361173164099455 -0.0070999860763549805 0.04304999113082886
v 0.0082017183303833 -0.007073581218719482 0.04178518056869507
v 0.007361173164099455 -0.0070999860763549805 0.04304999113082886
v 0.007987380027770996 -0.0070999860763549805 0.041707150638103485
v 0.0082017183303833 -0.007073581218719482 0.04178518056869507
v -0.007987380027770996 -0.0070999860763549805 0.041707150638103485
v -0.007558763027191162 -0.007073581218719482 0.04316401109099388
v -0.0082017183303833 -0.007073581218719482 0.04178518056869507
v -0.00837081577628851 -0.0070999860763549805 0.04027599096298218
v -0.007987380027770996 -0.0070999860763549805 0.041707150638103485
v -0.0082017183303833 -0.007073581218719482 0.04178518056869507
v 0.006511330138891935 -0.0070999860763549805 0.04426366090774536
v 0.007361173164099455 -0.0070999860763549805 0.04304999113082886
v 0.007558763027191162 -0.007073581218719482 0.04316401109099388
v 0.006686090957373381 -0.007073581218719482 0.044410280883312225
v 0.006511330138891935 -0.0070999860763549805 0.04426366090774536
v 0.007558763027191162 -0.007073581218719482 0.04316401109099388
v -0.007361173164099455 -0.0070999860763549805 0.04304999113082886
v -0.006686090957373381 -0.007073581218719482 0.044410280883312225
v -0.007558763027191162 -0.007073581218719482 0.04316401109099388
v -0.007987380027770996 -0.0070999860763549805 0.041707150638103485
v -0.007361173164099455 -0.0070999860763549805 0.04304999113082886
v -0.007558763027191162 -0.007073581218719482 0.04316401109099388
v 0.005463658832013607 -0.0070999860763549805 0.0453113317489624
v 0.006511330138891935 -0.0070999860763549805 0.04426366090774536
v 0.006686090957373381 -0.007073581218719482 0.044410280883312225
v 0.005610287189483643 -0.007073581218719482 0.04548608884215355
v 0.005463658832013607 -0.0070999860763549805 0.0453113317489624
v 0.006686090957373381 -0.007073581218719482 0.044410280883312225
v -0.006511330138891935 -0.0070999860763549805 0.04426366090774536
v -0.005610287189483643 -0.007073581218719482 0.04548608884215355
v -0.006686090957373381 -0.007073581218719482 0.044410280883312225
v -0.007361173164099455 -0.0070999860763549805 0.04304999113082886
v -0.006511330138891935 -0.0070999860763549805 0.04426366090774536
v -0.006686090957373381 -0.007073581218719482 0.044410280883312225
v 0.004249989055097103 -0.0070999860763549805 0.04616117104887962
v 0.005463658832013607 -0.0070999860763549805 0.0453113317489624
v 0.005610287189483643 -0.007073581218719482 0.04548608884215355
v 0.004364013206213713 -0.007073581218719482 0.04635876044631004
v 0.004249989055097103 -0.0070999860763549805 0.04616117104887962
v 0.005610287189483643 -0.007073581218719482 0.04548608884215355
v -0.006511330138891935 -0.0070999860763549805 0.04426366090774536
v -0.005463658832013607 -0.0070999860763549805 0.0453113317489624
v -0.005610287189483643 -0.007073581218719482 0.04548608884215355
v -0.005463658832013607 -0.0070999860763549805 0.0453113317489624
v -0.004364013206213713 -0.007073581218719482 0.04635876044631004
v -0.005610287189483643 -0.007073581218719482 0.04548608884215355
v 0.0029071560129523277 -0.0070999860763549805 0.046787381172180176
v 0.004249989055097103 -0.0070999860763549805 0.04616117104887962
v 0.004364013206213713 -0.007073581218719482 0.04635876044631004
v 0.0029851789586246014 -0.007073581218719482 0.047001708298921585
v 0.0029071560129523277 -0.0070999860763549805 0.046787381172180176
v 0.004364013206213713 -0.007073581218719482 0.04635876044631004
v -0.005463658832013607 -0.0070999860763549805 0.0453113317489624
v -0.004249989055097103 -0.0070999860763549805 0.04616117104887962
v -0.004364013206213713 -0.007073581218719482 0.04635876044631004
v -0.004249989055097103 -0.0070999860763549805 0.04616117104887962
v -0.0029851789586246014 -0.007073581218719482 0.047001708298921585
v -0.004364013206213713 -0.007073581218719482 0.04635876044631004
v 0.0014759890036657453 -0.0070999860763549805 0.04717081040143967
v 0.0029071560129523277 -0.0070999860763549805 0.046787381172180176
v 0.0029851789586246014 -0.007073581218719482 0.047001708298921585
v 0.001515566953457892 -0.007073581218719482 0.047395460307598114
v 0.0014759890036657453 -0.0070999860763549805 0.04717081040143967
v 0.0029851789586246014 -0.007073581218719482 0.047001708298921585
v -0.004249989055097103 -0.0070999860763549805 0.04616117104887962
v -0.0029071560129523277 -0.0070999860763549805 0.046787381172180176
v -0.0029851789586246014 -0.007073581218719482 0.047001708298921585
v -0.0029071560129523277 -0.0070999860763549805 0.046787381172180176
v -0.001515566953457892 -0.007073581218719482 0.047395460307598114
v -0.0029851789586246014 -0.007073581218719482 0.047001708298921585
v 0.0 -0.0070999860763549805 0.047299981117248535
v 0.0014759890036657453 -0.0070999860763549805 0.04717081040143967
v 0.001515566953457892 -0.007073581218719482 0.047395460307598114
v 0.0 -0.007073581218719482 0.04752808064222336
v 0.0 -0.0070999860763549805 0.047299981117248535
v 0.001515566953457892 -0.007073581218719482 0.047395460307598114
v -0.0029071560129523277 -0.0070999860763549805 0.046787381172180176
v -0.0014759890036657453 -0.0070999860763549805 0.04717081040143967
v -0.001515566953457892 -0.007073581218719482 0.047395460307598114
v -0.0014759890036657453 -0.0070999860763549805 0.04717081040143967
v 0.0 -0.007073581218719482 0.04752808064222336
v -0.001515566953457892 -0.007073581218719482 0.047395460307598114
v -0.0014759890036657453 -0.0070999860763549805 0.04717081040143967
v 0.0 -0.0070999860763549805 0.047299981117248535
v 0.0 -0.007073581218719482 0.04752808064222336
v 0.00828623678535223 -0.010199960321187973 0.032438088208436966
v 0.008781731128692627 -0.010199960321187973 0.03148626908659935
v 0.008690357208251953 -0.007082163821905851 0.03172038868069649
v 0.00849997904151678 -0.0070999860763549805 0.03207622841000557
v 0.00828623678535223 -0.010199960321187973 0.032438088208436966
v 0.008690357208251953 -0.007082163821905851 0.03172038868069649
v 0.007653951179236174 -0.010199960321187973 0.03330504149198532
v 0.00828623678535223 -0.010199960321187973 0.032438088208436966
v 0.00849997904151678 -0.0070999860763549805 0.03207622841000557
v 0.007671296130865812 -0.0070999860763549805 0.033317681401968
v 0.007653951179236174 -0.010199960321187973 0.03330504149198532
v 0.00849997904151678 -0.0070999860763549805 0.03207622841000557
v 0.00849997904151678 -0.0070999860763549805 0.03880000114440918
v 0.007671296130865812 -0.0070999860763549805 0.033317681401968
v 0.00849997904151678 -0.0070999860763549805 0.03207622841000557
v -0.00828623678535223 -0.010199960321187973 0.032438088208436966
v -0.007671296130865812 -0.0070999860763549805 0.033317681401968
v -0.00849997904151678 -0.0070999860763549805 0.03207622841000557
v -0.008781731128692627 -0.010199960321187973 0.03148626908659935
v -0.00828623678535223 -0.010199960321187973 0.032438088208436966
v -0.00849997904151678 -0.0070999860763549805 0.03207622841000557
v -0.007671296130865812 -0.0070999860763549805 0.033317681401968
v -0.00849997904151678 -0.0070999860763549805 0.03880000114440918
v -0.00849997904151678 -0.0070999860763549805 0.03207622841000557
v 0.007424234878271818 -0.010199960321187973 0.03361998870968819
v 0.007653951179236174 -0.010199960321187973 0.03330504149198532
v 0.007671296130865812 -0.0070999860763549805 0.033317681401968
v 0.006395101081579924 -0.0070999860763549805 0.03465962037444115
v 0.007424234878271818 -0.010199960321187973 0.03361998870968819
v 0.007671296130865812 -0.0070999860763549805 0.033317681401968
v 0.00849997904151678 -0.0070999860763549805 0.03880000114440918
v 0.006395101081579924 -0.0070999860763549805 0.03465962037444115
v 0.007671296130865812 -0.0070999860763549805 0.033317681401968
v -0.007424234878271818 -0.010199960321187973 0.03361998870968819
v -0.006395101081579924 -0.0070999860763549805 0.03465962037444115
v -0.007671296130865812 -0.0070999860763549805 0.033317681401968
v -0.007653951179236174 -0.010199960321187973 0.03330504149198532
v -0.007424234878271818 -0.010199960321187973 0.03361998870968819
v -0.007671296130865812 -0.0070999860763549805 0.033317681401968
v -0.00828623678535223 -0.010199960321187973 0.032438088208436966
v -0.007653951179236174 -0.010199960321187973 0.03330504149198532
v -0.007671296130865812 -0.0070999860763549805 0.033317681401968
v -0.006395101081579924 -0.0070999860763549805 0.03465962037444115
v -0.00849997904151678 -0.0070999860763549805 0.03880000114440918
v -0.007671296130865812 -0.0070999860763549805 0.033317681401968
v 0.006395101081579924 -0.010199960321187973 0.03465962037444115
v 0.007424234878271818 -0.010199960321187973 0.03361998870968819
v 0.006395101081579924 -0.0070999860763549805 0.03465962037444115
v 0.00578349782153964 -0.0070999860763549805 0.035023391246795654
v 0.006395101081579924 -0.010199960321187973 0.03465962037444115
v 0.006395101081579924 -0.0070999860763549805 0.03465962037444115
v 0.00849997904151678 -0.0070999860763549805 0.03880000114440918
v 0.00578349782153964 -0.0070999860763549805 0.035023391246795654
v 0.006395101081579924 -0.0070999860763549805 0.03465962037444115
v -0.006395101081579924 -0.010199960321187973 0.03465962037444115
v -0.00578349782153964 -0.010199960321187973 0.035023391246795654
v -0.006395101081579924 -0.0070999860763549805 0.03465962037444115
v -0.00578349782153964 -0.010199960321187973 0.035023391246795654
v -0.00578349782153964 -0.0070999860763549805 0.035023391246795654
v -0.006395101081579924 -0.0070999860763549805 0.03465962037444115
v -0.007424234878271818 -0.010199960321187973 0.03361998870968819
v -0.006395101081579924 -0.010199960321187973 0.03465962037444115
v -0.006395101081579924 -0.0070999860763549805 0.03465962037444115
v -0.00578349782153964 -0.0070999860763549805 0.035023391246795654
v -0.00849997904151678 -0.0070999860763549805 0.03880000114440918
v -0.006395101081579924 -0.0070999860763549805 0.03465962037444115
v 0.005083261989057064 -0.0070999860763549805 0.035149991512298584
v 0.00578349782153964 -0.010199960321187973 0.035023391246795654
v 0.00578349782153964 -0.0070999860763549805 0.035023391246795654
v 0.00578349782153964 -0.010199960321187973 0.035023391246795654
v 0.006395101081579924 -0.010199960321187973 0.03465962037444115
v 0.00578349782153964 -0.0070999860763549805 0.035023391246795654
v 0.00849997904151678 -0.0070999860763549805 0.03880000114440918
v 0.005083261989057064 -0.0070999860763549805 0.035149991512298584
v 0.00578349782153964 -0.0070999860763549805 0.035023391246795654
v -0.00578349782153964 -0.010199960321187973 0.035023391246795654
v -0.005083261989057064 -0.010199960321187973 0.035149991512298584
v -0.00578349782153964 -0.0070999860763549805 0.035023391246795654
v -0.005083261989057064 -0.010199960321187973 0.035149991512298584
v -0.005083261989057064 -0.0070999860763549805 0.035149991512298584
v -0.00578349782153964 -0.0070999860763549805 0.035023391246795654
v -0.005083261989057064 -0.0070999860763549805 0.035149991512298584
v -0.0011931649642065167 -0.0070999860763549805 0.03632228821516037
v -0.00578349782153964 -0.0070999860763549805 0.035023391246795654
v -0.0011931649642065167 -0.0070999860763549805 0.03632228821516037
v -0.0021499989088624716 -0.0070999860763549805 0.03708535060286522
v -0.00578349782153964 -0.0070999860763549805 0.035023391246795654
v -0.0021499989088624716 -0.0070999860763549805 0.03708535060286522
v -0.0026810159906744957 -0.0070999860763549805 0.038188040256500244
v -0.00578349782153964 -0.0070999860763549805 0.035023391246795654
v -0.0026810159906744957 -0.0070999860763549805 0.038188040256500244
v -0.00849997904151678 -0.0070999860763549805 0.03880000114440918
v -0.00578349782153964 -0.0070999860763549805 0.035023391246795654
v 0.005083261989057064 -0.010199960321187973 0.035149991512298584
v 0.00578349782153964 -0.010199960321187973 0.035023391246795654
v 0.005083261989057064 -0.0070999860763549805 0.035149991512298584
v -0.005083261989057064 -0.0070999860763549805 0.035149991512298584
v -0.005083261989057064 -0.010199960321187973 0.035149991512298584
v 0.005083261989057064 -0.0070999860763549805 0.035149991512298584
v -0.005083261989057064 -0.010199960321187973 0.035149991512298584
v 0.005083261989057064 -0.010199960321187973 0.035149991512298584
v 0.005083261989057064 -0.0070999860763549805 0.035149991512298584
v 0.00849997904151678 -0.0070999860763549805 0.03880000114440918
v 0.0011931649642065167 -0.0070999860763549805 0.03632228821516037
v 0.005083261989057064 -0.0070999860763549805 0.035149991512298584
v 0.0011931649642065167 -0.0070999860763549805 0.03632228821516037
v 0.0 -0.0070999860763549805 0.03604995831847191
v 0.005083261989057064 -0.0070999860763549805 0.035149991512298584
v 0.0 -0.0070999860763549805 0.03604995831847191
v -0.005083261989057064 -0.0070999860763549805 0.035149991512298584
v 0.005083261989057064 -0.0070999860763549805 0.035149991512298584
v 0.0 -0.0070999860763549805 0.03604995831847191
v -0.0011931649642065167 -0.0070999860763549805 0.03632228821516037
v -0.005083261989057064 -0.0070999860763549805 0.035149991512298584
v 0.00849997904151678 -0.0070999860763549805 0.03880000114440918
v 0.0021499989088624716 -0.0070999860763549805 0.03708535060286522
v 0.0011931649642065167 -0.0070999860763549805 0.03632228821516037
v 0.00849997904151678 -0.0070999860763549805 0.03880000114440918
v 0.0026810159906744957 -0.0070999860763549805 0.038188040256500244
v 0.0021499989088624716 -0.0070999860763549805 0.03708535060286522
v 0.00849997904151678 -0.0070999860763549805 0.03880000114440918
v 0.0026810159906744957 -0.0070999860763549805 0.03941189870238304
v 0.0026810159906744957 -0.0070999860763549805 0.038188040256500244
v -0.00837081577628851 -0.0070999860763549805 0.04027599096298218
v -0.00849997904151678 -0.0070999860763549805 0.03880000114440918
v -0.0026810159906744957 -0.0070999860763549805 0.038188040256500244
v -0.0026810159906744957 -0.0070999860763549805 0.03941189870238304
v -0.00837081577628851 -0.0070999860763549805 0.04027599096298218
v -0.0026810159906744957 -0.0070999860763549805 0.038188040256500244
v 0.00837081577628851 -0.0070999860763549805 0.04027599096298218
v 0.0026810159906744957 -0.0070999860763549805 0.03941189870238304
v 0.00849997904151678 -0.0070999860763549805 0.03880000114440918
v 0.007361173164099455 -0.0070999860763549805 0.04304999113082886
v 0.0021499989088624716 -0.0070999860763549805 0.04051458090543747
v 0.0026810159906744957 -0.0070999860763549805 0.03941189870238304
v 0.007987380027770996 -0.0070999860763549805 0.041707150638103485
v 0.007361173164099455 -0.0070999860763549805 0.04304999113082886
v 0.0026810159906744957 -0.0070999860763549805 0.03941189870238304
v 0.00837081577628851 -0.0070999860763549805 0.04027599096298218
v 0.007987380027770996 -0.0070999860763549805 0.041707150638103485
v 0.0026810159906744957 -0.0070999860763549805 0.03941189870238304
v -0.007987380027770996 -0.0070999860763549805 0.041707150638103485
v -0.00837081577628851 -0.0070999860763549805 0.04027599096298218
v -0.0026810159906744957 -0.0070999860763549805 0.03941189870238304
v -0.0021499989088624716 -0.0070999860763549805 0.04051458090543747
v -0.007987380027770996 -0.0070999860763549805 0.041707150638103485
v -0.0026810159906744957 -0.0070999860763549805 0.03941189870238304
v 0.005463658832013607 -0.0070999860763549805 0.0453113317489624
v 0.0011931649642065167 -0.0070999860763549805 0.04127763956785202
v 0.0021499989088624716 -0.0070999860763549805 0.04051458090543747
v 0.006511330138891935 -0.0070999860763549805 0.04426366090774536
v 0.005463658832013607 -0.0070999860763549805 0.0453113317489624
v 0.0021499989088624716 -0.0070999860763549805 0.04051458090543747
v 0.007361173164099455 -0.0070999860763549805 0.04304999113082886
v 0.006511330138891935 -0.0070999860763549805 0.04426366090774536
v 0.0021499989088624716 -0.0070999860763549805 0.04051458090543747
v -0.005463658832013607 -0.0070999860763549805 0.0453113317489624
v -0.006511330138891935 -0.0070999860763549805 0.04426366090774536
v -0.0021499989088624716 -0.0070999860763549805 0.04051458090543747
v -0.0011931649642065167 -0.0070999860763549805 0.04127763956785202
v -0.005463658832013607 -0.0070999860763549805 0.0453113317489624
v -0.0021499989088624716 -0.0070999860763549805 0.04051458090543747
v -0.007361173164099455 -0.0070999860763549805 0.04304999113082886
v -0.007987380027770996 -0.0070999860763549805 0.041707150638103485
v -0.0021499989088624716 -0.0070999860763549805 0.04051458090543747
v -0.006511330138891935 -0.0070999860763549805 0.04426366090774536
v -0.007361173164099455 -0.0070999860763549805 0.04304999113082886
v -0.0021499989088624716 -0.0070999860763549805 0.04051458090543747
v 0.004249989055097103 -0.0070999860763549805 0.04616117104887962
v 0.0029071560129523277 -0.0070999860763549805 0.046787381172180176
v 0.0011931649642065167 -0.0070999860763549805 0.04127763956785202
v 0.0029071560129523277 -0.0070999860763549805 0.046787381172180176
v 0.0014759890036657453 -0.0070999860763549805 0.04717081040143967
v 0.0011931649642065167 -0.0070999860763549805 0.04127763956785202
v 0.0014759890036657453 -0.0070999860763549805 0.04717081040143967
v 0.0 -0.0070999860763549805 0.04154998064041138
v 0.0011931649642065167 -0.0070999860763549805 0.04127763956785202
v 0.005463658832013607 -0.0070999860763549805 0.0453113317489624
v 0.004249989055097103 -0.0070999860763549805 0.04616117104887962
v 0.0011931649642065167 -0.0070999860763549805 0.04127763956785202
v -0.004249989055097103 -0.0070999860763549805 0.04616117104887962
v -0.005463658832013607 -0.0070999860763549805 0.0453113317489624
v -0.0011931649642065167 -0.0070999860763549805 0.04127763956785202
v 0.0 -0.0070999860763549805 0.04154998064041138
v -0.0014759890036657453 -0.0070999860763549805 0.04717081040143967
v -0.0011931649642065167 -0.0070999860763549805 0.04127763956785202
v -0.0014759890036657453 -0.0070999860763549805 0.04717081040143967
v -0.0029071560129523277 -0.0070999860763549805 0.046787381172180176
v -0.0011931649642065167 -0.0070999860763549805 0.04127763956785202
v -0.0029071560129523277 -0.0070999860763549805 0.046787381172180176
v -0.004249989055097103 -0.0070999860763549805 0.04616117104887962
v -0.0011931649642065167 -0.0070999860763549805 0.04127763956785202
v 0.0014759890036657453 -0.0070999860763549805 0.04717081040143967
v 0.0 -0.0070999860763549805 0.047299981117248535
v 0.0 -0.0070999860763549805 0.04154998064041138
v 0.0 -0.0070999860763549805 0.047299981117248535
v -0.0014759890036657453 -0.0070999860763549805 0.04717081040143967
v 0.0 -0.0070999860763549805 0.04154998064041138
v -0.0004981019883416593 -0.010199960321187973 -0.0034643409308046103
v -0.0013393750414252281 -0.007299959193915129 -0.003233551047742367
v 0.0 -0.007299959193915129 -0.0034999840427190065
v 0.0013393750414252281 -0.007299959193915129 -0.003233551047742367
v 0.0004981019883416593 -0.010199960321187973 -0.0034643409308046103
v 0.0 -0.007299959193915129 -0.0034999840427190065
v 0.0004981019883416593 -0.010199960321187973 -0.0034643409308046103
v 0.0 -0.010199960321187973 -0.0034643409308046103
v 0.0 -0.007299959193915129 -0.0034999840427190065
v 0.0 -0.010199960321187973 -0.0034643409308046103
v -0.0004981019883416593 -0.010199960321187973 -0.0034643409308046103
v 0.0 -0.007299959193915129 -0.0034999840427190065
v 0.0 -0.007299959193915129 -0.00274997903034091
v 0.0013393750414252281 -0.007299959193915129 -0.003233551047742367
v 0.0 -0.007299959193915129 -0.0034999840427190065
v -0.0011931649642065167 -0.007299959193915129 -0.002477644942700863
v 0.0 -0.007299959193915129 -0.00274997903034091
v 0.0 -0.007299959193915129 -0.0034999840427190065
v -0.0013393750414252281 -0.007299959193915129 -0.003233551047742367
v -0.0011931649642065167 -0.007299959193915129 -0.002477644942700863
v 0.0 -0.007299959193915129 -0.0034999840427190065
v 0.002474843990057707 -0.007299959193915129 -0.002474843990057707
v 0.0014539359835907817 -0.010199960321187973 -0.003183661960065365
v 0.0013393750414252281 -0.007299959193915129 -0.003233551047742367
v 0.0014539359835907817 -0.010199960321187973 -0.003183661960065365
v 0.0013349649962037802 -0.010199960321187973 -0.0032185909803956747
v 0.0013393750414252281 -0.007299959193915129 -0.003233551047742367
v 0.0013349649962037802 -0.010199960321187973 -0.0032185909803956747
v 0.0004981019883416593 -0.010199960321187973 -0.0034643409308046103
v 0.0013393750414252281 -0.007299959193915129 -0.003233551047742367
v 0.0011931649642065167 -0.007299959193915129 -0.002477644942700863
v 0.002474843990057707 -0.007299959193915129 -0.002474843990057707
v 0.0013393750414252281 -0.007299959193915129 -0.003233551047742367
v 0.0 -0.007299959193915129 -0.00274997903034091
v 0.0011931649642065167 -0.007299959193915129 -0.002477644942700863
v 0.0013393750414252281 -0.007299959193915129 -0.003233551047742367
v -0.0022919769398868084 -0.010199960321187973 -0.002645075088366866
v -0.002474843990057707 -0.007299959193915129 -0.002474843990057707
v -0.0013393750414252281 -0.007299959193915129 -0.003233551047742367
v -0.0014539359835907817 -0.010199960321187973 -0.003183661960065365
v -0.0022919769398868084 -0.010199960321187973 -0.002645075088366866
v -0.0013393750414252281 -0.007299959193915129 -0.003233551047742367
v -0.0004981019883416593 -0.010199960321187973 -0.0034643409308046103
v -0.0013349649962037802 -0.010199960321187973 -0.0032185909803956747
v -0.0013393750414252281 -0.007299959193915129 -0.003233551047742367
v -0.0013349649962037802 -0.010199960321187973 -0.0032185909803956747
v -0.0014539359835907817 -0.010199960321187973 -0.003183661960065365
v -0.0013393750414252281 -0.007299959193915129 -0.003233551047742367
v -0.0021499989088624716 -0.007299959193915129 -0.001714586978778243
v -0.0011931649642065167 -0.007299959193915129 -0.002477644942700863
v -0.0013393750414252281 -0.007299959193915129 -0.003233551047742367
v -0.002474843990057707 -0.007299959193915129 -0.002474843990057707
v -0.0021499989088624716 -0.007299959193915129 -0.001714586978778243
v -0.0013393750414252281 -0.007299959193915129 -0.003233551047742367
v -0.0011931649642065167 -0.00829994585365057 -0.002477644942700863
v 0.0 -0.00829994585365057 -0.00274997903034091
v 0.0 -0.007299959193915129 -0.00274997903034091
v -0.0011931649642065167 -0.007299959193915129 -0.002477644942700863
v -0.0011931649642065167 -0.00829994585365057 -0.002477644942700863
v 0.0 -0.007299959193915129 -0.00274997903034091
v 0.0 -0.00829994585365057 -0.00274997903034091
v 0.0011931649642065167 -0.007299959193915129 -0.002477644942700863
v 0.0 -0.007299959193915129 -0.00274997903034091
v 0.0021499989088624716 -0.007299959193915129 -0.001714586978778243
v 0.002474843990057707 -0.007299959193915129 -0.002474843990057707
v 0.0011931649642065167 -0.007299959193915129 -0.002477644942700863
v 0.0011931649642065167 -0.00829994585365057 -0.002477644942700863
v 0.0021499989088624716 -0.007299959193915129 -0.001714586978778243
v 0.0011931649642065167 -0.007299959193915129 -0.002477644942700863
v 0.0 -0.00829994585365057 -0.00274997903034091
v 0.0011931649642065167 -0.00829994585365057 -0.002477644942700863
v 0.0011931649642065167 -0.007299959193915129 -0.002477644942700863
v -0.0021499989088624716 -0.00829994585365057 -0.001714586978778243
v -0.0011931649642065167 -0.00829994585365057 -0.002477644942700863
v -0.0011931649642065167 -0.007299959193915129 -0.002477644942700863
v -0.0021499989088624716 -0.007299959193915129 -0.001714586978778243
v -0.0021499989088624716 -0.00829994585365057 -0.001714586978778243
v -0.0011931649642065167 -0.007299959193915129 -0.002477644942700863
v 0.0024546380154788494 -0.010199960321187973 -0.002457380061969161
v 0.0022919769398868084 -0.010199960321187973 -0.002645075088366866
v 0.002474843990057707 -0.007299959193915129 -0.002474843990057707
v 0.0022919769398868084 -0.010199960321187973 -0.002645075088366866
v 0.0014539359835907817 -0.010199960321187973 -0.003183661960065365
v 0.002474843990057707 -0.007299959193915129 -0.002474843990057707
v 0.0029443500097841024 -0.010199960321187973 -0.0018922090530395508
v 0.0024546380154788494 -0.010199960321187973 -0.002457380061969161
v 0.002474843990057707 -0.007299959193915129 -0.002474843990057707
v 0.003233551047742367 -0.007299959193915129 -0.0013393750414252281
v 0.0029443500097841024 -0.010199960321187973 -0.0018922090530395508
v 0.002474843990057707 -0.007299959193915129 -0.002474843990057707
v 0.0021499989088624716 -0.007299959193915129 -0.001714586978778243
v 0.003233551047742367 -0.007299959193915129 -0.0013393750414252281
v 0.002474843990057707 -0.007299959193915129 -0.002474843990057707
v -0.0029443500097841024 -0.010199960321187973 -0.0018922090530395508
v -0.003233551047742367 -0.007299959193915129 -0.0013393750414252281
v -0.002474843990057707 -0.007299959193915129 -0.002474843990057707
v -0.0024546380154788494 -0.010199960321187973 -0.002457380061969161
v -0.0029443500097841024 -0.010199960321187973 -0.0018922090530395508
v -0.002474843990057707 -0.007299959193915129 -0.002474843990057707
v -0.0022919769398868084 -0.010199960321187973 -0.002645075088366866
v -0.0024546380154788494 -0.010199960321187973 -0.002457380061969161
v -0.002474843990057707 -0.007299959193915129 -0.002474843990057707
v -0.0026810159906744957 -0.007299959193915129 -0.0006119319587014616
v -0.0021499989088624716 -0.007299959193915129 -0.001714586978778243
v -0.002474843990057707 -0.007299959193915129 -0.002474843990057707
v -0.003233551047742367 -0.007299959193915129 -0.0013393750414252281
v -0.0026810159906744957 -0.007299959193915129 -0.0006119319587014616
v -0.002474843990057707 -0.007299959193915129 -0.002474843990057707
v 0.0026810159906744957 -0.007299959193915129 -0.0006119319587014616
v 0.003233551047742367 -0.007299959193915129 -0.0013393750414252281
v 0.0021499989088624716 -0.007299959193915129 -0.001714586978778243
v 0.0021499989088624716 -0.00829994585365057 -0.001714586978778243
v 0.0026810159906744957 -0.007299959193915129 -0.0006119319587014616
v 0.0021499989088624716 -0.007299959193915129 -0.001714586978778243
v 0.0011931649642065167 -0.00829994585365057 -0.002477644942700863
v 0.0021499989088624716 -0.00829994585365057 -0.001714586978778243
v 0.0021499989088624716 -0.007299959193915129 -0.001714586978778243
v -0.0026810159906744957 -0.00829994585365057 -0.0006119319587014616
v -0.0021499989088624716 -0.00829994585365057 -0.001714586978778243
v -0.0021499989088624716 -0.007299959193915129 -0.001714586978778243
v -0.0026810159906744957 -0.007299959193915129 -0.0006119319587014616
v -0.0026810159906744957 -0.00829994585365057 -0.0006119319587014616
v -0.0021499989088624716 -0.007299959193915129 -0.001714586978778243
v 0.0032031529117375612 -0.010199960321187973 -0.001325487974099815
v 0.0029443500097841024 -0.010199960321187973 -0.0018922090530395508
v 0.003233551047742367 -0.007299959193915129 -0.0013393750414252281
v 0.0033581850584596395 -0.010199960321187973 -0.0009860629215836525
v 0.0032031529117375612 -0.010199960321187973 -0.001325487974099815
v 0.003233551047742367 -0.007299959193915129 -0.0013393750414252281
v 0.0034999840427190065 -0.007299959193915129 0.0
v 0.0033581850584596395 -0.010199960321187973 -0.0009860629215836525
v 0.003233551047742367 -0.007299959193915129 -0.0013393750414252281
v 0.0026810159906744957 -0.007299959193915129 -0.0006119319587014616
v 0.0034999840427190065 -0.007299959193915129 0.0
v 0.003233551047742367 -0.007299959193915129 -0.0013393750414252281
v -0.0033581850584596395 -0.010199960321187973 -0.0009860629215836525
v -0.0034999840427190065 -0.007299959193915129 0.0
v -0.003233551047742367 -0.007299959193915129 -0.0013393750414252281
v -0.0032031529117375612 -0.010199960321187973 -0.001325487974099815
v -0.0033581850584596395 -0.010199960321187973 -0.0009860629215836525
v -0.003233551047742367 -0.007299959193915129 -0.0013393750414252281
v -0.0029443500097841024 -0.010199960321187973 -0.0018922090530395508
v -0.0032031529117375612 -0.010199960321187973 -0.001325487974099815
v -0.003233551047742367 -0.007299959193915129 -0.0013393750414252281
v -0.0026810159906744957 -0.007299959193915129 0.0006119339959695935
v -0.0026810159906744957 -0.007299959193915129 -0.0006119319587014616
v -0.003233551047742367 -0.007299959193915129 -0.0013393750414252281
v -0.0034999840427190065 -0.007299959193915129 0.0
v -0.0026810159906744957 -0.007299959193915129 0.0006119339959695935
v -0.003233551047742367 -0.007299959193915129 -0.0013393750414252281
v 0.0026810159906744957 -0.007299959193915129 0.0006119339959695935
v 0.0034999840427190065 -0.007299959193915129 0.0
v 0.0026810159906744957 -0.007299959193915129 -0.0006119319587014616
v 0.0026810159906744957 -0.00829994585365057 -0.0006119319587014616
v 0.0026810159906744957 -0.007299959193915129 0.0006119339959695935
v 0.0026810159906744957 -0.007299959193915129 -0.0006119319587014616
v 0.0021499989088624716 -0.00829994585365057 -0.001714586978778243
v 0.0026810159906744957 -0.00829994585365057 -0.0006119319587014616
v 0.0026810159906744957 -0.007299959193915129 -0.0006119319587014616
v -0.0026810159906744957 -0.00829994585365057 0.0006119339959695935
v -0.0026810159906744957 -0.00829994585365057 -0.0006119319587014616
v -0.0026810159906744957 -0.007299959193915129 -0.0006119319587014616
v -0.0026810159906744957 -0.007299959193915129 0.0006119339959695935
v -0.0026810159906744957 -0.00829994585365057 0.0006119339959695935
v -0.0026810159906744957 -0.007299959193915129 -0.0006119319587014616
v 0.0034999840427190065 -0.010199960321187973 0.0
v 0.0033581850584596395 -0.010199960321187973 -0.0009860629215836525
v 0.0034999840427190065 -0.007299959193915129 0.0
v 0.0034999840427190065 -0.010199960321187973 0.005656837951391935
v 0.0034999840427190065 -0.010199960321187973 0.0
v 0.0034999840427190065 -0.007299959193915129 0.0
v 0.0034999840427190065 -0.007299959193915129 0.005656837951391935
v 0.0034999840427190065 -0.010199960321187973 0.005656837951391935
v 0.0034999840427190065 -0.007299959193915129 0.0
v 0.0026810159906744957 -0.007299959193915129 0.0006119339959695935
v 0.0034999840427190065 -0.007299959193915129 0.005656837951391935
v 0.0034999840427190065 -0.007299959193915129 0.0
v -0.0034999840427190065 -0.010199960321187973 0.0
v -0.0034999840427190065 -0.007299959193915129 0.005656837951391935
v -0.0034999840427190065 -0.007299959193915129 0.0
v -0.0033581850584596395 -0.010199960321187973 -0.0009860629215836525
v -0.0034999840427190065 -0.010199960321187973 0.0
v -0.0034999840427190065 -0.007299959193915129 0.0
v -0.0021499989088624716 -0.007299959193915129 0.001714586978778243
v -0.0026810159906744957 -0.007299959193915129 0.0006119339959695935
v -0.0034999840427190065 -0.007299959193915129 0.0
v -0.0034999840427190065 -0.007299959193915129 0.005656837951391935
v -0.0021499989088624716 -0.007299959193915129 0.001714586978778243
v -0.0034999840427190065 -0.007299959193915129 0.0
v 0.0021499989088624716 -0.007299959193915129 0.001714586978778243
v 0.0034999840427190065 -0.007299959193915129 0.005656837951391935
v 0.0026810159906744957 -0.007299959193915129 0.0006119339959695935
v 0.0026810159906744957 -0.00829994585365057 0.0006119339959695935
v 0.0021499989088624716 -0.007299959193915129 0.001714586978778243
v 0.0026810159906744957 -0.007299959193915129 0.0006119339959695935
v 0.0026810159906744957 -0.00829994585365057 -0.0006119319587014616
v 0.0026810159906744957 -0.00829994585365057 0.0006119339959695935
v 0.0026810159906744957 -0.007299959193915129 0.0006119339959695935
v -0.0021499989088624716 -0.00829994585365057 0.001714586978778243
v -0.0026810159906744957 -0.00829994585365057 0.0006119339959695935
v -0.0026810159906744957 -0.007299959193915129 0.0006119339959695935
v -0.0021499989088624716 -0.007299959193915129 0.001714586978778243
v -0.0021499989088624716 -0.00829994585365057 0.001714586978778243
v -0.0026810159906744957 -0.007299959193915129 0.0006119339959695935
v 0.0011931649642065167 -0.007299959193915129 0.002477644942700863
v 0.003557144897058606 -0.007299959193915129 0.00599014712497592
v 0.0021499989088624716 -0.007299959193915129 0.001714586978778243
v 0.003557144897058606 -0.007299959193915129 0.00599014712497592
v 0.0034999840427190065 -0.007299959193915129 0.005656837951391935
v 0.0021499989088624716 -0.007299959193915129 0.001714586978778243
v 0.0021499989088624716 -0.00829994585365057 0.001714586978778243
v 0.0011931649642065167 -0.007299959193915129 0.002477644942700863
v 0.0021499989088624716 -0.007299959193915129 0.001714586978778243
v 0.0026810159906744957 -0.00829994585365057 0.0006119339959695935
v 0.0021499989088624716 -0.00829994585365057 0.001714586978778243
v 0.0021499989088624716 -0.007299959193915129 0.001714586978778243
v -0.0034999840427190065 -0.007299959193915129 0.005656837951391935
v -0.0011931649642065167 -0.007299959193915129 0.002477644942700863
v -0.0021499989088624716 -0.007299959193915129 0.001714586978778243
v -0.0011931649642065167 -0.00829994585365057 0.002477644942700863
v -0.0021499989088624716 -0.00829994585365057 0.001714586978778243
v -0.0021499989088624716 -0.007299959193915129 0.001714586978778243
v -0.0011931649642065167 -0.007299959193915129 0.002477644942700863
v -0.0011931649642065167 -0.00829994585365057 0.002477644942700863
v -0.0021499989088624716 -0.007299959193915129 0.001714586978778243
v 0.0 -0.007299959193915129 0.00274997903034091
v 0.005801260005682707 -0.007299959193915129 0.009999990463256836
v 0.0011931649642065167 -0.007299959193915129 0.002477644942700863
v 0.005801260005682707 -0.007299959193915129 0.009999990463256836
v 0.003722189925611019 -0.007299959193915129 0.0062853689305484295
v 0.0011931649642065167 -0.007299959193915129 0.002477644942700863
v 0.003722189925611019 -0.007299959193915129 0.0062853689305484295
v 0.003557144897058606 -0.007299959193915129 0.00599014712497592
v 0.0011931649642065167 -0.007299959193915129 0.002477644942700863
v 0.0011931649642065167 -0.00829994585365057 0.002477644942700863
v 0.0 -0.007299959193915129 0.00274997903034091
v 0.0011931649642065167 -0.007299959193915129 0.002477644942700863
v 0.0021499989088624716 -0.00829994585365057 0.001714586978778243
v 0.0011931649642065167 -0.00829994585365057 0.002477644942700863
v 0.0011931649642065167 -0.007299959193915129 0.002477644942700863
v -0.005801260005682707 -0.007299959193915129 0.009999990463256836
v 0.0 -0.007299959193915129 0.00274997903034091
v -0.0011931649642065167 -0.007299959193915129 0.002477644942700863
v -0.003722189925611019 -0.007299959193915129 0.0062853689305484295
v -0.005801260005682707 -0.007299959193915129 0.009999990463256836
v -0.0011931649642065167 -0.007299959193915129 0.002477644942700863
v -0.0034999840427190065 -0.007299959193915129 0.005656837951391935
v -0.003557144897058606 -0.007299959193915129 0.00599014712497592
v -0.0011931649642065167 -0.007299959193915129 0.002477644942700863
v -0.003557144897058606 -0.007299959193915129 0.00599014712497592
v -0.003722189925611019 -0.007299959193915129 0.0062853689305484295
v -0.0011931649642065167 -0.007299959193915129 0.002477644942700863
v 0.0 -0.00829994585365057 0.00274997903034091
v -0.0011931649642065167 -0.00829994585365057 0.002477644942700863
v -0.0011931649642065167 -0.007299959193915129 0.002477644942700863
v 0.0 -0.007299959193915129 0.00274997903034091
v 0.0 -0.00829994585365057 0.00274997903034091
v -0.0011931649642065167 -0.007299959193915129 0.002477644942700863
v 0.0011931649642065167 -0.00829994585365057 0.002477644942700863
v 0.0 -0.00829994585365057 0.00274997903034091
v 0.0 -0.007299959193915129 0.00274997903034091
v -0.005801260005682707 -0.007299959193915129 0.009999990463256836
v 0.005801260005682707 -0.007299959193915129 0.009999990463256836
v 0.0 -0.007299959193915129 0.00274997903034091
v 0.003557144897058606 -0.007299959193915129 0.00599014712497592
v 0.003557144897058606 -0.010199960321187973 0.00599014712497592
v 0.0034999840427190065 -0.007299959193915129 0.005656837951391935
v 0.003557144897058606 -0.010199960321187973 0.00599014712497592
v 0.0034999840427190065 -0.010199960321187973 0.005656837951391935
v 0.0034999840427190065 -0.007299959193915129 0.005656837951391935
v -0.0034999840427190065 -0.010199960321187973 0.0
v -0.0034999840427190065 -0.010199960321187973 0.005656837951391935
v -0.0034999840427190065 -0.007299959193915129 0.005656837951391935
v -0.0034999840427190065 -0.010199960321187973 0.005656837951391935
v -0.003557144897058606 -0.007299959193915129 0.00599014712497592
v -0.0034999840427190065 -0.007299959193915129 0.005656837951391935
v 0.003722189925611019 -0.007299959193915129 0.0062853689305484295
v 0.003722189925611019 -0.010199960321187973 0.0062853689305484295
v 0.003557144897058606 -0.007299959193915129 0.00599014712497592
v 0.003722189925611019 -0.010199960321187973 0.0062853689305484295
v 0.003557144897058606 -0.010199960321187973 0.00599014712497592
v 0.003557144897058606 -0.007299959193915129 0.00599014712497592
v -0.0034999840427190065 -0.010199960321187973 0.005656837951391935
v -0.003557144897058606 -0.010199960321187973 0.00599014712497592
v -0.003557144897058606 -0.007299959193915129 0.00599014712497592
v -0.003557144897058606 -0.010199960321187973 0.00599014712497592
v -0.003722189925611019 -0.007299959193915129 0.0062853689305484295
v -0.003557144897058606 -0.007299959193915129 0.00599014712497592
v 0.004548549186438322 -0.010199960321187973 0.00718873692676425
v 0.003722189925611019 -0.010199960321187973 0.0062853689305484295
v 0.003722189925611019 -0.007299959193915129 0.0062853689305484295
v 0.004846751224249601 -0.007299959193915129 0.007465540897101164
v 0.004548549186438322 -0.010199960321187973 0.00718873692676425
v 0.003722189925611019 -0.007299959193915129 0.0062853689305484295
v 0.005801260005682707 -0.007299959193915129 0.009999990463256836
v 0.004846751224249601 -0.007299959193915129 0.007465540897101164
v 0.003722189925611019 -0.007299959193915129 0.0062853689305484295
v -0.004548549186438322 -0.010199960321187973 0.00718873692676425
v -0.004846751224249601 -0.007299959193915129 0.007465540897101164
v -0.003722189925611019 -0.007299959193915129 0.0062853689305484295
v -0.003722189925611019 -0.010199960321187973 0.0062853689305484295
v -0.004548549186438322 -0.010199960321187973 0.00718873692676425
v -0.003722189925611019 -0.007299959193915129 0.0062853689305484295
v -0.004846751224249601 -0.007299959193915129 0.007465540897101164
v -0.005801260005682707 -0.007299959193915129 0.009999990463256836
v -0.003722189925611019 -0.007299959193915129 0.0062853689305484295
v -0.003557144897058606 -0.010199960321187973 0.00599014712497592
v -0.003722189925611019 -0.010199960321187973 0.0062853689305484295
v -0.003722189925611019 -0.007299959193915129 0.0062853689305484295
v 0.005801260005682707 -0.007299959193915129 0.008217333815991879
v 0.005750060081481934 -0.00776934577152133 0.008181571029126644
v 0.004846751224249601 -0.007299959193915129 0.007465540897101164
v 0.005750060081481934 -0.00776934577152133 0.008181571029126644
v 0.005774735938757658 -0.007961690425872803 0.008198796771466732
v 0.004846751224249601 -0.007299959193915129 0.007465540897101164
v 0.004857598803937435 -0.010199960321187973 0.007452905178070068
v 0.004548549186438322 -0.010199960321187973 0.00718873692676425
v 0.004846751224249601 -0.007299959193915129 0.007465540897101164
v 0.005774735938757658 -0.007961690425872803 0.008198796771466732
v 0.004857598803937435 -0.010199960321187973 0.007452905178070068
v 0.004846751224249601 -0.007299959193915129 0.007465540897101164
v 0.005801260005682707 -0.007299959193915129 0.009999990463256836
v 0.005801260005682707 -0.007299959193915129 0.008217333815991879
v 0.004846751224249601 -0.007299959193915129 0.007465540897101164
v -0.005761146079748869 -0.007538557052612305 0.008189319632947445
v -0.005801260005682707 -0.007299959193915129 0.008217333815991879
v -0.004846751224249601 -0.007299959193915129 0.007465540897101164
v -0.004548549186438322 -0.010199960321187973 0.00718873692676425
v -0.004857598803937435 -0.010199960321187973 0.007452905178070068
v -0.004846751224249601 -0.007299959193915129 0.007465540897101164
v -0.005767405033111572 -0.007963298819959164 0.008193731307983398
v -0.005761146079748869 -0.007538557052612305 0.008189319632947445
v -0.004846751224249601 -0.007299959193915129 0.007465540897101164
v -0.004857598803937435 -0.010199960321187973 0.007452905178070068
v -0.005887567065656185 -0.008479118347167969 0.008276522159576416
v -0.004846751224249601 -0.007299959193915129 0.007465540897101164
v -0.005887567065656185 -0.008479118347167969 0.008276522159576416
v -0.00576823903247714 -0.00802004337310791 0.008194327354431152
v -0.004846751224249601 -0.007299959193915129 0.007465540897101164
v -0.00576823903247714 -0.00802004337310791 0.008194327354431152
v -0.005767405033111572 -0.007963298819959164 0.008193731307983398
v -0.004846751224249601 -0.007299959193915129 0.007465540897101164
v -0.005801260005682707 -0.007299959193915129 0.008217333815991879
v -0.005801260005682707 -0.007299959193915129 0.009999990463256836
v -0.004846751224249601 -0.007299959193915129 0.007465540897101164
v 0.005801260005682707 -0.007299959193915129 0.009999990463256836
v 0.005750060081481934 -0.00776934577152133 0.008181571029126644
v 0.005801260005682707 -0.007299959193915129 0.008217333815991879
v -0.005761146079748869 -0.007538557052612305 0.008189319632947445
v -0.005761384032666683 -0.007963418029248714 0.010999970138072968
v -0.005801260005682707 -0.007299959193915129 0.008217333815991879
v -0.005761384032666683 -0.007963418029248714 0.010999970138072968
v -0.005801260005682707 -0.007299959193915129 0.009999990463256836
v -0.005801260005682707 -0.007299959193915129 0.008217333815991879
v 0.005761384032666683 -0.007963418029248714 0.010999970138072968
v 0.005750060081481934 -0.00776934577152133 0.008181571029126644
v 0.005801260005682707 -0.007299959193915129 0.009999990463256836
v -0.005767405033111572 -0.007963298819959164 0.008193731307983398
v -0.005761384032666683 -0.007963418029248714 0.010999970138072968
v -0.005761146079748869 -0.007538557052612305 0.008189319632947445
v 0.009499967098236084 -0.007699965965002775 0.018399950116872787
v 0.009381592273712158 -0.008602499030530453 0.018399950116872787
v 0.009499967098236084 -0.007699965965002775 0.010999970138072968
v 0.009381592273712158 -0.008602499030530453 0.018399950116872787
v 0.009375928901135921 -0.00862354040145874 0.010999970138072968
v 0.009499967098236084 -0.007699965965002775 0.010999970138072968
v 0.009375928901135921 -0.00862354040145874 0.010999970138072968
v 0.005761384032666683 -0.007963418029248714 0.010999970138072968
v 0.009499967098236084 -0.007699965965002775 0.010999970138072968
v -0.009375928901135921 -0.00862354040145874 0.010999970138072968
v -0.009372532367706299 -0.008621931076049805 0.018399950116872787
v -0.009499967098236084 -0.007699965965002775 0.010999970138072968
v -0.009372532367706299 -0.008621931076049805 0.018399950116872787
v -0.009381592273712158 -0.008602499030530453 0.018399950116872787
v -0.009499967098236084 -0.007699965965002775 0.010999970138072968
v -0.009381592273712158 -0.008602499030530453 0.018399950116872787
v -0.009499967098236084 -0.007699965965002775 0.018399950116872787
v -0.009499967098236084 -0.007699965965002775 0.010999970138072968
v 0.009500086307525635 -0.008389711380004883 0.01846742071211338
v 0.009381592273712158 -0.008602499030530453 0.018399950116872787
v 0.009499967098236084 -0.007699965965002775 0.018399950116872787
v -0.009381592273712158 -0.008602499030530453 0.018399950116872787
v -0.009499906562268734 -0.007890284061431885 0.018405070528388023
v -0.009499967098236084 -0.007699965965002775 0.018399950116872787
v 0.005761384032666683 -0.007963418029248714 0.010999970138072968
v 0.005774735938757658 -0.007961690425872803 0.008198796771466732
v 0.005750060081481934 -0.00776934577152133 0.008181571029126644
v -0.009381592273712158 -0.008602499030530453 0.018399950116872787
v -0.009499967098236084 -0.008554159663617611 0.018502650782465935
v -0.009499906562268734 -0.007890284061431885 0.018405070528388023
v 0.005761384032666683 -0.007963418029248714 0.010999970138072968
v 0.005809903144836426 -0.00823599100112915 0.008223295211791992
v 0.005774735938757658 -0.007961690425872803 0.008198796771466732
v 0.005809903144836426 -0.00823599100112915 0.008223295211791992
v 0.004857598803937435 -0.010199960321187973 0.007452905178070068
v 0.005774735938757658 -0.007961690425872803 0.008198796771466732
v -0.00576823903247714 -0.00802004337310791 0.008194327354431152
v -0.005761384032666683 -0.007963418029248714 0.010999970138072968
v -0.005767405033111572 -0.007963298819959164 0.008193731307983398
v 0.006111979018896818 -0.008897542022168636 0.010999970138072968
v 0.006122887134552002 -0.008890092372894287 0.008429883979260921
v 0.005761384032666683 -0.007963418029248714 0.010999970138072968
v 0.006122887134552002 -0.008890092372894287 0.008429883979260921
v 0.005981922149658203 -0.008684813044965267 0.00833970308303833
v 0.005761384032666683 -0.007963418029248714 0.010999970138072968
v 0.005981922149658203 -0.008684813044965267 0.00833970308303833
v 0.005809903144836426 -0.00823599100112915 0.008223295211791992
v 0.005761384032666683 -0.007963418029248714 0.010999970138072968
v 0.009375928901135921 -0.00862354040145874 0.010999970138072968
v 0.009191811084747314 -0.009136021137237549 0.010999970138072968
v 0.005761384032666683 -0.007963418029248714 0.010999970138072968
v 0.009191811084747314 -0.009136021137237549 0.010999970138072968
v 0.008800446055829525 -0.009451866149902344 0.010999970138072968
v 0.005761384032666683 -0.007963418029248714 0.010999970138072968
v 0.008800446055829525 -0.009451866149902344 0.010999970138072968
v 0.006111979018896818 -0.008897542022168636 0.010999970138072968
v 0.005761384032666683 -0.007963418029248714 0.010999970138072968
v -0.00576823903247714 -0.00802004337310791 0.008194327354431152
v -0.005887567065656185 -0.008479118347167969 0.008276522159576416
v -0.005761384032666683 -0.007963418029248714 0.010999970138072968
v -0.005887567065656185 -0.008479118347167969 0.008276522159576416
v -0.0061029791831970215 -0.008884668350219727 0.008418560028076172
v -0.005761384032666683 -0.007963418029248714 0.010999970138072968
v -0.0061029791831970215 -0.008884668350219727 0.008418560028076172
v -0.006111979018896818 -0.008897542022168636 0.010999970138072968
v -0.005761384032666683 -0.007963418029248714 0.010999970138072968
v -0.008800446055829525 -0.009451866149902344 0.010999970138072968
v -0.009375928901135921 -0.00862354040145874 0.010999970138072968
v -0.005761384032666683 -0.007963418029248714 0.010999970138072968
v -0.006111979018896818 -0.008897542022168636 0.010999970138072968
v -0.008800446055829525 -0.009451866149902344 0.010999970138072968
v -0.005761384032666683 -0.007963418029248714 0.010999970138072968
v 0.005981922149658203 -0.008684813044965267 0.00833970308303833
v 0.004857598803937435 -0.010199960321187973 0.007452905178070068
v 0.005809903144836426 -0.00823599100112915 0.008223295211791992
v -0.0011931649642065167 -0.00829994585365057 -0.002477644942700863
v 0.0 -0.00829994585365057 0.0
v 0.0 -0.00829994585365057 -0.00274997903034091
v 0.0 -0.00829994585365057 0.0
v 0.0011931649642065167 -0.00829994585365057 -0.002477644942700863
v 0.0 -0.00829994585365057 -0.00274997903034091
v 0.0 -0.00829994585365057 0.0
v 0.0021499989088624716 -0.00829994585365057 -0.001714586978778243
v 0.0011931649642065167 -0.00829994585365057 -0.002477644942700863
v -0.0021499989088624716 -0.00829994585365057 -0.001714586978778243
v 0.0 -0.00829994585365057 0.0
v -0.0011931649642065167 -0.00829994585365057 -0.002477644942700863
v 0.0 -0.00829994585365057 0.0
v 0.0026810159906744957 -0.00829994585365057 -0.0006119319587014616
v 0.0021499989088624716 -0.00829994585365057 -0.001714586978778243
v -0.0026810159906744957 -0.00829994585365057 -0.0006119319587014616
v 0.0 -0.00829994585365057 0.0
v -0.0021499989088624716 -0.00829994585365057 -0.001714586978778243
v 0.0 -0.00829994585365057 0.0
v 0.0026810159906744957 -0.00829994585365057 0.0006119339959695935
v 0.0026810159906744957 -0.00829994585365057 -0.0006119319587014616
v -0.0026810159906744957 -0.00829994585365057 0.0006119339959695935
v 0.0 -0.00829994585365057 0.0
v -0.0026810159906744957 -0.00829994585365057 -0.0006119319587014616
v 0.0 -0.00829994585365057 0.00274997903034091
v 0.0011931649642065167 -0.00829994585365057 0.002477644942700863
v 0.0 -0.00829994585365057 0.0
v -0.0011931649642065167 -0.00829994585365057 0.002477644942700863
v 0.0 -0.00829994585365057 0.00274997903034091
v 0.0 -0.00829994585365057 0.0
v -0.0026810159906744957 -0.00829994585365057 0.0006119339959695935
v -0.0021499989088624716 -0.00829994585365057 0.001714586978778243
v 0.0 -0.00829994585365057 0.0
v -0.0021499989088624716 -0.00829994585365057 0.001714586978778243
v -0.0011931649642065167 -0.00829994585365057 0.002477644942700863
v 0.0 -0.00829994585365057 0.0
v 0.0011931649642065167 -0.00829994585365057 0.002477644942700863
v 0.0021499989088624716 -0.00829994585365057 0.001714586978778243
v 0.0 -0.00829994585365057 0.0
v 0.0021499989088624716 -0.00829994585365057 0.001714586978778243
v 0.0026810159906744957 -0.00829994585365057 0.0006119339959695935
v 0.0 -0.00829994585365057 0.0
v 0.009500025771558285 -0.008638381026685238 0.01853697933256626
v 0.009381592273712158 -0.008602499030530453 0.018399950116872787
v 0.009500086307525635 -0.008389711380004883 0.01846742071211338
v -0.004857598803937435 -0.010199960321187973 0.007452905178070068
v -0.0061029791831970215 -0.008884668350219727 0.008418560028076172
v -0.005887567065656185 -0.008479118347167969 0.008276522159576416
v -0.009381592273712158 -0.008602499030530453 0.018399950116872787
v -0.009499967098236084 -0.0086362948641181 0.018529409542679787
v -0.009499967098236084 -0.008554159663617611 0.018502650782465935
v 0.009500025771558285 -0.008638381026685238 0.01853697933256626
v 0.009372532367706299 -0.008621931076049805 0.018399950116872787
v 0.009381592273712158 -0.008602499030530453 0.018399950116872787
v 0.009372532367706299 -0.008621931076049805 0.018399950116872787
v 0.009375928901135921 -0.00862354040145874 0.010999970138072968
v 0.009381592273712158 -0.008602499030530453 0.018399950116872787
v -0.009372532367706299 -0.008621931076049805 0.018399950116872787
v -0.009499967098236084 -0.0086362948641181 0.018529409542679787
v -0.009381592273712158 -0.008602499030530453 0.018399950116872787
v 0.009500025771558285 -0.008638381026685238 0.01853697933256626
v 0.00886768102645874 -0.009706555865705013 0.018399950116872787
v 0.009372532367706299 -0.008621931076049805 0.018399950116872787
v 0.00886768102645874 -0.009706555865705013 0.018399950116872787
v 0.009375928901135921 -0.00862354040145874 0.010999970138072968
v 0.009372532367706299 -0.008621931076049805 0.018399950116872787
v -0.00886768102645874 -0.009706555865705013 0.018399950116872787
v -0.009499967098236084 -0.009267449378967285 0.018734930083155632
v -0.009372532367706299 -0.008621931076049805 0.018399950116872787
v -0.009499967098236084 -0.009267449378967285 0.018734930083155632
v -0.009499967098236084 -0.0086362948641181 0.018529409542679787
v -0.009372532367706299 -0.008621931076049805 0.018399950116872787
v -0.009375928901135921 -0.00862354040145874 0.010999970138072968
v -0.00886768102645874 -0.009706555865705013 0.018399950116872787
v -0.009372532367706299 -0.008621931076049805 0.018399950116872787
v 0.00886768102645874 -0.009706555865705013 0.018399950116872787
v 0.009191811084747314 -0.009136021137237549 0.010999970138072968
v 0.009375928901135921 -0.00862354040145874 0.010999970138072968
v -0.009191811084747314 -0.009136021137237549 0.010999970138072968
v -0.008862613700330257 -0.009711623191833496 0.018399950116872787
v -0.009375928901135921 -0.00862354040145874 0.010999970138072968
v -0.008862613700330257 -0.009711623191833496 0.018399950116872787
v -0.00886768102645874 -0.009706555865705013 0.018399950116872787
v -0.009375928901135921 -0.00862354040145874 0.010999970138072968
v -0.008800446055829525 -0.009451866149902344 0.010999970138072968
v -0.009191811084747314 -0.009136021137237549 0.010999970138072968
v -0.009375928901135921 -0.00862354040145874 0.010999970138072968
v 0.009499967098236084 -0.009060919284820557 0.018655240535736084
v 0.00886768102645874 -0.009706555865705013 0.018399950116872787
v 0.009500025771558285 -0.008638381026685238 0.01853697933256626
v 0.006122887134552002 -0.008890092372894287 0.008429883979260921
v 0.004857598803937435 -0.010199960321187973 0.007452905178070068
v 0.005981922149658203 -0.008684813044965267 0.00833970308303833
v -0.006113171111792326 -0.008896528743207455 0.008424878120422363
v -0.006111979018896818 -0.008897542022168636 0.010999970138072968
v -0.0061029791831970215 -0.008884668350219727 0.008418560028076172
v -0.005479156039655209 -0.010199960321187973 0.007984340190887451
v -0.006113171111792326 -0.008896528743207455 0.008424878120422363
v -0.0061029791831970215 -0.008884668350219727 0.008418560028076172
v -0.004857598803937435 -0.010199960321187973 0.007452905178070068
v -0.005479156039655209 -0.010199960321187973 0.007984340190887451
v -0.0061029791831970215 -0.008884668350219727 0.008418560028076172
v 0.006111979018896818 -0.008897542022168636 0.010999970138072968
v 0.0062430500984191895 -0.009064911864697933 0.008506715297698975
v 0.006122887134552002 -0.008890092372894287 0.008429883979260921
v 0.005479156039655209 -0.010199960321187973 0.007984340190887451
v 0.004857598803937435 -0.010199960321187973 0.007452905178070068
v 0.006122887134552002 -0.008890092372894287 0.008429883979260921
v 0.0062430500984191895 -0.009064911864697933 0.008506715297698975
v 0.005479156039655209 -0.010199960321187973 0.007984340190887451
v 0.006122887134552002 -0.008890092372894287 0.008429883979260921
v -0.006367743015289307 -0.009191930294036865 0.008582173846662045
v -0.006111979018896818 -0.008897542022168636 0.010999970138072968
v -0.006113171111792326 -0.008896528743207455 0.008424878120422363
v -0.005479156039655209 -0.010199960321187973 0.007984340190887451
v -0.006367743015289307 -0.009191930294036865 0.008582173846662045
v -0.006113171111792326 -0.008896528743207455 0.008424878120422363
v 0.006565153133124113 -0.00936126708984375 0.008697569370269775
v 0.006368457805365324 -0.009180307388305664 0.008580981753766537
v 0.006111979018896818 -0.008897542022168636 0.010999970138072968
v 0.00687026884406805 -0.009546101093292236 0.010999970138072968
v 0.006565153133124113 -0.00936126708984375 0.008697569370269775
v 0.006111979018896818 -0.008897542022168636 0.010999970138072968
v 0.006368457805365324 -0.009180307388305664 0.008580981753766537
v 0.0062430500984191895 -0.009064911864697933 0.008506715297698975
v 0.006111979018896818 -0.008897542022168636 0.010999970138072968
v 0.008800446055829525 -0.009451866149902344 0.010999970138072968
v 0.00687026884406805 -0.009546101093292236 0.010999970138072968
v 0.006111979018896818 -0.008897542022168636 0.010999970138072968
v -0.006367743015289307 -0.009191930294036865 0.008582173846662045
v -0.006384431850165129 -0.009211300872266293 0.008592486381530762
v -0.006111979018896818 -0.008897542022168636 0.010999970138072968
v -0.006384431850165129 -0.009211300872266293 0.008592486381530762
v -0.00680881692096591 -0.00951474905014038 0.008831322193145752
v -0.006111979018896818 -0.008897542022168636 0.010999970138072968
v -0.00680881692096591 -0.00951474905014038 0.008831322193145752
v -0.00687026884406805 -0.009546101093292236 0.010999970138072968
v -0.006111979018896818 -0.008897542022168636 0.010999970138072968
v -0.00687026884406805 -0.009546101093292236 0.010999970138072968
v -0.008800446055829525 -0.009451866149902344 0.010999970138072968
v -0.006111979018896818 -0.008897542022168636 0.010999970138072968
v 0.009499967098236084 -0.009907424449920654 0.019037900492548943
v 0.00886768102645874 -0.009706555865705013 0.018399950116872787
v 0.009499967098236084 -0.009060919284820557 0.018655240535736084
v 0.006372152827680111 -0.010199960321187973 0.008575557731091976
v 0.005479156039655209 -0.010199960321187973 0.007984340190887451
v 0.0062430500984191895 -0.009064911864697933 0.008506715297698975
v 0.006368457805365324 -0.009180307388305664 0.008580981753766537
v 0.006372152827680111 -0.010199960321187973 0.008575557731091976
v 0.0062430500984191895 -0.009064911864697933 0.008506715297698975
v 0.009191811084747314 -0.009136021137237549 0.010999970138072968
v 0.008941650390625 -0.009576082229614258 0.010461149737238884
v 0.009191811084747314 -0.009136021137237549 0.010518070310354233
v 0.009159921668469906 -0.009168504737317562 0.01033787988126278
v 0.009076832793653011 -0.009243546985089779 0.01019154954701662
v 0.009191811084747314 -0.009136021137237549 0.010518070310354233
v 0.008800446055829525 -0.009451866149902344 0.010999970138072968
v 0.009191811084747314 -0.009136021137237549 0.010999970138072968
v 0.009191811084747314 -0.009136021137237549 0.010518070310354233
v 0.009076832793653011 -0.009243546985089779 0.01019154954701662
v 0.008800446055829525 -0.009451866149902344 0.010999970138072968
v 0.009191811084747314 -0.009136021137237549 0.010518070310354233
v 0.008941650390625 -0.009576082229614258 0.010461149737238884
v 0.009159921668469906 -0.009168504737317562 0.01033787988126278
v 0.009191811084747314 -0.009136021137237549 0.010518070310354233
v -0.00894075632095337 -0.009575486183166504 0.010460849851369858
v -0.009191811084747314 -0.009136021137237549 0.010999970138072968
v -0.009191811084747314 -0.009136021137237549 0.010518070310354233
v -0.008800446055829525 -0.009451866149902344 0.010999970138072968
v -0.00916063692420721 -0.009167790412902832 0.010339969769120216
v -0.009191811084747314 -0.009136021137237549 0.010518070310354233
v -0.009191811084747314 -0.009136021137237549 0.010999970138072968
v -0.008800446055829525 -0.009451866149902344 0.010999970138072968
v -0.009191811084747314 -0.009136021137237549 0.010518070310354233
v -0.00916063692420721 -0.009167790412902832 0.010339969769120216
v -0.00894075632095337 -0.009575486183166504 0.010460849851369858
v -0.009191811084747314 -0.009136021137237549 0.010518070310354233
v 0.00886768102645874 -0.009706555865705013 0.018399950116872787
v 0.008862613700330257 -0.009711623191833496 0.018399950116872787
v 0.009191811084747314 -0.009136021137237549 0.010999970138072968
v 0.008862613700330257 -0.009711623191833496 0.018399950116872787
v 0.008863030932843685 -0.0097121000289917 0.01044315006583929
v 0.009191811084747314 -0.009136021137237549 0.010999970138072968
v 0.008863030932843685 -0.0097121000289917 0.01044315006583929
v 0.00886690616607666 -0.00970762874931097 0.010444100014865398
v 0.009191811084747314 -0.009136021137237549 0.010999970138072968
v 0.00886690616607666 -0.00970762874931097 0.010444100014865398
v 0.008941650390625 -0.009576082229614258 0.010461149737238884
v 0.009191811084747314 -0.009136021137237549 0.010999970138072968
v -0.00894075632095337 -0.009575486183166504 0.010460849851369858
v -0.008862613700330257 -0.009711623191833496 0.018399950116872787
v -0.009191811084747314 -0.009136021137237549 0.010999970138072968
v -0.008800446055829525 -0.009451866149902344 0.010999970138072968
v -0.009081423282623291 -0.00924062728881836 0.010191909968852997
v -0.00916063692420721 -0.009167790412902832 0.010339969769120216
v -0.009081423282623291 -0.00924062728881836 0.010191909968852997
v -0.008937418460845947 -0.009509444236755371 0.01015585009008646
v -0.00916063692420721 -0.009167790412902832 0.010339969769120216
v -0.008937418460845947 -0.009509444236755371 0.01015585009008646
v -0.00894075632095337 -0.009575486183166504 0.010460849851369858
v -0.00916063692420721 -0.009167790412902832 0.010339969769120216
v 0.008941650390625 -0.009576082229614258 0.010461149737238884
v 0.009076832793653011 -0.009243546985089779 0.01019154954701662
v 0.009159921668469906 -0.009168504737317562 0.01033787988126278
v 0.006565153133124113 -0.00936126708984375 0.008697569370269775
v 0.006372152827680111 -0.010199960321187973 0.008575557731091976
v 0.006368457805365324 -0.009180307388305664 0.008580981753766537
v -0.006372152827680111 -0.010199960321187973 0.008575557731091976
v -0.006384431850165129 -0.009211300872266293 0.008592486381530762
v -0.006367743015289307 -0.009191930294036865 0.008582173846662045
v -0.005479156039655209 -0.010199960321187973 0.007984340190887451
v -0.006372152827680111 -0.010199960321187973 0.008575557731091976
v -0.006367743015289307 -0.009191930294036865 0.008582173846662045
v -0.006372152827680111 -0.010199960321187973 0.008575557731091976
v -0.00680881692096591 -0.00951474905014038 0.008831322193145752
v -0.006384431850165129 -0.009211300872266293 0.008592486381530762
v -0.008800446055829525 -0.009451866149902344 0.010999970138072968
v -0.009045897983014584 -0.009273350238800049 0.010125449858605862
v -0.009081423282623291 -0.00924062728881836 0.010191909968852997
v -0.009045897983014584 -0.009273350238800049 0.010125449858605862
v -0.008937418460845947 -0.009509444236755371 0.01015585009008646
v -0.009081423282623291 -0.00924062728881836 0.010191909968852997
v 0.009018898010253906 -0.009295879863202572 0.010089630261063576
v 0.008800446055829525 -0.009451866149902344 0.010999970138072968
v 0.009076832793653011 -0.009243546985089779 0.01019154954701662
v 0.008937418460845947 -0.009509444236755371 0.01015585009008646
v 0.009018898010253906 -0.009295879863202572 0.010089630261063576
v 0.009076832793653011 -0.009243546985089779 0.01019154954701662
v 0.008941650390625 -0.009576082229614258 0.010461149737238884
v 0.008937418460845947 -0.009509444236755371 0.01015585009008646
v 0.009076832793653011 -0.009243546985089779 0.01019154954701662
v -0.00886768102645874 -0.009706555865705013 0.018399950116872787
v -0.009499967098236084 -0.010153169743716717 0.01917772926390171
v -0.009499967098236084 -0.009267449378967285 0.018734930083155632
v -0.008800446055829525 -0.009451866149902344 0.010999970138072968
v -0.008856534026563168 -0.009406328201293945 0.00993281602859497
v -0.009045897983014584 -0.009273350238800049 0.010125449858605862
v -0.008856534026563168 -0.009406328201293945 0.00993281602859497
v -0.008937418460845947 -0.009509444236755371 0.01015585009008646
v -0.009045897983014584 -0.009273350238800049 0.010125449858605862
v 0.008854924701154232 -0.009403586387634277 0.009935854934155941
v 0.008800446055829525 -0.009451866149902344 0.010999970138072968
v 0.009018898010253906 -0.009295879863202572 0.010089630261063576
v 0.008937418460845947 -0.009509444236755371 0.01015585009008646
v 0.008854924701154232 -0.009403586387634277 0.009935854934155941
v 0.009018898010253906 -0.009295879863202572 0.010089630261063576
v 0.00687026884406805 -0.009546101093292236 0.010999970138072968
v 0.006877243053168058 -0.009533344767987728 0.008864103816449642
v 0.006565153133124113 -0.00936126708984375 0.008697569370269775
v 0.006499946117401123 -0.010199960321187973 0.008660197257995605
v 0.006372152827680111 -0.010199960321187973 0.008575557731091976
v 0.006565153133124113 -0.00936126708984375 0.008697569370269775
v 0.006877243053168058 -0.009533344767987728 0.008864103816449642
v 0.006499946117401123 -0.010199960321187973 0.008660197257995605
v 0.006565153133124113 -0.00936126708984375 0.008697569370269775
v 0.008794724009931087 -0.009443104267120361 0.00987934973090887
v 0.008800446055829525 -0.009451866149902344 0.010999970138072968
v 0.008854924701154232 -0.009403586387634277 0.009935854934155941
v 0.008937418460845947 -0.009509444236755371 0.01015585009008646
v 0.008794724009931087 -0.009443104267120361 0.00987934973090887
v 0.008854924701154232 -0.009403586387634277 0.009935854934155941
v -0.008800446055829525 -0.009451866149902344 0.010999970138072968
v -0.008797585032880306 -0.009447753429412842 0.009872913360595703
v -0.008856534026563168 -0.009406328201293945 0.00993281602859497
v -0.00864171888679266 -0.009918390773236752 0.01008020993322134
v -0.008937418460845947 -0.009509444236755371 0.01015585009008646
v -0.008856534026563168 -0.009406328201293945 0.00993281602859497
v -0.008797585032880306 -0.009447753429412842 0.009872913360595703
v -0.00864171888679266 -0.009918390773236752 0.01008020993322134
v -0.008856534026563168 -0.009406328201293945 0.00993281602859497
v 0.00784748699516058 -0.009747563861310482 0.010999970138072968
v 0.008800446055829525 -0.009451866149902344 0.010999970138072968
v 0.008794724009931087 -0.009443104267120361 0.00987934973090887
v 0.008764982223510742 -0.009462653659284115 0.009851454757153988
v 0.00784748699516058 -0.009747563861310482 0.010999970138072968
v 0.008794724009931087 -0.009443104267120361 0.00987934973090887
v 0.008937418460845947 -0.009509444236755371 0.01015585009008646
v 0.00864171888679266 -0.009918390773236752 0.01008020993322134
v 0.008794724009931087 -0.009443104267120361 0.00987934973090887
v 0.00864171888679266 -0.009918390773236752 0.01008020993322134
v 0.008764982223510742 -0.009462653659284115 0.009851454757153988
v 0.008794724009931087 -0.009443104267120361 0.00987934973090887
v -0.008800446055829525 -0.009451866149902344 0.010999970138072968
v -0.008776365779340267 -0.009462653659284115 0.009851275943219662
v -0.008797585032880306 -0.009447753429412842 0.009872913360595703
v -0.008776365779340267 -0.009462653659284115 0.009851275943219662
v -0.008565843105316162 -0.009763479232788086 0.009789823554456234
v -0.008797585032880306 -0.009447753429412842 0.009872913360595703
v -0.008565843105316162 -0.009763479232788086 0.009789823554456234
v -0.00864171888679266 -0.009918390773236752 0.01008020993322134
v -0.008797585032880306 -0.009447753429412842 0.009872913360595703
v 0.00784748699516058 -0.009747563861310482 0.010999970138072968
v 0.00687026884406805 -0.009546101093292236 0.010999970138072968
v 0.008800446055829525 -0.009451866149902344 0.010999970138072968
v -0.00784748699516058 -0.009747563861310482 0.010999970138072968
v -0.008776365779340267 -0.009462653659284115 0.009851275943219662
v -0.008800446055829525 -0.009451866149902344 0.010999970138072968
v -0.00687026884406805 -0.009546101093292236 0.010999970138072968
v -0.00784748699516058 -0.009747563861310482 0.010999970138072968
v -0.008800446055829525 -0.009451866149902344 0.010999970138072968
v -0.00784748699516058 -0.009747563861310482 0.010999970138072968
v -0.00874418020248413 -0.009485304355621338 0.009818552993237972
v -0.008776365779340267 -0.009462653659284115 0.009851275943219662
v -0.00874418020248413 -0.009485304355621338 0.009818552993237972
v -0.008565843105316162 -0.009763479232788086 0.009789823554456234
v -0.008776365779340267 -0.009462653659284115 0.009851275943219662
v 0.008664785884320736 -0.009528516791760921 0.009757517836987972
v 0.00784748699516058 -0.009747563861310482 0.010999970138072968
v 0.008764982223510742 -0.009462653659284115 0.009851454757153988
v 0.008565843105316162 -0.009763418696820736 0.009789823554456234
v 0.008664785884320736 -0.009528516791760921 0.009757517836987972
v 0.008764982223510742 -0.009462653659284115 0.009851454757153988
v 0.00864171888679266 -0.009918390773236752 0.01008020993322134
v 0.008565843105316162 -0.009763418696820736 0.009789823554456234
v 0.008764982223510742 -0.009462653659284115 0.009851454757153988
v -0.00784748699516058 -0.009747563861310482 0.010999970138072968
v -0.008453786373138428 -0.009606361389160156 0.0096283545717597
v -0.00874418020248413 -0.009485304355621338 0.009818552993237972
v -0.008453786373138428 -0.009606361389160156 0.0096283545717597
v -0.008565843105316162 -0.009763479232788086 0.009789823554456234
v -0.00874418020248413 -0.009485304355621338 0.009818552993237972
v 0.008941650390625 -0.009576082229614258 0.010461149737238884
v 0.00886690616607666 -0.00970762874931097 0.010444100014865398
v 0.008937418460845947 -0.009509444236755371 0.01015585009008646
v 0.00886690616607666 -0.00970762874931097 0.010444100014865398
v 0.008863030932843685 -0.0097121000289917 0.01044315006583929
v 0.008937418460845947 -0.009509444236755371 0.01015585009008646
v 0.008863030932843685 -0.0097121000289917 0.01044315006583929
v 0.00864171888679266 -0.009918390773236752 0.01008020993322134
v 0.008937418460845947 -0.009509444236755371 0.01015585009008646
v -0.008862732909619808 -0.009712040424346924 0.010443090461194515
v -0.00894075632095337 -0.009575486183166504 0.010460849851369858
v -0.008937418460845947 -0.009509444236755371 0.01015585009008646
v -0.008858202956616879 -0.009720027446746826 0.010442010127007961
v -0.008862732909619808 -0.009712040424346924 0.010443090461194515
v -0.008937418460845947 -0.009509444236755371 0.01015585009008646
v -0.00864171888679266 -0.009918390773236752 0.01008020993322134
v -0.008858202956616879 -0.009720027446746826 0.010442010127007961
v -0.008937418460845947 -0.009509444236755371 0.01015585009008646
v -0.006873011123389006 -0.00953888799995184 0.008863209746778011
v -0.00687026884406805 -0.009546101093292236 0.010999970138072968
v -0.00680881692096591 -0.00951474905014038 0.008831322193145752
v -0.006499946117401123 -0.010199960321187973 0.008660197257995605
v -0.006873011123389006 -0.00953888799995184 0.008863209746778011
v -0.00680881692096591 -0.00951474905014038 0.008831322193145752
v -0.006372152827680111 -0.010199960321187973 0.008575557731091976
v -0.006499946117401123 -0.010199960321187973 0.008660197257995605
v -0.00680881692096591 -0.00951474905014038 0.008831322193145752
v 0.008454619906842709 -0.009606659412384033 0.009627759456634521
v 0.00784748699516058 -0.009747563861310482 0.010999970138072968
v 0.008664785884320736 -0.009528516791760921 0.009757517836987972
v 0.008565843105316162 -0.009763418696820736 0.009789823554456234
v 0.008454619906842709 -0.009606659412384033 0.009627759456634521
v 0.008664785884320736 -0.009528516791760921 0.009757517836987972
v 0.00687026884406805 -0.009546101093292236 0.010999970138072968
v 0.007019698154181242 -0.009611903689801693 0.008940160274505615
v 0.006877243053168058 -0.009533344767987728 0.008864103816449642
v 0.007019698154181242 -0.009611903689801693 0.008940160274505615
v 0.006499946117401123 -0.010199960321187973 0.008660197257995605
v 0.006877243053168058 -0.009533344767987728 0.008864103816449642
v -0.007292388938367367 -0.0096968999132514 0.009071706794202328
v -0.00687026884406805 -0.009546101093292236 0.010999970138072968
v -0.006873011123389006 -0.00953888799995184 0.008863209746778011
v -0.007110892795026302 -0.010099169798195362 0.008982895873486996
v -0.007292388938367367 -0.0096968999132514 0.009071706794202328
v -0.006873011123389006 -0.00953888799995184 0.008863209746778011
v -0.006499946117401123 -0.010199960321187973 0.008660197257995605
v -0.007110892795026302 -0.010099169798195362 0.008982895873486996
v -0.006873011123389006 -0.00953888799995184 0.008863209746778011
v 0.00784748699516058 -0.009747563861310482 0.010999970138072968
v 0.007801651023328304 -0.009749293327331543 0.009290993213653564
v 0.00687026884406805 -0.009546101093292236 0.010999970138072968
v 0.007801651023328304 -0.009749293327331543 0.009290993213653564
v 0.007523118983954191 -0.009737074375152588 0.00917518138885498
v 0.00687026884406805 -0.009546101093292236 0.010999970138072968
v 0.007523118983954191 -0.009737074375152588 0.00917518138885498
v 0.007019698154181242 -0.009611903689801693 0.008940160274505615
v 0.00687026884406805 -0.009546101093292236 0.010999970138072968
v -0.007801651023328304 -0.009749293327331543 0.009290993213653564
v -0.00784748699516058 -0.009747563861310482 0.010999970138072968
v -0.00687026884406805 -0.009546101093292236 0.010999970138072968
v -0.007292388938367367 -0.0096968999132514 0.009071706794202328
v -0.007801651023328304 -0.009749293327331543 0.009290993213653564
v -0.00687026884406805 -0.009546101093292236 0.010999970138072968
v -0.008862732909619808 -0.009712040424346924 0.010443090461194515
v -0.008862613700330257 -0.009711623191833496 0.018399950116872787
v -0.00894075632095337 -0.009575486183166504 0.010460849851369858
v -0.00784748699516058 -0.009747563861310482 0.010999970138072968
v -0.00831824541091919 -0.009662865661084652 0.00953966286033392
v -0.008453786373138428 -0.009606361389160156 0.0096283545717597
v -0.00831824541091919 -0.009662865661084652 0.00953966286033392
v -0.008565843105316162 -0.009763479232788086 0.009789823554456234
v -0.008453786373138428 -0.009606361389160156 0.0096283545717597
v 0.00831371545791626 -0.009659050963819027 0.009540796279907227
v 0.00784748699516058 -0.009747563861310482 0.010999970138072968
v 0.008454619906842709 -0.009606659412384033 0.009627759456634521
v 0.008565843105316162 -0.009763418696820736 0.009789823554456234
v 0.00831371545791626 -0.009659050963819027 0.009540796279907227
v 0.008454619906842709 -0.009606659412384033 0.009627759456634521
v 0.007523118983954191 -0.009737074375152588 0.00917518138885498
v 0.007166624069213867 -0.010089989751577377 0.009012280963361263
v 0.007019698154181242 -0.009611903689801693 0.008940160274505615
v 0.007166624069213867 -0.010089989751577377 0.009012280963361263
v 0.007110892795026302 -0.010099169798195362 0.008982895873486996
v 0.007019698154181242 -0.009611903689801693 0.008940160274505615
v 0.007110892795026302 -0.010099169798195362 0.008982895873486996
v 0.006499946117401123 -0.010199960321187973 0.008660197257995605
v 0.007019698154181242 -0.009611903689801693 0.008940160274505615
v 0.008219300769269466 -0.009694159030914307 0.00948250200599432
v 0.00784748699516058 -0.009747563861310482 0.010999970138072968
v 0.00831371545791626 -0.009659050963819027 0.009540796279907227
v 0.007830320857465267 -0.010104949586093426 0.009362339042127132
v 0.008219300769269466 -0.009694159030914307 0.00948250200599432
v 0.00831371545791626 -0.009659050963819027 0.009540796279907227
v 0.008565843105316162 -0.009763418696820736 0.009789823554456234
v 0.007906912826001644 -0.01037042960524559 0.009578227065503597
v 0.00831371545791626 -0.009659050963819027 0.009540796279907227
v 0.007906912826001644 -0.01037042960524559 0.009578227065503597
v 0.007830320857465267 -0.010104949586093426 0.009362339042127132
v 0.00831371545791626 -0.009659050963819027 0.009540796279907227
v -0.00784748699516058 -0.009747563861310482 0.010999970138072968
v -0.008282600902020931 -0.0096777668222785 0.009516297839581966
v -0.00831824541091919 -0.009662865661084652 0.00953966286033392
v -0.008282600902020931 -0.0096777668222785 0.009516297839581966
v -0.007830320857465267 -0.010104949586093426 0.009362398646771908
v -0.00831824541091919 -0.009662865661084652 0.00953966286033392
v -0.007906912826001644 -0.01037042960524559 0.009578227065503597
v -0.008565843105316162 -0.009763479232788086 0.009789823554456234
v -0.00831824541091919 -0.009662865661084652 0.00953966286033392
v -0.007830320857465267 -0.010104949586093426 0.009362398646771908
v -0.007906912826001644 -0.01037042960524559 0.009578227065503597
v -0.00831824541091919 -0.009662865661084652 0.00953966286033392
v -0.00784748699516058 -0.009747563861310482 0.010999970138072968
v -0.007846771739423275 -0.009742616675794125 0.009312093257904053
v -0.008282600902020931 -0.0096777668222785 0.009516297839581966
v -0.007846771739423275 -0.009742616675794125 0.009312093257904053
v -0.007830320857465267 -0.010104949586093426 0.009362398646771908
v -0.008282600902020931 -0.0096777668222785 0.009516297839581966
v 0.007846950553357601 -0.00974333193153143 0.009311734698712826
v 0.00784748699516058 -0.009747563861310482 0.010999970138072968
v 0.008219300769269466 -0.009694159030914307 0.00948250200599432
v 0.007830320857465267 -0.010104949586093426 0.009362339042127132
v 0.007846950553357601 -0.00974333193153143 0.009311734698712826
v 0.008219300769269466 -0.009694159030914307 0.00948250200599432
v -0.007694839965552092 -0.009806632064282894 0.009244084358215332
v -0.007801651023328304 -0.009749293327331543 0.009290993213653564
v -0.007292388938367367 -0.0096968999132514 0.009071706794202328
v -0.007166624069213867 -0.010089989751577377 0.009012280963361263
v -0.007694839965552092 -0.009806632064282894 0.009244084358215332
v -0.007292388938367367 -0.0096968999132514 0.009071706794202328
v -0.007110892795026302 -0.010099169798195362 0.008982895873486996
v -0.007166624069213867 -0.010089989751577377 0.009012280963361263
v -0.007292388938367367 -0.0096968999132514 0.009071706794202328
v 0.009499967098236084 -0.009907424449920654 0.019037900492548943
v 0.009499967098236084 -0.010150190442800522 0.019173379987478256
v 0.00886768102645874 -0.009706555865705013 0.018399950116872787
v 0.009499967098236084 -0.010150190442800522 0.019173379987478256
v 0.008862613700330257 -0.009711623191833496 0.018399950116872787
v 0.00886768102645874 -0.009706555865705013 0.018399950116872787
v -0.008862613700330257 -0.009711623191833496 0.018399950116872787
v -0.009499967098236084 -0.010199960321187973 0.01920115016400814
v -0.00886768102645874 -0.009706555865705013 0.018399950116872787
v -0.009499967098236084 -0.010199960321187973 0.01920115016400814
v -0.009499967098236084 -0.010153169743716717 0.01917772926390171
v -0.00886768102645874 -0.009706555865705013 0.018399950116872787
v 0.009499967098236084 -0.010150190442800522 0.019173379987478256
v 0.009499967098236084 -0.010199960321187973 0.01920115016400814
v 0.008862613700330257 -0.009711623191833496 0.018399950116872787
v 0.009499967098236084 -0.010199960321187973 0.01920115016400814
v 0.00801157858222723 -0.010562590323388577 0.018399950116872787
v 0.008862613700330257 -0.009711623191833496 0.018399950116872787
v 0.00801157858222723 -0.010562590323388577 0.018399950116872787
v 0.008621095679700375 -0.009993313811719418 0.010382999666035175
v 0.008862613700330257 -0.009711623191833496 0.018399950116872787
v 0.008621095679700375 -0.009993313811719418 0.010382999666035175
v 0.008863030932843685 -0.0097121000289917 0.01044315006583929
v 0.008862613700330257 -0.009711623191833496 0.018399950116872787
v -0.00801157858222723 -0.010562590323388577 0.018399950116872787
v -0.009499967098236084 -0.010199960321187973 0.01920115016400814
v -0.008862613700330257 -0.009711623191833496 0.018399950116872787
v -0.008862732909619808 -0.009712040424346924 0.010443090461194515
v -0.00801157858222723 -0.010562590323388577 0.018399950116872787
v -0.008862613700330257 -0.009711623191833496 0.018399950116872787
v -0.008858202956616879 -0.009720027446746826 0.010442010127007961
v -0.00801157858222723 -0.010562590323388577 0.018399950116872787
v -0.008862732909619808 -0.009712040424346924 0.010443090461194515
v 0.008621095679700375 -0.009993313811719418 0.010382999666035175
v 0.00864171888679266 -0.009918390773236752 0.01008020993322134
v 0.008863030932843685 -0.0097121000289917 0.01044315006583929
v -0.008622466586530209 -0.009994566440582275 0.010383480228483677
v -0.00801157858222723 -0.010562590323388577 0.018399950116872787
v -0.008858202956616879 -0.009720027446746826 0.010442010127007961
v -0.00864171888679266 -0.009918390773236752 0.01008020993322134
v -0.008622466586530209 -0.009994566440582275 0.010383480228483677
v -0.008858202956616879 -0.009720027446746826 0.010442010127007961
v 0.007801651023328304 -0.009749293327331543 0.009290993213653564
v 0.007694839965552092 -0.009806632064282894 0.009244084358215332
v 0.007523118983954191 -0.009737074375152588 0.00917518138885498
v 0.007694839965552092 -0.009806632064282894 0.009244084358215332
v 0.007166624069213867 -0.010089989751577377 0.009012280963361263
v 0.007523118983954191 -0.009737074375152588 0.00917518138885498
v -0.00784748699516058 -0.009747563861310482 0.010999970138072968
v -0.007801651023328304 -0.009749293327331543 0.009290993213653564
v -0.007846771739423275 -0.009742616675794125 0.009312093257904053
v -0.007801651023328304 -0.009749293327331543 0.009290993213653564
v -0.007694839965552092 -0.009806632064282894 0.009244084358215332
v -0.007846771739423275 -0.009742616675794125 0.009312093257904053
v -0.007694839965552092 -0.009806632064282894 0.009244084358215332
v -0.007830320857465267 -0.010104949586093426 0.009362398646771908
v -0.007846771739423275 -0.009742616675794125 0.009312093257904053
v 0.007801651023328304 -0.009749293327331543 0.009290993213653564
v 0.00784748699516058 -0.009747563861310482 0.010999970138072968
v 0.007846950553357601 -0.00974333193153143 0.009311734698712826
v 0.007830320857465267 -0.010104949586093426 0.009362339042127132
v 0.007801651023328304 -0.009749293327331543 0.009290993213653564
v 0.007846950553357601 -0.00974333193153143 0.009311734698712826
v 0.007830320857465267 -0.010104949586093426 0.009362339042127132
v 0.007694839965552092 -0.009806632064282894 0.009244084358215332
v 0.007801651023328304 -0.009749293327331543 0.009290993213653564
v 0.00864171888679266 -0.009918390773236752 0.01008020993322134
v 0.007906912826001644 -0.01037042960524559 0.009578227065503597
v 0.008565843105316162 -0.009763418696820736 0.009789823554456234
v -0.008294761180877686 -0.010274290107190609 0.00998383667320013
v -0.00864171888679266 -0.009918390773236752 0.01008020993322134
v -0.008565843105316162 -0.009763479232788086 0.009789823554456234
v -0.007906912826001644 -0.01037042960524559 0.009578227065503597
v -0.008294761180877686 -0.010274290107190609 0.00998383667320013
v -0.008565843105316162 -0.009763479232788086 0.009789823554456234
v -0.00715941097587347 -0.010441180318593979 0.00907677412033081
v -0.007830320857465267 -0.010104949586093426 0.009362398646771908
v -0.007694839965552092 -0.009806632064282894 0.009244084358215332
v -0.007166624069213867 -0.010089989751577377 0.009012280963361263
v -0.00715941097587347 -0.010441180318593979 0.00907677412033081
v -0.007694839965552092 -0.009806632064282894 0.009244084358215332
v 0.007830320857465267 -0.010104949586093426 0.009362339042127132
v 0.007166624069213867 -0.010089989751577377 0.009012280963361263
v 0.007694839965552092 -0.009806632064282894 0.009244084358215332
v 0.00841283705085516 -0.010235300287604332 0.010331209748983383
v 0.008294761180877686 -0.010274290107190609 0.00998383667320013
v 0.00864171888679266 -0.009918390773236752 0.01008020993322134
v 0.008621095679700375 -0.009993313811719418 0.010382999666035175
v 0.00841283705085516 -0.010235300287604332 0.010331209748983383
v 0.00864171888679266 -0.009918390773236752 0.01008020993322134
v 0.008294761180877686 -0.010274290107190609 0.00998383667320013
v 0.007906912826001644 -0.01037042960524559 0.009578227065503597
v 0.00864171888679266 -0.009918390773236752 0.01008020993322134
v -0.008294761180877686 -0.010274290107190609 0.00998383667320013
v -0.008429466746747494 -0.010219389572739601 0.010335500352084637
v -0.00864171888679266 -0.009918390773236752 0.01008020993322134
v -0.008429466746747494 -0.010219389572739601 0.010335500352084637
v -0.008622466586530209 -0.009994566440582275 0.010383480228483677
v -0.00864171888679266 -0.009918390773236752 0.01008020993322134
v 0.00801157858222723 -0.010562590323388577 0.018399950116872787
v 0.00841283705085516 -0.010235300287604332 0.010331209748983383
v 0.008621095679700375 -0.009993313811719418 0.010382999666035175
v -0.008429466746747494 -0.010219389572739601 0.010335500352084637
v -0.00801157858222723 -0.010562590323388577 0.018399950116872787
v -0.008622466586530209 -0.009994566440582275 0.010383480228483677
v 0.00715941097587347 -0.010441180318593979 0.00907677412033081
v 0.007110892795026302 -0.010099169798195362 0.008982895873486996
v 0.007166624069213867 -0.010089989751577377 0.009012280963361263
v 0.007830320857465267 -0.010104949586093426 0.009362339042127132
v 0.00715941097587347 -0.010441180318593979 0.00907677412033081
v 0.007166624069213867 -0.010089989751577377 0.009012280963361263
v -0.007110892795026302 -0.010099169798195362 0.008982895873486996
v -0.00715941097587347 -0.010441180318593979 0.00907677412033081
v -0.007166624069213867 -0.010089989751577377 0.009012280963361263
v 0.006486773025244474 -0.010428070090711117 0.008683085441589355
v 0.006499946117401123 -0.010199960321187973 0.008660197257995605
v 0.007110892795026302 -0.010099169798195362 0.008982895873486996
v 0.00715941097587347 -0.010441180318593979 0.00907677412033081
v 0.006486773025244474 -0.010428070090711117 0.008683085441589355
v 0.007110892795026302 -0.010099169798195362 0.008982895873486996
v -0.006499946117401123 -0.010199960321187973 0.008660197257995605
v -0.00715941097587347 -0.010441180318593979 0.00907677412033081
v -0.007110892795026302 -0.010099169798195362 0.008982895873486996
v 0.007906912826001644 -0.01037042960524559 0.009578227065503597
v 0.00715941097587347 -0.010441180318593979 0.00907677412033081
v 0.007830320857465267 -0.010104949586093426 0.009362339042127132
v -0.00715941097587347 -0.010441180318593979 0.00907677412033081
v -0.007906912826001644 -0.01037042960524559 0.009578227065503597
v -0.007830320857465267 -0.010104949586093426 0.009362398646771908
v -0.009499967098236084 -0.010199960321187973 0.01920115016400814
v -0.009499967098236084 -0.010199960321187973 0.029252519831061363
v -0.009499967098236084 -0.010153169743716717 0.01917772926390171
v 0.009499967098236084 -0.010199960321187973 0.029252519831061363
v 0.00945508386939764 -0.010496250353753567 0.01934443973004818
v 0.009499967098236084 -0.010199960321187973 0.01920115016400814
v 0.00945508386939764 -0.010496250353753567 0.01934443973004818
v 0.00801157858222723 -0.010562590323388577 0.018399950116872787
v 0.009499967098236084 -0.010199960321187973 0.01920115016400814
v 0.00048386998241767287 -0.01063585001975298 -0.0033653369173407555
v 0.0 -0.010199960321187973 -0.0034643409308046103
v 0.0004981019883416593 -0.010199960321187973 -0.0034643409308046103
v 0.0013349649962037802 -0.010199960321187973 -0.0032185909803956747
v 0.00048386998241767287 -0.01063585001975298 -0.0033653369173407555
v 0.0004981019883416593 -0.010199960321187973 -0.0034643409308046103
v 0.00048386998241767287 -0.01063585001975298 -0.0033653369173407555
v -0.0004981019883416593 -0.010199960321187973 -0.0034643409308046103
v 0.0 -0.010199960321187973 -0.0034643409308046103
v -0.00048386998241767287 -0.01063585001975298 -0.0033653369173407555
v -0.0013349649962037802 -0.010199960321187973 -0.0032185909803956747
v -0.0004981019883416593 -0.010199960321187973 -0.0034643409308046103
v 0.00048386998241767287 -0.01063585001975298 -0.0033653369173407555
v -0.00048386998241767287 -0.01063585001975298 -0.0033653369173407555
v -0.0004981019883416593 -0.010199960321187973 -0.0034643409308046103
v 0.0014123909641057253 -0.01063585001975298 -0.0030927059706300497
v 0.00048386998241767287 -0.01063585001975298 -0.0033653369173407555
v 0.0013349649962037802 -0.010199960321187973 -0.0032185909803956747
v 0.0014539359835907817 -0.010199960321187973 -0.003183661960065365
v 0.0014123909641057253 -0.01063585001975298 -0.0030927059706300497
v 0.0013349649962037802 -0.010199960321187973 -0.0032185909803956747
v -0.0014123909641057253 -0.01063585001975298 -0.0030927059706300497
v -0.0014539359835907817 -0.010199960321187973 -0.003183661960065365
v -0.0013349649962037802 -0.010199960321187973 -0.0032185909803956747
v -0.00048386998241767287 -0.01063585001975298 -0.0033653369173407555
v -0.0014123909641057253 -0.01063585001975298 -0.0030927059706300497
v -0.0013349649962037802 -0.010199960321187973 -0.0032185909803956747
v 0.002226470969617367 -0.01063585001975298 -0.0025694959331303835
v 0.0014123909641057253 -0.01063585001975298 -0.0030927059706300497
v 0.0014539359835907817 -0.010199960321187973 -0.003183661960065365
v 0.0022919769398868084 -0.010199960321187973 -0.002645075088366866
v 0.002226470969617367 -0.01063585001975298 -0.0025694959331303835
v 0.0014539359835907817 -0.010199960321187973 -0.003183661960065365
v -0.0014123909641057253 -0.01063585001975298 -0.0030927059706300497
v -0.0022919769398868084 -0.010199960321187973 -0.002645075088366866
v -0.0014539359835907817 -0.010199960321187973 -0.003183661960065365
v 0.0024546380154788494 -0.010199960321187973 -0.002457380061969161
v 0.002226470969617367 -0.01063585001975298 -0.0025694959331303835
v 0.0022919769398868084 -0.010199960321187973 -0.002645075088366866
v -0.002226470969617367 -0.01063585001975298 -0.0025694959331303835
v -0.0024546380154788494 -0.010199960321187973 -0.002457380061969161
v -0.0022919769398868084 -0.010199960321187973 -0.002645075088366866
v -0.0014123909641057253 -0.01063585001975298 -0.0030927059706300497
v -0.002226470969617367 -0.01063585001975298 -0.0025694959331303835
v -0.0022919769398868084 -0.010199960321187973 -0.002645075088366866
v 0.00286024808883667 -0.01063585001975298 -0.0018381470581516623
v 0.002226470969617367 -0.01063585001975298 -0.0025694959331303835
v 0.0024546380154788494 -0.010199960321187973 -0.002457380061969161
v 0.0029443500097841024 -0.010199960321187973 -0.0018922090530395508
v 0.00286024808883667 -0.01063585001975298 -0.0018381470581516623
v 0.0024546380154788494 -0.010199960321187973 -0.002457380061969161
v -0.00286024808883667 -0.01063585001975298 -0.0018381470581516623
v -0.0029443500097841024 -0.010199960321187973 -0.0018922090530395508
v -0.0024546380154788494 -0.010199960321187973 -0.002457380061969161
v -0.002226470969617367 -0.01063585001975298 -0.0025694959331303835
v -0.00286024808883667 -0.01063585001975298 -0.0018381470581516623
v -0.0024546380154788494 -0.010199960321187973 -0.002457380061969161
v 0.0032622211147099733 -0.01063585001975298 -0.0009578889585100114
v 0.00286024808883667 -0.01063585001975298 -0.0018381470581516623
v 0.0029443500097841024 -0.010199960321187973 -0.0018922090530395508
v 0.0032031529117375612 -0.010199960321187973 -0.001325487974099815
v 0.0032622211147099733 -0.01063585001975298 -0.0009578889585100114
v 0.0029443500097841024 -0.010199960321187973 -0.0018922090530395508
v -0.00286024808883667 -0.01063585001975298 -0.0018381470581516623
v -0.0032031529117375612 -0.010199960321187973 -0.001325487974099815
v -0.0029443500097841024 -0.010199960321187973 -0.0018922090530395508
v 0.0033581850584596395 -0.010199960321187973 -0.0009860629215836525
v 0.0032622211147099733 -0.01063585001975298 -0.0009578889585100114
v 0.0032031529117375612 -0.010199960321187973 -0.001325487974099815
v -0.0032622211147099733 -0.01063585001975298 -0.0009578889585100114
v -0.0033581850584596395 -0.010199960321187973 -0.0009860629215836525
v -0.0032031529117375612 -0.010199960321187973 -0.001325487974099815
v -0.00286024808883667 -0.01063585001975298 -0.0018381470581516623
v -0.0032622211147099733 -0.01063585001975298 -0.0009578889585100114
v -0.0032031529117375612 -0.010199960321187973 -0.001325487974099815
v 0.0033999679144471884 -0.01063585001975298 0.0
v 0.0032622211147099733 -0.01063585001975298 -0.0009578889585100114
v 0.0033581850584596395 -0.010199960321187973 -0.0009860629215836525
v 0.0034999840427190065 -0.010199960321187973 0.0
v 0.0033999679144471884 -0.01063585001975298 0.0
v 0.0033581850584596395 -0.010199960321187973 -0.0009860629215836525
v -0.0032622211147099733 -0.01063585001975298 -0.0009578889585100114
v -0.0034999840427190065 -0.010199960321187973 0.0
v -0.0033581850584596395 -0.010199960321187973 -0.0009860629215836525
v 0.0034999840427190065 -0.010199960321187973 0.005656837951391935
v 0.0033999679144471884 -0.01063585001975298 0.0
v 0.0034999840427190065 -0.010199960321187973 0.0
v -0.0033999679144471884 -0.01063585001975298 0.0
v -0.003473578952252865 -0.010428070090711117 0.005656837951391935
v -0.0034999840427190065 -0.010199960321187973 0.0
v -0.003473578952252865 -0.010428070090711117 0.005656837951391935
v -0.0034999840427190065 -0.010199960321187973 0.005656837951391935
v -0.0034999840427190065 -0.010199960321187973 0.0
v -0.0032622211147099733 -0.01063585001975298 -0.0009578889585100114
v -0.0033999679144471884 -0.01063585001975298 0.0
v -0.0034999840427190065 -0.010199960321187973 0.0
v 0.003473578952252865 -0.010428070090711117 0.005656837951391935
v 0.0033999679144471884 -0.01063585001975298 0.0
v 0.0034999840427190065 -0.010199960321187973 0.005656837951391935
v 0.003532289993017912 -0.010428070090711117 0.005998969078063965
v 0.003473578952252865 -0.010428070090711117 0.005656837951391935
v 0.0034999840427190065 -0.010199960321187973 0.005656837951391935
v 0.003557144897058606 -0.010199960321187973 0.00599014712497592
v 0.003532289993017912 -0.010428070090711117 0.005998969078063965
v 0.0034999840427190065 -0.010199960321187973 0.005656837951391935
v -0.003473578952252865 -0.010428070090711117 0.005656837951391935
v -0.003557144897058606 -0.010199960321187973 0.00599014712497592
v -0.0034999840427190065 -0.010199960321187973 0.005656837951391935
v 0.003722189925611019 -0.010199960321187973 0.0062853689305484295
v 0.0037016859278082848 -0.010428070090711117 0.006301939021795988
v 0.003557144897058606 -0.010199960321187973 0.00599014712497592
v 0.0037016859278082848 -0.010428070090711117 0.006301939021795988
v 0.003532289993017912 -0.010428070090711117 0.005998969078063965
v 0.003557144897058606 -0.010199960321187973 0.00599014712497592
v -0.003532289993017912 -0.010428070090711117 0.005998969078063965
v -0.003722189925611019 -0.010199960321187973 0.0062853689305484295
v -0.003557144897058606 -0.010199960321187973 0.00599014712497592
v -0.003473578952252865 -0.010428070090711117 0.005656837951391935
v -0.003532289993017912 -0.010428070090711117 0.005998969078063965
v -0.003557144897058606 -0.010199960321187973 0.00599014712497592
v 0.004548549186438322 -0.010199960321187973 0.00718873692676425
v 0.0045302510261535645 -0.010428070090711117 0.007207691203802824
v 0.003722189925611019 -0.010199960321187973 0.0062853689305484295
v 0.0045302510261535645 -0.010428070090711117 0.007207691203802824
v 0.0037016859278082848 -0.010428070090711117 0.006301939021795988
v 0.003722189925611019 -0.010199960321187973 0.0062853689305484295
v -0.0037016859278082848 -0.010428070090711117 0.006301939021795988
v -0.004548549186438322 -0.010199960321187973 0.00718873692676425
v -0.003722189925611019 -0.010199960321187973 0.0062853689305484295
v -0.003532289993017912 -0.010428070090711117 0.005998969078063965
v -0.0037016859278082848 -0.010428070090711117 0.006301939021795988
v -0.003722189925611019 -0.010199960321187973 0.0062853689305484295
v 0.004857598803937435 -0.010199960321187973 0.007452905178070068
v 0.0045302510261535645 -0.010428070090711117 0.007207691203802824
v 0.004548549186438322 -0.010199960321187973 0.00718873692676425
v -0.0037016859278082848 -0.010428070090711117 0.006301939021795988
v -0.0045302510261535645 -0.010428070090711117 0.007207691203802824
v -0.004548549186438322 -0.010199960321187973 0.00718873692676425
v -0.0045302510261535645 -0.010428070090711117 0.007207691203802824
v -0.004857598803937435 -0.010199960321187973 0.007452905178070068
v -0.004548549186438322 -0.010199960321187973 0.00718873692676425
v 0.005479156039655209 -0.010199960321187973 0.007984340190887451
v 0.005463242065161467 -0.010428070090711117 0.00800537969917059
v 0.004857598803937435 -0.010199960321187973 0.007452905178070068
v 0.005463242065161467 -0.010428070090711117 0.00800537969917059
v 0.0045302510261535645 -0.010428070090711117 0.007207691203802824
v 0.004857598803937435 -0.010199960321187973 0.007452905178070068
v -0.0045302510261535645 -0.010428070090711117 0.007207691203802824
v -0.005479156039655209 -0.010199960321187973 0.007984340190887451
v -0.004857598803937435 -0.010199960321187973 0.007452905178070068
v 0.006372152827680111 -0.010199960321187973 0.008575557731091976
v 0.006486773025244474 -0.010428070090711117 0.008683085441589355
v 0.005479156039655209 -0.010199960321187973 0.007984340190887451
v 0.006486773025244474 -0.010428070090711117 0.008683085441589355
v 0.005463242065161467 -0.010428070090711117 0.00800537969917059
v 0.005479156039655209 -0.010199960321187973 0.007984340190887451
v -0.0045302510261535645 -0.010428070090711117 0.007207691203802824
v -0.005463242065161467 -0.010428070090711117 0.00800537969917059
v -0.005479156039655209 -0.010199960321187973 0.007984340190887451
v -0.005463242065161467 -0.010428070090711117 0.00800537969917059
v -0.006372152827680111 -0.010199960321187973 0.008575557731091976
v -0.005479156039655209 -0.010199960321187973 0.007984340190887451
v 0.006499946117401123 -0.010199960321187973 0.008660197257995605
v 0.006486773025244474 -0.010428070090711117 0.008683085441589355
v 0.006372152827680111 -0.010199960321187973 0.008575557731091976
v -0.005463242065161467 -0.010428070090711117 0.00800537969917059
v -0.006486773025244474 -0.010428070090711117 0.008683085441589355
v -0.006372152827680111 -0.010199960321187973 0.008575557731091976
v -0.006486773025244474 -0.010428070090711117 0.008683085441589355
v -0.006499946117401123 -0.010199960321187973 0.008660197257995605
v -0.006372152827680111 -0.010199960321187973 0.008575557731091976
v -0.006486773025244474 -0.010428070090711117 0.008683085441589355
v -0.00715941097587347 -0.010441180318593979 0.00907677412033081
v -0.006499946117401123 -0.010199960321187973 0.008660197257995605
v -0.009499250911176205 -0.010238110087811947 0.01922284997999668
v -0.009499967098236084 -0.010199960321187973 0.029252519831061363
v -0.009499967098236084 -0.010199960321187973 0.01920115016400814
v -0.008006571792066097 -0.010567660443484783 0.018399950116872787
v -0.009499250911176205 -0.010238110087811947 0.01922284997999668
v -0.009499967098236084 -0.010199960321187973 0.01920115016400814
v -0.00801157858222723 -0.010562590323388577 0.018399950116872787
v -0.008006571792066097 -0.010567660443484783 0.018399950116872787
v -0.009499967098236084 -0.010199960321187973 0.01920115016400814
v 0.009409964084625244 -0.010428070090711117 0.029749810695648193
v 0.009473620913922787 -0.010428070090711117 0.029252519831061363
v 0.009499967098236084 -0.010199960321187973 0.029252519831061363
v 0.009435473941266537 -0.010199960321187973 0.029756419360637665
v 0.009409964084625244 -0.010428070090711117 0.029749810695648193
v 0.009499967098236084 -0.010199960321187973 0.029252519831061363
v 0.009473620913922787 -0.010428070090711117 0.029252519831061363
v 0.00945508386939764 -0.010496250353753567 0.01934443973004818
v 0.009499967098236084 -0.010199960321187973 0.029252519831061363
v -0.009473620913922787 -0.010428070090711117 0.029252519831061363
v -0.009435473941266537 -0.010199960321187973 0.029756419360637665
v -0.009499967098236084 -0.010199960321187973 0.029252519831061363
v -0.009499250911176205 -0.010238110087811947 0.01922284997999668
v -0.009442627429962158 -0.010533800348639488 0.019358929246664047
v -0.009499967098236084 -0.010199960321187973 0.029252519831061363
v -0.009442627429962158 -0.010533800348639488 0.019358929246664047
v -0.009473620913922787 -0.010428070090711117 0.029252519831061363
v -0.009499967098236084 -0.010199960321187973 0.029252519831061363
v 0.008961737155914307 -0.010199960321187973 0.03114050067961216
v 0.009409964084625244 -0.010428070090711117 0.029749810695648193
v 0.009435473941266537 -0.010199960321187973 0.029756419360637665
v -0.009473620913922787 -0.010428070090711117 0.029252519831061363
v -0.009409964084625244 -0.010428070090711117 0.029749810695648193
v -0.009435473941266537 -0.010199960321187973 0.029756419360637665
v -0.009409964084625244 -0.010428070090711117 0.029749810695648193
v -0.008961737155914307 -0.010199960321187973 0.03114050067961216
v -0.009435473941266537 -0.010199960321187973 0.029756419360637665
v 0.008781731128692627 -0.010199960321187973 0.03148626908659935
v 0.008935034275054932 -0.010439209640026093 0.031129060313105583
v 0.008961737155914307 -0.010199960321187973 0.03114050067961216
v 0.008935034275054932 -0.010439209640026093 0.031129060313105583
v 0.009409964084625244 -0.010428070090711117 0.029749810695648193
v 0.008961737155914307 -0.010199960321187973 0.03114050067961216
v -0.009409964084625244 -0.010428070090711117 0.029749810695648193
v -0.008935034275054932 -0.010439209640026093 0.031129060313105583
v -0.008961737155914307 -0.010199960321187973 0.03114050067961216
v -0.008935034275054932 -0.010439209640026093 0.031129060313105583
v -0.008781731128692627 -0.010199960321187973 0.03148626908659935
v -0.008961737155914307 -0.010199960321187973 0.03114050067961216
v 0.008261561393737793 -0.010439209640026093 0.032422780990600586
v 0.008935034275054932 -0.010439209640026093 0.031129060313105583
v 0.008781731128692627 -0.010199960321187973 0.03148626908659935
v 0.00828623678535223 -0.010199960321187973 0.032438088208436966
v 0.008261561393737793 -0.010439209640026093 0.032422780990600586
v 0.008781731128692627 -0.010199960321187973 0.03148626908659935
v -0.008935034275054932 -0.010439209640026093 0.031129060313105583
v -0.00828623678535223 -0.010199960321187973 0.032438088208436966
v -0.008781731128692627 -0.010199960321187973 0.03148626908659935
v 0.0074021220207214355 -0.010439209640026093 0.03360116109251976
v 0.008261561393737793 -0.010439209640026093 0.032422780990600586
v 0.00828623678535223 -0.010199960321187973 0.032438088208436966
v 0.007653951179236174 -0.010199960321187973 0.03330504149198532
v 0.0074021220207214355 -0.010439209640026093 0.03360116109251976
v 0.00828623678535223 -0.010199960321187973 0.032438088208436966
v -0.008935034275054932 -0.010439209640026093 0.031129060313105583
v -0.008261561393737793 -0.010439209640026093 0.032422780990600586
v -0.00828623678535223 -0.010199960321187973 0.032438088208436966
v -0.008261561393737793 -0.010439209640026093 0.032422780990600586
v -0.007653951179236174 -0.010199960321187973 0.03330504149198532
v -0.00828623678535223 -0.010199960321187973 0.032438088208436966
v 0.007424234878271818 -0.010199960321187973 0.03361998870968819
v 0.0074021220207214355 -0.010439209640026093 0.03360116109251976
v 0.007653951179236174 -0.010199960321187973 0.03330504149198532
v -0.0074021220207214355 -0.010439209640026093 0.03360116109251976
v -0.007424234878271818 -0.010199960321187973 0.03361998870968819
v -0.007653951179236174 -0.010199960321187973 0.03330504149198532
v -0.008261561393737793 -0.010439209640026093 0.032422780990600586
v -0.0074021220207214355 -0.010439209640026093 0.03360116109251976
v -0.007653951179236174 -0.010199960321187973 0.03330504149198532
v 0.006395101081579924 -0.010199960321187973 0.03465962037444115
v 0.006377816200256348 -0.010428070090711117 0.03463976830244064
v 0.007424234878271818 -0.010199960321187973 0.03361998870968819
v 0.006377816200256348 -0.010428070090711117 0.03463976830244064
v 0.0074021220207214355 -0.010439209640026093 0.03360116109251976
v 0.007424234878271818 -0.010199960321187973 0.03361998870968819
v -0.006377816200256348 -0.010428070090711117 0.03463976830244064
v -0.006395101081579924 -0.010199960321187973 0.03465962037444115
v -0.007424234878271818 -0.010199960321187973 0.03361998870968819
v -0.0074021220207214355 -0.010439209640026093 0.03360116109251976
v -0.006377816200256348 -0.010428070090711117 0.03463976830244064
v -0.007424234878271818 -0.010199960321187973 0.03361998870968819
v 0.005774259101599455 -0.010428070090711117 0.034998711198568344
v 0.006377816200256348 -0.010428070090711117 0.03463976830244064
v 0.006395101081579924 -0.010199960321187973 0.03465962037444115
v 0.00578349782153964 -0.010199960321187973 0.035023391246795654
v 0.005774259101599455 -0.010428070090711117 0.034998711198568344
v 0.006395101081579924 -0.010199960321187973 0.03465962037444115
v -0.006377816200256348 -0.010428070090711117 0.03463976830244064
v -0.00578349782153964 -0.010199960321187973 0.035023391246795654
v -0.006395101081579924 -0.010199960321187973 0.03465962037444115
v 0.005083261989057064 -0.010199960321187973 0.035149991512298584
v 0.005083261989057064 -0.010428070090711117 0.03512357920408249
v 0.00578349782153964 -0.010199960321187973 0.035023391246795654
v 0.005083261989057064 -0.010428070090711117 0.03512357920408249
v 0.005774259101599455 -0.010428070090711117 0.034998711198568344
v 0.00578349782153964 -0.010199960321187973 0.035023391246795654
v -0.005774259101599455 -0.010428070090711117 0.034998711198568344
v -0.005083261989057064 -0.010199960321187973 0.035149991512298584
v -0.00578349782153964 -0.010199960321187973 0.035023391246795654
v -0.006377816200256348 -0.010428070090711117 0.03463976830244064
v -0.005774259101599455 -0.010428070090711117 0.034998711198568344
v -0.00578349782153964 -0.010199960321187973 0.035023391246795654
v -0.005083261989057064 -0.010199960321187973 0.035149991512298584
v 0.005083261989057064 -0.010428070090711117 0.03512357920408249
v 0.005083261989057064 -0.010199960321187973 0.035149991512298584
v -0.005774259101599455 -0.010428070090711117 0.034998711198568344
v -0.005083261989057064 -0.010428070090711117 0.03512357920408249
v -0.005083261989057064 -0.010199960321187973 0.035149991512298584
v -0.005083261989057064 -0.010428070090711117 0.03512357920408249
v 0.005083261989057064 -0.010428070090711117 0.03512357920408249
v -0.005083261989057064 -0.010199960321187973 0.035149991512298584
v -0.008253036998212337 -0.010360180400311947 0.010287100449204445
v -0.00801157858222723 -0.010562590323388577 0.018399950116872787
v -0.008429466746747494 -0.010219389572739601 0.010335500352084637
v -0.008294761180877686 -0.010274290107190609 0.00998383667320013
v -0.008253036998212337 -0.010360180400311947 0.010287100449204445
v -0.008429466746747494 -0.010219389572739601 0.010335500352084637
v 0.00801157858222723 -0.010562590323388577 0.018399950116872787
v 0.008253036998212337 -0.01035981997847557 0.010287039913237095
v 0.00841283705085516 -0.010235300287604332 0.010331209748983383
v 0.008253036998212337 -0.01035981997847557 0.010287039913237095
v 0.008294761180877686 -0.010274290107190609 0.00998383667320013
v 0.00841283705085516 -0.010235300287604332 0.010331209748983383
v -0.008006571792066097 -0.010567660443484783 0.018399950116872787
v -0.009442627429962158 -0.010533800348639488 0.019358929246664047
v -0.009499250911176205 -0.010238110087811947 0.01922284997999668
v 0.007911384105682373 -0.010568610392510891 0.009867548011243343
v 0.007906912826001644 -0.01037042960524559 0.009578227065503597
v 0.008294761180877686 -0.010274290107190609 0.00998383667320013
v 0.008253036998212337 -0.01035981997847557 0.010287039913237095
v 0.007911384105682373 -0.010568610392510891 0.009867548011243343
v 0.008294761180877686 -0.010274290107190609 0.00998383667320013
v -0.007911384105682373 -0.010568610392510891 0.009867548011243343
v -0.008006930351257324 -0.010556509718298912 0.010219629853963852
v -0.008294761180877686 -0.010274290107190609 0.00998383667320013
v -0.008006930351257324 -0.010556509718298912 0.010219629853963852
v -0.008253036998212337 -0.010360180400311947 0.010287100449204445
v -0.008294761180877686 -0.010274290107190609 0.00998383667320013
v -0.007906912826001644 -0.01037042960524559 0.009578227065503597
v -0.007911384105682373 -0.010568610392510891 0.009867548011243343
v -0.008294761180877686 -0.010274290107190609 0.00998383667320013
v 0.00801157858222723 -0.010562590323388577 0.018399950116872787
v 0.008004546165466309 -0.010553300380706787 0.010218439623713493
v 0.008253036998212337 -0.01035981997847557 0.010287039913237095
v 0.008004546165466309 -0.010553300380706787 0.010218439623713493
v 0.007911384105682373 -0.010568610392510891 0.009867548011243343
v 0.008253036998212337 -0.01035981997847557 0.010287039913237095
v -0.008006930351257324 -0.010556509718298912 0.010219629853963852
v -0.00801157858222723 -0.010562590323388577 0.018399950116872787
v -0.008253036998212337 -0.010360180400311947 0.010287100449204445
v 0.007911384105682373 -0.010568610392510891 0.009867548011243343
v 0.007065474055707455 -0.010973149910569191 0.009572981856763363
v 0.007906912826001644 -0.01037042960524559 0.009578227065503597
v 0.007065474055707455 -0.010973149910569191 0.009572981856763363
v 0.0071454038843512535 -0.01075202040374279 0.009283006191253662
v 0.007906912826001644 -0.01037042960524559 0.009578227065503597
v 0.0071454038843512535 -0.01075202040374279 0.009283006191253662
v 0.00715941097587347 -0.010441180318593979 0.00907677412033081
v 0.007906912826001644 -0.01037042960524559 0.009578227065503597
v -0.00715941097587347 -0.010441180318593979 0.00907677412033081
v -0.0071454038843512535 -0.01075202040374279 0.009283006191253662
v -0.007906912826001644 -0.01037042960524559 0.009578227065503597
v -0.0071454038843512535 -0.01075202040374279 0.009283006191253662
v -0.007065474055707455 -0.010973149910569191 0.009572981856763363
v -0.007906912826001644 -0.01037042960524559 0.009578227065503597
v -0.007065474055707455 -0.010973149910569191 0.009572981856763363
v -0.007911384105682373 -0.010568610392510891 0.009867548011243343
v -0.007906912826001644 -0.01037042960524559 0.009578227065503597
v 0.0033553829416632652 -0.010691460222005844 0.0
v 0.0033999679144471884 -0.01063585001975298 0.0
v 0.003473578952252865 -0.010428070090711117 0.005656837951391935
v 0.0033467409666627645 -0.010690679773688316 0.005656837951391935
v 0.0033553829416632652 -0.010691460222005844 0.0
v 0.003473578952252865 -0.010428070090711117 0.005656837951391935
v 0.003532289993017912 -0.010428070090711117 0.005998969078063965
v 0.0033467409666627645 -0.010690679773688316 0.005656837951391935
v 0.003473578952252865 -0.010428070090711117 0.005656837951391935
v -0.0033467409666627645 -0.010690679773688316 0.005656837951391935
v -0.003532289993017912 -0.010428070090711117 0.005998969078063965
v -0.003473578952252865 -0.010428070090711117 0.005656837951391935
v -0.0033999679144471884 -0.01063585001975298 0.0
v -0.0033467409666627645 -0.010690679773688316 0.005656837951391935
v -0.003473578952252865 -0.010428070090711117 0.005656837951391935
v 0.0033534159883856773 -0.010820860043168068 0.006062209140509367
v 0.0033467409666627645 -0.010690679773688316 0.005656837951391935
v 0.003532289993017912 -0.010428070090711117 0.005998969078063965
v 0.0037016859278082848 -0.010428070090711117 0.006301939021795988
v 0.0035541050601750612 -0.010820860043168068 0.006421207915991545
v 0.003532289993017912 -0.010428070090711117 0.005998969078063965
v 0.0035541050601750612 -0.010820860043168068 0.006421207915991545
v 0.0033534159883856773 -0.010820860043168068 0.006062209140509367
v 0.003532289993017912 -0.010428070090711117 0.005998969078063965
v -0.0033467409666627645 -0.010690679773688316 0.005656837951391935
v -0.0033534159883856773 -0.010820860043168068 0.006062209140509367
v -0.003532289993017912 -0.010428070090711117 0.005998969078063965
v -0.0033534159883856773 -0.010820860043168068 0.006062209140509367
v -0.0037016859278082848 -0.010428070090711117 0.006301939021795988
v -0.003532289993017912 -0.010428070090711117 0.005998969078063965
v 0.0045302510261535645 -0.010428070090711117 0.007207691203802824
v 0.00439834501594305 -0.010820860043168068 0.007344067096710205
v 0.0037016859278082848 -0.010428070090711117 0.006301939021795988
v 0.00439834501594305 -0.010820860043168068 0.007344067096710205
v 0.0035541050601750612 -0.010820860043168068 0.006421207915991545
v 0.0037016859278082848 -0.010428070090711117 0.006301939021795988
v -0.0035541050601750612 -0.010820860043168068 0.006421207915991545
v -0.0045302510261535645 -0.010428070090711117 0.007207691203802824
v -0.0037016859278082848 -0.010428070090711117 0.006301939021795988
v -0.0033534159883856773 -0.010820860043168068 0.006062209140509367
v -0.0035541050601750612 -0.010820860043168068 0.006421207915991545
v -0.0037016859278082848 -0.010428070090711117 0.006301939021795988
v 0.005463242065161467 -0.010428070090711117 0.00800537969917059
v 0.0053490400314331055 -0.010820860043168068 0.008156836032867432
v 0.0045302510261535645 -0.010428070090711117 0.007207691203802824
v 0.0053490400314331055 -0.010820860043168068 0.008156836032867432
v 0.00439834501594305 -0.010820860043168068 0.007344067096710205
v 0.0045302510261535645 -0.010428070090711117 0.007207691203802824
v -0.00439834501594305 -0.010820860043168068 0.007344067096710205
v -0.005463242065161467 -0.010428070090711117 0.00800537969917059
v -0.0045302510261535645 -0.010428070090711117 0.007207691203802824
v -0.0035541050601750612 -0.010820860043168068 0.006421207915991545
v -0.00439834501594305 -0.010820860043168068 0.007344067096710205
v -0.0045302510261535645 -0.010428070090711117 0.007207691203802824
v 0.006486773025244474 -0.010428070090711117 0.008683085441589355
v 0.006455242168158293 -0.010558780282735825 0.008737741969525814
v 0.005463242065161467 -0.010428070090711117 0.00800537969917059
v 0.006455242168158293 -0.010558780282735825 0.008737741969525814
v 0.0053490400314331055 -0.010820860043168068 0.008156836032867432
v 0.005463242065161467 -0.010428070090711117 0.00800537969917059
v -0.006455242168158293 -0.010558780282735825 0.008737741969525814
v -0.006486773025244474 -0.010428070090711117 0.008683085441589355
v -0.005463242065161467 -0.010428070090711117 0.00800537969917059
v -0.0053490400314331055 -0.010820860043168068 0.008156836032867432
v -0.006455242168158293 -0.010558780282735825 0.008737741969525814
v -0.005463242065161467 -0.010428070090711117 0.00800537969917059
v -0.00439834501594305 -0.010820860043168068 0.007344067096710205
v -0.0053490400314331055 -0.010820860043168068 0.008156836032867432
v -0.005463242065161467 -0.010428070090711117 0.00800537969917059
v 0.00715941097587347 -0.010441180318593979 0.00907677412033081
v 0.006455242168158293 -0.010558780282735825 0.008737741969525814
v 0.006486773025244474 -0.010428070090711117 0.008683085441589355
v -0.006455242168158293 -0.010558780282735825 0.008737741969525814
v -0.00715941097587347 -0.010441180318593979 0.00907677412033081
v -0.006486773025244474 -0.010428070090711117 0.008683085441589355
v 0.009405255317687988 -0.01043813955038786 0.029748549684882164
v 0.00942069198936224 -0.010537619702517986 0.029252519831061363
v 0.009473620913922787 -0.010428070090711117 0.029252519831061363
v 0.009409964084625244 -0.010428070090711117 0.029749810695648193
v 0.009405255317687988 -0.01043813955038786 0.029748549684882164
v 0.009473620913922787 -0.010428070090711117 0.029252519831061363
v 0.009431599639356136 -0.010542799718677998 0.019357379525899887
v 0.00945508386939764 -0.010496250353753567 0.01934443973004818
v 0.009473620913922787 -0.010428070090711117 0.029252519831061363
v 0.00942069198936224 -0.010537619702517986 0.029252519831061363
v 0.009431599639356136 -0.010542799718677998 0.019357379525899887
v 0.009473620913922787 -0.010428070090711117 0.029252519831061363
v -0.009405255317687988 -0.01043813955038786 0.029748549684882164
v -0.009409964084625244 -0.010428070090711117 0.029749810695648193
v -0.009473620913922787 -0.010428070090711117 0.029252519831061363
v -0.009419739246368408 -0.010539529845118523 0.029252519831061363
v -0.009405255317687988 -0.01043813955038786 0.029748549684882164
v -0.009473620913922787 -0.010428070090711117 0.029252519831061363
v -0.009442627429962158 -0.010533800348639488 0.019358929246664047
v -0.009435652755200863 -0.010547040030360222 0.019362440332770348
v -0.009473620913922787 -0.010428070090711117 0.029252519831061363
v -0.009435652755200863 -0.010547040030360222 0.019362440332770348
v -0.009419739246368408 -0.010539529845118523 0.029252519831061363
v -0.009473620913922787 -0.010428070090711117 0.029252519831061363
v 0.008935034275054932 -0.010439209640026093 0.031129060313105583
v 0.009405255317687988 -0.01043813955038786 0.029748549684882164
v 0.009409964084625244 -0.010428070090711117 0.029749810695648193
v -0.009405255317687988 -0.01043813955038786 0.029748549684882164
v -0.008935034275054932 -0.010439209640026093 0.031129060313105583
v -0.009409964084625244 -0.010428070090711117 0.029749810695648193
v 0.005774259101599455 -0.010428070090711117 0.034998711198568344
v 0.006374597083777189 -0.01043813955038786 0.034636080265045166
v 0.006377816200256348 -0.010428070090711117 0.03463976830244064
v 0.006374597083777189 -0.01043813955038786 0.034636080265045166
v 0.0074021220207214355 -0.010439209640026093 0.03360116109251976
v 0.006377816200256348 -0.010428070090711117 0.03463976830244064
v -0.0074021220207214355 -0.010439209640026093 0.03360116109251976
v -0.006374597083777189 -0.01043813955038786 0.034636080265045166
v -0.006377816200256348 -0.010428070090711117 0.03463976830244064
v -0.006374597083777189 -0.01043813955038786 0.034636080265045166
v -0.005774259101599455 -0.010428070090711117 0.034998711198568344
v -0.006377816200256348 -0.010428070090711117 0.03463976830244064
v 0.005083261989057064 -0.010428070090711117 0.03512357920408249
v 0.005083261989057064 -0.010690679773688316 0.03499674052000046
v 0.005774259101599455 -0.010428070090711117 0.034998711198568344
v 0.005083261989057064 -0.010690679773688316 0.03499674052000046
v 0.005707859061658382 -0.010820860043168068 0.03482097014784813
v 0.005774259101599455 -0.010428070090711117 0.034998711198568344
v 0.005707859061658382 -0.010820860043168068 0.03482097014784813
v 0.006374597083777189 -0.01043813955038786 0.034636080265045166
v 0.005774259101599455 -0.010428070090711117 0.034998711198568344
v -0.006374597083777189 -0.01043813955038786 0.034636080265045166
v -0.005707859061658382 -0.010820860043168068 0.03482097014784813
v -0.005774259101599455 -0.010428070090711117 0.034998711198568344
v -0.005083261989057064 -0.010690679773688316 0.03499674052000046
v -0.005083261989057064 -0.010428070090711117 0.03512357920408249
v -0.005774259101599455 -0.010428070090711117 0.034998711198568344
v -0.005707859061658382 -0.010820860043168068 0.03482097014784813
v -0.005083261989057064 -0.010690679773688316 0.03499674052000046
v -0.005774259101599455 -0.010428070090711117 0.034998711198568344
v -0.005083261989057064 -0.010428070090711117 0.03512357920408249
v 0.005083261989057064 -0.010690679773688316 0.03499674052000046
v 0.005083261989057064 -0.010428070090711117 0.03512357920408249
v -0.005083261989057064 -0.010690679773688316 0.03499674052000046
v 0.005083261989057064 -0.010690679773688316 0.03499674052000046
v -0.005083261989057064 -0.010428070090711117 0.03512357920408249
v 0.008935034275054932 -0.010439209640026093 0.031129060313105583
v 0.008756040595471859 -0.010830460116267204 0.031052349135279655
v 0.009405255317687988 -0.01043813955038786 0.029748549684882164
v 0.008756040595471859 -0.010830460116267204 0.031052349135279655
v 0.009226322174072266 -0.010820860043168068 0.029702000319957733
v 0.009405255317687988 -0.01043813955038786 0.029748549684882164
v 0.009226322174072266 -0.010820860043168068 0.029702000319957733
v 0.00942069198936224 -0.010537619702517986 0.029252519831061363
v 0.009405255317687988 -0.01043813955038786 0.029748549684882164
v -0.009419739246368408 -0.010539529845118523 0.029252519831061363
v -0.009226322174072266 -0.010820860043168068 0.029702000319957733
v -0.009405255317687988 -0.01043813955038786 0.029748549684882164
v -0.009226322174072266 -0.010820860043168068 0.029702000319957733
v -0.008935034275054932 -0.010439209640026093 0.031129060313105583
v -0.009405255317687988 -0.01043813955038786 0.029748549684882164
v 0.005707859061658382 -0.010820860043168068 0.03482097014784813
v 0.006253360770642757 -0.010820860043168068 0.03449653834104538
v 0.006374597083777189 -0.01043813955038786 0.034636080265045166
v 0.006253360770642757 -0.010820860043168068 0.03449653834104538
v 0.0074021220207214355 -0.010439209640026093 0.03360116109251976
v 0.006374597083777189 -0.01043813955038786 0.034636080265045166
v -0.0074021220207214355 -0.010439209640026093 0.03360116109251976
v -0.007253825198858976 -0.010830460116267204 0.03347491845488548
v -0.006374597083777189 -0.01043813955038786 0.034636080265045166
v -0.007253825198858976 -0.010830460116267204 0.03347491845488548
v -0.006253360770642757 -0.010820860043168068 0.03449653834104538
v -0.006374597083777189 -0.01043813955038786 0.034636080265045166
v -0.006253360770642757 -0.010820860043168068 0.03449653834104538
v -0.005707859061658382 -0.010820860043168068 0.03482097014784813
v -0.006374597083777189 -0.01043813955038786 0.034636080265045166
v 0.008096039295196533 -0.010830460116267204 0.03232014179229736
v 0.008756040595471859 -0.010830460116267204 0.031052349135279655
v 0.008935034275054932 -0.010439209640026093 0.031129060313105583
v 0.008261561393737793 -0.010439209640026093 0.032422780990600586
v 0.008096039295196533 -0.010830460116267204 0.03232014179229736
v 0.008935034275054932 -0.010439209640026093 0.031129060313105583
v -0.009226322174072266 -0.010820860043168068 0.029702000319957733
v -0.008756040595471859 -0.010830460116267204 0.031052349135279655
v -0.008935034275054932 -0.010439209640026093 0.031129060313105583
v -0.008756040595471859 -0.010830460116267204 0.031052349135279655
v -0.008261561393737793 -0.010439209640026093 0.032422780990600586
v -0.008935034275054932 -0.010439209640026093 0.031129060313105583
v 0.007253825198858976 -0.010830460116267204 0.03347491845488548
v 0.008096039295196533 -0.010830460116267204 0.03232014179229736
v 0.008261561393737793 -0.010439209640026093 0.032422780990600586
v 0.0074021220207214355 -0.010439209640026093 0.03360116109251976
v 0.007253825198858976 -0.010830460116267204 0.03347491845488548
v 0.008261561393737793 -0.010439209640026093 0.032422780990600586
v -0.008756040595471859 -0.010830460116267204 0.031052349135279655
v -0.008096039295196533 -0.010830460116267204 0.03232014179229736
v -0.008261561393737793 -0.010439209640026093 0.032422780990600586
v -0.008096039295196533 -0.010830460116267204 0.03232014179229736
v -0.0074021220207214355 -0.010439209640026093 0.03360116109251976
v -0.008261561393737793 -0.010439209640026093 0.032422780990600586
v 0.006253360770642757 -0.010820860043168068 0.03449653834104538
v 0.007253825198858976 -0.010830460116267204 0.03347491845488548
v 0.0074021220207214355 -0.010439209640026093 0.03360116109251976
v -0.008096039295196533 -0.010830460116267204 0.03232014179229736
v -0.007253825198858976 -0.010830460116267204 0.03347491845488548
v -0.0074021220207214355 -0.010439209640026093 0.03360116109251976
v 0.0071454038843512535 -0.01075202040374279 0.009283006191253662
v 0.006391942035406828 -0.010820860043168068 0.008847354911267757
v 0.00715941097587347 -0.010441180318593979 0.00907677412033081
v 0.006391942035406828 -0.010820860043168068 0.008847354911267757
v 0.006455242168158293 -0.010558780282735825 0.008737741969525814
v 0.00715941097587347 -0.010441180318593979 0.00907677412033081
v -0.006455242168158293 -0.010558780282735825 0.008737741969525814
v -0.006391942035406828 -0.010820860043168068 0.008847354911267757
v -0.00715941097587347 -0.010441180318593979 0.00907677412033081
v -0.006391942035406828 -0.010820860043168068 0.008847354911267757
v -0.0071454038843512535 -0.01075202040374279 0.009283006191253662
v -0.00715941097587347 -0.010441180318593979 0.00907677412033081
v 0.009431599639356136 -0.010542799718677998 0.019357379525899887
v 0.00801157858222723 -0.010562590323388577 0.018399950116872787
v 0.00945508386939764 -0.010496250353753567 0.01934443973004818
v -0.008006571792066097 -0.010567660443484783 0.018399950116872787
v -0.009435652755200863 -0.010547040030360222 0.019362440332770348
v -0.009442627429962158 -0.010533800348639488 0.019358929246664047
v 0.009226322174072266 -0.010820860043168068 0.029702000319957733
v 0.009283900260925293 -0.010820860043168068 0.029252519831061363
v 0.00942069198936224 -0.010537619702517986 0.029252519831061363
v 0.009306429885327816 -0.010791299864649773 0.01942628063261509
v 0.009431599639356136 -0.010542799718677998 0.019357379525899887
v 0.00942069198936224 -0.010537619702517986 0.029252519831061363
v 0.009283900260925293 -0.010820860043168068 0.029252519831061363
v 0.009306429885327816 -0.010791299864649773 0.01942628063261509
v 0.00942069198936224 -0.010537619702517986 0.029252519831061363
v -0.009283900260925293 -0.010820860043168068 0.029252519831061363
v -0.009226322174072266 -0.010820860043168068 0.029702000319957733
v -0.009419739246368408 -0.010539529845118523 0.029252519831061363
v -0.009435652755200863 -0.010547040030360222 0.019362440332770348
v -0.009311676025390625 -0.010784200392663479 0.019425449892878532
v -0.009419739246368408 -0.010539529845118523 0.029252519831061363
v -0.009311676025390625 -0.010784200392663479 0.019425449892878532
v -0.009283900260925293 -0.010820860043168068 0.029252519831061363
v -0.009419739246368408 -0.010539529845118523 0.029252519831061363
v 0.009306429885327816 -0.010791299864649773 0.01942628063261509
v 0.00801157858222723 -0.010562590323388577 0.018399950116872787
v 0.009431599639356136 -0.010542799718677998 0.019357379525899887
v -0.008006571792066097 -0.010567660443484783 0.018399950116872787
v -0.009311676025390625 -0.010784200392663479 0.019425449892878532
v -0.009435652755200863 -0.010547040030360222 0.019362440332770348
v 0.00801157858222723 -0.010562590323388577 0.018399950116872787
v 0.00786739494651556 -0.010660169646143913 0.01018053013831377
v 0.008004546165466309 -0.010553300380706787 0.010218439623713493
v 0.00786739494651556 -0.010660169646143913 0.01018053013831377
v 0.007911384105682373 -0.010568610392510891 0.009867548011243343
v 0.008004546165466309 -0.010553300380706787 0.010218439623713493
v -0.008006571792066097 -0.010567660443484783 0.018399950116872787
v -0.00801157858222723 -0.010562590323388577 0.018399950116872787
v -0.008006930351257324 -0.010556509718298912 0.010219629853963852
v -0.007916986010968685 -0.010628280229866505 0.010194949805736542
v -0.008006571792066097 -0.010567660443484783 0.018399950116872787
v -0.008006930351257324 -0.010556509718298912 0.010219629853963852
v -0.007911384105682373 -0.010568610392510891 0.009867548011243343
v -0.007916986010968685 -0.010628280229866505 0.010194949805736542
v -0.008006930351257324 -0.010556509718298912 0.010219629853963852
v 0.006391942035406828 -0.010820860043168068 0.008847354911267757
v 0.0053490400314331055 -0.010820860043168068 0.008156836032867432
v 0.006455242168158293 -0.010558780282735825 0.008737741969525814
v -0.0053490400314331055 -0.010820860043168068 0.008156836032867432
v -0.006391942035406828 -0.010820860043168068 0.008847354911267757
v -0.006455242168158293 -0.010558780282735825 0.008737741969525814
v 0.009306429885327816 -0.010791299864649773 0.01942628063261509
v 0.00919872522354126 -0.01089869998395443 0.019426099956035614
v 0.00801157858222723 -0.010562590323388577 0.018399950116872787
v 0.00849997904151678 -0.011199950240552425 0.01920115016400814
v 0.008006571792066097 -0.010567660443484783 0.018399950116872787
v 0.00801157858222723 -0.010562590323388577 0.018399950116872787
v 0.008842705748975277 -0.011131400242447853 0.01935720071196556
v 0.00849997904151678 -0.011199950240552425 0.01920115016400814
v 0.00801157858222723 -0.010562590323388577 0.018399950116872787
v 0.00919872522354126 -0.01089869998395443 0.019426099956035614
v 0.008842705748975277 -0.011131400242447853 0.01935720071196556
v 0.00801157858222723 -0.010562590323388577 0.018399950116872787
v 0.008006571792066097 -0.010567660443484783 0.018399950116872787
v 0.00786739494651556 -0.010660169646143913 0.01018053013831377
v 0.00801157858222723 -0.010562590323388577 0.018399950116872787
v 0.00849997904151678 -0.011199950240552425 0.01920115016400814
v 0.008449970744550228 -0.011199950240552425 0.01917308010160923
v 0.008006571792066097 -0.010567660443484783 0.018399950116872787
v 0.008449970744550228 -0.011199950240552425 0.01917308010160923
v 0.00825423002243042 -0.011199950240552425 0.01906316913664341
v 0.008006571792066097 -0.010567660443484783 0.018399950116872787
v 0.00825423002243042 -0.011199950240552425 0.01906316913664341
v 0.007395863067358732 -0.011199950240552425 0.01866810955107212
v 0.008006571792066097 -0.010567660443484783 0.018399950116872787
v 0.007395863067358732 -0.011199950240552425 0.01866810955107212
v 0.006921947002410889 -0.011072570458054543 0.018399950116872787
v 0.008006571792066097 -0.010567660443484783 0.018399950116872787
v 0.006921947002410889 -0.011072570458054543 0.018399950116872787
v 0.00786739494651556 -0.010660169646143913 0.01018053013831377
v 0.008006571792066097 -0.010567660443484783 0.018399950116872787
v -0.007575809024274349 -0.011199950240552425 0.018738500773906708
v -0.008453129790723324 -0.011199950240552425 0.019177669659256935
v -0.008006571792066097 -0.010567660443484783 0.018399950116872787
v -0.008453129790723324 -0.011199950240552425 0.019177669659256935
v -0.00849997904151678 -0.011199950240552425 0.01920115016400814
v -0.008006571792066097 -0.010567660443484783 0.018399950116872787
v -0.00849997904151678 -0.011199950240552425 0.01920115016400814
v -0.0088387131690979 -0.01113986037671566 0.019360119476914406
v -0.008006571792066097 -0.010567660443484783 0.018399950116872787
v -0.0088387131690979 -0.01113986037671566 0.019360119476914406
v -0.009081958793103695 -0.01101326011121273 0.01942509040236473
v -0.008006571792066097 -0.010567660443484783 0.018399950116872787
v -0.009081958793103695 -0.01101326011121273 0.01942509040236473
v -0.009194432757794857 -0.010901089757680893 0.01942520961165428
v -0.008006571792066097 -0.010567660443484783 0.018399950116872787
v -0.009194432757794857 -0.010901089757680893 0.01942520961165428
v -0.009311676025390625 -0.010784200392663479 0.019425449892878532
v -0.008006571792066097 -0.010567660443484783 0.018399950116872787
v -0.00693583395332098 -0.011199950240552425 0.01852858066558838
v -0.007575809024274349 -0.011199950240552425 0.018738500773906708
v -0.008006571792066097 -0.010567660443484783 0.018399950116872787
v -0.006921947002410889 -0.011072570458054543 0.018399950116872787
v -0.00693583395332098 -0.011199950240552425 0.01852858066558838
v -0.008006571792066097 -0.010567660443484783 0.018399950116872787
v -0.007916986010968685 -0.010628280229866505 0.010194949805736542
v -0.006921947002410889 -0.011072570458054543 0.018399950116872787
v -0.008006571792066097 -0.010567660443484783 0.018399950116872787
v 0.00786739494651556 -0.010660169646143913 0.01018053013831377
v 0.007848440669476986 -0.010669879615306854 0.010174630209803581
v 0.007911384105682373 -0.010568610392510891 0.009867548011243343
v 0.007848440669476986 -0.010669879615306854 0.010174630209803581
v 0.007065474055707455 -0.010973149910569191 0.009572981856763363
v 0.007911384105682373 -0.010568610392510891 0.009867548011243343
v -0.007846473716199398 -0.01066529005765915 0.010173199698328972
v -0.007916986010968685 -0.010628280229866505 0.010194949805736542
v -0.007911384105682373 -0.010568610392510891 0.009867548011243343
v -0.007065474055707455 -0.010973149910569191 0.009572981856763363
v -0.0073208799585700035 -0.010941140353679657 0.010011429898440838
v -0.007911384105682373 -0.010568610392510891 0.009867548011243343
v -0.0073208799585700035 -0.010941140353679657 0.010011429898440838
v -0.007846473716199398 -0.01066529005765915 0.010173199698328972
v -0.007911384105682373 -0.010568610392510891 0.009867548011243343
v -0.007846473716199398 -0.01066529005765915 0.010173199698328972
v -0.006921947002410889 -0.011072570458054543 0.018399950116872787
v -0.007916986010968685 -0.010628280229866505 0.010194949805736542
v 0.001296401023864746 -0.010983879677951336 -0.0028388500213623047
v 0.0004441470082383603 -0.010983879677951336 -0.003089070087298751
v 0.00048386998241767287 -0.01063585001975298 -0.0033653369173407555
v 0.0014123909641057253 -0.01063585001975298 -0.0030927059706300497
v 0.001296401023864746 -0.010983879677951336 -0.0028388500213623047
v 0.00048386998241767287 -0.01063585001975298 -0.0033653369173407555
v 0.0004441470082383603 -0.010983879677951336 -0.003089070087298751
v -0.00048386998241767287 -0.01063585001975298 -0.0033653369173407555
v 0.00048386998241767287 -0.01063585001975298 -0.0033653369173407555
v -0.0004441470082383603 -0.010983879677951336 -0.003089070087298751
v -0.0014123909641057253 -0.01063585001975298 -0.0030927059706300497
v -0.00048386998241767287 -0.01063585001975298 -0.0033653369173407555
v 0.0004441470082383603 -0.010983879677951336 -0.003089070087298751
v -0.0004441470082383603 -0.010983879677951336 -0.003089070087298751
v -0.00048386998241767287 -0.01063585001975298 -0.0033653369173407555
v 0.0020437240600585938 -0.010983879677951336 -0.002358555095270276
v 0.001296401023864746 -0.010983879677951336 -0.0028388500213623047
v 0.0014123909641057253 -0.01063585001975298 -0.0030927059706300497
v 0.002226470969617367 -0.01063585001975298 -0.0025694959331303835
v 0.0020437240600585938 -0.010983879677951336 -0.002358555095270276
v 0.0014123909641057253 -0.01063585001975298 -0.0030927059706300497
v -0.001296401023864746 -0.010983879677951336 -0.0028388500213623047
v -0.002226470969617367 -0.01063585001975298 -0.0025694959331303835
v -0.0014123909641057253 -0.01063585001975298 -0.0030927059706300497
v -0.0004441470082383603 -0.010983879677951336 -0.003089070087298751
v -0.001296401023864746 -0.010983879677951336 -0.0028388500213623047
v -0.0014123909641057253 -0.01063585001975298 -0.0030927059706300497
v 0.0026254050899297 -0.010983879677951336 -0.0016872279811650515
v 0.0020437240600585938 -0.010983879677951336 -0.002358555095270276
v 0.002226470969617367 -0.01063585001975298 -0.0025694959331303835
v 0.00286024808883667 -0.01063585001975298 -0.0018381470581516623
v 0.0026254050899297 -0.010983879677951336 -0.0016872279811650515
v 0.002226470969617367 -0.01063585001975298 -0.0025694959331303835
v -0.001296401023864746 -0.010983879677951336 -0.0028388500213623047
v -0.0020437240600585938 -0.010983879677951336 -0.002358555095270276
v -0.002226470969617367 -0.01063585001975298 -0.0025694959331303835
v -0.0020437240600585938 -0.010983879677951336 -0.002358555095270276
v -0.00286024808883667 -0.01063585001975298 -0.0018381470581516623
v -0.002226470969617367 -0.01063585001975298 -0.0025694959331303835
v 0.0029944179113954306 -0.010983879677951336 -0.0008792519220151007
v 0.0026254050899297 -0.010983879677951336 -0.0016872279811650515
v 0.00286024808883667 -0.01063585001975298 -0.0018381470581516623
v 0.0032622211147099733 -0.01063585001975298 -0.0009578889585100114
v 0.0029944179113954306 -0.010983879677951336 -0.0008792519220151007
v 0.00286024808883667 -0.01063585001975298 -0.0018381470581516623
v -0.0026254050899297 -0.010983879677951336 -0.0016872279811650515
v -0.0032622211147099733 -0.01063585001975298 -0.0009578889585100114
v -0.00286024808883667 -0.01063585001975298 -0.0018381470581516623
v -0.0020437240600585938 -0.010983879677951336 -0.002358555095270276
v -0.0026254050899297 -0.010983879677951336 -0.0016872279811650515
v -0.00286024808883667 -0.01063585001975298 -0.0018381470581516623
v 0.0033553829416632652 -0.010691460222005844 0.0
v 0.0029944179113954306 -0.010983879677951336 -0.0008792519220151007
v 0.0032622211147099733 -0.01063585001975298 -0.0009578889585100114
v 0.0033999679144471884 -0.01063585001975298 0.0
v 0.0033553829416632652 -0.010691460222005844 0.0
v 0.0032622211147099733 -0.01063585001975298 -0.0009578889585100114
v -0.0026254050899297 -0.010983879677951336 -0.0016872279811650515
v -0.0029944179113954306 -0.010983879677951336 -0.0008792519220151007
v -0.0032622211147099733 -0.01063585001975298 -0.0009578889585100114
v -0.0029944179113954306 -0.010983879677951336 -0.0008792519220151007
v -0.0033553829416632652 -0.010691460222005844 0.0
v -0.0032622211147099733 -0.01063585001975298 -0.0009578889585100114
v -0.0033553829416632652 -0.010691460222005844 0.0
v -0.0033999679144471884 -0.01063585001975298 0.0
v -0.0032622211147099733 -0.01063585001975298 -0.0009578889585100114
v -0.0033553829416632652 -0.010691460222005844 0.0
v -0.0033467409666627645 -0.010690679773688316 0.005656837951391935
v -0.0033999679144471884 -0.01063585001975298 0.0
v 0.006921947002410889 -0.011072570458054543 0.018399950116872787
v 0.007848440669476986 -0.010669879615306854 0.010174630209803581
v 0.00786739494651556 -0.010660169646143913 0.01018053013831377
v -0.0073208799585700035 -0.010941140353679657 0.010011429898440838
v -0.006921947002410889 -0.011072570458054543 0.018399950116872787
v -0.007846473716199398 -0.01066529005765915 0.010173199698328972
v 0.006921947002410889 -0.011072570458054543 0.018399950116872787
v 0.007306218147277832 -0.010947099886834621 0.010006600059568882
v 0.007848440669476986 -0.010669879615306854 0.010174630209803581
v 0.007306218147277832 -0.010947099886834621 0.010006600059568882
v 0.007065474055707455 -0.010973149910569191 0.009572981856763363
v 0.007848440669476986 -0.010669879615306854 0.010174630209803581
v 0.0032838580664247274 -0.010820860043168068 0.005656837951391935
v 0.0033553829416632652 -0.010691460222005844 0.0
v 0.0033467409666627645 -0.010690679773688316 0.005656837951391935
v 0.0033534159883856773 -0.010820860043168068 0.006062209140509367
v 0.0032838580664247274 -0.010820860043168068 0.005656837951391935
v 0.0033467409666627645 -0.010690679773688316 0.005656837951391935
v -0.0032838580664247274 -0.010820860043168068 0.005656837951391935
v -0.0033534159883856773 -0.010820860043168068 0.006062209140509367
v -0.0033467409666627645 -0.010690679773688316 0.005656837951391935
v -0.0033553829416632652 -0.010691460222005844 0.0
v -0.0032838580664247274 -0.010820860043168068 0.005656837951391935
v -0.0033467409666627645 -0.010690679773688316 0.005656837951391935
v -0.005083261989057064 -0.010690679773688316 0.03499674052000046
v 0.005083261989057064 -0.010820860043168068 0.03493386134505272
v 0.005083261989057064 -0.010690679773688316 0.03499674052000046
v 0.005083261989057064 -0.010820860043168068 0.03493386134505272
v 0.005707859061658382 -0.010820860043168068 0.03482097014784813
v 0.005083261989057064 -0.010690679773688316 0.03499674052000046
v -0.005707859061658382 -0.010820860043168068 0.03482097014784813
v -0.005083261989057064 -0.010820860043168068 0.03493386134505272
v -0.005083261989057064 -0.010690679773688316 0.03499674052000046
v -0.005083261989057064 -0.010820860043168068 0.03493386134505272
v 0.005083261989057064 -0.010820860043168068 0.03493386134505272
v -0.005083261989057064 -0.010690679773688316 0.03499674052000046
v 0.0031208388973027468 -0.010983879677951336 0.0
v 0.0029944179113954306 -0.010983879677951336 -0.0008792519220151007
v 0.0033553829416632652 -0.010691460222005844 0.0
v 0.0032838580664247274 -0.010820860043168068 0.005656837951391935
v 0.0031208388973027468 -0.010983879677951336 0.0
v 0.0033553829416632652 -0.010691460222005844 0.0
v -0.0031208388973027468 -0.010983879677951336 0.0
v -0.0032838580664247274 -0.010820860043168068 0.005656837951391935
v -0.0033553829416632652 -0.010691460222005844 0.0
v -0.0029944179113954306 -0.010983879677951336 -0.0008792519220151007
v -0.0031208388973027468 -0.010983879677951336 0.0
v -0.0033553829416632652 -0.010691460222005844 0.0
v -0.006391942035406828 -0.010820860043168068 0.008847354911267757
v -0.006347537040710449 -0.010892090387642384 0.008924305438995361
v -0.0071454038843512535 -0.01075202040374279 0.009283006191253662
v -0.006347537040710449 -0.010892090387642384 0.008924305438995361
v -0.0062178960070014 -0.011099990457296371 0.009148775599896908
v -0.0071454038843512535 -0.01075202040374279 0.009283006191253662
v -0.0062178960070014 -0.011099990457296371 0.009148775599896908
v -0.007065474055707455 -0.010973149910569191 0.009572981856763363
v -0.0071454038843512535 -0.01075202040374279 0.009283006191253662
v 0.0062178960070014 -0.011099990457296371 0.009148775599896908
v 0.006347537040710449 -0.010892090387642384 0.008924305438995361
v 0.0071454038843512535 -0.01075202040374279 0.009283006191253662
v 0.006347537040710449 -0.010892090387642384 0.008924305438995361
v 0.006391942035406828 -0.010820860043168068 0.008847354911267757
v 0.0071454038843512535 -0.01075202040374279 0.009283006191253662
v 0.007065474055707455 -0.010973149910569191 0.009572981856763363
v 0.0062178960070014 -0.011099990457296371 0.009148775599896908
v 0.0071454038843512535 -0.01075202040374279 0.009283006191253662
v -0.009194432757794857 -0.010901089757680893 0.01942520961165428
v -0.009283900260925293 -0.010820860043168068 0.029252519831061363
v -0.009311676025390625 -0.010784200392663479 0.019425449892878532
v 0.009283900260925293 -0.010820860043168068 0.029252519831061363
v 0.00919872522354126 -0.01089869998395443 0.019426099956035614
v 0.009306429885327816 -0.010791299864649773 0.01942628063261509
v 0.00299143698066473 -0.011055399663746357 0.005656837951391935
v 0.0031208388973027468 -0.010983879677951336 0.0
v 0.0032838580664247274 -0.010820860043168068 0.005656837951391935
v 0.0033534159883856773 -0.010820860043168068 0.006062209140509367
v 0.00299143698066473 -0.011055399663746357 0.005656837951391935
v 0.0032838580664247274 -0.010820860043168068 0.005656837951391935
v -0.00299143698066473 -0.011055399663746357 0.005656837951391935
v -0.0033534159883856773 -0.010820860043168068 0.006062209140509367
v -0.0032838580664247274 -0.010820860043168068 0.005656837951391935
v -0.0031208388973027468 -0.010983879677951336 0.0
v -0.00299143698066473 -0.011055399663746357 0.005656837951391935
v -0.0032838580664247274 -0.010820860043168068 0.005656837951391935
v 0.0035541050601750612 -0.010820860043168068 0.006421207915991545
v 0.0032834410667419434 -0.011099990457296371 0.006639896892011166
v 0.0033534159883856773 -0.010820860043168068 0.006062209140509367
v 0.0032834410667419434 -0.011099990457296371 0.006639896892011166
v 0.0030253520235419273 -0.011099990457296371 0.006178199779242277
v 0.0033534159883856773 -0.010820860043168068 0.006062209140509367
v 0.0030253520235419273 -0.011099990457296371 0.006178199779242277
v 0.00299143698066473 -0.011055399663746357 0.005656837951391935
v 0.0033534159883856773 -0.010820860043168068 0.006062209140509367
v -0.00299143698066473 -0.011055399663746357 0.005656837951391935
v -0.0030253520235419273 -0.011099990457296371 0.006178199779242277
v -0.0033534159883856773 -0.010820860043168068 0.006062209140509367
v -0.0030253520235419273 -0.011099990457296371 0.006178199779242277
v -0.0035541050601750612 -0.010820860043168068 0.006421207915991545
v -0.0033534159883856773 -0.010820860043168068 0.006062209140509367
v 0.00439834501594305 -0.010820860043168068 0.007344067096710205
v 0.0041564698331058025 -0.011099990457296371 0.007594226859509945
v 0.0035541050601750612 -0.010820860043168068 0.006421207915991545
v 0.0041564698331058025 -0.011099990457296371 0.007594226859509945
v 0.0032834410667419434 -0.011099990457296371 0.006639896892011166
v 0.0035541050601750612 -0.010820860043168068 0.006421207915991545
v -0.0032834410667419434 -0.011099990457296371 0.006639896892011166
v -0.00439834501594305 -0.010820860043168068 0.007344067096710205
v -0.0035541050601750612 -0.010820860043168068 0.006421207915991545
v -0.0030253520235419273 -0.011099990457296371 0.006178199779242277
v -0.0032834410667419434 -0.011099990457296371 0.006639896892011166
v -0.0035541050601750612 -0.010820860043168068 0.006421207915991545
v 0.0053490400314331055 -0.010820860043168068 0.008156836032867432
v 0.005139528773725033 -0.011099990457296371 0.008434711955487728
v 0.00439834501594305 -0.010820860043168068 0.007344067096710205
v 0.005139528773725033 -0.011099990457296371 0.008434711955487728
v 0.0041564698331058025 -0.011099990457296371 0.007594226859509945
v 0.00439834501594305 -0.010820860043168068 0.007344067096710205
v -0.0041564698331058025 -0.011099990457296371 0.007594226859509945
v -0.0053490400314331055 -0.010820860043168068 0.008156836032867432
v -0.00439834501594305 -0.010820860043168068 0.007344067096710205
v -0.0032834410667419434 -0.011099990457296371 0.006639896892011166
v -0.0041564698331058025 -0.011099990457296371 0.007594226859509945
v -0.00439834501594305 -0.010820860043168068 0.007344067096710205
v 0.006391942035406828 -0.010820860043168068 0.008847354911267757
v 0.006347537040710449 -0.010892090387642384 0.008924305438995361
v 0.0053490400314331055 -0.010820860043168068 0.008156836032867432
v 0.006347537040710449 -0.010892090387642384 0.008924305438995361
v 0.005139528773725033 -0.011099990457296371 0.008434711955487728
v 0.0053490400314331055 -0.010820860043168068 0.008156836032867432
v -0.006347537040710449 -0.010892090387642384 0.008924305438995361
v -0.006391942035406828 -0.010820860043168068 0.008847354911267757
v -0.0053490400314331055 -0.010820860043168068 0.008156836032867432
v -0.005139528773725033 -0.011099990457296371 0.008434711955487728
v -0.006347537040710449 -0.010892090387642384 0.008924305438995361
v -0.0053490400314331055 -0.010820860043168068 0.008156836032867432
v -0.0041564698331058025 -0.011099990457296371 0.007594226859509945
v -0.005139528773725033 -0.011099990457296371 0.008434711955487728
v -0.0053490400314331055 -0.010820860043168068 0.008156836032867432
v 0.009226322174072266 -0.010820860043168068 0.029702000319957733
v 0.009195028804242611 -0.010892090387642384 0.029252519831061363
v 0.009283900260925293 -0.010820860043168068 0.029252519831061363
v 0.009195028804242611 -0.010892090387642384 0.029252519831061363
v 0.00919872522354126 -0.01089869998395443 0.019426099956035614
v 0.009283900260925293 -0.010820860043168068 0.029252519831061363
v -0.009191392920911312 -0.010895010083913803 0.029252519831061363
v -0.009226322174072266 -0.010820860043168068 0.029702000319957733
v -0.009283900260925293 -0.010820860043168068 0.029252519831061363
v -0.009194432757794857 -0.010901089757680893 0.01942520961165428
v -0.009191392920911312 -0.010895010083913803 0.029252519831061363
v -0.009283900260925293 -0.010820860043168068 0.029252519831061363
v 0.008756040595471859 -0.010830460116267204 0.031052349135279655
v 0.008433102630078793 -0.011105230078101158 0.0309139396995306
v 0.009226322174072266 -0.010820860043168068 0.029702000319957733
v 0.008433102630078793 -0.011105230078101158 0.0309139396995306
v 0.008889554999768734 -0.011099990457296371 0.029614320024847984
v 0.009226322174072266 -0.010820860043168068 0.029702000319957733
v 0.008889554999768734 -0.011099990457296371 0.029614320024847984
v 0.009195028804242611 -0.010892090387642384 0.029252519831061363
v 0.009226322174072266 -0.010820860043168068 0.029702000319957733
v -0.009191392920911312 -0.010895010083913803 0.029252519831061363
v -0.008889554999768734 -0.011099990457296371 0.029614320024847984
v -0.009226322174072266 -0.010820860043168068 0.029702000319957733
v -0.008889554999768734 -0.011099990457296371 0.029614320024847984
v -0.008756040595471859 -0.010830460116267204 0.031052349135279655
v -0.009226322174072266 -0.010820860043168068 0.029702000319957733
v 0.005707859061658382 -0.010820860043168068 0.03482097014784813
v 0.005586028099060059 -0.011099990457296371 0.03449498862028122
v 0.006253360770642757 -0.010820860043168068 0.03449653834104538
v 0.005586028099060059 -0.011099990457296371 0.03449498862028122
v 0.006025074981153011 -0.011099990457296371 0.03423386067152023
v 0.006253360770642757 -0.010820860043168068 0.03449653834104538
v 0.006025074981153011 -0.011099990457296371 0.03423386067152023
v 0.007253825198858976 -0.010830460116267204 0.03347491845488548
v 0.006253360770642757 -0.010820860043168068 0.03449653834104538
v -0.007253825198858976 -0.010830460116267204 0.03347491845488548
v -0.0069863200187683105 -0.011105230078101158 0.033247169107198715
v -0.006253360770642757 -0.010820860043168068 0.03449653834104538
v -0.0069863200187683105 -0.011105230078101158 0.033247169107198715
v -0.006025074981153011 -0.011099990457296371 0.03423386067152023
v -0.006253360770642757 -0.010820860043168068 0.03449653834104538
v -0.006025074981153011 -0.011099990457296371 0.03423386067152023
v -0.005707859061658382 -0.010820860043168068 0.03482097014784813
v -0.006253360770642757 -0.010820860043168068 0.03449653834104538
v 0.005083261989057064 -0.010820860043168068 0.03493386134505272
v 0.005083261989057064 -0.011055399663746357 0.03464144095778465
v 0.005707859061658382 -0.010820860043168068 0.03482097014784813
v 0.005083261989057064 -0.011055399663746357 0.03464144095778465
v 0.005586028099060059 -0.011099990457296371 0.03449498862028122
v 0.005707859061658382 -0.010820860043168068 0.03482097014784813
v -0.006025074981153011 -0.011099990457296371 0.03423386067152023
v -0.005586028099060059 -0.011099990457296371 0.03449498862028122
v -0.005707859061658382 -0.010820860043168068 0.03482097014784813
v -0.005083261989057064 -0.011055399663746357 0.03464144095778465
v -0.005083261989057064 -0.010820860043168068 0.03493386134505272
v -0.005707859061658382 -0.010820860043168068 0.03482097014784813
v -0.005586028099060059 -0.011099990457296371 0.03449498862028122
v -0.005083261989057064 -0.011055399663746357 0.03464144095778465
v -0.005707859061658382 -0.010820860043168068 0.03482097014784813
v -0.005083261989057064 -0.010820860043168068 0.03493386134505272
v 0.005083261989057064 -0.011055399663746357 0.03464144095778465
v 0.005083261989057064 -0.010820860043168068 0.03493386134505272
v -0.005083261989057064 -0.011055399663746357 0.03464144095778465
v 0.005083261989057064 -0.011055399663746357 0.03464144095778465
v -0.005083261989057064 -0.010820860043168068 0.03493386134505272
v 0.007797479163855314 -0.011105230078101158 0.032134998589754105
v 0.008433102630078793 -0.011105230078101158 0.0309139396995306
v 0.008756040595471859 -0.010830460116267204 0.031052349135279655
v 0.008096039295196533 -0.010830460116267204 0.03232014179229736
v 0.007797479163855314 -0.011105230078101158 0.032134998589754105
v 0.008756040595471859 -0.010830460116267204 0.031052349135279655
v -0.008889554999768734 -0.011099990457296371 0.029614320024847984
v -0.008433102630078793 -0.011105230078101158 0.0309139396995306
v -0.008756040595471859 -0.010830460116267204 0.031052349135279655
v -0.008433102630078793 -0.011105230078101158 0.0309139396995306
v -0.008096039295196533 -0.010830460116267204 0.03232014179229736
v -0.008756040595471859 -0.010830460116267204 0.031052349135279655
v 0.0069863200187683105 -0.011105230078101158 0.033247169107198715
v 0.007797479163855314 -0.011105230078101158 0.032134998589754105
v 0.008096039295196533 -0.010830460116267204 0.03232014179229736
v 0.007253825198858976 -0.010830460116267204 0.03347491845488548
v 0.0069863200187683105 -0.011105230078101158 0.033247169107198715
v 0.008096039295196533 -0.010830460116267204 0.03232014179229736
v -0.008433102630078793 -0.011105230078101158 0.0309139396995306
v -0.007797479163855314 -0.011105230078101158 0.032134998589754105
v -0.008096039295196533 -0.010830460116267204 0.03232014179229736
v -0.007797479163855314 -0.011105230078101158 0.032134998589754105
v -0.007253825198858976 -0.010830460116267204 0.03347491845488548
v -0.008096039295196533 -0.010830460116267204 0.03232014179229736
v 0.006025074981153011 -0.011099990457296371 0.03423386067152023
v 0.0069863200187683105 -0.011105230078101158 0.033247169107198715
v 0.007253825198858976 -0.010830460116267204 0.03347491845488548
v -0.007797479163855314 -0.011105230078101158 0.032134998589754105
v -0.0069863200187683105 -0.011105230078101158 0.033247169107198715
v -0.007253825198858976 -0.010830460116267204 0.03347491845488548
v 0.0062178960070014 -0.011099990457296371 0.009148775599896908
v 0.005139528773725033 -0.011099990457296371 0.008434711955487728
v 0.006347537040710449 -0.010892090387642384 0.008924305438995361
v -0.005139528773725033 -0.011099990457296371 0.008434711955487728
v -0.0062178960070014 -0.011099990457296371 0.009148775599896908
v -0.006347537040710449 -0.010892090387642384 0.008924305438995361
v 0.008889554999768734 -0.011099990457296371 0.029614320024847984
v 0.008935867808759212 -0.011099990457296371 0.029252519831061363
v 0.009195028804242611 -0.010892090387642384 0.029252519831061363
v 0.008935867808759212 -0.011099990457296371 0.029252519831061363
v 0.00919872522354126 -0.01089869998395443 0.019426099956035614
v 0.009195028804242611 -0.010892090387642384 0.029252519831061363
v -0.008935867808759212 -0.011099990457296371 0.029252519831061363
v -0.008889554999768734 -0.011099990457296371 0.029614320024847984
v -0.009191392920911312 -0.010895010083913803 0.029252519831061363
v -0.009194432757794857 -0.010901089757680893 0.01942520961165428
v -0.008935867808759212 -0.011099990457296371 0.029252519831061363
v -0.009191392920911312 -0.010895010083913803 0.029252519831061363
v 0.008935867808759212 -0.011099990457296371 0.029252519831061363
v 0.009088993072509766 -0.011008080095052719 0.01942591927945614
v 0.00919872522354126 -0.01089869998395443 0.019426099956035614
v 0.009088993072509766 -0.011008080095052719 0.01942591927945614
v 0.008842705748975277 -0.011131400242447853 0.01935720071196556
v 0.00919872522354126 -0.01089869998395443 0.019426099956035614
v -0.009081958793103695 -0.01101326011121273 0.01942509040236473
v -0.008935867808759212 -0.011099990457296371 0.029252519831061363
v -0.009194432757794857 -0.010901089757680893 0.01942520961165428
v -0.006937921047210693 -0.011054989881813526 0.009878993034362793
v -0.006921947002410889 -0.011072570458054543 0.018399950116872787
v -0.0073208799585700035 -0.010941140353679657 0.010011429898440838
v -0.007065474055707455 -0.010973149910569191 0.009572981856763363
v -0.006937921047210693 -0.011054989881813526 0.009878993034362793
v -0.0073208799585700035 -0.010941140353679657 0.010011429898440838
v 0.006921947002410889 -0.011072570458054543 0.018399950116872787
v 0.006938159000128508 -0.011055939830839634 0.009879231452941895
v 0.007306218147277832 -0.010947099886834621 0.010006600059568882
v 0.006938159000128508 -0.011055939830839634 0.009879231452941895
v 0.007065474055707455 -0.010973149910569191 0.009572981856763363
v 0.007306218147277832 -0.010947099886834621 0.010006600059568882
v 0.006669758819043636 -0.011135280132293701 0.009786367416381836
v 0.006182490848004818 -0.01111625973135233 0.009210169315338135
v 0.007065474055707455 -0.010973149910569191 0.009572981856763363
v 0.0069192638620734215 -0.011061480268836021 0.009872733615338802
v 0.006669758819043636 -0.011135280132293701 0.009786367416381836
v 0.007065474055707455 -0.010973149910569191 0.009572981856763363
v 0.006938159000128508 -0.011055939830839634 0.009879231452941895
v 0.0069192638620734215 -0.011061480268836021 0.009872733615338802
v 0.007065474055707455 -0.010973149910569191 0.009572981856763363
v 0.006182490848004818 -0.01111625973135233 0.009210169315338135
v 0.0062178960070014 -0.011099990457296371 0.009148775599896908
v 0.007065474055707455 -0.010973149910569191 0.009572981856763363
v -0.005999981891363859 -0.011199950240552425 0.009526251815259457
v -0.006664276123046875 -0.011136350221931934 0.009784339927136898
v -0.007065474055707455 -0.010973149910569191 0.009572981856763363
v -0.006664276123046875 -0.011136350221931934 0.009784339927136898
v -0.0069189658388495445 -0.011060650460422039 0.009872435592114925
v -0.007065474055707455 -0.010973149910569191 0.009572981856763363
v -0.0069189658388495445 -0.011060650460422039 0.009872435592114925
v -0.006937921047210693 -0.011054989881813526 0.009878993034362793
v -0.007065474055707455 -0.010973149910569191 0.009572981856763363
v -0.0062178960070014 -0.011099990457296371 0.009148775599896908
v -0.006182490848004818 -0.01111625973135233 0.009210169315338135
v -0.007065474055707455 -0.010973149910569191 0.009572981856763363
v -0.006182490848004818 -0.01111625973135233 0.009210169315338135
v -0.005999981891363859 -0.011199950240552425 0.009526251815259457
v -0.007065474055707455 -0.010973149910569191 0.009572981856763363
v 0.0011332629946991801 -0.01117360033094883 -0.0024815790820866823
v 0.00038825097726657987 -0.01117360033094883 -0.0027003278955817223
v 0.0004441470082383603 -0.010983879677951336 -0.003089070087298751
v 0.001296401023864746 -0.010983879677951336 -0.0028388500213623047
v 0.0011332629946991801 -0.01117360033094883 -0.0024815790820866823
v 0.0004441470082383603 -0.010983879677951336 -0.003089070087298751
v 0.00038825097726657987 -0.01117360033094883 -0.0027003278955817223
v -0.0004441470082383603 -0.010983879677951336 -0.003089070087298751
v 0.0004441470082383603 -0.010983879677951336 -0.003089070087298751
v -0.00038825097726657987 -0.01117360033094883 -0.0027003278955817223
v -0.001296401023864746 -0.010983879677951336 -0.0028388500213623047
v -0.0004441470082383603 -0.010983879677951336 -0.003089070087298751
v 0.00038825097726657987 -0.01117360033094883 -0.0027003278955817223
v -0.00038825097726657987 -0.01117360033094883 -0.0027003278955817223
v -0.0004441470082383603 -0.010983879677951336 -0.003089070087298751
v 0.0017865300178527832 -0.01117360033094883 -0.0020617239642888308
v 0.0011332629946991801 -0.01117360033094883 -0.0024815790820866823
v 0.001296401023864746 -0.010983879677951336 -0.0028388500213623047
v 0.0020437240600585938 -0.010983879677951336 -0.002358555095270276
v 0.0017865300178527832 -0.01117360033094883 -0.0020617239642888308
v 0.001296401023864746 -0.010983879677951336 -0.0028388500213623047
v -0.0011332629946991801 -0.01117360033094883 -0.0024815790820866823
v -0.0020437240600585938 -0.010983879677951336 -0.002358555095270276
v -0.001296401023864746 -0.010983879677951336 -0.0028388500213623047
v -0.00038825097726657987 -0.01117360033094883 -0.0027003278955817223
v -0.0011332629946991801 -0.01117360033094883 -0.0024815790820866823
v -0.001296401023864746 -0.010983879677951336 -0.0028388500213623047
v 0.002295017009600997 -0.01117360033094883 -0.0014749160036444664
v 0.0017865300178527832 -0.01117360033094883 -0.0020617239642888308
v 0.0020437240600585938 -0.010983879677951336 -0.002358555095270276
v 0.0026254050899297 -0.010983879677951336 -0.0016872279811650515
v 0.002295017009600997 -0.01117360033094883 -0.0014749160036444664
v 0.0020437240600585938 -0.010983879677951336 -0.002358555095270276
v -0.0017865300178527832 -0.01117360033094883 -0.0020617239642888308
v -0.0026254050899297 -0.010983879677951336 -0.0016872279811650515
v -0.0020437240600585938 -0.010983879677951336 -0.002358555095270276
v -0.0011332629946991801 -0.01117360033094883 -0.0024815790820866823
v -0.0017865300178527832 -0.01117360033094883 -0.0020617239642888308
v -0.0020437240600585938 -0.010983879677951336 -0.002358555095270276
v 0.0026175971142947674 -0.01117360033094883 -0.0007685989839956164
v 0.002295017009600997 -0.01117360033094883 -0.0014749160036444664
v 0.0026254050899297 -0.010983879677951336 -0.0016872279811650515
v 0.0029944179113954306 -0.010983879677951336 -0.0008792519220151007
v 0.0026175971142947674 -0.01117360033094883 -0.0007685989839956164
v 0.0026254050899297 -0.010983879677951336 -0.0016872279811650515
v -0.002295017009600997 -0.01117360033094883 -0.0014749160036444664
v -0.0029944179113954306 -0.010983879677951336 -0.0008792519220151007
v -0.0026254050899297 -0.010983879677951336 -0.0016872279811650515
v -0.0017865300178527832 -0.01117360033094883 -0.0020617239642888308
v -0.002295017009600997 -0.01117360033094883 -0.0014749160036444664
v -0.0026254050899297 -0.010983879677951336 -0.0016872279811650515
v 0.0029906630516052246 -0.01104675978422165 0.0
v 0.0026175971142947674 -0.01117360033094883 -0.0007685989839956164
v 0.0029944179113954306 -0.010983879677951336 -0.0008792519220151007
v 0.0031208388973027468 -0.010983879677951336 0.0
v 0.0029906630516052246 -0.01104675978422165 0.0
v 0.0029944179113954306 -0.010983879677951336 -0.0008792519220151007
v -0.0026175971142947674 -0.01117360033094883 -0.0007685989839956164
v -0.0029906630516052246 -0.01104675978422165 0.0
v -0.0029944179113954306 -0.010983879677951336 -0.0008792519220151007
v -0.002295017009600997 -0.01117360033094883 -0.0014749160036444664
v -0.0026175971142947674 -0.01117360033094883 -0.0007685989839956164
v -0.0029944179113954306 -0.010983879677951336 -0.0008792519220151007
v -0.0029906630516052246 -0.01104675978422165 0.0
v -0.0031208388973027468 -0.010983879677951336 0.0
v -0.0029944179113954306 -0.010983879677951336 -0.0008792519220151007
v 0.00299143698066473 -0.011055399663746357 0.005656837951391935
v 0.0029906630516052246 -0.01104675978422165 0.0
v 0.0031208388973027468 -0.010983879677951336 0.0
v -0.0029906630516052246 -0.01104675978422165 0.0
v -0.00299143698066473 -0.011055399663746357 0.005656837951391935
v -0.0031208388973027468 -0.010983879677951336 0.0
v 0.008935867808759212 -0.011099990457296371 0.029252519831061363
v 0.008842228911817074 -0.011121449992060661 0.029252519831061363
v 0.009088993072509766 -0.011008080095052719 0.01942591927945614
v 0.008842228911817074 -0.011121449992060661 0.029252519831061363
v 0.008842705748975277 -0.011131400242447853 0.01935720071196556
v 0.009088993072509766 -0.011008080095052719 0.01942591927945614
v -0.0088387131690979 -0.01113986037671566 0.019360119476914406
v -0.008835195563733578 -0.011123060248792171 0.029252519831061363
v -0.009081958793103695 -0.01101326011121273 0.01942509040236473
v -0.008835195563733578 -0.011123060248792171 0.029252519831061363
v -0.008935867808759212 -0.011099990457296371 0.029252519831061363
v -0.009081958793103695 -0.01101326011121273 0.01942509040236473
v 0.002728103892877698 -0.01117360033094883 0.0
v 0.0026175971142947674 -0.01117360033094883 -0.0007685989839956164
v 0.0029906630516052246 -0.01104675978422165 0.0
v 0.00299143698066473 -0.011055399663746357 0.005656837951391935
v 0.0029358859173953533 -0.011099990457296371 0.005656837951391935
v 0.0029906630516052246 -0.01104675978422165 0.0
v 0.0029358859173953533 -0.011099990457296371 0.005656837951391935
v 0.002728103892877698 -0.01117360033094883 0.0
v 0.0029906630516052246 -0.01104675978422165 0.0
v -0.002728103892877698 -0.01117360033094883 0.0
v -0.0029358859173953533 -0.011099990457296371 0.005656837951391935
v -0.0029906630516052246 -0.01104675978422165 0.0
v -0.0029358859173953533 -0.011099990457296371 0.005656837951391935
v -0.00299143698066473 -0.011055399663746357 0.005656837951391935
v -0.0029906630516052246 -0.01104675978422165 0.0
v -0.0026175971142947674 -0.01117360033094883 -0.0007685989839956164
v -0.002728103892877698 -0.01117360033094883 0.0
v -0.0029906630516052246 -0.01104675978422165 0.0
v -0.0069189658388495445 -0.011060650460422039 0.009872435592114925
v -0.006921947002410889 -0.011072570458054543 0.018399950116872787
v -0.006937921047210693 -0.011054989881813526 0.009878993034362793
v 0.0030253520235419273 -0.011099990457296371 0.006178199779242277
v 0.0029358859173953533 -0.011099990457296371 0.005656837951391935
v 0.00299143698066473 -0.011055399663746357 0.005656837951391935
v -0.0029358859173953533 -0.011099990457296371 0.005656837951391935
v -0.0030253520235419273 -0.011099990457296371 0.006178199779242277
v -0.00299143698066473 -0.011055399663746357 0.005656837951391935
v -0.005083261989057064 -0.011055399663746357 0.03464144095778465
v 0.005083261989057064 -0.011099990457296371 0.03458588942885399
v 0.005083261989057064 -0.011055399663746357 0.03464144095778465
v 0.005083261989057064 -0.011099990457296371 0.03458588942885399
v 0.005586028099060059 -0.011099990457296371 0.03449498862028122
v 0.005083261989057064 -0.011055399663746357 0.03464144095778465
v -0.005586028099060059 -0.011099990457296371 0.03449498862028122
v -0.005083261989057064 -0.011099990457296371 0.03458588942885399
v -0.005083261989057064 -0.011055399663746357 0.03464144095778465
v -0.005083261989057064 -0.011099990457296371 0.03458588942885399
v 0.005083261989057064 -0.011099990457296371 0.03458588942885399
v -0.005083261989057064 -0.011055399663746357 0.03464144095778465
v 0.006921947002410889 -0.011072570458054543 0.018399950116872787
v 0.0069192638620734215 -0.011061480268836021 0.009872733615338802
v 0.006938159000128508 -0.011055939830839634 0.009879231452941895
v -0.006664276123046875 -0.011136350221931934 0.009784339927136898
v -0.006902514956891537 -0.011081569828093052 0.018399950116872787
v -0.0069189658388495445 -0.011060650460422039 0.009872435592114925
v -0.006902514956891537 -0.011081569828093052 0.018399950116872787
v -0.006921947002410889 -0.011072570458054543 0.018399950116872787
v -0.0069189658388495445 -0.011060650460422039 0.009872435592114925
v 0.006921947002410889 -0.011072570458054543 0.018399950116872787
v 0.006669758819043636 -0.011135280132293701 0.009786367416381836
v 0.0069192638620734215 -0.011061480268836021 0.009872733615338802
v 0.007395863067358732 -0.011199950240552425 0.01866810955107212
v 0.006938635837286711 -0.011199950240552425 0.018538229167461395
v 0.006921947002410889 -0.011072570458054543 0.018399950116872787
v 0.006938635837286711 -0.011199950240552425 0.018538229167461395
v 0.006902514956891537 -0.011081569828093052 0.018399950116872787
v 0.006921947002410889 -0.011072570458054543 0.018399950116872787
v 0.006902514956891537 -0.011081569828093052 0.018399950116872787
v 0.006669758819043636 -0.011135280132293701 0.009786367416381836
v 0.006921947002410889 -0.011072570458054543 0.018399950116872787
v -0.006902514956891537 -0.011081569828093052 0.018399950116872787
v -0.00693583395332098 -0.011199950240552425 0.01852858066558838
v -0.006921947002410889 -0.011072570458054543 0.018399950116872787
v 0.006938635837286711 -0.011199950240552425 0.018538229167461395
v 0.006692409049719572 -0.011199950240552425 0.018468260765075684
v 0.006902514956891537 -0.011081569828093052 0.018399950116872787
v 0.006692409049719572 -0.011199950240552425 0.018468260765075684
v 0.005999981891363859 -0.011199950240552425 0.018399950116872787
v 0.006902514956891537 -0.011081569828093052 0.018399950116872787
v 0.005999981891363859 -0.011199950240552425 0.018399950116872787
v 0.006669758819043636 -0.011135280132293701 0.009786367416381836
v 0.006902514956891537 -0.011081569828093052 0.018399950116872787
v -0.005999981891363859 -0.011199950240552425 0.018399950116872787
v -0.006197690032422543 -0.011199950240552425 0.018405670300126076
v -0.006902514956891537 -0.011081569828093052 0.018399950116872787
v -0.006197690032422543 -0.011199950240552425 0.018405670300126076
v -0.006867825053632259 -0.011199950240552425 0.018506279215216637
v -0.006902514956891537 -0.011081569828093052 0.018399950116872787
v -0.006867825053632259 -0.011199950240552425 0.018506279215216637
v -0.00693583395332098 -0.011199950240552425 0.01852858066558838
v -0.006902514956891537 -0.011081569828093052 0.018399950116872787
v -0.006664276123046875 -0.011136350221931934 0.009784339927136898
v -0.005999981891363859 -0.011199950240552425 0.018399950116872787
v -0.006902514956891537 -0.011081569828093052 0.018399950116872787
v 0.002499996917322278 -0.011199950240552425 0.005656837951391935
v 0.002728103892877698 -0.01117360033094883 0.0
v 0.0029358859173953533 -0.011099990457296371 0.005656837951391935
v 0.0030253520235419273 -0.011099990457296371 0.006178199779242277
v 0.002614377997815609 -0.011199950240552425 0.0063235159032046795
v 0.0029358859173953533 -0.011099990457296371 0.005656837951391935
v 0.002614377997815609 -0.011199950240552425 0.0063235159032046795
v 0.002499996917322278 -0.011199950240552425 0.005656837951391935
v 0.0029358859173953533 -0.011099990457296371 0.005656837951391935
v -0.002499996917322278 -0.011199950240552425 0.005656837951391935
v -0.0030253520235419273 -0.011099990457296371 0.006178199779242277
v -0.0029358859173953533 -0.011099990457296371 0.005656837951391935
v -0.002728103892877698 -0.01117360033094883 0.0
v -0.002499996917322278 -0.011199950240552425 0.005656837951391935
v -0.0029358859173953533 -0.011099990457296371 0.005656837951391935
v 0.0032834410667419434 -0.011099990457296371 0.006639896892011166
v 0.002944408915936947 -0.011199950240552425 0.006913899909704924
v 0.0030253520235419273 -0.011099990457296371 0.006178199779242277
v 0.002944408915936947 -0.011199950240552425 0.006913899909704924
v 0.002614377997815609 -0.011199950240552425 0.0063235159032046795
v 0.0030253520235419273 -0.011099990457296371 0.006178199779242277
v -0.002499996917322278 -0.011199950240552425 0.005656837951391935
v -0.002614377997815609 -0.011199950240552425 0.0063235159032046795
v -0.0030253520235419273 -0.011099990457296371 0.006178199779242277
v -0.002614377997815609 -0.011199950240552425 0.0063235159032046795
v -0.0032834410667419434 -0.011099990457296371 0.006639896892011166
v -0.0030253520235419273 -0.011099990457296371 0.006178199779242277
v 0.0041564698331058025 -0.011099990457296371 0.007594226859509945
v 0.0038534400518983603 -0.011199950240552425 0.007907569408416748
v 0.0032834410667419434 -0.011099990457296371 0.006639896892011166
v 0.0038534400518983603 -0.011199950240552425 0.007907569408416748
v 0.002944408915936947 -0.011199950240552425 0.006913899909704924
v 0.0032834410667419434 -0.011099990457296371 0.006639896892011166
v -0.002944408915936947 -0.011199950240552425 0.006913899909704924
v -0.0041564698331058025 -0.011099990457296371 0.007594226859509945
v -0.0032834410667419434 -0.011099990457296371 0.006639896892011166
v -0.002614377997815609 -0.011199950240552425 0.0063235159032046795
v -0.002944408915936947 -0.011199950240552425 0.006913899909704924
v -0.0032834410667419434 -0.011099990457296371 0.006639896892011166
v 0.005139528773725033 -0.011099990457296371 0.008434711955487728
v 0.004877089988440275 -0.011199950240552425 0.008782744407653809
v 0.0041564698331058025 -0.011099990457296371 0.007594226859509945
v 0.004877089988440275 -0.011199950240552425 0.008782744407653809
v 0.0038534400518983603 -0.011199950240552425 0.007907569408416748
v 0.0041564698331058025 -0.011099990457296371 0.007594226859509945
v -0.0038534400518983603 -0.011199950240552425 0.007907569408416748
v -0.005139528773725033 -0.011099990457296371 0.008434711955487728
v -0.0041564698331058025 -0.011099990457296371 0.007594226859509945
v -0.002944408915936947 -0.011199950240552425 0.006913899909704924
v -0.0038534400518983603 -0.011199950240552425 0.007907569408416748
v -0.0041564698331058025 -0.011099990457296371 0.007594226859509945
v 0.006182490848004818 -0.01111625973135233 0.009210169315338135
v 0.004877089988440275 -0.011199950240552425 0.008782744407653809
v 0.005139528773725033 -0.011099990457296371 0.008434711955487728
v 0.0062178960070014 -0.011099990457296371 0.009148775599896908
v 0.006182490848004818 -0.01111625973135233 0.009210169315338135
v 0.005139528773725033 -0.011099990457296371 0.008434711955487728
v -0.006182490848004818 -0.01111625973135233 0.009210169315338135
v -0.0062178960070014 -0.011099990457296371 0.009148775599896908
v -0.005139528773725033 -0.011099990457296371 0.008434711955487728
v -0.004877089988440275 -0.011199950240552425 0.008782744407653809
v -0.006182490848004818 -0.01111625973135233 0.009210169315338135
v -0.005139528773725033 -0.011099990457296371 0.008434711955487728
v -0.0038534400518983603 -0.011199950240552425 0.007907569408416748
v -0.004877089988440275 -0.011199950240552425 0.008782744407653809
v -0.005139528773725033 -0.011099990457296371 0.008434711955487728
v 0.008889554999768734 -0.011099990457296371 0.029614320024847984
v 0.008842228911817074 -0.011121449992060661 0.029252519831061363
v 0.008935867808759212 -0.011099990457296371 0.029252519831061363
v -0.008835195563733578 -0.011123060248792171 0.029252519831061363
v -0.008889554999768734 -0.011099990457296371 0.029614320024847984
v -0.008935867808759212 -0.011099990457296371 0.029252519831061363
v 0.008433102630078793 -0.011105230078101158 0.0309139396995306
v 0.008066593669354916 -0.0111996503546834 0.030756890773773193
v 0.008889554999768734 -0.011099990457296371 0.029614320024847984
v 0.008066593669354916 -0.0111996503546834 0.030756890773773193
v 0.008491814136505127 -0.011194219812750816 0.029510730877518654
v 0.008889554999768734 -0.011099990457296371 0.029614320024847984
v 0.008491814136505127 -0.011194219812750816 0.029510730877518654
v 0.008842228911817074 -0.011121449992060661 0.029252519831061363
v 0.008889554999768734 -0.011099990457296371 0.029614320024847984
v -0.008835195563733578 -0.011123060248792171 0.029252519831061363
v -0.008491814136505127 -0.011194219812750816 0.029510730877518654
v -0.008889554999768734 -0.011099990457296371 0.029614320024847984
v -0.008491814136505127 -0.011194219812750816 0.029510730877518654
v -0.008433102630078793 -0.011105230078101158 0.0309139396995306
v -0.008889554999768734 -0.011099990457296371 0.029614320024847984
v 0.005586028099060059 -0.011099990457296371 0.03449498862028122
v 0.005755542777478695 -0.011194219812750816 0.033923618495464325
v 0.006025074981153011 -0.011099990457296371 0.03423386067152023
v 0.005755542777478695 -0.011194219812750816 0.033923618495464325
v 0.0069863200187683105 -0.011105230078101158 0.033247169107198715
v 0.006025074981153011 -0.011099990457296371 0.03423386067152023
v -0.0069863200187683105 -0.011105230078101158 0.033247169107198715
v -0.006682693026959896 -0.0111996503546834 0.03298871964216232
v -0.006025074981153011 -0.011099990457296371 0.03423386067152023
v -0.006682693026959896 -0.0111996503546834 0.03298871964216232
v -0.005755542777478695 -0.011194219812750816 0.033923618495464325
v -0.006025074981153011 -0.011099990457296371 0.03423386067152023
v -0.005755542777478695 -0.011194219812750816 0.033923618495464325
v -0.005586028099060059 -0.011099990457296371 0.03449498862028122
v -0.006025074981153011 -0.011099990457296371 0.03423386067152023
v 0.005083261989057064 -0.011199950240552425 0.03415000066161156
v 0.005433380138128996 -0.011199950240552425 0.03408670052886009
v 0.005586028099060059 -0.011099990457296371 0.03449498862028122
v 0.005083261989057064 -0.011099990457296371 0.03458588942885399
v 0.005083261989057064 -0.011199950240552425 0.03415000066161156
v 0.005586028099060059 -0.011099990457296371 0.03449498862028122
v 0.005433380138128996 -0.011199950240552425 0.03408670052886009
v 0.005755542777478695 -0.011194219812750816 0.033923618495464325
v 0.005586028099060059 -0.011099990457296371 0.03449498862028122
v -0.005755542777478695 -0.011194219812750816 0.033923618495464325
v -0.005433380138128996 -0.011199950240552425 0.03408670052886009
v -0.005586028099060059 -0.011099990457296371 0.03449498862028122
v -0.005433380138128996 -0.011199950240552425 0.03408670052886009
v -0.005083261989057064 -0.011099990457296371 0.03458588942885399
v -0.005586028099060059 -0.011099990457296371 0.03449498862028122
v -0.005083261989057064 -0.011099990457296371 0.03458588942885399
v 0.005083261989057064 -0.011199950240552425 0.03415000066161156
v 0.005083261989057064 -0.011099990457296371 0.03458588942885399
v -0.005433380138128996 -0.011199950240552425 0.03408670052886009
v -0.005083261989057064 -0.011199950240552425 0.03415000066161156
v -0.005083261989057064 -0.011099990457296371 0.03458588942885399
v -0.005083261989057064 -0.011199950240552425 0.03415000066161156
v 0.005083261989057064 -0.011199950240552425 0.03415000066161156
v -0.005083261989057064 -0.011099990457296371 0.03458588942885399
v 0.007458627223968506 -0.0111996503546834 0.031924840062856674
v 0.008066593669354916 -0.0111996503546834 0.030756890773773193
v 0.008433102630078793 -0.011105230078101158 0.0309139396995306
v 0.007797479163855314 -0.011105230078101158 0.032134998589754105
v 0.007458627223968506 -0.0111996503546834 0.031924840062856674
v 0.008433102630078793 -0.011105230078101158 0.0309139396995306
v -0.008491814136505127 -0.011194219812750816 0.029510730877518654
v -0.008066593669354916 -0.0111996503546834 0.030756890773773193
v -0.008433102630078793 -0.011105230078101158 0.0309139396995306
v -0.008066593669354916 -0.0111996503546834 0.030756890773773193
v -0.007797479163855314 -0.011105230078101158 0.032134998589754105
v -0.008433102630078793 -0.011105230078101158 0.0309139396995306
v 0.006682693026959896 -0.0111996503546834 0.03298871964216232
v 0.007458627223968506 -0.0111996503546834 0.031924840062856674
v 0.007797479163855314 -0.011105230078101158 0.032134998589754105
v 0.0069863200187683105 -0.011105230078101158 0.033247169107198715
v 0.006682693026959896 -0.0111996503546834 0.03298871964216232
v 0.007797479163855314 -0.011105230078101158 0.032134998589754105
v -0.008066593669354916 -0.0111996503546834 0.030756890773773193
v -0.007458627223968506 -0.0111996503546834 0.031924840062856674
v -0.007797479163855314 -0.011105230078101158 0.032134998589754105
v -0.007458627223968506 -0.0111996503546834 0.031924840062856674
v -0.0069863200187683105 -0.011105230078101158 0.033247169107198715
v -0.007797479163855314 -0.011105230078101158 0.032134998589754105
v 0.005755542777478695 -0.011194219812750816 0.033923618495464325
v 0.006682693026959896 -0.0111996503546834 0.03298871964216232
v 0.0069863200187683105 -0.011105230078101158 0.033247169107198715
v -0.007458627223968506 -0.0111996503546834 0.031924840062856674
v -0.006682693026959896 -0.0111996503546834 0.03298871964216232
v -0.0069863200187683105 -0.011105230078101158 0.033247169107198715
v 0.006669758819043636 -0.011135280132293701 0.009786367416381836
v 0.005999981891363859 -0.011199950240552425 0.009526251815259457
v 0.006182490848004818 -0.01111625973135233 0.009210169315338135
v 0.005999981891363859 -0.011199950240552425 0.009526251815259457
v 0.004877089988440275 -0.011199950240552425 0.008782744407653809
v 0.006182490848004818 -0.01111625973135233 0.009210169315338135
v -0.004877089988440275 -0.011199950240552425 0.008782744407653809
v -0.005999981891363859 -0.011199950240552425 0.009526251815259457
v -0.006182490848004818 -0.01111625973135233 0.009210169315338135
v 0.008491814136505127 -0.011194219812750816 0.029510730877518654
v 0.00849997904151678 -0.011199950240552425 0.029252519831061363
v 0.008842228911817074 -0.011121449992060661 0.029252519831061363
v 0.00879430677741766 -0.011155660264194012 0.019343730062246323
v 0.008842705748975277 -0.011131400242447853 0.01935720071196556
v 0.008842228911817074 -0.011121449992060661 0.029252519831061363
v 0.00849997904151678 -0.011199950240552425 0.029252519831061363
v 0.00879430677741766 -0.011155660264194012 0.019343730062246323
v 0.008842228911817074 -0.011121449992060661 0.029252519831061363
v -0.00849997904151678 -0.011199950240552425 0.029252519831061363
v -0.008491814136505127 -0.011194219812750816 0.029510730877518654
v -0.008835195563733578 -0.011123060248792171 0.029252519831061363
v -0.0088387131690979 -0.01113986037671566 0.019360119476914406
v -0.00849997904151678 -0.011199950240552425 0.029252519831061363
v -0.008835195563733578 -0.011123060248792171 0.029252519831061363
v 0.00879430677741766 -0.011155660264194012 0.019343730062246323
v 0.00849997904151678 -0.011199950240552425 0.01920115016400814
v 0.008842705748975277 -0.011131400242447853 0.01935720071196556
v 0.005999981891363859 -0.011199950240552425 0.018399950116872787
v 0.005999981891363859 -0.011199950240552425 0.009526251815259457
v 0.006669758819043636 -0.011135280132293701 0.009786367416381836
v -0.005999981891363859 -0.011199950240552425 0.009526251815259457
v -0.005999981891363859 -0.011199950240552425 0.018399950116872787
v -0.006664276123046875 -0.011136350221931934 0.009784339927136898
v -0.00883245375007391 -0.011143079958856106 0.019358450546860695
v -0.00849997904151678 -0.011199950240552425 0.029252519831061363
v -0.0088387131690979 -0.01113986037671566 0.019360119476914406
v -0.00849997904151678 -0.011199950240552425 0.01920115016400814
v -0.00883245375007391 -0.011143079958856106 0.019358450546860695
v -0.0088387131690979 -0.01113986037671566 0.019360119476914406
v -0.00849997904151678 -0.011199950240552425 0.01920115016400814
v -0.00849997904151678 -0.011199950240552425 0.029252519831061363
v -0.00883245375007391 -0.011143079958856106 0.019358450546860695
v 0.00849997904151678 -0.011199950240552425 0.029252519831061363
v 0.00849997904151678 -0.011199950240552425 0.01920115016400814
v 0.00879430677741766 -0.011155660264194012 0.019343730062246323
v 0.00035578699316829443 -0.011199950240552425 -0.00247454596683383
v 0.0 -0.011199950240552425 -0.002499996917322278
v 0.00038825097726657987 -0.01117360033094883 -0.0027003278955817223
v 0.0010384910274297 -0.011199950240552425 -0.002274035941809416
v 0.00035578699316829443 -0.011199950240552425 -0.00247454596683383
v 0.00038825097726657987 -0.01117360033094883 -0.0027003278955817223
v 0.0011332629946991801 -0.01117360033094883 -0.0024815790820866823
v 0.0010384910274297 -0.011199950240552425 -0.002274035941809416
v 0.00038825097726657987 -0.01117360033094883 -0.0027003278955817223
v 0.0 -0.011199950240552425 -0.002499996917322278
v -0.00038825097726657987 -0.01117360033094883 -0.0027003278955817223
v 0.00038825097726657987 -0.01117360033094883 -0.0027003278955817223
v 0.0 -0.011199950240552425 -0.002499996917322278
v -0.00035578699316829443 -0.011199950240552425 -0.00247454596683383
v -0.00038825097726657987 -0.01117360033094883 -0.0027003278955817223
v -0.00035578699316829443 -0.011199950240552425 -0.00247454596683383
v -0.0011332629946991801 -0.01117360033094883 -0.0024815790820866823
v -0.00038825097726657987 -0.01117360033094883 -0.0027003278955817223
v 0.001637101056985557 -0.011199950240552425 -0.001889348030090332
v 0.0010384910274297 -0.011199950240552425 -0.002274035941809416
v 0.0011332629946991801 -0.01117360033094883 -0.0024815790820866823
v 0.0017865300178527832 -0.01117360033094883 -0.0020617239642888308
v 0.001637101056985557 -0.011199950240552425 -0.001889348030090332
v 0.0011332629946991801 -0.01117360033094883 -0.0024815790820866823
v -0.0010384910274297 -0.011199950240552425 -0.002274035941809416
v -0.0017865300178527832 -0.01117360033094883 -0.0020617239642888308
v -0.0011332629946991801 -0.01117360033094883 -0.0024815790820866823
v -0.00035578699316829443 -0.011199950240552425 -0.00247454596683383
v -0.0010384910274297 -0.011199950240552425 -0.002274035941809416
v -0.0011332629946991801 -0.01117360033094883 -0.0024815790820866823
v 0.002103090053424239 -0.011199950240552425 -0.0013515939936041832
v 0.001637101056985557 -0.011199950240552425 -0.001889348030090332
v 0.0017865300178527832 -0.01117360033094883 -0.0020617239642888308
v 0.002295017009600997 -0.01117360033094883 -0.0014749160036444664
v 0.002103090053424239 -0.011199950240552425 -0.0013515939936041832
v 0.0017865300178527832 -0.01117360033094883 -0.0020617239642888308
v -0.001637101056985557 -0.011199950240552425 -0.001889348030090332
v -0.002295017009600997 -0.01117360033094883 -0.0014749160036444664
v -0.0017865300178527832 -0.01117360033094883 -0.0020617239642888308
v -0.0010384910274297 -0.011199950240552425 -0.002274035941809416
v -0.001637101056985557 -0.011199950240552425 -0.001889348030090332
v -0.0017865300178527832 -0.01117360033094883 -0.0020617239642888308
v 0.0023987290915101767 -0.011199950240552425 -0.0007043309742584825
v 0.002103090053424239 -0.011199950240552425 -0.0013515939936041832
v 0.002295017009600997 -0.01117360033094883 -0.0014749160036444664
v 0.0026175971142947674 -0.01117360033094883 -0.0007685989839956164
v 0.0023987290915101767 -0.011199950240552425 -0.0007043309742584825
v 0.002295017009600997 -0.01117360033094883 -0.0014749160036444664
v -0.002103090053424239 -0.011199950240552425 -0.0013515939936041832
v -0.0026175971142947674 -0.01117360033094883 -0.0007685989839956164
v -0.002295017009600997 -0.01117360033094883 -0.0014749160036444664
v -0.001637101056985557 -0.011199950240552425 -0.001889348030090332
v -0.002103090053424239 -0.011199950240552425 -0.0013515939936041832
v -0.002295017009600997 -0.01117360033094883 -0.0014749160036444664
v 0.002728103892877698 -0.01117360033094883 0.0
v 0.002499996917322278 -0.011199950240552425 0.0
v 0.0026175971142947674 -0.01117360033094883 -0.0007685989839956164
v 0.002499996917322278 -0.011199950240552425 0.0
v 0.0023987290915101767 -0.011199950240552425 -0.0007043309742584825
v 0.0026175971142947674 -0.01117360033094883 -0.0007685989839956164
v -0.0023987290915101767 -0.011199950240552425 -0.0007043309742584825
v -0.002728103892877698 -0.01117360033094883 0.0
v -0.0026175971142947674 -0.01117360033094883 -0.0007685989839956164
v -0.002103090053424239 -0.011199950240552425 -0.0013515939936041832
v -0.0023987290915101767 -0.011199950240552425 -0.0007043309742584825
v -0.0026175971142947674 -0.01117360033094883 -0.0007685989839956164
v 0.002499996917322278 -0.011199950240552425 0.005656837951391935
v 0.002499996917322278 -0.011199950240552425 0.0
v 0.002728103892877698 -0.01117360033094883 0.0
v -0.002499996917322278 -0.011199950240552425 0.0
v -0.002499996917322278 -0.011199950240552425 0.005656837951391935
v -0.002728103892877698 -0.01117360033094883 0.0
v -0.0023987290915101767 -0.011199950240552425 -0.0007043309742584825
v -0.002499996917322278 -0.011199950240552425 0.0
v -0.002728103892877698 -0.01117360033094883 0.0
v 0.008066593669354916 -0.0111996503546834 0.030756890773773193
v 0.008467732928693295 -0.011199950240552425 0.02950447052717209
v 0.008491814136505127 -0.011194219812750816 0.029510730877518654
v 0.008467732928693295 -0.011199950240552425 0.02950447052717209
v 0.00849997904151678 -0.011199950240552425 0.029252519831061363
v 0.008491814136505127 -0.011194219812750816 0.029510730877518654
v -0.00849997904151678 -0.011199950240552425 0.029252519831061363
v -0.008467732928693295 -0.011199950240552425 0.02950447052717209
v -0.008491814136505127 -0.011194219812750816 0.029510730877518654
v -0.008467732928693295 -0.011199950240552425 0.02950447052717209
v -0.008030295372009277 -0.011199950240552425 0.030742280185222626
v -0.008491814136505127 -0.011194219812750816 0.029510730877518654
v -0.008030295372009277 -0.011199950240552425 0.030742280185222626
v -0.008066593669354916 -0.0111996503546834 0.030756890773773193
v -0.008491814136505127 -0.011194219812750816 0.029510730877518654
v 0.005433380138128996 -0.011199950240552425 0.03408670052886009
v 0.0057392120361328125 -0.011199950240552425 0.0339047908782959
v 0.005755542777478695 -0.011194219812750816 0.033923618495464325
v 0.0057392120361328125 -0.011199950240552425 0.0339047908782959
v 0.006653487216681242 -0.011199950240552425 0.032962728291749954
v 0.005755542777478695 -0.011194219812750816 0.033923618495464325
v 0.006653487216681242 -0.011199950240552425 0.032962728291749954
v 0.006682693026959896 -0.0111996503546834 0.03298871964216232
v 0.005755542777478695 -0.011194219812750816 0.033923618495464325
v -0.006682693026959896 -0.0111996503546834 0.03298871964216232
v -0.0057392120361328125 -0.011199950240552425 0.0339047908782959
v -0.005755542777478695 -0.011194219812750816 0.033923618495464325
v -0.0057392120361328125 -0.011199950240552425 0.0339047908782959
v -0.005433380138128996 -0.011199950240552425 0.03408670052886009
v -0.005755542777478695 -0.011194219812750816 0.033923618495464325
v 0.008003056049346924 -0.011199950240552425 0.03073160909116268
v 0.008467732928693295 -0.011199950240552425 0.02950447052717209
v 0.008066593669354916 -0.0111996503546834 0.030756890773773193
v 0.007803142070770264 -0.011199950240552425 0.031259648501873016
v 0.008003056049346924 -0.011199950240552425 0.03073160909116268
v 0.008066593669354916 -0.0111996503546834 0.030756890773773193
v 0.007458627223968506 -0.0111996503546834 0.031924840062856674
v 0.007803142070770264 -0.011199950240552425 0.031259648501873016
v 0.008066593669354916 -0.0111996503546834 0.030756890773773193
v -0.008030295372009277 -0.011199950240552425 0.030742280185222626
v -0.007970570586621761 -0.011199950240552425 0.030911320820450783
v -0.008066593669354916 -0.0111996503546834 0.030756890773773193
v -0.007970570586621761 -0.011199950240552425 0.030911320820450783
v -0.007458627223968506 -0.0111996503546834 0.031924840062856674
v -0.008066593669354916 -0.0111996503546834 0.030756890773773193
v 0.006778358947485685 -0.011199950240552425 0.03283404931426048
v 0.007396161090582609 -0.011199950240552425 0.031884901225566864
v 0.007458627223968506 -0.0111996503546834 0.031924840062856674
v 0.007396161090582609 -0.011199950240552425 0.031884901225566864
v 0.007803142070770264 -0.011199950240552425 0.031259648501873016
v 0.007458627223968506 -0.0111996503546834 0.031924840062856674
v 0.006682693026959896 -0.0111996503546834 0.03298871964216232
v 0.006778358947485685 -0.011199950240552425 0.03283404931426048
v 0.007458627223968506 -0.0111996503546834 0.031924840062856674
v -0.007970570586621761 -0.011199950240552425 0.030911320820450783
v -0.007395029067993164 -0.011199950240552425 0.031886689364910126
v -0.007458627223968506 -0.0111996503546834 0.031924840062856674
v -0.007395029067993164 -0.011199950240552425 0.031886689364910126
v -0.007015943061560392 -0.011199950240552425 0.03252917155623436
v -0.007458627223968506 -0.0111996503546834 0.031924840062856674
v -0.007015943061560392 -0.011199950240552425 0.03252917155623436
v -0.006682693026959896 -0.0111996503546834 0.03298871964216232
v -0.007458627223968506 -0.0111996503546834 0.031924840062856674
v 0.006653487216681242 -0.011199950240552425 0.032962728291749954
v 0.006778358947485685 -0.011199950240552425 0.03283404931426048
v 0.006682693026959896 -0.0111996503546834 0.03298871964216232
v -0.0066318511962890625 -0.011199950240552425 0.032943058758974075
v -0.0057392120361328125 -0.011199950240552425 0.0339047908782959
v -0.006682693026959896 -0.0111996503546834 0.03298871964216232
v -0.007015943061560392 -0.011199950240552425 0.03252917155623436
v -0.0066318511962890625 -0.011199950240552425 0.032943058758974075
v -0.006682693026959896 -0.0111996503546834 0.03298871964216232
v 0.00035578699316829443 -0.011199950240552425 -0.00247454596683383
v 0.002499996917322278 -0.011199950240552425 0.0
v 0.0 -0.011199950240552425 -0.002499996917322278
v 0.002499996917322278 -0.011199950240552425 0.0
v -0.00035578699316829443 -0.011199950240552425 -0.00247454596683383
v 0.0 -0.011199950240552425 -0.002499996917322278
v 0.0010384910274297 -0.011199950240552425 -0.002274035941809416
v 0.002499996917322278 -0.011199950240552425 0.0
v 0.00035578699316829443 -0.011199950240552425 -0.00247454596683383
v 0.002499996917322278 -0.011199950240552425 0.0
v -0.0010384910274297 -0.011199950240552425 -0.002274035941809416
v -0.00035578699316829443 -0.011199950240552425 -0.00247454596683383
v 0.001637101056985557 -0.011199950240552425 -0.001889348030090332
v 0.002499996917322278 -0.011199950240552425 0.0
v 0.0010384910274297 -0.011199950240552425 -0.002274035941809416
v 0.002499996917322278 -0.011199950240552425 0.0
v -0.001637101056985557 -0.011199950240552425 -0.001889348030090332
v -0.0010384910274297 -0.011199950240552425 -0.002274035941809416
v 0.002103090053424239 -0.011199950240552425 -0.0013515939936041832
v 0.002499996917322278 -0.011199950240552425 0.0
v 0.001637101056985557 -0.011199950240552425 -0.001889348030090332
v 0.002499996917322278 -0.011199950240552425 0.0
v -0.002103090053424239 -0.011199950240552425 -0.0013515939936041832
v -0.001637101056985557 -0.011199950240552425 -0.001889348030090332
v 0.0023987290915101767 -0.011199950240552425 -0.0007043309742584825
v 0.002499996917322278 -0.011199950240552425 0.0
v 0.002103090053424239 -0.011199950240552425 -0.0013515939936041832
v 0.002499996917322278 -0.011199950240552425 0.0
v -0.0023987290915101767 -0.011199950240552425 -0.0007043309742584825
v -0.002103090053424239 -0.011199950240552425 -0.0013515939936041832
v 0.002499996917322278 -0.011199950240552425 0.0
v -0.002499996917322278 -0.011199950240552425 0.0
v -0.0023987290915101767 -0.011199950240552425 -0.0007043309742584825
v 0.002499996917322278 -0.011199950240552425 0.005656837951391935
v -0.002499996917322278 -0.011199950240552425 0.005656837951391935
v 0.002499996917322278 -0.011199950240552425 0.0
v -0.002499996917322278 -0.011199950240552425 0.005656837951391935
v -0.002499996917322278 -0.011199950240552425 0.0
v 0.002499996917322278 -0.011199950240552425 0.0
v 0.002614377997815609 -0.011199950240552425 0.0063235159032046795
v -0.002614377997815609 -0.011199950240552425 0.0063235159032046795
v 0.002499996917322278 -0.011199950240552425 0.005656837951391935
v -0.002614377997815609 -0.011199950240552425 0.0063235159032046795
v -0.002499996917322278 -0.011199950240552425 0.005656837951391935
v 0.002499996917322278 -0.011199950240552425 0.005656837951391935
v 0.002944408915936947 -0.011199950240552425 0.006913899909704924
v -0.005999981891363859 -0.011199950240552425 0.018399950116872787
v 0.002614377997815609 -0.011199950240552425 0.0063235159032046795
v -0.005999981891363859 -0.011199950240552425 0.018399950116872787
v -0.005999981891363859 -0.011199950240552425 0.009526251815259457
v 0.002614377997815609 -0.011199950240552425 0.0063235159032046795
v -0.005999981891363859 -0.011199950240552425 0.009526251815259457
v -0.004877089988440275 -0.011199950240552425 0.008782744407653809
v 0.002614377997815609 -0.011199950240552425 0.0063235159032046795
v -0.004877089988440275 -0.011199950240552425 0.008782744407653809
v -0.0038534400518983603 -0.011199950240552425 0.007907569408416748
v 0.002614377997815609 -0.011199950240552425 0.0063235159032046795
v -0.0038534400518983603 -0.011199950240552425 0.007907569408416748
v -0.002944408915936947 -0.011199950240552425 0.006913899909704924
v 0.002614377997815609 -0.011199950240552425 0.0063235159032046795
v -0.002944408915936947 -0.011199950240552425 0.006913899909704924
v -0.002614377997815609 -0.011199950240552425 0.0063235159032046795
v 0.002614377997815609 -0.011199950240552425 0.0063235159032046795
v 0.0038534400518983603 -0.011199950240552425 0.007907569408416748
v -0.005999981891363859 -0.011199950240552425 0.018399950116872787
v 0.002944408915936947 -0.011199950240552425 0.006913899909704924
v 0.004877089988440275 -0.011199950240552425 0.008782744407653809
v -0.005999981891363859 -0.011199950240552425 0.018399950116872787
v 0.0038534400518983603 -0.011199950240552425 0.007907569408416748
v 0.005999981891363859 -0.011199950240552425 0.009526251815259457
v 0.005999981891363859 -0.011199950240552425 0.018399950116872787
v 0.004877089988440275 -0.011199950240552425 0.008782744407653809
v 0.005999981891363859 -0.011199950240552425 0.018399950116872787
v -0.005999981891363859 -0.011199950240552425 0.018399950116872787
v 0.004877089988440275 -0.011199950240552425 0.008782744407653809
v 0.008003056049346924 -0.011199950240552425 0.03073160909116268
v -0.005999981891363859 -0.011199950240552425 0.018399950116872787
v 0.005999981891363859 -0.011199950240552425 0.018399950116872787
v 0.006692409049719572 -0.011199950240552425 0.018468260765075684
v 0.008003056049346924 -0.011199950240552425 0.03073160909116268
v 0.005999981891363859 -0.011199950240552425 0.018399950116872787
v 0.008003056049346924 -0.011199950240552425 0.03073160909116268
v 0.007803142070770264 -0.011199950240552425 0.031259648501873016
v -0.005999981891363859 -0.011199950240552425 0.018399950116872787
v 0.007803142070770264 -0.011199950240552425 0.031259648501873016
v 0.007396161090582609 -0.011199950240552425 0.031884901225566864
v -0.005999981891363859 -0.011199950240552425 0.018399950116872787
v 0.007396161090582609 -0.011199950240552425 0.031884901225566864
v -0.006197690032422543 -0.011199950240552425 0.018405670300126076
v -0.005999981891363859 -0.011199950240552425 0.018399950116872787
v 0.007396161090582609 -0.011199950240552425 0.031884901225566864
v -0.008030295372009277 -0.011199950240552425 0.030742280185222626
v -0.006197690032422543 -0.011199950240552425 0.018405670300126076
v -0.008030295372009277 -0.011199950240552425 0.030742280185222626
v -0.006867825053632259 -0.011199950240552425 0.018506279215216637
v -0.006197690032422543 -0.011199950240552425 0.018405670300126076
v 0.006938635837286711 -0.011199950240552425 0.018538229167461395
v 0.008003056049346924 -0.011199950240552425 0.03073160909116268
v 0.006692409049719572 -0.011199950240552425 0.018468260765075684
v -0.008030295372009277 -0.011199950240552425 0.030742280185222626
v -0.00693583395332098 -0.011199950240552425 0.01852858066558838
v -0.006867825053632259 -0.011199950240552425 0.018506279215216637
v -0.008030295372009277 -0.011199950240552425 0.030742280185222626
v -0.007575809024274349 -0.011199950240552425 0.018738500773906708
v -0.00693583395332098 -0.011199950240552425 0.01852858066558838
v 0.007395863067358732 -0.011199950240552425 0.01866810955107212
v 0.008003056049346924 -0.011199950240552425 0.03073160909116268
v 0.006938635837286711 -0.011199950240552425 0.018538229167461395
v 0.00825423002243042 -0.011199950240552425 0.01906316913664341
v 0.008003056049346924 -0.011199950240552425 0.03073160909116268
v 0.007395863067358732 -0.011199950240552425 0.01866810955107212
v -0.008030295372009277 -0.011199950240552425 0.030742280185222626
v -0.008453129790723324 -0.011199950240552425 0.019177669659256935
v -0.007575809024274349 -0.011199950240552425 0.018738500773906708
v 0.008449970744550228 -0.011199950240552425 0.01917308010160923
v 0.008003056049346924 -0.011199950240552425 0.03073160909116268
v 0.00825423002243042 -0.011199950240552425 0.01906316913664341
v 0.00849997904151678 -0.011199950240552425 0.01920115016400814
v 0.008003056049346924 -0.011199950240552425 0.03073160909116268
v 0.008449970744550228 -0.011199950240552425 0.01917308010160923
v -0.008030295372009277 -0.011199950240552425 0.030742280185222626
v -0.00849997904151678 -0.011199950240552425 0.029252519831061363
v -0.008453129790723324 -0.011199950240552425 0.019177669659256935
v -0.00849997904151678 -0.011199950240552425 0.029252519831061363
v -0.00849997904151678 -0.011199950240552425 0.01920115016400814
v -0.008453129790723324 -0.011199950240552425 0.019177669659256935
v 0.00849997904151678 -0.011199950240552425 0.029252519831061363
v 0.008003056049346924 -0.011199950240552425 0.03073160909116268
v 0.00849997904151678 -0.011199950240552425 0.01920115016400814
v 0.008467732928693295 -0.011199950240552425 0.02950447052717209
v 0.008003056049346924 -0.011199950240552425 0.03073160909116268
v 0.00849997904151678 -0.011199950240552425 0.029252519831061363
v -0.008030295372009277 -0.011199950240552425 0.030742280185222626
v -0.008467732928693295 -0.011199950240552425 0.02950447052717209
v -0.00849997904151678 -0.011199950240552425 0.029252519831061363
v 0.007396161090582609 -0.011199950240552425 0.031884901225566864
v 0.006778358947485685 -0.011199950240552425 0.03283404931426048
v -0.008030295372009277 -0.011199950240552425 0.030742280185222626
v 0.006778358947485685 -0.011199950240552425 0.03283404931426048
v 0.006653487216681242 -0.011199950240552425 0.032962728291749954
v -0.008030295372009277 -0.011199950240552425 0.030742280185222626
v 0.006653487216681242 -0.011199950240552425 0.032962728291749954
v -0.007970570586621761 -0.011199950240552425 0.030911320820450783
v -0.008030295372009277 -0.011199950240552425 0.030742280185222626
v 0.006653487216681242 -0.011199950240552425 0.032962728291749954
v -0.007395029067993164 -0.011199950240552425 0.031886689364910126
v -0.007970570586621761 -0.011199950240552425 0.030911320820450783
v 0.006653487216681242 -0.011199950240552425 0.032962728291749954
v -0.007015943061560392 -0.011199950240552425 0.03252917155623436
v -0.007395029067993164 -0.011199950240552425 0.031886689364910126
v 0.006653487216681242 -0.011199950240552425 0.032962728291749954
v -0.0066318511962890625 -0.011199950240552425 0.032943058758974075
v -0.007015943061560392 -0.011199950240552425 0.03252917155623436
v -0.005083261989057064 -0.011199950240552425 0.03415000066161156
v -0.0057392120361328125 -0.011199950240552425 0.0339047908782959
v -0.0066318511962890625 -0.011199950240552425 0.032943058758974075
v 0.005083261989057064 -0.011199950240552425 0.03415000066161156
v -0.005083261989057064 -0.011199950240552425 0.03415000066161156
v -0.0066318511962890625 -0.011199950240552425 0.032943058758974075
v 0.006653487216681242 -0.011199950240552425 0.032962728291749954
v 0.005083261989057064 -0.011199950240552425 0.03415000066161156
v -0.0066318511962890625 -0.011199950240552425 0.032943058758974075
v 0.0057392120361328125 -0.011199950240552425 0.0339047908782959
v 0.005083261989057064 -0.011199950240552425 0.03415000066161156
v 0.006653487216681242 -0.011199950240552425 0.032962728291749954
v 0.005433380138128996 -0.011199950240552425 0.03408670052886009
v 0.005083261989057064 -0.011199950240552425 0.03415000066161156
v 0.0057392120361328125 -0.011199950240552425 0.0339047908782959
v -0.005083261989057064 -0.011199950240552425 0.03415000066161156
v -0.005433380138128996 -0.011199950240552425 0.03408670052886009
v -0.0057392120361328125 -0.011199950240552425 0.0339047908782959
usemtl Material_001
f 1 2 3
f 4 5 6
f 7 8 9
f 10 11 12
f 13 14 15
f 16 17 18
f 19 20 21
f 22 23 24
f 25 26 27
f 28 29 30
f 31 32 33
f 34 35 36
f 37 38 39
f 40 41 42
f 43 44 45
f 46 47 48
f 49 50 51
f 52 53 54
f 55 56 57
f 58 59 60
f 61 62 63
f 64 65 66
f 67 68 69
f 70 71 72
f 73 74 75
f 76 77 78
f 79 80 81
f 82 83 84
f 85 86 87
f 88 89 90
f 91 92 93
f 94 95 96
f 97 98 99
f 100 101 102
f 103 104 105
f 106 107 108
f 109 110 111
f 112 113 114
f 115 116 117
f 118 119 120
f 121 122 123
f 124 125 126
f 127 128 129
f 130 131 132
f 133 134 135
f 136 137 138
f 139 140 141
f 142 143 144
f 145 146 147
f 148 149 150
f 151 152 153
f 154 155 156
f 157 158 159
f 160 161 162
f 163 164 165
f 166 167 168
f 169 170 171
f 172 173 174
f 175 176 177
f 178 179 180
f 181 182 183
f 184 185 186
f 187 188 189
f 190 191 192
f 193 194 195
f 196 197 198
f 199 200 201
f 202 203 204
f 205 206 207
f 208 209 210
f 211 212 213
f 214 215 216
f 217 218 219
f 220 221 222
f 223 224 225
f 226 227 228
f 229 230 231
f 232 233 234
f 235 236 237
f 238 239 240
f 241 242 243
f 244 245 246
f 247 248 249
f 250 251 252
f 253 254 255
f 256 257 258
f 259 260 261
f 262 263 264
f 265 266 267
f 268 269 270
f 271 272 273
f 274 275 276
f 277 278 279
f 280 281 282
f 283 284 285
f 286 287 288
f 289 290 291
f 292 293 294
f 295 296 297
f 298 299 300
f 301 302 303
f 304 305 306
f 307 308 309
f 310 311 312
f 313 314 315
f 316 317 318
f 319 320 321
f 322 323 324
f 325 326 327
f 328 329 330
f 331 332 333
f 334 335 336
f 337 338 339
f 340 341 342
f 343 344 345
f 346 347 348
f 349 350 351
f 352 353 354
f 355 356 357
f 358 359 360
f 361 362 363
f 364 365 366
f 367 368 369
f 370 371 372
f 373 374 375
f 376 377 378
f 379 380 381
f 382 383 384
f 385 386 387
f 388 389 390
f 391 392 393
f 394 395 396
f 397 398 399
f 400 401 402
f 403 404 405
f 406 407 408
f 409 410 411
f 412 413 414
f 415 416 417
f 418 419 420
f 421 422 423
f 424 425 426
f 427 428 429
f 430 431 432
f 433 434 435
f 436 437 438
f 439 440 441
f 442 443 444
f 445 446 447
f 448 449 450
f 451 452 453
f 454 455 456
f 457 458 459
f 460 461 462
f 463 464 465
f 466 467 468
f 469 470 471
f 472 473 474
f 475 476 477
f 478 479 480
f 481 482 483
f 484 485 486
f 487 488 489
f 490 491 492
f 493 494 495
f 496 497 498
f 499 500 501
f 502 503 504
f 505 506 507
f 508 509 510
f 511 512 513
f 514 515 516
f 517 518 519
f 520 521 522
f 523 524 525
f 526 527 528
f 529 530 531
f 532 533 534
f 535 536 537
f 538 539 540
f 541 542 543
f 544 545 546
f 547 548 549
f 550 551 552
f 553 554 555
f 556 557 558
f 559 560 561
f 562 563 564
f 565 566 567
f 568 569 570
f 571 572 573
f 574 575 576
f 577 578 579
f 580 581 582
f 583 584 585
f 586 587 588
f 589 590 591
f 592 593 594
f 595 596 597
f 598 599 600
f 601 602 603
f 604 605 606
f 607 608 609
f 610 611 612
f 613 614 615
f 616 617 618
f 619 620 621
f 622 623 624
f 625 626 627
f 628 629 630
f 631 632 633
f 634 635 636
f 637 638 639
f 640 641 642
f 643 644 645
f 646 647 648
f 649 650 651
f 652 653 654
f 655 656 657
f 658 659 660
f 661 662 663
f 664 665 666
f 667 668 669
f 670 671 672
f 673 674 675
f 676 677 678
f 679 680 681
f 682 683 684
f 685 686 687
f 688 689 690
f 691 692 693
f 694 695 696
f 697 698 699
f 700 701 702
f 703 704 705
f 706 707 708
f 709 710 711
f 712 713 714
f 715 716 717
f 718 719 720
f 721 722 723
f 724 725 726
f 727 728 729
f 730 731 732
f 733 734 735
f 736 737 738
f 739 740 741
f 742 743 744
f 745 746 747
f 748 749 750
f 751 752 753
f 754 755 756
f 757 758 759
f 760 761 762
f 763 764 765
f 766 767 768
f 769 770 771
f 772 773 774
f 775 776 777
f 778 779 780
f 781 782 783
f 784 785 786
f 787 788 789
f 790 791 792
f 793 794 795
f 796 797 798
f 799 800 801
f 802 803 804
f 805 806 807
f 808 809 810
f 811 812 813
f 814 815 816
f 817 818 819
f 820 821 822
f 823 824 825
f 826 827 828
f 829 830 831
f 832 833 834
f 835 836 837
f 838 839 840
f 841 842 843
f 844 845 846
f 847 848 849
f 850 851 852
f 853 854 855
f 856 857 858
f 859 860 861
f 862 863 864
f 865 866 867
f 868 869 870
f 871 872 873
f 874 875 876
f 877 878 879
f 880 881 882
f 883 884 885
f 886 887 888
f 889 890 891
f 892 893 894
f 895 896 897
f 898 899 900
f 901 902 903
f 904 905 906
f 907 908 909
f 910 911 912
f 913 914 915
f 916 917 918
f 919 920 921
f 922 923 924
f 925 926 927
f 928 929 930
f 931 932 933
f 934 935 936
f 937 938 939
f 940 941 942
f 943 944 945
f 946 947 948
f 949 950 951
f 952 953 954
f 955 956 957
f 958 959 960
f 961 962 963
f 964 965 966
f 967 968 969
f 970 971 972
f 973 974 975
f 976 977 978
f 979 980 981
f 982 983 984
f 985 986 987
f 988 989 990
f 991 992 993
f 994 995 996
f 997 998 999
f 1000 1001 1002
f 1003 1004 1005
f 1006 1007 1008
f 1009 1010 1011
f 1012 1013 1014
f 1015 1016 1017
f 1018 1019 1020
f 1021 1022 1023
f 1024 1025 1026
f 1027 1028 1029
f 1030 1031 1032
f 1033 1034 1035
f 1036 1037 1038
f 1039 1040 1041
f 1042 1043 1044
f 1045 1046 1047
f 1048 1049 1050
f 1051 1052 1053
f 1054 1055 1056
f 1057 1058 1059
f 1060 1061 1062
f 1063 1064 1065
f 1066 1067 1068
f 1069 1070 1071
f 1072 1073 1074
f 1075 1076 1077
f 1078 1079 1080
f 1081 1082 1083
f 1084 1085 1086
f 1087 1088 1089
f 1090 1091 1092
f 1093 1094 1095
f 1096 1097 1098
f 1099 1100 1101
f 1102 1103 1104
f 1105 1106 1107
f 1108 1109 1110
f 1111 1112 1113
f 1114 1115 1116
f 1117 1118 1119
f 1120 1121 1122
f 1123 1124 1125
f 1126 1127 1128
f 1129 1130 1131
f 1132 1133 1134
f 1135 1136 1137
f 1138 1139 1140
f 1141 1142 1143
f 1144 1145 1146
f 1147 1148 1149
f 1150 1151 1152
f 1153 1154 1155
f 1156 1157 1158
f 1159 1160 1161
f 1162 1163 1164
f 1165 1166 1167
f 1168 1169 1170
f 1171 1172 1173
f 1174 1175 1176
f 1177 1178 1179
f 1180 1181 1182
f 1183 1184 1185
f 1186 1187 1188
f 1189 1190 1191
f 1192 1193 1194
f 1195 1196 1197
f 1198 1199 1200
f 1201 1202 1203
f 1204 1205 1206
f 1207 1208 1209
f 1210 1211 1212
f 1213 1214 1215
f 1216 1217 1218
f 1219 1220 1221
f 1222 1223 1224
f 1225 1226 1227
f 1228 1229 1230
f 1231 1232 1233
f 1234 1235 1236
f 1237 1238 1239
f 1240 1241 1242
f 1243 1244 1245
f 1246 1247 1248
f 1249 1250 1251
f 1252 1253 1254
f 1255 1256 1257
f 1258 1259 1260
f 1261 1262 1263
f 1264 1265 1266
f 1267 1268 1269
f 1270 1271 1272
f 1273 1274 1275
f 1276 1277 1278
f 1279 1280 1281
f 1282 1283 1284
f 1285 1286 1287
f 1288 1289 1290
f 1291 1292 1293
f 1294 1295 1296
f 1297 1298 1299
f 1300 1301 1302
f 1303 1304 1305
f 1306 1307 1308
f 1309 1310 1311
f 1312 1313 1314
f 1315 1316 1317
f 1318 1319 1320
f 1321 1322 1323
f 1324 1325 1326
f 1327 1328 1329
f 1330 1331 1332
f 1333 1334 1335
f 1336 1337 1338
f 1339 1340 1341
f 1342 1343 1344
f 1345 1346 1347
f 1348 1349 1350
f 1351 1352 1353
f 1354 1355 1356
f 1357 1358 1359
f 1360 1361 1362
f 1363 1364 1365
f 1366 1367 1368
f 1369 1370 1371
f 1372 1373 1374
f 1375 1376 1377
f 1378 1379 1380
f 1381 1382 1383
f 1384 1385 1386
f 1387 1388 1389
f 1390 1391 1392
f 1393 1394 1395
f 1396 1397 1398
f 1399 1400 1401
f 1402 1403 1404
f 1405 1406 1407
f 1408 1409 1410
f 1411 1412 1413
f 1414 1415 1416
f 1417 1418 1419
f 1420 1421 1422
f 1423 1424 1425
f 1426 1427 1428
f 1429 1430 1431
f 1432 1433 1434
f 1435 1436 1437
f 1438 1439 1440
f 1441 1442 1443
f 1444 1445 1446
f 1447 1448 1449
f 1450 1451 1452
f 1453 1454 1455
f 1456 1457 1458
f 1459 1460 1461
f 1462 1463 1464
f 1465 1466 1467
f 1468 1469 1470
f 1471 1472 1473
f 1474 1475 1476
f 1477 1478 1479
f 1480 1481 1482
f 1483 1484 1485
f 1486 1487 1488
f 1489 1490 1491
f 1492 1493 1494
f 1495 1496 1497
f 1498 1499 1500
f 1501 1502 1503
f 1504 1505 1506
f 1507 1508 1509
f 1510 1511 1512
f 1513 1514 1515
f 1516 1517 1518
f 1519 1520 1521
f 1522 1523 1524
f 1525 1526 1527
f 1528 1529 1530
f 1531 1532 1533
f 1534 1535 1536
f 1537 1538 1539
f 1540 1541 1542
f 1543 1544 1545
f 1546 1547 1548
f 1549 1550 1551
f 1552 1553 1554
f 1555 1556 1557
f 1558 1559 1560
f 1561 1562 1563
f 1564 1565 1566
f 1567 1568 1569
f 1570 1571 1572
f 1573 1574 1575
f 1576 1577 1578
f 1579 1580 1581
f 1582 1583 1584
f 1585 1586 1587
f 1588 1589 1590
f 1591 1592 1593
f 1594 1595 1596
f 1597 1598 1599
f 1600 1601 1602
f 1603 1604 1605
f 1606 1607 1608
f 1609 1610 1611
f 1612 1613 1614
f 1615 1616 1617
f 1618 1619 1620
f 1621 1622 1623
f 1624 1625 1626
f 1627 1628 1629
f 1630 1631 1632
f 1633 1634 1635
f 1636 1637 1638
f 1639 1640 1641
f 1642 1643 1644
f 1645 1646 1647
f 1648 1649 1650
f 1651 1652 1653
f 1654 1655 1656
f 1657 1658 1659
f 1660 1661 1662
f 1663 1664 1665
f 1666 1667 1668
f 1669 1670 1671
f 1672 1673 1674
f 1675 1676 1677
f 1678 1679 1680
f 1681 1682 1683
f 1684 1685 1686
f 1687 1688 1689
f 1690 1691 1692
f 1693 1694 1695
f 1696 1697 1698
f 1699 1700 1701
f 1702 1703 1704
f 1705 1706 1707
f 1708 1709 1710
f 1711 1712 1713
f 1714 1715 1716
f 1717 1718 1719
f 1720 1721 1722
f 1723 1724 1725
f 1726 1727 1728
f 1729 1730 1731
f 1732 1733 1734
f 1735 1736 1737
f 1738 1739 1740
f 1741 1742 1743
f 1744 1745 1746
f 1747 1748 1749
f 1750 1751 1752
f 1753 1754 1755
f 1756 1757 1758
f 1759 1760 1761
f 1762 1763 1764
f 1765 1766 1767
f 1768 1769 1770
f 1771 1772 1773
f 1774 1775 1776
f 1777 1778 1779
f 1780 1781 1782
f 1783 1784 1785
f 1786 1787 1788
f 1789 1790 1791
f 1792 1793 1794
f 1795 1796 1797
f 1798 1799 1800
f 1801 1802 1803
f 1804 1805 1806
f 1807 1808 1809
f 1810 1811 1812
f 1813 1814 1815
f 1816 1817 1818
f 1819 1820 1821
f 1822 1823 1824
f 1825 1826 1827
f 1828 1829 1830
f 1831 1832 1833
f 1834 1835 1836
f 1837 1838 1839
f 1840 1841 1842
f 1843 1844 1845
f 1846 1847 1848
f 1849 1850 1851
f 1852 1853 1854
f 1855 1856 1857
f 1858 1859 1860
f 1861 1862 1863
f 1864 1865 1866
f 1867 1868 1869
f 1870 1871 1872
f 1873 1874 1875
f 1876 1877 1878
f 1879 1880 1881
f 1882 1883 1884
f 1885 1886 1887
f 1888 1889 1890
f 1891 1892 1893
f 1894 1895 1896
f 1897 1898 1899
f 1900 1901 1902
f 1903 1904 1905
f 1906 1907 1908
f 1909 1910 1911
f 1912 1913 1914
f 1915 1916 1917
f 1918 1919 1920
f 1921 1922 1923
f 1924 1925 1926
f 1927 1928 1929
f 1930 1931 1932
f 1933 1934 1935
f 1936 1937 1938
f 1939 1940 1941
f 1942 1943 1944
f 1945 1946 1947
f 1948 1949 1950
f 1951 1952 1953
f 1954 1955 1956
f 1957 1958 1959
f 1960 1961 1962
f 1963 1964 1965
f 1966 1967 1968
f 1969 1970 1971
f 1972 1973 1974
f 1975 1976 1977
f 1978 1979 1980
f 1981 1982 1983
f 1984 1985 1986
f 1987 1988 1989
f 1990 1991 1992
f 1993 1994 1995
f 1996 1997 1998
f 1999 2000 2001
f 2002 2003 2004
f 2005 2006 2007
f 2008 2009 2010
f 2011 2012 2013
f 2014 2015 2016
f 2017 2018 2019
f 2020 2021 2022
f 2023 2024 2025
f 2026 2027 2028
f 2029 2030 2031
f 2032 2033 2034
f 2035 2036 2037
f 2038 2039 2040
f 2041 2042 2043
f 2044 2045 2046
f 2047 2048 2049
f 2050 2051 2052
f 2053 2054 2055
f 2056 2057 2058
f 2059 2060 2061
f 2062 2063 2064
f 2065 2066 2067
f 2068 2069 2070
f 2071 2072 2073
f 2074 2075 2076
f 2077 2078 2079
f 2080 2081 2082
f 2083 2084 2085
f 2086 2087 2088
f 2089 2090 2091
f 2092 2093 2094
f 2095 2096 2097
f 2098 2099 2100
f 2101 2102 2103
f 2104 2105 2106
f 2107 2108 2109
f 2110 2111 2112
f 2113 2114 2115
f 2116 2117 2118
f 2119 2120 2121
f 2122 2123 2124
f 2125 2126 2127
f 2128 2129 2130
f 2131 2132 2133
f 2134 2135 2136
f 2137 2138 2139
f 2140 2141 2142
f 2143 2144 2145
f 2146 2147 2148
f 2149 2150 2151
f 2152 2153 2154
f 2155 2156 2157
f 2158 2159 2160
f 2161 2162 2163
f 2164 2165 2166
f 2167 2168 2169
f 2170 2171 2172
f 2173 2174 2175
f 2176 2177 2178
f 2179 2180 2181
f 2182 2183 2184
f 2185 2186 2187
f 2188 2189 2190
f 2191 2192 2193
f 2194 2195 2196
f 2197 2198 2199
f 2200 2201 2202
f 2203 2204 2205
f 2206 2207 2208
f 2209 2210 2211
f 2212 2213 2214
f 2215 2216 2217
f 2218 2219 2220
f 2221 2222 2223
f 2224 2225 2226
f 2227 2228 2229
f 2230 2231 2232
f 2233 2234 2235
f 2236 2237 2238
f 2239 2240 2241
f 2242 2243 2244
f 2245 2246 2247
f 2248 2249 2250
f 2251 2252 2253
f 2254 2255 2256
f 2257 2258 2259
f 2260 2261 2262
f 2263 2264 2265
f 2266 2267 2268
f 2269 2270 2271
f 2272 2273 2274
f 2275 2276 2277
f 2278 2279 2280
f 2281 2282 2283
f 2284 2285 2286
f 2287 2288 2289
f 2290 2291 2292
f 2293 2294 2295
f 2296 2297 2298
f 2299 2300 2301
f 2302 2303 2304
f 2305 2306 2307
f 2308 2309 2310
f 2311 2312 2313
f 2314 2315 2316
f 2317 2318 2319
f 2320 2321 2322
f 2323 2324 2325
f 2326 2327 2328
f 2329 2330 2331
f 2332 2333 2334
f 2335 2336 2337
f 2338 2339 2340
f 2341 2342 2343
f 2344 2345 2346
f 2347 2348 2349
f 2350 2351 2352
f 2353 2354 2355
f 2356 2357 2358
f 2359 2360 2361
f 2362 2363 2364
f 2365 2366 2367
f 2368 2369 2370
f 2371 2372 2373
f 2374 2375 2376
f 2377 2378 2379
f 2380 2381 2382
f 2383 2384 2385
f 2386 2387 2388
f 2389 2390 2391
f 2392 2393 2394
f 2395 2396 2397
f 2398 2399 2400
f 2401 2402 2403
f 2404 2405 2406
f 2407 2408 2409
f 2410 2411 2412
f 2413 2414 2415
f 2416 2417 2418
f 2419 2420 2421
f 2422 2423 2424
f 2425 2426 2427
f 2428 2429 2430
f 2431 2432 2433
f 2434 2435 2436
f 2437 2438 2439
f 2440 2441 2442
f 2443 2444 2445
f 2446 2447 2448
f 2449 2450 2451
f 2452 2453 2454
f 2455 2456 2457
f 2458 2459 2460
f 2461 2462 2463
f 2464 2465 2466
f 2467 2468 2469
f 2470 2471 2472
f 2473 2474 2475
f 2476 2477 2478
f 2479 2480 2481
f 2482 2483 2484
f 2485 2486 2487
f 2488 2489 2490
f 2491 2492 2493
f 2494 2495 2496
f 2497 2498 2499
f 2500 2501 2502
f 2503 2504 2505
f 2506 2507 2508
f 2509 2510 2511
f 2512 2513 2514
f 2515 2516 2517
f 2518 2519 2520
f 2521 2522 2523
f 2524 2525 2526
f 2527 2528 2529
f 2530 2531 2532
f 2533 2534 2535
f 2536 2537 2538
f 2539 2540 2541
f 2542 2543 2544
f 2545 2546 2547
f 2548 2549 2550
f 2551 2552 2553
f 2554 2555 2556
f 2557 2558 2559
f 2560 2561 2562
f 2563 2564 2565
f 2566 2567 2568
f 2569 2570 2571
f 2572 2573 2574
f 2575 2576 2577
f 2578 2579 2580
f 2581 2582 2583
f 2584 2585 2586
f 2587 2588 2589
f 2590 2591 2592
f 2593 2594 2595
f 2596 2597 2598
f 2599 2600 2601
f 2602 2603 2604
f 2605 2606 2607
f 2608 2609 2610
f 2611 2612 2613
f 2614 2615 2616
f 2617 2618 2619
f 2620 2621 2622
f 2623 2624 2625
f 2626 2627 2628
f 2629 2630 2631
f 2632 2633 2634
f 2635 2636 2637
f 2638 2639 2640
f 2641 2642 2643
f 2644 2645 2646
f 2647 2648 2649
f 2650 2651 2652
f 2653 2654 2655
f 2656 2657 2658
f 2659 2660 2661
f 2662 2663 2664
f 2665 2666 2667
f 2668 2669 2670
f 2671 2672 2673
f 2674 2675 2676
f 2677 2678 2679
f 2680 2681 2682
f 2683 2684 2685
f 2686 2687 2688
f 2689 2690 2691
f 2692 2693 2694
f 2695 2696 2697
f 2698 2699 2700
f 2701 2702 2703
f 2704 2705 2706
f 2707 2708 2709
f 2710 2711 2712
f 2713 2714 2715
f 2716 2717 2718
f 2719 2720 2721
f 2722 2723 2724
f 2725 2726 2727
f 2728 2729 2730
f 2731 2732 2733
f 2734 2735 2736
f 2737 2738 2739
f 2740 2741 2742
f 2743 2744 2745
f 2746 2747 2748
f 2749 2750 2751
f 2752 2753 2754
f 2755 2756 2757
f 2758 2759 2760
f 2761 2762 2763
f 2764 2765 2766
f 2767 2768 2769
f 2770 2771 2772
f 2773 2774 2775
f 2776 2777 2778
f 2779 2780 2781
f 2782 2783 2784
f 2785 2786 2787
f 2788 2789 2790
f 2791 2792 2793
f 2794 2795 2796
f 2797 2798 2799
f 2800 2801 2802
f 2803 2804 2805
f 2806 2807 2808
f 2809 2810 2811
f 2812 2813 2814
f 2815 2816 2817
f 2818 2819 2820
f 2821 2822 2823
f 2824 2825 2826
f 2827 2828 2829
f 2830 2831 2832
f 2833 2834 2835
f 2836 2837 2838
f 2839 2840 2841
f 2842 2843 2844
f 2845 2846 2847
f 2848 2849 2850
f 2851 2852 2853
f 2854 2855 2856
f 2857 2858 2859
f 2860 2861 2862
f 2863 2864 2865
f 2866 2867 2868
f 2869 2870 2871
f 2872 2873 2874
f 2875 2876 2877
f 2878 2879 2880
f 2881 2882 2883
f 2884 2885 2886
f 2887 2888 2889
f 2890 2891 2892
f 2893 2894 2895
f 2896 2897 2898
f 2899 2900 2901
f 2902 2903 2904
f 2905 2906 2907
f 2908 2909 2910
f 2911 2912 2913
f 2914 2915 2916
f 2917 2918 2919
f 2920 2921 2922
f 2923 2924 2925
f 2926 2927 2928
f 2929 2930 2931
f 2932 2933 2934
f 2935 2936 2937
f 2938 2939 2940
f 2941 2942 2943
f 2944 2945 2946
f 2947 2948 2949
f 2950 2951 2952
f 2953 2954 2955
f 2956 2957 2958
f 2959 2960 2961
f 2962 2963 2964
f 2965 2966 2967
f 2968 2969 2970
f 2971 2972 2973
f 2974 2975 2976
f 2977 2978 2979
f 2980 2981 2982
f 2983 2984 2985
f 2986 2987 2988
f 2989 2990 2991
f 2992 2993 2994
f 2995 2996 2997
f 2998 2999 3000
f 3001 3002 3003
f 3004 3005 3006
f 3007 3008 3009
f 3010 3011 3012
f 3013 3014 3015
f 3016 3017 3018
f 3019 3020 3021
f 3022 3023 3024
f 3025 3026 3027
f 3028 3029 3030
f 3031 3032 3033
f 3034 3035 3036
f 3037 3038 3039
f 3040 3041 3042
f 3043 3044 3045
f 3046 3047 3048
f 3049 3050 3051
f 3052 3053 3054
f 3055 3056 3057
f 3058 3059 3060
f 3061 3062 3063
f 3064 3065 3066
f 3067 3068 3069
f 3070 3071 3072
f 3073 3074 3075
f 3076 3077 3078
f 3079 3080 3081
f 3082 3083 3084
f 3085 3086 3087
f 3088 3089 3090
f 3091 3092 3093
f 3094 3095 3096
f 3097 3098 3099
f 3100 3101 3102
f 3103 3104 3105
f 3106 3107 3108
f 3109 3110 3111
f 3112 3113 3114
f 3115 3116 3117
f 3118 3119 3120
f 3121 3122 3123
f 3124 3125 3126
f 3127 3128 3129
f 3130 3131 3132
f 3133 3134 3135
f 3136 3137 3138
f 3139 3140 3141
f 3142 3143 3144
f 3145 3146 3147
f 3148 3149 3150
f 3151 3152 3153
f 3154 3155 3156
f 3157 3158 3159
f 3160 3161 3162
f 3163 3164 3165
f 3166 3167 3168
f 3169 3170 3171
f 3172 3173 3174
f 3175 3176 3177
f 3178 3179 3180
f 3181 3182 3183
f 3184 3185 3186
f 3187 3188 3189
f 3190 3191 3192
f 3193 3194 3195
f 3196 3197 3198
f 3199 3200 3201
f 3202 3203 3204
f 3205 3206 3207
f 3208 3209 3210
f 3211 3212 3213
f 3214 3215 3216
f 3217 3218 3219
f 3220 3221 3222
f 3223 3224 3225
f 3226 3227 3228
f 3229 3230 3231
f 3232 3233 3234
f 3235 3236 3237
f 3238 3239 3240
f 3241 3242 3243
f 3244 3245 3246
f 3247 3248 3249
f 3250 3251 3252
f 3253 3254 3255
f 3256 3257 3258
f 3259 3260 3261
f 3262 3263 3264
f 3265 3266 3267
f 3268 3269 3270
f 3271 3272 3273
f 3274 3275 3276
f 3277 3278 3279
f 3280 3281 3282
f 3283 3284 3285
f 3286 3287 3288
f 3289 3290 3291
f 3292 3293 3294
f 3295 3296 3297
f 3298 3299 3300
f 3301 3302 3303
f 3304 3305 3306
f 3307 3308 3309
f 3310 3311 3312
f 3313 3314 3315
f 3316 3317 3318
f 3319 3320 3321
f 3322 3323 3324
f 3325 3326 3327
f 3328 3329 3330
f 3331 3332 3333
f 3334 3335 3336
f 3337 3338 3339
f 3340 3341 3342
f 3343 3344 3345
f 3346 3347 3348
f 3349 3350 3351
f 3352 3353 3354
f 3355 3356 3357
f 3358 3359 3360
f 3361 3362 3363
f 3364 3365 3366
f 3367 3368 3369
f 3370 3371 3372
f 3373 3374 3375
f 3376 3377 3378
f 3379 3380 3381
f 3382 3383 3384
f 3385 3386 3387
f 3388 3389 3390
f 3391 3392 3393
f 3394 3395 3396
f 3397 3398 3399
f 3400 3401 3402
f 3403 3404 3405
f 3406 3407 3408
f 3409 3410 3411
f 3412 3413 3414
f 3415 3416 3417
f 3418 3419 3420
f 3421 3422 3423
f 3424 3425 3426
f 3427 3428 3429
f 3430 3431 3432
f 3433 3434 3435
f 3436 3437 3438
f 3439 3440 3441
f 3442 3443 3444
f 3445 3446 3447
f 3448 3449 3450
f 3451 3452 3453
f 3454 3455 3456
f 3457 3458 3459
f 3460 3461 3462
f 3463 3464 3465
f 3466 3467 3468
f 3469 3470 3471
f 3472 3473 3474
f 3475 3476 3477
f 3478 3479 3480
f 3481 3482 3483
f 3484 3485 3486
f 3487 3488 3489
f 3490 3491 3492
f 3493 3494 3495
f 3496 3497 3498
f 3499 3500 3501
f 3502 3503 3504
f 3505 3506 3507
f 3508 3509 3510
f 3511 3512 3513
f 3514 3515 3516
f 3517 3518 3519
f 3520 3521 3522
f 3523 3524 3525
f 3526 3527 3528
f 3529 3530 3531
f 3532 3533 3534
f 3535 3536 3537
f 3538 3539 3540
f 3541 3542 3543
f 3544 3545 3546
f 3547 3548 3549
f 3550 3551 3552
f 3553 3554 3555
f 3556 3557 3558
f 3559 3560 3561
f 3562 3563 3564
f 3565 3566 3567
f 3568 3569 3570
f 3571 3572 3573
f 3574 3575 3576
f 3577 3578 3579
f 3580 3581 3582
f 3583 3584 3585
f 3586 3587 3588
f 3589 3590 3591
f 3592 3593 3594
f 3595 3596 3597
f 3598 3599 3600
f 3601 3602 3603
f 3604 3605 3606
f 3607 3608 3609
f 3610 3611 3612
f 3613 3614 3615
f 3616 3617 3618
f 3619 3620 3621
f 3622 3623 3624
f 3625 3626 3627
f 3628 3629 3630
f 3631 3632 3633
f 3634 3635 3636
f 3637 3638 3639
f 3640 3641 3642
f 3643 3644 3645
f 3646 3647 3648
f 3649 3650 3651
f 3652 3653 3654
f 3655 3656 3657
f 3658 3659 3660
f 3661 3662 3663
f 3664 3665 3666
f 3667 3668 3669
f 3670 3671 3672
f 3673 3674 3675
f 3676 3677 3678
f 3679 3680 3681
f 3682 3683 3684
f 3685 3686 3687
f 3688 3689 3690
f 3691 3692 3693
f 3694 3695 3696
f 3697 3698 3699
f 3700 3701 3702
f 3703 3704 3705
f 3706 3707 3708
f 3709 3710 3711
f 3712 3713 3714
f 3715 3716 3717
f 3718 3719 3720
f 3721 3722 3723
f 3724 3725 3726
f 3727 3728 3729
f 3730 3731 3732
f 3733 3734 3735
f 3736 3737 3738
f 3739 3740 3741
f 3742 3743 3744
f 3745 3746 3747
f 3748 3749 3750
f 3751 3752 3753
f 3754 3755 3756
f 3757 3758 3759
f 3760 3761 3762
f 3763 3764 3765
f 3766 3767 3768
f 3769 3770 3771
f 3772 3773 3774
f 3775 3776 3777
f 3778 3779 3780
f 3781 3782 3783
f 3784 3785 3786
f 3787 3788 3789
f 3790 3791 3792
f 3793 3794 3795
f 3796 3797 3798
f 3799 3800 3801
f 3802 3803 3804
f 3805 3806 3807
f 3808 3809 3810
f 3811 3812 3813
f 3814 3815 3816
f 3817 3818 3819
f 3820 3821 3822
f 3823 3824 3825
f 3826 3827 3828
f 3829 3830 3831
f 3832 3833 3834
f 3835 3836 3837
f 3838 3839 3840
f 3841 3842 3843
f 3844 3845 3846
f 3847 3848 3849
f 3850 3851 3852
f 3853 3854 3855
f 3856 3857 3858
f 3859 3860 3861
f 3862 3863 3864
f 3865 3866 3867
f 3868 3869 3870
f 3871 3872 3873
f 3874 3875 3876
f 3877 3878 3879
f 3880 3881 3882
f 3883 3884 3885
f 3886 3887 3888
f 3889 3890 3891
f 3892 3893 3894
f 3895 3896 3897
f 3898 3899 3900
f 3901 3902 3903
f 3904 3905 3906
f 3907 3908 3909
f 3910 3911 3912
f 3913 3914 3915
f 3916 3917 3918
f 3919 3920 3921
f 3922 3923 3924
f 3925 3926 3927
f 3928 3929 3930
f 3931 3932 3933
f 3934 3935 3936
f 3937 3938 3939
f 3940 3941 3942
f 3943 3944 3945
f 3946 3947 3948
f 3949 3950 3951
f 3952 3953 3954
f 3955 3956 3957
f 3958 3959 3960
f 3961 3962 3963
f 3964 3965 3966
f 3967 3968 3969
f 3970 3971 3972
f 3973 3974 3975
f 3976 3977 3978
f 3979 3980 3981
f 3982 3983 3984
f 3985 3986 3987
f 3988 3989 3990
f 3991 3992 3993
f 3994 3995 3996
f 3997 3998 3999
f 4000 4001 4002
f 4003 4004 4005
f 4006 4007 4008
f 4009 4010 4011
f 4012 4013 4014
f 4015 4016 4017
f 4018 4019 4020
f 4021 4022 4023
f 4024 4025 4026
f 4027 4028 4029
f 4030 4031 4032
f 4033 4034 4035
f 4036 4037 4038
f 4039 4040 4041
f 4042 4043 4044
f 4045 4046 4047
f 4048 4049 4050
f 4051 4052 4053
f 4054 4055 4056
f 4057 4058 4059
f 4060 4061 4062
f 4063 4064 4065
f 4066 4067 4068
f 4069 4070 4071
f 4072 4073 4074
f 4075 4076 4077
f 4078 4079 4080
f 4081 4082 4083
f 4084 4085 4086
f 4087 4088 4089
f 4090 4091 4092
f 4093 4094 4095
f 4096 4097 4098
f 4099 4100 4101
f 4102 4103 4104
f 4105 4106 4107
f 4108 4109 4110
f 4111 4112 4113
f 4114 4115 4116
f 4117 4118 4119
f 4120 4121 4122
f 4123 4124 4125
f 4126 4127 4128
f 4129 4130 4131
f 4132 4133 4134
f 4135 4136 4137
f 4138 4139 4140
f 4141 4142 4143
f 4144 4145 4146
f 4147 4148 4149
f 4150 4151 4152
f 4153 4154 4155
f 4156 4157 4158
f 4159 4160 4161
f 4162 4163 4164
f 4165 4166 4167
f 4168 4169 4170
f 4171 4172 4173
f 4174 4175 4176
f 4177 4178 4179
f 4180 4181 4182
f 4183 4184 4185
f 4186 4187 4188
f 4189 4190 4191
f 4192 4193 4194
f 4195 4196 4197
f 4198 4199 4200
f 4201 4202 4203
f 4204 4205 4206
f 4207 4208 4209
f 4210 4211 4212
f 4213 4214 4215
f 4216 4217 4218
f 4219 4220 4221
f 4222 4223 4224
f 4225 4226 4227
f 4228 4229 4230
f 4231 4232 4233
f 4234 4235 4236
f 4237 4238 4239
f 4240 4241 4242
f 4243 4244 4245
f 4246 4247 4248
f 4249 4250 4251
f 4252 4253 4254
f 4255 4256 4257
f 4258 4259 4260
f 4261 4262 4263
f 4264 4265 4266
f 4267 4268 4269
f 4270 4271 4272
f 4273 4274 4275
f 4276 4277 4278
f 4279 4280 4281
f 4282 4283 4284
f 4285 4286 4287
f 4288 4289 4290
f 4291 4292 4293
f 4294 4295 4296
f 4297 4298 4299
f 4300 4301 4302
f 4303 4304 4305
f 4306 4307 4308
f 4309 4310 4311
f 4312 4313 4314
f 4315 4316 4317
f 4318 4319 4320
f 4321 4322 4323
f 4324 4325 4326
f 4327 4328 4329
f 4330 4331 4332
f 4333 4334 4335
f 4336 4337 4338
f 4339 4340 4341
f 4342 4343 4344
f 4345 4346 4347
f 4348 4349 4350
f 4351 4352 4353
f 4354 4355 4356
f 4357 4358 4359
f 4360 4361 4362
f 4363 4364 4365
f 4366 4367 4368
f 4369 4370 4371
f 4372 4373 4374
f 4375 4376 4377
f 4378 4379 4380
f 4381 4382 4383
f 4384 4385 4386
f 4387 4388 4389
f 4390 4391 4392
f 4393 4394 4395
f 4396 4397 4398
f 4399 4400 4401
f 4402 4403 4404
f 4405 4406 4407
f 4408 4409 4410
f 4411 4412 4413
f 4414 4415 4416
f 4417 4418 4419
f 4420 4421 4422
f 4423 4424 4425
f 4426 4427 4428
f 4429 4430 4431
f 4432 4433 4434
f 4435 4436 4437
f 4438 4439 4440
f 4441 4442 4443
f 4444 4445 4446
f 4447 4448 4449
f 4450 4451 4452
f 4453 4454 4455
f 4456 4457 4458
f 4459 4460 4461
f 4462 4463 4464
f 4465 4466 4467
f 4468 4469 4470
f 4471 4472 4473
f 4474 4475 4476
f 4477 4478 4479
f 4480 4481 4482
f 4483 4484 4485
f 4486 4487 4488
f 4489 4490 4491
f 4492 4493 4494
f 4495 4496 4497
f 4498 4499 4500
f 4501 4502 4503
f 4504 4505 4506
f 4507 4508 4509
f 4510 4511 4512
f 4513 4514 4515
f 4516 4517 4518
f 4519 4520 4521
f 4522 4523 4524
f 4525 4526 4527
f 4528 4529 4530
f 4531 4532 4533
f 4534 4535 4536
f 4537 4538 4539
f 4540 4541 4542
f 4543 4544 4545
f 4546 4547 4548
f 4549 4550 4551
f 4552 4553 4554
f 4555 4556 4557
f 4558 4559 4560
f 4561 4562 4563
f 4564 4565 4566
f 4567 4568 4569
f 4570 4571 4572
f 4573 4574 4575
f 4576 4577 4578
f 4579 4580 4581
f 4582 4583 4584
f 4585 4586 4587
f 4588 4589 4590
f 4591 4592 4593
f 4594 4595 4596
f 4597 4598 4599
f 4600 4601 4602
f 4603 4604 4605
f 4606 4607 4608
f 4609 4610 4611
f 4612 4613 4614
f 4615 4616 4617
f 4618 4619 4620
f 4621 4622 4623
f 4624 4625 4626
f 4627 4628 4629
f 4630 4631 4632
f 4633 4634 4635
f 4636 4637 4638
f 4639 4640 4641
f 4642 4643 4644
f 4645 4646 4647
f 4648 4649 4650
f 4651 4652 4653
f 4654 4655 4656
f 4657 4658 4659
f 4660 4661 4662
f 4663 4664 4665
f 4666 4667 4668
f 4669 4670 4671
f 4672 4673 4674
f 4675 4676 4677
f 4678 4679 4680
f 4681 4682 4683
f 4684 4685 4686
f 4687 4688 4689
f 4690 4691 4692
f 4693 4694 4695
f 4696 4697 4698
f 4699 4700 4701
f 4702 4703 4704
f 4705 4706 4707
f 4708 4709 4710
f 4711 4712 4713
f 4714 4715 4716
f 4717 4718 4719
f 4720 4721 4722
f 4723 4724 4725
f 4726 4727 4728
f 4729 4730 4731
f 4732 4733 4734
f 4735 4736 4737
f 4738 4739 4740
f 4741 4742 4743
f 4744 4745 4746
f 4747 4748 4749
f 4750 4751 4752
f 4753 4754 4755
f 4756 4757 4758
f 4759 4760 4761
f 4762 4763 4764
f 4765 4766 4767
f 4768 4769 4770
f 4771 4772 4773
f 4774 4775 4776
f 4777 4778 4779
f 4780 4781 4782
f 4783 4784 4785
f 4786 4787 4788
f 4789 4790 4791
f 4792 4793 4794
f 4795 4796 4797
f 4798 4799 4800
f 4801 4802 4803
f 4804 4805 4806
f 4807 4808 4809
f 4810 4811 4812
f 4813 4814 4815
f 4816 4817 4818
f 4819 4820 4821
f 4822 4823 4824
f 4825 4826 4827
f 4828 4829 4830
f 4831 4832 4833
f 4834 4835 4836
f 4837 4838 4839
f 4840 4841 4842
f 4843 4844 4845
f 4846 4847 4848
f 4849 4850 4851
f 4852 4853 4854
f 4855 4856 4857
f 4858 4859 4860
f 4861 4862 4863
f 4864 4865 4866
f 4867 4868 4869
f 4870 4871 4872
f 4873 4874 4875
f 4876 4877 4878
f 4879 4880 4881
f 4882 4883 4884
f 4885 4886 4887
f 4888 4889 4890
f 4891 4892 4893
f 4894 4895 4896
f 4897 4898 4899
f 4900 4901 4902
f 4903 4904 4905
f 4906 4907 4908
f 4909 4910 4911
f 4912 4913 4914
f 4915 4916 4917
f 4918 4919 4920
f 4921 4922 4923
f 4924 4925 4926
f 4927 4928 4929
f 4930 4931 4932
f 4933 4934 4935
f 4936 4937 4938
f 4939 4940 4941
f 4942 4943 4944
f 4945 4946 4947
f 4948 4949 4950
f 4951 4952 4953
f 4954 4955 4956
f 4957 4958 4959
f 4960 4961 4962
f 4963 4964 4965
f 4966 4967 4968
f 4969 4970 4971
f 4972 4973 4974
f 4975 4976 4977
f 4978 4979 4980
f 4981 4982 4983
f 4984 4985 4986
f 4987 4988 4989
f 4990 4991 4992
f 4993 4994 4995
f 4996 4997 4998
f 4999 5000 5001
f 5002 5003 5004
f 5005 5006 5007
f 5008 5009 5010
f 5011 5012 5013
f 5014 5015 5016
f 5017 5018 5019
f 5020 5021 5022
f 5023 5024 5025
f 5026 5027 5028
f 5029 5030 5031
f 5032 5033 5034
f 5035 5036 5037
f 5038 5039 5040
f 5041 5042 5043
f 5044 5045 5046
f 5047 5048 5049
f 5050 5051 5052
f 5053 5054 5055
f 5056 5057 5058
f 5059 5060 5061
f 5062 5063 5064
f 5065 5066 5067
f 5068 5069 5070
f 5071 5072 5073
f 5074 5075 5076
f 5077 5078 5079
f 5080 5081 5082
f 5083 5084 5085
f 5086 5087 5088
f 5089 5090 5091
f 5092 5093 5094
f 5095 5096 5097
f 5098 5099 5100
f 5101 5102 5103
f 5104 5105 5106
f 5107 5108 5109
f 5110 5111 5112
f 5113 5114 5115
f 5116 5117 5118
f 5119 5120 5121
f 5122 5123 5124
f 5125 5126 5127
f 5128 5129 5130
f 5131 5132 5133
f 5134 5135 5136
f 5137 5138 5139
f 5140 5141 5142
f 5143 5144 5145
f 5146 5147 5148
f 5149 5150 5151
f 5152 5153 5154
f 5155 5156 5157
f 5158 5159 5160
f 5161 5162 5163
f 5164 5165 5166
f 5167 5168 5169
f 5170 5171 5172
f 5173 5174 5175
f 5176 5177 5178
f 5179 5180 5181
f 5182 5183 5184
f 5185 5186 5187
f 5188 5189 5190
f 5191 5192 5193
f 5194 5195 5196
f 5197 5198 5199
f 5200 5201 5202
f 5203 5204 5205
f 5206 5207 5208
f 5209 5210 5211
f 5212 5213 5214
f 5215 5216 5217
f 5218 5219 5220
f 5221 5222 5223
f 5224 5225 5226
f 5227 5228 5229
f 5230 5231 5232
f 5233 5234 5235
f 5236 5237 5238
f 5239 5240 5241
f 5242 5243 5244
f 5245 5246 5247
f 5248 5249 5250
f 5251 5252 5253
f 5254 5255 5256
f 5257 5258 5259
f 5260 5261 5262
f 5263 5264 5265
f 5266 5267 5268
f 5269 5270 5271
f 5272 5273 5274
f 5275 5276 5277
f 5278 5279 5280
f 5281 5282 5283
f 5284 5285 5286
f 5287 5288 5289
f 5290 5291 5292
f 5293 5294 5295
f 5296 5297 5298
f 5299 5300 5301
f 5302 5303 5304
f 5305 5306 5307
f 5308 5309 5310
f 5311 5312 5313
f 5314 5315 5316
f 5317 5318 5319
f 5320 5321 5322
f 5323 5324 5325
f 5326 5327 5328
f 5329 5330 5331
f 5332 5333 5334
f 5335 5336 5337
f 5338 5339 5340
f 5341 5342 5343
f 5344 5345 5346
f 5347 5348 5349
f 5350 5351 5352
f 5353 5354 5355
f 5356 5357 5358
f 5359 5360 5361
f 5362 5363 5364
f 5365 5366 5367
f 5368 5369 5370
f 5371 5372 5373
f 5374 5375 5376
f 5377 5378 5379
f 5380 5381 5382
f 5383 5384 5385
f 5386 5387 5388
f 5389 5390 5391
f 5392 5393 5394
f 5395 5396 5397
f 5398 5399 5400
f 5401 5402 5403
f 5404 5405 5406
f 5407 5408 5409
f 5410 5411 5412
f 5413 5414 5415
f 5416 5417 5418
f 5419 5420 5421
f 5422 5423 5424
f 5425 5426 5427
f 5428 5429 5430
f 5431 5432 5433
f 5434 5435 5436
f 5437 5438 5439
f 5440 5441 5442
f 5443 5444 5445
f 5446 5447 5448
f 5449 5450 5451
f 5452 5453 5454
f 5455 5456 5457
f 5458 5459 5460
f 5461 5462 5463
f 5464 5465 5466
f 5467 5468 5469
f 5470 5471 5472
f 5473 5474 5475
f 5476 5477 5478
f 5479 5480 5481
f 5482 5483 5484
f 5485 5486 5487
f 5488 5489 5490
f 5491 5492 5493
f 5494 5495 5496
f 5497 5498 5499
f 5500 5501 5502
f 5503 5504 5505
f 5506 5507 5508
f 5509 5510 5511
f 5512 5513 5514
f 5515 5516 5517
f 5518 5519 5520
f 5521 5522 5523
f 5524 5525 5526
f 5527 5528 5529
f 5530 5531 5532
f 5533 5534 5535
f 5536 5537 5538
f 5539 5540 5541
f 5542 5543 5544
f 5545 5546 5547
f 5548 5549 5550
f 5551 5552 5553
f 5554 5555 5556
f 5557 5558 5559
f 5560 5561 5562
f 5563 5564 5565
f 5566 5567 5568
f 5569 5570 5571
f 5572 5573 5574
f 5575 5576 5577
f 5578 5579 5580
f 5581 5582 5583
f 5584 5585 5586
f 5587 5588 5589
f 5590 5591 5592
f 5593 5594 5595
f 5596 5597 5598
f 5599 5600 5601
f 5602 5603 5604
f 5605 5606 5607
f 5608 5609 5610
f 5611 5612 5613
f 5614 5615 5616
f 5617 5618 5619
f 5620 5621 5622
f 5623 5624 5625
f 5626 5627 5628
f 5629 5630 5631
f 5632 5633 5634
f 5635 5636 5637
f 5638 5639 5640
f 5641 5642 5643
f 5644 5645 5646
f 5647 5648 5649
f 5650 5651 5652
f 5653 5654 5655
f 5656 5657 5658
f 5659 5660 5661
f 5662 5663 5664
f 5665 5666 5667
f 5668 5669 5670
f 5671 5672 5673
f 5674 5675 5676
f 5677 5678 5679
f 5680 5681 5682
f 5683 5684 5685
f 5686 5687 5688
f 5689 5690 5691
f 5692 5693 5694
f 5695 5696 5697
f 5698 5699 5700
f 5701 5702 5703
f 5704 5705 5706
f 5707 5708 5709
f 5710 5711 5712
f 5713 5714 5715
f 5716 5717 5718
f 5719 5720 5721
f 5722 5723 5724
f 5725 5726 5727
f 5728 5729 5730
f 5731 5732 5733
f 5734 5735 5736
f 5737 5738 5739
f 5740 5741 5742
f 5743 5744 5745
f 5746 5747 5748
f 5749 5750 5751
f 5752 5753 5754
f 5755 5756 5757
f 5758 5759 5760
f 5761 5762 5763
f 5764 5765 5766
f 5767 5768 5769
f 5770 5771 5772
f 5773 5774 5775
f 5776 5777 5778
f 5779 5780 5781
f 5782 5783 5784
f 5785 5786 5787
f 5788 5789 5790
f 5791 5792 5793
f 5794 5795 5796
f 5797 5798 5799
f 5800 5801 5802
f 5803 5804 5805
f 5806 5807 5808
f 5809 5810 5811
f 5812 5813 5814
f 5815 5816 5817
f 5818 5819 5820
f 5821 5822 5823
f 5824 5825 5826
f 5827 5828 5829
f 5830 5831 5832
f 5833 5834 5835
f 5836 5837 5838
f 5839 5840 5841
f 5842 5843 5844
f 5845 5846 5847
f 5848 5849 5850
f 5851 5852 5853
f 5854 5855 5856
f 5857 5858 5859
f 5860 5861 5862
f 5863 5864 5865
f 5866 5867 5868
f 5869 5870 5871
f 5872 5873 5874
f 5875 5876 5877
f 5878 5879 5880
f 5881 5882 5883
f 5884 5885 5886
f 5887 5888 5889
f 5890 5891 5892
f 5893 5894 5895
f 5896 5897 5898
f 5899 5900 5901
f 5902 5903 5904
f 5905 5906 5907
f 5908 5909 5910
f 5911 5912 5913
f 5914 5915 5916
f 5917 5918 5919
f 5920 5921 5922
f 5923 5924 5925
f 5926 5927 5928
f 5929 5930 5931
f 5932 5933 5934
f 5935 5936 5937
f 5938 5939 5940
f 5941 5942 5943
f 5944 5945 5946
f 5947 5948 5949
f 5950 5951 5952
f 5953 5954 5955
f 5956 5957 5958
f 5959 5960 5961
f 5962 5963 5964
f 5965 5966 5967
f 5968 5969 5970
f 5971 5972 5973
f 5974 5975 5976
f 5977 5978 5979
f 5980 5981 5982
f 5983 5984 5985
f 5986 5987 5988
f 5989 5990 5991
f 5992 5993 5994
f 5995 5996 5997
f 5998 5999 6000
f 6001 6002 6003
f 6004 6005 6006
f 6007 6008 6009
f 6010 6011 6012
f 6013 6014 6015
f 6016 6017 6018
f 6019 6020 6021
f 6022 6023 6024
f 6025 6026 6027
f 6028 6029 6030
f 6031 6032 6033
f 6034 6035 6036
f 6037 6038 6039
f 6040 6041 6042
f 6043 6044 6045
f 6046 6047 6048
f 6049 6050 6051
f 6052 6053 6054
f 6055 6056 6057
f 6058 6059 6060
f 6061 6062 6063
f 6064 6065 6066
f 6067 6068 6069
f 6070 6071 6072
f 6073 6074 6075
f 6076 6077 6078
f 6079 6080 6081
f 6082 6083 6084
f 6085 6086 6087
f 6088 6089 6090
f 6091 6092 6093
f 6094 6095 6096
f 6097 6098 6099
f 6100 6101 6102
f 6103 6104 6105
f 6106 6107 6108
f 6109 6110 6111
f 6112 6113 6114
f 6115 6116 6117
f 6118 6119 6120
f 6121 6122 6123
f 6124 6125 6126
f 6127 6128 6129
f 6130 6131 6132
f 6133 6134 6135
f 6136 6137 6138
f 6139 6140 6141
f 6142 6143 6144
f 6145 6146 6147
f 6148 6149 6150
f 6151 6152 6153
f 6154 6155 6156
f 6157 6158 6159
f 6160 6161 6162
f 6163 6164 6165
f 6166 6167 6168
f 6169 6170 6171
f 6172 6173 6174
f 6175 6176 6177
f 6178 6179 6180
f 6181 6182 6183
f 6184 6185 6186
f 6187 6188 6189
f 6190 6191 6192
f 6193 6194 6195
f 6196 6197 6198
f 6199 6200 6201
f 6202 6203 6204
f 6205 6206 6207
f 6208 6209 6210
f 6211 6212 6213
f 6214 6215 6216
f 6217 6218 6219
f 6220 6221 6222
f 6223 6224 6225
f 6226 6227 6228
f 6229 6230 6231
f 6232 6233 6234
f 6235 6236 6237
f 6238 6239 6240
f 6241 6242 6243
f 6244 6245 6246
f 6247 6248 6249
f 6250 6251 6252
f 6253 6254 6255
f 6256 6257 6258
f 6259 6260 6261
f 6262 6263 6264
f 6265 6266 6267
f 6268 6269 6270
f 6271 6272 6273
f 6274 6275 6276
f 6277 6278 6279
f 6280 6281 6282
f 6283 6284 6285
f 6286 6287 6288
f 6289 6290 6291
f 6292 6293 6294
f 6295 6296 6297
f 6298 6299 6300
f 6301 6302 6303
f 6304 6305 6306
f 6307 6308 6309
f 6310 6311 6312
f 6313 6314 6315
f 6316 6317 6318
f 6319 6320 6321
f 6322 6323 6324
f 6325 6326 6327
f 6328 6329 6330
f 6331 6332 6333
f 6334 6335 6336
f 6337 6338 6339
f 6340 6341 6342
f 6343 6344 6345
f 6346 6347 6348
f 6349 6350 6351
f 6352 6353 6354
f 6355 6356 6357
f 6358 6359 6360
f 6361 6362 6363
f 6364 6365 6366
f 6367 6368 6369
f 6370 6371 6372
f 6373 6374 6375
f 6376 6377 6378
f 6379 6380 6381
f 6382 6383 6384
f 6385 6386 6387
f 6388 6389 6390
f 6391 6392 6393
f 6394 6395 6396
f 6397 6398 6399
f 6400 6401 6402
f 6403 6404 6405
f 6406 6407 6408
f 6409 6410 6411
f 6412 6413 6414
f 6415 6416 6417
f 6418 6419 6420
f 6421 6422 6423
f 6424 6425 6426
f 6427 6428 6429
f 6430 6431 6432
f 6433 6434 6435
f 6436 6437 6438
f 6439 6440 6441
f 6442 6443 6444
f 6445 6446 6447
f 6448 6449 6450
f 6451 6452 6453
f 6454 6455 6456
f 6457 6458 6459
f 6460 6461 6462
f 6463 6464 6465
f 6466 6467 6468
f 6469 6470 6471
f 6472 6473 6474
f 6475 6476 6477
f 6478 6479 6480
f 6481 6482 6483
f 6484 6485 6486
f 6487 6488 6489
f 6490 6491 6492
f 6493 6494 6495
f 6496 6497 6498
f 6499 6500 6501
f 6502 6503 6504
f 6505 6506 6507
f 6508 6509 6510
f 6511 6512 6513
f 6514 6515 6516
f 6517 6518 6519
f 6520 6521 6522
f 6523 6524 6525
f 6526 6527 6528
f 6529 6530 6531
f 6532 6533 6534
f 6535 6536 6537
f 6538 6539 6540
f 6541 6542 6543
f 6544 6545 6546
f 6547 6548 6549
f 6550 6551 6552
f 6553 6554 6555
f 6556 6557 6558
f 6559 6560 6561
f 6562 6563 6564
f 6565 6566 6567
f 6568 6569 6570
f 6571 6572 6573
f 6574 6575 6576
f 6577 6578 6579
f 6580 6581 6582
f 6583 6584 6585
f 6586 6587 6588
f 6589 6590 6591
f 6592 6593 6594
f 6595 6596 6597
f 6598 6599 6600
f 6601 6602 6603
f 6604 6605 6606
f 6607 6608 6609
f 6610 6611 6612
f 6613 6614 6615
f 6616 6617 6618
f 6619 6620 6621
f 6622 6623 6624
f 6625 6626 6627
f 6628 6629 6630
f 6631 6632 6633
f 6634 6635 6636
f 6637 6638 6639
f 6640 6641 6642
f 6643 6644 6645
f 6646 6647 6648
f 6649 6650 6651
f 6652 6653 6654
f 6655 6656 6657
f 6658 6659 6660
f 6661 6662 6663
f 6664 6665 6666
f 6667 6668 6669
f 6670 6671 6672
f 6673 6674 6675
f 6676 6677 6678
f 6679 6680 6681
f 6682 6683 6684
f 6685 6686 6687
f 6688 6689 6690
f 6691 6692 6693
f 6694 6695 6696
f 6697 6698 6699
f 6700 6701 6702
f 6703 6704 6705
f 6706 6707 6708
f 6709 6710 6711
f 6712 6713 6714
f 6715 6716 6717
f 6718 6719 6720
f 6721 6722 6723
f 6724 6725 6726
f 6727 6728 6729
f 6730 6731 6732
f 6733 6734 6735
f 6736 6737 6738
f 6739 6740 6741
f 6742 6743 6744
f 6745 6746 6747
f 6748 6749 6750
f 6751 6752 6753
f 6754 6755 6756
f 6757 6758 6759
f 6760 6761 6762
f 6763 6764 6765
f 6766 6767 6768
f 6769 6770 6771
f 6772 6773 6774
f 6775 6776 6777
f 6778 6779 6780
f 6781 6782 6783
f 6784 6785 6786
f 6787 6788 6789
f 6790 6791 6792
f 6793 6794 6795
f 6796 6797 6798
f 6799 6800 6801
f 6802 6803 6804
f 6805 6806 6807
f 6808 6809 6810
f 6811 6812 6813
f 6814 6815 6816
f 6817 6818 6819
f 6820 6821 6822
f 6823 6824 6825
f 6826 6827 6828
f 6829 6830 6831
f 6832 6833 6834
f 6835 6836 6837
f 6838 6839 6840
f 6841 6842 6843
f 6844 6845 6846
f 6847 6848 6849
f 6850 6851 6852
f 6853 6854 6855
f 6856 6857 6858
f 6859 6860 6861
f 6862 6863 6864
f 6865 6866 6867
f 6868 6869 6870
f 6871 6872 6873
f 6874 6875 6876
f 6877 6878 6879
f 6880 6881 6882
f 6883 6884 6885
f 6886 6887 6888
f 6889 6890 6891
f 6892 6893 6894
f 6895 6896 6897
f 6898 6899 6900
f 6901 6902 6903
f 6904 6905 6906
f 6907 6908 6909
f 6910 6911 6912
f 6913 6914 6915
f 6916 6917 6918
f 6919 6920 6921
f 6922 6923 6924
f 6925 6926 6927
f 6928 6929 6930
f 6931 6932 6933
f 6934 6935 6936
f 6937 6938 6939
f 6940 6941 6942
f 6943 6944 6945
f 6946 6947 6948
f 6949 6950 6951
f 6952 6953 6954
f 6955 6956 6957
f 6958 6959 6960
f 6961 6962 6963
f 6964 6965 6966
f 6967 6968 6969
f 6970 6971 6972
f 6973 6974 6975
f 6976 6977 6978
f 6979 6980 6981
f 6982 6983 6984
f 6985 6986 6987
f 6988 6989 6990
f 6991 6992 6993
f 6994 6995 6996
f 6997 6998 6999
f 7000 7001 7002
f 7003 7004 7005
f 7006 7007 7008
f 7009 7010 7011
f 7012 7013 7014
f 7015 7016 7017
f 7018 7019 7020
f 7021 7022 7023
f 7024 7025 7026
f 7027 7028 7029
f 7030 7031 7032
f 7033 7034 7035
f 7036 7037 7038
f 7039 7040 7041
f 7042 7043 7044
f 7045 7046 7047
f 7048 7049 7050
f 7051 7052 7053
f 7054 7055 7056
f 7057 7058 7059
f 7060 7061 7062
f 7063 7064 7065
f 7066 7067 7068
f 7069 7070 7071
f 7072 7073 7074
f 7075 7076 7077
f 7078 7079 7080
f 7081 7082 7083
f 7084 7085 7086
f 7087 7088 7089
f 7090 7091 7092
f 7093 7094 7095
f 7096 7097 7098
f 7099 7100 7101
f 7102 7103 7104
f 7105 7106 7107
f 7108 7109 7110
f 7111 7112 7113
f 7114 7115 7116
f 7117 7118 7119
f 7120 7121 7122
f 7123 7124 7125
f 7126 7127 7128
f 7129 7130 7131
f 7132 7133 7134
f 7135 7136 7137
f 7138 7139 7140
f 7141 7142 7143
f 7144 7145 7146
f 7147 7148 7149
f 7150 7151 7152
f 7153 7154 7155
f 7156 7157 7158
f 7159 7160 7161
f 7162 7163 7164
f 7165 7166 7167
f 7168 7169 7170
f 7171 7172 7173
f 7174 7175 7176
f 7177 7178 7179
f 7180 7181 7182
f 7183 7184 7185
f 7186 7187 7188
f 7189 7190 7191
f 7192 7193 7194
f 7195 7196 7197
f 7198 7199 7200
f 7201 7202 7203
f 7204 7205 7206
f 7207 7208 7209
f 7210 7211 7212
f 7213 7214 7215
f 7216 7217 7218
f 7219 7220 7221
f 7222 7223 7224
f 7225 7226 7227
f 7228 7229 7230
f 7231 7232 7233
f 7234 7235 7236
f 7237 7238 7239
f 7240 7241 7242
f 7243 7244 7245
f 7246 7247 7248
f 7249 7250 7251
f 7252 7253 7254
f 7255 7256 7257
f 7258 7259 7260
f 7261 7262 7263
f 7264 7265 7266
f 7267 7268 7269
f 7270 7271 7272
f 7273 7274 7275
f 7276 7277 7278
f 7279 7280 7281
f 7282 7283 7284
f 7285 7286 7287
f 7288 7289 7290
f 7291 7292 7293
f 7294 7295 7296
f 7297 7298 7299
f 7300 7301 7302
f 7303 7304 7305
f 7306 7307 7308
f 7309 7310 7311
f 7312 7313 7314
f 7315 7316 7317
f 7318 7319 7320
f 7321 7322 7323
f 7324 7325 7326
f 7327 7328 7329
f 7330 7331 7332
f 7333 7334 7335
f 7336 7337 7338
f 7339 7340 7341
f 7342 7343 7344
f 7345 7346 7347
f 7348 7349 7350
f 7351 7352 7353
f 7354 7355 7356
f 7357 7358 7359
f 7360 7361 7362
f 7363 7364 7365
f 7366 7367 7368
f 7369 7370 7371
f 7372 7373 7374
f 7375 7376 7377
f 7378 7379 7380
f 7381 7382 7383
f 7384 7385 7386
f 7387 7388 7389
f 7390 7391 7392
f 7393 7394 7395
f 7396 7397 7398
f 7399 7400 7401
f 7402 7403 7404
f 7405 7406 7407
f 7408 7409 7410
f 7411 7412 7413
f 7414 7415 7416
f 7417 7418 7419
f 7420 7421 7422
f 7423 7424 7425
f 7426 7427 7428
f 7429 7430 7431
f 7432 7433 7434
f 7435 7436 7437
f 7438 7439 7440
f 7441 7442 7443
f 7444 7445 7446
f 7447 7448 7449
f 7450 7451 7452
f 7453 7454 7455
f 7456 7457 7458
f 7459 7460 7461
f 7462 7463 7464
f 7465 7466 7467
f 7468 7469 7470
f 7471 7472 7473
f 7474 7475 7476
f 7477 7478 7479
f 7480 7481 7482
f 7483 7484 7485
f 7486 7487 7488
f 7489 7490 7491
f 7492 7493 7494
f 7495 7496 7497
f 7498 7499 7500
f 7501 7502 7503
f 7504 7505 7506
f 7507 7508 7509
f 7510 7511 7512
f 7513 7514 7515
f 7516 7517 7518
f 7519 7520 7521
f 7522 7523 7524
f 7525 7526 7527
f 7528 7529 7530
f 7531 7532 7533
f 7534 7535 7536
f 7537 7538 7539
f 7540 7541 7542
f 7543 7544 7545
f 7546 7547 7548
f 7549 7550 7551
f 7552 7553 7554
f 7555 7556 7557
f 7558 7559 7560
f 7561 7562 7563
f 7564 7565 7566
f 7567 7568 7569
f 7570 7571 7572
f 7573 7574 7575
f 7576 7577 7578
f 7579 7580 7581
f 7582 7583 7584
f 7585 7586 7587
f 7588 7589 7590
f 7591 7592 7593
f 7594 7595 7596
f 7597 7598 7599
f 7600 7601 7602
f 7603 7604 7605
f 7606 7607 7608
f 7609 7610 7611
f 7612 7613 7614
f 7615 7616 7617
f 7618 7619 7620
f 7621 7622 7623
f 7624 7625 7626
f 7627 7628 7629
f 7630 7631 7632
f 7633 7634 7635
f 7636 7637 7638
f 7639 7640 7641
f 7642 7643 7644
f 7645 7646 7647
f 7648 7649 7650
f 7651 7652 7653
f 7654 7655 7656
f 7657 7658 7659
f 7660 7661 7662
f 7663 7664 7665
f 7666 7667 7668
f 7669 7670 7671
f 7672 7673 7674
f 7675 7676 7677
f 7678 7679 7680
f 7681 7682 7683
f 7684 7685 7686
f 7687 7688 7689
f 7690 7691 7692
f 7693 7694 7695
f 7696 7697 7698
f 7699 7700 7701
f 7702 7703 7704
f 7705 7706 7707
f 7708 7709 7710
f 7711 7712 7713
f 7714 7715 7716
f 7717 7718 7719
f 7720 7721 7722
f 7723 7724 7725
f 7726 7727 7728
f 7729 7730 7731
f 7732 7733 7734
f 7735 7736 7737
f 7738 7739 7740
f 7741 7742 7743
f 7744 7745 7746
f 7747 7748 7749
f 7750 7751 7752
f 7753 7754 7755
f 7756 7757 7758
f 7759 7760 7761
f 7762 7763 7764
f 7765 7766 7767
f 7768 7769 7770
f 7771 7772 7773
f 7774 7775 7776
f 7777 7778 7779
f 7780 7781 7782
f 7783 7784 7785
f 7786 7787 7788
f 7789 7790 7791
f 7792 7793 7794
f 7795 7796 7797
f 7798 7799 7800
f 7801 7802 7803
f 7804 7805 7806
f 7807 7808 7809
f 7810 7811 7812
f 7813 7814 7815
f 7816 7817 7818
f 7819 7820 7821
f 7822 7823 7824
f 7825 7826 7827
f 7828 7829 7830
f 7831 7832 7833
f 7834 7835 7836
f 7837 7838 7839
f 7840 7841 7842
f 7843 7844 7845
f 7846 7847 7848
f 7849 7850 7851
f 7852 7853 7854
f 7855 7856 7857
f 7858 7859 7860
f 7861 7862 7863
f 7864 7865 7866
f 7867 7868 7869
f 7870 7871 7872
f 7873 7874 7875
f 7876 7877 7878
f 7879 7880 7881
f 7882 7883 7884
f 7885 7886 7887
f 7888 7889 7890
f 7891 7892 7893
f 7894 7895 7896
f 7897 7898 7899
f 7900 7901 7902
f 7903 7904 7905
f 7906 7907 7908
f 7909 7910 7911
f 7912 7913 7914
f 7915 7916 7917
f 7918 7919 7920
f 7921 7922 7923
f 7924 7925 7926
f 7927 7928 7929
f 7930 7931 7932
f 7933 7934 7935
f 7936 7937 7938
f 7939 7940 7941
f 7942 7943 7944
f 7945 7946 7947
f 7948 7949 7950
f 7951 7952 7953
f 7954 7955 7956
f 7957 7958 7959
f 7960 7961 7962
f 7963 7964 7965
f 7966 7967 7968
f 7969 7970 7971
f 7972 7973 7974
f 7975 7976 7977
f 7978 7979 7980
f 7981 7982 7983
f 7984 7985 7986
f 7987 7988 7989
f 7990 7991 7992
f 7993 7994 7995
f 7996 7997 7998
f 7999 8000 8001
f 8002 8003 8004
f 8005 8006 8007
f 8008 8009 8010
f 8011 8012 8013
f 8014 8015 8016
f 8017 8018 8019
f 8020 8021 8022
f 8023 8024 8025
f 8026 8027 8028
f 8029 8030 8031
f 8032 8033 8034
f 8035 8036 8037
f 8038 8039 8040
f 8041 8042 8043
f 8044 8045 8046
f 8047 8048 8049
f 8050 8051 8052
f 8053 8054 8055
f 8056 8057 8058
f 8059 8060 8061
f 8062 8063 8064
f 8065 8066 8067
f 8068 8069 8070
f 8071 8072 8073
f 8074 8075 8076
f 8077 8078 8079
f 8080 8081 8082
f 8083 8084 8085
f 8086 8087 8088
f 8089 8090 8091
f 8092 8093 8094
f 8095 8096 8097
f 8098 8099 8100
f 8101 8102 8103
f 8104 8105 8106
f 8107 8108 8109
f 8110 8111 8112
f 8113 8114 8115
f 8116 8117 8118
f 8119 8120 8121
f 8122 8123 8124
f 8125 8126 8127
f 8128 8129 8130
f 8131 8132 8133
f 8134 8135 8136
f 8137 8138 8139
f 8140 8141 8142
f 8143 8144 8145
f 8146 8147 8148
f 8149 8150 8151
f 8152 8153 8154
f 8155 8156 8157
f 8158 8159 8160
f 8161 8162 8163
f 8164 8165 8166
f 8167 8168 8169
f 8170 8171 8172
f 8173 8174 8175
f 8176 8177 8178
f 8179 8180 8181
f 8182 8183 8184
f 8185 8186 8187
f 8188 8189 8190
f 8191 8192 8193
f 8194 8195 8196
f 8197 8198 8199
f 8200 8201 8202
f 8203 8204 8205
f 8206 8207 8208
f 8209 8210 8211
f 8212 8213 8214
f 8215 8216 8217
f 8218 8219 8220
f 8221 8222 8223
f 8224 8225 8226
f 8227 8228 8229
f 8230 8231 8232
f 8233 8234 8235
f 8236 8237 8238
f 8239 8240 8241
f 8242 8243 8244
f 8245 8246 8247
f 8248 8249 8250
f 8251 8252 8253
f 8254 8255 8256
f 8257 8258 8259
f 8260 8261 8262
f 8263 8264 8265
f 8266 8267 8268
f 8269 8270 8271
f 8272 8273 8274
f 8275 8276 8277
f 8278 8279 8280
f 8281 8282 8283
f 8284 8285 8286
f 8287 8288 8289
f 8290 8291 8292
f 8293 8294 8295
f 8296 8297 8298
f 8299 8300 8301
f 8302 8303 8304
f 8305 8306 8307
f 8308 8309 8310
f 8311 8312 8313
f 8314 8315 8316
f 8317 8318 8319
f 8320 8321 8322
f 8323 8324 8325
f 8326 8327 8328
f 8329 8330 8331
f 8332 8333 8334
f 8335 8336 8337
f 8338 8339 8340
f 8341 8342 8343
f 8344 8345 8346
f 8347 8348 8349
f 8350 8351 8352
f 8353 8354 8355
f 8356 8357 8358
f 8359 8360 8361
f 8362 8363 8364
f 8365 8366 8367
f 8368 8369 8370
f 8371 8372 8373
f 8374 8375 8376
f 8377 8378 8379
f 8380 8381 8382
f 8383 8384 8385
f 8386 8387 8388
f 8389 8390 8391
f 8392 8393 8394
f 8395 8396 8397
f 8398 8399 8400
f 8401 8402 8403
f 8404 8405 8406
f 8407 8408 8409
f 8410 8411 8412
f 8413 8414 8415
f 8416 8417 8418
f 8419 8420 8421
f 8422 8423 8424
f 8425 8426 8427
f 8428 8429 8430
f 8431 8432 8433
f 8434 8435 8436
f 8437 8438 8439
f 8440 8441 8442
f 8443 8444 8445
f 8446 8447 8448
f 8449 8450 8451
f 8452 8453 8454
f 8455 8456 8457
f 8458 8459 8460
f 8461 8462 8463
f 8464 8465 8466
f 8467 8468 8469
f 8470 8471 8472
f 8473 8474 8475
f 8476 8477 8478
f 8479 8480 8481
f 8482 8483 8484
f 8485 8486 8487
f 8488 8489 8490
f 8491 8492 8493
f 8494 8495 8496
f 8497 8498 8499
f 8500 8501 8502
f 8503 8504 8505
f 8506 8507 8508
f 8509 8510 8511
f 8512 8513 8514
f 8515 8516 8517
f 8518 8519 8520
f 8521 8522 8523
f 8524 8525 8526
f 8527 8528 8529
f 8530 8531 8532
f 8533 8534 8535
f 8536 8537 8538
f 8539 8540 8541
f 8542 8543 8544
f 8545 8546 8547
f 8548 8549 8550
f 8551 8552 8553
f 8554 8555 8556
f 8557 8558 8559
f 8560 8561 8562
f 8563 8564 8565
f 8566 8567 8568
f 8569 8570 8571
f 8572 8573 8574
f 8575 8576 8577
f 8578 8579 8580
f 8581 8582 8583
f 8584 8585 8586
f 8587 8588 8589
f 8590 8591 8592
f 8593 8594 8595
f 8596 8597 8598
f 8599 8600 8601
f 8602 8603 8604
f 8605 8606 8607
f 8608 8609 8610
f 8611 8612 8613
f 8614 8615 8616
f 8617 8618 8619
f 8620 8621 8622
f 8623 8624 8625
f 8626 8627 8628
f 8629 8630 8631
f 8632 8633 8634
f 8635 8636 8637
f 8638 8639 8640
f 8641 8642 8643
f 8644 8645 8646
f 8647 8648 8649
f 8650 8651 8652
f 8653 8654 8655
f 8656 8657 8658
f 8659 8660 8661
f 8662 8663 8664
f 8665 8666 8667
f 8668 8669 8670
f 8671 8672 8673
f 8674 8675 8676
f 8677 8678 8679
f 8680 8681 8682
f 8683 8684 8685
f 8686 8687 8688
f 8689 8690 8691
f 8692 8693 8694
f 8695 8696 8697
f 8698 8699 8700
f 8701 8702 8703
f 8704 8705 8706
f 8707 8708 8709
f 8710 8711 8712
f 8713 8714 8715
f 8716 8717 8718
f 8719 8720 8721
f 8722 8723 8724
f 8725 8726 8727
f 8728 8729 8730
f 8731 8732 8733
f 8734 8735 8736
f 8737 8738 8739
f 8740 8741 8742
f 8743 8744 8745
f 8746 8747 8748
f 8749 8750 8751
f 8752 8753 8754
f 8755 8756 8757
f 8758 8759 8760
f 8761 8762 8763
f 8764 8765 8766
f 8767 8768 8769
f 8770 8771 8772
f 8773 8774 8775
f 8776 8777 8778
f 8779 8780 8781
f 8782 8783 8784
f 8785 8786 8787
f 8788 8789 8790
f 8791 8792 8793
f 8794 8795 8796
f 8797 8798 8799
f 8800 8801 8802
f 8803 8804 8805
f 8806 8807 8808
f 8809 8810 8811
f 8812 8813 8814
f 8815 8816 8817
f 8818 8819 8820
f 8821 8822 8823
f 8824 8825 8826
f 8827 8828 8829
f 8830 8831 8832
f 8833 8834 8835
f 8836 8837 8838
f 8839 8840 8841
f 8842 8843 8844
f 8845 8846 8847
f 8848 8849 8850
f 8851 8852 8853
f 8854 8855 8856
f 8857 8858 8859
f 8860 8861 8862
f 8863 8864 8865
f 8866 8867 8868
f 8869 8870 8871
f 8872 8873 8874
f 8875 8876 8877
f 8878 8879 8880
f 8881 8882 8883
f 8884 8885 8886
f 8887 8888 8889
f 8890 8891 8892
f 8893 8894 8895
f 8896 8897 8898
f 8899 8900 8901
f 8902 8903 8904
f 8905 8906 8907
f 8908 8909 8910
f 8911 8912 8913
f 8914 8915 8916
f 8917 8918 8919
f 8920 8921 8922
f 8923 8924 8925
f 8926 8927 8928
f 8929 8930 8931
f 8932 8933 8934
f 8935 8936 8937
f 8938 8939 8940
f 8941 8942 8943
f 8944 8945 8946
f 8947 8948 8949
f 8950 8951 8952
f 8953 8954 8955
f 8956 8957 8958
f 8959 8960 8961
f 8962 8963 8964
f 8965 8966 8967
f 8968 8969 8970
f 8971 8972 8973
f 8974 8975 8976
f 8977 8978 8979
f 8980 8981 8982
f 8983 8984 8985
f 8986 8987 8988
f 8989 8990 8991
f 8992 8993 8994
f 8995 8996 8997
f 8998 8999 9000
f 9001 9002 9003
f 9004 9005 9006
f 9007 9008 9009
f 9010 9011 9012
f 9013 9014 9015
f 9016 9017 9018
f 9019 9020 9021
f 9022 9023 9024
f 9025 9026 9027
f 9028 9029 9030
f 9031 9032 9033
f 9034 9035 9036
f 9037 9038 9039
f 9040 9041 9042
f 9043 9044 9045
f 9046 9047 9048
f 9049 9050 9051
f 9052 9053 9054
f 9055 9056 9057
f 9058 9059 9060
f 9061 9062 9063
f 9064 9065 9066
f 9067 9068 9069
f 9070 9071 9072
f 9073 9074 9075
f 9076 9077 9078
f 9079 9080 9081
f 9082 9083 9084
f 9085 9086 9087
f 9088 9089 9090
f 9091 9092 9093
f 9094 9095 9096
f 9097 9098 9099
f 9100 9101 9102
f 9103 9104 9105
f 9106 9107 9108
f 9109 9110 9111
f 9112 9113 9114
f 9115 9116 9117
f 9118 9119 9120
f 9121 9122 9123
f 9124 9125 9126
f 9127 9128 9129
f 9130 9131 9132
f 9133 9134 9135
f 9136 9137 9138
f 9139 9140 9141
f 9142 9143 9144
f 9145 9146 9147
f 9148 9149 9150
f 9151 9152 9153
f 9154 9155 9156
f 9157 9158 9159
f 9160 9161 9162
f 9163 9164 9165
f 9166 9167 9168
f 9169 9170 9171
f 9172 9173 9174
f 9175 9176 9177
f 9178 9179 9180
f 9181 9182 9183
f 9184 9185 9186
f 9187 9188 9189
f 9190 9191 9192
f 9193 9194 9195
f 9196 9197 9198
f 9199 9200 9201
f 9202 9203 9204
f 9205 9206 9207
f 9208 9209 9210
f 9211 9212 9213
f 9214 9215 9216
f 9217 9218 9219
f 9220 9221 9222
f 9223 9224 9225
f 9226 9227 9228
f 9229 9230 9231
f 9232 9233 9234
f 9235 9236 9237
f 9238 9239 9240
f 9241 9242 9243
f 9244 9245 9246
f 9247 9248 9249
f 9250 9251 9252
f 9253 9254 9255
f 9256 9257 9258
f 9259 9260 9261
f 9262 9263 9264
f 9265 9266 9267
f 9268 9269 9270
f 9271 9272 9273
f 9274 9275 9276
f 9277 9278 9279
f 9280 9281 9282
f 9283 9284 9285
f 9286 9287 9288
f 9289 9290 9291
f 9292 9293 9294
f 9295 9296 9297
f 9298 9299 9300
f 9301 9302 9303
f 9304 9305 9306
f 9307 9308 9309
f 9310 9311 9312
f 9313 9314 9315
f 9316 9317 9318
f 9319 9320 9321
f 9322 9323 9324
f 9325 9326 9327
f 9328 9329 9330
f 9331 9332 9333
f 9334 9335 9336
f 9337 9338 9339
f 9340 9341 9342
f 9343 9344 9345
f 9346 9347 9348
f 9349 9350 9351
f 9352 9353 9354
f 9355 9356 9357
f 9358 9359 9360
f 9361 9362 9363
f 9364 9365 9366
f 9367 9368 9369
f 9370 9371 9372
f 9373 9374 9375
f 9376 9377 9378
f 9379 9380 9381
f 9382 9383 9384
f 9385 9386 9387
f 9388 9389 9390
f 9391 9392 9393
f 9394 9395 9396
f 9397 9398 9399
f 9400 9401 9402
f 9403 9404 9405
f 9406 9407 9408
f 9409 9410 9411
f 9412 9413 9414
f 9415 9416 9417
f 9418 9419 9420
f 9421 9422 9423
f 9424 9425 9426
f 9427 9428 9429
f 9430 9431 9432
f 9433 9434 9435
f 9436 9437 9438
f 9439 9440 9441
f 9442 9443 9444
f 9445 9446 9447
f 9448 9449 9450
f 9451 9452 9453
f 9454 9455 9456
f 9457 9458 9459
f 9460 9461 9462
f 9463 9464 9465
f 9466 9467 9468
f 9469 9470 9471
f 9472 9473 9474
