mtllib tesollo_right_rl_dg_1_4_visuals_rl_dg_1_4_Scene_mesh.mtl
v 0.011199950240552425 0.03129994124174118 0.006003378890454769
v 0.011199950240552425 0.02039998024702072 -0.005999981891363859
v 0.011199950240552425 0.03129994124174118 -0.006005107890814543
v 0.011199950240552425 0.02039998024702072 -0.005999981891363859
v 0.011134379543364048 0.03130071982741356 -0.0066454410552978516
v 0.011199950240552425 0.03129994124174118 -0.006005107890814543
v 0.010692530311644077 0.036980558186769485 -0.00040277899825014174
v 0.01072871033102274 0.036620430648326874 0.00015088099462445825
v 0.011199950240552425 0.03129994124174118 -0.006005107890814543
v 0.010930649936199188 0.034447431564331055 -0.005793333053588867
v 0.010643480345606804 0.037454478442668915 -0.0008652429096400738
v 0.011199950240552425 0.03129994124174118 -0.006005107890814543
v 0.010643480345606804 0.037454478442668915 -0.0008652429096400738
v 0.010670719668269157 0.03719127178192139 -0.0006083910120651126
v 0.011199950240552425 0.03129994124174118 -0.006005107890814543
v 0.010670719668269157 0.03719127178192139 -0.0006083910120651126
v 0.010692530311644077 0.036980558186769485 -0.00040277899825014174
v 0.011199950240552425 0.03129994124174118 -0.006005107890814543
v 0.01072871033102274 0.036620430648326874 0.00015088099462445825
v 0.010740280151367188 0.03650254011154175 0.00046801698044873774
v 0.011199950240552425 0.03129994124174118 -0.006005107890814543
v 0.010740280151367188 0.03650254011154175 0.00046801698044873774
v 0.010751360096037388 0.036390360444784164 0.000769910984672606
v 0.011199950240552425 0.03129994124174118 -0.006005107890814543
v 0.010751360096037388 0.036390360444784164 0.000769910984672606
v 0.011199950240552425 0.03129994124174118 0.006003378890454769
v 0.011199950240552425 0.03129994124174118 -0.006005107890814543
v 0.011134379543364048 0.03130071982741356 -0.0066454410552978516
v 0.010930649936199188 0.034447431564331055 -0.005793333053588867
v 0.011199950240552425 0.03129994124174118 -0.006005107890814543
v 0.011199950240552425 0.02039998024702072 0.005999981891363859
v 0.011199950240552425 0.02039998024702072 -0.005999981891363859
v 0.011199950240552425 0.03129994124174118 0.006003378890454769
v 0.011145049706101418 0.03130054101347923 0.0066232080571353436
v 0.011199950240552425 0.02039998024702072 0.005999981891363859
v 0.011199950240552425 0.03129994124174118 0.006003378890454769
v 0.010760120116174221 0.03629999980330467 0.0014999499544501305
v 0.010760120116174221 0.03629999980330467 0.005886672995984554
v 0.011199950240552425 0.03129994124174118 0.006003378890454769
v 0.010751360096037388 0.036390360444784164 0.000769910984672606
v 0.01075994037091732 0.03630197048187256 0.0013900389894843102
v 0.011199950240552425 0.03129994124174118 0.006003378890454769
v 0.01075994037091732 0.03630197048187256 0.0013900389894843102
v 0.010760120116174221 0.03629999980330467 0.0014999499544501305
v 0.011199950240552425 0.03129994124174118 0.006003378890454769
v 0.010760120116174221 0.03629999980330467 0.005886672995984554
v 0.011145049706101418 0.03130054101347923 0.0066232080571353436
v 0.011199950240552425 0.03129994124174118 0.006003378890454769
v 0.011199950240552425 0.007699965965002775 0.00641399621963501
v 0.011199950240552425 0.020398130640387535 -0.006112455856055021
v 0.011199950240552425 0.02039998024702072 -0.005999981891363859
v 0.011199950240552425 0.007752298843115568 0.00673329783603549
v 0.011199950240552425 0.007699965965002775 0.00641399621963501
v 0.011199950240552425 0.02039998024702072 -0.005999981891363859
v 0.011199950240552425 0.02039998024702072 0.005999981891363859
v 0.011199950240552425 0.007752298843115568 0.00673329783603549
v 0.011199950240552425 0.02039998024702072 -0.005999981891363859
v 0.011081569828093052 0.02039998024702072 -0.006902514956891537
v 0.011134379543364048 0.03130071982741356 -0.0066454410552978516
v 0.011199950240552425 0.02039998024702072 -0.005999981891363859
v 0.011199950240552425 0.020398130640387535 -0.006112455856055021
v 0.011081569828093052 0.02039998024702072 -0.006902514956891537
v 0.011199950240552425 0.02039998024702072 -0.005999981891363859
v 0.011199950240552425 0.020326130092144012 0.006720304023474455
v 0.011199950240552425 0.007752298843115568 0.00673329783603549
v 0.011199950240552425 0.02039998024702072 0.005999981891363859
v 0.011081569828093052 0.02039998024702072 0.006902514956891537
v 0.011199950240552425 0.020326130092144012 0.006720304023474455
v 0.011199950240552425 0.02039998024702072 0.005999981891363859
v 0.011145049706101418 0.03130054101347923 0.0066232080571353436
v 0.011081569828093052 0.02039998024702072 0.006902514956891537
v 0.011199950240552425 0.02039998024702072 0.005999981891363859
v 0.011199950240552425 0.007699965965002775 -0.00641399621963501
v 0.011199950240552425 0.02030818909406662 -0.006805120967328548
v 0.011199950240552425 0.020398130640387535 -0.006112455856055021
v 0.011199950240552425 0.007699965965002775 0.00641399621963501
v 0.011199950240552425 0.007699965965002775 -0.00641399621963501
v 0.011199950240552425 0.020398130640387535 -0.006112455856055021
v 0.011199950240552425 0.02030818909406662 -0.006805120967328548
v 0.011081569828093052 0.02039998024702072 -0.006902514956891537
v 0.011199950240552425 0.020398130640387535 -0.006112455856055021
v 0.011199950240552425 0.020262060686945915 0.006938576232641935
v 0.011199950240552425 0.007752298843115568 0.00673329783603549
v 0.011199950240552425 0.020326130092144012 0.006720304023474455
v 0.011081569828093052 0.02039998024702072 0.006902514956891537
v 0.011199950240552425 0.020262060686945915 0.006938576232641935
v 0.011199950240552425 0.020326130092144012 0.006720304023474455
v 0.011199950240552425 0.007699965965002775 -0.00641399621963501
v 0.011199950240552425 0.020266350358724594 -0.0069373250007629395
v 0.011199950240552425 0.02030818909406662 -0.006805120967328548
v 0.011199950240552425 0.020266350358724594 -0.0069373250007629395
v 0.011081569828093052 0.02039998024702072 -0.006902514956891537
v 0.011199950240552425 0.02030818909406662 -0.006805120967328548
v 0.011199950240552425 0.007699965965002775 -0.00641399621963501
v 0.011199950240552425 0.020075080916285515 -0.007542312145233154
v 0.011199950240552425 0.020266350358724594 -0.0069373250007629395
v 0.011199950240552425 0.020075080916285515 -0.007542312145233154
v 0.010567660443484783 0.02039998024702072 -0.008006571792066097
v 0.011199950240552425 0.020266350358724594 -0.0069373250007629395
v 0.010567660443484783 0.02039998024702072 -0.008006571792066097
v 0.011072570458054543 0.02039998024702072 -0.006921947002410889
v 0.011199950240552425 0.020266350358724594 -0.0069373250007629395
v 0.011072570458054543 0.02039998024702072 -0.006921947002410889
v 0.011081569828093052 0.02039998024702072 -0.006902514956891537
v 0.011199950240552425 0.020266350358724594 -0.0069373250007629395
v 0.011199950240552425 0.02011346071958542 0.007444798015058041
v 0.011199950240552425 0.007752298843115568 0.00673329783603549
v 0.011199950240552425 0.020262060686945915 0.006938576232641935
v 0.011072570458054543 0.02039998024702072 0.006921947002410889
v 0.011199950240552425 0.02011346071958542 0.007444798015058041
v 0.011199950240552425 0.020262060686945915 0.006938576232641935
v 0.011081569828093052 0.02039998024702072 0.006902514956891537
v 0.011072570458054543 0.02039998024702072 0.006921947002410889
v 0.011199950240552425 0.020262060686945915 0.006938576232641935
v 0.011199950240552425 0.01968389004468918 0.008350551128387451
v 0.011199950240552425 0.007752298843115568 0.00673329783603549
v 0.011199950240552425 0.02011346071958542 0.007444798015058041
v 0.010567660443484783 0.02039998024702072 0.008006571792066097
v 0.011199950240552425 0.01968389004468918 0.008350551128387451
v 0.011199950240552425 0.02011346071958542 0.007444798015058041
v 0.011072570458054543 0.02039998024702072 0.006921947002410889
v 0.010567660443484783 0.02039998024702072 0.008006571792066097
v 0.011199950240552425 0.02011346071958542 0.007444798015058041
v 0.011199950240552425 0.007699965965002775 -0.00641399621963501
v 0.011199950240552425 0.019622020423412323 -0.008453249000012875
v 0.011199950240552425 0.020075080916285515 -0.007542312145233154
v 0.011199950240552425 0.019622020423412323 -0.008453249000012875
v 0.010567660443484783 0.02039998024702072 -0.008006571792066097
v 0.011199950240552425 0.020075080916285515 -0.007542312145233154
v 0.011199950240552425 0.019627569243311882 0.008449493907392025
v 0.011199950240552425 0.007752298843115568 0.00673329783603549
v 0.011199950240552425 0.01968389004468918 0.008350551128387451
v 0.010567660443484783 0.02039998024702072 0.008006571792066097
v 0.011199950240552425 0.019627569243311882 0.008449493907392025
v 0.011199950240552425 0.01968389004468918 0.008350551128387451
v 0.011199950240552425 0.019598839804530144 0.00849997904151678
v 0.011199950240552425 0.007752298843115568 0.00673329783603549
v 0.011199950240552425 0.019627569243311882 0.008449493907392025
v 0.010567660443484783 0.02039998024702072 0.008006571792066097
v 0.011199950240552425 0.019598839804530144 0.00849997904151678
v 0.011199950240552425 0.019627569243311882 0.008449493907392025
v 0.011199950240552425 0.011229930445551872 -0.00849997904151678
v 0.011199950240552425 0.019598839804530144 -0.00849997904151678
v 0.011199950240552425 0.019622020423412323 -0.008453249000012875
v 0.011199950240552425 0.007699965965002775 -0.00641399621963501
v 0.011199950240552425 0.011229930445551872 -0.00849997904151678
v 0.011199950240552425 0.019622020423412323 -0.008453249000012875
v 0.010562590323388577 0.02039998024702072 -0.00801157858222723
v 0.010567660443484783 0.02039998024702072 -0.008006571792066097
v 0.011199950240552425 0.019622020423412323 -0.008453249000012875
v 0.011199950240552425 0.019598839804530144 -0.00849997904151678
v 0.010562590323388577 0.02039998024702072 -0.00801157858222723
v 0.011199950240552425 0.019622020423412323 -0.008453249000012875
v 0.01113963034003973 0.01943987049162388 -0.008838891051709652
v 0.010562590323388577 0.02039998024702072 -0.00801157858222723
v 0.011199950240552425 0.019598839804530144 -0.00849997904151678
v 0.011199950240552425 0.011229930445551872 -0.00849997904151678
v 0.011120139621198177 0.011229930445551872 -0.008834302425384521
v 0.011199950240552425 0.019598839804530144 -0.00849997904151678
v 0.011120139621198177 0.011229930445551872 -0.008834302425384521
v 0.01113963034003973 0.01943987049162388 -0.008838891051709652
v 0.011199950240552425 0.019598839804530144 -0.00849997904151678
v 0.011199950240552425 0.011229930445551872 0.00849997904151678
v 0.011199950240552425 0.007752298843115568 0.00673329783603549
v 0.011199950240552425 0.019598839804530144 0.00849997904151678
v 0.011155660264194012 0.01945625990629196 0.00879430677741766
v 0.011199950240552425 0.011229930445551872 0.00849997904151678
v 0.011199950240552425 0.019598839804530144 0.00849997904151678
v 0.010567660443484783 0.02039998024702072 0.008006571792066097
v 0.010562590323388577 0.02039998024702072 0.00801157858222723
v 0.011199950240552425 0.019598839804530144 0.00849997904151678
v 0.011131159961223602 0.019443029537796974 0.00884252693504095
v 0.011155660264194012 0.01945625990629196 0.00879430677741766
v 0.011199950240552425 0.019598839804530144 0.00849997904151678
v 0.010562590323388577 0.02039998024702072 0.00801157858222723
v 0.011131159961223602 0.019443029537796974 0.00884252693504095
v 0.011199950240552425 0.019598839804530144 0.00849997904151678
v 0.011199950240552425 0.007699965965002775 -0.00641399621963501
v 0.011199950240552425 0.010690679773688316 -0.008425891399383545
v 0.011199950240552425 0.011229930445551872 -0.00849997904151678
v 0.011199950240552425 0.010690679773688316 -0.008425891399383545
v 0.011120139621198177 0.011229930445551872 -0.008834302425384521
v 0.011199950240552425 0.011229930445551872 -0.00849997904151678
v 0.011199950240552425 0.010690679773688316 0.008425891399383545
v 0.011199950240552425 0.007752298843115568 0.00673329783603549
v 0.011199950240552425 0.011229930445551872 0.00849997904151678
v 0.011155660264194012 0.01945625990629196 0.00879430677741766
v 0.011118469759821892 0.011229930445551872 0.008841395378112793
v 0.011199950240552425 0.011229930445551872 0.00849997904151678
v 0.011118469759821892 0.011229930445551872 0.008841395378112793
v 0.011199950240552425 0.010690679773688316 0.008425891399383545
v 0.011199950240552425 0.011229930445551872 0.00849997904151678
v 0.011199950240552425 0.007699965965002775 -0.00641399621963501
v 0.011199950240552425 0.009366451762616634 -0.007937668822705746
v 0.011199950240552425 0.010690679773688316 -0.008425891399383545
v 0.011199950240552425 0.009366451762616634 -0.007937668822705746
v 0.011092119850218296 0.010568849742412567 -0.008860944770276546
v 0.011199950240552425 0.010690679773688316 -0.008425891399383545
v 0.011092119850218296 0.010568849742412567 -0.008860944770276546
v 0.011120139621198177 0.011229930445551872 -0.008834302425384521
v 0.011199950240552425 0.010690679773688316 -0.008425891399383545
v 0.011199950240552425 0.009366451762616634 0.007937668822705746
v 0.011199950240552425 0.007752298843115568 0.00673329783603549
v 0.011199950240552425 0.010690679773688316 0.008425891399383545
v 0.011092119850218296 0.009176610969007015 0.008346796035766602
v 0.011199950240552425 0.009366451762616634 0.007937668822705746
v 0.011199950240552425 0.010690679773688316 0.008425891399383545
v 0.011092119850218296 0.010568849742412567 0.008860944770276546
v 0.011092119850218296 0.009176610969007015 0.008346796035766602
v 0.011199950240552425 0.010690679773688316 0.008425891399383545
v 0.011118469759821892 0.011229930445551872 0.008841395378112793
v 0.011092119850218296 0.010568849742412567 0.008860944770276546
v 0.011199950240552425 0.010690679773688316 0.008425891399383545
v 0.011199950240552425 0.007699965965002775 -0.00641399621963501
v 0.011199950240552425 0.008138655684888363 -0.007241665851324797
v 0.011199950240552425 0.009366451762616634 -0.007937668822705746
v 0.011199950240552425 0.008138655684888363 0.007241665851324797
v 0.011199950240552425 0.007752298843115568 0.00673329783603549
v 0.011199950240552425 0.009366451762616634 0.007937668822705746
v 0.011199950240552425 0.007699965965002775 -0.00641399621963501
v 0.011199950240552425 0.007903814315795898 -0.007019102107733488
v 0.011199950240552425 0.008138655684888363 -0.007241665851324797
v 0.011092119850218296 0.009176610969007015 -0.008346796035766602
v 0.011199950240552425 0.009366451762616634 -0.007937668822705746
v 0.011199950240552425 0.008138655684888363 -0.007241665851324797
v 0.011092119850218296 0.007885098457336426 -0.007615506183356047
v 0.011092119850218296 0.009176610969007015 -0.008346796035766602
v 0.011199950240552425 0.008138655684888363 -0.007241665851324797
v 0.011199950240552425 0.007903814315795898 -0.007019102107733488
v 0.011092119850218296 0.007544158957898617 -0.007292509078979492
v 0.011199950240552425 0.008138655684888363 -0.007241665851324797
v 0.011092119850218296 0.007544158957898617 -0.007292509078979492
v 0.011092119850218296 0.007885098457336426 -0.007615506183356047
v 0.011199950240552425 0.008138655684888363 -0.007241665851324797
v 0.011199950240552425 0.007903814315795898 0.007019102107733488
v 0.011199950240552425 0.007752298843115568 0.00673329783603549
v 0.011199950240552425 0.008138655684888363 0.007241665851324797
v 0.011199950240552425 0.009366451762616634 0.007937668822705746
v 0.011092119850218296 0.007885098457336426 0.007615506183356047
v 0.011199950240552425 0.008138655684888363 0.007241665851324797
v 0.011092119850218296 0.007885098457336426 0.007615506183356047
v 0.011199950240552425 0.007903814315795898 0.007019102107733488
v 0.011199950240552425 0.008138655684888363 0.007241665851324797
v 0.011199950240552425 0.007699965965002775 -0.00641399621963501
v 0.011199950240552425 0.007752298843115568 -0.00673329783603549
v 0.011199950240552425 0.007903814315795898 -0.007019102107733488
v 0.011199950240552425 0.007752298843115568 -0.00673329783603549
v 0.011092119850218296 0.007324217818677425 -0.006877481006085873
v 0.011199950240552425 0.007903814315795898 -0.007019102107733488
v 0.011092119850218296 0.007324217818677425 -0.006877481006085873
v 0.011092119850218296 0.007544158957898617 -0.007292509078979492
v 0.011199950240552425 0.007903814315795898 -0.007019102107733488
v 0.011092119850218296 0.007544158957898617 0.007292509078979492
v 0.011199950240552425 0.007752298843115568 0.00673329783603549
v 0.011199950240552425 0.007903814315795898 0.007019102107733488
v 0.011092119850218296 0.007885098457336426 0.007615506183356047
v 0.011092119850218296 0.007544158957898617 0.007292509078979492
v 0.011199950240552425 0.007903814315795898 0.007019102107733488
v 0.011199950240552425 0.007699965965002775 -0.00641399621963501
v 0.011092119850218296 0.007248221896588802 -0.00641399621963501
v 0.011199950240552425 0.007752298843115568 -0.00673329783603549
v 0.011092119850218296 0.007248221896588802 -0.00641399621963501
v 0.011092119850218296 0.007324217818677425 -0.006877481006085873
v 0.011199950240552425 0.007752298843115568 -0.00673329783603549
v 0.011092119850218296 0.007324217818677425 0.006877481006085873
v 0.011199950240552425 0.007699965965002775 0.00641399621963501
v 0.011199950240552425 0.007752298843115568 0.00673329783603549
v 0.011092119850218296 0.007544158957898617 0.007292509078979492
v 0.011092119850218296 0.007324217818677425 0.006877481006085873
v 0.011199950240552425 0.007752298843115568 0.00673329783603549
v 0.011199950240552425 0.007699965965002775 0.00641399621963501
v 0.011092119850218296 0.007248221896588802 -0.00641399621963501
v 0.011199950240552425 0.007699965965002775 -0.00641399621963501
v 0.011092119850218296 0.007248221896588802 0.00641399621963501
v 0.011092119850218296 0.007248221896588802 -0.00641399621963501
v 0.011199950240552425 0.007699965965002775 0.00641399621963501
v 0.011092119850218296 0.007324217818677425 0.006877481006085873
v 0.011092119850218296 0.007248221896588802 0.00641399621963501
v 0.011199950240552425 0.007699965965002775 0.00641399621963501
v 0.011092119850218296 0.009176610969007015 -0.008346796035766602
v 0.011092119850218296 0.010568849742412567 -0.008860944770276546
v 0.011199950240552425 0.009366451762616634 -0.007937668822705746
v 0.011092119850218296 0.009176610969007015 0.008346796035766602
v 0.011092119850218296 0.007885098457336426 0.007615506183356047
v 0.011199950240552425 0.009366451762616634 0.007937668822705746
v 0.011131159961223602 0.019443029537796974 0.00884252693504095
v 0.011118469759821892 0.011229930445551872 0.008841395378112793
v 0.011155660264194012 0.01945625990629196 0.00879430677741766
v 0.011139510199427605 0.03130054101347923 0.006642341148108244
v 0.011081569828093052 0.02039998024702072 0.006902514956891537
v 0.011145049706101418 0.03130054101347923 0.0066232080571353436
v 0.010760120116174221 0.03629999980330467 0.005886672995984554
v 0.010727220214903355 0.03629999980330467 0.0063650598749518394
v 0.011145049706101418 0.03130054101347923 0.0066232080571353436
v 0.010727220214903355 0.03629999980330467 0.0063650598749518394
v 0.011139510199427605 0.03130054101347923 0.006642341148108244
v 0.011145049706101418 0.03130054101347923 0.0066232080571353436
v 0.011138550005853176 0.019436949864029884 -0.008845089934766293
v 0.010562590323388577 0.02039998024702072 -0.00801157858222723
v 0.01113963034003973 0.01943987049162388 -0.008838891051709652
v 0.011120139621198177 0.011229930445551872 -0.008834302425384521
v 0.011138550005853176 0.019436949864029884 -0.008845089934766293
v 0.01113963034003973 0.01943987049162388 -0.008838891051709652
v 0.011060169897973537 0.03130071982741356 0.006919025909155607
v 0.011072570458054543 0.02039998024702072 0.006921947002410889
v 0.011139510199427605 0.03130054101347923 0.006642341148108244
v 0.011072570458054543 0.02039998024702072 0.006921947002410889
v 0.011081569828093052 0.02039998024702072 0.006902514956891537
v 0.011139510199427605 0.03130054101347923 0.006642341148108244
v 0.010727220214903355 0.03629999980330467 0.0063650598749518394
v 0.010689309798181057 0.03629999980330467 0.0065195560455322266
v 0.011139510199427605 0.03130054101347923 0.006642341148108244
v 0.010689309798181057 0.03629999980330467 0.0065195560455322266
v 0.011060169897973537 0.03130071982741356 0.006919025909155607
v 0.011139510199427605 0.03130054101347923 0.006642341148108244
v 0.010967070236802101 0.019367510452866554 -0.00914156436920166
v 0.01090347021818161 0.019372759386897087 -0.009195566177368164
v 0.011138550005853176 0.019436949864029884 -0.008845089934766293
v 0.01090347021818161 0.019372759386897087 -0.009195566177368164
v 0.010562590323388577 0.02039998024702072 -0.00801157858222723
v 0.011138550005853176 0.019436949864029884 -0.008845089934766293
v 0.011120139621198177 0.011229930445551872 -0.008834302425384521
v 0.010967070236802101 0.019367510452866554 -0.00914156436920166
v 0.011138550005853176 0.019436949864029884 -0.008845089934766293
v 0.011081569828093052 0.02039998024702072 -0.006902514956891537
v 0.011126509867608547 0.03130083903670311 -0.006722449790686369
v 0.011134379543364048 0.03130071982741356 -0.0066454410552978516
v 0.011126509867608547 0.03130083903670311 -0.006722449790686369
v 0.010868540033698082 0.03449732065200806 -0.0064293742179870605
v 0.011134379543364048 0.03130071982741356 -0.0066454410552978516
v 0.010868540033698082 0.03449732065200806 -0.0064293742179870605
v 0.010930649936199188 0.034447431564331055 -0.005793333053588867
v 0.011134379543364048 0.03130071982741356 -0.0066454410552978516
v 0.011000449769198895 0.019372519105672836 0.009099303744733334
v 0.011118469759821892 0.011229930445551872 0.008841395378112793
v 0.011131159961223602 0.019443029537796974 0.00884252693504095
v 0.010562590323388577 0.02039998024702072 0.00801157858222723
v 0.011000449769198895 0.019372519105672836 0.009099303744733334
v 0.011131159961223602 0.019443029537796974 0.00884252693504095
v 0.011081569828093052 0.02039998024702072 -0.006902514956891537
v 0.011072570458054543 0.02039998024702072 -0.006921947002410889
v 0.011126509867608547 0.03130083903670311 -0.006722449790686369
v 0.011072570458054543 0.02039998024702072 -0.006921947002410889
v 0.011063629761338234 0.03130095824599266 -0.006919621955603361
v 0.011126509867608547 0.03130083903670311 -0.006722449790686369
v 0.011063629761338234 0.03130095824599266 -0.006919621955603361
v 0.010678700171411037 0.03453689068555832 -0.00707554817199707
v 0.011126509867608547 0.03130083903670311 -0.006722449790686369
v 0.010678700171411037 0.03453689068555832 -0.00707554817199707
v 0.010868540033698082 0.03449732065200806 -0.0064293742179870605
v 0.011126509867608547 0.03130083903670311 -0.006722449790686369
v 0.011092119850218296 0.011229930445551872 -0.008951722644269466
v 0.010967070236802101 0.019367510452866554 -0.00914156436920166
v 0.011120139621198177 0.011229930445551872 -0.008834302425384521
v 0.011092119850218296 0.010568849742412567 -0.008860944770276546
v 0.011092119850218296 0.011229930445551872 -0.008951722644269466
v 0.011120139621198177 0.011229930445551872 -0.008834302425384521
v 0.011000449769198895 0.019372519105672836 0.009099303744733334
v 0.011092119850218296 0.011229930445551872 0.008951722644269466
v 0.011118469759821892 0.011229930445551872 0.008841395378112793
v 0.011092119850218296 0.011229930445551872 0.008951722644269466
v 0.011092119850218296 0.010568849742412567 0.008860944770276546
v 0.011118469759821892 0.011229930445551872 0.008841395378112793
v 0.01090347021818161 0.019372759386897087 -0.009195566177368164
v 0.010967070236802101 0.019367510452866554 -0.00914156436920166
v 0.011092119850218296 0.011229930445551872 -0.008951722644269466
v 0.010891970247030258 0.011229930445551872 -0.009188114665448666
v 0.01090347021818161 0.019372759386897087 -0.009195566177368164
v 0.011092119850218296 0.011229930445551872 -0.008951722644269466
v 0.011092119850218296 0.010568849742412567 -0.008860944770276546
v 0.010891970247030258 0.011229930445551872 -0.009188114665448666
v 0.011092119850218296 0.011229930445551872 -0.008951722644269466
v 0.010897389613091946 0.019375620409846306 0.009196816943585873
v 0.010888930410146713 0.011229930445551872 0.009191690944135189
v 0.011092119850218296 0.011229930445551872 0.008951722644269466
v 0.011000449769198895 0.019372519105672836 0.009099303744733334
v 0.010897389613091946 0.019375620409846306 0.009196816943585873
v 0.011092119850218296 0.011229930445551872 0.008951722644269466
v 0.010888930410146713 0.011229930445551872 0.009191690944135189
v 0.011092119850218296 0.010568849742412567 0.008860944770276546
v 0.011092119850218296 0.011229930445551872 0.008951722644269466
v 0.010792669840157032 0.00902771856635809 -0.008667588233947754
v 0.010792669840157032 0.010473480448126793 -0.009201467037200928
v 0.011092119850218296 0.010568849742412567 -0.008860944770276546
v 0.011092119850218296 0.009176610969007015 -0.008346796035766602
v 0.010792669840157032 0.00902771856635809 -0.008667588233947754
v 0.011092119850218296 0.010568849742412567 -0.008860944770276546
v 0.010792669840157032 0.010473480448126793 -0.009201467037200928
v 0.010891970247030258 0.011229930445551872 -0.009188114665448666
v 0.011092119850218296 0.010568849742412567 -0.008860944770276546
v 0.010792669840157032 0.010473480448126793 0.009201467037200928
v 0.011092119850218296 0.009176610969007015 0.008346796035766602
v 0.011092119850218296 0.010568849742412567 0.008860944770276546
v 0.010888930410146713 0.011229930445551872 0.009191690944135189
v 0.010792669840157032 0.010473480448126793 0.009201467037200928
v 0.011092119850218296 0.010568849742412567 0.008860944770276546
v 0.011092119850218296 0.007885098457336426 -0.007615506183356047
v 0.010792669840157032 0.0076866140589118 -0.007908225059509277
v 0.011092119850218296 0.009176610969007015 -0.008346796035766602
v 0.010792669840157032 0.0076866140589118 -0.007908225059509277
v 0.010792669840157032 0.00902771856635809 -0.008667588233947754
v 0.011092119850218296 0.009176610969007015 -0.008346796035766602
v 0.010792669840157032 0.00902771856635809 0.008667588233947754
v 0.011092119850218296 0.007885098457336426 0.007615506183356047
v 0.011092119850218296 0.009176610969007015 0.008346796035766602
v 0.010792669840157032 0.010473480448126793 0.009201467037200928
v 0.010792669840157032 0.00902771856635809 0.008667588233947754
v 0.011092119850218296 0.009176610969007015 0.008346796035766602
v 0.011092119850218296 0.007544158957898617 -0.007292509078979492
v 0.010792669840157032 0.007262587081640959 -0.00750648882240057
v 0.011092119850218296 0.007885098457336426 -0.007615506183356047
v 0.010792669840157032 0.007262587081640959 -0.00750648882240057
v 0.010792669840157032 0.0076866140589118 -0.007908225059509277
v 0.011092119850218296 0.007885098457336426 -0.007615506183356047
v 0.010792669840157032 0.00902771856635809 0.008667588233947754
v 0.010792669840157032 0.0076866140589118 0.007908225059509277
v 0.011092119850218296 0.007885098457336426 0.007615506183356047
v 0.010792669840157032 0.0076866140589118 0.007908225059509277
v 0.011092119850218296 0.007544158957898617 0.007292509078979492
v 0.011092119850218296 0.007885098457336426 0.007615506183356047
v 0.011092119850218296 0.007324217818677425 -0.006877481006085873
v 0.010792669840157032 0.006989002227783203 -0.006990431807935238
v 0.011092119850218296 0.007544158957898617 -0.007292509078979492
v 0.010792669840157032 0.006989002227783203 -0.006990431807935238
v 0.010792669840157032 0.007262587081640959 -0.00750648882240057
v 0.011092119850218296 0.007544158957898617 -0.007292509078979492
v 0.010792669840157032 0.007262587081640959 0.00750648882240057
v 0.011092119850218296 0.007324217818677425 0.006877481006085873
v 0.011092119850218296 0.007544158957898617 0.007292509078979492
v 0.010792669840157032 0.0076866140589118 0.007908225059509277
v 0.010792669840157032 0.007262587081640959 0.00750648882240057
v 0.011092119850218296 0.007544158957898617 0.007292509078979492
v 0.011092119850218296 0.007248221896588802 -0.00641399621963501
v 0.011057429946959019 0.007207213900983334 -0.00641399621963501
v 0.011092119850218296 0.007324217818677425 -0.006877481006085873
v 0.011057429946959019 0.007207213900983334 -0.00641399621963501
v 0.010792669840157032 0.006989002227783203 -0.006990431807935238
v 0.011092119850218296 0.007324217818677425 -0.006877481006085873
v 0.010792669840157032 0.006989002227783203 0.006990431807935238
v 0.011057429946959019 0.007207213900983334 0.00641399621963501
v 0.011092119850218296 0.007324217818677425 0.006877481006085873
v 0.011057429946959019 0.007207213900983334 0.00641399621963501
v 0.011092119850218296 0.007248221896588802 0.00641399621963501
v 0.011092119850218296 0.007324217818677425 0.006877481006085873
v 0.010792669840157032 0.007262587081640959 0.00750648882240057
v 0.010792669840157032 0.006989002227783203 0.006990431807935238
v 0.011092119850218296 0.007324217818677425 0.006877481006085873
v 0.011092119850218296 0.007248221896588802 0.00641399621963501
v 0.011057429946959019 0.007207213900983334 -0.00641399621963501
v 0.011092119850218296 0.007248221896588802 -0.00641399621963501
v 0.011057429946959019 0.007207213900983334 0.00641399621963501
v 0.011057429946959019 0.007207213900983334 -0.00641399621963501
v 0.011092119850218296 0.007248221896588802 0.00641399621963501
v 0.010567660443484783 0.02039998024702072 -0.008006571792066097
v 0.010907820425927639 0.03130120038986206 -0.007407903205603361
v 0.011072570458054543 0.02039998024702072 -0.006921947002410889
v 0.010907820425927639 0.03130120038986206 -0.007407903205603361
v 0.010944539681077003 0.031301140785217285 -0.007292925845831633
v 0.011072570458054543 0.02039998024702072 -0.006921947002410889
v 0.010944539681077003 0.031301140785217285 -0.007292925845831633
v 0.011063629761338234 0.03130095824599266 -0.006919621955603361
v 0.011072570458054543 0.02039998024702072 -0.006921947002410889
v 0.011060169897973537 0.03130071982741356 0.006919025909155607
v 0.010952940210700035 0.03130095824599266 0.007293045055121183
v 0.011072570458054543 0.02039998024702072 0.006921947002410889
v 0.010952940210700035 0.03130095824599266 0.007293045055121183
v 0.010950200259685516 0.03130095824599266 0.007302581798285246
v 0.011072570458054543 0.02039998024702072 0.006921947002410889
v 0.010950200259685516 0.03130095824599266 0.007302581798285246
v 0.010567660443484783 0.02039998024702072 0.008006571792066097
v 0.011072570458054543 0.02039998024702072 0.006921947002410889
v 0.010944539681077003 0.031301140785217285 -0.007292925845831633
v 0.010678700171411037 0.03453689068555832 -0.00707554817199707
v 0.011063629761338234 0.03130095824599266 -0.006919621955603361
v 0.010689309798181057 0.03629999980330467 0.0065195560455322266
v 0.010557410307228565 0.03629999980330467 0.007057845126837492
v 0.011060169897973537 0.03130071982741356 0.006919025909155607
v 0.010557410307228565 0.03629999980330467 0.007057845126837492
v 0.010952940210700035 0.03130095824599266 0.007293045055121183
v 0.011060169897973537 0.03130071982741356 0.006919025909155607
v 0.011057429946959019 0.007207213900983334 0.00641399621963501
v 0.010792669840157032 0.006894527934491634 -0.00641399621963501
v 0.011057429946959019 0.007207213900983334 -0.00641399621963501
v 0.010792669840157032 0.006894527934491634 -0.00641399621963501
v 0.010792669840157032 0.006989002227783203 -0.006990431807935238
v 0.011057429946959019 0.007207213900983334 -0.00641399621963501
v 0.010792669840157032 0.006894527934491634 0.00641399621963501
v 0.010792669840157032 0.006894527934491634 -0.00641399621963501
v 0.011057429946959019 0.007207213900983334 0.00641399621963501
v 0.010792669840157032 0.006989002227783203 0.006990431807935238
v 0.010792669840157032 0.006894527934491634 0.00641399621963501
v 0.011057429946959019 0.007207213900983334 0.00641399621963501
v 0.010562590323388577 0.02039998024702072 0.00801157858222723
v 0.010897389613091946 0.019375620409846306 0.009196816943585873
v 0.011000449769198895 0.019372519105672836 0.009099303744733334
v 0.010557410307228565 0.03629999980330467 0.007057845126837492
v 0.01050471980124712 0.03629999980330467 0.007168172858655453
v 0.010952940210700035 0.03130095824599266 0.007293045055121183
v 0.01050471980124712 0.03629999980330467 0.007168172858655453
v 0.010950200259685516 0.03130095824599266 0.007302581798285246
v 0.010952940210700035 0.03130095824599266 0.007293045055121183
v 0.010625770315527916 0.03130054101347923 0.007917284034192562
v 0.010567660443484783 0.02039998024702072 0.008006571792066097
v 0.010950200259685516 0.03130095824599266 0.007302581798285246
v 0.01050471980124712 0.03629999980330467 0.007168172858655453
v 0.010249069891870022 0.03629999980330467 0.007703125011175871
v 0.010950200259685516 0.03130095824599266 0.007302581798285246
v 0.010249069891870022 0.03629999980330467 0.007703125011175871
v 0.010625770315527916 0.03130054101347923 0.007917284034192562
v 0.010950200259685516 0.03130095824599266 0.007302581798285246
v 0.010907820425927639 0.03130120038986206 -0.007407903205603361
v 0.010678700171411037 0.03453689068555832 -0.00707554817199707
v 0.010944539681077003 0.031301140785217285 -0.007292925845831633
v 0.010916760191321373 0.034609608352184296 -0.005782424937933683
v 0.010582979768514633 0.0380166694521904 -0.001211642986163497
v 0.010930649936199188 0.034447431564331055 -0.005793333053588867
v 0.010582979768514633 0.0380166694521904 -0.001211642986163497
v 0.010643480345606804 0.037454478442668915 -0.0008652429096400738
v 0.010930649936199188 0.034447431564331055 -0.005793333053588867
v 0.010868540033698082 0.03449732065200806 -0.0064293742179870605
v 0.010916760191321373 0.034609608352184296 -0.005782424937933683
v 0.010930649936199188 0.034447431564331055 -0.005793333053588867
v 0.01060365978628397 0.03776298835873604 -0.005449711810797453
v 0.010554670356214046 0.03826737031340599 -0.001297891023568809
v 0.010916760191321373 0.034609608352184296 -0.005782424937933683
v 0.010554670356214046 0.03826737031340599 -0.001297891023568809
v 0.010582979768514633 0.0380166694521904 -0.001211642986163497
v 0.010916760191321373 0.034609608352184296 -0.005782424937933683
v 0.010868540033698082 0.03449732065200806 -0.0064293742179870605
v 0.01060365978628397 0.03776298835873604 -0.005449711810797453
v 0.010916760191321373 0.034609608352184296 -0.005782424937933683
v 0.010567660443484783 0.02039998024702072 -0.008006571792066097
v 0.010621479712426662 0.031300660222768784 -0.00791621208190918
v 0.010907820425927639 0.03130120038986206 -0.007407903205603361
v 0.010353440418839455 0.03456233814358711 -0.007697640918195248
v 0.010678700171411037 0.03453689068555832 -0.00707554817199707
v 0.010907820425927639 0.03130120038986206 -0.007407903205603361
v 0.010621479712426662 0.031300660222768784 -0.00791621208190918
v 0.010353440418839455 0.03456233814358711 -0.007697640918195248
v 0.010907820425927639 0.03130120038986206 -0.007407903205603361
v 0.010708569549024105 0.01938902959227562 -0.009361027739942074
v 0.010562590323388577 0.02039998024702072 -0.00801157858222723
v 0.01090347021818161 0.019372759386897087 -0.009195566177368164
v 0.010891970247030258 0.011229930445551872 -0.009188114665448666
v 0.010792669840157032 0.011229930445551872 -0.009305416606366634
v 0.01090347021818161 0.019372759386897087 -0.009195566177368164
v 0.010792669840157032 0.011229930445551872 -0.009305416606366634
v 0.010708569549024105 0.01938902959227562 -0.009361027739942074
v 0.01090347021818161 0.019372759386897087 -0.009195566177368164
v 0.010754159651696682 0.01937996968626976 0.009332357905805111
v 0.010792669840157032 0.011229930445551872 0.009305416606366634
v 0.010897389613091946 0.019375620409846306 0.009196816943585873
v 0.010792669840157032 0.011229930445551872 0.009305416606366634
v 0.010888930410146713 0.011229930445551872 0.009191690944135189
v 0.010897389613091946 0.019375620409846306 0.009196816943585873
v 0.010540899820625782 0.019446730613708496 0.009426236152648926
v 0.010754159651696682 0.01937996968626976 0.009332357905805111
v 0.010897389613091946 0.019375620409846306 0.009196816943585873
v 0.010562590323388577 0.02039998024702072 0.00801157858222723
v 0.010540899820625782 0.019446730613708496 0.009426236152648926
v 0.010897389613091946 0.019375620409846306 0.009196816943585873
v 0.010792669840157032 0.010473480448126793 -0.009201467037200928
v 0.010792669840157032 0.011229930445551872 -0.009305416606366634
v 0.010891970247030258 0.011229930445551872 -0.009188114665448666
v 0.010792669840157032 0.011229930445551872 0.009305416606366634
v 0.010792669840157032 0.010473480448126793 0.009201467037200928
v 0.010888930410146713 0.011229930445551872 0.009191690944135189
v 0.01054507028311491 0.037833210080862045 -0.006085813045501709
v 0.01060365978628397 0.03776298835873604 -0.005449711810797453
v 0.010868540033698082 0.03449732065200806 -0.0064293742179870605
v 0.010353379882872105 0.03788994997739792 -0.006727932952344418
v 0.01054507028311491 0.037833210080862045 -0.006085813045501709
v 0.010868540033698082 0.03449732065200806 -0.0064293742179870605
v 0.010678700171411037 0.03453689068555832 -0.00707554817199707
v 0.010353379882872105 0.03788994997739792 -0.006727932952344418
v 0.010868540033698082 0.03449732065200806 -0.0064293742179870605
v 0.010538450442254543 0.011229930445551872 -0.009415148757398129
v 0.010708569549024105 0.01938902959227562 -0.009361027739942074
v 0.010792669840157032 0.011229930445551872 -0.009305416606366634
v 0.010792669840157032 0.010473480448126793 -0.009201467037200928
v 0.010538450442254543 0.011229930445551872 -0.009415148757398129
v 0.010792669840157032 0.011229930445551872 -0.009305416606366634
v 0.010754159651696682 0.01937996968626976 0.009332357905805111
v 0.010536490008234978 0.011229930445551872 0.009415984153747559
v 0.010792669840157032 0.011229930445551872 0.009305416606366634
v 0.010536490008234978 0.011229930445551872 0.009415984153747559
v 0.010792669840157032 0.010473480448126793 0.009201467037200928
v 0.010792669840157032 0.011229930445551872 0.009305416606366634
v 0.010379609651863575 0.008952677249908447 -0.008829355239868164
v 0.010379609651863575 0.010425440035760403 -0.009373188018798828
v 0.010792669840157032 0.010473480448126793 -0.009201467037200928
v 0.010792669840157032 0.00902771856635809 -0.008667588233947754
v 0.010379609651863575 0.008952677249908447 -0.008829355239868164
v 0.010792669840157032 0.010473480448126793 -0.009201467037200928
v 0.010379609651863575 0.010425440035760403 -0.009373188018798828
v 0.010538450442254543 0.011229930445551872 -0.009415148757398129
v 0.010792669840157032 0.010473480448126793 -0.009201467037200928
v 0.010379609651863575 0.010425440035760403 0.009373188018798828
v 0.010792669840157032 0.00902771856635809 0.008667588233947754
v 0.010792669840157032 0.010473480448126793 0.009201467037200928
v 0.010536490008234978 0.011229930445551872 0.009415984153747559
v 0.010379609651863575 0.010425440035760403 0.009373188018798828
v 0.010792669840157032 0.010473480448126793 0.009201467037200928
v 0.010792669840157032 0.0076866140589118 -0.007908225059509277
v 0.010379609651863575 0.0075865378603339195 -0.008055806159973145
v 0.010792669840157032 0.00902771856635809 -0.008667588233947754
v 0.010379609651863575 0.0075865378603339195 -0.008055806159973145
v 0.010379609651863575 0.008952677249908447 -0.008829355239868164
v 0.010792669840157032 0.00902771856635809 -0.008667588233947754
v 0.010379609651863575 0.008952677249908447 0.008829355239868164
v 0.010792669840157032 0.0076866140589118 0.007908225059509277
v 0.010792669840157032 0.00902771856635809 0.008667588233947754
v 0.010379609651863575 0.010425440035760403 0.009373188018798828
v 0.010379609651863575 0.008952677249908447 0.008829355239868164
v 0.010792669840157032 0.00902771856635809 0.008667588233947754
v 0.010792669840157032 0.007262587081640959 -0.00750648882240057
v 0.010379609651863575 0.007120608817785978 -0.0076143741607666016
v 0.010792669840157032 0.0076866140589118 -0.007908225059509277
v 0.010379609651863575 0.007120608817785978 -0.0076143741607666016
v 0.010379609651863575 0.0075865378603339195 -0.008055806159973145
v 0.010792669840157032 0.0076866140589118 -0.007908225059509277
v 0.010379609651863575 0.008952677249908447 0.008829355239868164
v 0.010379609651863575 0.0075865378603339195 0.008055806159973145
v 0.010792669840157032 0.0076866140589118 0.007908225059509277
v 0.010379609651863575 0.0075865378603339195 0.008055806159973145
v 0.010792669840157032 0.007262587081640959 0.00750648882240057
v 0.010792669840157032 0.0076866140589118 0.007908225059509277
v 0.010792669840157032 0.006989002227783203 -0.006990431807935238
v 0.010379609651863575 0.006820023059844971 -0.0070473551750183105
v 0.010792669840157032 0.007262587081640959 -0.00750648882240057
v 0.010379609651863575 0.006820023059844971 -0.0070473551750183105
v 0.010379609651863575 0.007120608817785978 -0.0076143741607666016
v 0.010792669840157032 0.007262587081640959 -0.00750648882240057
v 0.010379609651863575 0.007120608817785978 0.0076143741607666016
v 0.010792669840157032 0.006989002227783203 0.006990431807935238
v 0.010792669840157032 0.007262587081640959 0.00750648882240057
v 0.010379609651863575 0.0075865378603339195 0.008055806159973145
v 0.010379609651863575 0.007120608817785978 0.0076143741607666016
v 0.010792669840157032 0.007262587081640959 0.00750648882240057
v 0.010792669840157032 0.006894527934491634 -0.00641399621963501
v 0.010692469775676727 0.0068513150326907635 -0.00641399621963501
v 0.010792669840157032 0.006989002227783203 -0.006990431807935238
v 0.010692469775676727 0.0068513150326907635 -0.00641399621963501
v 0.010379609651863575 0.006820023059844971 -0.0070473551750183105
v 0.010792669840157032 0.006989002227783203 -0.006990431807935238
v 0.010379609651863575 0.006820023059844971 0.0070473551750183105
v 0.010692469775676727 0.0068513150326907635 0.00641399621963501
v 0.010792669840157032 0.006989002227783203 0.006990431807935238
v 0.010692469775676727 0.0068513150326907635 0.00641399621963501
v 0.010792669840157032 0.006894527934491634 0.00641399621963501
v 0.010792669840157032 0.006989002227783203 0.006990431807935238
v 0.010379609651863575 0.007120608817785978 0.0076143741607666016
v 0.010379609651863575 0.006820023059844971 0.0070473551750183105
v 0.010792669840157032 0.006989002227783203 0.006990431807935238
v 0.010792669840157032 0.006894527934491634 0.00641399621963501
v 0.010692469775676727 0.0068513150326907635 -0.00641399621963501
v 0.010792669840157032 0.006894527934491634 -0.00641399621963501
v 0.010692469775676727 0.0068513150326907635 0.00641399621963501
v 0.010692469775676727 0.0068513150326907635 -0.00641399621963501
v 0.010792669840157032 0.006894527934491634 0.00641399621963501
v 0.01075994037091732 0.03630197048187256 0.0013900389894843102
v -0.010760120116174221 0.03629999980330467 0.0014999499544501305
v 0.010760120116174221 0.03629999980330467 0.0014999499544501305
v -0.010760120116174221 0.03629999980330467 0.005886672995984554
v 0.010760120116174221 0.03629999980330467 0.005886672995984554
v 0.010760120116174221 0.03629999980330467 0.0014999499544501305
v -0.010760120116174221 0.03629999980330467 0.0014999499544501305
v -0.010760120116174221 0.03629999980330467 0.005886672995984554
v 0.010760120116174221 0.03629999980330467 0.0014999499544501305
v -0.01069492008537054 0.03629999980330467 0.0065218801610171795
v 0.010727220214903355 0.03629999980330467 0.0063650598749518394
v 0.010760120116174221 0.03629999980330467 0.005886672995984554
v -0.010760120116174221 0.03629999980330467 0.005886672995984554
v -0.01069492008537054 0.03629999980330467 0.0065218801610171795
v 0.010760120116174221 0.03629999980330467 0.005886672995984554
v 0.010751360096037388 0.036390360444784164 0.000769910984672606
v -0.010760120116174221 0.03629999980330467 0.0014999499544501305
v 0.01075994037091732 0.03630197048187256 0.0013900389894843102
v 0.010540899820625782 0.019446730613708496 0.009426236152648926
v 0.010536490008234978 0.011229930445551872 0.009415984153747559
v 0.010754159651696682 0.01937996968626976 0.009332357905805111
v -0.010753089562058449 0.036372359842061996 0.0008448539301753044
v -0.010760120116174221 0.03629999980330467 0.0014999499544501305
v 0.010751360096037388 0.036390360444784164 0.000769910984672606
v 0.010740280151367188 0.03650254011154175 0.00046801698044873774
v -0.010753089562058449 0.036372359842061996 0.0008448539301753044
v 0.010751360096037388 0.036390360444784164 0.000769910984672606
v 0.01072871033102274 0.036620430648326874 0.00015088099462445825
v -0.010731990449130535 0.036586761474609375 0.0002199789887527004
v 0.010740280151367188 0.03650254011154175 0.00046801698044873774
v -0.010731990449130535 0.036586761474609375 0.0002199789887527004
v -0.010740330442786217 0.03650188073515892 0.0004673029761761427
v 0.010740280151367188 0.03650254011154175 0.00046801698044873774
v -0.010740330442786217 0.03650188073515892 0.0004673029761761427
v -0.010753089562058449 0.036372359842061996 0.0008448539301753044
v 0.010740280151367188 0.03650254011154175 0.00046801698044873774
v 0.010692530311644077 0.036980558186769485 -0.00040277899825014174
v -0.010697539895772934 0.036930911242961884 -0.00034061697078868747
v 0.01072871033102274 0.036620430648326874 0.00015088099462445825
v -0.010697539895772934 0.036930911242961884 -0.00034061697078868747
v -0.010731990449130535 0.036586761474609375 0.0002199789887527004
v 0.01072871033102274 0.036620430648326874 0.00015088099462445825
v -0.01069492008537054 0.03629999980330467 0.0065218801610171795
v 0.010689309798181057 0.03629999980330467 0.0065195560455322266
v 0.010727220214903355 0.03629999980330467 0.0063650598749518394
v 0.010544000193476677 0.019443919882178307 -0.00942760705947876
v 0.010562590323388577 0.02039998024702072 -0.00801157858222723
v 0.010708569549024105 0.01938902959227562 -0.009361027739942074
v 0.010538450442254543 0.011229930445551872 -0.009415148757398129
v 0.010544000193476677 0.019443919882178307 -0.00942760705947876
v 0.010708569549024105 0.01938902959227562 -0.009361027739942074
v 0.010670719668269157 0.03719127178192139 -0.0006083910120651126
v -0.010670719668269157 0.03719145059585571 -0.0006088699446991086
v 0.010692530311644077 0.036980558186769485 -0.00040277899825014174
v -0.010670719668269157 0.03719145059585571 -0.0006088699446991086
v -0.010697539895772934 0.036930911242961884 -0.00034061697078868747
v 0.010692530311644077 0.036980558186769485 -0.00040277899825014174
v 0.010692469775676727 0.0068513150326907635 0.00641399621963501
v 0.010379609651863575 0.006716250907629728 -0.00641399621963501
v 0.010692469775676727 0.0068513150326907635 -0.00641399621963501
v 0.010379609651863575 0.006716250907629728 -0.00641399621963501
v 0.010379609651863575 0.006820023059844971 -0.0070473551750183105
v 0.010692469775676727 0.0068513150326907635 -0.00641399621963501
v 0.010379609651863575 0.006716250907629728 0.00641399621963501
v 0.010379609651863575 0.006716250907629728 -0.00641399621963501
v 0.010692469775676727 0.0068513150326907635 0.00641399621963501
v 0.010379609651863575 0.006820023059844971 0.0070473551750183105
v 0.010379609651863575 0.006716250907629728 0.00641399621963501
v 0.010692469775676727 0.0068513150326907635 0.00641399621963501
v -0.01069492008537054 0.03629999980330467 0.0065218801610171795
v 0.010557410307228565 0.03629999980330467 0.007057845126837492
v 0.010689309798181057 0.03629999980330467 0.0065195560455322266
v 0.010027579963207245 0.03792934864759445 -0.0073462119325995445
v 0.010353379882872105 0.03788994997739792 -0.006727932952344418
v 0.010678700171411037 0.03453689068555832 -0.00707554817199707
v 0.010353440418839455 0.03456233814358711 -0.007697640918195248
v 0.010027579963207245 0.03792934864759445 -0.0073462119325995445
v 0.010678700171411037 0.03453689068555832 -0.00707554817199707
v 0.010643480345606804 0.037454478442668915 -0.0008652429096400738
v -0.010650149546563625 0.037390999495983124 -0.0008143119630403817
v 0.010670719668269157 0.03719127178192139 -0.0006083910120651126
v -0.010650149546563625 0.037390999495983124 -0.0008143119630403817
v -0.010670719668269157 0.03719145059585571 -0.0006088699446991086
v 0.010670719668269157 0.03719127178192139 -0.0006083910120651126
v 0.010582979768514633 0.0380166694521904 -0.001211642986163497
v -0.010591140016913414 0.03794180974364281 -0.00117498601321131
v 0.010643480345606804 0.037454478442668915 -0.0008652429096400738
v -0.010591140016913414 0.03794180974364281 -0.00117498601321131
v -0.010650149546563625 0.037390999495983124 -0.0008143119630403817
v 0.010643480345606804 0.037454478442668915 -0.0008652429096400738
v 0.010609379969537258 0.03130054101347923 0.007948397658765316
v 0.010567660443484783 0.02039998024702072 0.008006571792066097
v 0.010625770315527916 0.03130054101347923 0.007917284034192562
v 0.010249069891870022 0.03629999980330467 0.007703125011175871
v 0.010181419551372528 0.03629999980330467 0.007792055141180754
v 0.010625770315527916 0.03130054101347923 0.007917284034192562
v 0.010181419551372528 0.03629999980330467 0.007792055141180754
v 0.010609379969537258 0.03130054101347923 0.007948397658765316
v 0.010625770315527916 0.03130054101347923 0.007917284034192562
v 0.010567660443484783 0.02039998024702072 -0.008006571792066097
v 0.0105663500726223 0.03130054101347923 -0.008014081977307796
v 0.010621479712426662 0.031300660222768784 -0.00791621208190918
v 0.0105663500726223 0.03130054101347923 -0.008014081977307796
v 0.010353440418839455 0.03456233814358711 -0.007697640918195248
v 0.010621479712426662 0.031300660222768784 -0.00791621208190918
v 0.010562590323388577 0.02039998024702072 0.00801157858222723
v 0.010567660443484783 0.02039998024702072 0.008006571792066097
v 0.010609379969537258 0.03130054101347923 0.007948397658765316
v 0.010559320449829102 0.03130048140883446 0.008009015582501888
v 0.010562590323388577 0.02039998024702072 0.00801157858222723
v 0.010609379969537258 0.03130054101347923 0.007948397658765316
v 0.010181419551372528 0.03629999980330467 0.007792055141180754
v 0.010559320449829102 0.03130048140883446 0.008009015582501888
v 0.010609379969537258 0.03130054101347923 0.007948397658765316
v 0.010542799718677998 0.03837651014328003 -0.005384981166571379
v 0.010512229986488819 0.03864340856671333 -0.0014272329863160849
v 0.01060365978628397 0.03776298835873604 -0.005449711810797453
v 0.010512229986488819 0.03864340856671333 -0.0014272329863160849
v 0.010554670356214046 0.03826737031340599 -0.001297891023568809
v 0.01060365978628397 0.03776298835873604 -0.005449711810797453
v 0.01054507028311491 0.037833210080862045 -0.006085813045501709
v 0.010542799718677998 0.03837651014328003 -0.005384981166571379
v 0.01060365978628397 0.03776298835873604 -0.005449711810797453
v 0.010554670356214046 0.03826737031340599 -0.001297891023568809
v -0.010554609820246696 0.03826801851391792 -0.0012975330464541912
v 0.010582979768514633 0.0380166694521904 -0.001211642986163497
v -0.010554609820246696 0.03826801851391792 -0.0012975330464541912
v -0.010591140016913414 0.03794180974364281 -0.00117498601321131
v 0.010582979768514633 0.0380166694521904 -0.001211642986163497
v 0.010562590323388577 0.02039998024702072 -0.00801157858222723
v 0.0105663500726223 0.03130054101347923 -0.008014081977307796
v 0.010567660443484783 0.02039998024702072 -0.008006571792066097
v 0.010562590323388577 0.02039998024702072 -0.00801157858222723
v 0.01056343037635088 0.03130054101347923 -0.008019267581403255
v 0.0105663500726223 0.03130054101347923 -0.008014081977307796
v 0.01056343037635088 0.03130054101347923 -0.008019267581403255
v 0.010353440418839455 0.03456233814358711 -0.007697640918195248
v 0.0105663500726223 0.03130054101347923 -0.008014081977307796
v 0.010562590323388577 0.02039998024702072 -0.00801157858222723
v 0.010171649977564812 0.03130006045103073 -0.008474706672132015
v 0.01056343037635088 0.03130054101347923 -0.008019267581403255
v 0.010171649977564812 0.03130006045103073 -0.008474706672132015
v 0.00990056898444891 0.03457086905837059 -0.008253633044660091
v 0.01056343037635088 0.03130054101347923 -0.008019267581403255
v 0.00990056898444891 0.03457086905837059 -0.008253633044660091
v 0.010353440418839455 0.03456233814358711 -0.007697640918195248
v 0.01056343037635088 0.03130054101347923 -0.008019267581403255
v 0.009711623191833496 0.02039998024702072 -0.008862613700330257
v 0.010171649977564812 0.03130006045103073 -0.008474706672132015
v 0.010562590323388577 0.02039998024702072 -0.00801157858222723
v 0.010544000193476677 0.019443919882178307 -0.00942760705947876
v 0.009711623191833496 0.02039998024702072 -0.008862613700330257
v 0.010562590323388577 0.02039998024702072 -0.00801157858222723
v 0.010439690202474594 0.019478440284729004 0.009470820426940918
v 0.010540899820625782 0.019446730613708496 0.009426236152648926
v 0.010562590323388577 0.02039998024702072 0.00801157858222723
v 0.009711623191833496 0.02039998024702072 0.008862613700330257
v 0.010439690202474594 0.019478440284729004 0.009470820426940918
v 0.010562590323388577 0.02039998024702072 0.00801157858222723
v 0.01017284020781517 0.031300000846385956 0.008476375602185726
v 0.009711623191833496 0.02039998024702072 0.008862613700330257
v 0.010562590323388577 0.02039998024702072 0.00801157858222723
v 0.010559320449829102 0.03130048140883446 0.008009015582501888
v 0.01017284020781517 0.031300000846385956 0.008476375602185726
v 0.010562590323388577 0.02039998024702072 0.00801157858222723
v 0.010181419551372528 0.03629999980330467 0.007792055141180754
v 0.01017284020781517 0.031300000846385956 0.008476375602185726
v 0.010559320449829102 0.03130048140883446 0.008009015582501888
v -0.01069492008537054 0.03629999980330467 0.0065218801610171795
v 0.01050471980124712 0.03629999980330467 0.007168172858655453
v 0.010557410307228565 0.03629999980330467 0.007057845126837492
v 0.010512229986488819 0.03864340856671333 -0.0014272329863160849
v -0.010554609820246696 0.03826801851391792 -0.0012975330464541912
v 0.010554670356214046 0.03826737031340599 -0.001297891023568809
v 0.010493090376257896 0.03875774145126343 -0.005335092078894377
v 0.010542799718677998 0.03837651014328003 -0.005384981166571379
v 0.01054507028311491 0.037833210080862045 -0.006085813045501709
v 0.010185180231928825 0.04111963137984276 -0.005026041995733976
v 0.010493090376257896 0.03875774145126343 -0.005335092078894377
v 0.01054507028311491 0.037833210080862045 -0.006085813045501709
v 0.010121759958565235 0.04120134934782982 -0.005648612044751644
v 0.010185180231928825 0.04111963137984276 -0.005026041995733976
v 0.01054507028311491 0.037833210080862045 -0.006085813045501709
v 0.009927630424499512 0.04126625880599022 -0.006285727024078369
v 0.010121759958565235 0.04120134934782982 -0.005648612044751644
v 0.01054507028311491 0.037833210080862045 -0.006085813045501709
v 0.010353379882872105 0.03788994997739792 -0.006727932952344418
v 0.009927630424499512 0.04126625880599022 -0.006285727024078369
v 0.01054507028311491 0.037833210080862045 -0.006085813045501709
v 0.010432769544422626 0.019480999559164047 -0.00947254803031683
v 0.009711623191833496 0.02039998024702072 -0.008862613700330257
v 0.010544000193476677 0.019443919882178307 -0.00942760705947876
v 0.010538450442254543 0.011229930445551872 -0.009415148757398129
v 0.010379609651863575 0.011229930445551872 -0.009483695030212402
v 0.010544000193476677 0.019443919882178307 -0.00942760705947876
v 0.010379609651863575 0.011229930445551872 -0.009483695030212402
v 0.010432769544422626 0.019480999559164047 -0.00947254803031683
v 0.010544000193476677 0.019443919882178307 -0.00942760705947876
v 0.010493090376257896 0.03875774145126343 -0.005335092078894377
v 0.010498519986867905 0.038758449256420135 -0.001439988031052053
v 0.010542799718677998 0.03837651014328003 -0.005384981166571379
v 0.010498519986867905 0.038758449256420135 -0.001439988031052053
v 0.010512229986488819 0.03864340856671333 -0.0014272329863160849
v 0.010542799718677998 0.03837651014328003 -0.005384981166571379
v 0.010439690202474594 0.019478440284729004 0.009470820426940918
v 0.010379609651863575 0.011229930445551872 0.009483695030212402
v 0.010540899820625782 0.019446730613708496 0.009426236152648926
v 0.010379609651863575 0.011229930445551872 0.009483695030212402
v 0.010536490008234978 0.011229930445551872 0.009415984153747559
v 0.010540899820625782 0.019446730613708496 0.009426236152648926
v 0.010379609651863575 0.010425440035760403 -0.009373188018798828
v 0.010379609651863575 0.011229930445551872 -0.009483695030212402
v 0.010538450442254543 0.011229930445551872 -0.009415148757398129
v 0.010379609651863575 0.011229930445551872 0.009483695030212402
v 0.010379609651863575 0.010425440035760403 0.009373188018798828
v 0.010536490008234978 0.011229930445551872 0.009415984153747559
v 0.010498519986867905 0.038758449256420135 -0.001439988031052053
v -0.010554609820246696 0.03826801851391792 -0.0012975330464541912
v 0.010512229986488819 0.03864340856671333 -0.0014272329863160849
v -0.01069492008537054 0.03629999980330467 0.0065218801610171795
v 0.010249069891870022 0.03629999980330467 0.007703125011175871
v 0.01050471980124712 0.03629999980330467 0.007168172858655453
v 0.010493090376257896 0.03875774145126343 -0.005335092078894377
v 0.010433970019221306 0.03929996117949486 -0.0014999499544501305
v 0.010498519986867905 0.038758449256420135 -0.001439988031052053
v 0.010433970019221306 0.03929996117949486 -0.0014999499544501305
v -0.010433970019221306 0.03929996117949486 -0.0014999499544501305
v 0.010498519986867905 0.038758449256420135 -0.001439988031052053
v -0.010433970019221306 0.03929996117949486 -0.0014999499544501305
v -0.010448570363223553 0.0391802117228508 -0.0014975660014897585
v 0.010498519986867905 0.038758449256420135 -0.001439988031052053
v -0.010521819815039635 0.03856002911925316 -0.0014073250349611044
v -0.010554609820246696 0.03826801851391792 -0.0012975330464541912
v 0.010498519986867905 0.038758449256420135 -0.001439988031052053
v -0.010448570363223553 0.0391802117228508 -0.0014975660014897585
v -0.010521819815039635 0.03856002911925316 -0.0014073250349611044
v 0.010498519986867905 0.038758449256420135 -0.001439988031052053
v 0.010185180231928825 0.04111963137984276 -0.005026041995733976
v 0.010433970019221306 0.03929996117949486 -0.0014999499544501305
v 0.010493090376257896 0.03875774145126343 -0.005335092078894377
v 0.010199960321187973 0.019598839804530144 0.009499967098236084
v 0.010199960321187973 0.011229930445551872 0.009499967098236084
v 0.010439690202474594 0.019478440284729004 0.009470820426940918
v 0.010199960321187973 0.011229930445551872 0.009499967098236084
v 0.010379609651863575 0.011229930445551872 0.009483695030212402
v 0.010439690202474594 0.019478440284729004 0.009470820426940918
v 0.009711623191833496 0.02039998024702072 0.008862613700330257
v 0.010199960321187973 0.019598839804530144 0.009499967098236084
v 0.010439690202474594 0.019478440284729004 0.009470820426940918
v 0.010138689540326595 0.041476719081401825 -0.00497931195423007
v 0.009823142550885677 0.043391820043325424 -0.0014999499544501305
v 0.010433970019221306 0.03929996117949486 -0.0014999499544501305
v 0.010185180231928825 0.04111963137984276 -0.005026041995733976
v 0.010138689540326595 0.041476719081401825 -0.00497931195423007
v 0.010433970019221306 0.03929996117949486 -0.0014999499544501305
v -0.006672321818768978 0.0501784011721611 -0.0014999499544501305
v -0.007225512992590666 0.04983251914381981 -0.0014999499544501305
v 0.010433970019221306 0.03929996117949486 -0.0014999499544501305
v -0.007225512992590666 0.04983251914381981 -0.0014999499544501305
v -0.007237255107611418 0.04982179030776024 -0.0014999499544501305
v 0.010433970019221306 0.03929996117949486 -0.0014999499544501305
v -0.007237255107611418 0.04982179030776024 -0.0014999499544501305
v -0.007239520084112883 0.04981976002454758 -0.0014999499544501305
v 0.010433970019221306 0.03929996117949486 -0.0014999499544501305
v -0.00808018445968628 0.04894100874662399 -0.0014999499544501305
v -0.008186995051801205 0.04880565032362938 -0.0014999499544501305
v 0.010433970019221306 0.03929996117949486 -0.0014999499544501305
v -0.007239520084112883 0.04981976002454758 -0.0014999499544501305
v -0.00808018445968628 0.04894100874662399 -0.0014999499544501305
v 0.010433970019221306 0.03929996117949486 -0.0014999499544501305
v 0.008328676223754883 0.048582371324300766 -0.0014999499544501305
v 0.008074164390563965 0.04893571138381958 -0.0014999499544501305
v 0.010433970019221306 0.03929996117949486 -0.0014999499544501305
v 0.008074164390563965 0.04893571138381958 -0.0014999499544501305
v 0.007855474017560482 0.04923950880765915 -0.0014999499544501305
v 0.010433970019221306 0.03929996117949486 -0.0014999499544501305
v 0.007855474017560482 0.04923950880765915 -0.0014999499544501305
v 0.007262527011334896 0.049804091453552246 -0.0014999499544501305
v 0.010433970019221306 0.03929996117949486 -0.0014999499544501305
v 0.008338569663465023 0.04856187105178833 -0.0014999499544501305
v 0.008328676223754883 0.048582371324300766 -0.0014999499544501305
v 0.010433970019221306 0.03929996117949486 -0.0014999499544501305
v 0.009823142550885677 0.043391820043325424 -0.0014999499544501305
v 0.008338569663465023 0.04856187105178833 -0.0014999499544501305
v 0.010433970019221306 0.03929996117949486 -0.0014999499544501305
v 0.007262527011334896 0.049804091453552246 -0.0014999499544501305
v 0.0072456588968634605 0.049814868718385696 -0.0014999499544501305
v 0.010433970019221306 0.03929996117949486 -0.0014999499544501305
v 0.0072456588968634605 0.049814868718385696 -0.0014999499544501305
v 0.007237255107611418 0.0498201809823513 -0.0014999499544501305
v 0.010433970019221306 0.03929996117949486 -0.0014999499544501305
v 0.007237255107611418 0.0498201809823513 -0.0014999499544501305
v 0.006318091880530119 0.05031019076704979 -0.0014999499544501305
v 0.010433970019221306 0.03929996117949486 -0.0014999499544501305
v 0.006318091880530119 0.05031019076704979 -0.0014999499544501305
v 0.00605851411819458 0.05040818080306053 -0.0014999499544501305
v 0.010433970019221306 0.03929996117949486 -0.0014999499544501305
v 0.00605851411819458 0.05040818080306053 -0.0014999499544501305
v 0.005496323108673096 0.05047833174467087 -0.0014999499544501305
v 0.010433970019221306 0.03929996117949486 -0.0014999499544501305
v 0.005496323108673096 0.05047833174467087 -0.0014999499544501305
v -0.005496323108673096 0.05047833174467087 -0.0014999499544501305
v 0.010433970019221306 0.03929996117949486 -0.0014999499544501305
v -0.008186995051801205 0.04880565032362938 -0.0014999499544501305
v -0.008322536014020443 0.04856216162443161 -0.0014999499544501305
v 0.010433970019221306 0.03929996117949486 -0.0014999499544501305
v -0.008322536014020443 0.04856216162443161 -0.0014999499544501305
v -0.008580029010772705 0.04809945076704025 -0.0014999499544501305
v 0.010433970019221306 0.03929996117949486 -0.0014999499544501305
v -0.008580029010772705 0.04809945076704025 -0.0014999499544501305
v -0.008691847324371338 0.04782950133085251 -0.0014999499544501305
v 0.010433970019221306 0.03929996117949486 -0.0014999499544501305
v -0.008691847324371338 0.04782950133085251 -0.0014999499544501305
v -0.009414136409759521 0.045406460762023926 -0.0014999499544501305
v 0.010433970019221306 0.03929996117949486 -0.0014999499544501305
v -0.009414136409759521 0.045406460762023926 -0.0014999499544501305
v -0.010149350389838219 0.041405368596315384 -0.0014999499544501305
v 0.010433970019221306 0.03929996117949486 -0.0014999499544501305
v -0.010149350389838219 0.041405368596315384 -0.0014999499544501305
v -0.010433970019221306 0.03929996117949486 -0.0014999499544501305
v 0.010433970019221306 0.03929996117949486 -0.0014999499544501305
v -0.005496323108673096 0.05047833174467087 -0.0014999499544501305
v -0.006069660186767578 0.05040472000837326 -0.0014999499544501305
v 0.010433970019221306 0.03929996117949486 -0.0014999499544501305
v -0.006069660186767578 0.05040472000837326 -0.0014999499544501305
v -0.006317793857306242 0.05031149834394455 -0.0014999499544501305
v 0.010433970019221306 0.03929996117949486 -0.0014999499544501305
v -0.006317793857306242 0.05031149834394455 -0.0014999499544501305
v -0.006672321818768978 0.0501784011721611 -0.0014999499544501305
v 0.010433970019221306 0.03929996117949486 -0.0014999499544501305
v 0.010199960321187973 0.019598839804530144 -0.009499967098236084
v 0.009711623191833496 0.02039998024702072 -0.008862613700330257
v 0.010432769544422626 0.019480999559164047 -0.00947254803031683
v 0.010379609651863575 0.011229930445551872 -0.009483695030212402
v 0.010199960321187973 0.011229930445551872 -0.009499967098236084
v 0.010432769544422626 0.019480999559164047 -0.00947254803031683
v 0.010199960321187973 0.011229930445551872 -0.009499967098236084
v 0.010199960321187973 0.019598839804530144 -0.009499967098236084
v 0.010432769544422626 0.019480999559164047 -0.00947254803031683
v 0.010199960321187973 0.010421030223369598 -0.009388864040374756
v 0.010199960321187973 0.011229930445551872 -0.009499967098236084
v 0.010379609651863575 0.011229930445551872 -0.009483695030212402
v 0.010379609651863575 0.010425440035760403 -0.009373188018798828
v 0.010199960321187973 0.010421030223369598 -0.009388864040374756
v 0.010379609651863575 0.011229930445551872 -0.009483695030212402
v 0.010199960321187973 0.011229930445551872 0.009499967098236084
v 0.010379609651863575 0.010425440035760403 0.009373188018798828
v 0.010379609651863575 0.011229930445551872 0.009483695030212402
v 0.010199960321187973 0.008945821784436703 -0.008844076655805111
v 0.010199960321187973 0.010421030223369598 -0.009388864040374756
v 0.010379609651863575 0.010425440035760403 -0.009373188018798828
v 0.010379609651863575 0.008952677249908447 -0.008829355239868164
v 0.010199960321187973 0.008945821784436703 -0.008844076655805111
v 0.010379609651863575 0.010425440035760403 -0.009373188018798828
v 0.010199960321187973 0.010421030223369598 0.009388864040374756
v 0.010379609651863575 0.008952677249908447 0.008829355239868164
v 0.010379609651863575 0.010425440035760403 0.009373188018798828
v 0.010199960321187973 0.011229930445551872 0.009499967098236084
v 0.010199960321187973 0.010421030223369598 0.009388864040374756
v 0.010379609651863575 0.010425440035760403 0.009373188018798828
v 0.010379609651863575 0.0075865378603339195 -0.008055806159973145
v 0.010199960321187973 0.007577418815344572 -0.008069275878369808
v 0.010379609651863575 0.008952677249908447 -0.008829355239868164
v 0.010199960321187973 0.007577418815344572 -0.008069275878369808
v 0.010199960321187973 0.008945821784436703 -0.008844076655805111
v 0.010379609651863575 0.008952677249908447 -0.008829355239868164
v 0.010199960321187973 0.008945821784436703 0.008844076655805111
v 0.010379609651863575 0.0075865378603339195 0.008055806159973145
v 0.010379609651863575 0.008952677249908447 0.008829355239868164
v 0.010199960321187973 0.010421030223369598 0.009388864040374756
v 0.010199960321187973 0.008945821784436703 0.008844076655805111
v 0.010379609651863575 0.008952677249908447 0.008829355239868164
v 0.010379609651863575 0.007120608817785978 -0.0076143741607666016
v 0.010199960321187973 0.007107675075531006 -0.007624207995831966
v 0.010379609651863575 0.0075865378603339195 -0.008055806159973145
v 0.010199960321187973 0.007107675075531006 -0.007624207995831966
v 0.010199960321187973 0.007577418815344572 -0.008069275878369808
v 0.010379609651863575 0.0075865378603339195 -0.008055806159973145
v 0.010199960321187973 0.008945821784436703 0.008844076655805111
v 0.010199960321187973 0.007577418815344572 0.008069275878369808
v 0.010379609651863575 0.0075865378603339195 0.008055806159973145
v 0.010199960321187973 0.007577418815344572 0.008069275878369808
v 0.010379609651863575 0.007120608817785978 0.0076143741607666016
v 0.010379609651863575 0.0075865378603339195 0.008055806159973145
v 0.010379609651863575 0.006820023059844971 -0.0070473551750183105
v 0.010199960321187973 0.00680464506149292 -0.007052539847791195
v 0.010379609651863575 0.007120608817785978 -0.0076143741607666016
v 0.010199960321187973 0.00680464506149292 -0.007052539847791195
v 0.010199960321187973 0.006956160068511963 -0.007338404189795256
v 0.010379609651863575 0.007120608817785978 -0.0076143741607666016
v 0.010199960321187973 0.006956160068511963 -0.007338404189795256
v 0.010199960321187973 0.007107675075531006 -0.007624207995831966
v 0.010379609651863575 0.007120608817785978 -0.0076143741607666016
v 0.010199960321187973 0.007107675075531006 0.007624207995831966
v 0.010199960321187973 0.006956160068511963 0.007338404189795256
v 0.010379609651863575 0.007120608817785978 0.0076143741607666016
v 0.010199960321187973 0.007577418815344572 0.008069275878369808
v 0.010199960321187973 0.007107675075531006 0.007624207995831966
v 0.010379609651863575 0.007120608817785978 0.0076143741607666016
v 0.010199960321187973 0.006956160068511963 0.007338404189795256
v 0.010379609651863575 0.006820023059844971 0.0070473551750183105
v 0.010379609651863575 0.007120608817785978 0.0076143741607666016
v 0.010379609651863575 0.006716250907629728 -0.00641399621963501
v 0.010199960321187973 0.006699978839606047 -0.00641399621963501
v 0.010379609651863575 0.006820023059844971 -0.0070473551750183105
v 0.010199960321187973 0.006699978839606047 -0.00641399621963501
v 0.010199960321187973 0.00680464506149292 -0.007052539847791195
v 0.010379609651863575 0.006820023059844971 -0.0070473551750183105
v 0.010199960321187973 0.006956160068511963 0.007338404189795256
v 0.010199960321187973 0.00680464506149292 0.007052539847791195
v 0.010379609651863575 0.006820023059844971 0.0070473551750183105
v 0.010199960321187973 0.00680464506149292 0.007052539847791195
v 0.010379609651863575 0.006716250907629728 0.00641399621963501
v 0.010379609651863575 0.006820023059844971 0.0070473551750183105
v 0.010379609651863575 0.006716250907629728 0.00641399621963501
v 0.010199960321187973 0.006699978839606047 -0.00641399621963501
v 0.010379609651863575 0.006716250907629728 -0.00641399621963501
v 0.010199960321187973 0.006699978839606047 0.00641399621963501
v 0.010199960321187973 0.006699978839606047 -0.00641399621963501
v 0.010379609651863575 0.006716250907629728 0.00641399621963501
v 0.010199960321187973 0.00680464506149292 0.007052539847791195
v 0.010199960321187973 0.006699978839606047 0.00641399621963501
v 0.010379609651863575 0.006716250907629728 0.00641399621963501
v 0.009575544856488705 0.037947289645671844 -0.00789934303611517
v 0.010027579963207245 0.03792934864759445 -0.0073462119325995445
v 0.010353440418839455 0.03456233814358711 -0.007697640918195248
v 0.00990056898444891 0.03457086905837059 -0.008253633044660091
v 0.009575544856488705 0.037947289645671844 -0.00789934303611517
v 0.010353440418839455 0.03456233814358711 -0.007697640918195248
v 0.009601593017578125 0.04130864143371582 -0.006899415981024504
v 0.009927630424499512 0.04126625880599022 -0.006285727024078369
v 0.010353379882872105 0.03788994997739792 -0.006727932952344418
v 0.010027579963207245 0.03792934864759445 -0.0073462119325995445
v 0.009601593017578125 0.04130864143371582 -0.006899415981024504
v 0.010353379882872105 0.03788994997739792 -0.006727932952344418
v -0.01069492008537054 0.03629999980330467 0.0065218801610171795
v 0.010181419551372528 0.03629999980330467 0.007792055141180754
v 0.010249069891870022 0.03629999980330467 0.007703125011175871
v 0.009706555865705013 0.02039998024702072 -0.00886768102645874
v 0.009711623191833496 0.02039998024702072 -0.008862613700330257
v 0.010199960321187973 0.019598839804530144 -0.009499967098236084
v 0.010153289884328842 0.019621960818767548 -0.009499967098236084
v 0.009706555865705013 0.02039998024702072 -0.00886768102645874
v 0.010199960321187973 0.019598839804530144 -0.009499967098236084
v 0.010199960321187973 0.011229930445551872 -0.009499967098236084
v 0.010153289884328842 0.019621960818767548 -0.009499967098236084
v 0.010199960321187973 0.019598839804530144 -0.009499967098236084
v 0.009711623191833496 0.02039998024702072 0.008862613700330257
v 0.01014970988035202 0.01962720975279808 0.009499967098236084
v 0.010199960321187973 0.019598839804530144 0.009499967098236084
v 0.005099952220916748 0.011229930445551872 0.009499967098236084
v 0.010199960321187973 0.011229930445551872 0.009499967098236084
v 0.010199960321187973 0.019598839804530144 0.009499967098236084
v 0.01014970988035202 0.01962720975279808 0.009499967098236084
v 0.005099952220916748 0.011229930445551872 0.009499967098236084
v 0.010199960321187973 0.019598839804530144 0.009499967098236084
v 0.005099952220916748 0.011229930445551872 -0.009499967098236084
v 0.010153289884328842 0.019621960818767548 -0.009499967098236084
v 0.010199960321187973 0.011229930445551872 -0.009499967098236084
v 0.010199960321187973 0.010421030223369598 -0.009388864040374756
v 0.005558073054999113 0.010421030223369598 -0.009388864040374756
v 0.010199960321187973 0.011229930445551872 -0.009499967098236084
v 0.005558073054999113 0.010421030223369598 -0.009388864040374756
v 0.0054710498079657555 0.010579340159893036 -0.009428559802472591
v 0.010199960321187973 0.011229930445551872 -0.009499967098236084
v 0.0054710498079657555 0.010579340159893036 -0.009428559802472591
v 0.005445003043860197 0.010625000111758709 -0.009433566592633724
v 0.010199960321187973 0.011229930445551872 -0.009499967098236084
v 0.005445003043860197 0.010625000111758709 -0.009433566592633724
v 0.005099952220916748 0.011229930445551872 -0.009499967098236084
v 0.010199960321187973 0.011229930445551872 -0.009499967098236084
v 0.005441843997687101 0.010627860203385353 0.009425281547009945
v 0.010199960321187973 0.010421030223369598 0.009388864040374756
v 0.010199960321187973 0.011229930445551872 0.009499967098236084
v 0.00523066520690918 0.011003670282661915 0.009491384029388428
v 0.005441843997687101 0.010627860203385353 0.009425281547009945
v 0.010199960321187973 0.011229930445551872 0.009499967098236084
v 0.005099952220916748 0.011229930445551872 0.009499967098236084
v 0.00523066520690918 0.011003670282661915 0.009491384029388428
v 0.010199960321187973 0.011229930445551872 0.009499967098236084
v 0.005802690051496029 0.009834527038037777 -0.009201407432556152
v 0.005558073054999113 0.010421030223369598 -0.009388864040374756
v 0.010199960321187973 0.010421030223369598 -0.009388864040374756
v 0.010199960321187973 0.008945821784436703 -0.008844076655805111
v 0.006032644771039486 0.008983670733869076 -0.0088615408167243
v 0.010199960321187973 0.010421030223369598 -0.009388864040374756
v 0.006032644771039486 0.008983670733869076 -0.0088615408167243
v 0.005839346908032894 0.0097465505823493 -0.009173274040222168
v 0.010199960321187973 0.010421030223369598 -0.009388864040374756
v 0.005839346908032894 0.0097465505823493 -0.009173274040222168
v 0.005802690051496029 0.009834527038037777 -0.009201407432556152
v 0.010199960321187973 0.010421030223369598 -0.009388864040374756
v 0.0058044190518558025 0.009837149642407894 0.009203553199768066
v 0.0058272480964660645 0.009782910346984863 0.009186327457427979
v 0.010199960321187973 0.010421030223369598 0.009388864040374756
v 0.005558073054999113 0.010421030223369598 0.009388864040374756
v 0.0058044190518558025 0.009837149642407894 0.009203553199768066
v 0.010199960321187973 0.010421030223369598 0.009388864040374756
v 0.00602906895801425 0.008955894969403744 0.008843599818646908
v 0.010199960321187973 0.008945821784436703 0.008844076655805111
v 0.010199960321187973 0.010421030223369598 0.009388864040374756
v 0.006012796889990568 0.009088218212127686 0.00890880823135376
v 0.00602906895801425 0.008955894969403744 0.008843599818646908
v 0.010199960321187973 0.010421030223369598 0.009388864040374756
v 0.0058272480964660645 0.009782910346984863 0.009186327457427979
v 0.006012796889990568 0.009088218212127686 0.00890880823135376
v 0.010199960321187973 0.010421030223369598 0.009388864040374756
v 0.005441843997687101 0.010627860203385353 0.009425281547009945
v 0.005558073054999113 0.010421030223369598 0.009388864040374756
v 0.010199960321187973 0.010421030223369598 0.009388864040374756
v 0.010199960321187973 0.007577418815344572 -0.008069275878369808
v 0.006099998019635677 0.007577418815344572 -0.008069275878369808
v 0.010199960321187973 0.008945821784436703 -0.008844076655805111
v 0.006099998019635677 0.007577418815344572 -0.008069275878369808
v 0.006099998019635677 0.008273719809949398 -0.00849997904151678
v 0.010199960321187973 0.008945821784436703 -0.008844076655805111
v 0.006099998019635677 0.008273719809949398 -0.00849997904151678
v 0.006036161910742521 0.008946537040174007 -0.008842647075653076
v 0.010199960321187973 0.008945821784436703 -0.008844076655805111
v 0.006036161910742521 0.008946537040174007 -0.008842647075653076
v 0.006035565864294767 0.008953033946454525 -0.008845925331115723
v 0.010199960321187973 0.008945821784436703 -0.008844076655805111
v 0.006035565864294767 0.008953033946454525 -0.008845925331115723
v 0.006032644771039486 0.008983670733869076 -0.0088615408167243
v 0.010199960321187973 0.008945821784436703 -0.008844076655805111
v 0.00602906895801425 0.008955894969403744 0.008843599818646908
v 0.006030081771314144 0.008948028087615967 0.008839665912091732
v 0.010199960321187973 0.008945821784436703 0.008844076655805111
v 0.006099998019635677 0.008273719809949398 0.00849997904151678
v 0.010199960321187973 0.007577418815344572 0.008069275878369808
v 0.010199960321187973 0.008945821784436703 0.008844076655805111
v 0.006097673904150724 0.00839775800704956 0.008568464778363705
v 0.006099998019635677 0.008273719809949398 0.00849997904151678
v 0.010199960321187973 0.008945821784436703 0.008844076655805111
v 0.006030081771314144 0.008948028087615967 0.008839665912091732
v 0.006097673904150724 0.00839775800704956 0.008568464778363705
v 0.010199960321187973 0.008945821784436703 0.008844076655805111
v 0.010199960321187973 0.007107675075531006 -0.007624207995831966
v 0.006099998019635677 0.007577418815344572 -0.008069275878369808
v 0.010199960321187973 0.007577418815344572 -0.008069275878369808
v 0.006099998019635677 0.008273719809949398 0.00849997904151678
v 0.006099998019635677 0.007577418815344572 0.008069275878369808
v 0.010199960321187973 0.007577418815344572 0.008069275878369808
v 0.006099998019635677 0.007577418815344572 0.008069275878369808
v 0.010199960321187973 0.007107675075531006 0.007624207995831966
v 0.010199960321187973 0.007577418815344572 0.008069275878369808
v 0.006099998019635677 0.006932913791388273 -0.007350741885602474
v 0.006099998019635677 0.007577418815344572 -0.008069275878369808
v 0.010199960321187973 0.007107675075531006 -0.007624207995831966
v 0.010199960321187973 0.006956160068511963 -0.007338404189795256
v 0.006099998019635677 0.006932913791388273 -0.007350741885602474
v 0.010199960321187973 0.007107675075531006 -0.007624207995831966
v 0.006099998019635677 0.007577418815344572 0.008069275878369808
v 0.006099998019635677 0.006932913791388273 0.007350741885602474
v 0.010199960321187973 0.007107675075531006 0.007624207995831966
v 0.006099998019635677 0.006932913791388273 0.007350741885602474
v 0.010199960321187973 0.006956160068511963 0.007338404189795256
v 0.010199960321187973 0.007107675075531006 0.007624207995831966
v 0.010199960321187973 0.00680464506149292 -0.007052539847791195
v 0.006099998019635677 0.006932913791388273 -0.007350741885602474
v 0.010199960321187973 0.006956160068511963 -0.007338404189795256
v 0.006099998019635677 0.006932913791388273 0.007350741885602474
v 0.010199960321187973 0.00680464506149292 0.007052539847791195
v 0.010199960321187973 0.006956160068511963 0.007338404189795256
v 0.010199960321187973 0.006699978839606047 -0.00641399621963501
v 0.006099998019635677 0.006699978839606047 -0.00641399621963501
v 0.010199960321187973 0.00680464506149292 -0.007052539847791195
v 0.006099998019635677 0.006699978839606047 -0.00641399621963501
v 0.006099998019635677 0.006932913791388273 -0.007350741885602474
v 0.010199960321187973 0.00680464506149292 -0.007052539847791195
v 0.006099998019635677 0.006699978839606047 0.00641399621963501
v 0.010199960321187973 0.006699978839606047 0.00641399621963501
v 0.010199960321187973 0.00680464506149292 0.007052539847791195
v 0.006099998019635677 0.006932913791388273 0.007350741885602474
v 0.006099998019635677 0.006699978839606047 0.00641399621963501
v 0.010199960321187973 0.00680464506149292 0.007052539847791195
v 0.006099998019635677 0.006699978839606047 0.00641399621963501
v 0.006099998019635677 0.006699978839606047 -0.00641399621963501
v 0.010199960321187973 0.006699978839606047 -0.00641399621963501
v 0.010199960321187973 0.006699978839606047 0.00641399621963501
v 0.006099998019635677 0.006699978839606047 0.00641399621963501
v 0.010199960321187973 0.006699978839606047 -0.00641399621963501
v 0.010121759958565235 0.04120134934782982 -0.005648612044751644
v 0.010138689540326595 0.041476719081401825 -0.00497931195423007
v 0.010185180231928825 0.04111963137984276 -0.005026041995733976
v 0.009818135760724545 0.03629999980330467 0.008269131183624268
v 0.01017284020781517 0.031300000846385956 0.008476375602185726
v 0.010181419551372528 0.03629999980330467 0.007792055141180754
v -0.01069492008537054 0.03629999980330467 0.0065218801610171795
v 0.009818135760724545 0.03629999980330467 0.008269131183624268
v 0.010181419551372528 0.03629999980330467 0.007792055141180754
v 0.010163179598748684 0.031300000846385956 0.008487999439239502
v 0.009711623191833496 0.02039998024702072 0.008862613700330257
v 0.01017284020781517 0.031300000846385956 0.008476375602185726
v 0.009818135760724545 0.03629999980330467 0.008269131183624268
v 0.009727299213409424 0.03629999980330467 0.00834798812866211
v 0.01017284020781517 0.031300000846385956 0.008476375602185726
v 0.009727299213409424 0.03629999980330467 0.00834798812866211
v 0.010163179598748684 0.031300000846385956 0.008487999439239502
v 0.01017284020781517 0.031300000846385956 0.008476375602185726
v 0.009711623191833496 0.02039998024702072 -0.008862613700330257
v 0.010125160217285156 0.031300000846385956 -0.008528709411621094
v 0.010171649977564812 0.03130006045103073 -0.008474706672132015
v 0.010125160217285156 0.031300000846385956 -0.008528709411621094
v 0.00990056898444891 0.03457086905837059 -0.008253633044660091
v 0.010171649977564812 0.03130006045103073 -0.008474706672132015
v 0.009707151912152767 0.03130137175321579 0.00885689165443182
v 0.009711623191833496 0.02039998024702072 0.008862613700330257
v 0.010163179598748684 0.031300000846385956 0.008487999439239502
v 0.009727299213409424 0.03629999980330467 0.00834798812866211
v 0.009276032447814941 0.03629999980330467 0.008739769458770752
v 0.010163179598748684 0.031300000846385956 0.008487999439239502
v 0.009276032447814941 0.03629999980330467 0.008739769458770752
v 0.009707151912152767 0.03130137175321579 0.00885689165443182
v 0.010163179598748684 0.031300000846385956 0.008487999439239502
v 0.009233473800122738 0.02007877081632614 -0.009499967098236084
v 0.009706555865705013 0.02039998024702072 -0.00886768102645874
v 0.010153289884328842 0.019621960818767548 -0.009499967098236084
v 0.005099952220916748 0.011229930445551872 -0.009499967098236084
v 0.009233473800122738 0.02007877081632614 -0.009499967098236084
v 0.010153289884328842 0.019621960818767548 -0.009499967098236084
v 0.009706555865705013 0.02039998024702072 0.00886768102645874
v 0.010003440082073212 0.019710000604391098 0.009499967098236084
v 0.01014970988035202 0.01962720975279808 0.009499967098236084
v 0.009711623191833496 0.02039998024702072 0.008862613700330257
v 0.009706555865705013 0.02039998024702072 0.00886768102645874
v 0.01014970988035202 0.01962720975279808 0.009499967098236084
v 0.010003440082073212 0.019710000604391098 0.009499967098236084
v 0.005099952220916748 0.011229930445551872 0.009499967098236084
v 0.01014970988035202 0.01962720975279808 0.009499967098236084
v 0.00981229543685913 0.04338996857404709 -0.004684208892285824
v 0.009823142550885677 0.043391820043325424 -0.0014999499544501305
v 0.010138689540326595 0.041476719081401825 -0.00497931195423007
v 0.010121759958565235 0.04120134934782982 -0.005648612044751644
v 0.00981229543685913 0.04338996857404709 -0.004684208892285824
v 0.010138689540326595 0.041476719081401825 -0.00497931195423007
v 0.009711623191833496 0.02039998024702072 -0.008862613700330257
v 0.0097084641456604 0.031301021575927734 -0.008858381770551205
v 0.010125160217285156 0.031300000846385956 -0.008528709411621094
v 0.0097084641456604 0.031301021575927734 -0.008858381770551205
v 0.009344576857984066 0.03456120938062668 -0.008706568740308285
v 0.010125160217285156 0.031300000846385956 -0.008528709411621094
v 0.009344576857984066 0.03456120938062668 -0.008706568740308285
v 0.00990056898444891 0.03457086905837059 -0.008253633044660091
v 0.010125160217285156 0.031300000846385956 -0.008528709411621094
v 0.009545505046844482 0.04452310875058174 -0.005132079124450684
v 0.00981229543685913 0.04338996857404709 -0.004684208892285824
v 0.010121759958565235 0.04120134934782982 -0.005648612044751644
v 0.009431838057935238 0.04457277059555054 -0.005505442153662443
v 0.009545505046844482 0.04452310875058174 -0.005132079124450684
v 0.010121759958565235 0.04120134934782982 -0.005648612044751644
v 0.009927630424499512 0.04126625880599022 -0.006285727024078369
v 0.009431838057935238 0.04457277059555054 -0.005505442153662443
v 0.010121759958565235 0.04120134934782982 -0.005648612044751644
v 0.009151697158813477 0.04132378101348877 -0.007449209224432707
v 0.009601593017578125 0.04130864143371582 -0.006899415981024504
v 0.010027579963207245 0.03792934864759445 -0.0073462119325995445
v 0.009575544856488705 0.037947289645671844 -0.00789934303611517
v 0.009151697158813477 0.04132378101348877 -0.007449209224432707
v 0.010027579963207245 0.03792934864759445 -0.0073462119325995445
v 0.009706555865705013 0.02039998024702072 0.00886768102645874
v 0.009110747836530209 0.02012634091079235 0.009499967098236084
v 0.010003440082073212 0.019710000604391098 0.009499967098236084
v 0.009110747836530209 0.02012634091079235 0.009499967098236084
v 0.005099952220916748 0.011229930445551872 0.009499967098236084
v 0.010003440082073212 0.019710000604391098 0.009499967098236084
v 0.009366393089294434 0.04460132122039795 -0.005720256827771664
v 0.009431838057935238 0.04457277059555054 -0.005505442153662443
v 0.009927630424499512 0.04126625880599022 -0.006285727024078369
v 0.009601593017578125 0.04130864143371582 -0.006899415981024504
v 0.009221731685101986 0.04461544007062912 -0.005997776053845882
v 0.009927630424499512 0.04126625880599022 -0.006285727024078369
v 0.009221731685101986 0.04461544007062912 -0.005997776053845882
v 0.009346604347229004 0.044603221118450165 -0.005758165847510099
v 0.009927630424499512 0.04126625880599022 -0.006285727024078369
v 0.009346604347229004 0.044603221118450165 -0.005758165847510099
v 0.009366393089294434 0.04460132122039795 -0.005720256827771664
v 0.009927630424499512 0.04126625880599022 -0.006285727024078369
v 0.009021638892591 0.03794198855757713 -0.008350670337677002
v 0.009575544856488705 0.037947289645671844 -0.00789934303611517
v 0.00990056898444891 0.03457086905837059 -0.008253633044660091
v 0.009344576857984066 0.03456120938062668 -0.008706568740308285
v 0.009021638892591 0.03794198855757713 -0.008350670337677002
v 0.00990056898444891 0.03457086905837059 -0.008253633044660091
v 0.00981229543685913 0.04338996857404709 -0.004684208892285824
v 0.00969475507736206 0.044078998267650604 -0.004577933810651302
v 0.009823142550885677 0.043391820043325424 -0.0014999499544501305
v 0.00969475507736206 0.044078998267650604 -0.004577933810651302
v 0.009512840770184994 0.04491262882947922 -0.004068194888532162
v 0.009823142550885677 0.043391820043325424 -0.0014999499544501305
v 0.009512840770184994 0.04491262882947922 -0.004068194888532162
v 0.00923687219619751 0.04611736163496971 -0.0014999499544501305
v 0.009823142550885677 0.043391820043325424 -0.0014999499544501305
v 0.00923687219619751 0.04611736163496971 -0.0014999499544501305
v 0.008338569663465023 0.04856187105178833 -0.0014999499544501305
v 0.009823142550885677 0.043391820043325424 -0.0014999499544501305
v -0.01069492008537054 0.03629999980330467 0.0065218801610171795
v 0.009727299213409424 0.03629999980330467 0.00834798812866211
v 0.009818135760724545 0.03629999980330467 0.008269131183624268
v 0.009545505046844482 0.04452310875058174 -0.005132079124450684
v 0.00969475507736206 0.044078998267650604 -0.004577933810651302
v 0.00981229543685913 0.04338996857404709 -0.004684208892285824
v -0.01069492008537054 0.03629999980330467 0.0065218801610171795
v 0.009276032447814941 0.03629999980330467 0.008739769458770752
v 0.009727299213409424 0.03629999980330467 0.00834798812866211
v 0.009610353969037533 0.031301308423280716 -0.008935987018048763
v 0.0097084641456604 0.031301021575927734 -0.008858381770551205
v 0.009711623191833496 0.02039998024702072 -0.008862613700330257
v 0.009706555865705013 0.02039998024702072 -0.00886768102645874
v 0.009610353969037533 0.031301308423280716 -0.008935987018048763
v 0.009711623191833496 0.02039998024702072 -0.008862613700330257
v 0.009707151912152767 0.03130137175321579 0.00885689165443182
v 0.009624958038330078 0.03130166977643967 0.00892341136932373
v 0.009711623191833496 0.02039998024702072 0.008862613700330257
v 0.009624958038330078 0.03130166977643967 0.00892341136932373
v 0.009706555865705013 0.02039998024702072 0.00886768102645874
v 0.009711623191833496 0.02039998024702072 0.008862613700330257
v 0.009610353969037533 0.031301308423280716 -0.008935987018048763
v 0.009344576857984066 0.03456120938062668 -0.008706568740308285
v 0.0097084641456604 0.031301021575927734 -0.008858381770551205
v 0.009276032447814941 0.03629999980330467 0.008739769458770752
v 0.009624958038330078 0.03130166977643967 0.00892341136932373
v 0.009707151912152767 0.03130137175321579 0.00885689165443182
v 0.008621931076049805 0.02039998024702072 -0.009372532367706299
v 0.008620797656476498 0.03130023926496506 -0.009368062019348145
v 0.009706555865705013 0.02039998024702072 -0.00886768102645874
v 0.008620797656476498 0.03130023926496506 -0.009368062019348145
v 0.008986054919660091 0.03130149096250534 -0.009241223335266113
v 0.009706555865705013 0.02039998024702072 -0.00886768102645874
v 0.00917881727218628 0.031302209943532944 -0.00917434599250555
v 0.009610353969037533 0.031301308423280716 -0.008935987018048763
v 0.009706555865705013 0.02039998024702072 -0.00886768102645874
v 0.008986054919660091 0.03130149096250534 -0.009241223335266113
v 0.00917881727218628 0.031302209943532944 -0.00917434599250555
v 0.009706555865705013 0.02039998024702072 -0.00886768102645874
v 0.009233473800122738 0.02007877081632614 -0.009499967098236084
v 0.008621931076049805 0.02039998024702072 -0.009372532367706299
v 0.009706555865705013 0.02039998024702072 -0.00886768102645874
v 0.008638381026685238 0.020263010635972023 0.009500025771558285
v 0.009110747836530209 0.02012634091079235 0.009499967098236084
v 0.009706555865705013 0.02039998024702072 0.00886768102645874
v 0.008621931076049805 0.02039998024702072 0.009372532367706299
v 0.008638381026685238 0.020263010635972023 0.009500025771558285
v 0.009706555865705013 0.02039998024702072 0.00886768102645874
v 0.009624958038330078 0.03130166977643967 0.00892341136932373
v 0.00961315631866455 0.03130166977643967 0.008929729461669922
v 0.009706555865705013 0.02039998024702072 0.00886768102645874
v 0.00961315631866455 0.03130166977643967 0.008929729461669922
v 0.009073077701032162 0.031302209943532944 0.009219050407409668
v 0.009706555865705013 0.02039998024702072 0.00886768102645874
v 0.009073077701032162 0.031302209943532944 0.009219050407409668
v 0.008621931076049805 0.02039998024702072 0.009372532367706299
v 0.009706555865705013 0.02039998024702072 0.00886768102645874
v 0.009628534317016602 0.04441510885953903 -0.004520772956311703
v 0.009512840770184994 0.04491262882947922 -0.004068194888532162
v 0.00969475507736206 0.044078998267650604 -0.004577933810651302
v 0.00955879595130682 0.04451733082532883 -0.005088508129119873
v 0.009628534317016602 0.04441510885953903 -0.004520772956311703
v 0.00969475507736206 0.044078998267650604 -0.004577933810651302
v 0.009545505046844482 0.04452310875058174 -0.005132079124450684
v 0.00955879595130682 0.04451733082532883 -0.005088508129119873
v 0.00969475507736206 0.044078998267650604 -0.004577933810651302
v 0.00955879595130682 0.04451733082532883 -0.005088508129119873
v 0.009512840770184994 0.04491262882947922 -0.004068194888532162
v 0.009628534317016602 0.04441510885953903 -0.004520772956311703
v 0.009276032447814941 0.03629999980330467 0.008739769458770752
v 0.00961315631866455 0.03130166977643967 0.008929729461669922
v 0.009624958038330078 0.03130166977643967 0.00892341136932373
v 0.009168802760541439 0.03629999980330467 0.00879973080009222
v 0.009073077701032162 0.031302209943532944 0.009219050407409668
v 0.00961315631866455 0.03130166977643967 0.008929729461669922
v 0.009276032447814941 0.03629999980330467 0.008739769458770752
v 0.009168802760541439 0.03629999980330467 0.00879973080009222
v 0.00961315631866455 0.03130166977643967 0.008929729461669922
v 0.00917881727218628 0.031302209943532944 -0.00917434599250555
v 0.009344576857984066 0.03456120938062668 -0.008706568740308285
v 0.009610353969037533 0.031301308423280716 -0.008935987018048763
v 0.00894701387733221 0.04462558031082153 -0.006469368003308773
v 0.00903332233428955 0.044633861631155014 -0.006359457038342953
v 0.009601593017578125 0.04130864143371582 -0.006899415981024504
v 0.00903332233428955 0.044633861631155014 -0.006359457038342953
v 0.009221731685101986 0.04461544007062912 -0.005997776053845882
v 0.009601593017578125 0.04130864143371582 -0.006899415981024504
v 0.00860971212387085 0.0445929691195488 -0.0068992371670901775
v 0.00894701387733221 0.04462558031082153 -0.006469368003308773
v 0.009601593017578125 0.04130864143371582 -0.006899415981024504
v 0.009151697158813477 0.04132378101348877 -0.007449209224432707
v 0.00860971212387085 0.0445929691195488 -0.0068992371670901775
v 0.009601593017578125 0.04130864143371582 -0.006899415981024504
v 0.008601844310760498 0.041309770196676254 -0.007899045012891293
v 0.009151697158813477 0.04132378101348877 -0.007449209224432707
v 0.009575544856488705 0.037947289645671844 -0.00789934303611517
v 0.009021638892591 0.03794198855757713 -0.008350670337677002
v 0.008601844310760498 0.041309770196676254 -0.007899045012891293
v 0.009575544856488705 0.037947289645671844 -0.00789934303611517
v 0.009545505046844482 0.04452310875058174 -0.005132079124450684
v 0.009256123565137386 0.04545687884092331 -0.004666924010962248
v 0.00955879595130682 0.04451733082532883 -0.005088508129119873
v 0.009256123565137386 0.04545687884092331 -0.004666924010962248
v 0.009512840770184994 0.04491262882947922 -0.004068194888532162
v 0.00955879595130682 0.04451733082532883 -0.005088508129119873
v 0.009431838057935238 0.04457277059555054 -0.005505442153662443
v 0.009256123565137386 0.04545687884092331 -0.004666924010962248
v 0.009545505046844482 0.04452310875058174 -0.005132079124450684
v 0.009232819080352783 0.046116411685943604 -0.0029730789829045534
v 0.00923687219619751 0.04611736163496971 -0.0014999499544501305
v 0.009512840770184994 0.04491262882947922 -0.004068194888532162
v 0.009256123565137386 0.04545687884092331 -0.004666924010962248
v 0.009232819080352783 0.046116411685943604 -0.0029730789829045534
v 0.009512840770184994 0.04491262882947922 -0.004068194888532162
v 0.009005904197692871 0.04569894075393677 -0.004962921142578125
v 0.009256123565137386 0.04545687884092331 -0.004666924010962248
v 0.009431838057935238 0.04457277059555054 -0.005505442153662443
v 0.009366393089294434 0.04460132122039795 -0.005720256827771664
v 0.009005904197692871 0.04569894075393677 -0.004962921142578125
v 0.009431838057935238 0.04457277059555054 -0.005505442153662443
v 0.009346604347229004 0.044603221118450165 -0.005758165847510099
v 0.009005904197692871 0.04569894075393677 -0.004962921142578125
v 0.009366393089294434 0.04460132122039795 -0.005720256827771664
v 0.009221731685101986 0.04461544007062912 -0.005997776053845882
v 0.009005904197692871 0.04569894075393677 -0.004962921142578125
v 0.009346604347229004 0.044603221118450165 -0.005758165847510099
v 0.00917881727218628 0.031302209943532944 -0.00917434599250555
v 0.00872260332107544 0.03453468903899193 -0.009031832218170166
v 0.009344576857984066 0.03456120938062668 -0.008706568740308285
v 0.008402465842664242 0.0379144512116909 -0.00867599155753851
v 0.009021638892591 0.03794198855757713 -0.008350670337677002
v 0.009344576857984066 0.03456120938062668 -0.008706568740308285
v 0.00872260332107544 0.03453468903899193 -0.009031832218170166
v 0.008402465842664242 0.0379144512116909 -0.00867599155753851
v 0.009344576857984066 0.03456120938062668 -0.008706568740308285
v -0.01069492008537054 0.03629999980330467 0.0065218801610171795
v 0.009168802760541439 0.03629999980330467 0.00879973080009222
v 0.009276032447814941 0.03629999980330467 0.008739769458770752
v 0.008826375007629395 0.047053270041942596 -0.0031855700071901083
v 0.009232819080352783 0.046116411685943604 -0.0029730789829045534
v 0.009256123565137386 0.04545687884092331 -0.004666924010962248
v 0.008575080893933773 0.04727035015821457 -0.003475368022918701
v 0.008826375007629395 0.047053270041942596 -0.0031855700071901083
v 0.009256123565137386 0.04545687884092331 -0.004666924010962248
v 0.009005904197692871 0.04569894075393677 -0.004962921142578125
v 0.008575080893933773 0.04727035015821457 -0.003475368022918701
v 0.009256123565137386 0.04545687884092331 -0.004666924010962248
v 0.009205459617078304 0.046234071254730225 -0.0028660891111940145
v 0.009107828140258789 0.046546101570129395 -0.0025976889301091433
v 0.00923687219619751 0.04611736163496971 -0.0014999499544501305
v 0.009107828140258789 0.046546101570129395 -0.0025976889301091433
v 0.008786736987531185 0.047572191804647446 -0.0017150640487670898
v 0.00923687219619751 0.04611736163496971 -0.0014999499544501305
v 0.008786736987531185 0.047572191804647446 -0.0017150640487670898
v 0.008691847324371338 0.04782950133085251 -0.0014999499544501305
v 0.00923687219619751 0.04611736163496971 -0.0014999499544501305
v 0.009232819080352783 0.046116411685943604 -0.0029730789829045534
v 0.009205459617078304 0.046234071254730225 -0.0028660891111940145
v 0.00923687219619751 0.04611736163496971 -0.0014999499544501305
v 0.008691847324371338 0.04782950133085251 -0.0014999499544501305
v 0.008338569663465023 0.04856187105178833 -0.0014999499544501305
v 0.00923687219619751 0.04611736163496971 -0.0014999499544501305
v 0.008637726306915283 0.020265750586986542 -0.009499967098236084
v 0.008621931076049805 0.02039998024702072 -0.009372532367706299
v 0.009233473800122738 0.02007877081632614 -0.009499967098236084
v 0.005099952220916748 0.011229930445551872 -0.009499967098236084
v 0.008637726306915283 0.020265750586986542 -0.009499967098236084
v 0.009233473800122738 0.02007877081632614 -0.009499967098236084
v 0.008826375007629395 0.047053270041942596 -0.0031855700071901083
v 0.009205459617078304 0.046234071254730225 -0.0028660891111940145
v 0.009232819080352783 0.046116411685943604 -0.0029730789829045534
v 0.008685587905347347 0.04589992016553879 -0.005232988856732845
v 0.009005904197692871 0.04569894075393677 -0.004962921142578125
v 0.009221731685101986 0.04461544007062912 -0.005997776053845882
v 0.00903332233428955 0.044633861631155014 -0.006359457038342953
v 0.008685587905347347 0.04589992016553879 -0.005232988856732845
v 0.009221731685101986 0.04461544007062912 -0.005997776053845882
v 0.008826375007629395 0.047053270041942596 -0.0031855700071901083
v 0.009107828140258789 0.046546101570129395 -0.0025976889301091433
v 0.009205459617078304 0.046234071254730225 -0.0028660891111940145
v 0.008986054919660091 0.03130149096250534 -0.009241223335266113
v 0.00872260332107544 0.03453468903899193 -0.009031832218170166
v 0.00917881727218628 0.031302209943532944 -0.00917434599250555
v 0.008653581142425537 0.03629999980330467 0.009088099002838135
v 0.009073077701032162 0.031302209943532944 0.009219050407409668
v 0.009168802760541439 0.03629999980330467 0.00879973080009222
v -0.01069492008537054 0.03629999980330467 0.0065218801610171795
v 0.008653581142425537 0.03629999980330467 0.009088099002838135
v 0.009168802760541439 0.03629999980330467 0.00879973080009222
v 0.008601844310760498 0.041309770196676254 -0.007899045012891293
v 0.00839155912399292 0.04258977994322777 -0.00769567396491766
v 0.009151697158813477 0.04132378101348877 -0.007449209224432707
v 0.00839155912399292 0.04258977994322777 -0.00769567396491766
v 0.008469282649457455 0.04347711056470871 -0.007410525809973478
v 0.009151697158813477 0.04132378101348877 -0.007449209224432707
v 0.008469282649457455 0.04347711056470871 -0.007410525809973478
v 0.008585034869611263 0.04455101117491722 -0.006942628882825375
v 0.009151697158813477 0.04132378101348877 -0.007449209224432707
v 0.008592604659497738 0.04459135979413986 -0.006921052001416683
v 0.00860971212387085 0.0445929691195488 -0.0068992371670901775
v 0.009151697158813477 0.04132378101348877 -0.007449209224432707
v 0.008585034869611263 0.04455101117491722 -0.006942628882825375
v 0.008592604659497738 0.04459135979413986 -0.006921052001416683
v 0.009151697158813477 0.04132378101348877 -0.007449209224432707
v 0.008638381026685238 0.020263010635972023 0.009500025771558285
v 0.005099952220916748 0.011229930445551872 0.009499967098236084
v 0.009110747836530209 0.02012634091079235 0.009499967098236084
v 0.008826375007629395 0.047053270041942596 -0.0031855700071901083
v 0.008786736987531185 0.047572191804647446 -0.0017150640487670898
v 0.009107828140258789 0.046546101570129395 -0.0025976889301091433
v 0.0089835524559021 0.03130209073424339 0.00924694538116455
v 0.008621931076049805 0.02039998024702072 0.009372532367706299
v 0.009073077701032162 0.031302209943532944 0.009219050407409668
v 0.008653581142425537 0.03629999980330467 0.009088099002838135
v 0.0089835524559021 0.03130209073424339 0.00924694538116455
v 0.009073077701032162 0.031302209943532944 0.009219050407409668
v 0.00894701387733221 0.04462558031082153 -0.006469368003308773
v 0.008685587905347347 0.04589992016553879 -0.005232988856732845
v 0.00903332233428955 0.044633861631155014 -0.006359457038342953
v 0.008165477775037289 0.03992747887969017 -0.008410811424255371
v 0.008601844310760498 0.041309770196676254 -0.007899045012891293
v 0.009021638892591 0.03794198855757713 -0.008350670337677002
v 0.008402465842664242 0.0379144512116909 -0.00867599155753851
v 0.008165477775037289 0.03992747887969017 -0.008410811424255371
v 0.009021638892591 0.03794198855757713 -0.008350670337677002
v 0.008260785602033138 0.047445591539144516 -0.0037416210398077965
v 0.008575080893933773 0.04727035015821457 -0.003475368022918701
v 0.009005904197692871 0.04569894075393677 -0.004962921142578125
v 0.008685587905347347 0.04589992016553879 -0.005232988856732845
v 0.008260785602033138 0.047445591539144516 -0.0037416210398077965
v 0.009005904197692871 0.04569894075393677 -0.004962921142578125
v 0.008620797656476498 0.03130023926496506 -0.009368062019348145
v 0.00872260332107544 0.03453468903899193 -0.009031832218170166
v 0.008986054919660091 0.03130149096250534 -0.009241223335266113
v 0.008618772029876709 0.031301431357860565 0.00936061143875122
v 0.008621931076049805 0.02039998024702072 0.009372532367706299
v 0.0089835524559021 0.03130209073424339 0.00924694538116455
v 0.008653581142425537 0.03629999980330467 0.009088099002838135
v 0.008543193340301514 0.03629999980330467 0.009122908115386963
v 0.0089835524559021 0.03130209073424339 0.00924694538116455
v 0.008543193340301514 0.03629999980330467 0.009122908115386963
v 0.008618772029876709 0.031301431357860565 0.00936061143875122
v 0.0089835524559021 0.03130209073424339 0.00924694538116455
v 0.00860971212387085 0.0445929691195488 -0.0068992371670901775
v 0.008685587905347347 0.04589992016553879 -0.005232988856732845
v 0.00894701387733221 0.04462558031082153 -0.006469368003308773
v 0.008575080893933773 0.04727035015821457 -0.003475368022918701
v 0.008197367191314697 0.04871075972914696 -0.0017077920492738485
v 0.008826375007629395 0.047053270041942596 -0.0031855700071901083
v 0.008197367191314697 0.04871075972914696 -0.0017077920492738485
v 0.008786736987531185 0.047572191804647446 -0.0017150640487670898
v 0.008826375007629395 0.047053270041942596 -0.0031855700071901083
v 0.008197367191314697 0.04871075972914696 -0.0017077920492738485
v 0.008691847324371338 0.04782950133085251 -0.0014999499544501305
v 0.008786736987531185 0.047572191804647446 -0.0017150640487670898
v 0.00807648804038763 0.03449416160583496 -0.009221731685101986
v 0.008005796931684017 0.03530317172408104 -0.009146451018750668
v 0.00872260332107544 0.03453468903899193 -0.009031832218170166
v 0.008515833877027035 0.031299881637096405 -0.009404480457305908
v 0.00807648804038763 0.03449416160583496 -0.009221731685101986
v 0.00872260332107544 0.03453468903899193 -0.009031832218170166
v 0.008620797656476498 0.03130023926496506 -0.009368062019348145
v 0.008515833877027035 0.031299881637096405 -0.009404480457305908
v 0.00872260332107544 0.03453468903899193 -0.009031832218170166
v 0.008013010025024414 0.03621041029691696 -0.009028910659253597
v 0.008402465842664242 0.0379144512116909 -0.00867599155753851
v 0.00872260332107544 0.03453468903899193 -0.009031832218170166
v 0.008005796931684017 0.03530317172408104 -0.009146451018750668
v 0.008013010025024414 0.03621041029691696 -0.009028910659253597
v 0.00872260332107544 0.03453468903899193 -0.009031832218170166
v 0.008197367191314697 0.04871075972914696 -0.0017077920492738485
v 0.008338569663465023 0.04856187105178833 -0.0014999499544501305
v 0.008691847324371338 0.04782950133085251 -0.0014999499544501305
v 0.00860971212387085 0.0445929691195488 -0.0068992371670901775
v 0.008310078643262386 0.046048399060964584 -0.0054624672047793865
v 0.008685587905347347 0.04589992016553879 -0.005232988856732845
v 0.007897078059613705 0.047569628804922104 -0.003970980178564787
v 0.008260785602033138 0.047445591539144516 -0.0037416210398077965
v 0.008685587905347347 0.04589992016553879 -0.005232988856732845
v 0.008310078643262386 0.046048399060964584 -0.0054624672047793865
v 0.007897078059613705 0.047569628804922104 -0.003970980178564787
v 0.008685587905347347 0.04589992016553879 -0.005232988856732845
v -0.01069492008537054 0.03629999980330467 0.0065218801610171795
v 0.008543193340301514 0.03629999980330467 0.009122908115386963
v 0.008653581142425537 0.03629999980330467 0.009088099002838135
v 0.008621931076049805 0.02039998024702072 0.009372532367706299
v 0.008602499030530453 0.02039998024702072 0.009381592273712158
v 0.008638381026685238 0.020263010635972023 0.009500025771558285
v 0.008602499030530453 0.02039998024702072 0.009381592273712158
v 0.00841605570167303 0.020327379927039146 0.009500086307525635
v 0.008638381026685238 0.020263010635972023 0.009500025771558285
v 0.00841605570167303 0.020327379927039146 0.009500086307525635
v 0.005099952220916748 0.011229930445551872 0.009499967098236084
v 0.008638381026685238 0.020263010635972023 0.009500025771558285
v 0.008602499030530453 0.02039998024702072 -0.009381592273712158
v 0.008621931076049805 0.02039998024702072 -0.009372532367706299
v 0.008637726306915283 0.020265750586986542 -0.009499967098236084
v 0.008492170833051205 0.020311469212174416 -0.009499967098236084
v 0.008602499030530453 0.02039998024702072 -0.009381592273712158
v 0.008637726306915283 0.020265750586986542 -0.009499967098236084
v 0.005099952220916748 0.011229930445551872 -0.009499967098236084
v 0.008492170833051205 0.020311469212174416 -0.009499967098236084
v 0.008637726306915283 0.020265750586986542 -0.009499967098236084
v 0.008602499030530453 0.02039998024702072 -0.009381592273712158
v 0.008515833877027035 0.031299881637096405 -0.009404480457305908
v 0.008621931076049805 0.02039998024702072 -0.009372532367706299
v 0.008515833877027035 0.031299881637096405 -0.009404480457305908
v 0.008620797656476498 0.03130023926496506 -0.009368062019348145
v 0.008621931076049805 0.02039998024702072 -0.009372532367706299
v 0.008618772029876709 0.031301431357860565 0.00936061143875122
v 0.008602499030530453 0.02039998024702072 0.009381592273712158
v 0.008621931076049805 0.02039998024702072 0.009372532367706299
v 0.008400261402130127 0.03130108118057251 0.009428738616406918
v 0.008602499030530453 0.02039998024702072 0.009381592273712158
v 0.008618772029876709 0.031301431357860565 0.00936061143875122
v 0.008543193340301514 0.03629999980330467 0.009122908115386963
v 0.008400261402130127 0.03130108118057251 0.009428738616406918
v 0.008618772029876709 0.031301431357860565 0.00936061143875122
v 0.008592604659497738 0.04459135979413986 -0.006921052001416683
v 0.008310078643262386 0.046048399060964584 -0.0054624672047793865
v 0.00860971212387085 0.0445929691195488 -0.0068992371670901775
v 0.007699965965002775 0.02039998024702072 -0.009499967098236084
v 0.007882057689130306 0.03129570931196213 -0.009495495818555355
v 0.008602499030530453 0.02039998024702072 -0.009381592273712158
v 0.007882057689130306 0.03129570931196213 -0.009495495818555355
v 0.00833797361701727 0.0312986895442009 -0.009430049918591976
v 0.008602499030530453 0.02039998024702072 -0.009381592273712158
v 0.00833797361701727 0.0312986895442009 -0.009430049918591976
v 0.008515833877027035 0.031299881637096405 -0.009404480457305908
v 0.008602499030530453 0.02039998024702072 -0.009381592273712158
v 0.007803319953382015 0.02039843052625656 -0.009499967098236084
v 0.007699965965002775 0.02039998024702072 -0.009499967098236084
v 0.008602499030530453 0.02039998024702072 -0.009381592273712158
v 0.008492170833051205 0.020311469212174416 -0.009499967098236084
v 0.007803319953382015 0.02039843052625656 -0.009499967098236084
v 0.008602499030530453 0.02039998024702072 -0.009381592273712158
v 0.007699965965002775 0.02039998024702072 0.009499967098236084
v 0.00841605570167303 0.020327379927039146 0.009500086307525635
v 0.008602499030530453 0.02039998024702072 0.009381592273712158
v 0.008332908153533936 0.03130095824599266 0.009435533545911312
v 0.007699965965002775 0.02039998024702072 0.009499967098236084
v 0.008602499030530453 0.02039998024702072 0.009381592273712158
v 0.008400261402130127 0.03130108118057251 0.009428738616406918
v 0.008332908153533936 0.03130095824599266 0.009435533545911312
v 0.008602499030530453 0.02039998024702072 0.009381592273712158
v 0.008165477775037289 0.03992747887969017 -0.008410811424255371
v 0.008279502391815186 0.04128992184996605 -0.008077502250671387
v 0.008601844310760498 0.041309770196676254 -0.007899045012891293
v 0.008279502391815186 0.04128992184996605 -0.008077502250671387
v 0.008318603038787842 0.04175752028822899 -0.007963120006024837
v 0.008601844310760498 0.041309770196676254 -0.007899045012891293
v 0.008318603038787842 0.04175752028822899 -0.007963120006024837
v 0.008387266658246517 0.04254065826535225 -0.007711470127105713
v 0.008601844310760498 0.041309770196676254 -0.007899045012891293
v 0.008387266658246517 0.04254065826535225 -0.007711470127105713
v 0.00839155912399292 0.04258977994322777 -0.00769567396491766
v 0.008601844310760498 0.041309770196676254 -0.007899045012891293
v 0.008585034869611263 0.04455101117491722 -0.006942628882825375
v 0.008589386008679867 0.044591061770915985 -0.006925224792212248
v 0.008592604659497738 0.04459135979413986 -0.006921052001416683
v 0.008589386008679867 0.044591061770915985 -0.006925224792212248
v 0.008094905875623226 0.04518282040953636 -0.0065728421323001385
v 0.008592604659497738 0.04459135979413986 -0.006921052001416683
v 0.008094905875623226 0.04518282040953636 -0.0065728421323001385
v 0.008310078643262386 0.046048399060964584 -0.0054624672047793865
v 0.008592604659497738 0.04459135979413986 -0.006921052001416683
v 0.008585034869611263 0.04455101117491722 -0.006942628882825375
v 0.008094905875623226 0.04518282040953636 -0.0065728421323001385
v 0.008589386008679867 0.044591061770915985 -0.006925224792212248
v -0.008584976196289062 0.04455113038420677 -0.0069429269060492516
v 0.008094905875623226 0.04518282040953636 -0.0065728421323001385
v 0.008585034869611263 0.04455101117491722 -0.006942628882825375
v -0.008483529090881348 0.04362862929701805 -0.007352948188781738
v -0.008584976196289062 0.04455113038420677 -0.0069429269060492516
v 0.008585034869611263 0.04455101117491722 -0.006942628882825375
v 0.008469282649457455 0.04347711056470871 -0.007410525809973478
v -0.008483529090881348 0.04362862929701805 -0.007352948188781738
v 0.008585034869611263 0.04455101117491722 -0.006942628882825375
v 0.007647335063666105 0.0490223690867424 -0.002249120967462659
v 0.008197367191314697 0.04871075972914696 -0.0017077920492738485
v 0.008575080893933773 0.04727035015821457 -0.003475368022918701
v 0.008260785602033138 0.047445591539144516 -0.0037416210398077965
v 0.007647335063666105 0.0490223690867424 -0.002249120967462659
v 0.008575080893933773 0.04727035015821457 -0.003475368022918701
v 0.00796800758689642 0.03629999980330467 0.009304522536695004
v 0.008400261402130127 0.03130108118057251 0.009428738616406918
v 0.008543193340301514 0.03629999980330467 0.009122908115386963
v -0.01069492008537054 0.03629999980330467 0.0065218801610171795
v 0.00796800758689642 0.03629999980330467 0.009304522536695004
v 0.008543193340301514 0.03629999980330467 0.009122908115386963
v 0.00833797361701727 0.0312986895442009 -0.009430049918591976
v 0.00807648804038763 0.03449416160583496 -0.009221731685101986
v 0.008515833877027035 0.031299881637096405 -0.009404480457305908
v 0.005099952220916748 0.011229930445551872 -0.009499967098236084
v 0.007803319953382015 0.02039843052625656 -0.009499967098236084
v 0.008492170833051205 0.020311469212174416 -0.009499967098236084
v 0.00839155912399292 0.04258977994322777 -0.00769567396491766
v -0.008483529090881348 0.04362862929701805 -0.007352948188781738
v 0.008469282649457455 0.04347711056470871 -0.007410525809973478
v 0.007699965965002775 0.02039998024702072 0.009499967098236084
v 0.005099952220916748 0.011229930445551872 0.009499967098236084
v 0.00841605570167303 0.020327379927039146 0.009500086307525635
v 0.008013010025024414 0.03621041029691696 -0.009028910659253597
v 0.008023320697247982 0.03751099109649658 -0.008860409259796143
v 0.008402465842664242 0.0379144512116909 -0.00867599155753851
v 0.008023320697247982 0.03751099109649658 -0.008860409259796143
v 0.008044599555432796 0.03789006918668747 -0.008792339824140072
v 0.008402465842664242 0.0379144512116909 -0.00867599155753851
v 0.008044599555432796 0.03789006918668747 -0.008792339824140072
v 0.008145450614392757 0.039688579738140106 -0.00846922304481268
v 0.008402465842664242 0.0379144512116909 -0.00867599155753851
v 0.00815427303314209 0.03979413956403732 -0.00844341516494751
v 0.008165477775037289 0.03992747887969017 -0.008410811424255371
v 0.008402465842664242 0.0379144512116909 -0.00867599155753851
v 0.008145450614392757 0.039688579738140106 -0.00846922304481268
v 0.00815427303314209 0.03979413956403732 -0.00844341516494751
v 0.008402465842664242 0.0379144512116909 -0.00867599155753851
v 0.00796800758689642 0.03629999980330467 0.009304522536695004
v 0.008332908153533936 0.03130095824599266 0.009435533545911312
v 0.008400261402130127 0.03130108118057251 0.009428738616406918
v -0.008392751216888428 0.042596809566020966 -0.007696270011365414
v -0.008483529090881348 0.04362862929701805 -0.007352948188781738
v 0.00839155912399292 0.04258977994322777 -0.00769567396491766
v 0.008387266658246517 0.04254065826535225 -0.007711470127105713
v -0.008392751216888428 0.042596809566020966 -0.007696270011365414
v 0.00839155912399292 0.04258977994322777 -0.00769567396491766
v -0.008387862704694271 0.04254155978560448 -0.007714629173278809
v -0.008392751216888428 0.042596809566020966 -0.007696270011365414
v 0.008387266658246517 0.04254065826535225 -0.007711470127105713
v 0.008318603038787842 0.04175752028822899 -0.007963120006024837
v -0.008387862704694271 0.04254155978560448 -0.007714629173278809
v 0.008387266658246517 0.04254065826535225 -0.007711470127105713
v 0.008197367191314697 0.04871075972914696 -0.0017077920492738485
v 0.008328676223754883 0.048582371324300766 -0.0014999499544501305
v 0.008338569663465023 0.04856187105178833 -0.0014999499544501305
v 0.007882057689130306 0.03129570931196213 -0.009495495818555355
v 0.0077803730964660645 0.03133856877684593 -0.009497106075286865
v 0.00833797361701727 0.0312986895442009 -0.009430049918591976
v 0.0077803730964660645 0.03133856877684593 -0.009497106075286865
v 0.007845996879041195 0.03144383057951927 -0.00948935654014349
v 0.00833797361701727 0.0312986895442009 -0.009430049918591976
v 0.007845996879041195 0.03144383057951927 -0.00948935654014349
v 0.007956743240356445 0.0318981409072876 -0.009455262683331966
v 0.00833797361701727 0.0312986895442009 -0.009430049918591976
v 0.007956743240356445 0.0318981409072876 -0.009455262683331966
v 0.008026002906262875 0.033020131289958954 -0.009366095066070557
v 0.00833797361701727 0.0312986895442009 -0.009430049918591976
v 0.008026002906262875 0.033020131289958954 -0.009366095066070557
v 0.00807648804038763 0.03449416160583496 -0.009221731685101986
v 0.00833797361701727 0.0312986895442009 -0.009430049918591976
v 0.00769770098850131 0.03129994124174118 0.009499967098236084
v 0.007699965965002775 0.02039998024702072 0.009499967098236084
v 0.008332908153533936 0.03130095824599266 0.009435533545911312
v 0.007477581035345793 0.0337868295609951 0.00943893101066351
v 0.00769770098850131 0.03129994124174118 0.009499967098236084
v 0.008332908153533936 0.03130095824599266 0.009435533545911312
v 0.007892905734479427 0.03629999980330467 0.009312211535871029
v 0.007477581035345793 0.0337868295609951 0.00943893101066351
v 0.008332908153533936 0.03130095824599266 0.009435533545911312
v 0.00796800758689642 0.03629999980330467 0.009304522536695004
v 0.007892905734479427 0.03629999980330467 0.009312211535871029
v 0.008332908153533936 0.03130095824599266 0.009435533545911312
v 0.008197367191314697 0.04871075972914696 -0.0017077920492738485
v 0.008074164390563965 0.04893571138381958 -0.0014999499544501305
v 0.008328676223754883 0.048582371324300766 -0.0014999499544501305
v 0.008279502391815186 0.04128992184996605 -0.008077502250671387
v -0.008279739879071712 0.041294630616903305 -0.008072792552411556
v 0.008318603038787842 0.04175752028822899 -0.007963120006024837
v -0.008279739879071712 0.041294630616903305 -0.008072792552411556
v -0.008343218825757504 0.04203438013792038 -0.00788342859596014
v 0.008318603038787842 0.04175752028822899 -0.007963120006024837
v -0.008343218825757504 0.04203438013792038 -0.00788342859596014
v -0.008387862704694271 0.04254155978560448 -0.007714629173278809
v 0.008318603038787842 0.04175752028822899 -0.007963120006024837
v 0.008094905875623226 0.04518282040953636 -0.0065728421323001385
v 0.007899700663983822 0.04613833874464035 -0.005640863906592131
v 0.008310078643262386 0.046048399060964584 -0.0054624672047793865
v 0.007502377033233643 0.047637928277254105 -0.004153608810156584
v 0.007897078059613705 0.047569628804922104 -0.003970980178564787
v 0.008310078643262386 0.046048399060964584 -0.0054624672047793865
v 0.007899700663983822 0.04613833874464035 -0.005640863906592131
v 0.007502377033233643 0.047637928277254105 -0.004153608810156584
v 0.008310078643262386 0.046048399060964584 -0.0054624672047793865
v 0.008165477775037289 0.03992747887969017 -0.008410811424255371
v -0.008166134357452393 0.03994220122694969 -0.008411884307861328
v 0.008279502391815186 0.04128992184996605 -0.008077502250671387
v -0.008166134357452393 0.03994220122694969 -0.008411884307861328
v -0.008173047564923763 0.04005097970366478 -0.008391082286834717
v 0.008279502391815186 0.04128992184996605 -0.008077502250671387
v -0.008173047564923763 0.04005097970366478 -0.008391082286834717
v -0.008279739879071712 0.041294630616903305 -0.008072792552411556
v 0.008279502391815186 0.04128992184996605 -0.008077502250671387
v 0.007897078059613705 0.047569628804922104 -0.003970980178564787
v 0.007647335063666105 0.0490223690867424 -0.002249120967462659
v 0.008260785602033138 0.047445591539144516 -0.0037416210398077965
v 0.007855474017560482 0.04923950880765915 -0.0014999499544501305
v 0.008074164390563965 0.04893571138381958 -0.0014999499544501305
v 0.008197367191314697 0.04871075972914696 -0.0017077920492738485
v 0.007647335063666105 0.0490223690867424 -0.002249120967462659
v 0.007855474017560482 0.04923950880765915 -0.0014999499544501305
v 0.008197367191314697 0.04871075972914696 -0.0017077920492738485
v 0.00815427303314209 0.03979413956403732 -0.00844341516494751
v -0.008156715892255306 0.0397937186062336 -0.008440195582807064
v 0.008165477775037289 0.03992747887969017 -0.008410811424255371
v -0.008156715892255306 0.0397937186062336 -0.008440195582807064
v -0.008166134357452393 0.03994220122694969 -0.008411884307861328
v 0.008165477775037289 0.03992747887969017 -0.008410811424255371
v 0.008145450614392757 0.039688579738140106 -0.00846922304481268
v -0.008156715892255306 0.0397937186062336 -0.008440195582807064
v 0.00815427303314209 0.03979413956403732 -0.00844341516494751
v 0.008044599555432796 0.03789006918668747 -0.008792339824140072
v -0.008156715892255306 0.0397937186062336 -0.008440195582807064
v 0.008145450614392757 0.039688579738140106 -0.00846922304481268
v -0.008589386008679867 0.044591061770915985 -0.006925224792212248
v -0.0080946683883667 0.04518181085586548 -0.006572424899786711
v 0.008094905875623226 0.04518282040953636 -0.0065728421323001385
v -0.0080946683883667 0.04518181085586548 -0.006572424899786711
v -0.007903634570538998 0.04540996998548508 -0.006436169147491455
v 0.008094905875623226 0.04518282040953636 -0.0065728421323001385
v -0.007903634570538998 0.04540996998548508 -0.006436169147491455
v 0.007917164824903011 0.045395489782094955 -0.006446241866797209
v 0.008094905875623226 0.04518282040953636 -0.0065728421323001385
v -0.008584976196289062 0.04455113038420677 -0.0069429269060492516
v -0.008589386008679867 0.044591061770915985 -0.006925224792212248
v 0.008094905875623226 0.04518282040953636 -0.0065728421323001385
v 0.007917164824903011 0.045395489782094955 -0.006446241866797209
v 0.007899700663983822 0.04613833874464035 -0.005640863906592131
v 0.008094905875623226 0.04518282040953636 -0.0065728421323001385
v 0.008005321025848389 0.03524314984679222 -0.009154199622571468
v 0.008005796931684017 0.03530317172408104 -0.009146451018750668
v 0.00807648804038763 0.03449416160583496 -0.009221731685101986
v 0.008026002906262875 0.033020131289958954 -0.009366095066070557
v 0.008012354373931885 0.034488968551158905 -0.00922608282417059
v 0.00807648804038763 0.03449416160583496 -0.009221731685101986
v 0.008012354373931885 0.034488968551158905 -0.00922608282417059
v 0.008005321025848389 0.03524314984679222 -0.009154199622571468
v 0.00807648804038763 0.03449416160583496 -0.009221731685101986
v -0.00804066564887762 0.037968091666698456 -0.008788405917584896
v -0.008156715892255306 0.0397937186062336 -0.008440195582807064
v 0.008044599555432796 0.03789006918668747 -0.008792339824140072
v 0.008023320697247982 0.03751099109649658 -0.008860409259796143
v -0.00804066564887762 0.037968091666698456 -0.008788405917584896
v 0.008044599555432796 0.03789006918668747 -0.008792339824140072
v 0.007956743240356445 0.0318981409072876 -0.009455262683331966
v 0.007863461039960384 0.03215903043746948 -0.00943523645401001
v 0.008026002906262875 0.033020131289958954 -0.009366095066070557
v -0.008026777766644955 0.03309059143066406 -0.009360194206237793
v 0.008012354373931885 0.034488968551158905 -0.00922608282417059
v 0.008026002906262875 0.033020131289958954 -0.009366095066070557
v -0.007973968051373959 0.032034389674663544 -0.009444831870496273
v -0.008026777766644955 0.03309059143066406 -0.009360194206237793
v 0.008026002906262875 0.033020131289958954 -0.009366095066070557
v 0.007863461039960384 0.03215903043746948 -0.00943523645401001
v -0.007973968051373959 0.032034389674663544 -0.009444831870496273
v 0.008026002906262875 0.033020131289958954 -0.009366095066070557
v -0.008039294742047787 0.03789705038070679 -0.008798359893262386
v -0.00804066564887762 0.037968091666698456 -0.008788405917584896
v 0.008023320697247982 0.03751099109649658 -0.008860409259796143
v 0.008013010025024414 0.03621041029691696 -0.009028910659253597
v -0.008039294742047787 0.03789705038070679 -0.008798359893262386
v 0.008023320697247982 0.03751099109649658 -0.008860409259796143
v -0.008007346652448177 0.036211010068655014 -0.00903409719467163
v -0.008039294742047787 0.03789705038070679 -0.008798359893262386
v 0.008013010025024414 0.03621041029691696 -0.009028910659253597
v -0.008000314235687256 0.03584109991788864 -0.00908583402633667
v -0.008007346652448177 0.036211010068655014 -0.00903409719467163
v 0.008013010025024414 0.03621041029691696 -0.009028910659253597
v 0.008005796931684017 0.03530317172408104 -0.009146451018750668
v -0.008000314235687256 0.03584109991788864 -0.00908583402633667
v 0.008013010025024414 0.03621041029691696 -0.009028910659253597
v -0.008013308048248291 0.03449058160185814 -0.009220539592206478
v 0.008005321025848389 0.03524314984679222 -0.009154199622571468
v 0.008012354373931885 0.034488968551158905 -0.00922608282417059
v -0.008026777766644955 0.03309059143066406 -0.009360194206237793
v -0.008013308048248291 0.03449058160185814 -0.009220539592206478
v 0.008012354373931885 0.034488968551158905 -0.00922608282417059
v -0.008005677722394466 0.03528380021452904 -0.00914144515991211
v -0.008000314235687256 0.03584109991788864 -0.00908583402633667
v 0.008005796931684017 0.03530317172408104 -0.009146451018750668
v 0.008005321025848389 0.03524314984679222 -0.009154199622571468
v -0.008005677722394466 0.03528380021452904 -0.00914144515991211
v 0.008005796931684017 0.03530317172408104 -0.009146451018750668
v -0.008013308048248291 0.03449058160185814 -0.009220539592206478
v -0.008005677722394466 0.03528380021452904 -0.00914144515991211
v 0.008005321025848389 0.03524314984679222 -0.009154199622571468
v -0.01069492008537054 0.03629999980330467 0.0065218801610171795
v 0.007892905734479427 0.03629999980330467 0.009312211535871029
v 0.00796800758689642 0.03629999980330467 0.009304522536695004
v 0.007845996879041195 0.03144383057951927 -0.00948935654014349
v 0.007700920104980469 0.03129994124174118 -0.009499967098236084
v 0.007956743240356445 0.0318981409072876 -0.009455262683331966
v 0.007700920104980469 0.03129994124174118 -0.009499967098236084
v 0.007863461039960384 0.03215903043746948 -0.00943523645401001
v 0.007956743240356445 0.0318981409072876 -0.009455262683331966
v -0.007903634570538998 0.04540996998548508 -0.006436169147491455
v 0.007495820056647062 0.04580289125442505 -0.00611919118091464
v 0.007917164824903011 0.045395489782094955 -0.006446241866797209
v 0.007495820056647062 0.04580289125442505 -0.00611919118091464
v 0.007899700663983822 0.04613833874464035 -0.005640863906592131
v 0.007917164824903011 0.045395489782094955 -0.006446241866797209
v 0.007495820056647062 0.04580289125442505 -0.00611919118091464
v 0.0072144861333072186 0.04607485979795456 -0.005900858901441097
v 0.007899700663983822 0.04613833874464035 -0.005640863906592131
v 0.0072144861333072186 0.04607485979795456 -0.005900858901441097
v 0.007155655883252621 0.04615681990981102 -0.005819797050207853
v 0.007899700663983822 0.04613833874464035 -0.005640863906592131
v 0.007155655883252621 0.04615681990981102 -0.005819797050207853
v 0.007047473918646574 0.04630744084715843 -0.005670845042914152
v 0.007899700663983822 0.04613833874464035 -0.005640863906592131
v 0.0069758291356265545 0.04662220925092697 -0.005356132052838802
v 0.007502377033233643 0.047637928277254105 -0.004153608810156584
v 0.007899700663983822 0.04613833874464035 -0.005640863906592131
v 0.007047473918646574 0.04630744084715843 -0.005670845042914152
v 0.0069758291356265545 0.04662220925092697 -0.005356132052838802
v 0.007899700663983822 0.04613833874464035 -0.005640863906592131
v 0.007502377033233643 0.047637928277254105 -0.004153608810156584
v 0.006938396953046322 0.049143970012664795 -0.0026668310165405273
v 0.007897078059613705 0.047569628804922104 -0.003970980178564787
v 0.006938396953046322 0.049143970012664795 -0.0026668310165405273
v 0.007647335063666105 0.0490223690867424 -0.002249120967462659
v 0.007897078059613705 0.047569628804922104 -0.003970980178564787
v 0.007255136035382748 0.03629999980330467 0.009377299807965755
v 0.007477581035345793 0.0337868295609951 0.00943893101066351
v 0.007892905734479427 0.03629999980330467 0.009312211535871029
v -0.01069492008537054 0.03629999980330467 0.0065218801610171795
v 0.007255136035382748 0.03629999980330467 0.009377299807965755
v 0.007892905734479427 0.03629999980330467 0.009312211535871029
v 0.007699965965002775 0.02039998024702072 -0.009499967098236084
v 0.007700920104980469 0.03129994124174118 -0.009499967098236084
v 0.007882057689130306 0.03129570931196213 -0.009495495818555355
v 0.007700920104980469 0.03129994124174118 -0.009499967098236084
v 0.007731616031378508 0.031305309385061264 -0.009499548934400082
v 0.007882057689130306 0.03129570931196213 -0.009495495818555355
v 0.007731616031378508 0.031305309385061264 -0.009499548934400082
v 0.0077803730964660645 0.03133856877684593 -0.009497106075286865
v 0.007882057689130306 0.03129570931196213 -0.009495495818555355
v -0.007837474346160889 0.03166693076491356 -0.009472726844251156
v -0.007973968051373959 0.032034389674663544 -0.009444831870496273
v 0.007863461039960384 0.03215903043746948 -0.00943523645401001
v 0.007700920104980469 0.03129994124174118 -0.009499967098236084
v -0.007837474346160889 0.03166693076491356 -0.009472726844251156
v 0.007863461039960384 0.03215903043746948 -0.00943523645401001
v 0.007647335063666105 0.0490223690867424 -0.002249120967462659
v 0.007262527011334896 0.049804091453552246 -0.0014999499544501305
v 0.007855474017560482 0.04923950880765915 -0.0014999499544501305
v 0.0077803730964660645 0.03133856877684593 -0.009497106075286865
v 0.007731616031378508 0.031305309385061264 -0.009499548934400082
v 0.007845996879041195 0.03144383057951927 -0.00948935654014349
v 0.007731616031378508 0.031305309385061264 -0.009499548934400082
v 0.007700920104980469 0.03129994124174118 -0.009499967098236084
v 0.007845996879041195 0.03144383057951927 -0.00948935654014349
v 0.005099952220916748 0.011229930445551872 -0.009499967098236084
v 0.007699965965002775 0.02039998024702072 -0.009499967098236084
v 0.007803319953382015 0.02039843052625656 -0.009499967098236084
v 0.007699965965002775 0.02039998024702072 -0.009499967098236084
v -0.007700920104980469 0.03129994124174118 -0.009499967098236084
v 0.007700920104980469 0.03129994124174118 -0.009499967098236084
v -0.007700920104980469 0.03129994124174118 -0.009499967098236084
v -0.007837474346160889 0.03166693076491356 -0.009472726844251156
v 0.007700920104980469 0.03129994124174118 -0.009499967098236084
v 0.005099952220916748 0.011229930445551872 -0.009499967098236084
v -0.007699965965002775 0.02039998024702072 -0.009499967098236084
v 0.007699965965002775 0.02039998024702072 -0.009499967098236084
v -0.007699965965002775 0.02039998024702072 -0.009499967098236084
v -0.007700920104980469 0.03129994124174118 -0.009499967098236084
v 0.007699965965002775 0.02039998024702072 -0.009499967098236084
v 0.00769770098850131 0.03129994124174118 0.009499967098236084
v -0.007699965965002775 0.02039998024702072 0.009499967098236084
v 0.007699965965002775 0.02039998024702072 0.009499967098236084
v -0.006099998019635677 0.009547412395477295 0.009499967098236084
v 0.005099952220916748 0.011229930445551872 0.009499967098236084
v 0.007699965965002775 0.02039998024702072 0.009499967098236084
v -0.007699965965002775 0.02039998024702072 0.009499967098236084
v -0.006099998019635677 0.009547412395477295 0.009499967098236084
v 0.007699965965002775 0.02039998024702072 0.009499967098236084
v -0.00769770098850131 0.03129994124174118 0.009499967098236084
v -0.007699965965002775 0.02039998024702072 0.009499967098236084
v 0.00769770098850131 0.03129994124174118 0.009499967098236084
v 0.007477581035345793 0.0337868295609951 0.00943893101066351
v -0.00769770098850131 0.03129994124174118 0.009499967098236084
v 0.00769770098850131 0.03129994124174118 0.009499967098236084
v 0.006938396953046322 0.049143970012664795 -0.0026668310165405273
v 0.007240890990942717 0.04981762170791626 -0.0015051959780976176
v 0.007647335063666105 0.0490223690867424 -0.002249120967462659
v 0.007240890990942717 0.04981762170791626 -0.0015051959780976176
v 0.0072456588968634605 0.049814868718385696 -0.0014999499544501305
v 0.007647335063666105 0.0490223690867424 -0.002249120967462659
v 0.0072456588968634605 0.049814868718385696 -0.0014999499544501305
v 0.007262527011334896 0.049804091453552246 -0.0014999499544501305
v 0.007647335063666105 0.0490223690867424 -0.002249120967462659
v 0.0069758291356265545 0.04662220925092697 -0.005356132052838802
v 0.006680368911474943 0.047612130641937256 -0.004366158973425627
v 0.007502377033233643 0.047637928277254105 -0.004153608810156584
v 0.006680368911474943 0.047612130641937256 -0.004366158973425627
v 0.006938396953046322 0.049143970012664795 -0.0026668310165405273
v 0.007502377033233643 0.047637928277254105 -0.004153608810156584
v -0.007496118079870939 0.045803118497133255 -0.006119607947766781
v -0.007214546203613281 0.04607485979795456 -0.005900858901441097
v 0.007495820056647062 0.04580289125442505 -0.00611919118091464
v -0.007214546203613281 0.04607485979795456 -0.005900858901441097
v 0.0072144861333072186 0.04607485979795456 -0.005900858901441097
v 0.007495820056647062 0.04580289125442505 -0.00611919118091464
v -0.007903634570538998 0.04540996998548508 -0.006436169147491455
v -0.007496118079870939 0.045803118497133255 -0.006119607947766781
v 0.007495820056647062 0.04580289125442505 -0.00611919118091464
v -0.007477581035345793 0.0337868295609951 0.00943893101066351
v -0.00769770098850131 0.03129994124174118 0.009499967098236084
v 0.007477581035345793 0.0337868295609951 0.00943893101066351
v 0.007255136035382748 0.03629999980330467 0.009377299807965755
v -0.007477581035345793 0.0337868295609951 0.00943893101066351
v 0.007477581035345793 0.0337868295609951 0.00943893101066351
v -0.007255136035382748 0.03629999980330467 0.009377299807965755
v -0.007477581035345793 0.0337868295609951 0.00943893101066351
v 0.007255136035382748 0.03629999980330467 0.009377299807965755
v -0.01069492008537054 0.03629999980330467 0.0065218801610171795
v -0.007255136035382748 0.03629999980330467 0.009377299807965755
v 0.007255136035382748 0.03629999980330467 0.009377299807965755
v 0.007240890990942717 0.04981762170791626 -0.0015051959780976176
v 0.007237255107611418 0.0498201809823513 -0.0014999499544501305
v 0.0072456588968634605 0.049814868718385696 -0.0014999499544501305
v 0.00656658411026001 0.04989653080701828 -0.0019260039553046227
v 0.006687879096716642 0.05017054080963135 -0.0014999499544501305
v 0.007240890990942717 0.04981762170791626 -0.0015051959780976176
v 0.006687879096716642 0.05017054080963135 -0.0014999499544501305
v 0.007237255107611418 0.0498201809823513 -0.0014999499544501305
v 0.007240890990942717 0.04981762170791626 -0.0015051959780976176
v 0.006938396953046322 0.049143970012664795 -0.0026668310165405273
v 0.00656658411026001 0.04989653080701828 -0.0019260039553046227
v 0.007240890990942717 0.04981762170791626 -0.0015051959780976176
v 0.006687879096716642 0.05017054080963135 -0.0014999499544501305
v 0.006318091880530119 0.05031019076704979 -0.0014999499544501305
v 0.007237255107611418 0.0498201809823513 -0.0014999499544501305
v -0.007214546203613281 0.04607485979795456 -0.005900858901441097
v 0.007155655883252621 0.04615681990981102 -0.005819797050207853
v 0.0072144861333072186 0.04607485979795456 -0.005900858901441097
v -0.007154582999646664 0.046158310025930405 -0.005818367004394531
v 0.007047473918646574 0.04630744084715843 -0.005670845042914152
v 0.007155655883252621 0.04615681990981102 -0.005819797050207853
v -0.007214546203613281 0.04607485979795456 -0.005900858901441097
v -0.007154582999646664 0.046158310025930405 -0.005818367004394531
v 0.007155655883252621 0.04615681990981102 -0.005819797050207853
v -0.007047473918646574 0.04630744084715843 -0.005670845042914152
v 0.0069758291356265545 0.04662220925092697 -0.005356132052838802
v 0.007047473918646574 0.04630744084715843 -0.005670845042914152
v -0.007154582999646664 0.046158310025930405 -0.005818367004394531
v -0.007047473918646574 0.04630744084715843 -0.005670845042914152
v 0.007047473918646574 0.04630744084715843 -0.005670845042914152
v -0.007047473918646574 0.04630744084715843 -0.005670845042914152
v 0.006680368911474943 0.047612130641937256 -0.004366158973425627
v 0.0069758291356265545 0.04662220925092697 -0.005356132052838802
v 0.006345747970044613 0.04873311147093773 -0.0032452340237796307
v 0.006182312034070492 0.04906892031431198 -0.0029094209894537926
v 0.006938396953046322 0.049143970012664795 -0.0026668310165405273
v 0.006680368911474943 0.047612130641937256 -0.004366158973425627
v 0.006345747970044613 0.04873311147093773 -0.0032452340237796307
v 0.006938396953046322 0.049143970012664795 -0.0026668310165405273
v 0.006182312034070492 0.04906892031431198 -0.0029094209894537926
v 0.00656658411026001 0.04989653080701828 -0.0019260039553046227
v 0.006938396953046322 0.049143970012664795 -0.0026668310165405273
v 0.00656658411026001 0.04989653080701828 -0.0019260039553046227
v 0.006318091880530119 0.05031019076704979 -0.0014999499544501305
v 0.006687879096716642 0.05017054080963135 -0.0014999499544501305
v -0.007047473918646574 0.04630744084715843 -0.005670845042914152
v 0.006345747970044613 0.04873311147093773 -0.0032452340237796307
v 0.006680368911474943 0.047612130641937256 -0.004366158973425627
v 0.00605851411819458 0.05040818080306053 -0.0014999499544501305
v 0.006318091880530119 0.05031019076704979 -0.0014999499544501305
v 0.00656658411026001 0.04989653080701828 -0.0019260039553046227
v 0.006182312034070492 0.04906892031431198 -0.0029094209894537926
v 0.00605851411819458 0.05040818080306053 -0.0014999499544501305
v 0.00656658411026001 0.04989653080701828 -0.0019260039553046227
v -0.007047473918646574 0.04630744084715843 -0.005670845042914152
v 0.006182312034070492 0.04906892031431198 -0.0029094209894537926
v 0.006345747970044613 0.04873311147093773 -0.0032452340237796307
v -0.007047473918646574 0.04630744084715843 -0.005670845042914152
v -0.006683706771582365 0.04761581867933273 -0.004362463019788265
v 0.006182312034070492 0.04906892031431198 -0.0029094209894537926
v -0.006683706771582365 0.04761581867933273 -0.004362463019788265
v -0.006458580028265715 0.04842548817396164 -0.0035527939908206463
v 0.006182312034070492 0.04906892031431198 -0.0029094209894537926
v -0.005678771995007992 0.05016797035932541 -0.0018103709444403648
v 0.005496323108673096 0.05047833174467087 -0.0014999499544501305
v 0.006182312034070492 0.04906892031431198 -0.0029094209894537926
v -0.006169915199279785 0.04907047003507614 -0.0029078118968755007
v -0.005678771995007992 0.05016797035932541 -0.0018103709444403648
v 0.006182312034070492 0.04906892031431198 -0.0029094209894537926
v -0.006458580028265715 0.04842548817396164 -0.0035527939908206463
v -0.006169915199279785 0.04907047003507614 -0.0029078118968755007
v 0.006182312034070492 0.04906892031431198 -0.0029094209894537926
v 0.005496323108673096 0.05047833174467087 -0.0014999499544501305
v 0.00605851411819458 0.05040818080306053 -0.0014999499544501305
v 0.006182312034070492 0.04906892031431198 -0.0029094209894537926
v 0.006099998019635677 0.0 -0.00849997904151678
v 0.006036161910742521 0.008946537040174007 -0.008842647075653076
v 0.006099998019635677 0.008273719809949398 -0.00849997904151678
v 0.006099998019635677 0.007577418815344572 -0.008069275878369808
v 0.006099998019635677 0.0 -0.00849997904151678
v 0.006099998019635677 0.008273719809949398 -0.00849997904151678
v 0.006097673904150724 0.00839775800704956 0.008568464778363705
v 0.006022095214575529 0.0 0.008842170238494873
v 0.006099998019635677 0.008273719809949398 0.00849997904151678
v 0.006022095214575529 0.0 0.008842170238494873
v 0.006099640857428312 0.0 0.008526027202606201
v 0.006099998019635677 0.008273719809949398 0.00849997904151678
v 0.006099640857428312 0.0 0.008526027202606201
v 0.006099998019635677 0.0 0.00849997904151678
v 0.006099998019635677 0.008273719809949398 0.00849997904151678
v 0.006099998019635677 0.0 0.00849997904151678
v 0.006099998019635677 0.007577418815344572 0.008069275878369808
v 0.006099998019635677 0.008273719809949398 0.00849997904151678
v 0.006099998019635677 0.0009751629550009966 -0.002571284072473645
v 0.006099998019635677 0.0 -0.00849997904151678
v 0.006099998019635677 0.007577418815344572 -0.008069275878369808
v 0.006099998019635677 0.006932913791388273 -0.007350741885602474
v 0.006099998019635677 0.0009751629550009966 -0.002571284072473645
v 0.006099998019635677 0.007577418815344572 -0.008069275878369808
v 0.006099998019635677 0.0 0.00849997904151678
v 0.006099998019635677 0.006932913791388273 0.007350741885602474
v 0.006099998019635677 0.007577418815344572 0.008069275878369808
v 0.006099998019635677 0.002058386104181409 -0.0018235440365970135
v 0.006099998019635677 0.0009751629550009966 -0.002571284072473645
v 0.006099998019635677 0.006932913791388273 -0.007350741885602474
v 0.006099998019635677 0.006699978839606047 -0.00641399621963501
v 0.006099998019635677 0.00274997903034091 0.0
v 0.006099998019635677 0.006932913791388273 -0.007350741885602474
v 0.006099998019635677 0.00274997903034091 0.0
v 0.006099998019635677 0.0026700489688664675 -0.0006581179914064705
v 0.006099998019635677 0.006932913791388273 -0.007350741885602474
v 0.006099998019635677 0.0026700489688664675 -0.0006581179914064705
v 0.006099998019635677 0.002058386104181409 -0.0018235440365970135
v 0.006099998019635677 0.006932913791388273 -0.007350741885602474
v 0.006099998019635677 0.0 0.00849997904151678
v 0.006099998019635677 0.006699978839606047 0.00641399621963501
v 0.006099998019635677 0.006932913791388273 0.007350741885602474
v 0.006099998019635677 0.006699978839606047 0.00641399621963501
v 0.006099998019635677 0.0026700489688664675 0.0006581179914064705
v 0.006099998019635677 0.006699978839606047 -0.00641399621963501
v 0.006099998019635677 0.0026700489688664675 0.0006581179914064705
v 0.006099998019635677 0.00274997903034091 0.0
v 0.006099998019635677 0.006699978839606047 -0.00641399621963501
v 0.006099998019635677 0.0 0.00849997904151678
v 0.006099998019635677 0.002058386104181409 0.0018235440365970135
v 0.006099998019635677 0.006699978839606047 0.00641399621963501
v 0.006099998019635677 0.002058386104181409 0.0018235440365970135
v 0.006099998019635677 0.0026700489688664675 0.0006581179914064705
v 0.006099998019635677 0.006699978839606047 0.00641399621963501
v -0.0070999860763549805 0.0026700489688664675 -0.0006581179914064705
v 0.006099998019635677 0.0026700489688664675 -0.0006581179914064705
v 0.006099998019635677 0.00274997903034091 0.0
v -0.0070999860763549805 0.0026700489688664675 0.0006581179914064705
v -0.0070999860763549805 0.0026700489688664675 -0.0006581179914064705
v 0.006099998019635677 0.00274997903034091 0.0
v 0.006099998019635677 0.0026700489688664675 0.0006581179914064705
v -0.0070999860763549805 0.0026700489688664675 0.0006581179914064705
v 0.006099998019635677 0.00274997903034091 0.0
v -0.0070999860763549805 0.0026700489688664675 -0.0006581179914064705
v 0.006099998019635677 0.002058386104181409 -0.0018235440365970135
v 0.006099998019635677 0.0026700489688664675 -0.0006581179914064705
v -0.0070999860763549805 0.002058386104181409 0.0018235440365970135
v -0.0070999860763549805 0.0026700489688664675 0.0006581179914064705
v 0.006099998019635677 0.0026700489688664675 0.0006581179914064705
v 0.006099998019635677 0.002058386104181409 0.0018235440365970135
v -0.0070999860763549805 0.002058386104181409 0.0018235440365970135
v 0.006099998019635677 0.0026700489688664675 0.0006581179914064705
v -0.0070999860763549805 0.002058386104181409 -0.0018235440365970135
v 0.006099998019635677 0.0009751629550009966 -0.002571284072473645
v 0.006099998019635677 0.002058386104181409 -0.0018235440365970135
v -0.0070999860763549805 0.0026700489688664675 -0.0006581179914064705
v -0.0070999860763549805 0.002058386104181409 -0.0018235440365970135
v 0.006099998019635677 0.002058386104181409 -0.0018235440365970135
v 0.006099998019635677 0.0 0.00849997904151678
v 0.006099998019635677 0.0009751629550009966 0.002571284072473645
v 0.006099998019635677 0.002058386104181409 0.0018235440365970135
v -0.0070999860763549805 0.0009751629550009966 0.002571284072473645
v -0.0070999860763549805 0.002058386104181409 0.0018235440365970135
v 0.006099998019635677 0.002058386104181409 0.0018235440365970135
v 0.006099998019635677 0.0009751629550009966 0.002571284072473645
v -0.0070999860763549805 0.0009751629550009966 0.002571284072473645
v 0.006099998019635677 0.002058386104181409 0.0018235440365970135
v 0.006099998019635677 -0.00033147598151117563 -0.0027298920322209597
v 0.006099998019635677 0.0 -0.00849997904151678
v 0.006099998019635677 0.0009751629550009966 -0.002571284072473645
v -0.0070999860763549805 0.0009751629550009966 -0.002571284072473645
v 0.006099998019635677 -0.00033147598151117563 -0.0027298920322209597
v 0.006099998019635677 0.0009751629550009966 -0.002571284072473645
v -0.0070999860763549805 0.002058386104181409 -0.0018235440365970135
v -0.0070999860763549805 0.0009751629550009966 -0.002571284072473645
v 0.006099998019635677 0.0009751629550009966 -0.002571284072473645
v 0.006099998019635677 0.0 0.00849997904151678
v 0.006099998019635677 -0.00033147598151117563 0.0027298920322209597
v 0.006099998019635677 0.0009751629550009966 0.002571284072473645
v -0.0070999860763549805 -0.00033147598151117563 0.0027298920322209597
v -0.0070999860763549805 0.0009751629550009966 0.002571284072473645
v 0.006099998019635677 0.0009751629550009966 0.002571284072473645
v 0.006099998019635677 -0.00033147598151117563 0.0027298920322209597
v -0.0070999860763549805 -0.00033147598151117563 0.0027298920322209597
v 0.006099998019635677 0.0009751629550009966 0.002571284072473645
v 0.006035565864294767 0.008953033946454525 -0.008845925331115723
v 0.006036161910742521 0.008946537040174007 -0.008842647075653076
v 0.006099998019635677 0.0 -0.00849997904151678
v 0.006099640857428312 0.0 -0.008526027202606201
v 0.006035565864294767 0.008953033946454525 -0.008845925331115723
v 0.006099998019635677 0.0 -0.00849997904151678
v 0.006099998019635677 -0.00033147598151117563 -0.0027298920322209597
v 0.006099998019635677 -0.0014730689581483603 -0.00834351684898138
v 0.006099998019635677 0.0 -0.00849997904151678
v 0.006099998019635677 -0.0014730689581483603 -0.00834351684898138
v 0.006099640857428312 0.0 -0.008526027202606201
v 0.006099998019635677 0.0 -0.00849997904151678
v 0.006099998019635677 -0.0014713399577885866 0.008330464363098145
v 0.006099998019635677 -0.00033147598151117563 0.0027298920322209597
v 0.006099998019635677 0.0 0.00849997904151678
v 0.006099640857428312 0.0 0.008526027202606201
v 0.006099640857428312 -0.001480518956668675 0.008396506309509277
v 0.006099998019635677 0.0 0.00849997904151678
v 0.006099640857428312 -0.001480518956668675 0.008396506309509277
v 0.006099998019635677 -0.0014713399577885866 0.008330464363098145
v 0.006099998019635677 0.0 0.00849997904151678
v 0.006099998019635677 -0.001562178018502891 -0.0022631878964602947
v 0.006099998019635677 -0.0017852779710665345 -0.008310376666486263
v 0.006099998019635677 -0.00033147598151117563 -0.0027298920322209597
v 0.006099998019635677 -0.0017852779710665345 -0.008310376666486263
v 0.006099998019635677 -0.0014730689581483603 -0.00834351684898138
v 0.006099998019635677 -0.00033147598151117563 -0.0027298920322209597
v -0.0070999860763549805 -0.00033147598151117563 -0.0027298920322209597
v 0.006099998019635677 -0.001562178018502891 -0.0022631878964602947
v 0.006099998019635677 -0.00033147598151117563 -0.0027298920322209597
v -0.0070999860763549805 0.0009751629550009966 -0.002571284072473645
v -0.0070999860763549805 -0.00033147598151117563 -0.0027298920322209597
v 0.006099998019635677 -0.00033147598151117563 -0.0027298920322209597
v 0.006099998019635677 -0.0014713399577885866 0.008330464363098145
v 0.006099998019635677 -0.0019329780479893088 0.008277297019958496
v 0.006099998019635677 -0.00033147598151117563 0.0027298920322209597
v 0.006099998019635677 -0.0019329780479893088 0.008277297019958496
v 0.006099998019635677 -0.002887010108679533 0.007931767962872982
v 0.006099998019635677 -0.00033147598151117563 0.0027298920322209597
v 0.006099998019635677 -0.002887010108679533 0.007931767962872982
v 0.006099998019635677 -0.0038161869160830975 0.007595241069793701
v 0.006099998019635677 -0.00033147598151117563 0.0027298920322209597
v 0.006099998019635677 -0.0038161869160830975 0.007595241069793701
v 0.006099998019635677 -0.001562178018502891 0.0022631878964602947
v 0.006099998019635677 -0.00033147598151117563 0.0027298920322209597
v -0.0070999860763549805 -0.001562178018502891 0.0022631878964602947
v -0.0070999860763549805 -0.00033147598151117563 0.0027298920322209597
v 0.006099998019635677 -0.00033147598151117563 0.0027298920322209597
v 0.006099998019635677 -0.001562178018502891 0.0022631878964602947
v -0.0070999860763549805 -0.001562178018502891 0.0022631878964602947
v 0.006099998019635677 -0.00033147598151117563 0.0027298920322209597
v 0.006099640857428312 -0.001480518956668675 0.008396506309509277
v 0.006099998019635677 -0.0019329780479893088 0.008277297019958496
v 0.006099998019635677 -0.0014713399577885866 0.008330464363098145
v 0.006099640857428312 -0.001480518956668675 -0.008396506309509277
v 0.006099640857428312 0.0 -0.008526027202606201
v 0.006099998019635677 -0.0014730689581483603 -0.00834351684898138
v 0.006099998019635677 -0.0017852779710665345 -0.008310376666486263
v 0.006099640857428312 -0.001480518956668675 -0.008396506309509277
v 0.006099998019635677 -0.0014730689581483603 -0.00834351684898138
v 0.006099998019635677 -0.002434968017041683 -0.0012779829557985067
v 0.006099998019635677 -0.005439459811896086 -0.006486237049102783
v 0.006099998019635677 -0.001562178018502891 -0.0022631878964602947
v 0.006099998019635677 -0.005439459811896086 -0.006486237049102783
v 0.006099998019635677 -0.005163311026990414 -0.0067521329037845135
v 0.006099998019635677 -0.001562178018502891 -0.0022631878964602947
v 0.006099998019635677 -0.005163311026990414 -0.0067521329037845135
v 0.006099998019635677 -0.004223287105560303 -0.0073167080990970135
v 0.006099998019635677 -0.001562178018502891 -0.0022631878964602947
v 0.006099998019635677 -0.004223287105560303 -0.0073167080990970135
v 0.006099998019635677 -0.0035353300627321005 -0.007729947101324797
v 0.006099998019635677 -0.001562178018502891 -0.0022631878964602947
v 0.006099998019635677 -0.0035353300627321005 -0.007729947101324797
v 0.006099998019635677 -0.0028924939688295126 -0.007943153381347656
v 0.006099998019635677 -0.001562178018502891 -0.0022631878964602947
v 0.006099998019635677 -0.0028924939688295126 -0.007943153381347656
v 0.006099998019635677 -0.0017852779710665345 -0.008310376666486263
v 0.006099998019635677 -0.001562178018502891 -0.0022631878964602947
v -0.0070999860763549805 -0.001562178018502891 -0.0022631878964602947
v 0.006099998019635677 -0.002434968017041683 -0.0012779829557985067
v 0.006099998019635677 -0.001562178018502891 -0.0022631878964602947
v -0.0070999860763549805 -0.00033147598151117563 -0.0027298920322209597
v -0.0070999860763549805 -0.001562178018502891 -0.0022631878964602947
v 0.006099998019635677 -0.001562178018502891 -0.0022631878964602947
v 0.006099998019635677 -0.0054652090184390545 0.0065101380459964275
v 0.006099998019635677 -0.002434968017041683 0.0012779829557985067
v 0.006099998019635677 -0.001562178018502891 0.0022631878964602947
v 0.006099998019635677 -0.0038161869160830975 0.007595241069793701
v 0.006099998019635677 -0.004226386081427336 0.007325350772589445
v 0.006099998019635677 -0.001562178018502891 0.0022631878964602947
v 0.006099998019635677 -0.004226386081427336 0.007325350772589445
v 0.006099998019635677 -0.0054652090184390545 0.0065101380459964275
v 0.006099998019635677 -0.001562178018502891 0.0022631878964602947
v -0.0070999860763549805 -0.002434968017041683 0.0012779829557985067
v -0.0070999860763549805 -0.001562178018502891 0.0022631878964602947
v 0.006099998019635677 -0.001562178018502891 0.0022631878964602947
v 0.006099998019635677 -0.002434968017041683 0.0012779829557985067
v -0.0070999860763549805 -0.002434968017041683 0.0012779829557985067
v 0.006099998019635677 -0.001562178018502891 0.0022631878964602947
v 0.006099998019635677 -0.0028924939688295126 -0.007943153381347656
v 0.006099640857428312 -0.0029160380363464355 -0.008011817000806332
v 0.006099998019635677 -0.0017852779710665345 -0.008310376666486263
v 0.006099640857428312 -0.0029160380363464355 -0.008011817000806332
v 0.006099640857428312 -0.001480518956668675 -0.008396506309509277
v 0.006099998019635677 -0.0017852779710665345 -0.008310376666486263
v 0.006099640857428312 -0.001480518956668675 0.008396506309509277
v 0.006099640857428312 -0.002182543044909835 0.00824195146560669
v 0.006099998019635677 -0.0019329780479893088 0.008277297019958496
v 0.006099640857428312 -0.002182543044909835 0.00824195146560669
v 0.006099998019635677 -0.002887010108679533 0.007931767962872982
v 0.006099998019635677 -0.0019329780479893088 0.008277297019958496
v 0.006099998019635677 -0.008291423320770264 -0.0018715850310400128
v 0.006099998019635677 -0.007932007312774658 -0.002887547016143799
v 0.006099998019635677 -0.002434968017041683 -0.0012779829557985067
v 0.006099998019635677 -0.007932007312774658 -0.002887547016143799
v 0.006099998019635677 -0.0076239099726080894 -0.003758548991754651
v 0.006099998019635677 -0.002434968017041683 -0.0012779829557985067
v 0.006099998019635677 -0.0076239099726080894 -0.003758548991754651
v 0.006099998019635677 -0.007322192192077637 -0.004224717151373625
v 0.006099998019635677 -0.002434968017041683 -0.0012779829557985067
v 0.006099998019635677 -0.00274997903034091 0.0
v 0.006099998019635677 -0.00849997904151678 0.0
v 0.006099998019635677 -0.002434968017041683 -0.0012779829557985067
v 0.006099998019635677 -0.00849997904151678 0.0
v 0.006099998019635677 -0.008335947059094906 -0.0014721150510013103
v 0.006099998019635677 -0.002434968017041683 -0.0012779829557985067
v 0.006099998019635677 -0.008335947059094906 -0.0014721150510013103
v 0.006099998019635677 -0.008291423320770264 -0.0018715850310400128
v 0.006099998019635677 -0.002434968017041683 -0.0012779829557985067
v 0.006099998019635677 -0.007322192192077637 -0.004224717151373625
v 0.006099998019635677 -0.0065513248555362225 -0.005415855906903744
v 0.006099998019635677 -0.002434968017041683 -0.0012779829557985067
v 0.006099998019635677 -0.0065513248555362225 -0.005415855906903744
v 0.006099998019635677 -0.006506680976599455 -0.0054587721824646
v 0.006099998019635677 -0.002434968017041683 -0.0012779829557985067
v 0.006099998019635677 -0.006506680976599455 -0.0054587721824646
v 0.006099998019635677 -0.005439459811896086 -0.006486237049102783
v 0.006099998019635677 -0.002434968017041683 -0.0012779829557985067
v -0.0070999860763549805 -0.002434968017041683 -0.0012779829557985067
v 0.006099998019635677 -0.00274997903034091 0.0
v 0.006099998019635677 -0.002434968017041683 -0.0012779829557985067
v -0.0070999860763549805 -0.001562178018502891 -0.0022631878964602947
v -0.0070999860763549805 -0.002434968017041683 -0.0012779829557985067
v 0.006099998019635677 -0.002434968017041683 -0.0012779829557985067
v 0.006099998019635677 -0.006790995132178068 0.005112051032483578
v 0.006099998019635677 -0.007315874099731445 0.00422322703525424
v 0.006099998019635677 -0.002434968017041683 0.0012779829557985067
v 0.006099998019635677 -0.007315874099731445 0.00422322703525424
v 0.006099998019635677 -0.007755755912512541 0.0034782879520207644
v 0.006099998019635677 -0.002434968017041683 0.0012779829557985067
v 0.006099998019635677 -0.007755755912512541 0.0034782879520207644
v 0.006099998019635677 -0.007945001125335693 0.002893446944653988
v 0.006099998019635677 -0.002434968017041683 0.0012779829557985067
v 0.006099998019635677 -0.007945001125335693 0.002893446944653988
v 0.006099998019635677 -0.008322893641889095 0.0017259119777008891
v 0.006099998019635677 -0.002434968017041683 0.0012779829557985067
v 0.006099998019635677 -0.008322893641889095 0.0017259119777008891
v 0.006099998019635677 -0.008348762057721615 0.0014737240271642804
v 0.006099998019635677 -0.002434968017041683 0.0012779829557985067
v 0.006099998019635677 -0.008348762057721615 0.0014737240271642804
v 0.006099998019635677 -0.00274997903034091 0.0
v 0.006099998019635677 -0.002434968017041683 0.0012779829557985067
v 0.006099998019635677 -0.0054652090184390545 0.0065101380459964275
v 0.006099998019635677 -0.006483017932623625 0.0054368372075259686
v 0.006099998019635677 -0.002434968017041683 0.0012779829557985067
v 0.006099998019635677 -0.006483017932623625 0.0054368372075259686
v 0.006099998019635677 -0.006790995132178068 0.005112051032483578
v 0.006099998019635677 -0.002434968017041683 0.0012779829557985067
v -0.0070999860763549805 -0.00274997903034091 0.0
v -0.0070999860763549805 -0.002434968017041683 0.0012779829557985067
v 0.006099998019635677 -0.002434968017041683 0.0012779829557985067
v 0.006099998019635677 -0.00274997903034091 0.0
v -0.0070999860763549805 -0.00274997903034091 0.0
v 0.006099998019635677 -0.002434968017041683 0.0012779829557985067
v -0.0070999860763549805 -0.002434968017041683 -0.0012779829557985067
v -0.0070999860763549805 -0.00274997903034091 0.0
v 0.006099998019635677 -0.00274997903034091 0.0
v 0.006099998019635677 -0.008348762057721615 0.0014737240271642804
v 0.006099998019635677 -0.00849997904151678 0.0
v 0.006099998019635677 -0.00274997903034091 0.0
v 0.006099640857428312 -0.002182543044909835 0.00824195146560669
v 0.006099640857428312 -0.0029160380363464355 0.008011817000806332
v 0.006099998019635677 -0.002887010108679533 0.007931767962872982
v 0.006099640857428312 -0.0029160380363464355 0.008011817000806332
v 0.006099640857428312 -0.0035844440571963787 0.007735908031463623
v 0.006099998019635677 -0.002887010108679533 0.007931767962872982
v 0.006099640857428312 -0.0035844440571963787 0.007735908031463623
v 0.006099998019635677 -0.0038161869160830975 0.007595241069793701
v 0.006099998019635677 -0.002887010108679533 0.007931767962872982
v 0.006099998019635677 -0.0035353300627321005 -0.007729947101324797
v 0.006099640857428312 -0.0035844440571963787 -0.007735908031463623
v 0.006099998019635677 -0.0028924939688295126 -0.007943153381347656
v 0.006099640857428312 -0.0035844440571963787 -0.007735908031463623
v 0.006099640857428312 -0.0029160380363464355 -0.008011817000806332
v 0.006099998019635677 -0.0028924939688295126 -0.007943153381347656
v 0.006099998019635677 -0.004223287105560303 -0.0073167080990970135
v 0.006099640857428312 -0.004262982867658138 -0.007383762858808041
v 0.006099998019635677 -0.0035353300627321005 -0.007729947101324797
v 0.006099640857428312 -0.004262982867658138 -0.007383762858808041
v 0.006099640857428312 -0.0035844440571963787 -0.007735908031463623
v 0.006099998019635677 -0.0035353300627321005 -0.007729947101324797
v 0.006099640857428312 -0.0035844440571963787 0.007735908031463623
v 0.006099640857428312 -0.004262982867658138 0.007383762858808041
v 0.006099998019635677 -0.0038161869160830975 0.007595241069793701
v 0.006099640857428312 -0.004262982867658138 0.007383762858808041
v 0.006099998019635677 -0.004226386081427336 0.007325350772589445
v 0.006099998019635677 -0.0038161869160830975 0.007595241069793701
v 0.006099998019635677 -0.005163311026990414 -0.0067521329037845135
v 0.006099640857428312 -0.004262982867658138 -0.007383762858808041
v 0.006099998019635677 -0.004223287105560303 -0.0073167080990970135
v 0.006099640857428312 -0.004262982867658138 0.007383762858808041
v 0.006099640857428312 -0.005480408202856779 0.0065312981605529785
v 0.006099998019635677 -0.004226386081427336 0.007325350772589445
v 0.006099640857428312 -0.005480408202856779 0.0065312981605529785
v 0.006099998019635677 -0.0054652090184390545 0.0065101380459964275
v 0.006099998019635677 -0.004226386081427336 0.007325350772589445
v 0.006099998019635677 -0.005439459811896086 -0.006486237049102783
v 0.006099640857428312 -0.005480408202856779 -0.0065312981605529785
v 0.006099998019635677 -0.005163311026990414 -0.0067521329037845135
v 0.006099640857428312 -0.005480408202856779 -0.0065312981605529785
v 0.006099640857428312 -0.004262982867658138 -0.007383762858808041
v 0.006099998019635677 -0.005163311026990414 -0.0067521329037845135
v 0.006099998019635677 -0.006506680976599455 -0.0054587721824646
v 0.006099640857428312 -0.005480408202856779 -0.0065312981605529785
v 0.006099998019635677 -0.005439459811896086 -0.006486237049102783
v 0.006099640857428312 -0.005480408202856779 0.0065312981605529785
v 0.006099640857428312 -0.0065312981605529785 0.005480408202856779
v 0.006099998019635677 -0.0054652090184390545 0.0065101380459964275
v 0.006099640857428312 -0.0065312981605529785 0.005480408202856779
v 0.006099998019635677 -0.006483017932623625 0.0054368372075259686
v 0.006099998019635677 -0.0054652090184390545 0.0065101380459964275
v 0.006099640857428312 -0.0065312981605529785 0.005480408202856779
v 0.006099998019635677 -0.006790995132178068 0.005112051032483578
v 0.006099998019635677 -0.006483017932623625 0.0054368372075259686
v 0.006099640857428312 -0.0065312981605529785 -0.005480408202856779
v 0.006099640857428312 -0.005480408202856779 -0.0065312981605529785
v 0.006099998019635677 -0.006506680976599455 -0.0054587721824646
v 0.006099998019635677 -0.0065513248555362225 -0.005415855906903744
v 0.006099640857428312 -0.0065312981605529785 -0.005480408202856779
v 0.006099998019635677 -0.006506680976599455 -0.0054587721824646
v 0.006099998019635677 -0.007322192192077637 -0.004224717151373625
v 0.006099640857428312 -0.007383762858808041 -0.004262982867658138
v 0.006099998019635677 -0.0065513248555362225 -0.005415855906903744
v 0.006099640857428312 -0.007383762858808041 -0.004262982867658138
v 0.006099640857428312 -0.0065312981605529785 -0.005480408202856779
v 0.006099998019635677 -0.0065513248555362225 -0.005415855906903744
v 0.006099640857428312 -0.006978212855756283 0.004898726008832455
v 0.006099998019635677 -0.007315874099731445 0.00422322703525424
v 0.006099998019635677 -0.006790995132178068 0.005112051032483578
v 0.006099640857428312 -0.0065312981605529785 0.005480408202856779
v 0.006099640857428312 -0.006978212855756283 0.004898726008832455
v 0.006099998019635677 -0.006790995132178068 0.005112051032483578
v 0.006099640857428312 -0.0077241649851202965 0.0036097760312259197
v 0.006099998019635677 -0.007755755912512541 0.0034782879520207644
v 0.006099998019635677 -0.007315874099731445 0.00422322703525424
v 0.006099640857428312 -0.007383762858808041 0.004262982867658138
v 0.006099640857428312 -0.0077241649851202965 0.0036097760312259197
v 0.006099998019635677 -0.007315874099731445 0.00422322703525424
v 0.006099640857428312 -0.006978212855756283 0.004898726008832455
v 0.006099640857428312 -0.007383762858808041 0.004262982867658138
v 0.006099998019635677 -0.007315874099731445 0.00422322703525424
v 0.006099998019635677 -0.0076239099726080894 -0.003758548991754651
v 0.006099640857428312 -0.007383762858808041 -0.004262982867658138
v 0.006099998019635677 -0.007322192192077637 -0.004224717151373625
v 0.006099640857428312 -0.0077241649851202965 -0.0036097760312259197
v 0.006099640857428312 -0.007383762858808041 -0.004262982867658138
v 0.006099998019635677 -0.0076239099726080894 -0.003758548991754651
v 0.006099998019635677 -0.007932007312774658 -0.002887547016143799
v 0.006099640857428312 -0.0077241649851202965 -0.0036097760312259197
v 0.006099998019635677 -0.0076239099726080894 -0.003758548991754651
v 0.006099640857428312 -0.008011817000806332 0.0029160380363464355
v 0.006099998019635677 -0.007945001125335693 0.002893446944653988
v 0.006099998019635677 -0.007755755912512541 0.0034782879520207644
v 0.006099640857428312 -0.0077241649851202965 0.0036097760312259197
v 0.006099640857428312 -0.008011817000806332 0.0029160380363464355
v 0.006099998019635677 -0.007755755912512541 0.0034782879520207644
v 0.006099640857428312 -0.008011817000806332 -0.0029160380363464355
v 0.006099640857428312 -0.0077241649851202965 -0.0036097760312259197
v 0.006099998019635677 -0.007932007312774658 -0.002887547016143799
v 0.006099998019635677 -0.008291423320770264 -0.0018715850310400128
v 0.006099640857428312 -0.008011817000806332 -0.0029160380363464355
v 0.006099998019635677 -0.007932007312774658 -0.002887547016143799
v 0.006099640857428312 -0.008011817000806332 0.0029160380363464355
v 0.006099998019635677 -0.008322893641889095 0.0017259119777008891
v 0.006099998019635677 -0.007945001125335693 0.002893446944653988
v 0.006099640857428312 -0.008396506309509277 -0.001480518956668675
v 0.006099640857428312 -0.008011817000806332 -0.0029160380363464355
v 0.006099998019635677 -0.008291423320770264 -0.0018715850310400128
v 0.006099998019635677 -0.008335947059094906 -0.0014721150510013103
v 0.006099640857428312 -0.008396506309509277 -0.001480518956668675
v 0.006099998019635677 -0.008291423320770264 -0.0018715850310400128
v 0.006099640857428312 -0.008396506309509277 0.001480518956668675
v 0.006099998019635677 -0.008348762057721615 0.0014737240271642804
v 0.006099998019635677 -0.008322893641889095 0.0017259119777008891
v 0.006099640857428312 -0.008011817000806332 0.0029160380363464355
v 0.006099640857428312 -0.008396506309509277 0.001480518956668675
v 0.006099998019635677 -0.008322893641889095 0.0017259119777008891
v 0.006099998019635677 -0.00849997904151678 0.0
v 0.006099640857428312 -0.008396506309509277 -0.001480518956668675
v 0.006099998019635677 -0.008335947059094906 -0.0014721150510013103
v 0.006099640857428312 -0.008526027202606201 0.0
v 0.006099998019635677 -0.00849997904151678 0.0
v 0.006099998019635677 -0.008348762057721615 0.0014737240271642804
v 0.006099640857428312 -0.008396506309509277 0.001480518956668675
v 0.006099640857428312 -0.008526027202606201 0.0
v 0.006099998019635677 -0.008348762057721615 0.0014737240271642804
v 0.006099640857428312 -0.008526027202606201 0.0
v 0.006099640857428312 -0.008396506309509277 -0.001480518956668675
v 0.006099998019635677 -0.00849997904151678 0.0
v 0.006022095214575529 0.0 -0.008842170238494873
v 0.006035565864294767 0.008953033946454525 -0.008845925331115723
v 0.006099640857428312 0.0 -0.008526027202606201
v 0.006099640857428312 -0.001480518956668675 -0.008396506309509277
v 0.006022095214575529 0.0 -0.008842170238494873
v 0.006099640857428312 0.0 -0.008526027202606201
v 0.006022095214575529 0.0 0.008842170238494873
v 0.006099640857428312 -0.001480518956668675 0.008396506309509277
v 0.006099640857428312 0.0 0.008526027202606201
v 0.0059982528910040855 -0.0030574200209230185 -0.008400261402130127
v 0.0059982528910040855 -0.0015522829489782453 -0.00880354642868042
v 0.006099640857428312 -0.001480518956668675 -0.008396506309509277
v 0.0059982528910040855 -0.0015522829489782453 -0.00880354642868042
v 0.006022095214575529 0.0 -0.008842170238494873
v 0.006099640857428312 -0.001480518956668675 -0.008396506309509277
v 0.006099640857428312 -0.0029160380363464355 -0.008011817000806332
v 0.0059982528910040855 -0.0030574200209230185 -0.008400261402130127
v 0.006099640857428312 -0.001480518956668675 -0.008396506309509277
v 0.006022095214575529 0.0 0.008842170238494873
v 0.0059982528910040855 -0.0015522829489782453 0.00880354642868042
v 0.006099640857428312 -0.001480518956668675 0.008396506309509277
v 0.0059982528910040855 -0.0015522829489782453 0.00880354642868042
v 0.006099640857428312 -0.002182543044909835 0.00824195146560669
v 0.006099640857428312 -0.001480518956668675 0.008396506309509277
v 0.0059982528910040855 -0.0015522829489782453 0.00880354642868042
v 0.006099640857428312 -0.0029160380363464355 0.008011817000806332
v 0.006099640857428312 -0.002182543044909835 0.00824195146560669
v 0.006099640857428312 -0.0035844440571963787 -0.007735908031463623
v 0.0059982528910040855 -0.0030574200209230185 -0.008400261402130127
v 0.006099640857428312 -0.0029160380363464355 -0.008011817000806332
v 0.0059982528910040855 -0.0030574200209230185 0.008400261402130127
v 0.006099640857428312 -0.0035844440571963787 0.007735908031463623
v 0.006099640857428312 -0.0029160380363464355 0.008011817000806332
v 0.0059982528910040855 -0.0015522829489782453 0.00880354642868042
v 0.0059982528910040855 -0.0030574200209230185 0.008400261402130127
v 0.006099640857428312 -0.0029160380363464355 0.008011817000806332
v 0.0059982528910040855 -0.004469691775739193 -0.007741689216345549
v 0.0059982528910040855 -0.0030574200209230185 -0.008400261402130127
v 0.006099640857428312 -0.0035844440571963787 -0.007735908031463623
v 0.006099640857428312 -0.004262982867658138 -0.007383762858808041
v 0.0059982528910040855 -0.004469691775739193 -0.007741689216345549
v 0.006099640857428312 -0.0035844440571963787 -0.007735908031463623
v 0.0059982528910040855 -0.0030574200209230185 0.008400261402130127
v 0.006099640857428312 -0.004262982867658138 0.007383762858808041
v 0.006099640857428312 -0.0035844440571963787 0.007735908031463623
v 0.0059982528910040855 -0.005746126174926758 -0.0068479180335998535
v 0.0059982528910040855 -0.004469691775739193 -0.007741689216345549
v 0.006099640857428312 -0.004262982867658138 -0.007383762858808041
v 0.006099640857428312 -0.005480408202856779 -0.0065312981605529785
v 0.0059982528910040855 -0.005746126174926758 -0.0068479180335998535
v 0.006099640857428312 -0.004262982867658138 -0.007383762858808041
v 0.0059982528910040855 -0.004469691775739193 0.007741689216345549
v 0.006099640857428312 -0.005480408202856779 0.0065312981605529785
v 0.006099640857428312 -0.004262982867658138 0.007383762858808041
v 0.0059982528910040855 -0.0030574200209230185 0.008400261402130127
v 0.0059982528910040855 -0.004469691775739193 0.007741689216345549
v 0.006099640857428312 -0.004262982867658138 0.007383762858808041
v 0.0059982528910040855 -0.0068479180335998535 -0.005746126174926758
v 0.0059982528910040855 -0.005746126174926758 -0.0068479180335998535
v 0.006099640857428312 -0.005480408202856779 -0.0065312981605529785
v 0.006099640857428312 -0.0065312981605529785 -0.005480408202856779
v 0.0059982528910040855 -0.0068479180335998535 -0.005746126174926758
v 0.006099640857428312 -0.005480408202856779 -0.0065312981605529785
v 0.0059982528910040855 -0.005746126174926758 0.0068479180335998535
v 0.006099640857428312 -0.0065312981605529785 0.005480408202856779
v 0.006099640857428312 -0.005480408202856779 0.0065312981605529785
v 0.0059982528910040855 -0.004469691775739193 0.007741689216345549
v 0.0059982528910040855 -0.005746126174926758 0.0068479180335998535
v 0.006099640857428312 -0.005480408202856779 0.0065312981605529785
v 0.0059982528910040855 -0.007741689216345549 -0.004469691775739193
v 0.0059982528910040855 -0.0068479180335998535 -0.005746126174926758
v 0.006099640857428312 -0.0065312981605529785 -0.005480408202856779
v 0.006099640857428312 -0.007383762858808041 -0.004262982867658138
v 0.0059982528910040855 -0.007741689216345549 -0.004469691775739193
v 0.006099640857428312 -0.0065312981605529785 -0.005480408202856779
v 0.0059982528910040855 -0.0068479180335998535 0.005746126174926758
v 0.006099640857428312 -0.006978212855756283 0.004898726008832455
v 0.006099640857428312 -0.0065312981605529785 0.005480408202856779
v 0.0059982528910040855 -0.005746126174926758 0.0068479180335998535
v 0.0059982528910040855 -0.0068479180335998535 0.005746126174926758
v 0.006099640857428312 -0.0065312981605529785 0.005480408202856779
v 0.0059982528910040855 -0.0068479180335998535 0.005746126174926758
v 0.006099640857428312 -0.007383762858808041 0.004262982867658138
v 0.006099640857428312 -0.006978212855756283 0.004898726008832455
v 0.006099640857428312 -0.0077241649851202965 -0.0036097760312259197
v 0.0059982528910040855 -0.007741689216345549 -0.004469691775739193
v 0.006099640857428312 -0.007383762858808041 -0.004262982867658138
v 0.0059982528910040855 -0.007741689216345549 0.004469691775739193
v 0.006099640857428312 -0.0077241649851202965 0.0036097760312259197
v 0.006099640857428312 -0.007383762858808041 0.004262982867658138
v 0.0059982528910040855 -0.0068479180335998535 0.005746126174926758
v 0.0059982528910040855 -0.007741689216345549 0.004469691775739193
v 0.006099640857428312 -0.007383762858808041 0.004262982867658138
v 0.0059982528910040855 -0.008400261402130127 -0.0030574200209230185
v 0.0059982528910040855 -0.007741689216345549 -0.004469691775739193
v 0.006099640857428312 -0.0077241649851202965 -0.0036097760312259197
v 0.006099640857428312 -0.008011817000806332 -0.0029160380363464355
v 0.0059982528910040855 -0.008400261402130127 -0.0030574200209230185
v 0.006099640857428312 -0.0077241649851202965 -0.0036097760312259197
v 0.0059982528910040855 -0.007741689216345549 0.004469691775739193
v 0.006099640857428312 -0.008011817000806332 0.0029160380363464355
v 0.006099640857428312 -0.0077241649851202965 0.0036097760312259197
v 0.0059982528910040855 -0.00880354642868042 -0.0015522829489782453
v 0.0059982528910040855 -0.008400261402130127 -0.0030574200209230185
v 0.006099640857428312 -0.008011817000806332 -0.0029160380363464355
v 0.006099640857428312 -0.008396506309509277 -0.001480518956668675
v 0.0059982528910040855 -0.00880354642868042 -0.0015522829489782453
v 0.006099640857428312 -0.008011817000806332 -0.0029160380363464355
v 0.0059982528910040855 -0.008400261402130127 0.0030574200209230185
v 0.006099640857428312 -0.008396506309509277 0.001480518956668675
v 0.006099640857428312 -0.008011817000806332 0.0029160380363464355
v 0.0059982528910040855 -0.007741689216345549 0.004469691775739193
v 0.0059982528910040855 -0.008400261402130127 0.0030574200209230185
v 0.006099640857428312 -0.008011817000806332 0.0029160380363464355
v 0.0059982528910040855 -0.008939385414123535 0.0
v 0.0059982528910040855 -0.00880354642868042 -0.0015522829489782453
v 0.006099640857428312 -0.008396506309509277 -0.001480518956668675
v 0.006099640857428312 -0.008526027202606201 0.0
v 0.0059982528910040855 -0.008939385414123535 0.0
v 0.006099640857428312 -0.008396506309509277 -0.001480518956668675
v 0.0059982528910040855 -0.00880354642868042 0.0015522829489782453
v 0.006099640857428312 -0.008526027202606201 0.0
v 0.006099640857428312 -0.008396506309509277 0.001480518956668675
v 0.0059982528910040855 -0.008400261402130127 0.0030574200209230185
v 0.0059982528910040855 -0.00880354642868042 0.0015522829489782453
v 0.006099640857428312 -0.008396506309509277 0.001480518956668675
v 0.0059982528910040855 -0.00880354642868042 0.0015522829489782453
v 0.0059982528910040855 -0.008939385414123535 0.0
v 0.006099640857428312 -0.008526027202606201 0.0
v 0.006030081771314144 0.008948028087615967 0.008839665912091732
v 0.006022095214575529 0.0 0.008842170238494873
v 0.006097673904150724 0.00839775800704956 0.008568464778363705
v 0.006022095214575529 0.0 -0.008842170238494873
v 0.006032644771039486 0.008983670733869076 -0.0088615408167243
v 0.006035565864294767 0.008953033946454525 -0.008845925331115723
v 0.005789697170257568 0.0 -0.009192763827741146
v 0.005839346908032894 0.0097465505823493 -0.009173274040222168
v 0.006032644771039486 0.008983670733869076 -0.0088615408167243
v 0.006022095214575529 0.0 -0.008842170238494873
v 0.0059982528910040855 0.0 -0.008939385414123535
v 0.006032644771039486 0.008983670733869076 -0.0088615408167243
v 0.0059982528910040855 0.0 -0.008939385414123535
v 0.005789697170257568 0.0 -0.009192763827741146
v 0.006032644771039486 0.008983670733869076 -0.0088615408167243
v 0.00602906895801425 0.008955894969403744 0.008843599818646908
v 0.006022095214575529 0.0 0.008842170238494873
v 0.006030081771314144 0.008948028087615967 0.008839665912091732
v 0.0059982528910040855 0.0 0.008939385414123535
v 0.006022095214575529 0.0 0.008842170238494873
v 0.00602906895801425 0.008955894969403744 0.008843599818646908
v 0.006012796889990568 0.009088218212127686 0.00890880823135376
v 0.0059982528910040855 0.0 0.008939385414123535
v 0.00602906895801425 0.008955894969403744 0.008843599818646908
v 0.0059982528910040855 -0.0015522829489782453 -0.00880354642868042
v 0.0059982528910040855 0.0 -0.008939385414123535
v 0.006022095214575529 0.0 -0.008842170238494873
v 0.0059982528910040855 0.0 0.008939385414123535
v 0.0059982528910040855 -0.0015522829489782453 0.00880354642868042
v 0.006022095214575529 0.0 0.008842170238494873
v 0.005789697170257568 0.0 0.009192763827741146
v 0.0059982528910040855 0.0 0.008939385414123535
v 0.006012796889990568 0.009088218212127686 0.00890880823135376
v 0.0058272480964660645 0.009782910346984863 0.009186327457427979
v 0.005789697170257568 0.0 0.009192763827741146
v 0.006012796889990568 0.009088218212127686 0.00890880823135376
v 0.0059982528910040855 -0.0015522829489782453 -0.00880354642868042
v 0.005789697170257568 0.0 -0.009192763827741146
v 0.0059982528910040855 0.0 -0.008939385414123535
v 0.005789697170257568 0.0 0.009192763827741146
v 0.0059982528910040855 -0.0015522829489782453 0.00880354642868042
v 0.0059982528910040855 0.0 0.008939385414123535
v 0.005703746806830168 -0.003179787890985608 -0.008736430667340755
v 0.005703746806830168 -0.0016143909888342023 -0.00915586855262518
v 0.0059982528910040855 -0.0015522829489782453 -0.00880354642868042
v 0.005703746806830168 -0.0016143909888342023 -0.00915586855262518
v 0.005789697170257568 0.0 -0.009192763827741146
v 0.0059982528910040855 -0.0015522829489782453 -0.00880354642868042
v 0.0059982528910040855 -0.0030574200209230185 -0.008400261402130127
v 0.005703746806830168 -0.003179787890985608 -0.008736430667340755
v 0.0059982528910040855 -0.0015522829489782453 -0.00880354642868042
v 0.005789697170257568 0.0 0.009192763827741146
v 0.005703746806830168 -0.0016143909888342023 0.00915586855262518
v 0.0059982528910040855 -0.0015522829489782453 0.00880354642868042
v 0.005703746806830168 -0.0016143909888342023 0.00915586855262518
v 0.0059982528910040855 -0.0030574200209230185 0.008400261402130127
v 0.0059982528910040855 -0.0015522829489782453 0.00880354642868042
v 0.0059982528910040855 -0.004469691775739193 -0.007741689216345549
v 0.005703746806830168 -0.0046485657803714275 -0.008051513694226742
v 0.0059982528910040855 -0.0030574200209230185 -0.008400261402130127
v 0.005703746806830168 -0.0046485657803714275 -0.008051513694226742
v 0.005703746806830168 -0.003179787890985608 -0.008736430667340755
v 0.0059982528910040855 -0.0030574200209230185 -0.008400261402130127
v 0.005703746806830168 -0.003179787890985608 0.008736430667340755
v 0.0059982528910040855 -0.004469691775739193 0.007741689216345549
v 0.0059982528910040855 -0.0030574200209230185 0.008400261402130127
v 0.005703746806830168 -0.0016143909888342023 0.00915586855262518
v 0.005703746806830168 -0.003179787890985608 0.008736430667340755
v 0.0059982528910040855 -0.0030574200209230185 0.008400261402130127
v 0.005703746806830168 -0.00597607996314764 -0.0071219801902771
v 0.005703746806830168 -0.0046485657803714275 -0.008051513694226742
v 0.0059982528910040855 -0.004469691775739193 -0.007741689216345549
v 0.0059982528910040855 -0.005746126174926758 -0.0068479180335998535
v 0.005703746806830168 -0.00597607996314764 -0.0071219801902771
v 0.0059982528910040855 -0.004469691775739193 -0.007741689216345549
v 0.005703746806830168 -0.0046485657803714275 0.008051513694226742
v 0.0059982528910040855 -0.005746126174926758 0.0068479180335998535
v 0.0059982528910040855 -0.004469691775739193 0.007741689216345549
v 0.005703746806830168 -0.003179787890985608 0.008736430667340755
v 0.005703746806830168 -0.0046485657803714275 0.008051513694226742
v 0.0059982528910040855 -0.004469691775739193 0.007741689216345549
v 0.005703746806830168 -0.0071219801902771 -0.00597607996314764
v 0.005703746806830168 -0.00597607996314764 -0.0071219801902771
v 0.0059982528910040855 -0.005746126174926758 -0.0068479180335998535
v 0.0059982528910040855 -0.0068479180335998535 -0.005746126174926758
v 0.005703746806830168 -0.0071219801902771 -0.00597607996314764
v 0.0059982528910040855 -0.005746126174926758 -0.0068479180335998535
v 0.005703746806830168 -0.0046485657803714275 0.008051513694226742
v 0.005703746806830168 -0.00597607996314764 0.0071219801902771
v 0.0059982528910040855 -0.005746126174926758 0.0068479180335998535
v 0.005703746806830168 -0.00597607996314764 0.0071219801902771
v 0.0059982528910040855 -0.0068479180335998535 0.005746126174926758
v 0.0059982528910040855 -0.005746126174926758 0.0068479180335998535
v 0.005703746806830168 -0.008051513694226742 -0.0046485657803714275
v 0.005703746806830168 -0.0071219801902771 -0.00597607996314764
v 0.0059982528910040855 -0.0068479180335998535 -0.005746126174926758
v 0.0059982528910040855 -0.007741689216345549 -0.004469691775739193
v 0.005703746806830168 -0.008051513694226742 -0.0046485657803714275
v 0.0059982528910040855 -0.0068479180335998535 -0.005746126174926758
v 0.005703746806830168 -0.0071219801902771 0.00597607996314764
v 0.0059982528910040855 -0.007741689216345549 0.004469691775739193
v 0.0059982528910040855 -0.0068479180335998535 0.005746126174926758
v 0.005703746806830168 -0.00597607996314764 0.0071219801902771
v 0.005703746806830168 -0.0071219801902771 0.00597607996314764
v 0.0059982528910040855 -0.0068479180335998535 0.005746126174926758
v 0.005703746806830168 -0.008736430667340755 -0.003179787890985608
v 0.005703746806830168 -0.008051513694226742 -0.0046485657803714275
v 0.0059982528910040855 -0.007741689216345549 -0.004469691775739193
v 0.0059982528910040855 -0.008400261402130127 -0.0030574200209230185
v 0.005703746806830168 -0.008736430667340755 -0.003179787890985608
v 0.0059982528910040855 -0.007741689216345549 -0.004469691775739193
v 0.005703746806830168 -0.008051513694226742 0.0046485657803714275
v 0.0059982528910040855 -0.008400261402130127 0.0030574200209230185
v 0.0059982528910040855 -0.007741689216345549 0.004469691775739193
v 0.005703746806830168 -0.0071219801902771 0.00597607996314764
v 0.005703746806830168 -0.008051513694226742 0.0046485657803714275
v 0.0059982528910040855 -0.007741689216345549 0.004469691775739193
v 0.005703746806830168 -0.00915586855262518 -0.0016143909888342023
v 0.005703746806830168 -0.008736430667340755 -0.003179787890985608
v 0.0059982528910040855 -0.008400261402130127 -0.0030574200209230185
v 0.0059982528910040855 -0.00880354642868042 -0.0015522829489782453
v 0.005703746806830168 -0.00915586855262518 -0.0016143909888342023
v 0.0059982528910040855 -0.008400261402130127 -0.0030574200209230185
v 0.005703746806830168 -0.008736430667340755 0.003179787890985608
v 0.0059982528910040855 -0.00880354642868042 0.0015522829489782453
v 0.0059982528910040855 -0.008400261402130127 0.0030574200209230185
v 0.005703746806830168 -0.008051513694226742 0.0046485657803714275
v 0.005703746806830168 -0.008736430667340755 0.003179787890985608
v 0.0059982528910040855 -0.008400261402130127 0.0030574200209230185
v 0.005703746806830168 -0.009297131560742855 0.0
v 0.005703746806830168 -0.00915586855262518 -0.0016143909888342023
v 0.0059982528910040855 -0.00880354642868042 -0.0015522829489782453
v 0.0059982528910040855 -0.008939385414123535 0.0
v 0.005703746806830168 -0.009297131560742855 0.0
v 0.0059982528910040855 -0.00880354642868042 -0.0015522829489782453
v 0.005703746806830168 -0.00915586855262518 0.0016143909888342023
v 0.0059982528910040855 -0.008939385414123535 0.0
v 0.0059982528910040855 -0.00880354642868042 0.0015522829489782453
v 0.005703746806830168 -0.008736430667340755 0.003179787890985608
v 0.005703746806830168 -0.00915586855262518 0.0016143909888342023
v 0.0059982528910040855 -0.00880354642868042 0.0015522829489782453
v 0.005703746806830168 -0.00915586855262518 0.0016143909888342023
v 0.005703746806830168 -0.009297131560742855 0.0
v 0.0059982528910040855 -0.008939385414123535 0.0
v 0.005789697170257568 0.0 -0.009192763827741146
v 0.005802690051496029 0.009834527038037777 -0.009201407432556152
v 0.005839346908032894 0.0097465505823493 -0.009173274040222168
v 0.0058044190518558025 0.009837149642407894 0.009203553199768066
v 0.005789697170257568 0.0 0.009192763827741146
v 0.0058272480964660645 0.009782910346984863 0.009186327457427979
v 0.005703746806830168 0.0 0.009297131560742855
v 0.005789697170257568 0.0 0.009192763827741146
v 0.0058044190518558025 0.009837149642407894 0.009203553199768066
v 0.0054364800453186035 0.0 0.009416759014129639
v 0.005703746806830168 0.0 0.009297131560742855
v 0.0058044190518558025 0.009837149642407894 0.009203553199768066
v 0.005558073054999113 0.010421030223369598 0.009388864040374756
v 0.0054364800453186035 0.0 0.009416759014129639
v 0.0058044190518558025 0.009837149642407894 0.009203553199768066
v 0.005789697170257568 0.0 -0.009192763827741146
v 0.005558073054999113 0.010421030223369598 -0.009388864040374756
v 0.005802690051496029 0.009834527038037777 -0.009201407432556152
v 0.0054710498079657555 0.010579340159893036 -0.009428559802472591
v 0.005558073054999113 0.010421030223369598 -0.009388864040374756
v 0.005789697170257568 0.0 -0.009192763827741146
v 0.005703746806830168 0.0 -0.009297131560742855
v 0.0054710498079657555 0.010579340159893036 -0.009428559802472591
v 0.005789697170257568 0.0 -0.009192763827741146
v 0.005703746806830168 -0.0016143909888342023 -0.00915586855262518
v 0.005703746806830168 0.0 -0.009297131560742855
v 0.005789697170257568 0.0 -0.009192763827741146
v 0.005703746806830168 0.0 0.009297131560742855
v 0.005703746806830168 -0.0016143909888342023 0.00915586855262518
v 0.005789697170257568 0.0 0.009192763827741146
v 0.005445003043860197 0.010625000111758709 -0.009433566592633724
v 0.0054710498079657555 0.010579340159893036 -0.009428559802472591
v 0.005703746806830168 0.0 -0.009297131560742855
v 0.0054364800453186035 0.0 -0.009416759014129639
v 0.005445003043860197 0.010625000111758709 -0.009433566592633724
v 0.005703746806830168 0.0 -0.009297131560742855
v 0.005703746806830168 -0.0016143909888342023 -0.00915586855262518
v 0.0054364800453186035 0.0 -0.009416759014129639
v 0.005703746806830168 0.0 -0.009297131560742855
v 0.0054364800453186035 0.0 0.009416759014129639
v 0.005703746806830168 -0.0016143909888342023 0.00915586855262518
v 0.005703746806830168 0.0 0.009297131560742855
v 0.005292177200317383 -0.0016463990323245525 -0.009337306022644043
v 0.0054364800453186035 0.0 -0.009416759014129639
v 0.005703746806830168 -0.0016143909888342023 -0.00915586855262518
v 0.005292177200317383 -0.003242790000513196 -0.00890952255576849
v 0.005292177200317383 -0.0016463990323245525 -0.009337306022644043
v 0.005703746806830168 -0.0016143909888342023 -0.00915586855262518
v 0.005703746806830168 -0.003179787890985608 -0.008736430667340755
v 0.005292177200317383 -0.003242790000513196 -0.00890952255576849
v 0.005703746806830168 -0.0016143909888342023 -0.00915586855262518
v 0.0054364800453186035 0.0 0.009416759014129639
v 0.005292177200317383 -0.0016463990323245525 0.009337306022644043
v 0.005703746806830168 -0.0016143909888342023 0.00915586855262518
v 0.005292177200317383 -0.0016463990323245525 0.009337306022644043
v 0.005703746806830168 -0.003179787890985608 0.008736430667340755
v 0.005703746806830168 -0.0016143909888342023 0.00915586855262518
v 0.005292177200317383 -0.004740654956549406 -0.008211076259613037
v 0.005292177200317383 -0.003242790000513196 -0.00890952255576849
v 0.005703746806830168 -0.003179787890985608 -0.008736430667340755
v 0.005703746806830168 -0.0046485657803714275 -0.008051513694226742
v 0.005292177200317383 -0.004740654956549406 -0.008211076259613037
v 0.005703746806830168 -0.003179787890985608 -0.008736430667340755
v 0.005292177200317383 -0.003242790000513196 0.00890952255576849
v 0.005703746806830168 -0.0046485657803714275 0.008051513694226742
v 0.005703746806830168 -0.003179787890985608 0.008736430667340755
v 0.005292177200317383 -0.0016463990323245525 0.009337306022644043
v 0.005292177200317383 -0.003242790000513196 0.00890952255576849
v 0.005703746806830168 -0.003179787890985608 0.008736430667340755
v 0.005703746806830168 -0.00597607996314764 -0.0071219801902771
v 0.005292177200317383 -0.006094454787671566 -0.00726312305778265
v 0.005703746806830168 -0.0046485657803714275 -0.008051513694226742
v 0.005292177200317383 -0.006094454787671566 -0.00726312305778265
v 0.005292177200317383 -0.004740654956549406 -0.008211076259613037
v 0.005703746806830168 -0.0046485657803714275 -0.008051513694226742
v 0.005292177200317383 -0.004740654956549406 0.008211076259613037
v 0.005703746806830168 -0.00597607996314764 0.0071219801902771
v 0.005703746806830168 -0.0046485657803714275 0.008051513694226742
v 0.005292177200317383 -0.003242790000513196 0.00890952255576849
v 0.005292177200317383 -0.004740654956549406 0.008211076259613037
v 0.005703746806830168 -0.0046485657803714275 0.008051513694226742
v 0.005292177200317383 -0.00726312305778265 -0.006094454787671566
v 0.005292177200317383 -0.006094454787671566 -0.00726312305778265
v 0.005703746806830168 -0.00597607996314764 -0.0071219801902771
v 0.005703746806830168 -0.0071219801902771 -0.00597607996314764
v 0.005292177200317383 -0.00726312305778265 -0.006094454787671566
v 0.005703746806830168 -0.00597607996314764 -0.0071219801902771
v 0.005292177200317383 -0.006094454787671566 0.00726312305778265
v 0.005703746806830168 -0.0071219801902771 0.00597607996314764
v 0.005703746806830168 -0.00597607996314764 0.0071219801902771
v 0.005292177200317383 -0.004740654956549406 0.008211076259613037
v 0.005292177200317383 -0.006094454787671566 0.00726312305778265
v 0.005703746806830168 -0.00597607996314764 0.0071219801902771
v 0.005292177200317383 -0.008211076259613037 -0.004740654956549406
v 0.005292177200317383 -0.00726312305778265 -0.006094454787671566
v 0.005703746806830168 -0.0071219801902771 -0.00597607996314764
v 0.005703746806830168 -0.008051513694226742 -0.0046485657803714275
v 0.005292177200317383 -0.008211076259613037 -0.004740654956549406
v 0.005703746806830168 -0.0071219801902771 -0.00597607996314764
v 0.005292177200317383 -0.00726312305778265 0.006094454787671566
v 0.005703746806830168 -0.008051513694226742 0.0046485657803714275
v 0.005703746806830168 -0.0071219801902771 0.00597607996314764
v 0.005292177200317383 -0.006094454787671566 0.00726312305778265
v 0.005292177200317383 -0.00726312305778265 0.006094454787671566
v 0.005703746806830168 -0.0071219801902771 0.00597607996314764
v 0.005292177200317383 -0.00890952255576849 -0.003242790000513196
v 0.005292177200317383 -0.008211076259613037 -0.004740654956549406
v 0.005703746806830168 -0.008051513694226742 -0.0046485657803714275
v 0.005703746806830168 -0.008736430667340755 -0.003179787890985608
v 0.005292177200317383 -0.00890952255576849 -0.003242790000513196
v 0.005703746806830168 -0.008051513694226742 -0.0046485657803714275
v 0.005292177200317383 -0.008211076259613037 0.004740654956549406
v 0.005703746806830168 -0.008736430667340755 0.003179787890985608
v 0.005703746806830168 -0.008051513694226742 0.0046485657803714275
v 0.005292177200317383 -0.00726312305778265 0.006094454787671566
v 0.005292177200317383 -0.008211076259613037 0.004740654956549406
v 0.005703746806830168 -0.008051513694226742 0.0046485657803714275
v 0.005292177200317383 -0.009337306022644043 -0.0016463990323245525
v 0.005292177200317383 -0.00890952255576849 -0.003242790000513196
v 0.005703746806830168 -0.008736430667340755 -0.003179787890985608
v 0.005703746806830168 -0.00915586855262518 -0.0016143909888342023
v 0.005292177200317383 -0.009337306022644043 -0.0016463990323245525
v 0.005703746806830168 -0.008736430667340755 -0.003179787890985608
v 0.005292177200317383 -0.00890952255576849 0.003242790000513196
v 0.005703746806830168 -0.00915586855262518 0.0016143909888342023
v 0.005703746806830168 -0.008736430667340755 0.003179787890985608
v 0.005292177200317383 -0.008211076259613037 0.004740654956549406
v 0.005292177200317383 -0.00890952255576849 0.003242790000513196
v 0.005703746806830168 -0.008736430667340755 0.003179787890985608
v 0.005292177200317383 -0.009481309913098812 0.0
v 0.005292177200317383 -0.009337306022644043 -0.0016463990323245525
v 0.005703746806830168 -0.00915586855262518 -0.0016143909888342023
v 0.005703746806830168 -0.009297131560742855 0.0
v 0.005292177200317383 -0.009481309913098812 0.0
v 0.005703746806830168 -0.00915586855262518 -0.0016143909888342023
v 0.005292177200317383 -0.009337306022644043 0.0016463990323245525
v 0.005703746806830168 -0.009297131560742855 0.0
v 0.005703746806830168 -0.00915586855262518 0.0016143909888342023
v 0.005292177200317383 -0.00890952255576849 0.003242790000513196
v 0.005292177200317383 -0.009337306022644043 0.0016463990323245525
v 0.005703746806830168 -0.00915586855262518 0.0016143909888342023
v 0.005292177200317383 -0.009337306022644043 0.0016463990323245525
v 0.005292177200317383 -0.009481309913098812 0.0
v 0.005703746806830168 -0.009297131560742855 0.0
v 0.005441843997687101 0.010627860203385353 0.009425281547009945
v 0.0054364800453186035 0.0 0.009416759014129639
v 0.005558073054999113 0.010421030223369598 0.009388864040374756
v -0.005678771995007992 0.05016797035932541 -0.0018103709444403648
v -0.005496323108673096 0.05047833174467087 -0.0014999499544501305
v 0.005496323108673096 0.05047833174467087 -0.0014999499544501305
v 0.005292177200317383 0.0 -0.009481309913098812
v 0.005099952220916748 0.011229930445551872 -0.009499967098236084
v 0.005445003043860197 0.010625000111758709 -0.009433566592633724
v 0.0054364800453186035 0.0 -0.009416759014129639
v 0.005292177200317383 0.0 -0.009481309913098812
v 0.005445003043860197 0.010625000111758709 -0.009433566592633724
v 0.00523066520690918 0.011003670282661915 0.009491384029388428
v 0.005292177200317383 0.0 0.009481309913098812
v 0.005441843997687101 0.010627860203385353 0.009425281547009945
v 0.005292177200317383 0.0 0.009481309913098812
v 0.0054364800453186035 0.0 0.009416759014129639
v 0.005441843997687101 0.010627860203385353 0.009425281547009945
v 0.005292177200317383 -0.0016463990323245525 -0.009337306022644043
v 0.005292177200317383 0.0 -0.009481309913098812
v 0.0054364800453186035 0.0 -0.009416759014129639
v 0.005292177200317383 0.0 0.009481309913098812
v 0.005292177200317383 -0.0016463990323245525 0.009337306022644043
v 0.0054364800453186035 0.0 0.009416759014129639
v 0.005099952220916748 0.0 -0.009499967098236084
v 0.005099952220916748 0.011229930445551872 -0.009499967098236084
v 0.005292177200317383 0.0 -0.009481309913098812
v 0.005099952220916748 -0.0016496180323883891 -0.009355664253234863
v 0.005099952220916748 0.0 -0.009499967098236084
v 0.005292177200317383 0.0 -0.009481309913098812
v 0.005292177200317383 -0.0016463990323245525 -0.009337306022644043
v 0.005099952220916748 -0.0016496180323883891 -0.009355664253234863
v 0.005292177200317383 0.0 -0.009481309913098812
v 0.00523066520690918 0.011003670282661915 0.009491384029388428
v 0.005099952220916748 0.0 0.009499967098236084
v 0.005292177200317383 0.0 0.009481309913098812
v 0.005099952220916748 0.0 0.009499967098236084
v 0.005292177200317383 -0.0016463990323245525 0.009337306022644043
v 0.005292177200317383 0.0 0.009481309913098812
v 0.005099952220916748 -0.002264617942273617 -0.009190857410430908
v 0.005099952220916748 -0.0016496180323883891 -0.009355664253234863
v 0.005292177200317383 -0.0016463990323245525 -0.009337306022644043
v 0.005292177200317383 -0.003242790000513196 -0.00890952255576849
v 0.005099952220916748 -0.002264617942273617 -0.009190857410430908
v 0.005292177200317383 -0.0016463990323245525 -0.009337306022644043
v 0.005099952220916748 -0.0016496180323883891 0.009355664253234863
v 0.005099952220916748 -0.002264617942273617 0.009190857410430908
v 0.005292177200317383 -0.0016463990323245525 0.009337306022644043
v 0.005099952220916748 0.0 0.009499967098236084
v 0.005099952220916748 -0.0016496180323883891 0.009355664253234863
v 0.005292177200317383 -0.0016463990323245525 0.009337306022644043
v 0.005099952220916748 -0.002264617942273617 0.009190857410430908
v 0.005292177200317383 -0.003242790000513196 0.00890952255576849
v 0.005292177200317383 -0.0016463990323245525 0.009337306022644043
v 0.005292177200317383 -0.004740654956549406 -0.008211076259613037
v 0.005099952220916748 -0.004404007922858 -0.008388519287109375
v 0.005292177200317383 -0.003242790000513196 -0.00890952255576849
v 0.005099952220916748 -0.004404007922858 -0.008388519287109375
v 0.005099952220916748 -0.0032491679303348064 -0.00892704725265503
v 0.005292177200317383 -0.003242790000513196 -0.00890952255576849
v 0.005099952220916748 -0.0032491679303348064 -0.00892704725265503
v 0.005099952220916748 -0.002264617942273617 -0.009190857410430908
v 0.005292177200317383 -0.003242790000513196 -0.00890952255576849
v 0.005099952220916748 -0.0032491679303348064 0.00892704725265503
v 0.005292177200317383 -0.004740654956549406 0.008211076259613037
v 0.005292177200317383 -0.003242790000513196 0.00890952255576849
v 0.005099952220916748 -0.002264617942273617 0.009190857410430908
v 0.005099952220916748 -0.0032491679303348064 0.00892704725265503
v 0.005292177200317383 -0.003242790000513196 0.00890952255576849
v 0.005099952220916748 -0.006106435786932707 -0.007277369033545256
v 0.005099952220916748 -0.00474995281547308 -0.008227229118347168
v 0.005292177200317383 -0.004740654956549406 -0.008211076259613037
v 0.005099952220916748 -0.00474995281547308 -0.008227229118347168
v 0.005099952220916748 -0.004404007922858 -0.008388519287109375
v 0.005292177200317383 -0.004740654956549406 -0.008211076259613037
v 0.005292177200317383 -0.006094454787671566 -0.00726312305778265
v 0.005099952220916748 -0.006106435786932707 -0.007277369033545256
v 0.005292177200317383 -0.004740654956549406 -0.008211076259613037
v 0.005099952220916748 -0.0032491679303348064 0.00892704725265503
v 0.005099952220916748 -0.004404007922858 0.008388519287109375
v 0.005292177200317383 -0.004740654956549406 0.008211076259613037
v 0.005099952220916748 -0.00474995281547308 0.008227229118347168
v 0.005292177200317383 -0.006094454787671566 0.00726312305778265
v 0.005292177200317383 -0.004740654956549406 0.008211076259613037
v 0.005099952220916748 -0.004404007922858 0.008388519287109375
v 0.005099952220916748 -0.00474995281547308 0.008227229118347168
v 0.005292177200317383 -0.004740654956549406 0.008211076259613037
v 0.005099952220916748 -0.007277369033545256 -0.006106435786932707
v 0.005099952220916748 -0.006286323070526123 -0.007097541820257902
v 0.005292177200317383 -0.006094454787671566 -0.00726312305778265
v 0.005292177200317383 -0.00726312305778265 -0.006094454787671566
v 0.005099952220916748 -0.007277369033545256 -0.006106435786932707
v 0.005292177200317383 -0.006094454787671566 -0.00726312305778265
v 0.005099952220916748 -0.006286323070526123 -0.007097541820257902
v 0.005099952220916748 -0.006106435786932707 -0.007277369033545256
v 0.005292177200317383 -0.006094454787671566 -0.00726312305778265
v 0.005099952220916748 -0.00474995281547308 0.008227229118347168
v 0.005099952220916748 -0.006106435786932707 0.007277369033545256
v 0.005292177200317383 -0.006094454787671566 0.00726312305778265
v 0.005099952220916748 -0.006106435786932707 0.007277369033545256
v 0.005099952220916748 -0.006286323070526123 0.007097541820257902
v 0.005292177200317383 -0.006094454787671566 0.00726312305778265
v 0.005099952220916748 -0.006286323070526123 0.007097541820257902
v 0.005292177200317383 -0.00726312305778265 0.006094454787671566
v 0.005292177200317383 -0.006094454787671566 0.00726312305778265
v 0.005099952220916748 -0.007788896095007658 -0.005375980865210295
v 0.005099952220916748 -0.007277369033545256 -0.006106435786932707
v 0.005292177200317383 -0.00726312305778265 -0.006094454787671566
v 0.005292177200317383 -0.008211076259613037 -0.004740654956549406
v 0.005099952220916748 -0.007788896095007658 -0.005375980865210295
v 0.005292177200317383 -0.00726312305778265 -0.006094454787671566
v 0.005099952220916748 -0.007788896095007658 0.005375980865210295
v 0.005292177200317383 -0.008211076259613037 0.004740654956549406
v 0.005292177200317383 -0.00726312305778265 0.006094454787671566
v 0.005099952220916748 -0.006286323070526123 0.007097541820257902
v 0.005099952220916748 -0.007277369033545256 0.006106435786932707
v 0.005292177200317383 -0.00726312305778265 0.006094454787671566
v 0.005099952220916748 -0.007277369033545256 0.006106435786932707
v 0.005099952220916748 -0.007788896095007658 0.005375980865210295
v 0.005292177200317383 -0.00726312305778265 0.006094454787671566
v 0.005292177200317383 -0.00890952255576849 -0.003242790000513196
v 0.005099952220916748 -0.008873342536389828 -0.00336438394151628
v 0.005292177200317383 -0.008211076259613037 -0.004740654956549406
v 0.005099952220916748 -0.008873342536389828 -0.00336438394151628
v 0.005099952220916748 -0.008227229118347168 -0.00474995281547308
v 0.005292177200317383 -0.008211076259613037 -0.004740654956549406
v 0.005099952220916748 -0.008227229118347168 -0.00474995281547308
v 0.005099952220916748 -0.007788896095007658 -0.005375980865210295
v 0.005292177200317383 -0.008211076259613037 -0.004740654956549406
v 0.005099952220916748 -0.007788896095007658 0.005375980865210295
v 0.005099952220916748 -0.008227229118347168 0.00474995281547308
v 0.005292177200317383 -0.008211076259613037 0.004740654956549406
v 0.005099952220916748 -0.008227229118347168 0.00474995281547308
v 0.005292177200317383 -0.00890952255576849 0.003242790000513196
v 0.005292177200317383 -0.008211076259613037 0.004740654956549406
v 0.005292177200317383 -0.009337306022644043 -0.0016463990323245525
v 0.005099952220916748 -0.009355664253234863 -0.0016496180323883891
v 0.005292177200317383 -0.00890952255576849 -0.003242790000513196
v 0.005099952220916748 -0.009355664253234863 -0.0016496180323883891
v 0.005099952220916748 -0.00892704725265503 -0.0032491679303348064
v 0.005292177200317383 -0.00890952255576849 -0.003242790000513196
v 0.005099952220916748 -0.00892704725265503 -0.0032491679303348064
v 0.005099952220916748 -0.008873342536389828 -0.00336438394151628
v 0.005292177200317383 -0.00890952255576849 -0.003242790000513196
v 0.005099952220916748 -0.00892704725265503 0.0032491679303348064
v 0.005292177200317383 -0.009337306022644043 0.0016463990323245525
v 0.005292177200317383 -0.00890952255576849 0.003242790000513196
v 0.005099952220916748 -0.008227229118347168 0.00474995281547308
v 0.005099952220916748 -0.008873342536389828 0.00336438394151628
v 0.005292177200317383 -0.00890952255576849 0.003242790000513196
v 0.005099952220916748 -0.008873342536389828 0.00336438394151628
v 0.005099952220916748 -0.00892704725265503 0.0032491679303348064
v 0.005292177200317383 -0.00890952255576849 0.003242790000513196
v 0.005292177200317383 -0.009481309913098812 0.0
v 0.005099952220916748 -0.009499967098236084 0.0
v 0.005292177200317383 -0.009337306022644043 -0.0016463990323245525
v 0.005099952220916748 -0.009499967098236084 0.0
v 0.005099952220916748 -0.009400010108947754 -0.0011423820396885276
v 0.005292177200317383 -0.009337306022644043 -0.0016463990323245525
v 0.005099952220916748 -0.009400010108947754 -0.0011423820396885276
v 0.005099952220916748 -0.009355664253234863 -0.0016496180323883891
v 0.005292177200317383 -0.009337306022644043 -0.0016463990323245525
v 0.005099952220916748 -0.00892704725265503 0.0032491679303348064
v 0.005099952220916748 -0.009355664253234863 0.0016496180323883891
v 0.005292177200317383 -0.009337306022644043 0.0016463990323245525
v 0.005099952220916748 -0.009355664253234863 0.0016496180323883891
v 0.005099952220916748 -0.009400010108947754 0.0011423820396885276
v 0.005292177200317383 -0.009337306022644043 0.0016463990323245525
v 0.005099952220916748 -0.009400010108947754 0.0011423820396885276
v 0.005292177200317383 -0.009481309913098812 0.0
v 0.005292177200317383 -0.009337306022644043 0.0016463990323245525
v 0.005099952220916748 -0.009400010108947754 0.0011423820396885276
v 0.005099952220916748 -0.009499967098236084 0.0
v 0.005292177200317383 -0.009481309913098812 0.0
v 0.005099952220916748 0.011229930445551872 0.009499967098236084
v 0.005099952220916748 0.0 0.009499967098236084
v 0.00523066520690918 0.011003670282661915 0.009491384029388428
v 0.005099952220916748 0.0 -0.009499967098236084
v -0.006099998019635677 0.0 -0.009499967098236084
v 0.005099952220916748 0.011229930445551872 -0.009499967098236084
v -0.006099998019635677 0.0 -0.009499967098236084
v -0.006099998019635677 0.009547412395477295 -0.009499967098236084
v 0.005099952220916748 0.011229930445551872 -0.009499967098236084
v -0.006099998019635677 0.009547412395477295 -0.009499967098236084
v -0.00841605570167303 0.020327379927039146 -0.009500086307525635
v 0.005099952220916748 0.011229930445551872 -0.009499967098236084
v -0.00841605570167303 0.020327379927039146 -0.009500086307525635
v -0.007699965965002775 0.02039998024702072 -0.009499967098236084
v 0.005099952220916748 0.011229930445551872 -0.009499967098236084
v -0.006099998019635677 0.009547412395477295 0.009499967098236084
v 0.005099952220916748 0.0 0.009499967098236084
v 0.005099952220916748 0.011229930445551872 0.009499967098236084
v 0.005099952220916748 -0.0016496180323883891 -0.009355664253234863
v -0.006099998019635677 -0.0016496180323883891 -0.009355664253234863
v 0.005099952220916748 0.0 -0.009499967098236084
v -0.006099998019635677 -0.0016496180323883891 -0.009355664253234863
v -0.006099998019635677 0.0 -0.009499967098236084
v 0.005099952220916748 0.0 -0.009499967098236084
v -0.006099998019635677 0.009547412395477295 0.009499967098236084
v -0.006099998019635677 0.0 0.009499967098236084
v 0.005099952220916748 0.0 0.009499967098236084
v -0.006099998019635677 0.0 0.009499967098236084
v 0.005099952220916748 -0.0016496180323883891 0.009355664253234863
v 0.005099952220916748 0.0 0.009499967098236084
v 0.005099952220916748 -0.002264617942273617 -0.009190857410430908
v -0.006099998019635677 -0.002264617942273617 -0.009190857410430908
v 0.005099952220916748 -0.0016496180323883891 -0.009355664253234863
v -0.006099998019635677 -0.002264617942273617 -0.009190857410430908
v -0.006099998019635677 -0.0016496180323883891 -0.009355664253234863
v 0.005099952220916748 -0.0016496180323883891 -0.009355664253234863
v -0.006099998019635677 0.0 0.009499967098236084
v -0.006099998019635677 -0.0016496180323883891 0.009355664253234863
v 0.005099952220916748 -0.0016496180323883891 0.009355664253234863
v -0.006099998019635677 -0.0016496180323883891 0.009355664253234863
v 0.005099952220916748 -0.002264617942273617 0.009190857410430908
v 0.005099952220916748 -0.0016496180323883891 0.009355664253234863
v 0.005099952220916748 -0.0032491679303348064 -0.00892704725265503
v -0.006099998019635677 -0.0032491679303348064 -0.00892704725265503
v 0.005099952220916748 -0.002264617942273617 -0.009190857410430908
v -0.006099998019635677 -0.0032491679303348064 -0.00892704725265503
v -0.006099998019635677 -0.002264617942273617 -0.009190857410430908
v 0.005099952220916748 -0.002264617942273617 -0.009190857410430908
v -0.006099998019635677 -0.0016496180323883891 0.009355664253234863
v -0.006099998019635677 -0.002264617942273617 0.009190857410430908
v 0.005099952220916748 -0.002264617942273617 0.009190857410430908
v -0.006099998019635677 -0.002264617942273617 0.009190857410430908
v 0.005099952220916748 -0.0032491679303348064 0.00892704725265503
v 0.005099952220916748 -0.002264617942273617 0.009190857410430908
v 0.005099952220916748 -0.004404007922858 -0.008388519287109375
v -0.006099998019635677 -0.004404007922858 -0.008388519287109375
v 0.005099952220916748 -0.0032491679303348064 -0.00892704725265503
v -0.006099998019635677 -0.004404007922858 -0.008388519287109375
v -0.006099998019635677 -0.0032491679303348064 -0.00892704725265503
v 0.005099952220916748 -0.0032491679303348064 -0.00892704725265503
v -0.006099998019635677 -0.002264617942273617 0.009190857410430908
v -0.006099998019635677 -0.0032491679303348064 0.00892704725265503
v 0.005099952220916748 -0.0032491679303348064 0.00892704725265503
v -0.006099998019635677 -0.0032491679303348064 0.00892704725265503
v 0.005099952220916748 -0.004404007922858 0.008388519287109375
v 0.005099952220916748 -0.0032491679303348064 0.00892704725265503
v 0.005099952220916748 -0.00474995281547308 -0.008227229118347168
v -0.006099998019635677 -0.00474995281547308 -0.008227229118347168
v 0.005099952220916748 -0.004404007922858 -0.008388519287109375
v -0.006099998019635677 -0.00474995281547308 -0.008227229118347168
v -0.006099998019635677 -0.004404007922858 -0.008388519287109375
v 0.005099952220916748 -0.004404007922858 -0.008388519287109375
v -0.006099998019635677 -0.0032491679303348064 0.00892704725265503
v -0.006099998019635677 -0.004404007922858 0.008388519287109375
v 0.005099952220916748 -0.004404007922858 0.008388519287109375
v -0.006099998019635677 -0.004404007922858 0.008388519287109375
v 0.005099952220916748 -0.00474995281547308 0.008227229118347168
v 0.005099952220916748 -0.004404007922858 0.008388519287109375
v 0.005099952220916748 -0.006106435786932707 -0.007277369033545256
v -0.006099998019635677 -0.006106435786932707 -0.007277369033545256
v 0.005099952220916748 -0.00474995281547308 -0.008227229118347168
v -0.006099998019635677 -0.006106435786932707 -0.007277369033545256
v -0.006099998019635677 -0.00474995281547308 -0.008227229118347168
v 0.005099952220916748 -0.00474995281547308 -0.008227229118347168
v -0.006099998019635677 -0.004404007922858 0.008388519287109375
v -0.006099998019635677 -0.00474995281547308 0.008227229118347168
v 0.005099952220916748 -0.00474995281547308 0.008227229118347168
v -0.006099998019635677 -0.00474995281547308 0.008227229118347168
v 0.005099952220916748 -0.006106435786932707 0.007277369033545256
v 0.005099952220916748 -0.00474995281547308 0.008227229118347168
v 0.005099952220916748 -0.006286323070526123 -0.007097541820257902
v -0.006099998019635677 -0.006286323070526123 -0.007097541820257902
v 0.005099952220916748 -0.006106435786932707 -0.007277369033545256
v -0.006099998019635677 -0.006286323070526123 -0.007097541820257902
v -0.006099998019635677 -0.006106435786932707 -0.007277369033545256
v 0.005099952220916748 -0.006106435786932707 -0.007277369033545256
v -0.006099998019635677 -0.00474995281547308 0.008227229118347168
v -0.006099998019635677 -0.006106435786932707 0.007277369033545256
v 0.005099952220916748 -0.006106435786932707 0.007277369033545256
v -0.006099998019635677 -0.006106435786932707 0.007277369033545256
v 0.005099952220916748 -0.006286323070526123 0.007097541820257902
v 0.005099952220916748 -0.006106435786932707 0.007277369033545256
v 0.005099952220916748 -0.007277369033545256 -0.006106435786932707
v -0.006099998019635677 -0.007277369033545256 -0.006106435786932707
v 0.005099952220916748 -0.006286323070526123 -0.007097541820257902
v -0.006099998019635677 -0.007277369033545256 -0.006106435786932707
v -0.006099998019635677 -0.006286323070526123 -0.007097541820257902
v 0.005099952220916748 -0.006286323070526123 -0.007097541820257902
v -0.006099998019635677 -0.006106435786932707 0.007277369033545256
v -0.006099998019635677 -0.006286323070526123 0.007097541820257902
v 0.005099952220916748 -0.006286323070526123 0.007097541820257902
v -0.006099998019635677 -0.006286323070526123 0.007097541820257902
v 0.005099952220916748 -0.007277369033545256 0.006106435786932707
v 0.005099952220916748 -0.006286323070526123 0.007097541820257902
v 0.005099952220916748 -0.007788896095007658 -0.005375980865210295
v -0.006099998019635677 -0.007788896095007658 -0.005375980865210295
v 0.005099952220916748 -0.007277369033545256 -0.006106435786932707
v -0.006099998019635677 -0.007788896095007658 -0.005375980865210295
v -0.006099998019635677 -0.007277369033545256 -0.006106435786932707
v 0.005099952220916748 -0.007277369033545256 -0.006106435786932707
v -0.006099998019635677 -0.006286323070526123 0.007097541820257902
v -0.006099998019635677 -0.007277369033545256 0.006106435786932707
v 0.005099952220916748 -0.007277369033545256 0.006106435786932707
v -0.006099998019635677 -0.007277369033545256 0.006106435786932707
v 0.005099952220916748 -0.007788896095007658 0.005375980865210295
v 0.005099952220916748 -0.007277369033545256 0.006106435786932707
v 0.005099952220916748 -0.008227229118347168 -0.00474995281547308
v -0.006099998019635677 -0.008227229118347168 -0.00474995281547308
v 0.005099952220916748 -0.007788896095007658 -0.005375980865210295
v -0.006099998019635677 -0.008227229118347168 -0.00474995281547308
v -0.006099998019635677 -0.007788896095007658 -0.005375980865210295
v 0.005099952220916748 -0.007788896095007658 -0.005375980865210295
v -0.006099998019635677 -0.007277369033545256 0.006106435786932707
v -0.006099998019635677 -0.007788896095007658 0.005375980865210295
v 0.005099952220916748 -0.007788896095007658 0.005375980865210295
v -0.006099998019635677 -0.007788896095007658 0.005375980865210295
v 0.005099952220916748 -0.008227229118347168 0.00474995281547308
v 0.005099952220916748 -0.007788896095007658 0.005375980865210295
v 0.005099952220916748 -0.008873342536389828 -0.00336438394151628
v -0.006099998019635677 -0.008873342536389828 -0.00336438394151628
v 0.005099952220916748 -0.008227229118347168 -0.00474995281547308
v -0.006099998019635677 -0.008873342536389828 -0.00336438394151628
v -0.006099998019635677 -0.008227229118347168 -0.00474995281547308
v 0.005099952220916748 -0.008227229118347168 -0.00474995281547308
v -0.006099998019635677 -0.007788896095007658 0.005375980865210295
v -0.006099998019635677 -0.008227229118347168 0.00474995281547308
v 0.005099952220916748 -0.008227229118347168 0.00474995281547308
v -0.006099998019635677 -0.008227229118347168 0.00474995281547308
v 0.005099952220916748 -0.008873342536389828 0.00336438394151628
v 0.005099952220916748 -0.008227229118347168 0.00474995281547308
v 0.005099952220916748 -0.00892704725265503 -0.0032491679303348064
v -0.006099998019635677 -0.00892704725265503 -0.0032491679303348064
v 0.005099952220916748 -0.008873342536389828 -0.00336438394151628
v -0.006099998019635677 -0.00892704725265503 -0.0032491679303348064
v -0.006099998019635677 -0.008873342536389828 -0.00336438394151628
v 0.005099952220916748 -0.008873342536389828 -0.00336438394151628
v -0.006099998019635677 -0.008227229118347168 0.00474995281547308
v -0.006099998019635677 -0.008873342536389828 0.00336438394151628
v 0.005099952220916748 -0.008873342536389828 0.00336438394151628
v -0.006099998019635677 -0.008873342536389828 0.00336438394151628
v 0.005099952220916748 -0.00892704725265503 0.0032491679303348064
v 0.005099952220916748 -0.008873342536389828 0.00336438394151628
v 0.005099952220916748 -0.009355664253234863 -0.0016496180323883891
v -0.006099998019635677 -0.009355664253234863 -0.0016496180323883891
v 0.005099952220916748 -0.00892704725265503 -0.0032491679303348064
v -0.006099998019635677 -0.009355664253234863 -0.0016496180323883891
v -0.006099998019635677 -0.00892704725265503 -0.0032491679303348064
v 0.005099952220916748 -0.00892704725265503 -0.0032491679303348064
v -0.006099998019635677 -0.008873342536389828 0.00336438394151628
v -0.006099998019635677 -0.00892704725265503 0.0032491679303348064
v 0.005099952220916748 -0.00892704725265503 0.0032491679303348064
v -0.006099998019635677 -0.00892704725265503 0.0032491679303348064
v 0.005099952220916748 -0.009355664253234863 0.0016496180323883891
v 0.005099952220916748 -0.00892704725265503 0.0032491679303348064
v 0.005099952220916748 -0.009400010108947754 -0.0011423820396885276
v -0.006099998019635677 -0.009400010108947754 -0.0011423820396885276
v 0.005099952220916748 -0.009355664253234863 -0.0016496180323883891
v -0.006099998019635677 -0.009400010108947754 -0.0011423820396885276
v -0.006099998019635677 -0.009355664253234863 -0.0016496180323883891
v 0.005099952220916748 -0.009355664253234863 -0.0016496180323883891
v -0.006099998019635677 -0.00892704725265503 0.0032491679303348064
v -0.006099998019635677 -0.009355664253234863 0.0016496180323883891
v 0.005099952220916748 -0.009355664253234863 0.0016496180323883891
v -0.006099998019635677 -0.009355664253234863 0.0016496180323883891
v 0.005099952220916748 -0.009400010108947754 0.0011423820396885276
v 0.005099952220916748 -0.009355664253234863 0.0016496180323883891
v 0.005099952220916748 -0.009499967098236084 0.0
v -0.006099998019635677 -0.009499967098236084 0.0
v 0.005099952220916748 -0.009400010108947754 -0.0011423820396885276
v -0.006099998019635677 -0.009499967098236084 0.0
v -0.006099998019635677 -0.009400010108947754 -0.0011423820396885276
v 0.005099952220916748 -0.009400010108947754 -0.0011423820396885276
v -0.006099998019635677 -0.009355664253234863 0.0016496180323883891
v -0.006099998019635677 -0.009400010108947754 0.0011423820396885276
v 0.005099952220916748 -0.009400010108947754 0.0011423820396885276
v -0.006099998019635677 -0.009400010108947754 0.0011423820396885276
v 0.005099952220916748 -0.009499967098236084 0.0
v 0.005099952220916748 -0.009400010108947754 0.0011423820396885276
v -0.006099998019635677 -0.009400010108947754 0.0011423820396885276
v -0.006099998019635677 -0.009499967098236084 0.0
v 0.005099952220916748 -0.009499967098236084 0.0
v -0.005678771995007992 0.05016797035932541 -0.0018103709444403648
v -0.006069660186767578 0.05040472000837326 -0.0014999499544501305
v -0.005496323108673096 0.05047833174467087 -0.0014999499544501305
v -0.006936788093298674 0.0491475984454155 -0.002663194900378585
v -0.006564675830304623 0.0498998686671257 -0.0019227260490879416
v -0.005678771995007992 0.05016797035932541 -0.0018103709444403648
v -0.006169915199279785 0.04907047003507614 -0.0029078118968755007
v -0.006936788093298674 0.0491475984454155 -0.002663194900378585
v -0.005678771995007992 0.05016797035932541 -0.0018103709444403648
v -0.006564675830304623 0.0498998686671257 -0.0019227260490879416
v -0.006317793857306242 0.05031149834394455 -0.0014999499544501305
v -0.005678771995007992 0.05016797035932541 -0.0018103709444403648
v -0.006317793857306242 0.05031149834394455 -0.0014999499544501305
v -0.006069660186767578 0.05040472000837326 -0.0014999499544501305
v -0.005678771995007992 0.05016797035932541 -0.0018103709444403648
v -0.010199960321187973 0.009547412395477295 -0.009499967098236084
v -0.010199960321187973 0.019598839804530144 -0.009499967098236084
v -0.006099998019635677 0.009547412395477295 -0.009499967098236084
v -0.010199960321187973 0.019598839804530144 -0.009499967098236084
v -0.01014970988035202 0.01962720975279808 -0.009499967098236084
v -0.006099998019635677 0.009547412395477295 -0.009499967098236084
v -0.01014970988035202 0.01962720975279808 -0.009499967098236084
v -0.010003440082073212 0.019710000604391098 -0.009499967098236084
v -0.006099998019635677 0.009547412395477295 -0.009499967098236084
v -0.010003440082073212 0.019710000604391098 -0.009499967098236084
v -0.009110747836530209 0.02012634091079235 -0.009499967098236084
v -0.006099998019635677 0.009547412395477295 -0.009499967098236084
v -0.009110747836530209 0.02012634091079235 -0.009499967098236084
v -0.008638381026685238 0.020263010635972023 -0.009500025771558285
v -0.006099998019635677 0.009547412395477295 -0.009499967098236084
v -0.008638381026685238 0.020263010635972023 -0.009500025771558285
v -0.00841605570167303 0.020327379927039146 -0.009500086307525635
v -0.006099998019635677 0.009547412395477295 -0.009499967098236084
v -0.006445765029639006 0.009054303169250488 -0.00943684484809637
v -0.010199960321187973 0.009547412395477295 -0.009499967098236084
v -0.006099998019635677 0.009547412395477295 -0.009499967098236084
v -0.006099998019635677 0.0 -0.009499967098236084
v -0.006445765029639006 0.009054303169250488 -0.00943684484809637
v -0.006099998019635677 0.009547412395477295 -0.009499967098236084
v -0.008492170833051205 0.020311469212174416 0.009499967098236084
v -0.008637726306915283 0.020265750586986542 0.009499967098236084
v -0.006099998019635677 0.009547412395477295 0.009499967098236084
v -0.007699965965002775 0.02039998024702072 0.009499967098236084
v -0.007803380023688078 0.02039843052625656 0.009499967098236084
v -0.006099998019635677 0.009547412395477295 0.009499967098236084
v -0.007803380023688078 0.02039843052625656 0.009499967098236084
v -0.008492170833051205 0.020311469212174416 0.009499967098236084
v -0.006099998019635677 0.009547412395477295 0.009499967098236084
v -0.010153289884328842 0.019621960818767548 0.009499967098236084
v -0.010199960321187973 0.009547412395477295 0.009499967098236084
v -0.006099998019635677 0.009547412395477295 0.009499967098236084
v -0.009233473800122738 0.02007877081632614 0.009499967098236084
v -0.010153289884328842 0.019621960818767548 0.009499967098236084
v -0.006099998019635677 0.009547412395477295 0.009499967098236084
v -0.008637726306915283 0.020265750586986542 0.009499967098236084
v -0.009233473800122738 0.02007877081632614 0.009499967098236084
v -0.006099998019635677 0.009547412395477295 0.009499967098236084
v -0.006445765029639006 0.009054303169250488 0.00943684484809637
v -0.006099998019635677 0.0 0.009499967098236084
v -0.006099998019635677 0.009547412395477295 0.009499967098236084
v -0.010199960321187973 0.009547412395477295 0.009499967098236084
v -0.006445765029639006 0.009054303169250488 0.00943684484809637
v -0.006099998019635677 0.009547412395477295 0.009499967098236084
v -0.0064413538202643394 0.0 -0.00941848661750555
v -0.006445765029639006 0.009054303169250488 -0.00943684484809637
v -0.006099998019635677 0.0 -0.009499967098236084
v -0.006099998019635677 -0.0016496180323883891 -0.009355664253234863
v -0.0064413538202643394 0.0 -0.00941848661750555
v -0.006099998019635677 0.0 -0.009499967098236084
v -0.0064413538202643394 0.0 0.00941848661750555
v -0.006099998019635677 -0.0016496180323883891 0.009355664253234863
v -0.006099998019635677 0.0 0.009499967098236084
v -0.006445765029639006 0.009054303169250488 0.00943684484809637
v -0.0064413538202643394 0.0 0.00941848661750555
v -0.006099998019635677 0.0 0.009499967098236084
v -0.006099998019635677 -0.002264617942273617 -0.009190857410430908
v -0.00655174208804965 -0.0016309020575135946 -0.009249447844922543
v -0.006099998019635677 -0.0016496180323883891 -0.009355664253234863
v -0.00655174208804965 -0.0016309020575135946 -0.009249447844922543
v -0.0064413538202643394 0.0 -0.00941848661750555
v -0.006099998019635677 -0.0016496180323883891 -0.009355664253234863
v -0.0064413538202643394 0.0 0.00941848661750555
v -0.00655174208804965 -0.0016309020575135946 0.009249447844922543
v -0.006099998019635677 -0.0016496180323883891 0.009355664253234863
v -0.00655174208804965 -0.0016309020575135946 0.009249447844922543
v -0.006099998019635677 -0.002264617942273617 0.009190857410430908
v -0.006099998019635677 -0.0016496180323883891 0.009355664253234863
v -0.00655174208804965 -0.0032122728880494833 -0.008825719356536865
v -0.00655174208804965 -0.0016309020575135946 -0.009249447844922543
v -0.006099998019635677 -0.002264617942273617 -0.009190857410430908
v -0.006099998019635677 -0.0032491679303348064 -0.00892704725265503
v -0.00655174208804965 -0.0032122728880494833 -0.008825719356536865
v -0.006099998019635677 -0.002264617942273617 -0.009190857410430908
v -0.00655174208804965 -0.0016309020575135946 0.009249447844922543
v -0.006099998019635677 -0.0032491679303348064 0.00892704725265503
v -0.006099998019635677 -0.002264617942273617 0.009190857410430908
v -0.00655174208804965 -0.004696071147918701 -0.008133827708661556
v -0.00655174208804965 -0.0032122728880494833 -0.008825719356536865
v -0.006099998019635677 -0.0032491679303348064 -0.00892704725265503
v -0.006099998019635677 -0.004404007922858 -0.008388519287109375
v -0.00655174208804965 -0.004696071147918701 -0.008133827708661556
v -0.006099998019635677 -0.0032491679303348064 -0.00892704725265503
v -0.00655174208804965 -0.0032122728880494833 0.008825719356536865
v -0.006099998019635677 -0.004404007922858 0.008388519287109375
v -0.006099998019635677 -0.0032491679303348064 0.00892704725265503
v -0.00655174208804965 -0.0016309020575135946 0.009249447844922543
v -0.00655174208804965 -0.0032122728880494833 0.008825719356536865
v -0.006099998019635677 -0.0032491679303348064 0.00892704725265503
v -0.006099998019635677 -0.00474995281547308 -0.008227229118347168
v -0.00655174208804965 -0.004696071147918701 -0.008133827708661556
v -0.006099998019635677 -0.004404007922858 -0.008388519287109375
v -0.00655174208804965 -0.004696071147918701 0.008133827708661556
v -0.006099998019635677 -0.00474995281547308 0.008227229118347168
v -0.006099998019635677 -0.004404007922858 0.008388519287109375
v -0.00655174208804965 -0.0032122728880494833 0.008825719356536865
v -0.00655174208804965 -0.004696071147918701 0.008133827708661556
v -0.006099998019635677 -0.004404007922858 0.008388519287109375
v -0.00655174208804965 -0.006037116050720215 -0.007194756995886564
v -0.00655174208804965 -0.004696071147918701 -0.008133827708661556
v -0.006099998019635677 -0.00474995281547308 -0.008227229118347168
v -0.006099998019635677 -0.006106435786932707 -0.007277369033545256
v -0.00655174208804965 -0.006037116050720215 -0.007194756995886564
v -0.006099998019635677 -0.00474995281547308 -0.008227229118347168
v -0.00655174208804965 -0.004696071147918701 0.008133827708661556
v -0.006099998019635677 -0.006106435786932707 0.007277369033545256
v -0.006099998019635677 -0.00474995281547308 0.008227229118347168
v -0.006099998019635677 -0.006286323070526123 -0.007097541820257902
v -0.00655174208804965 -0.006037116050720215 -0.007194756995886564
v -0.006099998019635677 -0.006106435786932707 -0.007277369033545256
v -0.00655174208804965 -0.006037116050720215 0.007194756995886564
v -0.006099998019635677 -0.006286323070526123 0.007097541820257902
v -0.006099998019635677 -0.006106435786932707 0.007277369033545256
v -0.00655174208804965 -0.004696071147918701 0.008133827708661556
v -0.00655174208804965 -0.006037116050720215 0.007194756995886564
v -0.006099998019635677 -0.006106435786932707 0.007277369033545256
v -0.00655174208804965 -0.007194756995886564 -0.006037116050720215
v -0.00655174208804965 -0.006037116050720215 -0.007194756995886564
v -0.006099998019635677 -0.006286323070526123 -0.007097541820257902
v -0.006099998019635677 -0.007277369033545256 -0.006106435786932707
v -0.00655174208804965 -0.007194756995886564 -0.006037116050720215
v -0.006099998019635677 -0.006286323070526123 -0.007097541820257902
v -0.00655174208804965 -0.007194756995886564 0.006037116050720215
v -0.006099998019635677 -0.007277369033545256 0.006106435786932707
v -0.006099998019635677 -0.006286323070526123 0.007097541820257902
v -0.00655174208804965 -0.006037116050720215 0.007194756995886564
v -0.00655174208804965 -0.007194756995886564 0.006037116050720215
v -0.006099998019635677 -0.006286323070526123 0.007097541820257902
v -0.00655174208804965 -0.008133827708661556 -0.004696071147918701
v -0.00655174208804965 -0.007194756995886564 -0.006037116050720215
v -0.006099998019635677 -0.007277369033545256 -0.006106435786932707
v -0.006099998019635677 -0.007788896095007658 -0.005375980865210295
v -0.00655174208804965 -0.008133827708661556 -0.004696071147918701
v -0.006099998019635677 -0.007277369033545256 -0.006106435786932707
v -0.00655174208804965 -0.007194756995886564 0.006037116050720215
v -0.006099998019635677 -0.007788896095007658 0.005375980865210295
v -0.006099998019635677 -0.007277369033545256 0.006106435786932707
v -0.006099998019635677 -0.008227229118347168 -0.00474995281547308
v -0.00655174208804965 -0.008133827708661556 -0.004696071147918701
v -0.006099998019635677 -0.007788896095007658 -0.005375980865210295
v -0.00655174208804965 -0.008133827708661556 0.004696071147918701
v -0.006099998019635677 -0.008227229118347168 0.00474995281547308
v -0.006099998019635677 -0.007788896095007658 0.005375980865210295
v -0.00655174208804965 -0.007194756995886564 0.006037116050720215
v -0.00655174208804965 -0.008133827708661556 0.004696071147918701
v -0.006099998019635677 -0.007788896095007658 0.005375980865210295
v -0.006099998019635677 -0.008873342536389828 -0.00336438394151628
v -0.00655174208804965 -0.008133827708661556 -0.004696071147918701
v -0.006099998019635677 -0.008227229118347168 -0.00474995281547308
v -0.00655174208804965 -0.008133827708661556 0.004696071147918701
v -0.006099998019635677 -0.008873342536389828 0.00336438394151628
v -0.006099998019635677 -0.008227229118347168 0.00474995281547308
v -0.00655174208804965 -0.008825719356536865 -0.0032122728880494833
v -0.00655174208804965 -0.008133827708661556 -0.004696071147918701
v -0.006099998019635677 -0.008873342536389828 -0.00336438394151628
v -0.006099998019635677 -0.00892704725265503 -0.0032491679303348064
v -0.00655174208804965 -0.008825719356536865 -0.0032122728880494833
v -0.006099998019635677 -0.008873342536389828 -0.00336438394151628
v -0.00655174208804965 -0.008825719356536865 0.0032122728880494833
v -0.006099998019635677 -0.00892704725265503 0.0032491679303348064
v -0.006099998019635677 -0.008873342536389828 0.00336438394151628
v -0.00655174208804965 -0.008133827708661556 0.004696071147918701
v -0.00655174208804965 -0.008825719356536865 0.0032122728880494833
v -0.006099998019635677 -0.008873342536389828 0.00336438394151628
v -0.00655174208804965 -0.009249447844922543 -0.0016309020575135946
v -0.00655174208804965 -0.008825719356536865 -0.0032122728880494833
v -0.006099998019635677 -0.00892704725265503 -0.0032491679303348064
v -0.006099998019635677 -0.009355664253234863 -0.0016496180323883891
v -0.00655174208804965 -0.009249447844922543 -0.0016309020575135946
v -0.006099998019635677 -0.00892704725265503 -0.0032491679303348064
v -0.00655174208804965 -0.008825719356536865 0.0032122728880494833
v -0.006099998019635677 -0.009355664253234863 0.0016496180323883891
v -0.006099998019635677 -0.00892704725265503 0.0032491679303348064
v -0.006099998019635677 -0.009400010108947754 -0.0011423820396885276
v -0.00655174208804965 -0.009249447844922543 -0.0016309020575135946
v -0.006099998019635677 -0.009355664253234863 -0.0016496180323883891
v -0.00655174208804965 -0.009249447844922543 0.0016309020575135946
v -0.006099998019635677 -0.009400010108947754 0.0011423820396885276
v -0.006099998019635677 -0.009355664253234863 0.0016496180323883891
v -0.00655174208804965 -0.008825719356536865 0.0032122728880494833
v -0.00655174208804965 -0.009249447844922543 0.0016309020575135946
v -0.006099998019635677 -0.009355664253234863 0.0016496180323883891
v -0.00655174208804965 -0.009392142295837402 0.0
v -0.00655174208804965 -0.009249447844922543 -0.0016309020575135946
v -0.006099998019635677 -0.009400010108947754 -0.0011423820396885276
v -0.006099998019635677 -0.009499967098236084 0.0
v -0.00655174208804965 -0.009392142295837402 0.0
v -0.006099998019635677 -0.009400010108947754 -0.0011423820396885276
v -0.00655174208804965 -0.009249447844922543 0.0016309020575135946
v -0.006099998019635677 -0.009499967098236084 0.0
v -0.006099998019635677 -0.009400010108947754 0.0011423820396885276
v -0.00655174208804965 -0.009249447844922543 0.0016309020575135946
v -0.00655174208804965 -0.009392142295837402 0.0
v -0.006099998019635677 -0.009499967098236084 0.0
v -0.006458580028265715 0.04842548817396164 -0.0035527939908206463
v -0.006936788093298674 0.0491475984454155 -0.002663194900378585
v -0.006169915199279785 0.04907047003507614 -0.0029078118968755007
v -0.006564675830304623 0.0498998686671257 -0.0019227260490879416
v -0.006672321818768978 0.0501784011721611 -0.0014999499544501305
v -0.006317793857306242 0.05031149834394455 -0.0014999499544501305
v -0.00645333481952548 0.009043513797223568 -0.009435473941266537
v -0.006445765029639006 0.009054303169250488 -0.00943684484809637
v -0.0064413538202643394 0.0 -0.00941848661750555
v -0.00655174208804965 0.0 -0.009392142295837402
v -0.00645333481952548 0.009043513797223568 -0.009435473941266537
v -0.0064413538202643394 0.0 -0.00941848661750555
v -0.00655174208804965 -0.0016309020575135946 -0.009249447844922543
v -0.00655174208804965 0.0 -0.009392142295837402
v -0.0064413538202643394 0.0 -0.00941848661750555
v -0.00655174208804965 0.0 0.009392142295837402
v -0.00655174208804965 -0.0016309020575135946 0.009249447844922543
v -0.0064413538202643394 0.0 0.00941848661750555
v -0.00645333481952548 0.009043513797223568 0.009435473941266537
v -0.00655174208804965 0.0 0.009392142295837402
v -0.0064413538202643394 0.0 0.00941848661750555
v -0.006445765029639006 0.009054303169250488 0.00943684484809637
v -0.00645333481952548 0.009043513797223568 0.009435473941266537
v -0.0064413538202643394 0.0 0.00941848661750555
v -0.00645333481952548 0.009043513797223568 -0.009435473941266537
v -0.010199960321187973 0.009043513797223568 -0.009435473941266537
v -0.006445765029639006 0.009054303169250488 -0.00943684484809637
v -0.010199960321187973 0.009043513797223568 -0.009435473941266537
v -0.010199960321187973 0.009547412395477295 -0.009499967098236084
v -0.006445765029639006 0.009054303169250488 -0.00943684484809637
v -0.010199960321187973 0.009547412395477295 0.009499967098236084
v -0.00645333481952548 0.009043513797223568 0.009435473941266537
v -0.006445765029639006 0.009054303169250488 0.00943684484809637
v -0.006719349883496761 0.008525252342224121 -0.0092850923538208
v -0.010199960321187973 0.009043513797223568 -0.009435473941266537
v -0.00645333481952548 0.009043513797223568 -0.009435473941266537
v -0.00655174208804965 0.0 -0.009392142295837402
v -0.006719349883496761 0.008525252342224121 -0.0092850923538208
v -0.00645333481952548 0.009043513797223568 -0.009435473941266537
v -0.010199960321187973 0.009043513797223568 0.009435473941266537
v -0.006590783130377531 0.008809447288513184 0.009371398948132992
v -0.00645333481952548 0.009043513797223568 0.009435473941266537
v -0.006590783130377531 0.008809447288513184 0.009371398948132992
v -0.00655174208804965 0.0 0.009392142295837402
v -0.00645333481952548 0.009043513797223568 0.009435473941266537
v -0.010199960321187973 0.009547412395477295 0.009499967098236084
v -0.010199960321187973 0.009043513797223568 0.009435473941266537
v -0.00645333481952548 0.009043513797223568 0.009435473941266537
v -0.006683706771582365 0.04761581867933273 -0.004362463019788265
v -0.007501482032239437 0.04764074087142944 -0.004150747787207365
v -0.006458580028265715 0.04842548817396164 -0.0035527939908206463
v -0.007501482032239437 0.04764074087142944 -0.004150747787207365
v -0.006936788093298674 0.0491475984454155 -0.002663194900378585
v -0.006458580028265715 0.04842548817396164 -0.0035527939908206463
v -0.0067917099222540855 0.0 -0.009188950061798096
v -0.006795763038098812 0.0082853427156806 -0.009196876548230648
v -0.00655174208804965 0.0 -0.009392142295837402
v -0.006795763038098812 0.0082853427156806 -0.009196876548230648
v -0.006719349883496761 0.008525252342224121 -0.0092850923538208
v -0.00655174208804965 0.0 -0.009392142295837402
v -0.00655174208804965 -0.0016309020575135946 -0.009249447844922543
v -0.0067917099222540855 0.0 -0.009188950061798096
v -0.00655174208804965 0.0 -0.009392142295837402
v -0.0067917099222540855 0.0 0.009188950061798096
v -0.00655174208804965 -0.0016309020575135946 0.009249447844922543
v -0.00655174208804965 0.0 0.009392142295837402
v -0.006590783130377531 0.008809447288513184 0.009371398948132992
v -0.0067917099222540855 0.0 0.009188950061798096
v -0.00655174208804965 0.0 0.009392142295837402
v -0.0069053759798407555 -0.0015789270401000977 -0.00895452406257391
v -0.0067917099222540855 0.0 -0.009188950061798096
v -0.00655174208804965 -0.0016309020575135946 -0.009249447844922543
v -0.0069053759798407555 -0.003109872108325362 -0.008544324897229671
v -0.0069053759798407555 -0.0015789270401000977 -0.00895452406257391
v -0.00655174208804965 -0.0016309020575135946 -0.009249447844922543
v -0.00655174208804965 -0.0032122728880494833 -0.008825719356536865
v -0.0069053759798407555 -0.003109872108325362 -0.008544324897229671
v -0.00655174208804965 -0.0016309020575135946 -0.009249447844922543
v -0.0067917099222540855 0.0 0.009188950061798096
v -0.0069053759798407555 -0.0015789270401000977 0.00895452406257391
v -0.00655174208804965 -0.0016309020575135946 0.009249447844922543
v -0.0069053759798407555 -0.0015789270401000977 0.00895452406257391
v -0.00655174208804965 -0.0032122728880494833 0.008825719356536865
v -0.00655174208804965 -0.0016309020575135946 0.009249447844922543
v -0.00655174208804965 -0.004696071147918701 -0.008133827708661556
v -0.0069053759798407555 -0.004546343814581633 -0.007874487899243832
v -0.00655174208804965 -0.0032122728880494833 -0.008825719356536865
v -0.0069053759798407555 -0.004546343814581633 -0.007874487899243832
v -0.0069053759798407555 -0.003109872108325362 -0.008544324897229671
v -0.00655174208804965 -0.0032122728880494833 -0.008825719356536865
v -0.0069053759798407555 -0.003109872108325362 0.008544324897229671
v -0.00655174208804965 -0.004696071147918701 0.008133827708661556
v -0.00655174208804965 -0.0032122728880494833 0.008825719356536865
v -0.0069053759798407555 -0.0015789270401000977 0.00895452406257391
v -0.0069053759798407555 -0.003109872108325362 0.008544324897229671
v -0.00655174208804965 -0.0032122728880494833 0.008825719356536865
v -0.0069053759798407555 -0.005844652187079191 -0.006965397857129574
v -0.0069053759798407555 -0.004546343814581633 -0.007874487899243832
v -0.00655174208804965 -0.004696071147918701 -0.008133827708661556
v -0.00655174208804965 -0.006037116050720215 -0.007194756995886564
v -0.0069053759798407555 -0.005844652187079191 -0.006965397857129574
v -0.00655174208804965 -0.004696071147918701 -0.008133827708661556
v -0.0069053759798407555 -0.004546343814581633 0.007874487899243832
v -0.00655174208804965 -0.006037116050720215 0.007194756995886564
v -0.00655174208804965 -0.004696071147918701 0.008133827708661556
v -0.0069053759798407555 -0.003109872108325362 0.008544324897229671
v -0.0069053759798407555 -0.004546343814581633 0.007874487899243832
v -0.00655174208804965 -0.004696071147918701 0.008133827708661556
v -0.0069053759798407555 -0.006965397857129574 -0.005844652187079191
v -0.0069053759798407555 -0.005844652187079191 -0.006965397857129574
v -0.00655174208804965 -0.006037116050720215 -0.007194756995886564
v -0.00655174208804965 -0.007194756995886564 -0.006037116050720215
v -0.0069053759798407555 -0.006965397857129574 -0.005844652187079191
v -0.00655174208804965 -0.006037116050720215 -0.007194756995886564
v -0.0069053759798407555 -0.004546343814581633 0.007874487899243832
v -0.0069053759798407555 -0.005844652187079191 0.006965397857129574
v -0.00655174208804965 -0.006037116050720215 0.007194756995886564
v -0.0069053759798407555 -0.005844652187079191 0.006965397857129574
v -0.00655174208804965 -0.007194756995886564 0.006037116050720215
v -0.00655174208804965 -0.006037116050720215 0.007194756995886564
v -0.0069053759798407555 -0.007874487899243832 -0.004546343814581633
v -0.0069053759798407555 -0.006965397857129574 -0.005844652187079191
v -0.00655174208804965 -0.007194756995886564 -0.006037116050720215
v -0.00655174208804965 -0.008133827708661556 -0.004696071147918701
v -0.0069053759798407555 -0.007874487899243832 -0.004546343814581633
v -0.00655174208804965 -0.007194756995886564 -0.006037116050720215
v -0.0069053759798407555 -0.006965397857129574 0.005844652187079191
v -0.00655174208804965 -0.008133827708661556 0.004696071147918701
v -0.00655174208804965 -0.007194756995886564 0.006037116050720215
v -0.0069053759798407555 -0.005844652187079191 0.006965397857129574
v -0.0069053759798407555 -0.006965397857129574 0.005844652187079191
v -0.00655174208804965 -0.007194756995886564 0.006037116050720215
v -0.0069053759798407555 -0.008544324897229671 -0.003109872108325362
v -0.0069053759798407555 -0.007874487899243832 -0.004546343814581633
v -0.00655174208804965 -0.008133827708661556 -0.004696071147918701
v -0.00655174208804965 -0.008825719356536865 -0.0032122728880494833
v -0.0069053759798407555 -0.008544324897229671 -0.003109872108325362
v -0.00655174208804965 -0.008133827708661556 -0.004696071147918701
v -0.0069053759798407555 -0.006965397857129574 0.005844652187079191
v -0.0069053759798407555 -0.007874487899243832 0.004546343814581633
v -0.00655174208804965 -0.008133827708661556 0.004696071147918701
v -0.0069053759798407555 -0.007874487899243832 0.004546343814581633
v -0.00655174208804965 -0.008825719356536865 0.0032122728880494833
v -0.00655174208804965 -0.008133827708661556 0.004696071147918701
v -0.0069053759798407555 -0.00895452406257391 -0.0015789270401000977
v -0.0069053759798407555 -0.008544324897229671 -0.003109872108325362
v -0.00655174208804965 -0.008825719356536865 -0.0032122728880494833
v -0.00655174208804965 -0.009249447844922543 -0.0016309020575135946
v -0.0069053759798407555 -0.00895452406257391 -0.0015789270401000977
v -0.00655174208804965 -0.008825719356536865 -0.0032122728880494833
v -0.0069053759798407555 -0.008544324897229671 0.003109872108325362
v -0.00655174208804965 -0.009249447844922543 0.0016309020575135946
v -0.00655174208804965 -0.008825719356536865 0.0032122728880494833
v -0.0069053759798407555 -0.007874487899243832 0.004546343814581633
v -0.0069053759798407555 -0.008544324897229671 0.003109872108325362
v -0.00655174208804965 -0.008825719356536865 0.0032122728880494833
v -0.0069053759798407555 -0.009092687629163265 0.0
v -0.0069053759798407555 -0.00895452406257391 -0.0015789270401000977
v -0.00655174208804965 -0.009249447844922543 -0.0016309020575135946
v -0.00655174208804965 -0.009392142295837402 0.0
v -0.0069053759798407555 -0.009092687629163265 0.0
v -0.00655174208804965 -0.009249447844922543 -0.0016309020575135946
v -0.0069053759798407555 -0.008544324897229671 0.003109872108325362
v -0.0069053759798407555 -0.00895452406257391 0.0015789270401000977
v -0.00655174208804965 -0.009249447844922543 0.0016309020575135946
v -0.0069053759798407555 -0.00895452406257391 0.0015789270401000977
v -0.00655174208804965 -0.009392142295837402 0.0
v -0.00655174208804965 -0.009249447844922543 0.0016309020575135946
v -0.0069053759798407555 -0.00895452406257391 0.0015789270401000977
v -0.0069053759798407555 -0.009092687629163265 0.0
v -0.00655174208804965 -0.009392142295837402 0.0
v -0.007237255107611418 0.04982179030776024 -0.0014999499544501305
v -0.007225512992590666 0.04983251914381981 -0.0014999499544501305
v -0.006564675830304623 0.0498998686671257 -0.0019227260490879416
v -0.007225512992590666 0.04983251914381981 -0.0014999499544501305
v -0.006672321818768978 0.0501784011721611 -0.0014999499544501305
v -0.006564675830304623 0.0498998686671257 -0.0019227260490879416
v -0.006936788093298674 0.0491475984454155 -0.002663194900378585
v -0.0076455469243228436 0.0490262508392334 -0.002245544921606779
v -0.006564675830304623 0.0498998686671257 -0.0019227260490879416
v -0.0076455469243228436 0.0490262508392334 -0.002245544921606779
v -0.007238804828375578 0.049821190536022186 -0.0015019170241430402
v -0.006564675830304623 0.0498998686671257 -0.0019227260490879416
v -0.007238804828375578 0.049821190536022186 -0.0015019170241430402
v -0.007237255107611418 0.04982179030776024 -0.0014999499544501305
v -0.006564675830304623 0.0498998686671257 -0.0019227260490879416
v -0.010199960321187973 0.009043513797223568 0.009435473941266537
v -0.006803690921515226 0.00828617811203003 0.00920253898948431
v -0.006590783130377531 0.008809447288513184 0.009371398948132992
v -0.006803690921515226 0.00828617811203003 0.00920253898948431
v -0.0067917099222540855 0.0 0.009188950061798096
v -0.006590783130377531 0.008809447288513184 0.009371398948132992
v -0.007047473918646574 0.04630744084715843 -0.005670845042914152
v -0.007501482032239437 0.04764074087142944 -0.004150747787207365
v -0.006683706771582365 0.04761581867933273 -0.004362463019788265
v -0.006795763038098812 0.0082853427156806 -0.009196876548230648
v -0.010199960321187973 0.009043513797223568 -0.009435473941266537
v -0.006719349883496761 0.008525252342224121 -0.0092850923538208
v -0.0069053759798407555 0.0 -0.009092687629163265
v -0.0069654579274356365 0.007752716075628996 -0.009001134894788265
v -0.0067917099222540855 0.0 -0.009188950061798096
v -0.0069654579274356365 0.007752716075628996 -0.009001134894788265
v -0.006795763038098812 0.0082853427156806 -0.009196876548230648
v -0.0067917099222540855 0.0 -0.009188950061798096
v -0.0069053759798407555 -0.0015789270401000977 -0.00895452406257391
v -0.0069053759798407555 0.0 -0.009092687629163265
v -0.0067917099222540855 0.0 -0.009188950061798096
v -0.0069053759798407555 0.0 0.009092687629163265
v -0.0069053759798407555 -0.0015789270401000977 0.00895452406257391
v -0.0067917099222540855 0.0 0.009188950061798096
v -0.006803690921515226 0.00828617811203003 0.00920253898948431
v -0.0069053759798407555 0.0 0.009092687629163265
v -0.0067917099222540855 0.0 0.009188950061798096
v -0.0069654579274356365 0.007752716075628996 -0.009001134894788265
v -0.010199960321187973 0.009043513797223568 -0.009435473941266537
v -0.006795763038098812 0.0082853427156806 -0.009196876548230648
v -0.010199960321187973 0.009043513797223568 0.009435473941266537
v -0.006836295127868652 0.008206008933484554 0.00917667057365179
v -0.006803690921515226 0.00828617811203003 0.00920253898948431
v -0.006836295127868652 0.008206008933484554 0.00917667057365179
v -0.0069053759798407555 0.0 0.009092687629163265
v -0.006803690921515226 0.00828617811203003 0.00920253898948431
v -0.010199960321187973 0.009043513797223568 0.009435473941266537
v -0.007032811176031828 0.0074338908307254314 0.008861660026013851
v -0.006836295127868652 0.008206008933484554 0.00917667057365179
v -0.007032811176031828 0.0074338908307254314 0.008861660026013851
v -0.0069053759798407555 0.0 0.009092687629163265
v -0.006836295127868652 0.008206008933484554 0.00917667057365179
v -0.007015943061560392 0.0 -0.008836506865918636
v -0.007021545898169279 0.007409512065351009 -0.008840619586408138
v -0.0069053759798407555 0.0 -0.009092687629163265
v -0.007021545898169279 0.007409512065351009 -0.008840619586408138
v -0.0069654579274356365 0.007752716075628996 -0.009001134894788265
v -0.0069053759798407555 0.0 -0.009092687629163265
v -0.0069053759798407555 -0.0015789270401000977 -0.00895452406257391
v -0.007015943061560392 0.0 -0.008836506865918636
v -0.0069053759798407555 0.0 -0.009092687629163265
v -0.007015943061560392 0.0 0.008836506865918636
v -0.0069053759798407555 -0.0015789270401000977 0.00895452406257391
v -0.0069053759798407555 0.0 0.009092687629163265
v -0.007032811176031828 0.0074338908307254314 0.008861660026013851
v -0.007015943061560392 0.0 0.008836506865918636
v -0.0069053759798407555 0.0 0.009092687629163265
v -0.007083714008331299 -0.0015071630477905273 -0.008547723293304443
v -0.007015943061560392 0.0 -0.008836506865918636
v -0.0069053759798407555 -0.0015789270401000977 -0.00895452406257391
v -0.007083714008331299 -0.0029685490299016237 -0.008156119845807552
v -0.007083714008331299 -0.0015071630477905273 -0.008547723293304443
v -0.0069053759798407555 -0.0015789270401000977 -0.00895452406257391
v -0.0069053759798407555 -0.003109872108325362 -0.008544324897229671
v -0.007083714008331299 -0.0029685490299016237 -0.008156119845807552
v -0.0069053759798407555 -0.0015789270401000977 -0.00895452406257391
v -0.007015943061560392 0.0 0.008836506865918636
v -0.007083714008331299 -0.0015071630477905273 0.008547723293304443
v -0.0069053759798407555 -0.0015789270401000977 0.00895452406257391
v -0.007083714008331299 -0.0015071630477905273 0.008547723293304443
v -0.0069053759798407555 -0.003109872108325362 0.008544324897229671
v -0.0069053759798407555 -0.0015789270401000977 0.00895452406257391
v -0.0069053759798407555 -0.004546343814581633 -0.007874487899243832
v -0.007083714008331299 -0.004339754115790129 -0.007516740821301937
v -0.0069053759798407555 -0.003109872108325362 -0.008544324897229671
v -0.007083714008331299 -0.004339754115790129 -0.007516740821301937
v -0.007083714008331299 -0.0029685490299016237 -0.008156119845807552
v -0.0069053759798407555 -0.003109872108325362 -0.008544324897229671
v -0.007083714008331299 -0.0029685490299016237 0.008156119845807552
v -0.0069053759798407555 -0.004546343814581633 0.007874487899243832
v -0.0069053759798407555 -0.003109872108325362 0.008544324897229671
v -0.007083714008331299 -0.0015071630477905273 0.008547723293304443
v -0.007083714008331299 -0.0029685490299016237 0.008156119845807552
v -0.0069053759798407555 -0.003109872108325362 0.008544324897229671
v -0.007083714008331299 -0.005579113028943539 -0.006648956798017025
v -0.007083714008331299 -0.004339754115790129 -0.007516740821301937
v -0.0069053759798407555 -0.004546343814581633 -0.007874487899243832
v -0.0069053759798407555 -0.005844652187079191 -0.006965397857129574
v -0.007083714008331299 -0.005579113028943539 -0.006648956798017025
v -0.0069053759798407555 -0.004546343814581633 -0.007874487899243832
v -0.007083714008331299 -0.004339754115790129 0.007516740821301937
v -0.0069053759798407555 -0.005844652187079191 0.006965397857129574
v -0.0069053759798407555 -0.004546343814581633 0.007874487899243832
v -0.007083714008331299 -0.0029685490299016237 0.008156119845807552
v -0.007083714008331299 -0.004339754115790129 0.007516740821301937
v -0.0069053759798407555 -0.004546343814581633 0.007874487899243832
v -0.007083714008331299 -0.006648956798017025 -0.005579113028943539
v -0.007083714008331299 -0.005579113028943539 -0.006648956798017025
v -0.0069053759798407555 -0.005844652187079191 -0.006965397857129574
v -0.0069053759798407555 -0.006965397857129574 -0.005844652187079191
v -0.007083714008331299 -0.006648956798017025 -0.005579113028943539
v -0.0069053759798407555 -0.005844652187079191 -0.006965397857129574
v -0.007083714008331299 -0.005579113028943539 0.006648956798017025
v -0.0069053759798407555 -0.006965397857129574 0.005844652187079191
v -0.0069053759798407555 -0.005844652187079191 0.006965397857129574
v -0.007083714008331299 -0.004339754115790129 0.007516740821301937
v -0.007083714008331299 -0.005579113028943539 0.006648956798017025
v -0.0069053759798407555 -0.005844652187079191 0.006965397857129574
v -0.007083714008331299 -0.007516740821301937 -0.004339754115790129
v -0.007083714008331299 -0.006648956798017025 -0.005579113028943539
v -0.0069053759798407555 -0.006965397857129574 -0.005844652187079191
v -0.0069053759798407555 -0.007874487899243832 -0.004546343814581633
v -0.007083714008331299 -0.007516740821301937 -0.004339754115790129
v -0.0069053759798407555 -0.006965397857129574 -0.005844652187079191
v -0.007083714008331299 -0.005579113028943539 0.006648956798017025
v -0.007083714008331299 -0.006648956798017025 0.005579113028943539
v -0.0069053759798407555 -0.006965397857129574 0.005844652187079191
v -0.007083714008331299 -0.006648956798017025 0.005579113028943539
v -0.0069053759798407555 -0.007874487899243832 0.004546343814581633
v -0.0069053759798407555 -0.006965397857129574 0.005844652187079191
v -0.007083714008331299 -0.008156119845807552 -0.0029685490299016237
v -0.007083714008331299 -0.007516740821301937 -0.004339754115790129
v -0.0069053759798407555 -0.007874487899243832 -0.004546343814581633
v -0.0069053759798407555 -0.008544324897229671 -0.003109872108325362
v -0.007083714008331299 -0.008156119845807552 -0.0029685490299016237
v -0.0069053759798407555 -0.007874487899243832 -0.004546343814581633
v -0.007083714008331299 -0.006648956798017025 0.005579113028943539
v -0.007083714008331299 -0.007516740821301937 0.004339754115790129
v -0.0069053759798407555 -0.007874487899243832 0.004546343814581633
v -0.007083714008331299 -0.007516740821301937 0.004339754115790129
v -0.0069053759798407555 -0.008544324897229671 0.003109872108325362
v -0.0069053759798407555 -0.007874487899243832 0.004546343814581633
v -0.007083714008331299 -0.008547723293304443 -0.0015071630477905273
v -0.007083714008331299 -0.008156119845807552 -0.0029685490299016237
v -0.0069053759798407555 -0.008544324897229671 -0.003109872108325362
v -0.0069053759798407555 -0.00895452406257391 -0.0015789270401000977
v -0.007083714008331299 -0.008547723293304443 -0.0015071630477905273
v -0.0069053759798407555 -0.008544324897229671 -0.003109872108325362
v -0.007083714008331299 -0.008156119845807552 0.0029685490299016237
v -0.0069053759798407555 -0.00895452406257391 0.0015789270401000977
v -0.0069053759798407555 -0.008544324897229671 0.003109872108325362
v -0.007083714008331299 -0.007516740821301937 0.004339754115790129
v -0.007083714008331299 -0.008156119845807552 0.0029685490299016237
v -0.0069053759798407555 -0.008544324897229671 0.003109872108325362
v -0.007083714008331299 -0.008679567836225033 0.0
v -0.007083714008331299 -0.008547723293304443 -0.0015071630477905273
v -0.0069053759798407555 -0.00895452406257391 -0.0015789270401000977
v -0.0069053759798407555 -0.009092687629163265 0.0
v -0.007083714008331299 -0.008679567836225033 0.0
v -0.0069053759798407555 -0.00895452406257391 -0.0015789270401000977
v -0.007083714008331299 -0.008156119845807552 0.0029685490299016237
v -0.007083714008331299 -0.008547723293304443 0.0015071630477905273
v -0.0069053759798407555 -0.00895452406257391 0.0015789270401000977
v -0.007083714008331299 -0.008547723293304443 0.0015071630477905273
v -0.0069053759798407555 -0.009092687629163265 0.0
v -0.0069053759798407555 -0.00895452406257391 0.0015789270401000977
v -0.007083714008331299 -0.008547723293304443 0.0015071630477905273
v -0.007083714008331299 -0.008679567836225033 0.0
v -0.0069053759798407555 -0.009092687629163265 0.0
v -0.007501482032239437 0.04764074087142944 -0.004150747787207365
v -0.007896183989942074 0.0475725494325161 -0.003968179225921631
v -0.006936788093298674 0.0491475984454155 -0.002663194900378585
v -0.007896183989942074 0.0475725494325161 -0.003968179225921631
v -0.0076455469243228436 0.0490262508392334 -0.002245544921606779
v -0.006936788093298674 0.0491475984454155 -0.002663194900378585
v -0.010199960321187973 0.007659493945538998 -0.008961737155914307
v -0.010199960321187973 0.009043513797223568 -0.009435473941266537
v -0.0069654579274356365 0.007752716075628996 -0.009001134894788265
v -0.007021545898169279 0.007409512065351009 -0.008840619586408138
v -0.010199960321187973 0.007659493945538998 -0.008961737155914307
v -0.0069654579274356365 0.007752716075628996 -0.009001134894788265
v -0.007083714008331299 0.0 -0.008679567836225033
v -0.007089554797858 0.006993948947638273 -0.00864624883979559
v -0.007015943061560392 0.0 -0.008836506865918636
v -0.007089554797858 0.006993948947638273 -0.00864624883979559
v -0.007038294803351164 0.007307468913495541 -0.008792877197265625
v -0.007015943061560392 0.0 -0.008836506865918636
v -0.007038294803351164 0.007307468913495541 -0.008792877197265625
v -0.007021545898169279 0.007409512065351009 -0.008840619586408138
v -0.007015943061560392 0.0 -0.008836506865918636
v -0.007083714008331299 -0.0015071630477905273 -0.008547723293304443
v -0.007083714008331299 0.0 -0.008679567836225033
v -0.007015943061560392 0.0 -0.008836506865918636
v -0.007083714008331299 0.0 0.008679567836225033
v -0.007083714008331299 -0.0015071630477905273 0.008547723293304443
v -0.007015943061560392 0.0 0.008836506865918636
v -0.007035672198981047 0.007403850089758635 0.008846341632306576
v -0.007044910918921232 0.007305920124053955 0.008796513080596924
v -0.007015943061560392 0.0 0.008836506865918636
v -0.007044910918921232 0.007305920124053955 0.008796513080596924
v -0.007083714008331299 0.0 0.008679567836225033
v -0.007015943061560392 0.0 0.008836506865918636
v -0.007032811176031828 0.0074338908307254314 0.008861660026013851
v -0.007035672198981047 0.007403850089758635 0.008846341632306576
v -0.007015943061560392 0.0 0.008836506865918636
v -0.010199960321187973 0.007313667796552181 -0.008781731128692627
v -0.010199960321187973 0.007659493945538998 -0.008961737155914307
v -0.007021545898169279 0.007409512065351009 -0.008840619586408138
v -0.007038294803351164 0.007307468913495541 -0.008792877197265625
v -0.010199960321187973 0.007313667796552181 -0.008781731128692627
v -0.007021545898169279 0.007409512065351009 -0.008840619586408138
v -0.010199960321187973 0.007659493945538998 0.008961737155914307
v -0.007035672198981047 0.007403850089758635 0.008846341632306576
v -0.007032811176031828 0.0074338908307254314 0.008861660026013851
v -0.010199960321187973 0.009043513797223568 0.009435473941266537
v -0.010199960321187973 0.007659493945538998 0.008961737155914307
v -0.007032811176031828 0.0074338908307254314 0.008861660026013851
v -0.010199960321187973 0.007659493945538998 0.008961737155914307
v -0.010199960321187973 0.007313667796552181 0.008781731128692627
v -0.007035672198981047 0.007403850089758635 0.008846341632306576
v -0.010199960321187973 0.007313667796552181 0.008781731128692627
v -0.007044910918921232 0.007305920124053955 0.008796513080596924
v -0.007035672198981047 0.007403850089758635 0.008846341632306576
v -0.007089554797858 0.006993948947638273 -0.00864624883979559
v -0.010199960321187973 0.007313667796552181 -0.008781731128692627
v -0.007038294803351164 0.007307468913495541 -0.008792877197265625
v -0.010199960321187973 0.007313667796552181 0.008781731128692627
v -0.0070999860763549805 0.006723701022565365 0.00849997904151678
v -0.007044910918921232 0.007305920124053955 0.008796513080596924
v -0.0070999860763549805 0.006723701022565365 0.00849997904151678
v -0.0070999860763549805 0.0 0.00849997904151678
v -0.007044910918921232 0.007305920124053955 0.008796513080596924
v -0.0070999860763549805 0.0 0.00849997904151678
v -0.007083714008331299 0.0 0.008679567836225033
v -0.007044910918921232 0.007305920124053955 0.008796513080596924
v -0.007154582999646664 0.046158310025930405 -0.005818367004394531
v -0.00789934303611517 0.046139828860759735 -0.0056393141858279705
v -0.007047473918646574 0.04630744084715843 -0.005670845042914152
v -0.00789934303611517 0.046139828860759735 -0.0056393141858279705
v -0.007501482032239437 0.04764074087142944 -0.004150747787207365
v -0.007047473918646574 0.04630744084715843 -0.005670845042914152
v -0.0070999860763549805 0.0 -0.00849997904151678
v -0.0070999860763549805 0.006723701022565365 -0.00849997904151678
v -0.007083714008331299 0.0 -0.008679567836225033
v -0.0070999860763549805 0.006723701022565365 -0.00849997904151678
v -0.007089554797858 0.006993948947638273 -0.00864624883979559
v -0.007083714008331299 0.0 -0.008679567836225033
v -0.0070999860763549805 -0.0014759890036657453 -0.00837081577628851
v -0.0070999860763549805 0.0 -0.00849997904151678
v -0.007083714008331299 0.0 -0.008679567836225033
v -0.007083714008331299 -0.0015071630477905273 -0.008547723293304443
v -0.0070999860763549805 -0.0014759890036657453 -0.00837081577628851
v -0.007083714008331299 0.0 -0.008679567836225033
v -0.0070999860763549805 0.0 0.00849997904151678
v -0.007083714008331299 -0.0015071630477905273 0.008547723293304443
v -0.007083714008331299 0.0 0.008679567836225033
v -0.0070999860763549805 -0.0029071560129523277 -0.007987380027770996
v -0.0070999860763549805 -0.0014759890036657453 -0.00837081577628851
v -0.007083714008331299 -0.0015071630477905273 -0.008547723293304443
v -0.007083714008331299 -0.0029685490299016237 -0.008156119845807552
v -0.0070999860763549805 -0.0029071560129523277 -0.007987380027770996
v -0.007083714008331299 -0.0015071630477905273 -0.008547723293304443
v -0.0070999860763549805 0.0 0.00849997904151678
v -0.0070999860763549805 -0.0014759890036657453 0.00837081577628851
v -0.007083714008331299 -0.0015071630477905273 0.008547723293304443
v -0.0070999860763549805 -0.0014759890036657453 0.00837081577628851
v -0.007083714008331299 -0.0029685490299016237 0.008156119845807552
v -0.007083714008331299 -0.0015071630477905273 0.008547723293304443
v -0.007083714008331299 -0.004339754115790129 -0.007516740821301937
v -0.0070999860763549805 -0.004249989055097103 -0.007361173164099455
v -0.007083714008331299 -0.0029685490299016237 -0.008156119845807552
v -0.0070999860763549805 -0.004249989055097103 -0.007361173164099455
v -0.0070999860763549805 -0.0029071560129523277 -0.007987380027770996
v -0.007083714008331299 -0.0029685490299016237 -0.008156119845807552
v -0.0070999860763549805 -0.0029071560129523277 0.007987380027770996
v -0.007083714008331299 -0.004339754115790129 0.007516740821301937
v -0.007083714008331299 -0.0029685490299016237 0.008156119845807552
v -0.0070999860763549805 -0.0014759890036657453 0.00837081577628851
v -0.0070999860763549805 -0.0029071560129523277 0.007987380027770996
v -0.007083714008331299 -0.0029685490299016237 0.008156119845807552
v -0.0070999860763549805 -0.005463658832013607 -0.006511330138891935
v -0.0070999860763549805 -0.004249989055097103 -0.007361173164099455
v -0.007083714008331299 -0.004339754115790129 -0.007516740821301937
v -0.007083714008331299 -0.005579113028943539 -0.006648956798017025
v -0.0070999860763549805 -0.005463658832013607 -0.006511330138891935
v -0.007083714008331299 -0.004339754115790129 -0.007516740821301937
v -0.0070999860763549805 -0.004249989055097103 0.007361173164099455
v -0.007083714008331299 -0.005579113028943539 0.006648956798017025
v -0.007083714008331299 -0.004339754115790129 0.007516740821301937
v -0.0070999860763549805 -0.0029071560129523277 0.007987380027770996
v -0.0070999860763549805 -0.004249989055097103 0.007361173164099455
v -0.007083714008331299 -0.004339754115790129 0.007516740821301937
v -0.0070999860763549805 -0.006511330138891935 -0.005463658832013607
v -0.0070999860763549805 -0.005463658832013607 -0.006511330138891935
v -0.007083714008331299 -0.005579113028943539 -0.006648956798017025
v -0.007083714008331299 -0.006648956798017025 -0.005579113028943539
v -0.0070999860763549805 -0.006511330138891935 -0.005463658832013607
v -0.007083714008331299 -0.005579113028943539 -0.006648956798017025
v -0.0070999860763549805 -0.005463658832013607 0.006511330138891935
v -0.007083714008331299 -0.006648956798017025 0.005579113028943539
v -0.007083714008331299 -0.005579113028943539 0.006648956798017025
v -0.0070999860763549805 -0.004249989055097103 0.007361173164099455
v -0.0070999860763549805 -0.005463658832013607 0.006511330138891935
v -0.007083714008331299 -0.005579113028943539 0.006648956798017025
v -0.0070999860763549805 -0.007361173164099455 -0.004249989055097103
v -0.0070999860763549805 -0.006511330138891935 -0.005463658832013607
v -0.007083714008331299 -0.006648956798017025 -0.005579113028943539
v -0.007083714008331299 -0.007516740821301937 -0.004339754115790129
v -0.0070999860763549805 -0.007361173164099455 -0.004249989055097103
v -0.007083714008331299 -0.006648956798017025 -0.005579113028943539
v -0.0070999860763549805 -0.005463658832013607 0.006511330138891935
v -0.0070999860763549805 -0.006511330138891935 0.005463658832013607
v -0.007083714008331299 -0.006648956798017025 0.005579113028943539
v -0.0070999860763549805 -0.006511330138891935 0.005463658832013607
v -0.007083714008331299 -0.007516740821301937 0.004339754115790129
v -0.007083714008331299 -0.006648956798017025 0.005579113028943539
v -0.0070999860763549805 -0.007987380027770996 -0.0029071560129523277
v -0.0070999860763549805 -0.007361173164099455 -0.004249989055097103
v -0.007083714008331299 -0.007516740821301937 -0.004339754115790129
v -0.007083714008331299 -0.008156119845807552 -0.0029685490299016237
v -0.0070999860763549805 -0.007987380027770996 -0.0029071560129523277
v -0.007083714008331299 -0.007516740821301937 -0.004339754115790129
v -0.0070999860763549805 -0.006511330138891935 0.005463658832013607
v -0.0070999860763549805 -0.007361173164099455 0.004249989055097103
v -0.007083714008331299 -0.007516740821301937 0.004339754115790129
v -0.0070999860763549805 -0.007361173164099455 0.004249989055097103
v -0.007083714008331299 -0.008156119845807552 0.0029685490299016237
v -0.007083714008331299 -0.007516740821301937 0.004339754115790129
v -0.0070999860763549805 -0.00837081577628851 -0.0014759890036657453
v -0.0070999860763549805 -0.007987380027770996 -0.0029071560129523277
v -0.007083714008331299 -0.008156119845807552 -0.0029685490299016237
v -0.007083714008331299 -0.008547723293304443 -0.0015071630477905273
v -0.0070999860763549805 -0.00837081577628851 -0.0014759890036657453
v -0.007083714008331299 -0.008156119845807552 -0.0029685490299016237
v -0.0070999860763549805 -0.007361173164099455 0.004249989055097103
v -0.0070999860763549805 -0.007987380027770996 0.0029071560129523277
v -0.007083714008331299 -0.008156119845807552 0.0029685490299016237
v -0.0070999860763549805 -0.007987380027770996 0.0029071560129523277
v -0.007083714008331299 -0.008547723293304443 0.0015071630477905273
v -0.007083714008331299 -0.008156119845807552 0.0029685490299016237
v -0.0070999860763549805 -0.00849997904151678 0.0
v -0.0070999860763549805 -0.00837081577628851 -0.0014759890036657453
v -0.007083714008331299 -0.008547723293304443 -0.0015071630477905273
v -0.007083714008331299 -0.008679567836225033 0.0
v -0.0070999860763549805 -0.00849997904151678 0.0
v -0.007083714008331299 -0.008547723293304443 -0.0015071630477905273
v -0.0070999860763549805 -0.007987380027770996 0.0029071560129523277
v -0.0070999860763549805 -0.00837081577628851 0.0014759890036657453
v -0.007083714008331299 -0.008547723293304443 0.0015071630477905273
v -0.0070999860763549805 -0.00837081577628851 0.0014759890036657453
v -0.007083714008331299 -0.008679567836225033 0.0
v -0.007083714008331299 -0.008547723293304443 0.0015071630477905273
v -0.0070999860763549805 -0.00837081577628851 0.0014759890036657453
v -0.0070999860763549805 -0.00849997904151678 0.0
v -0.007083714008331299 -0.008679567836225033 0.0
v -0.010199960321187973 0.006361900828778744 -0.00828623678535223
v -0.010199960321187973 0.007313667796552181 -0.008781731128692627
v -0.007089554797858 0.006993948947638273 -0.00864624883979559
v -0.0070999860763549805 0.006723701022565365 -0.00849997904151678
v -0.010199960321187973 0.006361900828778744 -0.00828623678535223
v -0.007089554797858 0.006993948947638273 -0.00864624883979559
v -0.010199960321187973 0.005494952201843262 -0.007653951179236174
v -0.010199960321187973 0.006361900828778744 -0.00828623678535223
v -0.0070999860763549805 0.006723701022565365 -0.00849997904151678
v -0.0070999860763549805 0.005482255946844816 -0.007671296130865812
v -0.010199960321187973 0.005494952201843262 -0.007653951179236174
v -0.0070999860763549805 0.006723701022565365 -0.00849997904151678
v -0.0070999860763549805 0.0 -0.00849997904151678
v -0.0070999860763549805 0.005482255946844816 -0.007671296130865812
v -0.0070999860763549805 0.006723701022565365 -0.00849997904151678
v -0.010199960321187973 0.006361900828778744 0.00828623678535223
v -0.0070999860763549805 0.005482255946844816 0.007671296130865812
v -0.0070999860763549805 0.006723701022565365 0.00849997904151678
v -0.010199960321187973 0.007313667796552181 0.008781731128692627
v -0.010199960321187973 0.006361900828778744 0.00828623678535223
v -0.0070999860763549805 0.006723701022565365 0.00849997904151678
v -0.0070999860763549805 0.005482255946844816 0.007671296130865812
v -0.0070999860763549805 0.0 0.00849997904151678
v -0.0070999860763549805 0.006723701022565365 0.00849997904151678
v -0.010199960321187973 0.005179941188544035 -0.007424234878271818
v -0.010199960321187973 0.005494952201843262 -0.007653951179236174
v -0.0070999860763549805 0.005482255946844816 -0.007671296130865812
v -0.0070999860763549805 0.004140316974371672 -0.006395101081579924
v -0.010199960321187973 0.005179941188544035 -0.007424234878271818
v -0.0070999860763549805 0.005482255946844816 -0.007671296130865812
v -0.0070999860763549805 0.0 -0.00849997904151678
v -0.0070999860763549805 0.004140316974371672 -0.006395101081579924
v -0.0070999860763549805 0.005482255946844816 -0.007671296130865812
v -0.010199960321187973 0.005179941188544035 0.007424234878271818
v -0.0070999860763549805 0.004140316974371672 0.006395101081579924
v -0.0070999860763549805 0.005482255946844816 0.007671296130865812
v -0.010199960321187973 0.005494952201843262 0.007653951179236174
v -0.010199960321187973 0.005179941188544035 0.007424234878271818
v -0.0070999860763549805 0.005482255946844816 0.007671296130865812
v -0.010199960321187973 0.006361900828778744 0.00828623678535223
v -0.010199960321187973 0.005494952201843262 0.007653951179236174
v -0.0070999860763549805 0.005482255946844816 0.007671296130865812
v -0.0070999860763549805 0.004140316974371672 0.006395101081579924
v -0.0070999860763549805 0.0 0.00849997904151678
v -0.0070999860763549805 0.005482255946844816 0.007671296130865812
v -0.010199960321187973 0.004140316974371672 -0.006395101081579924
v -0.010199960321187973 0.005179941188544035 -0.007424234878271818
v -0.0070999860763549805 0.004140316974371672 -0.006395101081579924
v -0.0070999860763549805 0.0037765500601381063 -0.00578349782153964
v -0.010199960321187973 0.004140316974371672 -0.006395101081579924
v -0.0070999860763549805 0.004140316974371672 -0.006395101081579924
v -0.0070999860763549805 0.0009751629550009966 -0.002571284072473645
v -0.0070999860763549805 0.0037765500601381063 -0.00578349782153964
v -0.0070999860763549805 0.004140316974371672 -0.006395101081579924
v -0.0070999860763549805 -0.00033147598151117563 -0.0027298920322209597
v -0.0070999860763549805 0.0009751629550009966 -0.002571284072473645
v -0.0070999860763549805 0.004140316974371672 -0.006395101081579924
v -0.0070999860763549805 0.0 -0.00849997904151678
v -0.0070999860763549805 -0.00033147598151117563 -0.0027298920322209597
v -0.0070999860763549805 0.004140316974371672 -0.006395101081579924
v -0.010199960321187973 0.004140316974371672 0.006395101081579924
v -0.010199960321187973 0.0037765500601381063 0.00578349782153964
v -0.0070999860763549805 0.004140316974371672 0.006395101081579924
v -0.010199960321187973 0.0037765500601381063 0.00578349782153964
v -0.0070999860763549805 0.0037765500601381063 0.00578349782153964
v -0.0070999860763549805 0.004140316974371672 0.006395101081579924
v -0.010199960321187973 0.005179941188544035 0.007424234878271818
v -0.010199960321187973 0.004140316974371672 0.006395101081579924
v -0.0070999860763549805 0.004140316974371672 0.006395101081579924
v -0.0070999860763549805 0.0009751629550009966 0.002571284072473645
v -0.0070999860763549805 0.0 0.00849997904151678
v -0.0070999860763549805 0.004140316974371672 0.006395101081579924
v -0.0070999860763549805 0.0037765500601381063 0.00578349782153964
v -0.0070999860763549805 0.0009751629550009966 0.002571284072473645
v -0.0070999860763549805 0.004140316974371672 0.006395101081579924
v -0.0070999860763549805 0.0036499500274658203 -0.005083261989057064
v -0.010199960321187973 0.0037765500601381063 -0.00578349782153964
v -0.0070999860763549805 0.0037765500601381063 -0.00578349782153964
v -0.010199960321187973 0.0037765500601381063 -0.00578349782153964
v -0.010199960321187973 0.004140316974371672 -0.006395101081579924
v -0.0070999860763549805 0.0037765500601381063 -0.00578349782153964
v -0.0070999860763549805 0.0009751629550009966 -0.002571284072473645
v -0.0070999860763549805 0.0036499500274658203 -0.005083261989057064
v -0.0070999860763549805 0.0037765500601381063 -0.00578349782153964
v -0.010199960321187973 0.0037765500601381063 0.00578349782153964
v -0.010199960321187973 0.0036499500274658203 0.005083261989057064
v -0.0070999860763549805 0.0037765500601381063 0.00578349782153964
v -0.010199960321187973 0.0036499500274658203 0.005083261989057064
v -0.0070999860763549805 0.0036499500274658203 0.005083261989057064
v -0.0070999860763549805 0.0037765500601381063 0.00578349782153964
v -0.0070999860763549805 0.002058386104181409 0.0018235440365970135
v -0.0070999860763549805 0.0009751629550009966 0.002571284072473645
v -0.0070999860763549805 0.0037765500601381063 0.00578349782153964
v -0.0070999860763549805 0.0036499500274658203 0.005083261989057064
v -0.0070999860763549805 0.002058386104181409 0.0018235440365970135
v -0.0070999860763549805 0.0037765500601381063 0.00578349782153964
v -0.010199960321187973 0.0036499500274658203 -0.005083261989057064
v -0.010199960321187973 0.0037765500601381063 -0.00578349782153964
v -0.0070999860763549805 0.0036499500274658203 -0.005083261989057064
v -0.0070999860763549805 0.0036499500274658203 0.005083261989057064
v -0.010199960321187973 0.0036499500274658203 0.005083261989057064
v -0.0070999860763549805 0.0036499500274658203 -0.005083261989057064
v -0.010199960321187973 0.0036499500274658203 0.005083261989057064
v -0.010199960321187973 0.0036499500274658203 -0.005083261989057064
v -0.0070999860763549805 0.0036499500274658203 -0.005083261989057064
v -0.0070999860763549805 0.0009751629550009966 -0.002571284072473645
v -0.0070999860763549805 0.002058386104181409 -0.0018235440365970135
v -0.0070999860763549805 0.0036499500274658203 -0.005083261989057064
v -0.0070999860763549805 0.002058386104181409 -0.0018235440365970135
v -0.0070999860763549805 0.0026700489688664675 -0.0006581179914064705
v -0.0070999860763549805 0.0036499500274658203 -0.005083261989057064
v -0.0070999860763549805 0.0026700489688664675 -0.0006581179914064705
v -0.0070999860763549805 0.0036499500274658203 0.005083261989057064
v -0.0070999860763549805 0.0036499500274658203 -0.005083261989057064
v -0.0070999860763549805 0.0026700489688664675 0.0006581179914064705
v -0.0070999860763549805 0.002058386104181409 0.0018235440365970135
v -0.0070999860763549805 0.0036499500274658203 0.005083261989057064
v -0.0070999860763549805 0.0026700489688664675 -0.0006581179914064705
v -0.0070999860763549805 0.0026700489688664675 0.0006581179914064705
v -0.0070999860763549805 0.0036499500274658203 0.005083261989057064
v -0.0070999860763549805 -0.00033147598151117563 0.0027298920322209597
v -0.0070999860763549805 0.0 0.00849997904151678
v -0.0070999860763549805 0.0009751629550009966 0.002571284072473645
v -0.0070999860763549805 -0.0014759890036657453 -0.00837081577628851
v -0.0070999860763549805 -0.00033147598151117563 -0.0027298920322209597
v -0.0070999860763549805 0.0 -0.00849997904151678
v -0.0070999860763549805 -0.00033147598151117563 0.0027298920322209597
v -0.0070999860763549805 -0.0014759890036657453 0.00837081577628851
v -0.0070999860763549805 0.0 0.00849997904151678
v -0.0070999860763549805 -0.0029071560129523277 -0.007987380027770996
v -0.0070999860763549805 -0.001562178018502891 -0.0022631878964602947
v -0.0070999860763549805 -0.00033147598151117563 -0.0027298920322209597
v -0.0070999860763549805 -0.0014759890036657453 -0.00837081577628851
v -0.0070999860763549805 -0.0029071560129523277 -0.007987380027770996
v -0.0070999860763549805 -0.00033147598151117563 -0.0027298920322209597
v -0.0070999860763549805 -0.001562178018502891 0.0022631878964602947
v -0.0070999860763549805 -0.0029071560129523277 0.007987380027770996
v -0.0070999860763549805 -0.00033147598151117563 0.0027298920322209597
v -0.0070999860763549805 -0.0029071560129523277 0.007987380027770996
v -0.0070999860763549805 -0.0014759890036657453 0.00837081577628851
v -0.0070999860763549805 -0.00033147598151117563 0.0027298920322209597
v -0.0070999860763549805 -0.005463658832013607 -0.006511330138891935
v -0.0070999860763549805 -0.002434968017041683 -0.0012779829557985067
v -0.0070999860763549805 -0.001562178018502891 -0.0022631878964602947
v -0.0070999860763549805 -0.004249989055097103 -0.007361173164099455
v -0.0070999860763549805 -0.005463658832013607 -0.006511330138891935
v -0.0070999860763549805 -0.001562178018502891 -0.0022631878964602947
v -0.0070999860763549805 -0.0029071560129523277 -0.007987380027770996
v -0.0070999860763549805 -0.004249989055097103 -0.007361173164099455
v -0.0070999860763549805 -0.001562178018502891 -0.0022631878964602947
v -0.0070999860763549805 -0.002434968017041683 0.0012779829557985067
v -0.0070999860763549805 -0.005463658832013607 0.006511330138891935
v -0.0070999860763549805 -0.001562178018502891 0.0022631878964602947
v -0.0070999860763549805 -0.005463658832013607 0.006511330138891935
v -0.0070999860763549805 -0.004249989055097103 0.007361173164099455
v -0.0070999860763549805 -0.001562178018502891 0.0022631878964602947
v -0.0070999860763549805 -0.004249989055097103 0.007361173164099455
v -0.0070999860763549805 -0.0029071560129523277 0.007987380027770996
v -0.0070999860763549805 -0.001562178018502891 0.0022631878964602947
v -0.0070999860763549805 -0.00837081577628851 -0.0014759890036657453
v -0.0070999860763549805 -0.00274997903034091 0.0
v -0.0070999860763549805 -0.002434968017041683 -0.0012779829557985067
v -0.0070999860763549805 -0.006511330138891935 -0.005463658832013607
v -0.0070999860763549805 -0.007361173164099455 -0.004249989055097103
v -0.0070999860763549805 -0.002434968017041683 -0.0012779829557985067
v -0.0070999860763549805 -0.007361173164099455 -0.004249989055097103
v -0.0070999860763549805 -0.007987380027770996 -0.0029071560129523277
v -0.0070999860763549805 -0.002434968017041683 -0.0012779829557985067
v -0.0070999860763549805 -0.007987380027770996 -0.0029071560129523277
v -0.0070999860763549805 -0.00837081577628851 -0.0014759890036657453
v -0.0070999860763549805 -0.002434968017041683 -0.0012779829557985067
v -0.0070999860763549805 -0.005463658832013607 -0.006511330138891935
v -0.0070999860763549805 -0.006511330138891935 -0.005463658832013607
v -0.0070999860763549805 -0.002434968017041683 -0.0012779829557985067
v -0.0070999860763549805 -0.00274997903034091 0.0
v -0.0070999860763549805 -0.00837081577628851 0.0014759890036657453
v -0.0070999860763549805 -0.002434968017041683 0.0012779829557985067
v -0.0070999860763549805 -0.00837081577628851 0.0014759890036657453
v -0.0070999860763549805 -0.007987380027770996 0.0029071560129523277
v -0.0070999860763549805 -0.002434968017041683 0.0012779829557985067
v -0.0070999860763549805 -0.007987380027770996 0.0029071560129523277
v -0.0070999860763549805 -0.007361173164099455 0.004249989055097103
v -0.0070999860763549805 -0.002434968017041683 0.0012779829557985067
v -0.0070999860763549805 -0.007361173164099455 0.004249989055097103
v -0.0070999860763549805 -0.006511330138891935 0.005463658832013607
v -0.0070999860763549805 -0.002434968017041683 0.0012779829557985067
v -0.0070999860763549805 -0.006511330138891935 0.005463658832013607
v -0.0070999860763549805 -0.005463658832013607 0.006511330138891935
v -0.0070999860763549805 -0.002434968017041683 0.0012779829557985067
v -0.0070999860763549805 -0.00837081577628851 -0.0014759890036657453
v -0.0070999860763549805 -0.00849997904151678 0.0
v -0.0070999860763549805 -0.00274997903034091 0.0
v -0.0070999860763549805 -0.00849997904151678 0.0
v -0.0070999860763549805 -0.00837081577628851 0.0014759890036657453
v -0.0070999860763549805 -0.00274997903034091 0.0
v -0.007214546203613281 0.04607485979795456 -0.005900858901441097
v -0.00789934303611517 0.046139828860759735 -0.0056393141858279705
v -0.007154582999646664 0.046158310025930405 -0.005818367004394531
v -0.007496118079870939 0.045803118497133255 -0.006119607947766781
v -0.00789934303611517 0.046139828860759735 -0.0056393141858279705
v -0.007214546203613281 0.04607485979795456 -0.005900858901441097
v -0.007238804828375578 0.049821190536022186 -0.0015019170241430402
v -0.007239520084112883 0.04981976002454758 -0.0014999499544501305
v -0.007237255107611418 0.04982179030776024 -0.0014999499544501305
v -0.00776326609775424 0.04934262856841087 -0.0014999499544501305
v -0.007239520084112883 0.04981976002454758 -0.0014999499544501305
v -0.007238804828375578 0.049821190536022186 -0.0015019170241430402
v -0.0076455469243228436 0.0490262508392334 -0.002245544921606779
v -0.00776326609775424 0.04934262856841087 -0.0014999499544501305
v -0.007238804828375578 0.049821190536022186 -0.0015019170241430402
v -0.00776326609775424 0.04934262856841087 -0.0014999499544501305
v -0.00808018445968628 0.04894100874662399 -0.0014999499544501305
v -0.007239520084112883 0.04981976002454758 -0.0014999499544501305
v -0.00774454977363348 0.03629999980330467 0.009343265555799007
v -0.007477581035345793 0.0337868295609951 0.00943893101066351
v -0.007255136035382748 0.03629999980330467 0.009377299807965755
v -0.01069492008537054 0.03629999980330467 0.0065218801610171795
v -0.00774454977363348 0.03629999980330467 0.009343265555799007
v -0.007255136035382748 0.03629999980330467 0.009377299807965755
v -0.00774454977363348 0.03629999980330467 0.009343265555799007
v -0.00769770098850131 0.03129994124174118 0.009499967098236084
v -0.007477581035345793 0.0337868295609951 0.00943893101066351
v -0.007903634570538998 0.04540996998548508 -0.006436169147491455
v -0.00789934303611517 0.046139828860759735 -0.0056393141858279705
v -0.007496118079870939 0.045803118497133255 -0.006119607947766781
v -0.00789934303611517 0.046139828860759735 -0.0056393141858279705
v -0.007896183989942074 0.0475725494325161 -0.003968179225921631
v -0.007501482032239437 0.04764074087142944 -0.004150747787207365
v -0.00808018445968628 0.04894100874662399 -0.0014999499544501305
v -0.00776326609775424 0.04934262856841087 -0.0014999499544501305
v -0.0076455469243228436 0.0490262508392334 -0.002245544921606779
v -0.00819551944732666 0.04871486872434616 -0.0017042160034179688
v -0.00808018445968628 0.04894100874662399 -0.0014999499544501305
v -0.0076455469243228436 0.0490262508392334 -0.002245544921606779
v -0.008574128150939941 0.047273389995098114 -0.003472565906122327
v -0.00819551944732666 0.04871486872434616 -0.0017042160034179688
v -0.0076455469243228436 0.0490262508392334 -0.002245544921606779
v -0.008259831927716732 0.047448571771383286 -0.0037388200871646404
v -0.008574128150939941 0.047273389995098114 -0.003472565906122327
v -0.0076455469243228436 0.0490262508392334 -0.002245544921606779
v -0.007896183989942074 0.0475725494325161 -0.003968179225921631
v -0.008259831927716732 0.047448571771383286 -0.0037388200871646404
v -0.0076455469243228436 0.0490262508392334 -0.002245544921606779
v -0.008602499030530453 0.02039998024702072 0.009381592273712158
v -0.007699965965002775 0.02039998024702072 0.009499967098236084
v -0.00769770098850131 0.03129994124174118 0.009499967098236084
v -0.008246958255767822 0.03130071982741356 0.009456573985517025
v -0.008602499030530453 0.02039998024702072 0.009381592273712158
v -0.00769770098850131 0.03129994124174118 0.009499967098236084
v -0.00774454977363348 0.03629999980330467 0.009343265555799007
v -0.008246958255767822 0.03130071982741356 0.009456573985517025
v -0.00769770098850131 0.03129994124174118 0.009499967098236084
v -0.00841605570167303 0.020327379927039146 -0.009500086307525635
v -0.008602499030530453 0.02039998024702072 -0.009381592273712158
v -0.007699965965002775 0.02039998024702072 -0.009499967098236084
v -0.008602499030530453 0.02039998024702072 -0.009381592273712158
v -0.008284746669232845 0.03129810094833374 -0.009451447986066341
v -0.007699965965002775 0.02039998024702072 -0.009499967098236084
v -0.008284746669232845 0.03129810094833374 -0.009451447986066341
v -0.007755159866064787 0.03129655122756958 -0.009499669075012207
v -0.007699965965002775 0.02039998024702072 -0.009499967098236084
v -0.007755159866064787 0.03129655122756958 -0.009499669075012207
v -0.007700920104980469 0.03129994124174118 -0.009499967098236084
v -0.007699965965002775 0.02039998024702072 -0.009499967098236084
v -0.008602499030530453 0.02039998024702072 0.009381592273712158
v -0.007803380023688078 0.02039843052625656 0.009499967098236084
v -0.007699965965002775 0.02039998024702072 0.009499967098236084
v -0.007755159866064787 0.03129655122756958 -0.009499669075012207
v -0.007741807959973812 0.031309839338064194 -0.009499250911176205
v -0.007700920104980469 0.03129994124174118 -0.009499967098236084
v -0.007741807959973812 0.031309839338064194 -0.009499250911176205
v -0.007837474346160889 0.03166693076491356 -0.009472726844251156
v -0.007700920104980469 0.03129994124174118 -0.009499967098236084
v -0.007755159866064787 0.03129655122756958 -0.009499669075012207
v -0.0077928900718688965 0.031352750957012177 -0.009496091865003109
v -0.007741807959973812 0.031309839338064194 -0.009499250911176205
v -0.0077928900718688965 0.031352750957012177 -0.009496091865003109
v -0.007837474346160889 0.03166693076491356 -0.009472726844251156
v -0.007741807959973812 0.031309839338064194 -0.009499250911176205
v -0.007890701293945312 0.03629999980330467 0.009307323954999447
v -0.008246958255767822 0.03130071982741356 0.009456573985517025
v -0.00774454977363348 0.03629999980330467 0.009343265555799007
v -0.01069492008537054 0.03629999980330467 0.0065218801610171795
v -0.007890701293945312 0.03629999980330467 0.009307323954999447
v -0.00774454977363348 0.03629999980330467 0.009343265555799007
v -0.008284746669232845 0.03129810094833374 -0.009451447986066341
v -0.0077928900718688965 0.031352750957012177 -0.009496091865003109
v -0.007755159866064787 0.03129655122756958 -0.009499669075012207
v -0.008284746669232845 0.03129810094833374 -0.009451447986066341
v -0.007874548435211182 0.03151797875761986 -0.009483814239501953
v -0.0077928900718688965 0.031352750957012177 -0.009496091865003109
v -0.007874548435211182 0.03151797875761986 -0.009483814239501953
v -0.007837474346160889 0.03166693076491356 -0.009472726844251156
v -0.0077928900718688965 0.031352750957012177 -0.009496091865003109
v -0.008602499030530453 0.02039998024702072 0.009381592273712158
v -0.008492170833051205 0.020311469212174416 0.009499967098236084
v -0.007803380023688078 0.02039843052625656 0.009499967098236084
v -0.007874548435211182 0.03151797875761986 -0.009483814239501953
v -0.007973968051373959 0.032034389674663544 -0.009444831870496273
v -0.007837474346160889 0.03166693076491356 -0.009472726844251156
v -0.008284746669232845 0.03129810094833374 -0.009451447986066341
v -0.008338510058820248 0.031298451125621796 -0.009437263011932373
v -0.007874548435211182 0.03151797875761986 -0.009483814239501953
v -0.008338510058820248 0.031298451125621796 -0.009437263011932373
v -0.007973968051373959 0.032034389674663544 -0.009444831870496273
v -0.007874548435211182 0.03151797875761986 -0.009483814239501953
v -0.008440077304840088 0.03629999980330467 0.009172259829938412
v -0.008619426749646664 0.03130149096250534 0.009360133670270443
v -0.007890701293945312 0.03629999980330467 0.009307323954999447
v -0.008619426749646664 0.03130149096250534 0.009360133670270443
v -0.008331716060638428 0.031300898641347885 0.009434640407562256
v -0.007890701293945312 0.03629999980330467 0.009307323954999447
v -0.008331716060638428 0.031300898641347885 0.009434640407562256
v -0.008246958255767822 0.03130071982741356 0.009456573985517025
v -0.007890701293945312 0.03629999980330467 0.009307323954999447
v -0.008542001247406006 0.03629999980330467 0.009123682044446468
v -0.008440077304840088 0.03629999980330467 0.009172259829938412
v -0.007890701293945312 0.03629999980330467 0.009307323954999447
v -0.010687409900128841 0.03629999980330467 0.0065950751304626465
v -0.01050489954650402 0.03629999980330467 0.0071697230450809
v -0.007890701293945312 0.03629999980330467 0.009307323954999447
v -0.01050489954650402 0.03629999980330467 0.0071697230450809
v -0.0104710403829813 0.03629999980330467 0.007276296149939299
v -0.007890701293945312 0.03629999980330467 0.009307323954999447
v -0.0104710403829813 0.03629999980330467 0.007276296149939299
v -0.010180409997701645 0.03629999980330467 0.007792949210852385
v -0.007890701293945312 0.03629999980330467 0.009307323954999447
v -0.010180409997701645 0.03629999980330467 0.007792949210852385
v -0.010123129934072495 0.03629999980330467 0.007894814014434814
v -0.007890701293945312 0.03629999980330467 0.009307323954999447
v -0.010123129934072495 0.03629999980330467 0.007894814014434814
v -0.00972670316696167 0.03629999980330467 0.008349299430847168
v -0.007890701293945312 0.03629999980330467 0.009307323954999447
v -0.00972670316696167 0.03629999980330467 0.008349299430847168
v -0.009652613662183285 0.03629999980330467 0.0084342947229743
v -0.007890701293945312 0.03629999980330467 0.009307323954999447
v -0.009652613662183285 0.03629999980330467 0.0084342947229743
v -0.009168446063995361 0.03629999980330467 0.008801639080047607
v -0.007890701293945312 0.03629999980330467 0.009307323954999447
v -0.009168446063995361 0.03629999980330467 0.008801639080047607
v -0.008542001247406006 0.03629999980330467 0.009123682044446468
v -0.007890701293945312 0.03629999980330467 0.009307323954999447
v -0.01069492008537054 0.03629999980330467 0.0065218801610171795
v -0.010687409900128841 0.03629999980330467 0.0065950751304626465
v -0.007890701293945312 0.03629999980330467 0.009307323954999447
v -0.00789934303611517 0.046139828860759735 -0.0056393141858279705
v -0.008309721015393734 0.046049948781728745 -0.005460917018353939
v -0.007896183989942074 0.0475725494325161 -0.003968179225921631
v -0.008309721015393734 0.046049948781728745 -0.005460917018353939
v -0.008259831927716732 0.047448571771383286 -0.0037388200871646404
v -0.007896183989942074 0.0475725494325161 -0.003968179225921631
v -0.007903634570538998 0.04540996998548508 -0.006436169147491455
v -0.0080946683883667 0.04518181085586548 -0.006572424899786711
v -0.00789934303611517 0.046139828860759735 -0.0056393141858279705
v -0.0080946683883667 0.04518181085586548 -0.006572424899786711
v -0.008309721015393734 0.046049948781728745 -0.005460917018353939
v -0.00789934303611517 0.046139828860759735 -0.0056393141858279705
v -0.008338510058820248 0.031298451125621796 -0.009437263011932373
v -0.008026777766644955 0.03309059143066406 -0.009360194206237793
v -0.007973968051373959 0.032034389674663544 -0.009444831870496273
v -0.008722423575818539 0.03453664854168892 -0.00903165340423584
v -0.008007346652448177 0.036211010068655014 -0.00903409719467163
v -0.008000314235687256 0.03584109991788864 -0.00908583402633667
v -0.008005677722394466 0.03528380021452904 -0.00914144515991211
v -0.008722423575818539 0.03453664854168892 -0.00903165340423584
v -0.008000314235687256 0.03584109991788864 -0.00908583402633667
v -0.008013308048248291 0.03449058160185814 -0.009220539592206478
v -0.008076310157775879 0.03449612110853195 -0.00922155287116766
v -0.008005677722394466 0.03528380021452904 -0.00914144515991211
v -0.008076310157775879 0.03449612110853195 -0.00922155287116766
v -0.008722423575818539 0.03453664854168892 -0.00903165340423584
v -0.008005677722394466 0.03528380021452904 -0.00914144515991211
v -0.008722423575818539 0.03453664854168892 -0.00903165340423584
v -0.008039294742047787 0.03789705038070679 -0.008798359893262386
v -0.008007346652448177 0.036211010068655014 -0.00903409719467163
v -0.008026777766644955 0.03309059143066406 -0.009360194206237793
v -0.008076310157775879 0.03449612110853195 -0.00922155287116766
v -0.008013308048248291 0.03449058160185814 -0.009220539592206478
v -0.008338510058820248 0.031298451125621796 -0.009437263011932373
v -0.008076310157775879 0.03449612110853195 -0.00922155287116766
v -0.008026777766644955 0.03309059143066406 -0.009360194206237793
v -0.008722423575818539 0.03453664854168892 -0.00903165340423584
v -0.008401750586926937 0.037921298295259476 -0.008675158023834229
v -0.008039294742047787 0.03789705038070679 -0.008798359893262386
v -0.008401750586926937 0.037921298295259476 -0.008675158023834229
v -0.00804066564887762 0.037968091666698456 -0.008788405917584896
v -0.008039294742047787 0.03789705038070679 -0.008798359893262386
v -0.008401750586926937 0.037921298295259476 -0.008675158023834229
v -0.008156715892255306 0.0397937186062336 -0.008440195582807064
v -0.00804066564887762 0.037968091666698456 -0.008788405917584896
v -0.008338510058820248 0.031298451125621796 -0.009437263011932373
v -0.008722423575818539 0.03453664854168892 -0.00903165340423584
v -0.008076310157775879 0.03449612110853195 -0.00922155287116766
v -0.00819551944732666 0.04871486872434616 -0.0017042160034179688
v -0.008186995051801205 0.04880565032362938 -0.0014999499544501305
v -0.00808018445968628 0.04894100874662399 -0.0014999499544501305
v -0.008589386008679867 0.044591061770915985 -0.006925224792212248
v -0.008592665195465088 0.04459135979413986 -0.006921112071722746
v -0.0080946683883667 0.04518181085586548 -0.006572424899786711
v -0.008592665195465088 0.04459135979413986 -0.006921112071722746
v -0.008610010147094727 0.0445932112634182 -0.006899476051330566
v -0.0080946683883667 0.04518181085586548 -0.006572424899786711
v -0.008610010147094727 0.0445932112634182 -0.006899476051330566
v -0.008309721015393734 0.046049948781728745 -0.005460917018353939
v -0.0080946683883667 0.04518181085586548 -0.006572424899786711
v -0.008401750586926937 0.037921298295259476 -0.008675158023834229
v -0.008166134357452393 0.03994220122694969 -0.008411884307861328
v -0.008156715892255306 0.0397937186062336 -0.008440195582807064
v -0.009020923636853695 0.037948839366436005 -0.008349834941327572
v -0.008173047564923763 0.04005097970366478 -0.008391082286834717
v -0.008166134357452393 0.03994220122694969 -0.008411884307861328
v -0.008401750586926937 0.037921298295259476 -0.008675158023834229
v -0.009020923636853695 0.037948839366436005 -0.008349834941327572
v -0.008166134357452393 0.03994220122694969 -0.008411884307861328
v -0.009020923636853695 0.037948839366436005 -0.008349834941327572
v -0.008279739879071712 0.041294630616903305 -0.008072792552411556
v -0.008173047564923763 0.04005097970366478 -0.008391082286834717
v -0.00819551944732666 0.04871486872434616 -0.0017042160034179688
v -0.008322536014020443 0.04856216162443161 -0.0014999499544501305
v -0.008186995051801205 0.04880565032362938 -0.0014999499544501305
v -0.008580029010772705 0.04809945076704025 -0.0014999499544501305
v -0.008322536014020443 0.04856216162443161 -0.0014999499544501305
v -0.00819551944732666 0.04871486872434616 -0.0017042160034179688
v -0.008825421333312988 0.04705636948347092 -0.0031827089842408895
v -0.008580029010772705 0.04809945076704025 -0.0014999499544501305
v -0.00819551944732666 0.04871486872434616 -0.0017042160034179688
v -0.008574128150939941 0.047273389995098114 -0.003472565906122327
v -0.008825421333312988 0.04705636948347092 -0.0031827089842408895
v -0.00819551944732666 0.04871486872434616 -0.0017042160034179688
v -0.008331716060638428 0.031300898641347885 0.009434640407562256
v -0.008602499030530453 0.02039998024702072 0.009381592273712158
v -0.008246958255767822 0.03130071982741356 0.009456573985517025
v -0.008309721015393734 0.046049948781728745 -0.005460917018353939
v -0.00868523120880127 0.04590146988630295 -0.00523144006729126
v -0.008259831927716732 0.047448571771383286 -0.0037388200871646404
v -0.00868523120880127 0.04590146988630295 -0.00523144006729126
v -0.008574128150939941 0.047273389995098114 -0.003472565906122327
v -0.008259831927716732 0.047448571771383286 -0.0037388200871646404
v -0.009020923636853695 0.037948839366436005 -0.008349834941327572
v -0.008601129055023193 0.04131472110748291 -0.007898329757153988
v -0.008279739879071712 0.041294630616903305 -0.008072792552411556
v -0.008601129055023193 0.04131472110748291 -0.007898329757153988
v -0.008343218825757504 0.04203438013792038 -0.00788342859596014
v -0.008279739879071712 0.041294630616903305 -0.008072792552411556
v -0.008602499030530453 0.02039998024702072 -0.009381592273712158
v -0.008338510058820248 0.031298451125621796 -0.009437263011932373
v -0.008284746669232845 0.03129810094833374 -0.009451447986066341
v -0.008610010147094727 0.0445932112634182 -0.006899476051330566
v -0.008951783180236816 0.04462951049208641 -0.006473779212683439
v -0.008309721015393734 0.046049948781728745 -0.005460917018353939
v -0.008951783180236816 0.04462951049208641 -0.006473779212683439
v -0.00868523120880127 0.04590146988630295 -0.00523144006729126
v -0.008309721015393734 0.046049948781728745 -0.005460917018353939
v -0.008619426749646664 0.03130149096250534 0.009360133670270443
v -0.008621931076049805 0.02039998024702072 0.009372532367706299
v -0.008331716060638428 0.031300898641347885 0.009434640407562256
v -0.008621931076049805 0.02039998024702072 0.009372532367706299
v -0.008602499030530453 0.02039998024702072 0.009381592273712158
v -0.008331716060638428 0.031300898641347885 0.009434640407562256
v -0.008621931076049805 0.02039998024702072 -0.009372532367706299
v -0.008620142005383968 0.03130017966032028 -0.009363174438476562
v -0.008338510058820248 0.031298451125621796 -0.009437263011932373
v -0.008602499030530453 0.02039998024702072 -0.009381592273712158
v -0.008621931076049805 0.02039998024702072 -0.009372532367706299
v -0.008338510058820248 0.031298451125621796 -0.009437263011932373
v -0.008620142005383968 0.03130017966032028 -0.009363174438476562
v -0.008722423575818539 0.03453664854168892 -0.00903165340423584
v -0.008338510058820248 0.031298451125621796 -0.009437263011932373
v -0.008601129055023193 0.04131472110748291 -0.007898329757153988
v -0.008387862704694271 0.04254155978560448 -0.007714629173278809
v -0.008343218825757504 0.04203438013792038 -0.00788342859596014
v -0.008601129055023193 0.04131472110748291 -0.007898329757153988
v -0.008392751216888428 0.042596809566020966 -0.007696270011365414
v -0.008387862704694271 0.04254155978560448 -0.007714629173278809
v -0.009150922298431396 0.04132872074842453 -0.0074484338983893394
v -0.008483529090881348 0.04362862929701805 -0.007352948188781738
v -0.008392751216888428 0.042596809566020966 -0.007696270011365414
v -0.008601129055023193 0.04131472110748291 -0.007898329757153988
v -0.009150922298431396 0.04132872074842453 -0.0074484338983893394
v -0.008392751216888428 0.042596809566020966 -0.007696270011365414
v -0.008722423575818539 0.03453664854168892 -0.00903165340423584
v -0.009020923636853695 0.037948839366436005 -0.008349834941327572
v -0.008401750586926937 0.037921298295259476 -0.008675158023834229
v -0.008638381026685238 0.020263010635972023 -0.009500025771558285
v -0.008602499030530453 0.02039998024702072 -0.009381592273712158
v -0.00841605570167303 0.020327379927039146 -0.009500086307525635
v -0.008542001247406006 0.03629999980330467 0.009123682044446468
v -0.008899389766156673 0.03130209073424339 0.009287594817578793
v -0.008440077304840088 0.03629999980330467 0.009172259829938412
v -0.008899389766156673 0.03130209073424339 0.009287594817578793
v -0.008619426749646664 0.03130149096250534 0.009360133670270443
v -0.008440077304840088 0.03629999980330467 0.009172259829938412
v -0.009150922298431396 0.04132872074842453 -0.0074484338983893394
v -0.008584976196289062 0.04455113038420677 -0.0069429269060492516
v -0.008483529090881348 0.04362862929701805 -0.007352948188781738
v -0.008602499030530453 0.02039998024702072 0.009381592273712158
v -0.008637726306915283 0.020265750586986542 0.009499967098236084
v -0.008492170833051205 0.020311469212174416 0.009499967098236084
v -0.009086369536817074 0.03629999980330467 0.008863984607160091
v -0.008982478640973568 0.03130203112959862 0.00924760103225708
v -0.008542001247406006 0.03629999980330467 0.009123682044446468
v -0.008982478640973568 0.03130203112959862 0.00924760103225708
v -0.008899389766156673 0.03130209073424339 0.009287594817578793
v -0.008542001247406006 0.03629999980330467 0.009123682044446468
v -0.009168446063995361 0.03629999980330467 0.008801639080047607
v -0.009086369536817074 0.03629999980330467 0.008863984607160091
v -0.008542001247406006 0.03629999980330467 0.009123682044446468
v -0.00868523120880127 0.04590146988630295 -0.00523144006729126
v -0.009005545638501644 0.0457005500793457 -0.0049613709561526775
v -0.008574128150939941 0.047273389995098114 -0.003472565906122327
v -0.009005545638501644 0.0457005500793457 -0.0049613709561526775
v -0.008825421333312988 0.04705636948347092 -0.0031827089842408895
v -0.008574128150939941 0.047273389995098114 -0.003472565906122327
v -0.008825421333312988 0.04705636948347092 -0.0031827089842408895
v -0.008691847324371338 0.04782950133085251 -0.0014999499544501305
v -0.008580029010772705 0.04809945076704025 -0.0014999499544501305
v -0.009150922298431396 0.04132872074842453 -0.0074484338983893394
v -0.008589386008679867 0.044591061770915985 -0.006925224792212248
v -0.008584976196289062 0.04455113038420677 -0.0069429269060492516
v -0.009150922298431396 0.04132872074842453 -0.0074484338983893394
v -0.008592665195465088 0.04459135979413986 -0.006921112071722746
v -0.008589386008679867 0.044591061770915985 -0.006925224792212248
v -0.009150922298431396 0.04132872074842453 -0.0074484338983893394
v -0.008610010147094727 0.0445932112634182 -0.006899476051330566
v -0.008592665195465088 0.04459135979413986 -0.006921112071722746
v -0.009020923636853695 0.037948839366436005 -0.008349834941327572
v -0.009150922298431396 0.04132872074842453 -0.0074484338983893394
v -0.008601129055023193 0.04131472110748291 -0.007898329757153988
v -0.008638381026685238 0.020263010635972023 -0.009500025771558285
v -0.008621931076049805 0.02039998024702072 -0.009372532367706299
v -0.008602499030530453 0.02039998024702072 -0.009381592273712158
v -0.008621931076049805 0.02039998024702072 0.009372532367706299
v -0.008637726306915283 0.020265750586986542 0.009499967098236084
v -0.008602499030530453 0.02039998024702072 0.009381592273712158
v -0.009150922298431396 0.04132872074842453 -0.0074484338983893394
v -0.008951783180236816 0.04462951049208641 -0.006473779212683439
v -0.008610010147094727 0.0445932112634182 -0.006899476051330566
v -0.008899389766156673 0.03130209073424339 0.009287594817578793
v -0.008621931076049805 0.02039998024702072 0.009372532367706299
v -0.008619426749646664 0.03130149096250534 0.009360133670270443
v -0.008621931076049805 0.02039998024702072 -0.009372532367706299
v -0.00889813806861639 0.03130197152495384 -0.009289979003369808
v -0.008620142005383968 0.03130017966032028 -0.009363174438476562
v -0.00889813806861639 0.03130197152495384 -0.009289979003369808
v -0.008722423575818539 0.03453664854168892 -0.00903165340423584
v -0.008620142005383968 0.03130017966032028 -0.009363174438476562
v -0.008638381026685238 0.020263010635972023 -0.009500025771558285
v -0.009706555865705013 0.02039998024702072 -0.00886768102645874
v -0.008621931076049805 0.02039998024702072 -0.009372532367706299
v -0.009706555865705013 0.02039998024702072 -0.00886768102645874
v -0.009505628608167171 0.031301550567150116 -0.00900125503540039
v -0.008621931076049805 0.02039998024702072 -0.009372532367706299
v -0.009505628608167171 0.031301550567150116 -0.00900125503540039
v -0.008987306617200375 0.03130190819501877 -0.00924760103225708
v -0.008621931076049805 0.02039998024702072 -0.009372532367706299
v -0.008987306617200375 0.03130190819501877 -0.00924760103225708
v -0.00889813806861639 0.03130197152495384 -0.009289979003369808
v -0.008621931076049805 0.02039998024702072 -0.009372532367706299
v -0.009706555865705013 0.02039998024702072 0.00886768102645874
v -0.009233473800122738 0.02007877081632614 0.009499967098236084
v -0.008621931076049805 0.02039998024702072 0.009372532367706299
v -0.009233473800122738 0.02007877081632614 0.009499967098236084
v -0.008637726306915283 0.020265750586986542 0.009499967098236084
v -0.008621931076049805 0.02039998024702072 0.009372532367706299
v -0.008899389766156673 0.03130209073424339 0.009287594817578793
v -0.008982478640973568 0.03130203112959862 0.00924760103225708
v -0.008621931076049805 0.02039998024702072 0.009372532367706299
v -0.008982478640973568 0.03130203112959862 0.00924760103225708
v -0.009706555865705013 0.02039998024702072 0.00886768102645874
v -0.008621931076049805 0.02039998024702072 0.009372532367706299
v -0.009110747836530209 0.02012634091079235 -0.009499967098236084
v -0.009706555865705013 0.02039998024702072 -0.00886768102645874
v -0.008638381026685238 0.020263010635972023 -0.009500025771558285
v -0.009022057056427002 0.04463046044111252 -0.006365119945257902
v -0.009005545638501644 0.0457005500793457 -0.0049613709561526775
v -0.00868523120880127 0.04590146988630295 -0.00523144006729126
v -0.008951783180236816 0.04462951049208641 -0.006473779212683439
v -0.008984684012830257 0.04463297128677368 -0.0064327712170779705
v -0.00868523120880127 0.04590146988630295 -0.00523144006729126
v -0.008984684012830257 0.04463297128677368 -0.0064327712170779705
v -0.009022057056427002 0.04463046044111252 -0.006365119945257902
v -0.00868523120880127 0.04590146988630295 -0.00523144006729126
v -0.00911414623260498 0.04654878005385399 -0.0025917880702763796
v -0.009414136409759521 0.045406460762023926 -0.0014999499544501305
v -0.008691847324371338 0.04782950133085251 -0.0014999499544501305
v -0.008825421333312988 0.04705636948347092 -0.0031827089842408895
v -0.00911414623260498 0.04654878005385399 -0.0025917880702763796
v -0.008691847324371338 0.04782950133085251 -0.0014999499544501305
v -0.009505628608167171 0.031301550567150116 -0.00900125503540039
v -0.00934439804404974 0.03456323966383934 -0.008706389926373959
v -0.008722423575818539 0.03453664854168892 -0.00903165340423584
v -0.00889813806861639 0.03130197152495384 -0.009289979003369808
v -0.008987306617200375 0.03130190819501877 -0.00924760103225708
v -0.008722423575818539 0.03453664854168892 -0.00903165340423584
v -0.008987306617200375 0.03130190819501877 -0.00924760103225708
v -0.009505628608167171 0.031301550567150116 -0.00900125503540039
v -0.008722423575818539 0.03453664854168892 -0.00903165340423584
v -0.00934439804404974 0.03456323966383934 -0.008706389926373959
v -0.009020923636853695 0.037948839366436005 -0.008349834941327572
v -0.008722423575818539 0.03453664854168892 -0.00903165340423584
v -0.00940620806068182 0.045404549688100815 -0.0036135308910161257
v -0.009137152694165707 0.04647897928953171 -0.002651333110406995
v -0.008825421333312988 0.04705636948347092 -0.0031827089842408895
v -0.009137152694165707 0.04647897928953171 -0.002651333110406995
v -0.00911414623260498 0.04654878005385399 -0.0025917880702763796
v -0.008825421333312988 0.04705636948347092 -0.0031827089842408895
v -0.009005545638501644 0.0457005500793457 -0.0049613709561526775
v -0.009255765937268734 0.045458488166332245 -0.0046653738245368
v -0.008825421333312988 0.04705636948347092 -0.0031827089842408895
v -0.009255765937268734 0.045458488166332245 -0.0046653738245368
v -0.00940620806068182 0.045404549688100815 -0.0036135308910161257
v -0.008825421333312988 0.04705636948347092 -0.0031827089842408895
v -0.009150922298431396 0.04132872074842453 -0.0074484338983893394
v -0.009600876830518246 0.041313640773296356 -0.006898701190948486
v -0.008951783180236816 0.04462951049208641 -0.006473779212683439
v -0.009600876830518246 0.041313640773296356 -0.006898701190948486
v -0.008984684012830257 0.04463297128677368 -0.0064327712170779705
v -0.008951783180236816 0.04462951049208641 -0.006473779212683439
v -0.009528577327728271 0.03130184859037399 0.008984506130218506
v -0.009706555865705013 0.02039998024702072 0.00886768102645874
v -0.008982478640973568 0.03130203112959862 0.00924760103225708
v -0.009086369536817074 0.03629999980330467 0.008863984607160091
v -0.009528577327728271 0.03130184859037399 0.008984506130218506
v -0.008982478640973568 0.03130203112959862 0.00924760103225708
v -0.009600876830518246 0.041313640773296356 -0.006898701190948486
v -0.009022057056427002 0.04463046044111252 -0.006365119945257902
v -0.008984684012830257 0.04463297128677368 -0.0064327712170779705
v -0.009345768950879574 0.04460339993238449 -0.00575864315032959
v -0.009255765937268734 0.045458488166332245 -0.0046653738245368
v -0.009005545638501644 0.0457005500793457 -0.0049613709561526775
v -0.009328842163085938 0.04460965842008591 -0.005809307098388672
v -0.009345768950879574 0.04460339993238449 -0.00575864315032959
v -0.009005545638501644 0.0457005500793457 -0.0049613709561526775
v -0.009022057056427002 0.04463046044111252 -0.006365119945257902
v -0.009224413894116879 0.04461675137281418 -0.0059985509142279625
v -0.009005545638501644 0.0457005500793457 -0.0049613709561526775
v -0.009224413894116879 0.04461675137281418 -0.0059985509142279625
v -0.009328842163085938 0.04460965842008591 -0.005809307098388672
v -0.009005545638501644 0.0457005500793457 -0.0049613709561526775
v -0.00934439804404974 0.03456323966383934 -0.008706389926373959
v -0.0095748296007514 0.03795415163040161 -0.007898508571088314
v -0.009020923636853695 0.037948839366436005 -0.008349834941327572
v -0.0095748296007514 0.03795415163040161 -0.007898508571088314
v -0.009150922298431396 0.04132872074842453 -0.0074484338983893394
v -0.009020923636853695 0.037948839366436005 -0.008349834941327572
v -0.009600876830518246 0.041313640773296356 -0.006898701190948486
v -0.009224413894116879 0.04461675137281418 -0.0059985509142279625
v -0.009022057056427002 0.04463046044111252 -0.006365119945257902
v -0.009168446063995361 0.03629999980330467 0.008801639080047607
v -0.009528577327728271 0.03130184859037399 0.008984506130218506
v -0.009086369536817074 0.03629999980330467 0.008863984607160091
v -0.010003440082073212 0.019710000604391098 -0.009499967098236084
v -0.009706555865705013 0.02039998024702072 -0.00886768102645874
v -0.009110747836530209 0.02012634091079235 -0.009499967098236084
v -0.009137152694165707 0.04647897928953171 -0.002651333110406995
v -0.009414136409759521 0.045406460762023926 -0.0014999499544501305
v -0.00911414623260498 0.04654878005385399 -0.0025917880702763796
v -0.00940620806068182 0.045404549688100815 -0.0036135308910161257
v -0.009414136409759521 0.045406460762023926 -0.0014999499544501305
v -0.009137152694165707 0.04647897928953171 -0.002651333110406995
v -0.0095748296007514 0.03795415163040161 -0.007898508571088314
v -0.009600876830518246 0.041313640773296356 -0.006898701190948486
v -0.009150922298431396 0.04132872074842453 -0.0074484338983893394
v -0.009652613662183285 0.03629999980330467 0.0084342947229743
v -0.00970297958701849 0.031301308423280716 0.008851051330566406
v -0.009168446063995361 0.03629999980330467 0.008801639080047607
v -0.00970297958701849 0.031301308423280716 0.008851051330566406
v -0.009608148597180843 0.03130161017179489 0.008923590183258057
v -0.009168446063995361 0.03629999980330467 0.008801639080047607
v -0.009608148597180843 0.03130161017179489 0.008923590183258057
v -0.009528577327728271 0.03130184859037399 0.008984506130218506
v -0.009168446063995361 0.03629999980330467 0.008801639080047607
v -0.009926915168762207 0.041271258145570755 -0.00628501083701849
v -0.009328842163085938 0.04460965842008591 -0.005809307098388672
v -0.009224413894116879 0.04461675137281418 -0.0059985509142279625
v -0.009600876830518246 0.041313640773296356 -0.006898701190948486
v -0.009926915168762207 0.041271258145570755 -0.00628501083701849
v -0.009224413894116879 0.04461675137281418 -0.0059985509142279625
v -0.009706555865705013 0.02039998024702072 0.00886768102645874
v -0.010153289884328842 0.019621960818767548 0.009499967098236084
v -0.009233473800122738 0.02007877081632614 0.009499967098236084
v -0.009538233280181885 0.04453188180923462 -0.005181728862226009
v -0.009544909000396729 0.04452323168516159 -0.0051326751708984375
v -0.009255765937268734 0.045458488166332245 -0.0046653738245368
v -0.00943052675575018 0.044571928679943085 -0.005504666827619076
v -0.009538233280181885 0.04453188180923462 -0.005181728862226009
v -0.009255765937268734 0.045458488166332245 -0.0046653738245368
v -0.009345768950879574 0.04460339993238449 -0.00575864315032959
v -0.00943052675575018 0.044571928679943085 -0.005504666827619076
v -0.009255765937268734 0.045458488166332245 -0.0046653738245368
v -0.009524226188659668 0.04491101950407028 -0.004060089122503996
v -0.009495376609265804 0.04504834860563278 -0.00393253518268466
v -0.009255765937268734 0.045458488166332245 -0.0046653738245368
v -0.009544909000396729 0.04452323168516159 -0.0051326751708984375
v -0.009524226188659668 0.04491101950407028 -0.004060089122503996
v -0.009255765937268734 0.045458488166332245 -0.0046653738245368
v -0.009495376609265804 0.04504834860563278 -0.00393253518268466
v -0.00940620806068182 0.045404549688100815 -0.0036135308910161257
v -0.009255765937268734 0.045458488166332245 -0.0046653738245368
v -0.009926915168762207 0.041271258145570755 -0.00628501083701849
v -0.009345768950879574 0.04460339993238449 -0.00575864315032959
v -0.009328842163085938 0.04460965842008591 -0.005809307098388672
v -0.010065250098705292 0.03130006045103073 -0.008584678173065186
v -0.009900391101837158 0.03457282856106758 -0.00825345516204834
v -0.00934439804404974 0.03456323966383934 -0.008706389926373959
v -0.00970470905303955 0.031301021575927734 -0.008853076957166195
v -0.010065250098705292 0.03130006045103073 -0.008584678173065186
v -0.00934439804404974 0.03456323966383934 -0.008706389926373959
v -0.009505628608167171 0.031301550567150116 -0.00900125503540039
v -0.009610830806195736 0.031301308423280716 -0.008922933600842953
v -0.00934439804404974 0.03456323966383934 -0.008706389926373959
v -0.009610830806195736 0.031301308423280716 -0.008922933600842953
v -0.00970470905303955 0.031301021575927734 -0.008853076957166195
v -0.00934439804404974 0.03456323966383934 -0.008706389926373959
v -0.009900391101837158 0.03457282856106758 -0.00825345516204834
v -0.0095748296007514 0.03795415163040161 -0.007898508571088314
v -0.00934439804404974 0.03456323966383934 -0.008706389926373959
v -0.009926915168762207 0.041271258145570755 -0.00628501083701849
v -0.00943052675575018 0.044571928679943085 -0.005504666827619076
v -0.009345768950879574 0.04460339993238449 -0.00575864315032959
v -0.010149350389838219 0.041405368596315384 -0.0014999499544501305
v -0.009414136409759521 0.045406460762023926 -0.0014999499544501305
v -0.00940620806068182 0.045404549688100815 -0.0036135308910161257
v -0.009495376609265804 0.04504834860563278 -0.00393253518268466
v -0.010149350389838219 0.041405368596315384 -0.0014999499544501305
v -0.00940620806068182 0.045404549688100815 -0.0036135308910161257
v -0.009926915168762207 0.041271258145570755 -0.00628501083701849
v -0.009538233280181885 0.04453188180923462 -0.005181728862226009
v -0.00943052675575018 0.044571928679943085 -0.005504666827619076
v -0.009524226188659668 0.04491101950407028 -0.004060089122503996
v -0.010149350389838219 0.041405368596315384 -0.0014999499544501305
v -0.009495376609265804 0.04504834860563278 -0.00393253518268466
v -0.009706555865705013 0.02039998024702072 -0.00886768102645874
v -0.009610830806195736 0.031301308423280716 -0.008922933600842953
v -0.009505628608167171 0.031301550567150116 -0.00900125503540039
v -0.009628534317016602 0.04441510885953903 -0.004520772956311703
v -0.010149350389838219 0.041405368596315384 -0.0014999499544501305
v -0.009524226188659668 0.04491101950407028 -0.004060089122503996
v -0.009544909000396729 0.04452323168516159 -0.0051326751708984375
v -0.009628534317016602 0.04441510885953903 -0.004520772956311703
v -0.009524226188659668 0.04491101950407028 -0.004060089122503996
v -0.009608148597180843 0.03130161017179489 0.008923590183258057
v -0.009706555865705013 0.02039998024702072 0.00886768102645874
v -0.009528577327728271 0.03130184859037399 0.008984506130218506
v -0.009926915168762207 0.041271258145570755 -0.00628501083701849
v -0.010121040046215057 0.041206348687410355 -0.0056478967890143394
v -0.009538233280181885 0.04453188180923462 -0.005181728862226009
v -0.010121040046215057 0.041206348687410355 -0.0056478967890143394
v -0.009544909000396729 0.04452323168516159 -0.0051326751708984375
v -0.009538233280181885 0.04453188180923462 -0.005181728862226009
v -0.010121040046215057 0.041206348687410355 -0.0056478967890143394
v -0.010082360357046127 0.04184538125991821 -0.0049263229593634605
v -0.009544909000396729 0.04452323168516159 -0.0051326751708984375
v -0.010082360357046127 0.04184538125991821 -0.0049263229593634605
v -0.009628534317016602 0.04441510885953903 -0.004520772956311703
v -0.009544909000396729 0.04452323168516159 -0.0051326751708984375
v -0.009900391101837158 0.03457282856106758 -0.00825345516204834
v -0.010026809759438038 0.03793621063232422 -0.007345377933233976
v -0.0095748296007514 0.03795415163040161 -0.007898508571088314
v -0.010026809759438038 0.03793621063232422 -0.007345377933233976
v -0.009600876830518246 0.041313640773296356 -0.006898701190948486
v -0.0095748296007514 0.03795415163040161 -0.007898508571088314
v -0.010026809759438038 0.03793621063232422 -0.007345377933233976
v -0.009926915168762207 0.041271258145570755 -0.00628501083701849
v -0.009600876830518246 0.041313640773296356 -0.006898701190948486
v -0.00970297958701849 0.031301308423280716 0.008851051330566406
v -0.009711623191833496 0.02039998024702072 0.008862613700330257
v -0.009608148597180843 0.03130161017179489 0.008923590183258057
v -0.009711623191833496 0.02039998024702072 0.008862613700330257
v -0.009706555865705013 0.02039998024702072 0.00886768102645874
v -0.009608148597180843 0.03130161017179489 0.008923590183258057
v -0.009706555865705013 0.02039998024702072 -0.00886768102645874
v -0.00970470905303955 0.031301021575927734 -0.008853076957166195
v -0.009610830806195736 0.031301308423280716 -0.008922933600842953
v -0.010082360357046127 0.04184538125991821 -0.0049263229593634605
v -0.010149350389838219 0.041405368596315384 -0.0014999499544501305
v -0.009628534317016602 0.04441510885953903 -0.004520772956311703
v -0.00972670316696167 0.03629999980330467 0.008349299430847168
v -0.010109960101544857 0.031300000846385956 0.008539557456970215
v -0.009652613662183285 0.03629999980330467 0.0084342947229743
v -0.010109960101544857 0.031300000846385956 0.008539557456970215
v -0.00970297958701849 0.031301308423280716 0.008851051330566406
v -0.009652613662183285 0.03629999980330467 0.0084342947229743
v -0.010109960101544857 0.031300000846385956 0.008539557456970215
v -0.009711623191833496 0.02039998024702072 0.008862613700330257
v -0.00970297958701849 0.031301308423280716 0.008851051330566406
v -0.009711623191833496 0.02039998024702072 -0.008862613700330257
v -0.010065250098705292 0.03130006045103073 -0.008584678173065186
v -0.00970470905303955 0.031301021575927734 -0.008853076957166195
v -0.009706555865705013 0.02039998024702072 -0.00886768102645874
v -0.009711623191833496 0.02039998024702072 -0.008862613700330257
v -0.00970470905303955 0.031301021575927734 -0.008853076957166195
v -0.010003440082073212 0.019710000604391098 -0.009499967098236084
v -0.01014970988035202 0.01962720975279808 -0.009499967098236084
v -0.009706555865705013 0.02039998024702072 -0.00886768102645874
v -0.01014970988035202 0.01962720975279808 -0.009499967098236084
v -0.009711623191833496 0.02039998024702072 -0.008862613700330257
v -0.009706555865705013 0.02039998024702072 -0.00886768102645874
v -0.009711623191833496 0.02039998024702072 0.008862613700330257
v -0.010199960321187973 0.019598839804530144 0.009499967098236084
v -0.009706555865705013 0.02039998024702072 0.00886768102645874
v -0.010199960321187973 0.019598839804530144 0.009499967098236084
v -0.010153289884328842 0.019621960818767548 0.009499967098236084
v -0.009706555865705013 0.02039998024702072 0.00886768102645874
v -0.010439690202474594 0.019478440284729004 -0.009470820426940918
v -0.010562590323388577 0.02039998024702072 -0.00801157858222723
v -0.009711623191833496 0.02039998024702072 -0.008862613700330257
v -0.01014970988035202 0.01962720975279808 -0.009499967098236084
v -0.010199960321187973 0.019598839804530144 -0.009499967098236084
v -0.009711623191833496 0.02039998024702072 -0.008862613700330257
v -0.010199960321187973 0.019598839804530144 -0.009499967098236084
v -0.010439690202474594 0.019478440284729004 -0.009470820426940918
v -0.009711623191833496 0.02039998024702072 -0.008862613700330257
v -0.010166579857468605 0.03130017966032028 -0.008470176719129086
v -0.010065250098705292 0.03130006045103073 -0.008584678173065186
v -0.009711623191833496 0.02039998024702072 -0.008862613700330257
v -0.010562590323388577 0.02039998024702072 -0.00801157858222723
v -0.010565279982984066 0.03130054101347923 -0.008013485930860043
v -0.009711623191833496 0.02039998024702072 -0.008862613700330257
v -0.010565279982984066 0.03130054101347923 -0.008013485930860043
v -0.01055567990988493 0.03130054101347923 -0.008030295372009277
v -0.009711623191833496 0.02039998024702072 -0.008862613700330257
v -0.01055567990988493 0.03130054101347923 -0.008030295372009277
v -0.010166579857468605 0.03130017966032028 -0.008470176719129086
v -0.009711623191833496 0.02039998024702072 -0.008862613700330257
v -0.010544000193476677 0.019443919882178307 0.00942760705947876
v -0.010432769544422626 0.019480999559164047 0.00947254803031683
v -0.009711623191833496 0.02039998024702072 0.008862613700330257
v -0.010432769544422626 0.019480999559164047 0.00947254803031683
v -0.010199960321187973 0.019598839804530144 0.009499967098236084
v -0.009711623191833496 0.02039998024702072 0.008862613700330257
v -0.011138550005853176 0.019436949864029884 0.008845089934766293
v -0.01090347021818161 0.019372759386897087 0.009195566177368164
v -0.009711623191833496 0.02039998024702072 0.008862613700330257
v -0.01090347021818161 0.019372759386897087 0.009195566177368164
v -0.010708569549024105 0.01938902959227562 0.009361027739942074
v -0.009711623191833496 0.02039998024702072 0.008862613700330257
v -0.010708569549024105 0.01938902959227562 0.009361027739942074
v -0.010544000193476677 0.019443919882178307 0.00942760705947876
v -0.009711623191833496 0.02039998024702072 0.008862613700330257
v -0.010562590323388577 0.02039998024702072 0.00801157858222723
v -0.011199950240552425 0.019598839804530144 0.00849997904151678
v -0.009711623191833496 0.02039998024702072 0.008862613700330257
v -0.011199950240552425 0.019598839804530144 0.00849997904151678
v -0.01113963034003973 0.01943987049162388 0.008838891051709652
v -0.009711623191833496 0.02039998024702072 0.008862613700330257
v -0.01113963034003973 0.01943987049162388 0.008838891051709652
v -0.011138550005853176 0.019436949864029884 0.008845089934766293
v -0.009711623191833496 0.02039998024702072 0.008862613700330257
v -0.010109960101544857 0.031300000846385956 0.008539557456970215
v -0.010168490000069141 0.03130006045103073 0.008472560904920101
v -0.009711623191833496 0.02039998024702072 0.008862613700330257
v -0.010168490000069141 0.03130006045103073 0.008472560904920101
v -0.010562590323388577 0.02039998024702072 0.00801157858222723
v -0.009711623191833496 0.02039998024702072 0.008862613700330257
v -0.010123129934072495 0.03629999980330467 0.007894814014434814
v -0.010543939657509327 0.03130042180418968 0.00804275181144476
v -0.00972670316696167 0.03629999980330467 0.008349299430847168
v -0.010543939657509327 0.03130042180418968 0.00804275181144476
v -0.010168490000069141 0.03130006045103073 0.008472560904920101
v -0.00972670316696167 0.03629999980330467 0.008349299430847168
v -0.010168490000069141 0.03130006045103073 0.008472560904920101
v -0.010109960101544857 0.031300000846385956 0.008539557456970215
v -0.00972670316696167 0.03629999980330467 0.008349299430847168
v -0.01055567990988493 0.03130054101347923 -0.008030295372009277
v -0.01035325974225998 0.034564308822155 -0.007697463035583496
v -0.009900391101837158 0.03457282856106758 -0.00825345516204834
v -0.010166579857468605 0.03130017966032028 -0.008470176719129086
v -0.01055567990988493 0.03130054101347923 -0.008030295372009277
v -0.009900391101837158 0.03457282856106758 -0.00825345516204834
v -0.010065250098705292 0.03130006045103073 -0.008584678173065186
v -0.010166579857468605 0.03130017966032028 -0.008470176719129086
v -0.009900391101837158 0.03457282856106758 -0.00825345516204834
v -0.01035325974225998 0.034564308822155 -0.007697463035583496
v -0.010026809759438038 0.03793621063232422 -0.007345377933233976
v -0.009900391101837158 0.03457282856106758 -0.00825345516204834
v -0.010352609679102898 0.03789680823683739 -0.006727098952978849
v -0.010121040046215057 0.041206348687410355 -0.0056478967890143394
v -0.009926915168762207 0.041271258145570755 -0.00628501083701849
v -0.010026809759438038 0.03793621063232422 -0.007345377933233976
v -0.010352609679102898 0.03789680823683739 -0.006727098952978849
v -0.009926915168762207 0.041271258145570755 -0.00628501083701849
v -0.01035325974225998 0.034564308822155 -0.007697463035583496
v -0.010352609679102898 0.03789680823683739 -0.006727098952978849
v -0.010026809759438038 0.03793621063232422 -0.007345377933233976
v -0.010141960345208645 0.0414043590426445 -0.004985271953046322
v -0.010149350389838219 0.041405368596315384 -0.0014999499544501305
v -0.010082360357046127 0.04184538125991821 -0.0049263229593634605
v -0.010121040046215057 0.041206348687410355 -0.0056478967890143394
v -0.010141960345208645 0.0414043590426445 -0.004985271953046322
v -0.010082360357046127 0.04184538125991821 -0.0049263229593634605
v -0.010493990033864975 0.038799818605184555 -0.005333303939551115
v -0.010179930366575718 0.041123680770397186 -0.005022764205932617
v -0.010121040046215057 0.041206348687410355 -0.0056478967890143394
v -0.010179930366575718 0.041123680770397186 -0.005022764205932617
v -0.010141960345208645 0.0414043590426445 -0.004985271953046322
v -0.010121040046215057 0.041206348687410355 -0.0056478967890143394
v -0.010544300079345703 0.03784000128507614 -0.006085038185119629
v -0.010493990033864975 0.038799818605184555 -0.005333303939551115
v -0.010121040046215057 0.041206348687410355 -0.0056478967890143394
v -0.010352609679102898 0.03789680823683739 -0.006727098952978849
v -0.010544300079345703 0.03784000128507614 -0.006085038185119629
v -0.010121040046215057 0.041206348687410355 -0.0056478967890143394
v -0.010180409997701645 0.03629999980330467 0.007792949210852385
v -0.01056182011961937 0.03130042180418968 0.008011518977582455
v -0.010123129934072495 0.03629999980330467 0.007894814014434814
v -0.01056182011961937 0.03130042180418968 0.008011518977582455
v -0.010543939657509327 0.03130042180418968 0.00804275181144476
v -0.010123129934072495 0.03629999980330467 0.007894814014434814
v -0.010179930366575718 0.041123680770397186 -0.005022764205932617
v -0.010149350389838219 0.041405368596315384 -0.0014999499544501305
v -0.010141960345208645 0.0414043590426445 -0.004985271953046322
v -0.010179930366575718 0.041123680770397186 -0.005022764205932617
v -0.010433970019221306 0.03929996117949486 -0.0014999499544501305
v -0.010149350389838219 0.041405368596315384 -0.0014999499544501305
v -0.010199960321187973 0.019598839804530144 0.009499967098236084
v -0.010199960321187973 0.009547412395477295 0.009499967098236084
v -0.010153289884328842 0.019621960818767548 0.009499967098236084
v -0.010543939657509327 0.03130042180418968 0.00804275181144476
v -0.010562590323388577 0.02039998024702072 0.00801157858222723
v -0.010168490000069141 0.03130006045103073 0.008472560904920101
v -0.010493990033864975 0.038799818605184555 -0.005333303939551115
v -0.010433970019221306 0.03929996117949486 -0.0014999499544501305
v -0.010179930366575718 0.041123680770397186 -0.005022764205932617
v -0.0104710403829813 0.03629999980330467 0.007276296149939299
v -0.010900610126554966 0.03130095824599266 0.00742024090141058
v -0.010180409997701645 0.03629999980330467 0.007792949210852385
v -0.010900610126554966 0.03130095824599266 0.00742024090141058
v -0.010618319734930992 0.03130054101347923 0.007912874221801758
v -0.010180409997701645 0.03629999980330467 0.007792949210852385
v -0.010618319734930992 0.03130054101347923 0.007912874221801758
v -0.01056182011961937 0.03130042180418968 0.008011518977582455
v -0.010180409997701645 0.03629999980330467 0.007792949210852385
v -0.010199960321187973 0.009547412395477295 -0.009499967098236084
v -0.010439690202474594 0.019478440284729004 -0.009470820426940918
v -0.010199960321187973 0.019598839804530144 -0.009499967098236084
v -0.010432769544422626 0.019480999559164047 0.00947254803031683
v -0.010199960321187973 0.009547412395477295 0.009499967098236084
v -0.010199960321187973 0.019598839804530144 0.009499967098236084
v -0.010379609651863575 0.009047627449035645 -0.009419739246368408
v -0.010379609651863575 0.009547412395477295 -0.009483695030212402
v -0.010199960321187973 0.009547412395477295 -0.009499967098236084
v -0.010199960321187973 0.009043513797223568 -0.009435473941266537
v -0.010379609651863575 0.009047627449035645 -0.009419739246368408
v -0.010199960321187973 0.009547412395477295 -0.009499967098236084
v -0.010379609651863575 0.009547412395477295 -0.009483695030212402
v -0.010439690202474594 0.019478440284729004 -0.009470820426940918
v -0.010199960321187973 0.009547412395477295 -0.009499967098236084
v -0.010379609651863575 0.009547412395477295 0.009483695030212402
v -0.010199960321187973 0.009043513797223568 0.009435473941266537
v -0.010199960321187973 0.009547412395477295 0.009499967098236084
v -0.010432769544422626 0.019480999559164047 0.00947254803031683
v -0.010379609651863575 0.009547412395477295 0.009483695030212402
v -0.010199960321187973 0.009547412395477295 0.009499967098236084
v -0.010199960321187973 0.007659493945538998 -0.008961737155914307
v -0.010379609651863575 0.009047627449035645 -0.009419739246368408
v -0.010199960321187973 0.009043513797223568 -0.009435473941266537
v -0.010379609651863575 0.009547412395477295 0.009483695030212402
v -0.010379609651863575 0.009047627449035645 0.009419739246368408
v -0.010199960321187973 0.009043513797223568 0.009435473941266537
v -0.010379609651863575 0.009047627449035645 0.009419739246368408
v -0.010199960321187973 0.007659493945538998 0.008961737155914307
v -0.010199960321187973 0.009043513797223568 0.009435473941266537
v -0.010199960321187973 0.007313667796552181 -0.008781731128692627
v -0.010392059572041035 0.007666825782507658 -0.008944629691541195
v -0.010199960321187973 0.007659493945538998 -0.008961737155914307
v -0.010392059572041035 0.007666825782507658 -0.008944629691541195
v -0.010379609651863575 0.009047627449035645 -0.009419739246368408
v -0.010199960321187973 0.007659493945538998 -0.008961737155914307
v -0.010379609651863575 0.009047627449035645 0.009419739246368408
v -0.010392059572041035 0.007666825782507658 0.008944629691541195
v -0.010199960321187973 0.007659493945538998 0.008961737155914307
v -0.010392059572041035 0.007666825782507658 0.008944629691541195
v -0.010199960321187973 0.007313667796552181 0.008781731128692627
v -0.010199960321187973 0.007659493945538998 0.008961737155914307
v -0.010392059572041035 0.006371675990521908 -0.008270441554486752
v -0.010392059572041035 0.007666825782507658 -0.008944629691541195
v -0.010199960321187973 0.007313667796552181 -0.008781731128692627
v -0.010199960321187973 0.006361900828778744 -0.00828623678535223
v -0.010392059572041035 0.006371675990521908 -0.008270441554486752
v -0.010199960321187973 0.007313667796552181 -0.008781731128692627
v -0.010392059572041035 0.007666825782507658 0.008944629691541195
v -0.010199960321187973 0.006361900828778744 0.00828623678535223
v -0.010199960321187973 0.007313667796552181 0.008781731128692627
v -0.010392059572041035 0.005192040931433439 -0.007410048972815275
v -0.010392059572041035 0.006371675990521908 -0.008270441554486752
v -0.010199960321187973 0.006361900828778744 -0.00828623678535223
v -0.010199960321187973 0.005494952201843262 -0.007653951179236174
v -0.010392059572041035 0.005192040931433439 -0.007410048972815275
v -0.010199960321187973 0.006361900828778744 -0.00828623678535223
v -0.010392059572041035 0.007666825782507658 0.008944629691541195
v -0.010392059572041035 0.006371675990521908 0.008270441554486752
v -0.010199960321187973 0.006361900828778744 0.00828623678535223
v -0.010392059572041035 0.006371675990521908 0.008270441554486752
v -0.010199960321187973 0.005494952201843262 0.007653951179236174
v -0.010199960321187973 0.006361900828778744 0.00828623678535223
v -0.010199960321187973 0.005179941188544035 -0.007424234878271818
v -0.010392059572041035 0.005192040931433439 -0.007410048972815275
v -0.010199960321187973 0.005494952201843262 -0.007653951179236174
v -0.010392059572041035 0.005192040931433439 0.007410048972815275
v -0.010199960321187973 0.005179941188544035 0.007424234878271818
v -0.010199960321187973 0.005494952201843262 0.007653951179236174
v -0.010392059572041035 0.006371675990521908 0.008270441554486752
v -0.010392059572041035 0.005192040931433439 0.007410048972815275
v -0.010199960321187973 0.005494952201843262 0.007653951179236174
v -0.010199960321187973 0.004140316974371672 -0.006395101081579924
v -0.010379609651863575 0.004152595065534115 -0.006384431850165129
v -0.010199960321187973 0.005179941188544035 -0.007424234878271818
v -0.010379609651863575 0.004152595065534115 -0.006384431850165129
v -0.010392059572041035 0.005192040931433439 -0.007410048972815275
v -0.010199960321187973 0.005179941188544035 -0.007424234878271818
v -0.010379609651863575 0.004152595065534115 0.006384431850165129
v -0.010199960321187973 0.004140316974371672 0.006395101081579924
v -0.010199960321187973 0.005179941188544035 0.007424234878271818
v -0.010392059572041035 0.005192040931433439 0.007410048972815275
v -0.010379609651863575 0.004152595065534115 0.006384431850165129
v -0.010199960321187973 0.005179941188544035 0.007424234878271818
v -0.010379609651863575 0.00379180908203125 -0.005777834914624691
v -0.010379609651863575 0.004152595065534115 -0.006384431850165129
v -0.010199960321187973 0.004140316974371672 -0.006395101081579924
v -0.010199960321187973 0.0037765500601381063 -0.00578349782153964
v -0.010379609651863575 0.00379180908203125 -0.005777834914624691
v -0.010199960321187973 0.004140316974371672 -0.006395101081579924
v -0.010379609651863575 0.004152595065534115 0.006384431850165129
v -0.010199960321187973 0.0037765500601381063 0.00578349782153964
v -0.010199960321187973 0.004140316974371672 0.006395101081579924
v -0.010199960321187973 0.0036499500274658203 -0.005083261989057064
v -0.010379609651863575 0.003666222095489502 -0.005083261989057064
v -0.010199960321187973 0.0037765500601381063 -0.00578349782153964
v -0.010379609651863575 0.003666222095489502 -0.005083261989057064
v -0.010379609651863575 0.00379180908203125 -0.005777834914624691
v -0.010199960321187973 0.0037765500601381063 -0.00578349782153964
v -0.010379609651863575 0.00379180908203125 0.005777834914624691
v -0.010199960321187973 0.0036499500274658203 0.005083261989057064
v -0.010199960321187973 0.0037765500601381063 0.00578349782153964
v -0.010379609651863575 0.004152595065534115 0.006384431850165129
v -0.010379609651863575 0.00379180908203125 0.005777834914624691
v -0.010199960321187973 0.0037765500601381063 0.00578349782153964
v -0.010199960321187973 0.0036499500274658203 0.005083261989057064
v -0.010379609651863575 0.003666222095489502 -0.005083261989057064
v -0.010199960321187973 0.0036499500274658203 -0.005083261989057064
v -0.010379609651863575 0.00379180908203125 0.005777834914624691
v -0.010379609651863575 0.003666222095489502 0.005083261989057064
v -0.010199960321187973 0.0036499500274658203 0.005083261989057064
v -0.010379609651863575 0.003666222095489502 0.005083261989057064
v -0.010379609651863575 0.003666222095489502 -0.005083261989057064
v -0.010199960321187973 0.0036499500274658203 0.005083261989057064
v -0.010678520426154137 0.03453880175948143 -0.007075368892401457
v -0.010544300079345703 0.03784000128507614 -0.006085038185119629
v -0.010352609679102898 0.03789680823683739 -0.006727098952978849
v -0.01035325974225998 0.034564308822155 -0.007697463035583496
v -0.010678520426154137 0.03453880175948143 -0.007075368892401457
v -0.010352609679102898 0.03789680823683739 -0.006727098952978849
v -0.010565279982984066 0.03130054101347923 -0.008013485930860043
v -0.010621240362524986 0.031300660222768784 -0.007915972732007504
v -0.01035325974225998 0.034564308822155 -0.007697463035583496
v -0.010621240362524986 0.031300660222768784 -0.007915972732007504
v -0.010891309939324856 0.03130120038986206 -0.007445096038281918
v -0.01035325974225998 0.034564308822155 -0.007697463035583496
v -0.010891309939324856 0.03130120038986206 -0.007445096038281918
v -0.010678520426154137 0.03453880175948143 -0.007075368892401457
v -0.01035325974225998 0.034564308822155 -0.007697463035583496
v -0.01055567990988493 0.03130054101347923 -0.008030295372009277
v -0.010565279982984066 0.03130054101347923 -0.008013485930860043
v -0.01035325974225998 0.034564308822155 -0.007697463035583496
v -0.010390929877758026 0.009048879146575928 -0.009414969943463802
v -0.010536490008234978 0.009547412395477295 -0.009415984153747559
v -0.010379609651863575 0.009547412395477295 -0.009483695030212402
v -0.010379609651863575 0.009047627449035645 -0.009419739246368408
v -0.010390929877758026 0.009048879146575928 -0.009414969943463802
v -0.010379609651863575 0.009547412395477295 -0.009483695030212402
v -0.010540899820625782 0.019446730613708496 -0.009426236152648926
v -0.010439690202474594 0.019478440284729004 -0.009470820426940918
v -0.010379609651863575 0.009547412395477295 -0.009483695030212402
v -0.010536490008234978 0.009547412395477295 -0.009415984153747559
v -0.010540899820625782 0.019446730613708496 -0.009426236152648926
v -0.010379609651863575 0.009547412395477295 -0.009483695030212402
v -0.010390929877758026 0.009048879146575928 0.009414969943463802
v -0.010379609651863575 0.009047627449035645 0.009419739246368408
v -0.010379609651863575 0.009547412395477295 0.009483695030212402
v -0.010538450442254543 0.009547412395477295 0.009415148757398129
v -0.010390929877758026 0.009048879146575928 0.009414969943463802
v -0.010379609651863575 0.009547412395477295 0.009483695030212402
v -0.010544000193476677 0.019443919882178307 0.00942760705947876
v -0.010538450442254543 0.009547412395477295 0.009415148757398129
v -0.010379609651863575 0.009547412395477295 0.009483695030212402
v -0.010432769544422626 0.019480999559164047 0.00947254803031683
v -0.010544000193476677 0.019443919882178307 0.00942760705947876
v -0.010379609651863575 0.009547412395477295 0.009483695030212402
v -0.010392059572041035 0.007666825782507658 -0.008944629691541195
v -0.010390929877758026 0.009048879146575928 -0.009414969943463802
v -0.010379609651863575 0.009047627449035645 -0.009419739246368408
v -0.010390929877758026 0.009048879146575928 0.009414969943463802
v -0.010392059572041035 0.007666825782507658 0.008944629691541195
v -0.010379609651863575 0.009047627449035645 0.009419739246368408
v -0.010379609651863575 0.00379180908203125 -0.005777834914624691
v -0.010390929877758026 0.004156291019171476 -0.006381213199347258
v -0.010379609651863575 0.004152595065534115 -0.006384431850165129
v -0.010390929877758026 0.004156291019171476 -0.006381213199347258
v -0.010392059572041035 0.005192040931433439 -0.007410048972815275
v -0.010379609651863575 0.004152595065534115 -0.006384431850165129
v -0.010392059572041035 0.005192040931433439 0.007410048972815275
v -0.010390929877758026 0.004156291019171476 0.006381213199347258
v -0.010379609651863575 0.004152595065534115 0.006384431850165129
v -0.010390929877758026 0.004156291019171476 0.006381213199347258
v -0.010379609651863575 0.00379180908203125 0.005777834914624691
v -0.010379609651863575 0.004152595065534115 0.006384431850165129
v -0.010379609651863575 0.003666222095489502 -0.005083261989057064
v -0.010572549887001514 0.0037495489232242107 -0.005083261989057064
v -0.010379609651863575 0.00379180908203125 -0.005777834914624691
v -0.010572549887001514 0.0037495489232242107 -0.005083261989057064
v -0.010792669840157032 0.003958820831030607 -0.005715370178222656
v -0.010379609651863575 0.00379180908203125 -0.005777834914624691
v -0.010792669840157032 0.003958820831030607 -0.005715370178222656
v -0.010390929877758026 0.004156291019171476 -0.006381213199347258
v -0.010379609651863575 0.00379180908203125 -0.005777834914624691
v -0.010792669840157032 0.003958820831030607 0.005715370178222656
v -0.010572549887001514 0.0037495489232242107 0.005083261989057064
v -0.010379609651863575 0.00379180908203125 0.005777834914624691
v -0.010572549887001514 0.0037495489232242107 0.005083261989057064
v -0.010379609651863575 0.003666222095489502 0.005083261989057064
v -0.010379609651863575 0.00379180908203125 0.005777834914624691
v -0.010390929877758026 0.004156291019171476 0.006381213199347258
v -0.010792669840157032 0.003958820831030607 0.005715370178222656
v -0.010379609651863575 0.00379180908203125 0.005777834914624691
v -0.010379609651863575 0.003666222095489502 0.005083261989057064
v -0.010572549887001514 0.0037495489232242107 -0.005083261989057064
v -0.010379609651863575 0.003666222095489502 -0.005083261989057064
v -0.010572549887001514 0.0037495489232242107 0.005083261989057064
v -0.010572549887001514 0.0037495489232242107 -0.005083261989057064
v -0.010379609651863575 0.003666222095489502 0.005083261989057064
v -0.010392059572041035 0.007666825782507658 -0.008944629691541195
v -0.010803690180182457 0.007739365100860596 -0.00877535343170166
v -0.010390929877758026 0.009048879146575928 -0.009414969943463802
v -0.010803690180182457 0.007739365100860596 -0.00877535343170166
v -0.010792669840157032 0.009092569351196289 -0.009247182868421078
v -0.010390929877758026 0.009048879146575928 -0.009414969943463802
v -0.010792669840157032 0.009092569351196289 -0.009247182868421078
v -0.010536490008234978 0.009547412395477295 -0.009415984153747559
v -0.010390929877758026 0.009048879146575928 -0.009414969943463802
v -0.010538450442254543 0.009547412395477295 0.009415148757398129
v -0.010792669840157032 0.009092569351196289 0.009247182868421078
v -0.010390929877758026 0.009048879146575928 0.009414969943463802
v -0.010792669840157032 0.009092569351196289 0.009247182868421078
v -0.010392059572041035 0.007666825782507658 0.008944629691541195
v -0.010390929877758026 0.009048879146575928 0.009414969943463802
v -0.010792669840157032 0.003958820831030607 -0.005715370178222656
v -0.010792669840157032 0.004287182819098234 -0.0062674880027771
v -0.010390929877758026 0.004156291019171476 -0.006381213199347258
v -0.010792669840157032 0.004287182819098234 -0.0062674880027771
v -0.010392059572041035 0.005192040931433439 -0.007410048972815275
v -0.010390929877758026 0.004156291019171476 -0.006381213199347258
v -0.010392059572041035 0.005192040931433439 0.007410048972815275
v -0.010803690180182457 0.005311368964612484 0.007269798777997494
v -0.010390929877758026 0.004156291019171476 0.006381213199347258
v -0.010803690180182457 0.005311368964612484 0.007269798777997494
v -0.010792669840157032 0.004287182819098234 0.0062674880027771
v -0.010390929877758026 0.004156291019171476 0.006381213199347258
v -0.010792669840157032 0.004287182819098234 0.0062674880027771
v -0.010792669840157032 0.003958820831030607 0.005715370178222656
v -0.010390929877758026 0.004156291019171476 0.006381213199347258
v -0.010803690180182457 0.006468712817877531 -0.008113919757306576
v -0.010803690180182457 0.007739365100860596 -0.00877535343170166
v -0.010392059572041035 0.007666825782507658 -0.008944629691541195
v -0.010392059572041035 0.006371675990521908 -0.008270441554486752
v -0.010803690180182457 0.006468712817877531 -0.008113919757306576
v -0.010392059572041035 0.007666825782507658 -0.008944629691541195
v -0.010792669840157032 0.009092569351196289 0.009247182868421078
v -0.010803690180182457 0.007739365100860596 0.00877535343170166
v -0.010392059572041035 0.007666825782507658 0.008944629691541195
v -0.010803690180182457 0.007739365100860596 0.00877535343170166
v -0.010392059572041035 0.006371675990521908 0.008270441554486752
v -0.010392059572041035 0.007666825782507658 0.008944629691541195
v -0.010803690180182457 0.005311368964612484 -0.007269798777997494
v -0.010803690180182457 0.006468712817877531 -0.008113919757306576
v -0.010392059572041035 0.006371675990521908 -0.008270441554486752
v -0.010392059572041035 0.005192040931433439 -0.007410048972815275
v -0.010803690180182457 0.005311368964612484 -0.007269798777997494
v -0.010392059572041035 0.006371675990521908 -0.008270441554486752
v -0.010803690180182457 0.007739365100860596 0.00877535343170166
v -0.010803690180182457 0.006468712817877531 0.008113919757306576
v -0.010392059572041035 0.006371675990521908 0.008270441554486752
v -0.010803690180182457 0.006468712817877531 0.008113919757306576
v -0.010392059572041035 0.005192040931433439 0.007410048972815275
v -0.010392059572041035 0.006371675990521908 0.008270441554486752
v -0.010792669840157032 0.004287182819098234 -0.0062674880027771
v -0.010803690180182457 0.005311368964612484 -0.007269798777997494
v -0.010392059572041035 0.005192040931433439 -0.007410048972815275
v -0.010803690180182457 0.006468712817877531 0.008113919757306576
v -0.010803690180182457 0.005311368964612484 0.007269798777997494
v -0.010392059572041035 0.005192040931433439 0.007410048972815275
v -0.010493990033864975 0.038799818605184555 -0.005333303939551115
v -0.010448570363223553 0.0391802117228508 -0.0014975660014897585
v -0.010433970019221306 0.03929996117949486 -0.0014999499544501305
v -0.010540899820625782 0.019446730613708496 -0.009426236152648926
v -0.010562590323388577 0.02039998024702072 -0.00801157858222723
v -0.010439690202474594 0.019478440284729004 -0.009470820426940918
v -0.010493990033864975 0.038799818605184555 -0.005333303939551115
v -0.010521819815039635 0.03856002911925316 -0.0014073250349611044
v -0.010448570363223553 0.0391802117228508 -0.0014975660014897585
v -0.01050489954650402 0.03629999980330467 0.0071697230450809
v -0.010942690074443817 0.031300898641347885 0.0072897071950137615
v -0.0104710403829813 0.03629999980330467 0.007276296149939299
v -0.010942690074443817 0.031300898641347885 0.0072897071950137615
v -0.010900610126554966 0.03130095824599266 0.00742024090141058
v -0.0104710403829813 0.03629999980330467 0.007276296149939299
v -0.0106004998087883 0.03776931017637253 -0.0054476261138916016
v -0.010521819815039635 0.03856002911925316 -0.0014073250349611044
v -0.010493990033864975 0.038799818605184555 -0.005333303939551115
v -0.010544300079345703 0.03784000128507614 -0.006085038185119629
v -0.0106004998087883 0.03776931017637253 -0.0054476261138916016
v -0.010493990033864975 0.038799818605184555 -0.005333303939551115
v -0.010687409900128841 0.03629999980330467 0.0065950751304626465
v -0.0110622001811862 0.03130071982741356 0.006919085048139095
v -0.01050489954650402 0.03629999980330467 0.0071697230450809
v -0.0110622001811862 0.03130071982741356 0.006919085048139095
v -0.010942690074443817 0.031300898641347885 0.0072897071950137615
v -0.01050489954650402 0.03629999980330467 0.0071697230450809
v -0.0106004998087883 0.03776931017637253 -0.0054476261138916016
v -0.010554609820246696 0.03826801851391792 -0.0012975330464541912
v -0.010521819815039635 0.03856002911925316 -0.0014073250349611044
v -0.010792669840157032 0.009092569351196289 -0.009247182868421078
v -0.010792669840157032 0.009547412395477295 -0.009305416606366634
v -0.010536490008234978 0.009547412395477295 -0.009415984153747559
v -0.010754159651696682 0.01937996968626976 -0.009332357905805111
v -0.010540899820625782 0.019446730613708496 -0.009426236152648926
v -0.010536490008234978 0.009547412395477295 -0.009415984153747559
v -0.010792669840157032 0.009547412395477295 -0.009305416606366634
v -0.010754159651696682 0.01937996968626976 -0.009332357905805111
v -0.010536490008234978 0.009547412395477295 -0.009415984153747559
v -0.010792669840157032 0.009547412395477295 0.009305416606366634
v -0.010792669840157032 0.009092569351196289 0.009247182868421078
v -0.010538450442254543 0.009547412395477295 0.009415148757398129
v -0.010708569549024105 0.01938902959227562 0.009361027739942074
v -0.010792669840157032 0.009547412395477295 0.009305416606366634
v -0.010538450442254543 0.009547412395477295 0.009415148757398129
v -0.010544000193476677 0.019443919882178307 0.00942760705947876
v -0.010708569549024105 0.01938902959227562 0.009361027739942074
v -0.010538450442254543 0.009547412395477295 0.009415148757398129
v -0.010754159651696682 0.01937996968626976 -0.009332357905805111
v -0.010897389613091946 0.019375620409846306 -0.009196816943585873
v -0.010540899820625782 0.019446730613708496 -0.009426236152648926
v -0.010897389613091946 0.019375620409846306 -0.009196816943585873
v -0.010562590323388577 0.02039998024702072 -0.00801157858222723
v -0.010540899820625782 0.019446730613708496 -0.009426236152648926
v -0.01056182011961937 0.03130042180418968 0.008011518977582455
v -0.010562590323388577 0.02039998024702072 0.00801157858222723
v -0.010543939657509327 0.03130042180418968 0.00804275181144476
v -0.010843330062925816 0.03542083129286766 -0.005708097945898771
v -0.0106004998087883 0.03776931017637253 -0.0054476261138916016
v -0.010544300079345703 0.03784000128507614 -0.006085038185119629
v -0.010868369601666927 0.03449928015470505 -0.006429194938391447
v -0.010843330062925816 0.03542083129286766 -0.005708097945898771
v -0.010544300079345703 0.03784000128507614 -0.006085038185119629
v -0.010678520426154137 0.03453880175948143 -0.007075368892401457
v -0.010868369601666927 0.03449928015470505 -0.006429194938391447
v -0.010544300079345703 0.03784000128507614 -0.006085038185119629
v -0.010843330062925816 0.03542083129286766 -0.005708097945898771
v -0.010591140016913414 0.03794180974364281 -0.00117498601321131
v -0.010554609820246696 0.03826801851391792 -0.0012975330464541912
v -0.0106004998087883 0.03776931017637253 -0.0054476261138916016
v -0.010843330062925816 0.03542083129286766 -0.005708097945898771
v -0.010554609820246696 0.03826801851391792 -0.0012975330464541912
v -0.010567660443484783 0.02039998024702072 0.008006571792066097
v -0.010562590323388577 0.02039998024702072 0.00801157858222723
v -0.01056182011961937 0.03130042180418968 0.008011518977582455
v -0.010618319734930992 0.03130054101347923 0.007912874221801758
v -0.010567660443484783 0.02039998024702072 0.008006571792066097
v -0.01056182011961937 0.03130042180418968 0.008011518977582455
v -0.011199950240552425 0.019598839804530144 -0.00849997904151678
v -0.010567660443484783 0.02039998024702072 -0.008006571792066097
v -0.010562590323388577 0.02039998024702072 -0.00801157858222723
v -0.011131159961223602 0.019443029537796974 -0.00884252693504095
v -0.011199950240552425 0.019598839804530144 -0.00849997904151678
v -0.010562590323388577 0.02039998024702072 -0.00801157858222723
v -0.011000449769198895 0.019372519105672836 -0.009099303744733334
v -0.011131159961223602 0.019443029537796974 -0.00884252693504095
v -0.010562590323388577 0.02039998024702072 -0.00801157858222723
v -0.010897389613091946 0.019375620409846306 -0.009196816943585873
v -0.011000449769198895 0.019372519105672836 -0.009099303744733334
v -0.010562590323388577 0.02039998024702072 -0.00801157858222723
v -0.010567660443484783 0.02039998024702072 -0.008006571792066097
v -0.010621240362524986 0.031300660222768784 -0.007915972732007504
v -0.010562590323388577 0.02039998024702072 -0.00801157858222723
v -0.010621240362524986 0.031300660222768784 -0.007915972732007504
v -0.010565279982984066 0.03130054101347923 -0.008013485930860043
v -0.010562590323388577 0.02039998024702072 -0.00801157858222723
v -0.010567660443484783 0.02039998024702072 0.008006571792066097
v -0.011199950240552425 0.019622020423412323 0.008453249000012875
v -0.010562590323388577 0.02039998024702072 0.00801157858222723
v -0.011199950240552425 0.019622020423412323 0.008453249000012875
v -0.011199950240552425 0.019598839804530144 0.00849997904151678
v -0.010562590323388577 0.02039998024702072 0.00801157858222723
v -0.011199950240552425 0.019598839804530144 -0.00849997904151678
v -0.011199950240552425 0.019627569243311882 -0.008449493907392025
v -0.010567660443484783 0.02039998024702072 -0.008006571792066097
v -0.011199950240552425 0.019627569243311882 -0.008449493907392025
v -0.011199950240552425 0.01968389004468918 -0.008350551128387451
v -0.010567660443484783 0.02039998024702072 -0.008006571792066097
v -0.011199950240552425 0.01968389004468918 -0.008350551128387451
v -0.011199950240552425 0.02011346071958542 -0.007444798015058041
v -0.010567660443484783 0.02039998024702072 -0.008006571792066097
v -0.011199950240552425 0.02011346071958542 -0.007444798015058041
v -0.011072570458054543 0.02039998024702072 -0.006921947002410889
v -0.010567660443484783 0.02039998024702072 -0.008006571792066097
v -0.011072570458054543 0.02039998024702072 -0.006921947002410889
v -0.010891309939324856 0.03130120038986206 -0.007445096038281918
v -0.010567660443484783 0.02039998024702072 -0.008006571792066097
v -0.010891309939324856 0.03130120038986206 -0.007445096038281918
v -0.010621240362524986 0.031300660222768784 -0.007915972732007504
v -0.010567660443484783 0.02039998024702072 -0.008006571792066097
v -0.011199950240552425 0.020075080916285515 0.007542312145233154
v -0.011199950240552425 0.019622020423412323 0.008453249000012875
v -0.010567660443484783 0.02039998024702072 0.008006571792066097
v -0.011199950240552425 0.020266350358724594 0.0069373250007629395
v -0.011199950240552425 0.020075080916285515 0.007542312145233154
v -0.010567660443484783 0.02039998024702072 0.008006571792066097
v -0.011072570458054543 0.02039998024702072 0.006921947002410889
v -0.011199950240552425 0.020266350358724594 0.0069373250007629395
v -0.010567660443484783 0.02039998024702072 0.008006571792066097
v -0.010618319734930992 0.03130054101347923 0.007912874221801758
v -0.010900610126554966 0.03130095824599266 0.00742024090141058
v -0.010567660443484783 0.02039998024702072 0.008006571792066097
v -0.010900610126554966 0.03130095824599266 0.00742024090141058
v -0.011072570458054543 0.02039998024702072 0.006921947002410889
v -0.010567660443484783 0.02039998024702072 0.008006571792066097
v -0.010572549887001514 0.0037495489232242107 0.005083261989057064
v -0.010792669840157032 0.003844558959826827 -0.005083261989057064
v -0.010572549887001514 0.0037495489232242107 -0.005083261989057064
v -0.010792669840157032 0.003844558959826827 -0.005083261989057064
v -0.010792669840157032 0.003958820831030607 -0.005715370178222656
v -0.010572549887001514 0.0037495489232242107 -0.005083261989057064
v -0.010792669840157032 0.003958820831030607 0.005715370178222656
v -0.010792669840157032 0.003844558959826827 0.005083261989057064
v -0.010572549887001514 0.0037495489232242107 0.005083261989057064
v -0.010792669840157032 0.003844558959826827 0.005083261989057064
v -0.010792669840157032 0.003844558959826827 -0.005083261989057064
v -0.010572549887001514 0.0037495489232242107 0.005083261989057064
v -0.010843330062925816 0.03542083129286766 -0.005708097945898771
v -0.010650149546563625 0.037390999495983124 -0.0008143119630403817
v -0.010591140016913414 0.03794180974364281 -0.00117498601321131
v -0.010853350162506104 0.03530550003051758 -0.005717039108276367
v -0.010670719668269157 0.03719145059585571 -0.0006088699446991086
v -0.010650149546563625 0.037390999495983124 -0.0008143119630403817
v -0.010843330062925816 0.03542083129286766 -0.005708097945898771
v -0.010853350162506104 0.03530550003051758 -0.005717039108276367
v -0.010650149546563625 0.037390999495983124 -0.0008143119630403817
v -0.010853350162506104 0.03530550003051758 -0.005717039108276367
v -0.010697539895772934 0.036930911242961884 -0.00034061697078868747
v -0.010670719668269157 0.03719145059585571 -0.0006088699446991086
v -0.011119180358946323 0.03130083903670311 -0.006756721995770931
v -0.010868369601666927 0.03449928015470505 -0.006429194938391447
v -0.010678520426154137 0.03453880175948143 -0.007075368892401457
v -0.011065180413424969 0.03130095824599266 -0.006919980049133301
v -0.011119180358946323 0.03130083903670311 -0.006756721995770931
v -0.010678520426154137 0.03453880175948143 -0.007075368892401457
v -0.010891309939324856 0.03130120038986206 -0.007445096038281918
v -0.01094198040664196 0.031301140785217285 -0.007291972171515226
v -0.010678520426154137 0.03453880175948143 -0.007075368892401457
v -0.01094198040664196 0.031301140785217285 -0.007291972171515226
v -0.011065180413424969 0.03130095824599266 -0.006919980049133301
v -0.010678520426154137 0.03453880175948143 -0.007075368892401457
v -0.01069492008537054 0.03629999980330467 0.0065218801610171795
v -0.011134079657495022 0.03130054101347923 0.00664210319519043
v -0.010687409900128841 0.03629999980330467 0.0065950751304626465
v -0.011134079657495022 0.03130054101347923 0.00664210319519043
v -0.011125859804451466 0.03130060061812401 0.0067217350006103516
v -0.010687409900128841 0.03629999980330467 0.0065950751304626465
v -0.011125859804451466 0.03130060061812401 0.0067217350006103516
v -0.0110622001811862 0.03130071982741356 0.006919085048139095
v -0.010687409900128841 0.03629999980330467 0.0065950751304626465
v -0.010760120116174221 0.03629999980330467 0.005886672995984554
v -0.010847680270671844 0.0353049598634243 0.005909860134124756
v -0.01069492008537054 0.03629999980330467 0.0065218801610171795
v -0.010847680270671844 0.0353049598634243 0.005909860134124756
v -0.011134079657495022 0.03130054101347923 0.00664210319519043
v -0.01069492008537054 0.03629999980330467 0.0065218801610171795
v -0.010853350162506104 0.03530550003051758 -0.005717039108276367
v -0.010731990449130535 0.036586761474609375 0.0002199789887527004
v -0.010697539895772934 0.036930911242961884 -0.00034061697078868747
v -0.01090347021818161 0.019372759386897087 0.009195566177368164
v -0.010792669840157032 0.009547412395477295 0.009305416606366634
v -0.010708569549024105 0.01938902959227562 0.009361027739942074
v -0.010853350162506104 0.03530550003051758 -0.005717039108276367
v -0.010740330442786217 0.03650188073515892 0.0004673029761761427
v -0.010731990449130535 0.036586761474609375 0.0002199789887527004
v -0.010853350162506104 0.03530550003051758 -0.005717039108276367
v -0.010753089562058449 0.036372359842061996 0.0008448539301753044
v -0.010740330442786217 0.03650188073515892 0.0004673029761761427
v -0.010853350162506104 0.03530550003051758 -0.005717039108276367
v -0.010760120116174221 0.03629999980330467 0.0014999499544501305
v -0.010753089562058449 0.036372359842061996 0.0008448539301753044
v -0.010792669840157032 0.009547412395477295 -0.009305416606366634
v -0.010897389613091946 0.019375620409846306 -0.009196816943585873
v -0.010754159651696682 0.01937996968626976 -0.009332357905805111
v -0.010847680270671844 0.0353049598634243 0.005909860134124756
v -0.010760120116174221 0.03629999980330467 0.005886672995984554
v -0.010760120116174221 0.03629999980330467 0.0014999499544501305
v -0.010853350162506104 0.03530550003051758 -0.005717039108276367
v -0.010847680270671844 0.0353049598634243 0.005909860134124756
v -0.010760120116174221 0.03629999980330467 0.0014999499544501305
v -0.010792669840157032 0.009092569351196289 -0.009247182868421078
v -0.010888930410146713 0.009547412395477295 -0.009191690944135189
v -0.010792669840157032 0.009547412395477295 -0.009305416606366634
v -0.010888930410146713 0.009547412395477295 -0.009191690944135189
v -0.010897389613091946 0.019375620409846306 -0.009196816943585873
v -0.010792669840157032 0.009547412395477295 -0.009305416606366634
v -0.010891970247030258 0.009547412395477295 0.009188114665448666
v -0.010792669840157032 0.009092569351196289 0.009247182868421078
v -0.010792669840157032 0.009547412395477295 0.009305416606366634
v -0.01090347021818161 0.019372759386897087 0.009195566177368164
v -0.010891970247030258 0.009547412395477295 0.009188114665448666
v -0.010792669840157032 0.009547412395477295 0.009305416606366634
v -0.010803690180182457 0.007739365100860596 -0.00877535343170166
v -0.01109820045530796 0.007880269549787045 -0.008446513675153255
v -0.010792669840157032 0.009092569351196289 -0.009247182868421078
v -0.01109820045530796 0.007880269549787045 -0.008446513675153255
v -0.011092119850218296 0.009181678295135498 -0.008904874324798584
v -0.010792669840157032 0.009092569351196289 -0.009247182868421078
v -0.011092119850218296 0.009181678295135498 -0.008904874324798584
v -0.010888930410146713 0.009547412395477295 -0.009191690944135189
v -0.010792669840157032 0.009092569351196289 -0.009247182868421078
v -0.010891970247030258 0.009547412395477295 0.009188114665448666
v -0.011092119850218296 0.009181678295135498 0.008904874324798584
v -0.010792669840157032 0.009092569351196289 0.009247182868421078
v -0.011092119850218296 0.009181678295135498 0.008904874324798584
v -0.010803690180182457 0.007739365100860596 0.00877535343170166
v -0.010792669840157032 0.009092569351196289 0.009247182868421078
v -0.010792669840157032 0.003958820831030607 -0.005715370178222656
v -0.011092119850218296 0.004290102981030941 -0.005591570865362883
v -0.010792669840157032 0.004287182819098234 -0.0062674880027771
v -0.011092119850218296 0.004290102981030941 -0.005591570865362883
v -0.011092119850218296 0.004554152023047209 -0.006035505793988705
v -0.010792669840157032 0.004287182819098234 -0.0062674880027771
v -0.011092119850218296 0.004554152023047209 -0.006035505793988705
v -0.010803690180182457 0.005311368964612484 -0.007269798777997494
v -0.010792669840157032 0.004287182819098234 -0.0062674880027771
v -0.010803690180182457 0.005311368964612484 0.007269798777997494
v -0.01109820045530796 0.005543291103094816 0.006997406017035246
v -0.010792669840157032 0.004287182819098234 0.0062674880027771
v -0.01109820045530796 0.005543291103094816 0.006997406017035246
v -0.011092119850218296 0.004554152023047209 0.006035505793988705
v -0.010792669840157032 0.004287182819098234 0.0062674880027771
v -0.011092119850218296 0.004554152023047209 0.006035505793988705
v -0.010792669840157032 0.003958820831030607 0.005715370178222656
v -0.010792669840157032 0.004287182819098234 0.0062674880027771
v -0.010792669840157032 0.003844558959826827 -0.005083261989057064
v -0.010888930410146713 0.003958224784582853 -0.005083261989057064
v -0.010792669840157032 0.003958820831030607 -0.005715370178222656
v -0.010888930410146713 0.003958224784582853 -0.005083261989057064
v -0.011092119850218296 0.004290102981030941 -0.005591570865362883
v -0.010792669840157032 0.003958820831030607 -0.005715370178222656
v -0.011092119850218296 0.004554152023047209 0.006035505793988705
v -0.011092119850218296 0.004290102981030941 0.005591570865362883
v -0.010792669840157032 0.003958820831030607 0.005715370178222656
v -0.011092119850218296 0.004290102981030941 0.005591570865362883
v -0.010888930410146713 0.003958224784582853 0.005083261989057064
v -0.010792669840157032 0.003958820831030607 0.005715370178222656
v -0.010888930410146713 0.003958224784582853 0.005083261989057064
v -0.010792669840157032 0.003844558959826827 0.005083261989057064
v -0.010792669840157032 0.003958820831030607 0.005715370178222656
v -0.010792669840157032 0.003844558959826827 0.005083261989057064
v -0.010888930410146713 0.003958224784582853 -0.005083261989057064
v -0.010792669840157032 0.003844558959826827 -0.005083261989057064
v -0.010888930410146713 0.003958224784582853 0.005083261989057064
v -0.010888930410146713 0.003958224784582853 -0.005083261989057064
v -0.010792669840157032 0.003844558959826827 0.005083261989057064
v -0.01109820045530796 0.006657241843640804 -0.0078098769299685955
v -0.01109820045530796 0.007880269549787045 -0.008446513675153255
v -0.010803690180182457 0.007739365100860596 -0.00877535343170166
v -0.010803690180182457 0.006468712817877531 -0.008113919757306576
v -0.01109820045530796 0.006657241843640804 -0.0078098769299685955
v -0.010803690180182457 0.007739365100860596 -0.00877535343170166
v -0.011092119850218296 0.009181678295135498 0.008904874324798584
v -0.01109820045530796 0.007880269549787045 0.008446513675153255
v -0.010803690180182457 0.007739365100860596 0.00877535343170166
v -0.01109820045530796 0.007880269549787045 0.008446513675153255
v -0.010803690180182457 0.006468712817877531 0.008113919757306576
v -0.010803690180182457 0.007739365100860596 0.00877535343170166
v -0.01109820045530796 0.005543291103094816 -0.006997406017035246
v -0.01109820045530796 0.006657241843640804 -0.0078098769299685955
v -0.010803690180182457 0.006468712817877531 -0.008113919757306576
v -0.010803690180182457 0.005311368964612484 -0.007269798777997494
v -0.01109820045530796 0.005543291103094816 -0.006997406017035246
v -0.010803690180182457 0.006468712817877531 -0.008113919757306576
v -0.01109820045530796 0.007880269549787045 0.008446513675153255
v -0.01109820045530796 0.006657241843640804 0.0078098769299685955
v -0.010803690180182457 0.006468712817877531 0.008113919757306576
v -0.01109820045530796 0.006657241843640804 0.0078098769299685955
v -0.010803690180182457 0.005311368964612484 0.007269798777997494
v -0.010803690180182457 0.006468712817877531 0.008113919757306576
v -0.011092119850218296 0.004554152023047209 -0.006035505793988705
v -0.01109820045530796 0.005543291103094816 -0.006997406017035246
v -0.010803690180182457 0.005311368964612484 -0.007269798777997494
v -0.01109820045530796 0.006657241843640804 0.0078098769299685955
v -0.01109820045530796 0.005543291103094816 0.006997406017035246
v -0.010803690180182457 0.005311368964612484 0.007269798777997494
v -0.010868369601666927 0.03449928015470505 -0.006429194938391447
v -0.010853350162506104 0.03530550003051758 -0.005717039108276367
v -0.010843330062925816 0.03542083129286766 -0.005708097945898771
v -0.011130210012197495 0.03212440013885498 -0.005963325034826994
v -0.011199950240552425 0.03129994124174118 0.006003378890454769
v -0.010847680270671844 0.0353049598634243 0.005909860134124756
v -0.010927969589829445 0.03444838151335716 -0.005783379077911377
v -0.011130210012197495 0.03212440013885498 -0.005963325034826994
v -0.010847680270671844 0.0353049598634243 0.005909860134124756
v -0.010853350162506104 0.03530550003051758 -0.005717039108276367
v -0.010927969589829445 0.03444838151335716 -0.005783379077911377
v -0.010847680270671844 0.0353049598634243 0.005909860134124756
v -0.011199950240552425 0.03129994124174118 0.006003378890454769
v -0.011134079657495022 0.03130054101347923 0.00664210319519043
v -0.010847680270671844 0.0353049598634243 0.005909860134124756
v -0.010868369601666927 0.03449928015470505 -0.006429194938391447
v -0.010927969589829445 0.03444838151335716 -0.005783379077911377
v -0.010853350162506104 0.03530550003051758 -0.005717039108276367
v -0.011119180358946323 0.03130083903670311 -0.006756721995770931
v -0.011131219565868378 0.03130071982741356 -0.006645082961767912
v -0.010868369601666927 0.03449928015470505 -0.006429194938391447
v -0.011131219565868378 0.03130071982741356 -0.006645082961767912
v -0.011130210012197495 0.03212440013885498 -0.005963325034826994
v -0.010868369601666927 0.03449928015470505 -0.006429194938391447
v -0.011130210012197495 0.03212440013885498 -0.005963325034826994
v -0.010927969589829445 0.03444838151335716 -0.005783379077911377
v -0.010868369601666927 0.03449928015470505 -0.006429194938391447
v -0.011092119850218296 0.009181678295135498 -0.008904874324798584
v -0.011092119850218296 0.009547412395477295 -0.008951722644269466
v -0.010888930410146713 0.009547412395477295 -0.009191690944135189
v -0.011092119850218296 0.009547412395477295 -0.008951722644269466
v -0.010897389613091946 0.019375620409846306 -0.009196816943585873
v -0.010888930410146713 0.009547412395477295 -0.009191690944135189
v -0.010888930410146713 0.003958224784582853 0.005083261989057064
v -0.011092119850218296 0.004198193084448576 -0.005083261989057064
v -0.010888930410146713 0.003958224784582853 -0.005083261989057064
v -0.011092119850218296 0.004198193084448576 -0.005083261989057064
v -0.011092119850218296 0.004290102981030941 -0.005591570865362883
v -0.010888930410146713 0.003958224784582853 -0.005083261989057064
v -0.011092119850218296 0.004290102981030941 0.005591570865362883
v -0.011092119850218296 0.004198193084448576 0.005083261989057064
v -0.010888930410146713 0.003958224784582853 0.005083261989057064
v -0.011092119850218296 0.004198193084448576 0.005083261989057064
v -0.011092119850218296 0.004198193084448576 -0.005083261989057064
v -0.010888930410146713 0.003958224784582853 0.005083261989057064
v -0.011072570458054543 0.02039998024702072 -0.006921947002410889
v -0.01094198040664196 0.031301140785217285 -0.007291972171515226
v -0.010891309939324856 0.03130120038986206 -0.007445096038281918
v -0.011092119850218296 0.009547412395477295 0.008951722644269466
v -0.011092119850218296 0.009181678295135498 0.008904874324798584
v -0.010891970247030258 0.009547412395477295 0.009188114665448666
v -0.01090347021818161 0.019372759386897087 0.009195566177368164
v -0.011092119850218296 0.009547412395477295 0.008951722644269466
v -0.010891970247030258 0.009547412395477295 0.009188114665448666
v -0.011092119850218296 0.009547412395477295 -0.008951722644269466
v -0.011000449769198895 0.019372519105672836 -0.009099303744733334
v -0.010897389613091946 0.019375620409846306 -0.009196816943585873
v -0.010942690074443817 0.031300898641347885 0.0072897071950137615
v -0.011072570458054543 0.02039998024702072 0.006921947002410889
v -0.010900610126554966 0.03130095824599266 0.00742024090141058
v -0.010967070236802101 0.019367510452866554 0.00914156436920166
v -0.011092119850218296 0.009547412395477295 0.008951722644269466
v -0.01090347021818161 0.019372759386897087 0.009195566177368164
v -0.011138550005853176 0.019436949864029884 0.008845089934766293
v -0.010967070236802101 0.019367510452866554 0.00914156436920166
v -0.01090347021818161 0.019372759386897087 0.009195566177368164
v -0.011072570458054543 0.02039998024702072 -0.006921947002410889
v -0.011065180413424969 0.03130095824599266 -0.006919980049133301
v -0.01094198040664196 0.031301140785217285 -0.007291972171515226
v -0.0110622001811862 0.03130071982741356 0.006919085048139095
v -0.011072570458054543 0.02039998024702072 0.006921947002410889
v -0.010942690074443817 0.031300898641347885 0.0072897071950137615
v -0.011120139621198177 0.009547412395477295 0.008834302425384521
v -0.011092119850218296 0.009547412395477295 0.008951722644269466
v -0.010967070236802101 0.019367510452866554 0.00914156436920166
v -0.011138550005853176 0.019436949864029884 0.008845089934766293
v -0.011120139621198177 0.009547412395477295 0.008834302425384521
v -0.010967070236802101 0.019367510452866554 0.00914156436920166
v -0.011092119850218296 0.009547412395477295 -0.008951722644269466
v -0.011118469759821892 0.009547412395477295 -0.008841395378112793
v -0.011000449769198895 0.019372519105672836 -0.009099303744733334
v -0.011118469759821892 0.009547412395477295 -0.008841395378112793
v -0.011131159961223602 0.019443029537796974 -0.00884252693504095
v -0.011000449769198895 0.019372519105672836 -0.009099303744733334
v -0.011125859804451466 0.03130060061812401 0.0067217350006103516
v -0.011072570458054543 0.02039998024702072 0.006921947002410889
v -0.0110622001811862 0.03130071982741356 0.006919085048139095
v -0.011072570458054543 0.02039998024702072 -0.006921947002410889
v -0.011119180358946323 0.03130083903670311 -0.006756721995770931
v -0.011065180413424969 0.03130095824599266 -0.006919980049133301
v -0.011199950240552425 0.02011346071958542 -0.007444798015058041
v -0.011199950240552425 0.020262060686945915 -0.006938576232641935
v -0.011072570458054543 0.02039998024702072 -0.006921947002410889
v -0.011199950240552425 0.020262060686945915 -0.006938576232641935
v -0.011081569828093052 0.02039998024702072 -0.006902514956891537
v -0.011072570458054543 0.02039998024702072 -0.006921947002410889
v -0.011081569828093052 0.02039998024702072 -0.006902514956891537
v -0.011119180358946323 0.03130083903670311 -0.006756721995770931
v -0.011072570458054543 0.02039998024702072 -0.006921947002410889
v -0.011081569828093052 0.02039998024702072 0.006902514956891537
v -0.011199950240552425 0.020266350358724594 0.0069373250007629395
v -0.011072570458054543 0.02039998024702072 0.006921947002410889
v -0.011125859804451466 0.03130060061812401 0.0067217350006103516
v -0.011081569828093052 0.02039998024702072 0.006902514956891537
v -0.011072570458054543 0.02039998024702072 0.006921947002410889
v -0.011199950240552425 0.020262060686945915 -0.006938576232641935
v -0.011199950240552425 0.020326130092144012 -0.006720304023474455
v -0.011081569828093052 0.02039998024702072 -0.006902514956891537
v -0.011199950240552425 0.020326130092144012 -0.006720304023474455
v -0.011199950240552425 0.02039998024702072 -0.005999981891363859
v -0.011081569828093052 0.02039998024702072 -0.006902514956891537
v -0.011199950240552425 0.02039998024702072 -0.005999981891363859
v -0.011199950240552425 0.03129994124174118 -0.006005107890814543
v -0.011081569828093052 0.02039998024702072 -0.006902514956891537
v -0.011131219565868378 0.03130071982741356 -0.006645082961767912
v -0.011119180358946323 0.03130083903670311 -0.006756721995770931
v -0.011081569828093052 0.02039998024702072 -0.006902514956891537
v -0.011199950240552425 0.03129994124174118 -0.006005107890814543
v -0.011131219565868378 0.03130071982741356 -0.006645082961767912
v -0.011081569828093052 0.02039998024702072 -0.006902514956891537
v -0.011199950240552425 0.02039998024702072 0.005999981891363859
v -0.011199950240552425 0.020398130640387535 0.006112455856055021
v -0.011081569828093052 0.02039998024702072 0.006902514956891537
v -0.011199950240552425 0.020398130640387535 0.006112455856055021
v -0.011199950240552425 0.02030818909406662 0.006805120967328548
v -0.011081569828093052 0.02039998024702072 0.006902514956891537
v -0.011199950240552425 0.02030818909406662 0.006805120967328548
v -0.011199950240552425 0.020266350358724594 0.0069373250007629395
v -0.011081569828093052 0.02039998024702072 0.006902514956891537
v -0.011134079657495022 0.03130054101347923 0.00664210319519043
v -0.011199950240552425 0.02039998024702072 0.005999981891363859
v -0.011081569828093052 0.02039998024702072 0.006902514956891537
v -0.011125859804451466 0.03130060061812401 0.0067217350006103516
v -0.011134079657495022 0.03130054101347923 0.00664210319519043
v -0.011081569828093052 0.02039998024702072 0.006902514956891537
v -0.011092119850218296 0.009181678295135498 -0.008904874324798584
v -0.011118469759821892 0.009547412395477295 -0.008841395378112793
v -0.011092119850218296 0.009547412395477295 -0.008951722644269466
v -0.011120139621198177 0.009547412395477295 0.008834302425384521
v -0.011092119850218296 0.009181678295135498 0.008904874324798584
v -0.011092119850218296 0.009547412395477295 0.008951722644269466
v -0.01109820045530796 0.007880269549787045 -0.008446513675153255
v -0.0111996503546834 0.008043049834668636 -0.008066593669354916
v -0.011092119850218296 0.009181678295135498 -0.008904874324798584
v -0.0111996503546834 0.008043049834668636 -0.008066593669354916
v -0.011194050312042236 0.009289205074310303 -0.008491753600537777
v -0.011092119850218296 0.009181678295135498 -0.008904874324798584
v -0.011194050312042236 0.009289205074310303 -0.008491753600537777
v -0.011118469759821892 0.009547412395477295 -0.008841395378112793
v -0.011092119850218296 0.009181678295135498 -0.008904874324798584
v -0.011120139621198177 0.009547412395477295 0.008834302425384521
v -0.011194050312042236 0.009289205074310303 0.008491753600537777
v -0.011092119850218296 0.009181678295135498 0.008904874324798584
v -0.011194050312042236 0.009289205074310303 0.008491753600537777
v -0.01109820045530796 0.007880269549787045 0.008446513675153255
v -0.011092119850218296 0.009181678295135498 0.008904874324798584
v -0.011092119850218296 0.004290102981030941 -0.005591570865362883
v -0.011194050312042236 0.004876375198364258 -0.005755484104156494
v -0.011092119850218296 0.004554152023047209 -0.006035505793988705
v -0.011194050312042236 0.004876375198364258 -0.005755484104156494
v -0.01109820045530796 0.005543291103094816 -0.006997406017035246
v -0.011092119850218296 0.004554152023047209 -0.006035505793988705
v -0.01109820045530796 0.005543291103094816 0.006997406017035246
v -0.0111996503546834 0.005811213981360197 0.006682693026959896
v -0.011092119850218296 0.004554152023047209 0.006035505793988705
v -0.0111996503546834 0.005811213981360197 0.006682693026959896
v -0.011194050312042236 0.004876375198364258 0.005755484104156494
v -0.011092119850218296 0.004554152023047209 0.006035505793988705
v -0.011194050312042236 0.004876375198364258 0.005755484104156494
v -0.011092119850218296 0.004290102981030941 0.005591570865362883
v -0.011092119850218296 0.004554152023047209 0.006035505793988705
v -0.011109409853816032 0.004270731937140226 -0.005083261989057064
v -0.011199950240552425 0.004713236819952726 -0.005433380138128996
v -0.011092119850218296 0.004290102981030941 -0.005591570865362883
v -0.011092119850218296 0.004198193084448576 -0.005083261989057064
v -0.011109409853816032 0.004270731937140226 -0.005083261989057064
v -0.011092119850218296 0.004290102981030941 -0.005591570865362883
v -0.011199950240552425 0.004713236819952726 -0.005433380138128996
v -0.011194050312042236 0.004876375198364258 -0.005755484104156494
v -0.011092119850218296 0.004290102981030941 -0.005591570865362883
v -0.011109409853816032 0.004270731937140226 0.005083261989057064
v -0.011092119850218296 0.004198193084448576 0.005083261989057064
v -0.011092119850218296 0.004290102981030941 0.005591570865362883
v -0.011199950240552425 0.004713236819952726 0.005433380138128996
v -0.011109409853816032 0.004270731937140226 0.005083261989057064
v -0.011092119850218296 0.004290102981030941 0.005591570865362883
v -0.011194050312042236 0.004876375198364258 0.005755484104156494
v -0.011199950240552425 0.004713236819952726 0.005433380138128996
v -0.011092119850218296 0.004290102981030941 0.005591570865362883
v -0.011092119850218296 0.004198193084448576 0.005083261989057064
v -0.011109409853816032 0.004270731937140226 -0.005083261989057064
v -0.011092119850218296 0.004198193084448576 -0.005083261989057064
v -0.011109409853816032 0.004270731937140226 0.005083261989057064
v -0.011109409853816032 0.004270731937140226 -0.005083261989057064
v -0.011092119850218296 0.004198193084448576 0.005083261989057064
v -0.0111996503546834 0.006875096820294857 -0.007458627223968506
v -0.0111996503546834 0.008043049834668636 -0.008066593669354916
v -0.01109820045530796 0.007880269549787045 -0.008446513675153255
v -0.01109820045530796 0.006657241843640804 -0.0078098769299685955
v -0.0111996503546834 0.006875096820294857 -0.007458627223968506
v -0.01109820045530796 0.007880269549787045 -0.008446513675153255
v -0.011194050312042236 0.009289205074310303 0.008491753600537777
v -0.0111996503546834 0.008043049834668636 0.008066593669354916
v -0.01109820045530796 0.007880269549787045 0.008446513675153255
v -0.0111996503546834 0.008043049834668636 0.008066593669354916
v -0.01109820045530796 0.006657241843640804 0.0078098769299685955
v -0.01109820045530796 0.007880269549787045 0.008446513675153255
v -0.0111996503546834 0.005811213981360197 -0.006682693026959896
v -0.0111996503546834 0.006875096820294857 -0.007458627223968506
v -0.01109820045530796 0.006657241843640804 -0.0078098769299685955
v -0.01109820045530796 0.005543291103094816 -0.006997406017035246
v -0.0111996503546834 0.005811213981360197 -0.006682693026959896
v -0.01109820045530796 0.006657241843640804 -0.0078098769299685955
v -0.0111996503546834 0.008043049834668636 0.008066593669354916
v -0.0111996503546834 0.006875096820294857 0.007458627223968506
v -0.01109820045530796 0.006657241843640804 0.0078098769299685955
v -0.0111996503546834 0.006875096820294857 0.007458627223968506
v -0.01109820045530796 0.005543291103094816 0.006997406017035246
v -0.01109820045530796 0.006657241843640804 0.0078098769299685955
v -0.011194050312042236 0.004876375198364258 -0.005755484104156494
v -0.0111996503546834 0.005811213981360197 -0.006682693026959896
v -0.01109820045530796 0.005543291103094816 -0.006997406017035246
v -0.0111996503546834 0.006875096820294857 0.007458627223968506
v -0.0111996503546834 0.005811213981360197 0.006682693026959896
v -0.01109820045530796 0.005543291103094816 0.006997406017035246
v -0.011109409853816032 0.004270731937140226 0.005083261989057064
v -0.011199950240552425 0.00464999582618475 0.005083261989057064
v -0.011109409853816032 0.004270731937140226 -0.005083261989057064
v -0.011199950240552425 0.00464999582618475 0.005083261989057064
v -0.011199950240552425 0.00464999582618475 -0.005083261989057064
v -0.011109409853816032 0.004270731937140226 -0.005083261989057064
v -0.011199950240552425 0.00464999582618475 -0.005083261989057064
v -0.011199950240552425 0.004713236819952726 -0.005433380138128996
v -0.011109409853816032 0.004270731937140226 -0.005083261989057064
v -0.011199950240552425 0.004713236819952726 0.005433380138128996
v -0.011199950240552425 0.00464999582618475 0.005083261989057064
v -0.011109409853816032 0.004270731937140226 0.005083261989057064
v -0.011194050312042236 0.009289205074310303 -0.008491753600537777
v -0.011199950240552425 0.009547412395477295 -0.00849997904151678
v -0.011118469759821892 0.009547412395477295 -0.008841395378112793
v -0.011155660264194012 0.01945625990629196 -0.00879430677741766
v -0.011131159961223602 0.019443029537796974 -0.00884252693504095
v -0.011118469759821892 0.009547412395477295 -0.008841395378112793
v -0.011199950240552425 0.009547412395477295 -0.00849997904151678
v -0.011155660264194012 0.01945625990629196 -0.00879430677741766
v -0.011118469759821892 0.009547412395477295 -0.008841395378112793
v -0.011199950240552425 0.009547412395477295 0.00849997904151678
v -0.011194050312042236 0.009289205074310303 0.008491753600537777
v -0.011120139621198177 0.009547412395477295 0.008834302425384521
v -0.011199950240552425 0.019598839804530144 0.00849997904151678
v -0.011199950240552425 0.009547412395477295 0.00849997904151678
v -0.011120139621198177 0.009547412395477295 0.008834302425384521
v -0.01113963034003973 0.01943987049162388 0.008838891051709652
v -0.011199950240552425 0.019598839804530144 0.00849997904151678
v -0.011120139621198177 0.009547412395477295 0.008834302425384521
v -0.011138550005853176 0.019436949864029884 0.008845089934766293
v -0.01113963034003973 0.01943987049162388 0.008838891051709652
v -0.011120139621198177 0.009547412395477295 0.008834302425384521
v -0.011199950240552425 0.03129994124174118 -0.006005107890814543
v -0.011199950240552425 0.03129994124174118 0.006003378890454769
v -0.011130210012197495 0.03212440013885498 -0.005963325034826994
v -0.011131219565868378 0.03130071982741356 -0.006645082961767912
v -0.011199950240552425 0.03129994124174118 -0.006005107890814543
v -0.011130210012197495 0.03212440013885498 -0.005963325034826994
v -0.011155660264194012 0.01945625990629196 -0.00879430677741766
v -0.011199950240552425 0.019598839804530144 -0.00849997904151678
v -0.011131159961223602 0.019443029537796974 -0.00884252693504095
v -0.011199950240552425 0.03129994124174118 0.006003378890454769
v -0.011199950240552425 0.02039998024702072 0.005999981891363859
v -0.011134079657495022 0.03130054101347923 0.00664210319519043
v -0.011199950240552425 0.009547412395477295 -0.00849997904151678
v -0.011199950240552425 0.019598839804530144 -0.00849997904151678
v -0.011155660264194012 0.01945625990629196 -0.00879430677741766
v -0.0111996503546834 0.008043049834668636 -0.008066593669354916
v -0.011199950240552425 0.009295462630689144 -0.008467732928693295
v -0.011194050312042236 0.009289205074310303 -0.008491753600537777
v -0.011199950240552425 0.009295462630689144 -0.008467732928693295
v -0.011199950240552425 0.009547412395477295 -0.00849997904151678
v -0.011194050312042236 0.009289205074310303 -0.008491753600537777
v -0.011199950240552425 0.009547412395477295 0.00849997904151678
v -0.011199950240552425 0.009295462630689144 0.008467732928693295
v -0.011194050312042236 0.009289205074310303 0.008491753600537777
v -0.011199950240552425 0.009295462630689144 0.008467732928693295
v -0.011199950240552425 0.008053958415985107 0.00804072618484497
v -0.011194050312042236 0.009289205074310303 0.008491753600537777
v -0.011199950240552425 0.008053958415985107 0.00804072618484497
v -0.0111996503546834 0.008043049834668636 0.008066593669354916
v -0.011194050312042236 0.009289205074310303 0.008491753600537777
v -0.011199950240552425 0.004713236819952726 -0.005433380138128996
v -0.011199950240552425 0.0048951501958072186 -0.0057392120361328125
v -0.011194050312042236 0.004876375198364258 -0.005755484104156494
v -0.011199950240552425 0.0048951501958072186 -0.0057392120361328125
v -0.011199950240552425 0.005829513072967529 -0.006661473773419857
v -0.011194050312042236 0.004876375198364258 -0.005755484104156494
v -0.011199950240552425 0.005829513072967529 -0.006661473773419857
v -0.0111996503546834 0.005811213981360197 -0.006682693026959896
v -0.011194050312042236 0.004876375198364258 -0.005755484104156494
v -0.0111996503546834 0.005811213981360197 0.006682693026959896
v -0.011199950240552425 0.0048951501958072186 0.0057392120361328125
v -0.011194050312042236 0.004876375198364258 0.005755484104156494
v -0.011199950240552425 0.0048951501958072186 0.0057392120361328125
v -0.011199950240552425 0.004713236819952726 0.005433380138128996
v -0.011194050312042236 0.004876375198364258 0.005755484104156494
v -0.011199950240552425 0.008070467971265316 -0.00799793004989624
v -0.011199950240552425 0.009295462630689144 -0.008467732928693295
v -0.0111996503546834 0.008043049834668636 -0.008066593669354916
v -0.011199950240552425 0.007474780082702637 -0.007769464980810881
v -0.011199950240552425 0.008070467971265316 -0.00799793004989624
v -0.0111996503546834 0.008043049834668636 -0.008066593669354916
v -0.0111996503546834 0.006875096820294857 -0.007458627223968506
v -0.011199950240552425 0.007474780082702637 -0.007769464980810881
v -0.0111996503546834 0.008043049834668636 -0.008066593669354916
v -0.011199950240552425 0.008053958415985107 0.00804072618484497
v -0.011199950240552425 0.008022843860089779 0.008030056022107601
v -0.0111996503546834 0.008043049834668636 0.008066593669354916
v -0.011199950240552425 0.008022843860089779 0.008030056022107601
v -0.0111996503546834 0.006875096820294857 0.007458627223968506
v -0.0111996503546834 0.008043049834668636 0.008066593669354916
v -0.011199950240552425 0.0058529372327029705 -0.006684540770947933
v -0.011199950240552425 0.006916046142578125 -0.0073957438580691814
v -0.0111996503546834 0.006875096820294857 -0.007458627223968506
v -0.011199950240552425 0.006916046142578125 -0.0073957438580691814
v -0.011199950240552425 0.007474780082702637 -0.007769464980810881
v -0.0111996503546834 0.006875096820294857 -0.007458627223968506
v -0.0111996503546834 0.005811213981360197 -0.006682693026959896
v -0.011199950240552425 0.0058529372327029705 -0.006684540770947933
v -0.0111996503546834 0.006875096820294857 -0.007458627223968506
v -0.011199950240552425 0.008022843860089779 0.008030056022107601
v -0.011199950240552425 0.006913185119628906 0.007393956184387207
v -0.0111996503546834 0.006875096820294857 0.007458627223968506
v -0.011199950240552425 0.006913185119628906 0.007393956184387207
v -0.011199950240552425 0.006330012809485197 0.007059632800519466
v -0.0111996503546834 0.006875096820294857 0.007458627223968506
v -0.011199950240552425 0.006330012809485197 0.007059632800519466
v -0.0111996503546834 0.005811213981360197 0.006682693026959896
v -0.0111996503546834 0.006875096820294857 0.007458627223968506
v -0.011199950240552425 0.005829513072967529 -0.006661473773419857
v -0.011199950240552425 0.0058529372327029705 -0.006684540770947933
v -0.0111996503546834 0.005811213981360197 -0.006682693026959896
v -0.011199950240552425 0.005860507022589445 0.0066276188008487225
v -0.011199950240552425 0.0048951501958072186 0.0057392120361328125
v -0.0111996503546834 0.005811213981360197 0.006682693026959896
v -0.011199950240552425 0.006330012809485197 0.007059632800519466
v -0.011199950240552425 0.005860507022589445 0.0066276188008487225
v -0.0111996503546834 0.005811213981360197 0.006682693026959896
v -0.011199950240552425 0.02039998024702072 0.005999981891363859
v -0.011199950240552425 0.03129994124174118 0.006003378890454769
v -0.011199950240552425 0.03129994124174118 -0.006005107890814543
v -0.011199950240552425 0.02039998024702072 -0.005999981891363859
v -0.011199950240552425 0.02039998024702072 0.005999981891363859
v -0.011199950240552425 0.03129994124174118 -0.006005107890814543
v -0.011199950240552425 0.008070467971265316 -0.00799793004989624
v -0.011199950240552425 0.02039998024702072 0.005999981891363859
v -0.011199950240552425 0.02039998024702072 -0.005999981891363859
v -0.011199950240552425 0.020326130092144012 -0.006720304023474455
v -0.011199950240552425 0.008070467971265316 -0.00799793004989624
v -0.011199950240552425 0.02039998024702072 -0.005999981891363859
v -0.011199950240552425 0.008070467971265316 -0.00799793004989624
v -0.011199950240552425 0.007474780082702637 -0.007769464980810881
v -0.011199950240552425 0.02039998024702072 0.005999981891363859
v -0.011199950240552425 0.007474780082702637 -0.007769464980810881
v -0.011199950240552425 0.006916046142578125 -0.0073957438580691814
v -0.011199950240552425 0.02039998024702072 0.005999981891363859
v -0.011199950240552425 0.006916046142578125 -0.0073957438580691814
v -0.011199950240552425 0.020398130640387535 0.006112455856055021
v -0.011199950240552425 0.02039998024702072 0.005999981891363859
v -0.011199950240552425 0.006916046142578125 -0.0073957438580691814
v -0.011199950240552425 0.008053958415985107 0.00804072618484497
v -0.011199950240552425 0.020398130640387535 0.006112455856055021
v -0.011199950240552425 0.008053958415985107 0.00804072618484497
v -0.011199950240552425 0.02030818909406662 0.006805120967328548
v -0.011199950240552425 0.020398130640387535 0.006112455856055021
v -0.011199950240552425 0.020262060686945915 -0.006938576232641935
v -0.011199950240552425 0.008070467971265316 -0.00799793004989624
v -0.011199950240552425 0.020326130092144012 -0.006720304023474455
v -0.011199950240552425 0.008053958415985107 0.00804072618484497
v -0.011199950240552425 0.020266350358724594 0.0069373250007629395
v -0.011199950240552425 0.02030818909406662 0.006805120967328548
v -0.011199950240552425 0.008053958415985107 0.00804072618484497
v -0.011199950240552425 0.020075080916285515 0.007542312145233154
v -0.011199950240552425 0.020266350358724594 0.0069373250007629395
v -0.011199950240552425 0.02011346071958542 -0.007444798015058041
v -0.011199950240552425 0.008070467971265316 -0.00799793004989624
v -0.011199950240552425 0.020262060686945915 -0.006938576232641935
v -0.011199950240552425 0.01968389004468918 -0.008350551128387451
v -0.011199950240552425 0.008070467971265316 -0.00799793004989624
v -0.011199950240552425 0.02011346071958542 -0.007444798015058041
v -0.011199950240552425 0.008053958415985107 0.00804072618484497
v -0.011199950240552425 0.019622020423412323 0.008453249000012875
v -0.011199950240552425 0.020075080916285515 0.007542312145233154
v -0.011199950240552425 0.019627569243311882 -0.008449493907392025
v -0.011199950240552425 0.008070467971265316 -0.00799793004989624
v -0.011199950240552425 0.01968389004468918 -0.008350551128387451
v -0.011199950240552425 0.019598839804530144 -0.00849997904151678
v -0.011199950240552425 0.008070467971265316 -0.00799793004989624
v -0.011199950240552425 0.019627569243311882 -0.008449493907392025
v -0.011199950240552425 0.008053958415985107 0.00804072618484497
v -0.011199950240552425 0.009547412395477295 0.00849997904151678
v -0.011199950240552425 0.019622020423412323 0.008453249000012875
v -0.011199950240552425 0.009547412395477295 0.00849997904151678
v -0.011199950240552425 0.019598839804530144 0.00849997904151678
v -0.011199950240552425 0.019622020423412323 0.008453249000012875
v -0.011199950240552425 0.009547412395477295 -0.00849997904151678
v -0.011199950240552425 0.008070467971265316 -0.00799793004989624
v -0.011199950240552425 0.019598839804530144 -0.00849997904151678
v -0.011199950240552425 0.009295462630689144 -0.008467732928693295
v -0.011199950240552425 0.008070467971265316 -0.00799793004989624
v -0.011199950240552425 0.009547412395477295 -0.00849997904151678
v -0.011199950240552425 0.008053958415985107 0.00804072618484497
v -0.011199950240552425 0.009295462630689144 0.008467732928693295
v -0.011199950240552425 0.009547412395477295 0.00849997904151678
v -0.011199950240552425 0.006916046142578125 -0.0073957438580691814
v -0.011199950240552425 0.0058529372327029705 -0.006684540770947933
v -0.011199950240552425 0.008053958415985107 0.00804072618484497
v -0.011199950240552425 0.0058529372327029705 -0.006684540770947933
v -0.011199950240552425 0.005829513072967529 -0.006661473773419857
v -0.011199950240552425 0.008053958415985107 0.00804072618484497
v -0.011199950240552425 0.005829513072967529 -0.006661473773419857
v -0.011199950240552425 0.008022843860089779 0.008030056022107601
v -0.011199950240552425 0.008053958415985107 0.00804072618484497
v -0.011199950240552425 0.005829513072967529 -0.006661473773419857
v -0.011199950240552425 0.006913185119628906 0.007393956184387207
v -0.011199950240552425 0.008022843860089779 0.008030056022107601
v -0.011199950240552425 0.005829513072967529 -0.006661473773419857
v -0.011199950240552425 0.006330012809485197 0.007059632800519466
v -0.011199950240552425 0.006913185119628906 0.007393956184387207
v -0.011199950240552425 0.005829513072967529 -0.006661473773419857
v -0.011199950240552425 0.005860507022589445 0.0066276188008487225
v -0.011199950240552425 0.006330012809485197 0.007059632800519466
v -0.011199950240552425 0.00464999582618475 0.005083261989057064
v -0.011199950240552425 0.0048951501958072186 0.0057392120361328125
v -0.011199950240552425 0.005860507022589445 0.0066276188008487225
v -0.011199950240552425 0.00464999582618475 -0.005083261989057064
v -0.011199950240552425 0.00464999582618475 0.005083261989057064
v -0.011199950240552425 0.005860507022589445 0.0066276188008487225
v -0.011199950240552425 0.005829513072967529 -0.006661473773419857
v -0.011199950240552425 0.00464999582618475 -0.005083261989057064
v -0.011199950240552425 0.005860507022589445 0.0066276188008487225
v -0.011199950240552425 0.0048951501958072186 -0.0057392120361328125
v -0.011199950240552425 0.00464999582618475 -0.005083261989057064
v -0.011199950240552425 0.005829513072967529 -0.006661473773419857
v -0.011199950240552425 0.004713236819952726 -0.005433380138128996
v -0.011199950240552425 0.00464999582618475 -0.005083261989057064
v -0.011199950240552425 0.0048951501958072186 -0.0057392120361328125
v -0.011199950240552425 0.00464999582618475 0.005083261989057064
v -0.011199950240552425 0.004713236819952726 0.005433380138128996
v -0.011199950240552425 0.0048951501958072186 0.0057392120361328125
usemtl Material_001
f 1 2 3
f 4 5 6
f 7 8 9
f 10 11 12
f 13 14 15
f 16 17 18
f 19 20 21
f 22 23 24
f 25 26 27
f 28 29 30
f 31 32 33
f 34 35 36
f 37 38 39
f 40 41 42
f 43 44 45
f 46 47 48
f 49 50 51
f 52 53 54
f 55 56 57
f 58 59 60
f 61 62 63
f 64 65 66
f 67 68 69
f 70 71 72
f 73 74 75
f 76 77 78
f 79 80 81
f 82 83 84
f 85 86 87
f 88 89 90
f 91 92 93
f 94 95 96
f 97 98 99
f 100 101 102
f 103 104 105
f 106 107 108
f 109 110 111
f 112 113 114
f 115 116 117
f 118 119 120
f 121 122 123
f 124 125 126
f 127 128 129
f 130 131 132
f 133 134 135
f 136 137 138
f 139 140 141
f 142 143 144
f 145 146 147
f 148 149 150
f 151 152 153
f 154 155 156
f 157 158 159
f 160 161 162
f 163 164 165
f 166 167 168
f 169 170 171
f 172 173 174
f 175 176 177
f 178 179 180
f 181 182 183
f 184 185 186
f 187 188 189
f 190 191 192
f 193 194 195
f 196 197 198
f 199 200 201
f 202 203 204
f 205 206 207
f 208 209 210
f 211 212 213
f 214 215 216
f 217 218 219
f 220 221 222
f 223 224 225
f 226 227 228
f 229 230 231
f 232 233 234
f 235 236 237
f 238 239 240
f 241 242 243
f 244 245 246
f 247 248 249
f 250 251 252
f 253 254 255
f 256 257 258
f 259 260 261
f 262 263 264
f 265 266 267
f 268 269 270
f 271 272 273
f 274 275 276
f 277 278 279
f 280 281 282
f 283 284 285
f 286 287 288
f 289 290 291
f 292 293 294
f 295 296 297
f 298 299 300
f 301 302 303
f 304 305 306
f 307 308 309
f 310 311 312
f 313 314 315
f 316 317 318
f 319 320 321
f 322 323 324
f 325 326 327
f 328 329 330
f 331 332 333
f 334 335 336
f 337 338 339
f 340 341 342
f 343 344 345
f 346 347 348
f 349 350 351
f 352 353 354
f 355 356 357
f 358 359 360
f 361 362 363
f 364 365 366
f 367 368 369
f 370 371 372
f 373 374 375
f 376 377 378
f 379 380 381
f 382 383 384
f 385 386 387
f 388 389 390
f 391 392 393
f 394 395 396
f 397 398 399
f 400 401 402
f 403 404 405
f 406 407 408
f 409 410 411
f 412 413 414
f 415 416 417
f 418 419 420
f 421 422 423
f 424 425 426
f 427 428 429
f 430 431 432
f 433 434 435
f 436 437 438
f 439 440 441
f 442 443 444
f 445 446 447
f 448 449 450
f 451 452 453
f 454 455 456
f 457 458 459
f 460 461 462
f 463 464 465
f 466 467 468
f 469 470 471
f 472 473 474
f 475 476 477
f 478 479 480
f 481 482 483
f 484 485 486
f 487 488 489
f 490 491 492
f 493 494 495
f 496 497 498
f 499 500 501
f 502 503 504
f 505 506 507
f 508 509 510
f 511 512 513
f 514 515 516
f 517 518 519
f 520 521 522
f 523 524 525
f 526 527 528
f 529 530 531
f 532 533 534
f 535 536 537
f 538 539 540
f 541 542 543
f 544 545 546
f 547 548 549
f 550 551 552
f 553 554 555
f 556 557 558
f 559 560 561
f 562 563 564
f 565 566 567
f 568 569 570
f 571 572 573
f 574 575 576
f 577 578 579
f 580 581 582
f 583 584 585
f 586 587 588
f 589 590 591
f 592 593 594
f 595 596 597
f 598 599 600
f 601 602 603
f 604 605 606
f 607 608 609
f 610 611 612
f 613 614 615
f 616 617 618
f 619 620 621
f 622 623 624
f 625 626 627
f 628 629 630
f 631 632 633
f 634 635 636
f 637 638 639
f 640 641 642
f 643 644 645
f 646 647 648
f 649 650 651
f 652 653 654
f 655 656 657
f 658 659 660
f 661 662 663
f 664 665 666
f 667 668 669
f 670 671 672
f 673 674 675
f 676 677 678
f 679 680 681
f 682 683 684
f 685 686 687
f 688 689 690
f 691 692 693
f 694 695 696
f 697 698 699
f 700 701 702
f 703 704 705
f 706 707 708
f 709 710 711
f 712 713 714
f 715 716 717
f 718 719 720
f 721 722 723
f 724 725 726
f 727 728 729
f 730 731 732
f 733 734 735
f 736 737 738
f 739 740 741
f 742 743 744
f 745 746 747
f 748 749 750
f 751 752 753
f 754 755 756
f 757 758 759
f 760 761 762
f 763 764 765
f 766 767 768
f 769 770 771
f 772 773 774
f 775 776 777
f 778 779 780
f 781 782 783
f 784 785 786
f 787 788 789
f 790 791 792
f 793 794 795
f 796 797 798
f 799 800 801
f 802 803 804
f 805 806 807
f 808 809 810
f 811 812 813
f 814 815 816
f 817 818 819
f 820 821 822
f 823 824 825
f 826 827 828
f 829 830 831
f 832 833 834
f 835 836 837
f 838 839 840
f 841 842 843
f 844 845 846
f 847 848 849
f 850 851 852
f 853 854 855
f 856 857 858
f 859 860 861
f 862 863 864
f 865 866 867
f 868 869 870
f 871 872 873
f 874 875 876
f 877 878 879
f 880 881 882
f 883 884 885
f 886 887 888
f 889 890 891
f 892 893 894
f 895 896 897
f 898 899 900
f 901 902 903
f 904 905 906
f 907 908 909
f 910 911 912
f 913 914 915
f 916 917 918
f 919 920 921
f 922 923 924
f 925 926 927
f 928 929 930
f 931 932 933
f 934 935 936
f 937 938 939
f 940 941 942
f 943 944 945
f 946 947 948
f 949 950 951
f 952 953 954
f 955 956 957
f 958 959 960
f 961 962 963
f 964 965 966
f 967 968 969
f 970 971 972
f 973 974 975
f 976 977 978
f 979 980 981
f 982 983 984
f 985 986 987
f 988 989 990
f 991 992 993
f 994 995 996
f 997 998 999
f 1000 1001 1002
f 1003 1004 1005
f 1006 1007 1008
f 1009 1010 1011
f 1012 1013 1014
f 1015 1016 1017
f 1018 1019 1020
f 1021 1022 1023
f 1024 1025 1026
f 1027 1028 1029
f 1030 1031 1032
f 1033 1034 1035
f 1036 1037 1038
f 1039 1040 1041
f 1042 1043 1044
f 1045 1046 1047
f 1048 1049 1050
f 1051 1052 1053
f 1054 1055 1056
f 1057 1058 1059
f 1060 1061 1062
f 1063 1064 1065
f 1066 1067 1068
f 1069 1070 1071
f 1072 1073 1074
f 1075 1076 1077
f 1078 1079 1080
f 1081 1082 1083
f 1084 1085 1086
f 1087 1088 1089
f 1090 1091 1092
f 1093 1094 1095
f 1096 1097 1098
f 1099 1100 1101
f 1102 1103 1104
f 1105 1106 1107
f 1108 1109 1110
f 1111 1112 1113
f 1114 1115 1116
f 1117 1118 1119
f 1120 1121 1122
f 1123 1124 1125
f 1126 1127 1128
f 1129 1130 1131
f 1132 1133 1134
f 1135 1136 1137
f 1138 1139 1140
f 1141 1142 1143
f 1144 1145 1146
f 1147 1148 1149
f 1150 1151 1152
f 1153 1154 1155
f 1156 1157 1158
f 1159 1160 1161
f 1162 1163 1164
f 1165 1166 1167
f 1168 1169 1170
f 1171 1172 1173
f 1174 1175 1176
f 1177 1178 1179
f 1180 1181 1182
f 1183 1184 1185
f 1186 1187 1188
f 1189 1190 1191
f 1192 1193 1194
f 1195 1196 1197
f 1198 1199 1200
f 1201 1202 1203
f 1204 1205 1206
f 1207 1208 1209
f 1210 1211 1212
f 1213 1214 1215
f 1216 1217 1218
f 1219 1220 1221
f 1222 1223 1224
f 1225 1226 1227
f 1228 1229 1230
f 1231 1232 1233
f 1234 1235 1236
f 1237 1238 1239
f 1240 1241 1242
f 1243 1244 1245
f 1246 1247 1248
f 1249 1250 1251
f 1252 1253 1254
f 1255 1256 1257
f 1258 1259 1260
f 1261 1262 1263
f 1264 1265 1266
f 1267 1268 1269
f 1270 1271 1272
f 1273 1274 1275
f 1276 1277 1278
f 1279 1280 1281
f 1282 1283 1284
f 1285 1286 1287
f 1288 1289 1290
f 1291 1292 1293
f 1294 1295 1296
f 1297 1298 1299
f 1300 1301 1302
f 1303 1304 1305
f 1306 1307 1308
f 1309 1310 1311
f 1312 1313 1314
f 1315 1316 1317
f 1318 1319 1320
f 1321 1322 1323
f 1324 1325 1326
f 1327 1328 1329
f 1330 1331 1332
f 1333 1334 1335
f 1336 1337 1338
f 1339 1340 1341
f 1342 1343 1344
f 1345 1346 1347
f 1348 1349 1350
f 1351 1352 1353
f 1354 1355 1356
f 1357 1358 1359
f 1360 1361 1362
f 1363 1364 1365
f 1366 1367 1368
f 1369 1370 1371
f 1372 1373 1374
f 1375 1376 1377
f 1378 1379 1380
f 1381 1382 1383
f 1384 1385 1386
f 1387 1388 1389
f 1390 1391 1392
f 1393 1394 1395
f 1396 1397 1398
f 1399 1400 1401
f 1402 1403 1404
f 1405 1406 1407
f 1408 1409 1410
f 1411 1412 1413
f 1414 1415 1416
f 1417 1418 1419
f 1420 1421 1422
f 1423 1424 1425
f 1426 1427 1428
f 1429 1430 1431
f 1432 1433 1434
f 1435 1436 1437
f 1438 1439 1440
f 1441 1442 1443
f 1444 1445 1446
f 1447 1448 1449
f 1450 1451 1452
f 1453 1454 1455
f 1456 1457 1458
f 1459 1460 1461
f 1462 1463 1464
f 1465 1466 1467
f 1468 1469 1470
f 1471 1472 1473
f 1474 1475 1476
f 1477 1478 1479
f 1480 1481 1482
f 1483 1484 1485
f 1486 1487 1488
f 1489 1490 1491
f 1492 1493 1494
f 1495 1496 1497
f 1498 1499 1500
f 1501 1502 1503
f 1504 1505 1506
f 1507 1508 1509
f 1510 1511 1512
f 1513 1514 1515
f 1516 1517 1518
f 1519 1520 1521
f 1522 1523 1524
f 1525 1526 1527
f 1528 1529 1530
f 1531 1532 1533
f 1534 1535 1536
f 1537 1538 1539
f 1540 1541 1542
f 1543 1544 1545
f 1546 1547 1548
f 1549 1550 1551
f 1552 1553 1554
f 1555 1556 1557
f 1558 1559 1560
f 1561 1562 1563
f 1564 1565 1566
f 1567 1568 1569
f 1570 1571 1572
f 1573 1574 1575
f 1576 1577 1578
f 1579 1580 1581
f 1582 1583 1584
f 1585 1586 1587
f 1588 1589 1590
f 1591 1592 1593
f 1594 1595 1596
f 1597 1598 1599
f 1600 1601 1602
f 1603 1604 1605
f 1606 1607 1608
f 1609 1610 1611
f 1612 1613 1614
f 1615 1616 1617
f 1618 1619 1620
f 1621 1622 1623
f 1624 1625 1626
f 1627 1628 1629
f 1630 1631 1632
f 1633 1634 1635
f 1636 1637 1638
f 1639 1640 1641
f 1642 1643 1644
f 1645 1646 1647
f 1648 1649 1650
f 1651 1652 1653
f 1654 1655 1656
f 1657 1658 1659
f 1660 1661 1662
f 1663 1664 1665
f 1666 1667 1668
f 1669 1670 1671
f 1672 1673 1674
f 1675 1676 1677
f 1678 1679 1680
f 1681 1682 1683
f 1684 1685 1686
f 1687 1688 1689
f 1690 1691 1692
f 1693 1694 1695
f 1696 1697 1698
f 1699 1700 1701
f 1702 1703 1704
f 1705 1706 1707
f 1708 1709 1710
f 1711 1712 1713
f 1714 1715 1716
f 1717 1718 1719
f 1720 1721 1722
f 1723 1724 1725
f 1726 1727 1728
f 1729 1730 1731
f 1732 1733 1734
f 1735 1736 1737
f 1738 1739 1740
f 1741 1742 1743
f 1744 1745 1746
f 1747 1748 1749
f 1750 1751 1752
f 1753 1754 1755
f 1756 1757 1758
f 1759 1760 1761
f 1762 1763 1764
f 1765 1766 1767
f 1768 1769 1770
f 1771 1772 1773
f 1774 1775 1776
f 1777 1778 1779
f 1780 1781 1782
f 1783 1784 1785
f 1786 1787 1788
f 1789 1790 1791
f 1792 1793 1794
f 1795 1796 1797
f 1798 1799 1800
f 1801 1802 1803
f 1804 1805 1806
f 1807 1808 1809
f 1810 1811 1812
f 1813 1814 1815
f 1816 1817 1818
f 1819 1820 1821
f 1822 1823 1824
f 1825 1826 1827
f 1828 1829 1830
f 1831 1832 1833
f 1834 1835 1836
f 1837 1838 1839
f 1840 1841 1842
f 1843 1844 1845
f 1846 1847 1848
f 1849 1850 1851
f 1852 1853 1854
f 1855 1856 1857
f 1858 1859 1860
f 1861 1862 1863
f 1864 1865 1866
f 1867 1868 1869
f 1870 1871 1872
f 1873 1874 1875
f 1876 1877 1878
f 1879 1880 1881
f 1882 1883 1884
f 1885 1886 1887
f 1888 1889 1890
f 1891 1892 1893
f 1894 1895 1896
f 1897 1898 1899
f 1900 1901 1902
f 1903 1904 1905
f 1906 1907 1908
f 1909 1910 1911
f 1912 1913 1914
f 1915 1916 1917
f 1918 1919 1920
f 1921 1922 1923
f 1924 1925 1926
f 1927 1928 1929
f 1930 1931 1932
f 1933 1934 1935
f 1936 1937 1938
f 1939 1940 1941
f 1942 1943 1944
f 1945 1946 1947
f 1948 1949 1950
f 1951 1952 1953
f 1954 1955 1956
f 1957 1958 1959
f 1960 1961 1962
f 1963 1964 1965
f 1966 1967 1968
f 1969 1970 1971
f 1972 1973 1974
f 1975 1976 1977
f 1978 1979 1980
f 1981 1982 1983
f 1984 1985 1986
f 1987 1988 1989
f 1990 1991 1992
f 1993 1994 1995
f 1996 1997 1998
f 1999 2000 2001
f 2002 2003 2004
f 2005 2006 2007
f 2008 2009 2010
f 2011 2012 2013
f 2014 2015 2016
f 2017 2018 2019
f 2020 2021 2022
f 2023 2024 2025
f 2026 2027 2028
f 2029 2030 2031
f 2032 2033 2034
f 2035 2036 2037
f 2038 2039 2040
f 2041 2042 2043
f 2044 2045 2046
f 2047 2048 2049
f 2050 2051 2052
f 2053 2054 2055
f 2056 2057 2058
f 2059 2060 2061
f 2062 2063 2064
f 2065 2066 2067
f 2068 2069 2070
f 2071 2072 2073
f 2074 2075 2076
f 2077 2078 2079
f 2080 2081 2082
f 2083 2084 2085
f 2086 2087 2088
f 2089 2090 2091
f 2092 2093 2094
f 2095 2096 2097
f 2098 2099 2100
f 2101 2102 2103
f 2104 2105 2106
f 2107 2108 2109
f 2110 2111 2112
f 2113 2114 2115
f 2116 2117 2118
f 2119 2120 2121
f 2122 2123 2124
f 2125 2126 2127
f 2128 2129 2130
f 2131 2132 2133
f 2134 2135 2136
f 2137 2138 2139
f 2140 2141 2142
f 2143 2144 2145
f 2146 2147 2148
f 2149 2150 2151
f 2152 2153 2154
f 2155 2156 2157
f 2158 2159 2160
f 2161 2162 2163
f 2164 2165 2166
f 2167 2168 2169
f 2170 2171 2172
f 2173 2174 2175
f 2176 2177 2178
f 2179 2180 2181
f 2182 2183 2184
f 2185 2186 2187
f 2188 2189 2190
f 2191 2192 2193
f 2194 2195 2196
f 2197 2198 2199
f 2200 2201 2202
f 2203 2204 2205
f 2206 2207 2208
f 2209 2210 2211
f 2212 2213 2214
f 2215 2216 2217
f 2218 2219 2220
f 2221 2222 2223
f 2224 2225 2226
f 2227 2228 2229
f 2230 2231 2232
f 2233 2234 2235
f 2236 2237 2238
f 2239 2240 2241
f 2242 2243 2244
f 2245 2246 2247
f 2248 2249 2250
f 2251 2252 2253
f 2254 2255 2256
f 2257 2258 2259
f 2260 2261 2262
f 2263 2264 2265
f 2266 2267 2268
f 2269 2270 2271
f 2272 2273 2274
f 2275 2276 2277
f 2278 2279 2280
f 2281 2282 2283
f 2284 2285 2286
f 2287 2288 2289
f 2290 2291 2292
f 2293 2294 2295
f 2296 2297 2298
f 2299 2300 2301
f 2302 2303 2304
f 2305 2306 2307
f 2308 2309 2310
f 2311 2312 2313
f 2314 2315 2316
f 2317 2318 2319
f 2320 2321 2322
f 2323 2324 2325
f 2326 2327 2328
f 2329 2330 2331
f 2332 2333 2334
f 2335 2336 2337
f 2338 2339 2340
f 2341 2342 2343
f 2344 2345 2346
f 2347 2348 2349
f 2350 2351 2352
f 2353 2354 2355
f 2356 2357 2358
f 2359 2360 2361
f 2362 2363 2364
f 2365 2366 2367
f 2368 2369 2370
f 2371 2372 2373
f 2374 2375 2376
f 2377 2378 2379
f 2380 2381 2382
f 2383 2384 2385
f 2386 2387 2388
f 2389 2390 2391
f 2392 2393 2394
f 2395 2396 2397
f 2398 2399 2400
f 2401 2402 2403
f 2404 2405 2406
f 2407 2408 2409
f 2410 2411 2412
f 2413 2414 2415
f 2416 2417 2418
f 2419 2420 2421
f 2422 2423 2424
f 2425 2426 2427
f 2428 2429 2430
f 2431 2432 2433
f 2434 2435 2436
f 2437 2438 2439
f 2440 2441 2442
f 2443 2444 2445
f 2446 2447 2448
f 2449 2450 2451
f 2452 2453 2454
f 2455 2456 2457
f 2458 2459 2460
f 2461 2462 2463
f 2464 2465 2466
f 2467 2468 2469
f 2470 2471 2472
f 2473 2474 2475
f 2476 2477 2478
f 2479 2480 2481
f 2482 2483 2484
f 2485 2486 2487
f 2488 2489 2490
f 2491 2492 2493
f 2494 2495 2496
f 2497 2498 2499
f 2500 2501 2502
f 2503 2504 2505
f 2506 2507 2508
f 2509 2510 2511
f 2512 2513 2514
f 2515 2516 2517
f 2518 2519 2520
f 2521 2522 2523
f 2524 2525 2526
f 2527 2528 2529
f 2530 2531 2532
f 2533 2534 2535
f 2536 2537 2538
f 2539 2540 2541
f 2542 2543 2544
f 2545 2546 2547
f 2548 2549 2550
f 2551 2552 2553
f 2554 2555 2556
f 2557 2558 2559
f 2560 2561 2562
f 2563 2564 2565
f 2566 2567 2568
f 2569 2570 2571
f 2572 2573 2574
f 2575 2576 2577
f 2578 2579 2580
f 2581 2582 2583
f 2584 2585 2586
f 2587 2588 2589
f 2590 2591 2592
f 2593 2594 2595
f 2596 2597 2598
f 2599 2600 2601
f 2602 2603 2604
f 2605 2606 2607
f 2608 2609 2610
f 2611 2612 2613
f 2614 2615 2616
f 2617 2618 2619
f 2620 2621 2622
f 2623 2624 2625
f 2626 2627 2628
f 2629 2630 2631
f 2632 2633 2634
f 2635 2636 2637
f 2638 2639 2640
f 2641 2642 2643
f 2644 2645 2646
f 2647 2648 2649
f 2650 2651 2652
f 2653 2654 2655
f 2656 2657 2658
f 2659 2660 2661
f 2662 2663 2664
f 2665 2666 2667
f 2668 2669 2670
f 2671 2672 2673
f 2674 2675 2676
f 2677 2678 2679
f 2680 2681 2682
f 2683 2684 2685
f 2686 2687 2688
f 2689 2690 2691
f 2692 2693 2694
f 2695 2696 2697
f 2698 2699 2700
f 2701 2702 2703
f 2704 2705 2706
f 2707 2708 2709
f 2710 2711 2712
f 2713 2714 2715
f 2716 2717 2718
f 2719 2720 2721
f 2722 2723 2724
f 2725 2726 2727
f 2728 2729 2730
f 2731 2732 2733
f 2734 2735 2736
f 2737 2738 2739
f 2740 2741 2742
f 2743 2744 2745
f 2746 2747 2748
f 2749 2750 2751
f 2752 2753 2754
f 2755 2756 2757
f 2758 2759 2760
f 2761 2762 2763
f 2764 2765 2766
f 2767 2768 2769
f 2770 2771 2772
f 2773 2774 2775
f 2776 2777 2778
f 2779 2780 2781
f 2782 2783 2784
f 2785 2786 2787
f 2788 2789 2790
f 2791 2792 2793
f 2794 2795 2796
f 2797 2798 2799
f 2800 2801 2802
f 2803 2804 2805
f 2806 2807 2808
f 2809 2810 2811
f 2812 2813 2814
f 2815 2816 2817
f 2818 2819 2820
f 2821 2822 2823
f 2824 2825 2826
f 2827 2828 2829
f 2830 2831 2832
f 2833 2834 2835
f 2836 2837 2838
f 2839 2840 2841
f 2842 2843 2844
f 2845 2846 2847
f 2848 2849 2850
f 2851 2852 2853
f 2854 2855 2856
f 2857 2858 2859
f 2860 2861 2862
f 2863 2864 2865
f 2866 2867 2868
f 2869 2870 2871
f 2872 2873 2874
f 2875 2876 2877
f 2878 2879 2880
f 2881 2882 2883
f 2884 2885 2886
f 2887 2888 2889
f 2890 2891 2892
f 2893 2894 2895
f 2896 2897 2898
f 2899 2900 2901
f 2902 2903 2904
f 2905 2906 2907
f 2908 2909 2910
f 2911 2912 2913
f 2914 2915 2916
f 2917 2918 2919
f 2920 2921 2922
f 2923 2924 2925
f 2926 2927 2928
f 2929 2930 2931
f 2932 2933 2934
f 2935 2936 2937
f 2938 2939 2940
f 2941 2942 2943
f 2944 2945 2946
f 2947 2948 2949
f 2950 2951 2952
f 2953 2954 2955
f 2956 2957 2958
f 2959 2960 2961
f 2962 2963 2964
f 2965 2966 2967
f 2968 2969 2970
f 2971 2972 2973
f 2974 2975 2976
f 2977 2978 2979
f 2980 2981 2982
f 2983 2984 2985
f 2986 2987 2988
f 2989 2990 2991
f 2992 2993 2994
f 2995 2996 2997
f 2998 2999 3000
f 3001 3002 3003
f 3004 3005 3006
f 3007 3008 3009
f 3010 3011 3012
f 3013 3014 3015
f 3016 3017 3018
f 3019 3020 3021
f 3022 3023 3024
f 3025 3026 3027
f 3028 3029 3030
f 3031 3032 3033
f 3034 3035 3036
f 3037 3038 3039
f 3040 3041 3042
f 3043 3044 3045
f 3046 3047 3048
f 3049 3050 3051
f 3052 3053 3054
f 3055 3056 3057
f 3058 3059 3060
f 3061 3062 3063
f 3064 3065 3066
f 3067 3068 3069
f 3070 3071 3072
f 3073 3074 3075
f 3076 3077 3078
f 3079 3080 3081
f 3082 3083 3084
f 3085 3086 3087
f 3088 3089 3090
f 3091 3092 3093
f 3094 3095 3096
f 3097 3098 3099
f 3100 3101 3102
f 3103 3104 3105
f 3106 3107 3108
f 3109 3110 3111
f 3112 3113 3114
f 3115 3116 3117
f 3118 3119 3120
f 3121 3122 3123
f 3124 3125 3126
f 3127 3128 3129
f 3130 3131 3132
f 3133 3134 3135
f 3136 3137 3138
f 3139 3140 3141
f 3142 3143 3144
f 3145 3146 3147
f 3148 3149 3150
f 3151 3152 3153
f 3154 3155 3156
f 3157 3158 3159
f 3160 3161 3162
f 3163 3164 3165
f 3166 3167 3168
f 3169 3170 3171
f 3172 3173 3174
f 3175 3176 3177
f 3178 3179 3180
f 3181 3182 3183
f 3184 3185 3186
f 3187 3188 3189
f 3190 3191 3192
f 3193 3194 3195
f 3196 3197 3198
f 3199 3200 3201
f 3202 3203 3204
f 3205 3206 3207
f 3208 3209 3210
f 3211 3212 3213
f 3214 3215 3216
f 3217 3218 3219
f 3220 3221 3222
f 3223 3224 3225
f 3226 3227 3228
f 3229 3230 3231
f 3232 3233 3234
f 3235 3236 3237
f 3238 3239 3240
f 3241 3242 3243
f 3244 3245 3246
f 3247 3248 3249
f 3250 3251 3252
f 3253 3254 3255
f 3256 3257 3258
f 3259 3260 3261
f 3262 3263 3264
f 3265 3266 3267
f 3268 3269 3270
f 3271 3272 3273
f 3274 3275 3276
f 3277 3278 3279
f 3280 3281 3282
f 3283 3284 3285
f 3286 3287 3288
f 3289 3290 3291
f 3292 3293 3294
f 3295 3296 3297
f 3298 3299 3300
f 3301 3302 3303
f 3304 3305 3306
f 3307 3308 3309
f 3310 3311 3312
f 3313 3314 3315
f 3316 3317 3318
f 3319 3320 3321
f 3322 3323 3324
f 3325 3326 3327
f 3328 3329 3330
f 3331 3332 3333
f 3334 3335 3336
f 3337 3338 3339
f 3340 3341 3342
f 3343 3344 3345
f 3346 3347 3348
f 3349 3350 3351
f 3352 3353 3354
f 3355 3356 3357
f 3358 3359 3360
f 3361 3362 3363
f 3364 3365 3366
f 3367 3368 3369
f 3370 3371 3372
f 3373 3374 3375
f 3376 3377 3378
f 3379 3380 3381
f 3382 3383 3384
f 3385 3386 3387
f 3388 3389 3390
f 3391 3392 3393
f 3394 3395 3396
f 3397 3398 3399
f 3400 3401 3402
f 3403 3404 3405
f 3406 3407 3408
f 3409 3410 3411
f 3412 3413 3414
f 3415 3416 3417
f 3418 3419 3420
f 3421 3422 3423
f 3424 3425 3426
f 3427 3428 3429
f 3430 3431 3432
f 3433 3434 3435
f 3436 3437 3438
f 3439 3440 3441
f 3442 3443 3444
f 3445 3446 3447
f 3448 3449 3450
f 3451 3452 3453
f 3454 3455 3456
f 3457 3458 3459
f 3460 3461 3462
f 3463 3464 3465
f 3466 3467 3468
f 3469 3470 3471
f 3472 3473 3474
f 3475 3476 3477
f 3478 3479 3480
f 3481 3482 3483
f 3484 3485 3486
f 3487 3488 3489
f 3490 3491 3492
f 3493 3494 3495
f 3496 3497 3498
f 3499 3500 3501
f 3502 3503 3504
f 3505 3506 3507
f 3508 3509 3510
f 3511 3512 3513
f 3514 3515 3516
f 3517 3518 3519
f 3520 3521 3522
f 3523 3524 3525
f 3526 3527 3528
f 3529 3530 3531
f 3532 3533 3534
f 3535 3536 3537
f 3538 3539 3540
f 3541 3542 3543
f 3544 3545 3546
f 3547 3548 3549
f 3550 3551 3552
f 3553 3554 3555
f 3556 3557 3558
f 3559 3560 3561
f 3562 3563 3564
f 3565 3566 3567
f 3568 3569 3570
f 3571 3572 3573
f 3574 3575 3576
f 3577 3578 3579
f 3580 3581 3582
f 3583 3584 3585
f 3586 3587 3588
f 3589 3590 3591
f 3592 3593 3594
f 3595 3596 3597
f 3598 3599 3600
f 3601 3602 3603
f 3604 3605 3606
f 3607 3608 3609
f 3610 3611 3612
f 3613 3614 3615
f 3616 3617 3618
f 3619 3620 3621
f 3622 3623 3624
f 3625 3626 3627
f 3628 3629 3630
f 3631 3632 3633
f 3634 3635 3636
f 3637 3638 3639
f 3640 3641 3642
f 3643 3644 3645
f 3646 3647 3648
f 3649 3650 3651
f 3652 3653 3654
f 3655 3656 3657
f 3658 3659 3660
f 3661 3662 3663
f 3664 3665 3666
f 3667 3668 3669
f 3670 3671 3672
f 3673 3674 3675
f 3676 3677 3678
f 3679 3680 3681
f 3682 3683 3684
f 3685 3686 3687
f 3688 3689 3690
f 3691 3692 3693
f 3694 3695 3696
f 3697 3698 3699
f 3700 3701 3702
f 3703 3704 3705
f 3706 3707 3708
f 3709 3710 3711
f 3712 3713 3714
f 3715 3716 3717
f 3718 3719 3720
f 3721 3722 3723
f 3724 3725 3726
f 3727 3728 3729
f 3730 3731 3732
f 3733 3734 3735
f 3736 3737 3738
f 3739 3740 3741
f 3742 3743 3744
f 3745 3746 3747
f 3748 3749 3750
f 3751 3752 3753
f 3754 3755 3756
f 3757 3758 3759
f 3760 3761 3762
f 3763 3764 3765
f 3766 3767 3768
f 3769 3770 3771
f 3772 3773 3774
f 3775 3776 3777
f 3778 3779 3780
f 3781 3782 3783
f 3784 3785 3786
f 3787 3788 3789
f 3790 3791 3792
f 3793 3794 3795
f 3796 3797 3798
f 3799 3800 3801
f 3802 3803 3804
f 3805 3806 3807
f 3808 3809 3810
f 3811 3812 3813
f 3814 3815 3816
f 3817 3818 3819
f 3820 3821 3822
f 3823 3824 3825
f 3826 3827 3828
f 3829 3830 3831
f 3832 3833 3834
f 3835 3836 3837
f 3838 3839 3840
f 3841 3842 3843
f 3844 3845 3846
f 3847 3848 3849
f 3850 3851 3852
f 3853 3854 3855
f 3856 3857 3858
f 3859 3860 3861
f 3862 3863 3864
f 3865 3866 3867
f 3868 3869 3870
f 3871 3872 3873
f 3874 3875 3876
f 3877 3878 3879
f 3880 3881 3882
f 3883 3884 3885
f 3886 3887 3888
f 3889 3890 3891
f 3892 3893 3894
f 3895 3896 3897
f 3898 3899 3900
f 3901 3902 3903
f 3904 3905 3906
f 3907 3908 3909
f 3910 3911 3912
f 3913 3914 3915
f 3916 3917 3918
f 3919 3920 3921
f 3922 3923 3924
f 3925 3926 3927
f 3928 3929 3930
f 3931 3932 3933
f 3934 3935 3936
f 3937 3938 3939
f 3940 3941 3942
f 3943 3944 3945
f 3946 3947 3948
f 3949 3950 3951
f 3952 3953 3954
f 3955 3956 3957
f 3958 3959 3960
f 3961 3962 3963
f 3964 3965 3966
f 3967 3968 3969
f 3970 3971 3972
f 3973 3974 3975
f 3976 3977 3978
f 3979 3980 3981
f 3982 3983 3984
f 3985 3986 3987
f 3988 3989 3990
f 3991 3992 3993
f 3994 3995 3996
f 3997 3998 3999
f 4000 4001 4002
f 4003 4004 4005
f 4006 4007 4008
f 4009 4010 4011
f 4012 4013 4014
f 4015 4016 4017
f 4018 4019 4020
f 4021 4022 4023
f 4024 4025 4026
f 4027 4028 4029
f 4030 4031 4032
f 4033 4034 4035
f 4036 4037 4038
f 4039 4040 4041
f 4042 4043 4044
f 4045 4046 4047
f 4048 4049 4050
f 4051 4052 4053
f 4054 4055 4056
f 4057 4058 4059
f 4060 4061 4062
f 4063 4064 4065
f 4066 4067 4068
f 4069 4070 4071
f 4072 4073 4074
f 4075 4076 4077
f 4078 4079 4080
f 4081 4082 4083
f 4084 4085 4086
f 4087 4088 4089
f 4090 4091 4092
f 4093 4094 4095
f 4096 4097 4098
f 4099 4100 4101
f 4102 4103 4104
f 4105 4106 4107
f 4108 4109 4110
f 4111 4112 4113
f 4114 4115 4116
f 4117 4118 4119
f 4120 4121 4122
f 4123 4124 4125
f 4126 4127 4128
f 4129 4130 4131
f 4132 4133 4134
f 4135 4136 4137
f 4138 4139 4140
f 4141 4142 4143
f 4144 4145 4146
f 4147 4148 4149
f 4150 4151 4152
f 4153 4154 4155
f 4156 4157 4158
f 4159 4160 4161
f 4162 4163 4164
f 4165 4166 4167
f 4168 4169 4170
f 4171 4172 4173
f 4174 4175 4176
f 4177 4178 4179
f 4180 4181 4182
f 4183 4184 4185
f 4186 4187 4188
f 4189 4190 4191
f 4192 4193 4194
f 4195 4196 4197
f 4198 4199 4200
f 4201 4202 4203
f 4204 4205 4206
f 4207 4208 4209
f 4210 4211 4212
f 4213 4214 4215
f 4216 4217 4218
f 4219 4220 4221
f 4222 4223 4224
f 4225 4226 4227
f 4228 4229 4230
f 4231 4232 4233
f 4234 4235 4236
f 4237 4238 4239
f 4240 4241 4242
f 4243 4244 4245
f 4246 4247 4248
f 4249 4250 4251
f 4252 4253 4254
f 4255 4256 4257
f 4258 4259 4260
f 4261 4262 4263
f 4264 4265 4266
f 4267 4268 4269
f 4270 4271 4272
f 4273 4274 4275
f 4276 4277 4278
f 4279 4280 4281
f 4282 4283 4284
f 4285 4286 4287
f 4288 4289 4290
f 4291 4292 4293
f 4294 4295 4296
f 4297 4298 4299
f 4300 4301 4302
f 4303 4304 4305
f 4306 4307 4308
f 4309 4310 4311
f 4312 4313 4314
f 4315 4316 4317
f 4318 4319 4320
f 4321 4322 4323
f 4324 4325 4326
f 4327 4328 4329
f 4330 4331 4332
f 4333 4334 4335
f 4336 4337 4338
f 4339 4340 4341
f 4342 4343 4344
f 4345 4346 4347
f 4348 4349 4350
f 4351 4352 4353
f 4354 4355 4356
f 4357 4358 4359
f 4360 4361 4362
f 4363 4364 4365
f 4366 4367 4368
f 4369 4370 4371
f 4372 4373 4374
f 4375 4376 4377
f 4378 4379 4380
f 4381 4382 4383
f 4384 4385 4386
f 4387 4388 4389
f 4390 4391 4392
f 4393 4394 4395
f 4396 4397 4398
f 4399 4400 4401
f 4402 4403 4404
f 4405 4406 4407
f 4408 4409 4410
f 4411 4412 4413
f 4414 4415 4416
f 4417 4418 4419
f 4420 4421 4422
f 4423 4424 4425
f 4426 4427 4428
f 4429 4430 4431
f 4432 4433 4434
f 4435 4436 4437
f 4438 4439 4440
f 4441 4442 4443
f 4444 4445 4446
f 4447 4448 4449
f 4450 4451 4452
f 4453 4454 4455
f 4456 4457 4458
f 4459 4460 4461
f 4462 4463 4464
f 4465 4466 4467
f 4468 4469 4470
f 4471 4472 4473
f 4474 4475 4476
f 4477 4478 4479
f 4480 4481 4482
f 4483 4484 4485
f 4486 4487 4488
f 4489 4490 4491
f 4492 4493 4494
f 4495 4496 4497
f 4498 4499 4500
f 4501 4502 4503
f 4504 4505 4506
f 4507 4508 4509
f 4510 4511 4512
f 4513 4514 4515
f 4516 4517 4518
f 4519 4520 4521
f 4522 4523 4524
f 4525 4526 4527
f 4528 4529 4530
f 4531 4532 4533
f 4534 4535 4536
f 4537 4538 4539
f 4540 4541 4542
f 4543 4544 4545
f 4546 4547 4548
f 4549 4550 4551
f 4552 4553 4554
f 4555 4556 4557
f 4558 4559 4560
f 4561 4562 4563
f 4564 4565 4566
f 4567 4568 4569
f 4570 4571 4572
f 4573 4574 4575
f 4576 4577 4578
f 4579 4580 4581
f 4582 4583 4584
f 4585 4586 4587
f 4588 4589 4590
f 4591 4592 4593
f 4594 4595 4596
f 4597 4598 4599
f 4600 4601 4602
f 4603 4604 4605
f 4606 4607 4608
f 4609 4610 4611
f 4612 4613 4614
f 4615 4616 4617
f 4618 4619 4620
f 4621 4622 4623
f 4624 4625 4626
f 4627 4628 4629
f 4630 4631 4632
f 4633 4634 4635
f 4636 4637 4638
f 4639 4640 4641
f 4642 4643 4644
f 4645 4646 4647
f 4648 4649 4650
f 4651 4652 4653
f 4654 4655 4656
f 4657 4658 4659
f 4660 4661 4662
f 4663 4664 4665
f 4666 4667 4668
f 4669 4670 4671
f 4672 4673 4674
f 4675 4676 4677
f 4678 4679 4680
f 4681 4682 4683
f 4684 4685 4686
f 4687 4688 4689
f 4690 4691 4692
f 4693 4694 4695
f 4696 4697 4698
f 4699 4700 4701
f 4702 4703 4704
f 4705 4706 4707
f 4708 4709 4710
f 4711 4712 4713
f 4714 4715 4716
f 4717 4718 4719
f 4720 4721 4722
f 4723 4724 4725
f 4726 4727 4728
f 4729 4730 4731
f 4732 4733 4734
f 4735 4736 4737
f 4738 4739 4740
f 4741 4742 4743
f 4744 4745 4746
f 4747 4748 4749
f 4750 4751 4752
f 4753 4754 4755
f 4756 4757 4758
f 4759 4760 4761
f 4762 4763 4764
f 4765 4766 4767
f 4768 4769 4770
f 4771 4772 4773
f 4774 4775 4776
f 4777 4778 4779
f 4780 4781 4782
f 4783 4784 4785
f 4786 4787 4788
f 4789 4790 4791
f 4792 4793 4794
f 4795 4796 4797
f 4798 4799 4800
f 4801 4802 4803
f 4804 4805 4806
f 4807 4808 4809
f 4810 4811 4812
f 4813 4814 4815
f 4816 4817 4818
f 4819 4820 4821
f 4822 4823 4824
f 4825 4826 4827
f 4828 4829 4830
f 4831 4832 4833
f 4834 4835 4836
f 4837 4838 4839
f 4840 4841 4842
f 4843 4844 4845
f 4846 4847 4848
f 4849 4850 4851
f 4852 4853 4854
f 4855 4856 4857
f 4858 4859 4860
f 4861 4862 4863
f 4864 4865 4866
f 4867 4868 4869
f 4870 4871 4872
f 4873 4874 4875
f 4876 4877 4878
f 4879 4880 4881
f 4882 4883 4884
f 4885 4886 4887
f 4888 4889 4890
f 4891 4892 4893
f 4894 4895 4896
f 4897 4898 4899
f 4900 4901 4902
f 4903 4904 4905
f 4906 4907 4908
f 4909 4910 4911
f 4912 4913 4914
f 4915 4916 4917
f 4918 4919 4920
f 4921 4922 4923
f 4924 4925 4926
f 4927 4928 4929
f 4930 4931 4932
f 4933 4934 4935
f 4936 4937 4938
f 4939 4940 4941
f 4942 4943 4944
f 4945 4946 4947
f 4948 4949 4950
f 4951 4952 4953
f 4954 4955 4956
f 4957 4958 4959
f 4960 4961 4962
f 4963 4964 4965
f 4966 4967 4968
f 4969 4970 4971
f 4972 4973 4974
f 4975 4976 4977
f 4978 4979 4980
f 4981 4982 4983
f 4984 4985 4986
f 4987 4988 4989
f 4990 4991 4992
f 4993 4994 4995
f 4996 4997 4998
f 4999 5000 5001
f 5002 5003 5004
f 5005 5006 5007
f 5008 5009 5010
f 5011 5012 5013
f 5014 5015 5016
f 5017 5018 5019
f 5020 5021 5022
f 5023 5024 5025
f 5026 5027 5028
f 5029 5030 5031
f 5032 5033 5034
f 5035 5036 5037
f 5038 5039 5040
f 5041 5042 5043
f 5044 5045 5046
f 5047 5048 5049
f 5050 5051 5052
f 5053 5054 5055
f 5056 5057 5058
f 5059 5060 5061
f 5062 5063 5064
f 5065 5066 5067
f 5068 5069 5070
f 5071 5072 5073
f 5074 5075 5076
f 5077 5078 5079
f 5080 5081 5082
f 5083 5084 5085
f 5086 5087 5088
f 5089 5090 5091
f 5092 5093 5094
f 5095 5096 5097
f 5098 5099 5100
f 5101 5102 5103
f 5104 5105 5106
f 5107 5108 5109
f 5110 5111 5112
f 5113 5114 5115
f 5116 5117 5118
f 5119 5120 5121
f 5122 5123 5124
f 5125 5126 5127
f 5128 5129 5130
f 5131 5132 5133
f 5134 5135 5136
f 5137 5138 5139
f 5140 5141 5142
f 5143 5144 5145
f 5146 5147 5148
f 5149 5150 5151
f 5152 5153 5154
f 5155 5156 5157
f 5158 5159 5160
f 5161 5162 5163
f 5164 5165 5166
f 5167 5168 5169
f 5170 5171 5172
f 5173 5174 5175
f 5176 5177 5178
f 5179 5180 5181
f 5182 5183 5184
f 5185 5186 5187
f 5188 5189 5190
f 5191 5192 5193
f 5194 5195 5196
f 5197 5198 5199
f 5200 5201 5202
f 5203 5204 5205
f 5206 5207 5208
f 5209 5210 5211
f 5212 5213 5214
f 5215 5216 5217
f 5218 5219 5220
f 5221 5222 5223
f 5224 5225 5226
f 5227 5228 5229
f 5230 5231 5232
f 5233 5234 5235
f 5236 5237 5238
f 5239 5240 5241
f 5242 5243 5244
f 5245 5246 5247
f 5248 5249 5250
f 5251 5252 5253
f 5254 5255 5256
f 5257 5258 5259
f 5260 5261 5262
f 5263 5264 5265
f 5266 5267 5268
f 5269 5270 5271
f 5272 5273 5274
f 5275 5276 5277
f 5278 5279 5280
f 5281 5282 5283
f 5284 5285 5286
f 5287 5288 5289
f 5290 5291 5292
f 5293 5294 5295
f 5296 5297 5298
f 5299 5300 5301
f 5302 5303 5304
f 5305 5306 5307
f 5308 5309 5310
f 5311 5312 5313
f 5314 5315 5316
f 5317 5318 5319
f 5320 5321 5322
f 5323 5324 5325
f 5326 5327 5328
f 5329 5330 5331
f 5332 5333 5334
f 5335 5336 5337
f 5338 5339 5340
f 5341 5342 5343
f 5344 5345 5346
f 5347 5348 5349
f 5350 5351 5352
f 5353 5354 5355
f 5356 5357 5358
f 5359 5360 5361
f 5362 5363 5364
f 5365 5366 5367
f 5368 5369 5370
f 5371 5372 5373
f 5374 5375 5376
f 5377 5378 5379
f 5380 5381 5382
f 5383 5384 5385
f 5386 5387 5388
f 5389 5390 5391
f 5392 5393 5394
f 5395 5396 5397
f 5398 5399 5400
f 5401 5402 5403
f 5404 5405 5406
f 5407 5408 5409
f 5410 5411 5412
f 5413 5414 5415
f 5416 5417 5418
f 5419 5420 5421
f 5422 5423 5424
f 5425 5426 5427
f 5428 5429 5430
f 5431 5432 5433
f 5434 5435 5436
f 5437 5438 5439
f 5440 5441 5442
f 5443 5444 5445
f 5446 5447 5448
f 5449 5450 5451
f 5452 5453 5454
f 5455 5456 5457
f 5458 5459 5460
f 5461 5462 5463
f 5464 5465 5466
f 5467 5468 5469
f 5470 5471 5472
f 5473 5474 5475
f 5476 5477 5478
f 5479 5480 5481
f 5482 5483 5484
f 5485 5486 5487
f 5488 5489 5490
f 5491 5492 5493
f 5494 5495 5496
f 5497 5498 5499
f 5500 5501 5502
f 5503 5504 5505
f 5506 5507 5508
f 5509 5510 5511
f 5512 5513 5514
f 5515 5516 5517
f 5518 5519 5520
f 5521 5522 5523
f 5524 5525 5526
f 5527 5528 5529
f 5530 5531 5532
f 5533 5534 5535
f 5536 5537 5538
f 5539 5540 5541
f 5542 5543 5544
f 5545 5546 5547
f 5548 5549 5550
f 5551 5552 5553
f 5554 5555 5556
f 5557 5558 5559
f 5560 5561 5562
f 5563 5564 5565
f 5566 5567 5568
f 5569 5570 5571
f 5572 5573 5574
f 5575 5576 5577
f 5578 5579 5580
f 5581 5582 5583
f 5584 5585 5586
f 5587 5588 5589
f 5590 5591 5592
f 5593 5594 5595
f 5596 5597 5598
f 5599 5600 5601
f 5602 5603 5604
f 5605 5606 5607
f 5608 5609 5610
f 5611 5612 5613
f 5614 5615 5616
f 5617 5618 5619
f 5620 5621 5622
f 5623 5624 5625
f 5626 5627 5628
f 5629 5630 5631
f 5632 5633 5634
f 5635 5636 5637
f 5638 5639 5640
f 5641 5642 5643
f 5644 5645 5646
f 5647 5648 5649
f 5650 5651 5652
f 5653 5654 5655
f 5656 5657 5658
f 5659 5660 5661
f 5662 5663 5664
f 5665 5666 5667
f 5668 5669 5670
f 5671 5672 5673
f 5674 5675 5676
f 5677 5678 5679
f 5680 5681 5682
f 5683 5684 5685
f 5686 5687 5688
f 5689 5690 5691
f 5692 5693 5694
f 5695 5696 5697
f 5698 5699 5700
f 5701 5702 5703
f 5704 5705 5706
f 5707 5708 5709
f 5710 5711 5712
f 5713 5714 5715
f 5716 5717 5718
f 5719 5720 5721
f 5722 5723 5724
f 5725 5726 5727
f 5728 5729 5730
f 5731 5732 5733
f 5734 5735 5736
f 5737 5738 5739
f 5740 5741 5742
f 5743 5744 5745
f 5746 5747 5748
f 5749 5750 5751
f 5752 5753 5754
f 5755 5756 5757
f 5758 5759 5760
f 5761 5762 5763
f 5764 5765 5766
f 5767 5768 5769
f 5770 5771 5772
f 5773 5774 5775
f 5776 5777 5778
f 5779 5780 5781
f 5782 5783 5784
f 5785 5786 5787
f 5788 5789 5790
f 5791 5792 5793
f 5794 5795 5796
f 5797 5798 5799
f 5800 5801 5802
f 5803 5804 5805
f 5806 5807 5808
f 5809 5810 5811
f 5812 5813 5814
f 5815 5816 5817
f 5818 5819 5820
f 5821 5822 5823
f 5824 5825 5826
f 5827 5828 5829
f 5830 5831 5832
f 5833 5834 5835
f 5836 5837 5838
f 5839 5840 5841
f 5842 5843 5844
f 5845 5846 5847
f 5848 5849 5850
f 5851 5852 5853
f 5854 5855 5856
f 5857 5858 5859
f 5860 5861 5862
f 5863 5864 5865
f 5866 5867 5868
f 5869 5870 5871
f 5872 5873 5874
f 5875 5876 5877
f 5878 5879 5880
f 5881 5882 5883
f 5884 5885 5886
f 5887 5888 5889
f 5890 5891 5892
f 5893 5894 5895
f 5896 5897 5898
f 5899 5900 5901
f 5902 5903 5904
f 5905 5906 5907
f 5908 5909 5910
f 5911 5912 5913
f 5914 5915 5916
f 5917 5918 5919
f 5920 5921 5922
f 5923 5924 5925
f 5926 5927 5928
f 5929 5930 5931
f 5932 5933 5934
f 5935 5936 5937
f 5938 5939 5940
f 5941 5942 5943
f 5944 5945 5946
f 5947 5948 5949
f 5950 5951 5952
f 5953 5954 5955
f 5956 5957 5958
f 5959 5960 5961
f 5962 5963 5964
f 5965 5966 5967
f 5968 5969 5970
f 5971 5972 5973
f 5974 5975 5976
f 5977 5978 5979
f 5980 5981 5982
f 5983 5984 5985
f 5986 5987 5988
f 5989 5990 5991
f 5992 5993 5994
f 5995 5996 5997
f 5998 5999 6000
f 6001 6002 6003
f 6004 6005 6006
f 6007 6008 6009
f 6010 6011 6012
f 6013 6014 6015
f 6016 6017 6018
f 6019 6020 6021
f 6022 6023 6024
f 6025 6026 6027
f 6028 6029 6030
f 6031 6032 6033
f 6034 6035 6036
f 6037 6038 6039
f 6040 6041 6042
