mtllib TS_F_A_right_pad_2_visuals.mtl
v 0.00032463620654907613 0.012199160201621373 0.0008469447299783855
v 0.0003162352294921837 0.012195830924424667 0.0008469447299783855
v 0.0003162352294921837 0.012206400497375425 0.0009860173336108044
v 0.0002605435077917932 0.012169100385740483 0.0008469447299783855
v 0.00026606492471817 0.012182840925943905 0.0009877831212961458
v 0.0002825051084233074 0.012191310507950193 0.0009871498219153271
v 0.00018034320436185504 0.012113370517065625 0.0008469447299783855
v 0.00017481390472083233 0.01211966095315542 0.0009925142401999085
v 0.00018903241459341039 0.012131590465745967 0.0009916201704858116
v 0.0001295269044170825 0.012063470459763859 0.0008469447299783855
v 0.00012258860306070974 0.012055440521638316 0.0008469447299783855
v 0.00012602940800366877 0.012067510224360034 0.0009523332571322041
v 7.2220343801414e-05 0.01198413047491631 0.0008469447299783855
v 7.153954696703397e-05 0.011987440678625783 0.0009053349328898633
v 8.233311418349726e-05 0.01200592098040687 0.0009146482186830202
v 1.0743740525032152e-05 0.011814470852294923 0.0008528978633673759
v 9.013340305239273e-06 0.011802910411682355 0.0008469447299783855
v 8.068979169724433e-06 0.011796331012260963 0.0008505955146442812
v 8.068979169724433e-06 0.011796331012260963 0.0008505955146442812
v 9.013340305239273e-06 0.011802910411682355 0.0008469447299783855
v 6.1625613032752755e-06 0.01177923067728126 0.0008469447299783855
v 8.068979169724433e-06 0.011796331012260963 0.0008505955146442812
v 6.1625613032752755e-06 0.01177923067728126 0.0008469447299783855
v 6.0540622181791425e-06 0.011778240763293812 0.0008488521383064399
v 6.0540622181791425e-06 0.011778240763293812 0.0008488521383064399
v 6.1625613032752755e-06 0.01177923067728126 0.0008469447299783855
v 4.928093171988372e-06 0.011763990960981241 0.0008469447299783855
v 6.0540622181791425e-06 0.011778240763293812 0.0008488521383064399
v 4.928093171988372e-06 0.011763990960981241 0.0008469447299783855
v 4.688744190266302e-06 0.011760190568649853 0.0008476749465162123
v 4.688744190266302e-06 0.011760190568649853 0.0008476749465162123
v 4.928093171988372e-06 0.011763990960981241 0.0008469447299783855
v 4.4293703752550095e-06 0.01175525053545623 0.0008469447299783855
v 4.688744190266302e-06 0.011760190568649853 0.0008476749465162123
v 4.4293703752550095e-06 0.01175525053545623 0.0008469447299783855
v 3.967900017614375e-06 0.011742170891585468 0.0008470565482972953
v 3.967900017614375e-06 0.011742170891585468 0.0008470565482972953
v 4.4293703752550095e-06 0.01175525053545623 0.0008469447299783855
v 3.843568215167122e-06 0.011730980476625241 0.0008469447299783855
v 1.4093240461084274e-05 0.011832690800975265 0.0008557886291716416
v 1.2959820833942696e-05 0.01182631071949547 0.0008469447299783855
v 1.0743740525032152e-05 0.011814470852294923 0.0008528978633673759
v 1.0743740525032152e-05 0.011814470852294923 0.0008528978633673759
v 1.2959820833942696e-05 0.01182631071949547 0.0008469447299783855
v 1.1832450147210554e-05 0.01182027014608844 0.0008469447299783855
v 1.0743740525032152e-05 0.011814470852294923 0.0008528978633673759
v 1.1832450147210554e-05 0.01182027014608844 0.0008469447299783855
v 9.013340305239273e-06 0.011802910411682355 0.0008469447299783855
v 1.8137511727412282e-05 0.01185099085830199 0.000859275560661267
v 1.7989431431014984e-05 0.011849430647046244 0.0008469447299783855
v 1.4093240461084274e-05 0.011832690800975265 0.0008557886291716416
v 1.4093240461084274e-05 0.011832690800975265 0.0008557886291716416
v 1.7989431431014984e-05 0.011849430647046244 0.0008469447299783855
v 1.5532600499841e-05 0.01183879050219272 0.0008469447299783855
v 1.4093240461084274e-05 0.011832690800975265 0.0008557886291716416
v 1.5532600499841e-05 0.01183879050219272 0.0008469447299783855
v 1.2959820833942696e-05 0.01182631071949547 0.0008469447299783855
v 2.290122133489906e-05 0.011869390097762333 0.0008633882217414651
v 2.4095180657556425e-05 0.011872270194334678 0.0008469447299783855
v 1.8137511727412282e-05 0.01185099085830199 0.000859275560661267
v 1.8137511727412282e-05 0.01185099085830199 0.000859275560661267
v 2.4095180657556425e-05 0.011872270194334678 0.0008469447299783855
v 1.9920990817221332e-05 0.011857130613842637 0.0008469447299783855
v 1.8137511727412282e-05 0.01185099085830199 0.000859275560661267
v 1.9920990817221332e-05 0.011857130613842637 0.0008469447299783855
v 1.7989431431014984e-05 0.011849430647046244 0.0008469447299783855
v 2.290122133489906e-05 0.011869390097762333 0.0008633882217414651
v 2.4201811509479143e-05 0.01187399062288319 0.0008645058684887338
v 2.4095180657556425e-05 0.011872270194334678 0.0008469447299783855
v 2.4095180657556425e-05 0.011872270194334678 0.0008469447299783855
v 2.4201811509479143e-05 0.01187399062288319 0.0008645058684887338
v 3.0133870930250124e-05 0.01189321097596896 0.0008696243579972909
v 2.4095180657556425e-05 0.011872270194334678 0.0008469447299783855
v 3.0133870930250124e-05 0.01189321097596896 0.0008696243579972909
v 3.127847015410839e-05 0.011894820778291515 0.0008469447299783855
v 4.4192651523114294e-05 0.011928351015174643 0.0008469447299783855
v 4.072720378366047e-05 0.011920020669625164 0.0008469447299783855
v 3.6825431397274986e-05 0.011912300675667176 0.0008753911672578635
v 3.6825431397274986e-05 0.011912300675667176 0.0008753911672578635
v 4.072720378366047e-05 0.011920020669625164 0.0008469447299783855
v 3.713602004008082e-05 0.011910920708865791 0.0008469447299783855
v 3.6825431397274986e-05 0.011912300675667176 0.0008753911672578635
v 3.713602004008082e-05 0.011910920708865791 0.0008469447299783855
v 3.0133870930250124e-05 0.01189321097596896 0.0008696243579972909
v 3.0133870930250124e-05 0.01189321097596896 0.0008696243579972909
v 3.713602004008082e-05 0.011910920708865791 0.0008469447299783855
v 3.2159031964941465e-05 0.011897350876373114 0.0008469447299783855
v 3.0133870930250124e-05 0.01189321097596896 0.0008696243579972909
v 3.2159031964941465e-05 0.011897350876373114 0.0008469447299783855
v 3.127847015410839e-05 0.011894820778291515 0.0008469447299783855
v 3.6825431397274986e-05 0.011912300675667176 0.0008753911672578635
v 4.429091350998402e-05 0.011931270212395817 0.0008818358601756643
v 4.4192651523114294e-05 0.011928351015174643 0.0008469447299783855
v 4.4192651523114294e-05 0.011928351015174643 0.0008469447299783855
v 4.429091350998402e-05 0.011931270212395817 0.0008818358601756643
v 5.254848178473529e-05 0.011950111003085628 0.0008889586155646362
v 4.4192651523114294e-05 0.011928351015174643 0.0008469447299783855
v 5.254848178473529e-05 0.011950111003085628 0.0008889586155646362
v 5.027605086944855e-05 0.011942030520218916 0.0008469447299783855
v 5.027605086944855e-05 0.011942030520218916 0.0008469447299783855
v 5.254848178473529e-05 0.011950111003085628 0.0008889586155646362
v 6.022351148668578e-05 0.011966070743528734 0.0008955747314489532
v 5.027605086944855e-05 0.011942030520218916 0.0008469447299783855
v 6.022351148668578e-05 0.011966070743528734 0.0008955747314489532
v 6.077997302615873e-05 0.011963400455315965 0.0008469447299783855
v 6.077997302615873e-05 0.011963400455315965 0.0008469447299783855
v 6.022351148668578e-05 0.011966070743528734 0.0008955747314489532
v 7.2220343801414e-05 0.01198413047491631 0.0008469447299783855
v 7.2220343801414e-05 0.01198413047491631 0.0008469447299783855
v 6.022351148668578e-05 0.011966070743528734 0.0008955747314489532
v 6.162236178549035e-05 0.01196884021387512 0.000896781725562984
v 7.2220343801414e-05 0.01198413047491631 0.0008469447299783855
v 6.162236178549035e-05 0.01196884021387512 0.000896781725562984
v 7.153954696703397e-05 0.011987440678625783 0.0009053349328898633
v 8.425629539142443e-05 0.01200905093966198 0.0009163022476540994
v 8.883420054851474e-05 0.012010690305889749 0.0008469447299783855
v 8.233311418349726e-05 0.01200592098040687 0.0009146482186830202
v 8.233311418349726e-05 0.01200592098040687 0.0009146482186830202
v 8.883420054851474e-05 0.012010690305889749 0.0008469447299783855
v 8.458504482529786e-05 0.012004240606181549 0.0008469447299783855
v 8.233311418349726e-05 0.01200592098040687 0.0009146482186830202
v 8.458504482529786e-05 0.012004240606181549 0.0008469447299783855
v 7.2220343801414e-05 0.01198413047491631 0.0008469447299783855
v 8.425629539142443e-05 0.01200905093966198 0.0009163022476540994
v 8.885423516069146e-05 0.01201634082648284 0.0009202734669055274
v 8.883420054851474e-05 0.012010690305889749 0.0008469447299783855
v 8.883420054851474e-05 0.012010690305889749 0.0008469447299783855
v 8.885423516069146e-05 0.01201634082648284 0.0009202734669055274
v 9.72389252476254e-05 0.01202901039037807 0.000927500470823163
v 8.883420054851474e-05 0.012010690305889749 0.0008469447299783855
v 9.72389252476254e-05 0.01202901039037807 0.000927500470823163
v 9.786943811116843e-05 0.012023720358693701 0.0008469447299783855
v 9.786943811116843e-05 0.012023720358693701 0.0008469447299783855
v 9.72389252476254e-05 0.01202901039037807 0.000927500470823163
v 0.00011115800372237146 0.012048500633308201 0.0009395033567349137
v 9.786943811116843e-05 0.012023720358693701 0.0008469447299783855
v 0.00011115800372237146 0.012048500633308201 0.0009395033567349137
v 0.00011207350875786382 0.012042580222870747 0.0008469447299783855
v 0.00012602940800366877 0.012067510224360034 0.0009523332571322041
v 0.00012258860306070974 0.012055440521638316 0.0008469447299783855
v 0.00011115800372237146 0.012048500633308201 0.0009395033567349137
v 0.00011115800372237146 0.012048500633308201 0.0009395033567349137
v 0.00012258860306070974 0.012055440521638316 0.0008469447299783855
v 0.00011397150700217726 0.012044970130821175 0.0008469447299783855
v 0.00011115800372237146 0.012048500633308201 0.0009395033567349137
v 0.00011397150700217726 0.012044970130821175 0.0008469447299783855
v 0.00011207350875786382 0.012042580222870747 0.0008469447299783855
v 0.0001295269044170825 0.012063470459763859 0.0008469447299783855
v 0.00012602940800366877 0.012067510224360034 0.0009523332571322041
v 0.0001349086080494697 0.012069460488429717 0.0008469447299783855
v 0.0001349086080494697 0.012069460488429717 0.0008469447299783855
v 0.00012602940800366877 0.012067510224360034 0.0009523332571322041
v 0.00013493191346668383 0.012078120805308346 0.0009600148656971341
v 0.0001349086080494697 0.012069460488429717 0.0008469447299783855
v 0.00013493191346668383 0.012078120805308346 0.0009600148656971341
v 0.00014578550256328683 0.012081020929042285 0.0008469447299783855
v 0.00013493191346668383 0.012078120805308346 0.0009600148656971341
v 0.00014187300879091314 0.012086021043720696 0.0009659976225959849
v 0.00014578550256328683 0.012081020929042285 0.0008469447299783855
v 0.00014578550256328683 0.012081020929042285 0.0008469447299783855
v 0.00014187300879091314 0.012086021043720696 0.0009659976225959849
v 0.00014775390134700445 0.012092490770590492 0.0009710714682234847
v 0.00014578550256328683 0.012081020929042285 0.0008469447299783855
v 0.00014775390134700445 0.012092490770590492 0.0009710714682234847
v 0.00016272860048260375 0.01209764061214369 0.0008469447299783855
v 0.00018903241459341039 0.01212059078565808 0.0008469447299783855
v 0.00020367560758018446 0.01214298019864779 0.0009907633536764687
v 0.00019861940492837613 0.012128190616646495 0.0008469447299783855
v 0.00019861940492837613 0.012128190616646495 0.0008469447299783855
v 0.00020367560758018446 0.01214298019864779 0.0009907633536764687
v 0.000218722517746359 0.012153820615117272 0.0009899512403528307
v 0.00019861940492837613 0.012128190616646495 0.0008469447299783855
v 0.000218722517746359 0.012153820615117272 0.0009899512403528307
v 0.00021755511601950078 0.012142130474791513 0.0008469447299783855
v 0.00021755511601950078 0.012142130474791513 0.0008469447299783855
v 0.000218722517746359 0.012153820615117272 0.0009899512403528307
v 0.00023415080825024345 0.012164080243900477 0.0009891838305148976
v 0.00021755511601950078 0.012142130474791513 0.0008469447299783855
v 0.00023415080825024345 0.012164080243900477 0.0009891838305148976
v 0.0002371501141178005 0.012155180554757061 0.0008469447299783855
v 0.0002499390065175376 0.012173760992346128 0.0009884611241626692
v 0.0002499390065175376 0.012163000684523029 0.0008469447299783855
v 0.00023415080825024345 0.012164080243900477 0.0009891838305148976
v 0.00023415080825024345 0.012164080243900477 0.0009891838305148976
v 0.0002499390065175376 0.012163000684523029 0.0008469447299783855
v 0.00023994220442795366 0.012156930547210787 0.0008469447299783855
v 0.00023415080825024345 0.012164080243900477 0.0009891838305148976
v 0.00023994220442795366 0.012156930547210787 0.0008469447299783855
v 0.0002371501141178005 0.012155180554757061 0.0008469447299783855
v 0.0002605435077917932 0.012169100385740483 0.0008469447299783855
v 0.0002825051084233074 0.012191310507950193 0.0009871498219153271
v 0.0002815314069000083 0.012180180174474753 0.0008469447299783855
v 0.0002815314069000083 0.012180180174474753 0.0008469447299783855
v 0.0002825051084233074 0.012191310507950193 0.0009871498219153271
v 0.00029923631182038335 0.012199170692039352 0.0009865612260202133
v 0.0002815314069000083 0.012180180174474753 0.0008469447299783855
v 0.00029923631182038335 0.012199170692039352 0.0009865612260202133
v 0.0003028973186833435 0.012190190894249553 0.0008469447299783855
v 0.00032463620654907613 0.012199160201621373 0.0008469447299783855
v 0.0003162352294921837 0.012206400497375425 0.0009860173336108044
v 0.0003334777215564279 0.012202470405330845 0.0008469447299783855
v 0.00036752550559472283 0.01221348057583671 0.0008469447299783855
v 0.0003467463121601018 0.01220708046719532 0.0008469447299783855
v 0.0003509405123982255 0.012218940361557462 0.0009850785604110027
v 0.0003509405123982255 0.012218940361557462 0.0009850785604110027
v 0.0003467463121601018 0.01220708046719532 0.0008469447299783855
v 0.0003334777215564279 0.012202470405330845 0.0008469447299783855
v 0.0003509405123982255 0.012218940361557462 0.0009850785604110027
v 0.0003334777215564279 0.012202470405330845 0.0008469447299783855
v 0.00033347822819593254 0.012212990387214795 0.0009855255356634035
v 0.00033347822819593254 0.012212990387214795 0.0009855255356634035
v 0.0003334777215564279 0.012202470405330845 0.0008469447299783855
v 0.0003162352294921837 0.012206400497375425 0.0009860173336108044
v 0.0003162352294921837 0.012206400497375425 0.0009860173336108044
v 0.00033888782680339957 0.012226020440018748 0.0011359230819456972
v 0.00033347822819593254 0.012212990387214795 0.0009855255356634035
v 0.00033347822819593254 0.012212990387214795 0.0009855255356634035
v 0.00033888782680339957 0.012226020440018748 0.0011359230819456972
v 0.0003509331214219223 0.0122308202830812 0.0011463170596046068
v 0.00033347822819593254 0.012212990387214795 0.0009855255356634035
v 0.0003509331214219223 0.0122308202830812 0.0011463170596046068
v 0.0003509405123982255 0.012218940361557462 0.0009850785604110027
v 0.0003509405123982255 0.012218940361557462 0.0009850785604110027
v 0.0003509331214219223 0.0122308202830812 0.0011463170596046068
v 0.0003664661223904894 0.012236510857997485 0.0011597130849448634
v 0.0003509405123982255 0.012218940361557462 0.0009850785604110027
v 0.0003664661223904894 0.012236510857997485 0.0011597130849448634
v 0.00036752550559472283 0.01221348057583671 0.0008469447299783855
v 0.0002992433153664771 0.012207700355530426 0.001101732067939204
v 0.00031224732093942595 0.01221414051849501 0.0011129450134562263
v 0.0003162352294921837 0.012206400497375425 0.0009860173336108044
v 0.0003162352294921837 0.012206400497375425 0.0009860173336108044
v 0.00031224732093942595 0.01221414051849501 0.0011129450134562263
v 0.00031623570632936457 0.012216030701079905 0.0011163880163205658
v 0.0003162352294921837 0.012206400497375425 0.0009860173336108044
v 0.00031623570632936457 0.012216030701079905 0.0011163880163205658
v 0.00033888782680339957 0.012226020440018748 0.0011359230819456972
v 0.00026606492471817 0.012182840925943905 0.0009877831212961458
v 0.0002865386145314841 0.012200970275559886 0.0010907720845466234
v 0.0002825051084233074 0.012191310507950193 0.0009871498219153271
v 0.0002825051084233074 0.012191310507950193 0.0009871498219153271
v 0.0002865386145314841 0.012200970275559886 0.0010907720845466234
v 0.0002992433153664771 0.012207700355530426 0.001101732067939204
v 0.0002825051084233074 0.012191310507950193 0.0009871498219153271
v 0.0002992433153664771 0.012207700355530426 0.001101732067939204
v 0.00029923631182038335 0.012199170692039352 0.0009865612260202133
v 0.00029923631182038335 0.012199170692039352 0.0009865612260202133
v 0.0002992433153664771 0.012207700355530426 0.001101732067939204
v 0.0003162352294921837 0.012206400497375425 0.0009860173336108044
v 0.00029923631182038335 0.012199170692039352 0.0009865612260202133
v 0.0003162352294921837 0.012206400497375425 0.0009860173336108044
v 0.0003028973186833435 0.012190190894249553 0.0008469447299783855
v 0.0003028973186833435 0.012190190894249553 0.0008469447299783855
v 0.0003162352294921837 0.012206400497375425 0.0009860173336108044
v 0.0003162352294921837 0.012195830924424667 0.0008469447299783855
v 0.00024995670909787673 0.0121790309968689 0.0010592190530338969
v 0.0002617650156375162 0.012186540228792953 0.0010694040567982982
v 0.00026606492471817 0.012182840925943905 0.0009877831212961458
v 0.00026606492471817 0.012182840925943905 0.0009877831212961458
v 0.0002617650156375162 0.012186540228792953 0.0010694040567982982
v 0.00026607282233397783 0.012189180953100509 0.001073122075506694
v 0.00026606492471817 0.012182840925943905 0.0009877831212961458
v 0.00026607282233397783 0.012189180953100509 0.001073122075506694
v 0.0002865386145314841 0.012200970275559886 0.0010907720845466234
v 0.0002605435077917932 0.012169100385740483 0.0008469447299783855
v 0.0002499390065175376 0.012163000684523029 0.0008469447299783855
v 0.00026606492471817 0.012182840925943905 0.0009877831212961458
v 0.00026606492471817 0.012182840925943905 0.0009877831212961458
v 0.0002499390065175376 0.012163000684523029 0.0008469447299783855
v 0.0002499390065175376 0.012173760992346128 0.0009884611241626692
v 0.00026606492471817 0.012182840925943905 0.0009877831212961458
v 0.0002499390065175376 0.012173760992346128 0.0009884611241626692
v 0.00024995670909787673 0.0121790309968689 0.0010592190530338969
v 0.00024995670909787673 0.0121790309968689 0.0010592190530338969
v 0.0002499390065175376 0.012173760992346128 0.0009884611241626692
v 0.00023415080825024345 0.012164080243900477 0.0009891838305148976
v 0.00024995670909787673 0.0121790309968689 0.0010592190530338969
v 0.00023415080825024345 0.012164080243900477 0.0009891838305148976
v 0.00023793151614675927 0.012170920950096975 0.0010488480827689634
v 0.00023793151614675927 0.012170920950096975 0.0010488480827689634
v 0.00023415080825024345 0.012164080243900477 0.0009891838305148976
v 0.000218722517746359 0.012153820615117272 0.0009899512403528307
v 0.00023793151614675927 0.012170920950096975 0.0010488480827689634
v 0.000218722517746359 0.012153820615117272 0.0009899512403528307
v 0.0002187346174898231 0.012156980138277595 0.0010322930111055645
v 0.00018905241195268235 0.012132730106608203 0.0010066930533771806
v 0.00020367560758018446 0.01214298019864779 0.0009907633536764687
v 0.00018903241459341039 0.012131590465745967 0.0009916201704858116
v 0.00018903241459341039 0.012131590465745967 0.0009916201704858116
v 0.00020367560758018446 0.01214298019864779 0.0009907633536764687
v 0.00018903241459341039 0.01212059078565808 0.0008469447299783855
v 0.00018903241459341039 0.012131590465745967 0.0009916201704858116
v 0.00018903241459341039 0.01212059078565808 0.0008469447299783855
v 0.00018034320436185504 0.012113370517065625 0.0008469447299783855
v 0.00018905241195268235 0.012132730106608203 0.0010066930533771806
v 0.00019548931156280862 0.012138290981811295 0.0010122430805344085
v 0.00020367560758018446 0.01214298019864779 0.0009907633536764687
v 0.00020367560758018446 0.01214298019864779 0.0009907633536764687
v 0.00019548931156280862 0.012138290981811295 0.0010122430805344085
v 0.00020369511320111368 0.012145130734333431 0.0010193210132283803
v 0.00020367560758018446 0.01214298019864779 0.0009907633536764687
v 0.00020369511320111368 0.012145130734333431 0.0010193210132283803
v 0.000218722517746359 0.012153820615117272 0.0009899512403528307
v 0.000218722517746359 0.012153820615117272 0.0009899512403528307
v 0.00020369511320111368 0.012145130734333431 0.0010193210132283803
v 0.00021504280992521232 0.012154150586446422 0.0010291110765977413
v 0.000218722517746359 0.012153820615117272 0.0009899512403528307
v 0.00021504280992521232 0.012154150586446422 0.0010291110765977413
v 0.0002187346174898231 0.012156980138277595 0.0010322930111055645
v 0.00014775390134700445 0.012092490770590492 0.0009710714682234847
v 0.00015871270754779475 0.012104010203205506 0.0009805262554500593
v 0.00016272860048260375 0.01209764061214369 0.0008469447299783855
v 0.00016272860048260375 0.01209764061214369 0.0008469447299783855
v 0.00015871270754779475 0.012104010203205506 0.0009805262554500593
v 0.00016105131079779608 0.012106390574412318 0.000982537971911425
v 0.00016272860048260375 0.01209764061214369 0.0008469447299783855
v 0.00016105131079779608 0.012106390574412318 0.000982537971911425
v 0.00018034320436185504 0.012113370517065625 0.0008469447299783855
v 0.00018034320436185504 0.012113370517065625 0.0008469447299783855
v 0.00016105131079779608 0.012106390574412318 0.000982537971911425
v 0.00017273660824593771 0.012117830852055311 0.0009926185483332198
v 0.00018034320436185504 0.012113370517065625 0.0008469447299783855
v 0.00017273660824593771 0.012117830852055311 0.0009926185483332198
v 0.00017481390472083233 0.01211966095315542 0.0009925142401999085
v 0.00018903241459341039 0.012131590465745967 0.0009916201704858116
v 0.00017481390472083233 0.01211966095315542 0.0009925142401999085
v 0.00017657501344133658 0.012121450999932337 0.0009959266658800259
v 0.00018903241459341039 0.012131590465745967 0.0009916201704858116
v 0.00017657501344133658 0.012121450999932337 0.0009959266658800259
v 0.00018905241195268235 0.012132730106608203 0.0010066930533771806
v 0.004962884185004124 0.013721960719507154 0.004943624254432344
v 0.0051352312619767915 0.01372908085229163 0.004965879199337053
v 0.005136860137786581 0.013714510615393527 0.004363194196040643
v 0.0045103852507002995 0.013580720592864526 0.0024544521543914954
v 0.004812406291656857 0.013610040357440734 0.0024994980091921915
v 0.004816421260719628 0.013565540958049294 0.001894630045281842
v 0.0021588481497962497 0.01291280044853016 0.002705663094286631
v 0.002377880209378791 0.013003110549560382 0.002894580024875304
v 0.0027014221044001363 0.013126870778827349 0.00296672405982662
v 0.002971923254028036 0.013250040683664421 0.003406949205095322
v 0.00297579421826219 0.013228200587107053 0.0029686690786873138
v 0.0027014221044001363 0.013126870778827349 0.00296672405982662
v 0.003672098095786752 0.013505770371103898 0.004010856342086255
v 0.003702053245906445 0.013514770196055292 0.004036695195242246
v 0.0037080811831281812 0.013498600647252612 0.0036151332188134877
v 0.005438904066927819 0.013742160496162392 0.005534746432930282
v 0.0055038440457508275 0.0137427803844975 0.005590752390332854
v 0.0055038440457508275 0.013735310253222277 0.00501937413214526
v 0.00036752550559472283 0.01221348057583671 0.0008469447299783855
v 0.0003664661223904894 0.012236510857997485 0.0011597130849448634
v 0.0004615015308713326 0.012240300759910894 0.0008469447299783855
v 0.0004615015308713326 0.012240300759910894 0.0008469447299783855
v 0.0003664661223904894 0.012236510857997485 0.0011597130849448634
v 0.0008200156482130252 0.01239435064057992 0.0015048831223966885
v 0.0004615015308713326 0.012240300759910894 0.0008469447299783855
v 0.0008200156482130252 0.01239435064057992 0.0015048831223966885
v 0.0009351536479711847 0.012379110924279901 0.0008469447299783855
v 0.0009351536479711847 0.012379110924279901 0.0008469447299783855
v 0.0008200156482130252 0.01239435064057992 0.0015048831223966885
v 0.0013042120360907267 0.012547450661584691 0.0015484541197970103
v 0.003017657184880701 0.013075820590245368 0.0008469447299783855
v 0.0024098261547285393 0.01285993064926605 0.0008469447299783855
v 0.0027629481674268375 0.013001500747237826 0.0010041521072497173
v 0.0027629481674268375 0.013001500747237826 0.0010041521072497173
v 0.0024098261547285393 0.01285993064926605 0.0008469447299783855
v 0.002236285077455019 0.012799220693074376 0.0008469447299783855
v 0.0027629481674268375 0.013001500747237826 0.0010041521072497173
v 0.002236285077455019 0.012799220693074376 0.0008469447299783855
v 0.002138427120689096 0.01277409041996913 0.0009387583582444806
v 0.002138427120689096 0.01277409041996913 0.0009387583582444806
v 0.002236285077455019 0.012799220693074376 0.0008469447299783855
v 0.0018126361038949684 0.012655480985929723 0.0008469447299783855
v 0.002138427120689096 0.01277409041996913 0.0009387583582444806
v 0.0018126361038949684 0.012655480985929723 0.0008469447299783855
v 0.0017655610684711581 0.012644540433652263 0.0008979887196770148
v 0.0017655610684711581 0.012644540433652263 0.0008979887196770148
v 0.0018126361038949684 0.012655480985929723 0.0008469447299783855
v 0.0013832051218892055 0.01251679098453029 0.0008469447299783855
v 0.0017655610684711581 0.012644540433652263 0.0008979887196770148
v 0.0013832051218892055 0.01251679098453029 0.0008469447299783855
v 0.0013424760740867597 0.012504240629930274 0.0008498728678967005
v 0.00425147935079917 0.013441230458675624 0.0011883680192816687
v 0.004224854193131955 0.013400280635258444 0.0008469447299783855
v 0.004122178273490706 0.013417970340993679 0.0011682290393669886
v 0.004122178273490706 0.013417970340993679 0.0011682290393669886
v 0.004224854193131955 0.013400280635258444 0.0008469447299783855
v 0.004047403050975451 0.013369510331978085 0.0008469447299783855
v 0.004122178273490706 0.013417970340993679 0.0011682290393669886
v 0.004047403050975451 0.013369510331978085 0.0008469447299783855
v 0.0039968471041314235 0.013392330805779284 0.001149565036061978
v 0.0039968471041314235 0.013392330805779284 0.001149565036061978
v 0.004047403050975451 0.013369510331978085 0.0008469447299783855
v 0.0038722211769626202 0.013332870163001442 0.0008469447299783855
v 0.0039968471041314235 0.013392330805779284 0.001149565036061978
v 0.0038722211769626202 0.013332870163001442 0.0008469447299783855
v 0.003874676173188235 0.0133643004089401 0.0011322130502600808
v 0.003874676173188235 0.0133643004089401 0.0011322130502600808
v 0.0038722211769626202 0.013332870163001442 0.0008469447299783855
v 0.003695160087620053 0.013289420759082238 0.0008469447299783855
v 0.003874676173188235 0.0133643004089401 0.0011322130502600808
v 0.003695160087620053 0.013289420759082238 0.0008469447299783855
v 0.0037548040742939326 0.013333861030663252 0.001116000109273943
v 0.0037548040742939326 0.013333861030663252 0.001116000109273943
v 0.003695160087620053 0.013289420759082238 0.0008469447299783855
v 0.0035077511546158235 0.01323682084966249 0.0008469447299783855
v 0.0037548040742939326 0.013333861030663252 0.001116000109273943
v 0.0035077511546158235 0.01323682084966249 0.0008469447299783855
v 0.0035182830574292945 0.013265690479939973 0.0010862570324904341
v 0.0035182830574292945 0.013265690479939973 0.0010862570324904341
v 0.0035077511546158235 0.01323682084966249 0.0008469447299783855
v 0.0032949730530787424 0.013170190483033362 0.0008469447299783855
v 0.0035182830574292945 0.013265690479939973 0.0010862570324904341
v 0.0032949730530787424 0.013170190483033362 0.0008469447299783855
v 0.003279587186182792 0.013187680870827001 0.0010587950255708245
v 0.003279587186182792 0.013187680870827001 0.0010587950255708245
v 0.0032949730530787424 0.013170190483033362 0.0008469447299783855
v 0.003017657184880701 0.013075820590245368 0.0008469447299783855
v 0.003279587186182792 0.013187680870827001 0.0010587950255708245
v 0.003017657184880701 0.013075820590245368 0.0008469447299783855
v 0.0030305911549927123 0.013099671032357207 0.0010319800867056306
v 0.0030305911549927123 0.013099671032357207 0.0010319800867056306
v 0.003017657184880701 0.013075820590245368 0.0008469447299783855
v 0.0027629481674268375 0.013001500747237826 0.0010041521072497173
v 0.004886676066760409 0.013467730208164275 0.0008469447299783855
v 0.004828540077670973 0.013464280767997994 0.0008469447299783855
v 0.004822416057757295 0.013510790512943904 0.0012864770308233103
v 0.004822416057757295 0.013510790512943904 0.0012864770308233103
v 0.004828540077670973 0.013464280767997994 0.0008469447299783855
v 0.004690733178730477 0.013454420728772343 0.0008469447299783855
v 0.004822416057757295 0.013510790512943904 0.0012864770308233103
v 0.004690733178730477 0.013454420728772343 0.0008469447299783855
v 0.004524936414111169 0.013480690642739823 0.0012336520542542
v 0.004524936414111169 0.013480690642739823 0.0012336520542542
v 0.004690733178730477 0.013454420728772343 0.0008469447299783855
v 0.004532421327338998 0.013439910573359026 0.0008469447299783855
v 0.004524936414111169 0.013480690642739823 0.0012336520542542
v 0.004532421327338998 0.013439910573359026 0.0008469447299783855
v 0.0043855030235467884 0.013462130232312353 0.0012101311066343295
v 0.0043855030235467884 0.013462130232312353 0.0012101311066343295
v 0.004532421327338998 0.013439910573359026 0.0008469447299783855
v 0.00449932215126736 0.013436401051707958 0.0008469447299783855
v 0.0043855030235467884 0.013462130232312353 0.0012101311066343295
v 0.00449932215126736 0.013436401051707958 0.0008469447299783855
v 0.00425147935079917 0.013441230458675624 0.0011883680192816687
v 0.00425147935079917 0.013441230458675624 0.0011883680192816687
v 0.00449932215126736 0.013436401051707958 0.0008469447299783855
v 0.004312111105693184 0.0134132010155108 0.0008469447299783855
v 0.00425147935079917 0.013441230458675624 0.0011883680192816687
v 0.004312111105693184 0.0134132010155108 0.0008469447299783855
v 0.004224854193131955 0.013400280635258444 0.0008469447299783855
v 0.005147879368198882 0.013531620668352229 0.0013476160212684551
v 0.005151650196625057 0.013478840514478119 0.0008469447299783855
v 0.005087400201202741 0.013476791068274818 0.0008469447299783855
v 0.005151650196625057 0.013478840514478119 0.0008469447299783855
v 0.005147879368198882 0.013531620668352229 0.0013476160212684551
v 0.005293081058140026 0.0134820210184744 0.0008469447299783855
v 0.005293081058140026 0.0134820210184744 0.0008469447299783855
v 0.005147879368198882 0.013531620668352229 0.0013476160212684551
v 0.0055038440457508275 0.013495440170417927 0.0009519458269227621
v 0.005293081058140026 0.0134820210184744 0.0008469447299783855
v 0.0055038440457508275 0.013495440170417927 0.0009519458269227621
v 0.0055038440457508275 0.013483771010928125 0.0008469447299783855
v 0.005438904066927819 0.013742160496162392 0.005534746432930282
v 0.0055038440457508275 0.013735310253222277 0.00501937413214526
v 0.005185994394575899 0.013736070331688555 0.005316608204643247
v 0.004644424182237705 0.013684261018314658 0.004300222124263009
v 0.004509187435702 0.01368308036945487 0.004732855067938191
v 0.004722242102803975 0.01370660084023756 0.004916616196508905
v 0.004644424182237705 0.013684261018314658 0.004300222124263009
v 0.004494361137237779 0.013668920212532298 0.00428465815868001
v 0.004509187435702 0.01368308036945487 0.004732855067938191
v 0.004509187435702 0.01368308036945487 0.004732855067938191
v 0.004494361137237779 0.013668920212532298 0.00428465815868001
v 0.004350487438845307 0.013650951080209084 0.004271671021222334
v 0.004509187435702 0.01368308036945487 0.004732855067938191
v 0.004350487438845307 0.013650951080209084 0.004271671021222334
v 0.00430678435754589 0.013653550796519087 0.004558280207656584
v 0.00430678435754589 0.013653550796519087 0.004558280207656584
v 0.004350487438845307 0.013650951080209084 0.004271671021222334
v 0.0042121669862610345 0.01363035076032193 0.004261158191896097
v 0.00430678435754589 0.013653550796519087 0.004558280207656584
v 0.0042121669862610345 0.01363035076032193 0.004261158191896097
v 0.00413307018837572 0.013621870687897664 0.004408449382363733
v 0.0037820741542482494 0.013537830995795641 0.004105709270938451
v 0.003964818189112207 0.013585050274466659 0.0042633273242317915
v 0.003965241143691622 0.01358407085089719 0.004231855116621219
v 0.003965241143691622 0.01358407085089719 0.004231855116621219
v 0.003964818189112207 0.013585050274466659 0.0042633273242317915
v 0.00413307018837572 0.013621870687897664 0.004408449382363733
v 0.003965241143691622 0.01358407085089719 0.004231855116621219
v 0.00413307018837572 0.013621870687897664 0.004408449382363733
v 0.004078693106782938 0.013607110669801581 0.004253007137126619
v 0.004078693106782938 0.013607110669801581 0.004253007137126619
v 0.00413307018837572 0.013621870687897664 0.004408449382363733
v 0.0042121669862610345 0.01363035076032193 0.004261158191896097
v 0.0037080811831281812 0.013498600647252612 0.0036151332188134877
v 0.003702053245906445 0.013514770196055292 0.004036695195242246
v 0.003957019278600787 0.013558280635133646 0.0036264511877195926
v 0.003672098095786752 0.013505770371103898 0.004010856342086255
v 0.0037080811831281812 0.013498600647252612 0.0036151332188134877
v 0.003502463268698769 0.013451220197614466 0.003864542191002185
v 0.003502463268698769 0.013451220197614466 0.003864542191002185
v 0.0037080811831281812 0.013498600647252612 0.0036151332188134877
v 0.0034646610475123907 0.013428450268554437 0.003610395126165955
v 0.003502463268698769 0.013451220197614466 0.003864542191002185
v 0.0034646610475123907 0.013428450268554437 0.003610395126165955
v 0.0033301662596300907 0.01339015070618843 0.0037159320688923136
v 0.0033301662596300907 0.01339015070618843 0.0037159320688923136
v 0.0034646610475123907 0.013428450268554437 0.003610395126165955
v 0.003218869123759044 0.013347770371228695 0.003610887222136594
v 0.0033301662596300907 0.01339015070618843 0.0037159320688923136
v 0.003218869123759044 0.013347770371228695 0.003610887222136594
v 0.0031538151808498116 0.013322920478385791 0.003563829114432704
v 0.00297579421826219 0.013228200587107053 0.0029686690786873138
v 0.002971923254028036 0.013250040683664421 0.003406949205095322
v 0.003230997239035416 0.013318960822435999 0.0029721411686196852
v 0.002377880209378791 0.013003110549560382 0.002894580024875304
v 0.0025854460036919824 0.013089640285420812 0.0030736030607984854
v 0.0027014221044001363 0.013126870778827349 0.00296672405982662
v 0.0027014221044001363 0.013126870778827349 0.00296672405982662
v 0.0025854460036919824 0.013089640285420812 0.0030736030607984854
v 0.0027829700838136184 0.013172100692779853 0.0032439750781680654
v 0.0027014221044001363 0.013126870778827349 0.00296672405982662
v 0.0027829700838136184 0.013172100692779853 0.0032439750781680654
v 0.002971923254028036 0.013250040683664421 0.003406949205095322
v 0.0027182751993015675 0.013092920925225071 0.0023134652282919
v 0.0020824612176097157 0.012859910622104453 0.002287574161464606
v 0.0020558830284048146 0.012870850220707553 0.0026168531230273684
v 0.0020558830284048146 0.012870850220707553 0.0026168531230273684
v 0.0020824612176097157 0.012859910622104453 0.002287574161464606
v 0.0017029181335576071 0.012727290758017262 0.002269506085426365
v 0.0020558830284048146 0.012870850220707553 0.0026168531230273684
v 0.0017029181335576071 0.012727290758017262 0.002269506085426365
v 0.0016403990571017824 0.012705510742944681 0.0022584940075717763
v 0.004808749427316905 0.01364619033779546 0.0031047760530780733
v 0.004812406291656857 0.013610040357440734 0.0024994980091921915
v 0.004505049442646569 0.01361717098064319 0.0030630980992857326
v 0.004505049442646569 0.01361717098064319 0.0030630980992857326
v 0.004812406291656857 0.013610040357440734 0.0024994980091921915
v 0.0045103852507002995 0.013580720592864526 0.0024544521543914954
v 0.004505049442646569 0.01361717098064319 0.0030630980992857326
v 0.0045103852507002995 0.013580720592864526 0.0024544521543914954
v 0.004362629143981334 0.013598860432898485 0.003045782233900285
v 0.0051408250389453625 0.01366513031061889 0.003156431109623964
v 0.0055038440457508275 0.013637340239718854 0.0025915430823049423
v 0.005142707115298184 0.013629481009304056 0.002553843142693857
v 0.005142707115298184 0.013629481009304056 0.002553843142693857
v 0.0055038440457508275 0.013637340239718854 0.0025915430823049423
v 0.0055038440457508275 0.013595740964061354 0.0020175281529258293
v 0.005142707115298184 0.013629481009304056 0.002553843142693857
v 0.0055038440457508275 0.013595740964061354 0.0020175281529258293
v 0.005144758468850208 0.013585450817698574 0.0019515450927697076
v 0.005144758468850208 0.013585450817698574 0.0019515450927697076
v 0.0055038440457508275 0.013595740964061354 0.0020175281529258293
v 0.0055038440457508275 0.013573031116486112 0.0017443670862938437
v 0.005144758468850208 0.013585450817698574 0.0019515450927697076
v 0.0055038440457508275 0.013573031116486112 0.0017443670862938437
v 0.005147879368198882 0.013531620668352229 0.0013476160212684551
v 0.005147879368198882 0.013531620668352229 0.0013476160212684551
v 0.0055038440457508275 0.013573031116486112 0.0017443670862938437
v 0.0055038440457508275 0.013543220209613627 0.0014175921159770288
v 0.005147879368198882 0.013531620668352229 0.0013476160212684551
v 0.0055038440457508275 0.013543220209613627 0.0014175921159770288
v 0.0055038440457508275 0.013495440170417927 0.0009519458269227621
v 0.004362629143981334 0.013598860432898485 0.003045782233900285
v 0.0045103852507002995 0.013580720592864526 0.0024544521543914954
v 0.004225686274012541 0.013578020740746544 0.0030306731709878187
v 0.004225686274012541 0.013578020740746544 0.0030306731709878187
v 0.0045103852507002995 0.013580720592864526 0.0024544521543914954
v 0.004232627116017018 0.013541470217159901 0.00241796719591722
v 0.004225686274012541 0.013578020740746544 0.0030306731709878187
v 0.004232627116017018 0.013541470217159901 0.00241796719591722
v 0.0040935179747356165 0.013554630923351407 0.0030176490786486265
v 0.0040935179747356165 0.013554630923351407 0.0030176490786486265
v 0.004232627116017018 0.013541470217159901 0.00241796719591722
v 0.0041012432139025945 0.01351810042692636 0.0024026480862265887
v 0.0040935179747356165 0.013554630923351407 0.0030176490786486265
v 0.0041012432139025945 0.01351810042692636 0.0024026480862265887
v 0.003965360114568245 0.013528690980713076 0.0030065702435887187
v 0.0020558830284048146 0.012870850220707553 0.0026168531230273684
v 0.0021588481497962497 0.01291280044853016 0.002705663094286631
v 0.0027182751993015675 0.013092920925225071 0.0023134652282919
v 0.0027182751993015675 0.013092920925225071 0.0023134652282919
v 0.0021588481497962497 0.01291280044853016 0.002705663094286631
v 0.0027014221044001363 0.013126870778827349 0.00296672405982662
v 0.0027182751993015675 0.013092920925225071 0.0023134652282919
v 0.0027014221044001363 0.013126870778827349 0.00296672405982662
v 0.0029907652368107995 0.013193510682200094 0.002324268213042685
v 0.0029907652368107995 0.013193510682200094 0.002324268213042685
v 0.0027014221044001363 0.013126870778827349 0.00296672405982662
v 0.00297579421826219 0.013228200587107053 0.0029686690786873138
v 0.0029907652368107995 0.013193510682200094 0.002324268213042685
v 0.00297579421826219 0.013228200587107053 0.0029686690786873138
v 0.00324423519285022 0.013283631002032337 0.0023357051528254125
v 0.00324423519285022 0.013283631002032337 0.0023357051528254125
v 0.00297579421826219 0.013228200587107053 0.0029686690786873138
v 0.003230997239035416 0.013318960822435999 0.0029721411686196852
v 0.00324423519285022 0.013283631002032337 0.0023357051528254125
v 0.003230997239035416 0.013318960822435999 0.0029721411686196852
v 0.003487152265240212 0.013363390603599035 0.0023493322057797916
v 0.003487152265240212 0.013363390603599035 0.0023493322057797916
v 0.003230997239035416 0.013318960822435999 0.0029721411686196852
v 0.0034755422335608355 0.013399240176529825 0.002978645227766502
v 0.003487152265240212 0.013363390603599035 0.0023493322057797916
v 0.0034755422335608355 0.013399240176529825 0.002978645227766502
v 0.003727758107814616 0.013432890576382528 0.0023666471174908776
v 0.003727758107814616 0.013432890576382528 0.0023666471174908776
v 0.0034755422335608355 0.013399240176529825 0.002978645227766502
v 0.0037177142478557468 0.013469130202127255 0.0029896570672025002
v 0.003727758107814616 0.013432890576382528 0.0023666471174908776
v 0.0037177142478557468 0.013469130202127255 0.0029896570672025002
v 0.0038496562878903573 0.013463821096955653 0.0023771380123067953
v 0.0038496562878903573 0.013463821096955653 0.0023771380123067953
v 0.0037177142478557468 0.013469130202127255 0.0029896570672025002
v 0.003965360114568245 0.013528690980713076 0.0030065702435887187
v 0.0038496562878903573 0.013463821096955653 0.0023771380123067953
v 0.003965360114568245 0.013528690980713076 0.0030065702435887187
v 0.003973860214154107 0.013492220565772817 0.002389088028896119
v 0.003973860214154107 0.013492220565772817 0.002389088028896119
v 0.003965360114568245 0.013528690980713076 0.0030065702435887187
v 0.0041012432139025945 0.01351810042692636 0.0024026480862265887
v 0.0003664661223904894 0.012236510857997485 0.0011597130849448634
v 0.0007960005184598495 0.01238888036444119 0.0015301930439098194
v 0.0008200156482130252 0.01239435064057992 0.0015048831223966885
v 0.0008200156482130252 0.01239435064057992 0.0015048831223966885
v 0.0007960005184598495 0.01238888036444119 0.0015301930439098194
v 0.0012206850631674149 0.012545040726472667 0.0018964861340083072
v 0.0008200156482130252 0.01239435064057992 0.0015048831223966885
v 0.0012206850631674149 0.012545040726472667 0.0018964861340083072
v 0.0013042120360907267 0.012547450661584691 0.0015484541197970103
v 0.0013042120360907267 0.012547450661584691 0.0015484541197970103
v 0.0012206850631674149 0.012545040726472667 0.0018964861340083072
v 0.0016403990571017824 0.012705510742944681 0.0022584940075717763
v 0.0013042120360907267 0.012547450661584691 0.0015484541197970103
v 0.0016403990571017824 0.012705510742944681 0.0022584940075717763
v 0.0017312551367040796 0.012689640647891576 0.0015845371045278278
v 0.0017312551367040796 0.012689640647891576 0.0015845371045278278
v 0.0016403990571017824 0.012705510742944681 0.0022584940075717763
v 0.0017029181335576071 0.012727290758017262 0.002269506085426365
v 0.0017312551367040796 0.012689640647891576 0.0015845371045278278
v 0.0017029181335576071 0.012727290758017262 0.002269506085426365
v 0.002107622008294535 0.012821020735308553 0.0016143691114455655
v 0.002107622008294535 0.012821020735308553 0.0016143691114455655
v 0.0017029181335576071 0.012727290758017262 0.002269506085426365
v 0.0020824612176097157 0.012859910622104453 0.002287574161464606
v 0.002107622008294535 0.012821020735308553 0.0016143691114455655
v 0.0020824612176097157 0.012859910622104453 0.002287574161464606
v 0.0027380260337510343 0.01305178036693555 0.001660839040486875
v 0.0027380260337510343 0.01305178036693555 0.001660839040486875
v 0.0020824612176097157 0.012859910622104453 0.002287574161464606
v 0.0027182751993015675 0.013092920925225071 0.0023134652282919
v 0.0027380260337510343 0.01305178036693555 0.001660839040486875
v 0.0027182751993015675 0.013092920925225071 0.0023134652282919
v 0.003008191251585024 0.01315140023708472 0.001680516084382605
v 0.003008191251585024 0.01315140023708472 0.001680516084382605
v 0.0027182751993015675 0.013092920925225071 0.0023134652282919
v 0.0029907652368107995 0.013193510682200094 0.002324268213042685
v 0.003008191251585024 0.01315140023708472 0.001680516084382605
v 0.0029907652368107995 0.013193510682200094 0.002324268213042685
v 0.0032595271228215428 0.013240670833060686 0.0016999390932702363
v 0.0032595271228215428 0.013240670833060686 0.0016999390932702363
v 0.0029907652368107995 0.013193510682200094 0.002324268213042685
v 0.00324423519285022 0.013283631002032337 0.0023357051528254125
v 0.0032595271228215428 0.013240670833060686 0.0016999390932702363
v 0.00324423519285022 0.013283631002032337 0.0023357051528254125
v 0.0035004541152372504 0.013319720900902277 0.0017206821066837602
v 0.0035004541152372504 0.013319720900902277 0.0017206821066837602
v 0.00324423519285022 0.013283631002032337 0.0023357051528254125
v 0.003487152265240212 0.013363390603599035 0.0023493322057797916
v 0.0035004541152372504 0.013319720900902277 0.0017206821066837602
v 0.003487152265240212 0.013363390603599035 0.0023493322057797916
v 0.0037391681062966253 0.01338866106683545 0.0017442930573215165
v 0.0037391681062966253 0.01338866106683545 0.0017442930573215165
v 0.003487152265240212 0.013363390603599035 0.0023493322057797916
v 0.003727758107814616 0.013432890576382528 0.0023666471174908776
v 0.0037391681062966253 0.01338866106683545 0.0017442930573215165
v 0.003727758107814616 0.013432890576382528 0.0023666471174908776
v 0.0038601431295902378 0.013419380825374638 0.001757629120386281
v 0.0038601431295902378 0.013419380825374638 0.001757629120386281
v 0.003727758107814616 0.013432890576382528 0.0023666471174908776
v 0.0038496562878903573 0.013463821096955653 0.0023771380123067953
v 0.0038601431295902378 0.013419380825374638 0.001757629120386281
v 0.0038496562878903573 0.013463821096955653 0.0023771380123067953
v 0.003983433197396885 0.013447621030573398 0.0017722321398405683
v 0.003983433197396885 0.013447621030573398 0.0017722321398405683
v 0.0038496562878903573 0.013463821096955653 0.0023771380123067953
v 0.003973860214154107 0.013492220565772817 0.002389088028896119
v 0.003983433197396885 0.013447621030573398 0.0017722321398405683
v 0.003973860214154107 0.013492220565772817 0.002389088028896119
v 0.004109904961292765 0.013473390265500984 0.0017882511273033946
v 0.004109904961292765 0.013473390265500984 0.0017882511273033946
v 0.003973860214154107 0.013492220565772817 0.002389088028896119
v 0.0041012432139025945 0.01351810042692636 0.0024026480862265887
v 0.004109904961292765 0.013473390265500984 0.0017882511273033946
v 0.0041012432139025945 0.01351810042692636 0.0024026480862265887
v 0.004240378104391762 0.013496700927924099 0.0018058421277421938
v 0.004240378104391762 0.013496700927924099 0.0018058421277421938
v 0.0041012432139025945 0.01351810042692636 0.0024026480862265887
v 0.004232627116017018 0.013541470217159901 0.00241796719591722
v 0.004240378104391762 0.013496700927924099 0.0018058421277421938
v 0.004232627116017018 0.013541470217159901 0.00241796719591722
v 0.004375609128881297 0.013517560647237636 0.0018251540335666866
v 0.004375609128881297 0.013517560647237636 0.0018251540335666866
v 0.004232627116017018 0.013541470217159901 0.00241796719591722
v 0.0045103852507002995 0.013580720592864526 0.0024544521543914954
v 0.004375609128881297 0.013517560647237636 0.0018251540335666866
v 0.0045103852507002995 0.013580720592864526 0.0024544521543914954
v 0.004516293263371052 0.013535980867533937 0.0018463130874205036
v 0.004516293263371052 0.013535980867533937 0.0018463130874205036
v 0.0045103852507002995 0.013580720592864526 0.0024544521543914954
v 0.004816421260719628 0.013565540958049294 0.001894630045281842
v 0.0013832051218892055 0.01251679098453029 0.0008469447299783855
v 0.0009351536479711847 0.012379110924279901 0.0008469447299783855
v 0.0013424760740867597 0.012504240629930274 0.0008498728678967005
v 0.0013424760740867597 0.012504240629930274 0.0008498728678967005
v 0.0009351536479711847 0.012379110924279901 0.0008469447299783855
v 0.0013042120360907267 0.012547450661584691 0.0015484541197970103
v 0.0013424760740867597 0.012504240629930274 0.0008498728678967005
v 0.0013042120360907267 0.012547450661584691 0.0015484541197970103
v 0.0017655610684711581 0.012644540433652263 0.0008979887196770148
v 0.0017655610684711581 0.012644540433652263 0.0008979887196770148
v 0.0013042120360907267 0.012547450661584691 0.0015484541197970103
v 0.0017312551367040796 0.012689640647891576 0.0015845371045278278
v 0.0017655610684711581 0.012644540433652263 0.0008979887196770148
v 0.0017312551367040796 0.012689640647891576 0.0015845371045278278
v 0.002138427120689096 0.01277409041996913 0.0009387583582444806
v 0.002138427120689096 0.01277409041996913 0.0009387583582444806
v 0.0017312551367040796 0.012689640647891576 0.0015845371045278278
v 0.002107622008294535 0.012821020735308553 0.0016143691114455655
v 0.002138427120689096 0.01277409041996913 0.0009387583582444806
v 0.002107622008294535 0.012821020735308553 0.0016143691114455655
v 0.0027629481674268375 0.013001500747237826 0.0010041521072497173
v 0.0027629481674268375 0.013001500747237826 0.0010041521072497173
v 0.002107622008294535 0.012821020735308553 0.0016143691114455655
v 0.0027380260337510343 0.01305178036693555 0.001660839040486875
v 0.0027629481674268375 0.013001500747237826 0.0010041521072497173
v 0.0027380260337510343 0.01305178036693555 0.001660839040486875
v 0.0030305911549927123 0.013099671032357207 0.0010319800867056306
v 0.0030305911549927123 0.013099671032357207 0.0010319800867056306
v 0.0027380260337510343 0.01305178036693555 0.001660839040486875
v 0.003008191251585024 0.01315140023708472 0.001680516084382605
v 0.0030305911549927123 0.013099671032357207 0.0010319800867056306
v 0.003008191251585024 0.01315140023708472 0.001680516084382605
v 0.003279587186182792 0.013187680870827001 0.0010587950255708245
v 0.003279587186182792 0.013187680870827001 0.0010587950255708245
v 0.003008191251585024 0.01315140023708472 0.001680516084382605
v 0.0032595271228215428 0.013240670833060686 0.0016999390932702363
v 0.003279587186182792 0.013187680870827001 0.0010587950255708245
v 0.0032595271228215428 0.013240670833060686 0.0016999390932702363
v 0.0035182830574292945 0.013265690479939973 0.0010862570324904341
v 0.0035182830574292945 0.013265690479939973 0.0010862570324904341
v 0.0032595271228215428 0.013240670833060686 0.0016999390932702363
v 0.0035004541152372504 0.013319720900902277 0.0017206821066837602
v 0.0035182830574292945 0.013265690479939973 0.0010862570324904341
v 0.0035004541152372504 0.013319720900902277 0.0017206821066837602
v 0.0037548040742939326 0.013333861030663252 0.001116000109273943
v 0.0037548040742939326 0.013333861030663252 0.001116000109273943
v 0.0035004541152372504 0.013319720900902277 0.0017206821066837602
v 0.0037391681062966253 0.01338866106683545 0.0017442930573215165
v 0.0037548040742939326 0.013333861030663252 0.001116000109273943
v 0.0037391681062966253 0.01338866106683545 0.0017442930573215165
v 0.003874676173188235 0.0133643004089401 0.0011322130502600808
v 0.003874676173188235 0.0133643004089401 0.0011322130502600808
v 0.0037391681062966253 0.01338866106683545 0.0017442930573215165
v 0.0038601431295902378 0.013419380825374638 0.001757629120386281
v 0.003874676173188235 0.0133643004089401 0.0011322130502600808
v 0.0038601431295902378 0.013419380825374638 0.001757629120386281
v 0.0039968471041314235 0.013392330805779284 0.001149565036061978
v 0.0039968471041314235 0.013392330805779284 0.001149565036061978
v 0.0038601431295902378 0.013419380825374638 0.001757629120386281
v 0.003983433197396885 0.013447621030573398 0.0017722321398405683
v 0.0039968471041314235 0.013392330805779284 0.001149565036061978
v 0.003983433197396885 0.013447621030573398 0.0017722321398405683
v 0.004122178273490706 0.013417970340993679 0.0011682290393669886
v 0.004122178273490706 0.013417970340993679 0.0011682290393669886
v 0.003983433197396885 0.013447621030573398 0.0017722321398405683
v 0.004109904961292765 0.013473390265500984 0.0017882511273033946
v 0.004122178273490706 0.013417970340993679 0.0011682290393669886
v 0.004109904961292765 0.013473390265500984 0.0017882511273033946
v 0.00425147935079917 0.013441230458675624 0.0011883680192816687
v 0.00425147935079917 0.013441230458675624 0.0011883680192816687
v 0.004109904961292765 0.013473390265500984 0.0017882511273033946
v 0.004240378104391762 0.013496700927924099 0.0018058421277421938
v 0.00425147935079917 0.013441230458675624 0.0011883680192816687
v 0.004240378104391762 0.013496700927924099 0.0018058421277421938
v 0.0043855030235467884 0.013462130232312353 0.0012101311066343295
v 0.0043855030235467884 0.013462130232312353 0.0012101311066343295
v 0.004240378104391762 0.013496700927924099 0.0018058421277421938
v 0.004375609128881297 0.013517560647237636 0.0018251540335666866
v 0.0043855030235467884 0.013462130232312353 0.0012101311066343295
v 0.004375609128881297 0.013517560647237636 0.0018251540335666866
v 0.004524936414111169 0.013480690642739823 0.0012336520542542
v 0.004524936414111169 0.013480690642739823 0.0012336520542542
v 0.004375609128881297 0.013517560647237636 0.0018251540335666866
v 0.004516293263371052 0.013535980867533937 0.0018463130874205036
v 0.004524936414111169 0.013480690642739823 0.0012336520542542
v 0.004516293263371052 0.013535980867533937 0.0018463130874205036
v 0.004822416057757295 0.013510790512943904 0.0012864770308233103
v 0.004822416057757295 0.013510790512943904 0.0012864770308233103
v 0.004516293263371052 0.013535980867533937 0.0018463130874205036
v 0.004816421260719628 0.013565540958049294 0.001894630045281842
v 0.004962884185004124 0.013721960719507154 0.004943624254432344
v 0.005136860137786581 0.013714510615393527 0.004363194196040643
v 0.004798175085994338 0.013712190325671503 0.004924312348607851
v 0.0051352312619767915 0.01372908085229163 0.004965879199337053
v 0.0055038440457508275 0.013723010714979389 0.004471011374165834
v 0.005136860137786581 0.013714510615393527 0.004363194196040643
v 0.005136860137786581 0.013714510615393527 0.004363194196040643
v 0.0055038440457508275 0.013723010714979389 0.004471011374165834
v 0.0055038440457508275 0.013701320345296808 0.0038190111543699723
v 0.005136860137786581 0.013714510615393527 0.004363194196040643
v 0.0055038440457508275 0.013701320345296808 0.0038190111543699723
v 0.0051388223227857854 0.013693310434332862 0.0037597572205100294
v 0.0051388223227857854 0.013693310434332862 0.0037597572205100294
v 0.0055038440457508275 0.013701320345296808 0.0038190111543699723
v 0.0055038440457508275 0.01368776100322211 0.0035008422607024636
v 0.0051388223227857854 0.013693310434332862 0.0037597572205100294
v 0.0055038440457508275 0.01368776100322211 0.0035008422607024636
v 0.0051408250389453625 0.01366513031061889 0.003156431109623964
v 0.0051408250389453625 0.01366513031061889 0.003156431109623964
v 0.0055038440457508275 0.01368776100322211 0.0035008422607024636
v 0.0055038440457508275 0.01367401092627507 0.0032185172179195753
v 0.0051408250389453625 0.01366513031061889 0.003156431109623964
v 0.0055038440457508275 0.01367401092627507 0.0032185172179195753
v 0.0055038440457508275 0.013637340239718854 0.0025915430823049423
v 0.004798175085994338 0.013712190325671503 0.004924312348607851
v 0.005136860137786581 0.013714510615393527 0.004363194196040643
v 0.0048012320891607785 0.013696970636533079 0.004318446364477979
v 0.0048012320891607785 0.013696970636533079 0.004318446364477979
v 0.005136860137786581 0.013714510615393527 0.004363194196040643
v 0.0051388223227857854 0.013693310434332862 0.0037597572205100294
v 0.0048012320891607785 0.013696970636533079 0.004318446364477979
v 0.0051388223227857854 0.013693310434332862 0.0037597572205100294
v 0.0048049290078239215 0.013675030404167732 0.0037114321564166164
v 0.0048049290078239215 0.013675030404167732 0.0037114321564166164
v 0.0051388223227857854 0.013693310434332862 0.0037597572205100294
v 0.0051408250389453625 0.01366513031061889 0.003156431109623964
v 0.0048049290078239215 0.013675030404167732 0.0037114321564166164
v 0.0051408250389453625 0.01366513031061889 0.003156431109623964
v 0.004808749427316905 0.01364619033779546 0.0031047760530780733
v 0.004808749427316905 0.01364619033779546 0.0031047760530780733
v 0.0051408250389453625 0.01366513031061889 0.003156431109623964
v 0.005142707115298184 0.013629481009304056 0.002553843142693857
v 0.004808749427316905 0.01364619033779546 0.0031047760530780733
v 0.005142707115298184 0.013629481009304056 0.002553843142693857
v 0.004812406291656857 0.013610040357440734 0.0024994980091921915
v 0.004812406291656857 0.013610040357440734 0.0024994980091921915
v 0.005142707115298184 0.013629481009304056 0.002553843142693857
v 0.005144758468850208 0.013585450817698574 0.0019515450927697076
v 0.004812406291656857 0.013610040357440734 0.0024994980091921915
v 0.005144758468850208 0.013585450817698574 0.0019515450927697076
v 0.004816421260719628 0.013565540958049294 0.001894630045281842
v 0.004816421260719628 0.013565540958049294 0.001894630045281842
v 0.005144758468850208 0.013585450817698574 0.0019515450927697076
v 0.005147879368198882 0.013531620668352229 0.0013476160212684551
v 0.004816421260719628 0.013565540958049294 0.001894630045281842
v 0.005147879368198882 0.013531620668352229 0.0013476160212684551
v 0.004822416057757295 0.013510790512943904 0.0012864770308233103
v 0.004822416057757295 0.013510790512943904 0.0012864770308233103
v 0.005147879368198882 0.013531620668352229 0.0013476160212684551
v 0.005087400201202741 0.013476791068274818 0.0008469447299783855
v 0.004822416057757295 0.013510790512943904 0.0012864770308233103
v 0.005087400201202741 0.013476791068274818 0.0008469447299783855
v 0.004886676066760409 0.013467730208164275 0.0008469447299783855
v 0.003702053245906445 0.013514770196055292 0.004036695195242246
v 0.0037820741542482494 0.013537830995795641 0.004105709270938451
v 0.003957019278600787 0.013558280635133646 0.0036264511877195926
v 0.003957019278600787 0.013558280635133646 0.0036264511877195926
v 0.0037820741542482494 0.013537830995795641 0.004105709270938451
v 0.003965241143691622 0.01358407085089719 0.004231855116621219
v 0.003957019278600787 0.013558280635133646 0.0036264511877195926
v 0.003965241143691622 0.01358407085089719 0.004231855116621219
v 0.004085853293890607 0.01358421104102836 0.003634967261351013
v 0.004085853293890607 0.01358421104102836 0.003634967261351013
v 0.003965241143691622 0.01358407085089719 0.004231855116621219
v 0.004078693106782938 0.013607110669801581 0.004253007137126619
v 0.004085853293890607 0.01358421104102836 0.003634967261351013
v 0.004078693106782938 0.013607110669801581 0.004253007137126619
v 0.0042187220669862024 0.013607550313682326 0.0036455771270435533
v 0.0042187220669862024 0.013607550313682326 0.0036455771270435533
v 0.004078693106782938 0.013607110669801581 0.004253007137126619
v 0.0042121669862610345 0.01363035076032193 0.004261158191896097
v 0.0042187220669862024 0.013607550313682326 0.0036455771270435533
v 0.0042121669862610345 0.01363035076032193 0.004261158191896097
v 0.004356397358864783 0.01362829082370065 0.003658421213346974
v 0.004356397358864783 0.01362829082370065 0.003658421213346974
v 0.0042121669862610345 0.01363035076032193 0.004261158191896097
v 0.004350487438845307 0.013650951080209084 0.004271671021222334
v 0.004356397358864783 0.01362829082370065 0.003658421213346974
v 0.004350487438845307 0.013650951080209084 0.004271671021222334
v 0.004499582027530924 0.013646450690896206 0.0036736060933711956
v 0.004499582027530924 0.013646450690896206 0.0036736060933711956
v 0.004350487438845307 0.013650951080209084 0.004271671021222334
v 0.004494361137237779 0.013668920212532298 0.00428465815868001
v 0.004499582027530924 0.013646450690896206 0.0036736060933711956
v 0.004494361137237779 0.013668920212532298 0.00428465815868001
v 0.004648909312760796 0.013662030868943353 0.0036912412012492235
v 0.004648909312760796 0.013662030868943353 0.0036912412012492235
v 0.004494361137237779 0.013668920212532298 0.00428465815868001
v 0.004644424182237705 0.013684261018314658 0.004300222124263009
v 0.002971923254028036 0.013250040683664421 0.003406949205095322
v 0.0031538151808498116 0.013322920478385791 0.003563829114432704
v 0.003230997239035416 0.013318960822435999 0.0029721411686196852
v 0.003230997239035416 0.013318960822435999 0.0029721411686196852
v 0.0031538151808498116 0.013322920478385791 0.003563829114432704
v 0.003218869123759044 0.013347770371228695 0.003610887222136594
v 0.003230997239035416 0.013318960822435999 0.0029721411686196852
v 0.003218869123759044 0.013347770371228695 0.003610887222136594
v 0.0034755422335608355 0.013399240176529825 0.002978645227766502
v 0.0034755422335608355 0.013399240176529825 0.002978645227766502
v 0.003218869123759044 0.013347770371228695 0.003610887222136594
v 0.0034646610475123907 0.013428450268554437 0.003610395126165955
v 0.0034755422335608355 0.013399240176529825 0.002978645227766502
v 0.0034646610475123907 0.013428450268554437 0.003610395126165955
v 0.0037177142478557468 0.013469130202127255 0.0029896570672025002
v 0.0037177142478557468 0.013469130202127255 0.0029896570672025002
v 0.0034646610475123907 0.013428450268554437 0.003610395126165955
v 0.0037080811831281812 0.013498600647252612 0.0036151332188134877
v 0.0037177142478557468 0.013469130202127255 0.0029896570672025002
v 0.0037080811831281812 0.013498600647252612 0.0036151332188134877
v 0.003965360114568245 0.013528690980713076 0.0030065702435887187
v 0.003965360114568245 0.013528690980713076 0.0030065702435887187
v 0.0037080811831281812 0.013498600647252612 0.0036151332188134877
v 0.003957019278600787 0.013558280635133646 0.0036264511877195926
v 0.003965360114568245 0.013528690980713076 0.0030065702435887187
v 0.003957019278600787 0.013558280635133646 0.0036264511877195926
v 0.0040935179747356165 0.013554630923351407 0.0030176490786486265
v 0.0040935179747356165 0.013554630923351407 0.0030176490786486265
v 0.003957019278600787 0.013558280635133646 0.0036264511877195926
v 0.004085853293890607 0.01358421104102836 0.003634967261351013
v 0.0040935179747356165 0.013554630923351407 0.0030176490786486265
v 0.004085853293890607 0.01358421104102836 0.003634967261351013
v 0.004225686274012541 0.013578020740746544 0.0030306731709878187
v 0.004225686274012541 0.013578020740746544 0.0030306731709878187
v 0.004085853293890607 0.01358421104102836 0.003634967261351013
v 0.0042187220669862024 0.013607550313682326 0.0036455771270435533
v 0.004225686274012541 0.013578020740746544 0.0030306731709878187
v 0.0042187220669862024 0.013607550313682326 0.0036455771270435533
v 0.004362629143981334 0.013598860432898485 0.003045782233900285
v 0.004362629143981334 0.013598860432898485 0.003045782233900285
v 0.0042187220669862024 0.013607550313682326 0.0036455771270435533
v 0.004356397358864783 0.01362829082370065 0.003658421213346974
v 0.004362629143981334 0.013598860432898485 0.003045782233900285
v 0.004356397358864783 0.01362829082370065 0.003658421213346974
v 0.004505049442646569 0.01361717098064319 0.0030630980992857326
v 0.004505049442646569 0.01361717098064319 0.0030630980992857326
v 0.004356397358864783 0.01362829082370065 0.003658421213346974
v 0.004499582027530924 0.013646450690896206 0.0036736060933711956
v 0.004505049442646569 0.01361717098064319 0.0030630980992857326
v 0.004499582027530924 0.013646450690896206 0.0036736060933711956
v 0.004808749427316905 0.01364619033779546 0.0031047760530780733
v 0.004808749427316905 0.01364619033779546 0.0031047760530780733
v 0.004499582027530924 0.013646450690896206 0.0036736060933711956
v 0.004648909312760796 0.013662030868943353 0.0036912412012492235
v 0.004808749427316905 0.01364619033779546 0.0031047760530780733
v 0.004648909312760796 0.013662030868943353 0.0036912412012492235
v 0.0048049290078239215 0.013675030404167732 0.0037114321564166164
v 0.0048049290078239215 0.013675030404167732 0.0037114321564166164
v 0.004648909312760796 0.013662030868943353 0.0036912412012492235
v 0.004644424182237705 0.013684261018314658 0.004300222124263009
v 0.0048049290078239215 0.013675030404167732 0.0037114321564166164
v 0.004644424182237705 0.013684261018314658 0.004300222124263009
v 0.0048012320891607785 0.013696970636533079 0.004318446364477979
v 0.0048012320891607785 0.013696970636533079 0.004318446364477979
v 0.004644424182237705 0.013684261018314658 0.004300222124263009
v 0.004722242102803975 0.01370660084023756 0.004916616196508905
v 0.0048012320891607785 0.013696970636533079 0.004318446364477979
v 0.004722242102803975 0.01370660084023756 0.004916616196508905
v 0.004798175085994338 0.013712190325671503 0.004924312348607851
v 0.004798175085994338 0.013712190325671503 0.004924312348607851
v 0.004722242102803975 0.01370660084023756 0.004916616196508905
v 0.004947434183507349 0.013724230464488008 0.005110845331710856
v 0.004798175085994338 0.013712190325671503 0.004924312348607851
v 0.004947434183507349 0.013724230464488008 0.005110845331710856
v 0.004962884185004124 0.013721960719507154 0.004943624254432344
v 0.004962884185004124 0.013721960719507154 0.004943624254432344
v 0.004947434183507349 0.013724230464488008 0.005110845331710856
v 0.005185994394575899 0.013736070331688555 0.005316608204643247
v 0.004962884185004124 0.013721960719507154 0.004943624254432344
v 0.005185994394575899 0.013736070331688555 0.005316608204643247
v 0.0051352312619767915 0.01372908085229163 0.004965879199337053
v 0.0051352312619767915 0.01372908085229163 0.004965879199337053
v 0.005185994394575899 0.013736070331688555 0.005316608204643247
v 0.0055038440457508275 0.013735310253222277 0.00501937413214526
v 0.0051352312619767915 0.01372908085229163 0.004965879199337053
v 0.0055038440457508275 0.013735310253222277 0.00501937413214526
v 0.0055038440457508275 0.013723010714979389 0.004471011374165834
v 0.0055038440457508275 0.01368776100322211 0.0035008422607024636
v 0.0055038440457508275 0.013701320345296808 0.0038190111543699723
v 0.005868865291878689 0.013693310434332862 0.0037597572205100294
v 0.005868865291878689 0.013693310434332862 0.0037597572205100294
v 0.0055038440457508275 0.013701320345296808 0.0038190111543699723
v 0.0055038440457508275 0.013723010714979389 0.004471011374165834
v 0.006081424525149759 0.013722860988104602 0.00509258437503296
v 0.006209512528670136 0.013712190325671503 0.004924312348607851
v 0.00604480342966035 0.013721960719507154 0.004943624254432344
v 0.007762474428756327 0.013358280816369028 0.0036426631750313687
v 0.007788819206161202 0.013347770371228695 0.003610887222136594
v 0.007543026328733493 0.013428450268554437 0.003610395126165955
v 0.009083077862148126 0.012817920339958655 0.002503626227085415
v 0.009304769004269686 0.012727290758017262 0.002269506085426365
v 0.00892522758914771 0.012859910622104453 0.002287574161464606
v 0.009944607253349336 0.01248640024364589 0.001760550105746883
v 0.010187670237916668 0.01239435064057992 0.0015048831223966885
v 0.009703475459364452 0.012547450661584691 0.0015484541197970103
v 0.0055038440457508275 0.013483771010928125 0.0008469447299783855
v 0.0055038440457508275 0.013495440170417927 0.0009519458269227621
v 0.005714606079687268 0.0134820210184744 0.0008469447299783855
v 0.005714606079687268 0.0134820210184744 0.0008469447299783855
v 0.0055038440457508275 0.013495440170417927 0.0009519458269227621
v 0.005859808246465592 0.013531620668352229 0.0013476160212684551
v 0.005714606079687268 0.0134820210184744 0.0008469447299783855
v 0.005859808246465592 0.013531620668352229 0.0013476160212684551
v 0.005856037418039417 0.013478840514478119 0.0008469447299783855
v 0.0063169553896083586 0.013454420728772343 0.0008469447299783855
v 0.00617914706015632 0.013464280767997994 0.0008469447299783855
v 0.006185271080069998 0.013510790512943904 0.0012864770308233103
v 0.006185271080069998 0.013510790512943904 0.0012864770308233103
v 0.00617914706015632 0.013464280767997994 0.0008469447299783855
v 0.006121011071066884 0.013467730208164275 0.0008469447299783855
v 0.006185271080069998 0.013510790512943904 0.0012864770308233103
v 0.006121011071066884 0.013467730208164275 0.0008469447299783855
v 0.005859808246465592 0.013531620668352229 0.0013476160212684551
v 0.005859808246465592 0.013531620668352229 0.0013476160212684551
v 0.006121011071066884 0.013467730208164275 0.0008469447299783855
v 0.005920287413461733 0.013476791068274818 0.0008469447299783855
v 0.005859808246465592 0.013531620668352229 0.0013476160212684551
v 0.005920287413461733 0.013476791068274818 0.0008469447299783855
v 0.005856037418039417 0.013478840514478119 0.0008469447299783855
v 0.0063169553896083586 0.013454420728772343 0.0008469447299783855
v 0.006185271080069998 0.013510790512943904 0.0012864770308233103
v 0.006475266287325476 0.013439910573359026 0.0008469447299783855
v 0.006475266287325476 0.013439910573359026 0.0008469447299783855
v 0.006185271080069998 0.013510790512943904 0.0012864770308233103
v 0.006482751200553305 0.013480690642739823 0.0012336520542542
v 0.006475266287325476 0.013439910573359026 0.0008469447299783855
v 0.006482751200553305 0.013480690642739823 0.0012336520542542
v 0.006508365463397114 0.013436401051707958 0.0008469447299783855
v 0.010401270406753538 0.012320980657236635 0.0013666750841778014
v 0.010641210107786292 0.012236520394741102 0.0011597281053160602
v 0.010640640764192355 0.012223810776522681 0.000984720932525364
v 0.010640160112314057 0.01221348057583671 0.0008469447299783855
v 0.010524080776356248 0.012246640787067498 0.0008469447299783855
v 0.010640640764192355 0.012223810776522681 0.000984720932525364
v 0.010640640764192355 0.012223810776522681 0.000984720932525364
v 0.010524080776356248 0.012246640787067498 0.0008469447299783855
v 0.010051710606214792 0.012385360352372143 0.0008469447299783855
v 0.010640640764192355 0.012223810776522681 0.000984720932525364
v 0.010051710606214792 0.012385360352372143 0.0008469447299783855
v 0.010401270406753538 0.012320980657236635 0.0013666750841778014
v 0.009276432477960395 0.012689640647891576 0.0015845371045278278
v 0.00950795218805367 0.012651010160522058 0.0021371689857874188
v 0.009703475459364452 0.012547450661584691 0.0015484541197970103
v 0.009703475459364452 0.012547450661584691 0.0015484541197970103
v 0.00950795218805367 0.012651010160522058 0.0021371689857874188
v 0.009723910793587032 0.012568760515196953 0.0019509050580637094
v 0.009703475459364452 0.012547450661584691 0.0015484541197970103
v 0.009723910793587032 0.012568760515196953 0.0019509050580637094
v 0.009944607253349336 0.01248640024364589 0.001760550105746883
v 0.008289411938525726 0.013092920925225071 0.0023134652282919
v 0.008649106436506293 0.012995100638596435 0.0028779360230776763
v 0.00892522758914771 0.012859910622104453 0.002287574161464606
v 0.00892522758914771 0.012859910622104453 0.002287574161464606
v 0.008649106436506293 0.012995100638596435 0.0028779360230776763
v 0.008938175625956557 0.01287638057833107 0.0026286100205584473
v 0.00892522758914771 0.012859910622104453 0.002287574161464606
v 0.008938175625956557 0.01287638057833107 0.0026286100205584473
v 0.009083077862148126 0.012817920339958655 0.002503626227085415
v 0.007776690375629058 0.013318960822435999 0.0029721411686196852
v 0.008022784614155065 0.01325533071534879 0.00341814009689273
v 0.008031893157983694 0.013228200587107053 0.0029686690786873138
v 0.008031893157983694 0.013228200587107053 0.0029686690786873138
v 0.008022784614155065 0.01325533071534879 0.00341814009689273
v 0.008202129753593912 0.013181490570545185 0.0032634591222148457
v 0.008031893157983694 0.013228200587107053 0.0029686690786873138
v 0.008202129753593912 0.013181490570545185 0.0032634591222148457
v 0.00830626622552011 0.013126870778827349 0.00296672405982662
v 0.0072996061931177025 0.013498600647252612 0.0036151332188134877
v 0.00738687931814308 0.013489910766468771 0.0039666151500282465
v 0.007543026328733493 0.013428450268554437 0.003610395126165955
v 0.007543026328733493 0.013428450268554437 0.003610395126165955
v 0.00738687931814308 0.013489910766468771 0.0039666151500282465
v 0.007564589382888787 0.013430770558276461 0.003813341083452465
v 0.007543026328733493 0.013428450268554437 0.003610395126165955
v 0.007564589382888787 0.013430770558276461 0.003813341083452465
v 0.007762474428756327 0.013358280816369028 0.0036426631750313687
v 0.007050668097645096 0.013558280635133646 0.0036264511877195926
v 0.007218189105510364 0.013539900469160537 0.004112117008974736
v 0.0072996061931177025 0.013498600647252612 0.0036151332188134877
v 0.0072996061931177025 0.013498600647252612 0.0036151332188134877
v 0.007218189105510364 0.013539900469160537 0.004112117008974736
v 0.007305590499737391 0.013514790223216888 0.004036732388542352
v 0.0072996061931177025 0.013498600647252612 0.0036151332188134877
v 0.007305590499737391 0.013514790223216888 0.004036732388542352
v 0.00738687931814308 0.013489910766468771 0.0039666151500282465
v 0.006206456479178057 0.013696970636533079 0.004318446364477979
v 0.006266303360072389 0.01370837085985288 0.004933126207058713
v 0.006363263432426769 0.013684261018314658 0.004300222124263009
v 0.006363263432426769 0.013684261018314658 0.004300222124263009
v 0.006266303360072389 0.01370837085985288 0.004933126207058713
v 0.006447579213256505 0.013689360315126686 0.004776776063829258
v 0.006363263432426769 0.013684261018314658 0.004300222124263009
v 0.006447579213256505 0.013689360315126686 0.004776776063829258
v 0.006513326477426695 0.013668920212532298 0.00428465815868001
v 0.006513326477426695 0.013668920212532298 0.00428465815868001
v 0.006447579213256505 0.013689360315126686 0.004776776063829258
v 0.006625460462550137 0.013665440254786443 0.004623346071495338
v 0.006513326477426695 0.013668920212532298 0.00428465815868001
v 0.006625460462550137 0.013665440254786443 0.004623346071495338
v 0.006657200175819167 0.013650951080209084 0.004271671021222334
v 0.006657200175819167 0.013650951080209084 0.004271671021222334
v 0.006625460462550137 0.013665440254786443 0.004623346071495338
v 0.006800227488215627 0.013636200598856618 0.004472613070256315
v 0.006657200175819167 0.013650951080209084 0.004271671021222334
v 0.006800227488215627 0.013636200598856618 0.004472613070256315
v 0.006795520151566259 0.01363035076032193 0.004261158191896097
v 0.006795520151566259 0.01363035076032193 0.004261158191896097
v 0.006800227488215627 0.013636200598856618 0.004472613070256315
v 0.00687024816720061 0.013622750929333516 0.004412219257115546
v 0.006795520151566259 0.01363035076032193 0.004261158191896097
v 0.00687024816720061 0.013622750929333516 0.004412219257115546
v 0.006928994507881536 0.013607110669801581 0.004253007137126619
v 0.006928994507881536 0.013607110669801581 0.004253007137126619
v 0.00687024816720061 0.013622750929333516 0.004412219257115546
v 0.007051787234508555 0.013582920719616975 0.004255638324690558
v 0.006928994507881536 0.013607110669801581 0.004253007137126619
v 0.007051787234508555 0.013582920719616975 0.004255638324690558
v 0.007058397151509521 0.013581230808648037 0.00424708434250326
v 0.006081424525149759 0.013722860988104602 0.00509258437503296
v 0.00604480342966035 0.013721960719507154 0.004943624254432344
v 0.005892787259567656 0.013733210262277806 0.005255289327371626
v 0.005892787259567656 0.013733210262277806 0.005255289327371626
v 0.00604480342966035 0.013721960719507154 0.004943624254432344
v 0.005872456352687683 0.01372908085229163 0.004965879199337053
v 0.005892787259567656 0.013733210262277806 0.005255289327371626
v 0.005872456352687683 0.01372908085229163 0.004965879199337053
v 0.005700285228634749 0.013739761051468347 0.005421318311698009
v 0.0061912663539448465 0.013565540958049294 0.001894630045281842
v 0.005862929145814266 0.013585450817698574 0.0019515450927697076
v 0.00586498049936629 0.013629481009304056 0.002553843142693857
v 0.00586498049936629 0.013629481009304056 0.002553843142693857
v 0.005862929145814266 0.013585450817698574 0.0019515450927697076
v 0.0055038440457508275 0.013637340239718854 0.0025915430823049423
v 0.00586498049936629 0.013629481009304056 0.002553843142693857
v 0.0055038440457508275 0.013637340239718854 0.0025915430823049423
v 0.0055038440457508275 0.01367401092627507 0.0032185172179195753
v 0.0055038440457508275 0.013543220209613627 0.0014175921159770288
v 0.0055038440457508275 0.013573031116486112 0.0017443670862938437
v 0.005862929145814266 0.013585450817698574 0.0019515450927697076
v 0.005862929145814266 0.013585450817698574 0.0019515450927697076
v 0.0055038440457508275 0.013573031116486112 0.0017443670862938437
v 0.0055038440457508275 0.013595740964061354 0.0020175281529258293
v 0.005862929145814266 0.013585450817698574 0.0019515450927697076
v 0.0055038440457508275 0.013595740964061354 0.0020175281529258293
v 0.0055038440457508275 0.013637340239718854 0.0025915430823049423
v 0.0055038440457508275 0.013495440170417927 0.0009519458269227621
v 0.0055038440457508275 0.013543220209613627 0.0014175921159770288
v 0.005859808246465592 0.013531620668352229 0.0013476160212684551
v 0.005859808246465592 0.013531620668352229 0.0013476160212684551
v 0.0055038440457508275 0.013543220209613627 0.0014175921159770288
v 0.005862929145814266 0.013585450817698574 0.0019515450927697076
v 0.005859808246465592 0.013531620668352229 0.0013476160212684551
v 0.005862929145814266 0.013585450817698574 0.0019515450927697076
v 0.006185271080069998 0.013510790512943904 0.0012864770308233103
v 0.006185271080069998 0.013510790512943904 0.0012864770308233103
v 0.005862929145814266 0.013585450817698574 0.0019515450927697076
v 0.0061912663539448465 0.013565540958049294 0.001894630045281842
v 0.006185271080069998 0.013510790512943904 0.0012864770308233103
v 0.0061912663539448465 0.013565540958049294 0.001894630045281842
v 0.006482751200553305 0.013480690642739823 0.0012336520542542
v 0.00669557650897129 0.0134132010155108 0.0008469447299783855
v 0.006508365463397114 0.013436401051707958 0.0008469447299783855
v 0.006622184114280505 0.013462130232312353 0.0012101311066343295
v 0.006622184114280505 0.013462130232312353 0.0012101311066343295
v 0.006508365463397114 0.013436401051707958 0.0008469447299783855
v 0.006482751200553305 0.013480690642739823 0.0012336520542542
v 0.006622184114280505 0.013462130232312353 0.0012101311066343295
v 0.006482751200553305 0.013480690642739823 0.0012336520542542
v 0.0064913943512934225 0.013535980867533937 0.0018463130874205036
v 0.0064913943512934225 0.013535980867533937 0.0018463130874205036
v 0.006482751200553305 0.013480690642739823 0.0012336520542542
v 0.0061912663539448465 0.013565540958049294 0.001894630045281842
v 0.0064913943512934225 0.013535980867533937 0.0018463130874205036
v 0.0061912663539448465 0.013565540958049294 0.001894630045281842
v 0.006195281323007618 0.013610040357440734 0.0024994980091921915
v 0.006195281323007618 0.013610040357440734 0.0024994980091921915
v 0.0061912663539448465 0.013565540958049294 0.001894630045281842
v 0.00586498049936629 0.013629481009304056 0.002553843142693857
v 0.006195281323007618 0.013610040357440734 0.0024994980091921915
v 0.00586498049936629 0.013629481009304056 0.002553843142693857
v 0.005866862098881931 0.01366513031061889 0.003156431109623964
v 0.005866862098881931 0.01366513031061889 0.003156431109623964
v 0.00586498049936629 0.013629481009304056 0.002553843142693857
v 0.0055038440457508275 0.01367401092627507 0.0032185172179195753
v 0.006497302363964175 0.013580720592864526 0.0024544521543914954
v 0.006775060498647456 0.013541470217159901 0.00241796719591722
v 0.006632078485783177 0.013517560647237636 0.0018251540335666866
v 0.006198938187347569 0.01364619033779546 0.0031047760530780733
v 0.006502638172017905 0.01361717098064319 0.0030630980992857326
v 0.006497302363964175 0.013580720592864526 0.0024544521543914954
v 0.006497302363964175 0.013580720592864526 0.0024544521543914954
v 0.006502638172017905 0.01361717098064319 0.0030630980992857326
v 0.006645058470683141 0.013598860432898485 0.003045782233900285
v 0.006497302363964175 0.013580720592864526 0.0024544521543914954
v 0.006645058470683141 0.013598860432898485 0.003045782233900285
v 0.006775060498647456 0.013541470217159901 0.00241796719591722
v 0.006775060498647456 0.013541470217159901 0.00241796719591722
v 0.006645058470683141 0.013598860432898485 0.003045782233900285
v 0.006782001340651933 0.013578020740746544 0.0030306731709878187
v 0.006775060498647456 0.013541470217159901 0.00241796719591722
v 0.006782001340651933 0.013578020740746544 0.0030306731709878187
v 0.00690644440076188 0.01351810042692636 0.0024026480862265887
v 0.00690644440076188 0.01351810042692636 0.0024026480862265887
v 0.006782001340651933 0.013578020740746544 0.0030306731709878187
v 0.006914169163091677 0.013554630923351407 0.0030176490786486265
v 0.00690644440076188 0.01351810042692636 0.0024026480862265887
v 0.006914169163091677 0.013554630923351407 0.0030176490786486265
v 0.007033827162091777 0.013492220565772817 0.002389088028896119
v 0.007033827162091777 0.013492220565772817 0.002389088028896119
v 0.006914169163091677 0.013554630923351407 0.0030176490786486265
v 0.007042327261677639 0.013528690980713076 0.0030065702435887187
v 0.007033827162091777 0.013492220565772817 0.002389088028896119
v 0.007042327261677639 0.013528690980713076 0.0030065702435887187
v 0.007158031326774117 0.013463821096955653 0.0023771380123067953
v 0.007158031326774117 0.013463821096955653 0.0023771380123067953
v 0.007042327261677639 0.013528690980713076 0.0030065702435887187
v 0.007289973128390137 0.013469130202127255 0.0029896570672025002
v 0.008202129753593912 0.013181490570545185 0.0032634591222148457
v 0.008649106436506293 0.012995100638596435 0.0028779360230776763
v 0.00830626622552011 0.013126870778827349 0.00296672405982662
v 0.00830626622552011 0.013126870778827349 0.00296672405982662
v 0.008649106436506293 0.012995100638596435 0.0028779360230776763
v 0.008289411938525726 0.013092920925225071 0.0023134652282919
v 0.00830626622552011 0.013126870778827349 0.00296672405982662
v 0.008289411938525726 0.013092920925225071 0.0023134652282919
v 0.008031893157983694 0.013228200587107053 0.0029686690786873138
v 0.008031893157983694 0.013228200587107053 0.0029686690786873138
v 0.008289411938525726 0.013092920925225071 0.0023134652282919
v 0.008016922377853675 0.013193510682200094 0.002324268213042685
v 0.008031893157983694 0.013228200587107053 0.0029686690786873138
v 0.008016922377853675 0.013193510682200094 0.002324268213042685
v 0.007776690375629058 0.013318960822435999 0.0029721411686196852
v 0.007776690375629058 0.013318960822435999 0.0029721411686196852
v 0.008016922377853675 0.013193510682200094 0.002324268213042685
v 0.007763452421814254 0.013283631002032337 0.0023357051528254125
v 0.007776690375629058 0.013318960822435999 0.0029721411686196852
v 0.007763452421814254 0.013283631002032337 0.0023357051528254125
v 0.007532145381103639 0.013399240176529825 0.002978645227766502
v 0.007532145381103639 0.013399240176529825 0.002978645227766502
v 0.007763452421814254 0.013283631002032337 0.0023357051528254125
v 0.007520535349424262 0.013363390603599035 0.0023493322057797916
v 0.007532145381103639 0.013399240176529825 0.002978645227766502
v 0.007520535349424262 0.013363390603599035 0.0023493322057797916
v 0.007289973128390137 0.013469130202127255 0.0029896570672025002
v 0.007289973128390137 0.013469130202127255 0.0029896570672025002
v 0.007520535349424262 0.013363390603599035 0.0023493322057797916
v 0.007279929506849858 0.013432890576382528 0.0023666471174908776
v 0.007289973128390137 0.013469130202127255 0.0029896570672025002
v 0.007279929506849858 0.013432890576382528 0.0023666471174908776
v 0.007158031326774117 0.013463821096955653 0.0023771380123067953
v 0.009083077862148126 0.012817920339958655 0.002503626227085415
v 0.00950795218805367 0.012651010160522058 0.0021371689857874188
v 0.009304769004269686 0.012727290758017262 0.002269506085426365
v 0.009304769004269686 0.012727290758017262 0.002269506085426365
v 0.00950795218805367 0.012651010160522058 0.0021371689857874188
v 0.009276432477960395 0.012689640647891576 0.0015845371045278278
v 0.009304769004269686 0.012727290758017262 0.002269506085426365
v 0.009276432477960395 0.012689640647891576 0.0015845371045278278
v 0.00892522758914771 0.012859910622104453 0.002287574161464606
v 0.00892522758914771 0.012859910622104453 0.002287574161464606
v 0.009276432477960395 0.012689640647891576 0.0015845371045278278
v 0.00890006584478853 0.012821020735308553 0.0016143691114455655
v 0.00892522758914771 0.012859910622104453 0.002287574161464606
v 0.00890006584478853 0.012821020735308553 0.0016143691114455655
v 0.008289411938525726 0.013092920925225071 0.0023134652282919
v 0.008289411938525726 0.013092920925225071 0.0023134652282919
v 0.00890006584478853 0.012821020735308553 0.0016143691114455655
v 0.00826966134249485 0.01305178036693555 0.001660839040486875
v 0.008289411938525726 0.013092920925225071 0.0023134652282919
v 0.00826966134249485 0.01305178036693555 0.001660839040486875
v 0.008016922377853675 0.013193510682200094 0.002324268213042685
v 0.008016922377853675 0.013193510682200094 0.002324268213042685
v 0.00826966134249485 0.01305178036693555 0.001660839040486875
v 0.00799949636307945 0.01315140023708472 0.001680516084382605
v 0.008016922377853675 0.013193510682200094 0.002324268213042685
v 0.00799949636307945 0.01315140023708472 0.001680516084382605
v 0.007763452421814254 0.013283631002032337 0.0023357051528254125
v 0.007763452421814254 0.013283631002032337 0.0023357051528254125
v 0.00799949636307945 0.01315140023708472 0.001680516084382605
v 0.007748160253424341 0.013240670833060686 0.0016999390932702363
v 0.007763452421814254 0.013283631002032337 0.0023357051528254125
v 0.007748160253424341 0.013240670833060686 0.0016999390932702363
v 0.007520535349424262 0.013363390603599035 0.0023493322057797916
v 0.007520535349424262 0.013363390603599035 0.0023493322057797916
v 0.007748160253424341 0.013240670833060686 0.0016999390932702363
v 0.007507233499427224 0.013319720900902277 0.0017206821066837602
v 0.007520535349424262 0.013363390603599035 0.0023493322057797916
v 0.007507233499427224 0.013319720900902277 0.0017206821066837602
v 0.007279929506849858 0.013432890576382528 0.0023666471174908776
v 0.007279929506849858 0.013432890576382528 0.0023666471174908776
v 0.007507233499427224 0.013319720900902277 0.0017206821066837602
v 0.0072685192699492585 0.01338866106683545 0.0017442930573215165
v 0.007279929506849858 0.013432890576382528 0.0023666471174908776
v 0.0072685192699492585 0.01338866106683545 0.0017442930573215165
v 0.007158031326774117 0.013463821096955653 0.0023771380123067953
v 0.007158031326774117 0.013463821096955653 0.0023771380123067953
v 0.0072685192699492585 0.01338866106683545 0.0017442930573215165
v 0.007147544246655646 0.013419380825374638 0.001757629120386281
v 0.007158031326774117 0.013463821096955653 0.0023771380123067953
v 0.007147544246655646 0.013419380825374638 0.001757629120386281
v 0.007033827162091777 0.013492220565772817 0.002389088028896119
v 0.007033827162091777 0.013492220565772817 0.002389088028896119
v 0.007147544246655646 0.013419380825374638 0.001757629120386281
v 0.007024254178848999 0.013447621030573398 0.0017722321398405683
v 0.007033827162091777 0.013492220565772817 0.002389088028896119
v 0.007024254178848999 0.013447621030573398 0.0017722321398405683
v 0.00690644440076188 0.01351810042692636 0.0024026480862265887
v 0.00690644440076188 0.01351810042692636 0.0024026480862265887
v 0.007024254178848999 0.013447621030573398 0.0017722321398405683
v 0.006897782176534528 0.013473390265500984 0.0017882511273033946
v 0.00690644440076188 0.01351810042692636 0.0024026480862265887
v 0.006897782176534528 0.013473390265500984 0.0017882511273033946
v 0.006775060498647456 0.013541470217159901 0.00241796719591722
v 0.006775060498647456 0.013541470217159901 0.00241796719591722
v 0.006897782176534528 0.013473390265500984 0.0017882511273033946
v 0.006767309510272712 0.013496700927924099 0.0018058421277421938
v 0.006775060498647456 0.013541470217159901 0.00241796719591722
v 0.006767309510272712 0.013496700927924099 0.0018058421277421938
v 0.006632078485783177 0.013517560647237636 0.0018251540335666866
v 0.009944607253349336 0.01248640024364589 0.001760550105746883
v 0.010401270406753538 0.012320980657236635 0.0013666750841778014
v 0.010187670237916668 0.01239435064057992 0.0015048831223966885
v 0.010187670237916668 0.01239435064057992 0.0015048831223966885
v 0.010401270406753538 0.012320980657236635 0.0013666750841778014
v 0.010051710606214792 0.012385360352372143 0.0008469447299783855
v 0.010187670237916668 0.01239435064057992 0.0015048831223966885
v 0.010051710606214792 0.012385360352372143 0.0008469447299783855
v 0.009703475459364452 0.012547450661584691 0.0015484541197970103
v 0.009703475459364452 0.012547450661584691 0.0015484541197970103
v 0.010051710606214792 0.012385360352372143 0.0008469447299783855
v 0.009624575118397649 0.01252114069329402 0.0008978918621246543
v 0.009703475459364452 0.012547450661584691 0.0015484541197970103
v 0.009624575118397649 0.01252114069329402 0.0008978918621246543
v 0.009276432477960395 0.012689640647891576 0.0015845371045278278
v 0.009276432477960395 0.012689640647891576 0.0015845371045278278
v 0.009624575118397649 0.01252114069329402 0.0008978918621246543
v 0.009242126903821202 0.012644540433652263 0.0008979887196770148
v 0.009276432477960395 0.012689640647891576 0.0015845371045278278
v 0.009242126903821202 0.012644540433652263 0.0008979887196770148
v 0.00890006584478853 0.012821020735308553 0.0016143691114455655
v 0.00890006584478853 0.012821020735308553 0.0016143691114455655
v 0.009242126903821202 0.012644540433652263 0.0008979887196770148
v 0.008869260255556788 0.01277409041996913 0.0009387583582444806
v 0.00890006584478853 0.012821020735308553 0.0016143691114455655
v 0.008869260255556788 0.01277409041996913 0.0009387583582444806
v 0.00826966134249485 0.01305178036693555 0.001660839040486875
v 0.00826966134249485 0.01305178036693555 0.001660839040486875
v 0.008869260255556788 0.01277409041996913 0.0009387583582444806
v 0.008244738970400456 0.013001500747237826 0.0010041521072497173
v 0.00826966134249485 0.01305178036693555 0.001660839040486875
v 0.008244738970400456 0.013001500747237826 0.0010041521072497173
v 0.00799949636307945 0.01315140023708472 0.001680516084382605
v 0.00799949636307945 0.01315140023708472 0.001680516084382605
v 0.008244738970400456 0.013001500747237826 0.0010041521072497173
v 0.007977096459671762 0.013099671032357207 0.0010319800867056306
v 0.00799949636307945 0.01315140023708472 0.001680516084382605
v 0.007977096459671762 0.013099671032357207 0.0010319800867056306
v 0.007748160253424341 0.013240670833060686 0.0016999390932702363
v 0.007748160253424341 0.013240670833060686 0.0016999390932702363
v 0.007977096459671762 0.013099671032357207 0.0010319800867056306
v 0.007728100190063092 0.013187680870827001 0.0010587950255708245
v 0.007748160253424341 0.013240670833060686 0.0016999390932702363
v 0.007728100190063092 0.013187680870827001 0.0010587950255708245
v 0.007507233499427224 0.013319720900902277 0.0017206821066837602
v 0.007507233499427224 0.013319720900902277 0.0017206821066837602
v 0.007728100190063092 0.013187680870827001 0.0010587950255708245
v 0.00748940455723518 0.013265690479939973 0.0010862570324904341
v 0.007507233499427224 0.013319720900902277 0.0017206821066837602
v 0.00748940455723518 0.013265690479939973 0.0010862570324904341
v 0.0072685192699492585 0.01338866106683545 0.0017442930573215165
v 0.0072685192699492585 0.01338866106683545 0.0017442930573215165
v 0.00748940455723518 0.013265690479939973 0.0010862570324904341
v 0.007252883301951951 0.013333861030663252 0.001116000109273943
v 0.0072685192699492585 0.01338866106683545 0.0017442930573215165
v 0.007252883301951951 0.013333861030663252 0.001116000109273943
v 0.007147544246655646 0.013419380825374638 0.001757629120386281
v 0.007147544246655646 0.013419380825374638 0.001757629120386281
v 0.007252883301951951 0.013333861030663252 0.001116000109273943
v 0.007133011203057649 0.0133643004089401 0.0011322130502600808
v 0.007147544246655646 0.013419380825374638 0.001757629120386281
v 0.007133011203057649 0.0133643004089401 0.0011322130502600808
v 0.007024254178848999 0.013447621030573398 0.0017722321398405683
v 0.007024254178848999 0.013447621030573398 0.0017722321398405683
v 0.007133011203057649 0.0133643004089401 0.0011322130502600808
v 0.00701084027211446 0.013392330805779284 0.001149565036061978
v 0.007024254178848999 0.013447621030573398 0.0017722321398405683
v 0.00701084027211446 0.013392330805779284 0.001149565036061978
v 0.006897782176534528 0.013473390265500984 0.0017882511273033946
v 0.006897782176534528 0.013473390265500984 0.0017882511273033946
v 0.00701084027211446 0.013392330805779284 0.001149565036061978
v 0.006885509341173768 0.013417970340993679 0.0011682290393669886
v 0.006897782176534528 0.013473390265500984 0.0017882511273033946
v 0.006885509341173768 0.013417970340993679 0.0011682290393669886
v 0.006767309510272712 0.013496700927924099 0.0018058421277421938
v 0.006767309510272712 0.013496700927924099 0.0018058421277421938
v 0.006885509341173768 0.013417970340993679 0.0011682290393669886
v 0.006756208263865304 0.013441230458675624 0.0011883680192816687
v 0.006767309510272712 0.013496700927924099 0.0018058421277421938
v 0.006756208263865304 0.013441230458675624 0.0011883680192816687
v 0.006632078485783177 0.013517560647237636 0.0018251540335666866
v 0.006081424525149759 0.013722860988104602 0.00509258437503296
v 0.006266303360072389 0.01370837085985288 0.004933126207058713
v 0.006209512528670136 0.013712190325671503 0.004924312348607851
v 0.006209512528670136 0.013712190325671503 0.004924312348607851
v 0.006266303360072389 0.01370837085985288 0.004933126207058713
v 0.006206456479178057 0.013696970636533079 0.004318446364477979
v 0.006209512528670136 0.013712190325671503 0.004924312348607851
v 0.006206456479178057 0.013696970636533079 0.004318446364477979
v 0.00604480342966035 0.013721960719507154 0.004943624254432344
v 0.00604480342966035 0.013721960719507154 0.004943624254432344
v 0.006206456479178057 0.013696970636533079 0.004318446364477979
v 0.005870827476877893 0.013714510615393527 0.004363194196040643
v 0.00604480342966035 0.013721960719507154 0.004943624254432344
v 0.005870827476877893 0.013714510615393527 0.004363194196040643
v 0.005872456352687683 0.01372908085229163 0.004965879199337053
v 0.005872456352687683 0.01372908085229163 0.004965879199337053
v 0.005870827476877893 0.013714510615393527 0.004363194196040643
v 0.0055038440457508275 0.013735310253222277 0.00501937413214526
v 0.005872456352687683 0.01372908085229163 0.004965879199337053
v 0.0055038440457508275 0.013735310253222277 0.00501937413214526
v 0.005700285228634749 0.013739761051468347 0.005421318311698009
v 0.005700285228634749 0.013739761051468347 0.005421318311698009
v 0.0055038440457508275 0.013735310253222277 0.00501937413214526
v 0.0055038440457508275 0.0137427803844975 0.005590752390332854
v 0.010051710606214792 0.012385360352372143 0.0008469447299783855
v 0.009604676702840709 0.012523030875878916 0.0008469447299783855
v 0.009624575118397649 0.01252114069329402 0.0008978918621246543
v 0.009624575118397649 0.01252114069329402 0.0008978918621246543
v 0.009604676702840709 0.012523030875878916 0.0008469447299783855
v 0.009175865609170053 0.012661841040247923 0.0008469447299783855
v 0.009624575118397649 0.01252114069329402 0.0008978918621246543
v 0.009175865609170053 0.012661841040247923 0.0008469447299783855
v 0.009242126903821202 0.012644540433652263 0.0008979887196770148
v 0.009242126903821202 0.012644540433652263 0.0008979887196770148
v 0.009175865609170053 0.012661841040247923 0.0008469447299783855
v 0.008751952587021106 0.012805980336950129 0.0008469447299783855
v 0.009242126903821202 0.012644540433652263 0.0008979887196770148
v 0.008751952587021106 0.012805980336950129 0.0008469447299783855
v 0.008869260255556788 0.01277409041996913 0.0009387583582444806
v 0.008869260255556788 0.01277409041996913 0.0009387583582444806
v 0.008751952587021106 0.012805980336950129 0.0008469447299783855
v 0.008612383297860182 0.012854820862036043 0.0008469447299783855
v 0.008869260255556788 0.01277409041996913 0.0009387583582444806
v 0.008612383297860182 0.012854820862036043 0.0008469447299783855
v 0.008244738970400456 0.013001500747237826 0.0010041521072497173
v 0.008244738970400456 0.013001500747237826 0.0010041521072497173
v 0.008612383297860182 0.012854820862036043 0.0008469447299783855
v 0.007989213369274384 0.013076110507251326 0.0008469447299783855
v 0.008244738970400456 0.013001500747237826 0.0010041521072497173
v 0.007989213369274384 0.013076110507251326 0.0008469447299783855
v 0.007977096459671762 0.013099671032357207 0.0010319800867056306
v 0.007977096459671762 0.013099671032357207 0.0010319800867056306
v 0.007989213369274384 0.013076110507251326 0.0008469447299783855
v 0.007712502369040253 0.013170261054936128 0.0008469447299783855
v 0.007977096459671762 0.013099671032357207 0.0010319800867056306
v 0.007712502369040253 0.013170261054936128 0.0008469447299783855
v 0.007728100190063092 0.013187680870827001 0.0010587950255708245
v 0.007728100190063092 0.013187680870827001 0.0010587950255708245
v 0.007712502369040253 0.013170261054936128 0.0008469447299783855
v 0.007499869226006151 0.013236840876824085 0.0008469447299783855
v 0.007728100190063092 0.013187680870827001 0.0010587950255708245
v 0.007499869226006151 0.013236840876824085 0.0008469447299783855
v 0.00748940455723518 0.013265690479939973 0.0010862570324904341
v 0.00748940455723518 0.013265690479939973 0.0010862570324904341
v 0.007499869226006151 0.013236840876824085 0.0008469447299783855
v 0.007312511314580272 0.013289430295825855 0.0008469447299783855
v 0.00748940455723518 0.013265690479939973 0.0010862570324904341
v 0.007312511314580272 0.013289430295825855 0.0008469447299783855
v 0.007252883301951951 0.013333861030663252 0.001116000109273943
v 0.007252883301951951 0.013333861030663252 0.001116000109273943
v 0.007312511314580272 0.013289430295825855 0.0008469447299783855
v 0.007135469298724939 0.013332870163001442 0.0008469447299783855
v 0.007252883301951951 0.013333861030663252 0.001116000109273943
v 0.007135469298724939 0.013332870163001442 0.0008469447299783855
v 0.007133011203057649 0.0133643004089401 0.0011322130502600808
v 0.007133011203057649 0.0133643004089401 0.0011322130502600808
v 0.007135469298724939 0.013332870163001442 0.0008469447299783855
v 0.006960291239409555 0.013369500795234468 0.0008469447299783855
v 0.007133011203057649 0.0133643004089401 0.0011322130502600808
v 0.006960291239409555 0.013369500795234468 0.0008469447299783855
v 0.00701084027211446 0.013392330805779284 0.001149565036061978
v 0.00701084027211446 0.013392330805779284 0.001149565036061978
v 0.006960291239409555 0.013369500795234468 0.0008469447299783855
v 0.006782833421532519 0.013400280635258444 0.0008469447299783855
v 0.00701084027211446 0.013392330805779284 0.001149565036061978
v 0.006782833421532519 0.013400280635258444 0.0008469447299783855
v 0.006885509341173768 0.013417970340993679 0.0011682290393669886
v 0.006885509341173768 0.013417970340993679 0.0011682290393669886
v 0.006782833421532519 0.013400280635258444 0.0008469447299783855
v 0.00669557650897129 0.0134132010155108 0.0008469447299783855
v 0.006885509341173768 0.013417970340993679 0.0011682290393669886
v 0.00669557650897129 0.0134132010155108 0.0008469447299783855
v 0.006756208263865304 0.013441230458675624 0.0011883680192816687
v 0.006756208263865304 0.013441230458675624 0.0011883680192816687
v 0.00669557650897129 0.0134132010155108 0.0008469447299783855
v 0.006622184114280505 0.013462130232312353 0.0012101311066343295
v 0.006756208263865304 0.013441230458675624 0.0011883680192816687
v 0.006622184114280505 0.013462130232312353 0.0012101311066343295
v 0.006632078485783177 0.013517560647237636 0.0018251540335666866
v 0.006632078485783177 0.013517560647237636 0.0018251540335666866
v 0.006622184114280505 0.013462130232312353 0.0012101311066343295
v 0.0064913943512934225 0.013535980867533937 0.0018463130874205036
v 0.006632078485783177 0.013517560647237636 0.0018251540335666866
v 0.0064913943512934225 0.013535980867533937 0.0018463130874205036
v 0.006497302363964175 0.013580720592864526 0.0024544521543914954
v 0.006497302363964175 0.013580720592864526 0.0024544521543914954
v 0.0064913943512934225 0.013535980867533937 0.0018463130874205036
v 0.006195281323007618 0.013610040357440734 0.0024994980091921915
v 0.006497302363964175 0.013580720592864526 0.0024544521543914954
v 0.006195281323007618 0.013610040357440734 0.0024994980091921915
v 0.006198938187347569 0.01364619033779546 0.0031047760530780733
v 0.006198938187347569 0.01364619033779546 0.0031047760530780733
v 0.006195281323007618 0.013610040357440734 0.0024994980091921915
v 0.005866862098881931 0.01366513031061889 0.003156431109623964
v 0.006198938187347569 0.01364619033779546 0.0031047760530780733
v 0.005866862098881931 0.01366513031061889 0.003156431109623964
v 0.005868865291878689 0.013693310434332862 0.0037597572205100294
v 0.005868865291878689 0.013693310434332862 0.0037597572205100294
v 0.005866862098881931 0.01366513031061889 0.003156431109623964
v 0.0055038440457508275 0.01367401092627507 0.0032185172179195753
v 0.005868865291878689 0.013693310434332862 0.0037597572205100294
v 0.0055038440457508275 0.01367401092627507 0.0032185172179195753
v 0.0055038440457508275 0.01368776100322211 0.0035008422607024636
v 0.007051787234508555 0.013582920719616975 0.004255638324690558
v 0.007218189105510364 0.013539900469160537 0.004112117008974736
v 0.007058397151509521 0.013581230808648037 0.00424708434250326
v 0.007058397151509521 0.013581230808648037 0.00424708434250326
v 0.007218189105510364 0.013539900469160537 0.004112117008974736
v 0.007050668097645096 0.013558280635133646 0.0036264511877195926
v 0.007058397151509521 0.013581230808648037 0.00424708434250326
v 0.007050668097645096 0.013558280635133646 0.0036264511877195926
v 0.006928994507881536 0.013607110669801581 0.004253007137126619
v 0.006928994507881536 0.013607110669801581 0.004253007137126619
v 0.007050668097645096 0.013558280635133646 0.0036264511877195926
v 0.0069218343207738675 0.01358421104102836 0.003634967261351013
v 0.006928994507881536 0.013607110669801581 0.004253007137126619
v 0.0069218343207738675 0.01358421104102836 0.003634967261351013
v 0.006795520151566259 0.01363035076032193 0.004261158191896097
v 0.006795520151566259 0.01363035076032193 0.004261158191896097
v 0.0069218343207738675 0.01358421104102836 0.003634967261351013
v 0.006788965547678272 0.013607550313682326 0.0036455771270435533
v 0.006795520151566259 0.01363035076032193 0.004261158191896097
v 0.006788965547678272 0.013607550313682326 0.0036455771270435533
v 0.006657200175819167 0.013650951080209084 0.004271671021222334
v 0.006657200175819167 0.013650951080209084 0.004271671021222334
v 0.006788965547678272 0.013607550313682326 0.0036455771270435533
v 0.006651290255799691 0.01362829082370065 0.003658421213346974
v 0.006657200175819167 0.013650951080209084 0.004271671021222334
v 0.006651290255799691 0.01362829082370065 0.003658421213346974
v 0.006513326477426695 0.013668920212532298 0.00428465815868001
v 0.006513326477426695 0.013668920212532298 0.00428465815868001
v 0.006651290255799691 0.01362829082370065 0.003658421213346974
v 0.006508105110296369 0.013646450690896206 0.0036736060933711956
v 0.006513326477426695 0.013668920212532298 0.00428465815868001
v 0.006508105110296369 0.013646450690896206 0.0036736060933711956
v 0.006363263432426769 0.013684261018314658 0.004300222124263009
v 0.006363263432426769 0.013684261018314658 0.004300222124263009
v 0.006508105110296369 0.013646450690896206 0.0036736060933711956
v 0.00635877925557804 0.013662030868943353 0.0036912412012492235
v 0.006363263432426769 0.013684261018314658 0.004300222124263009
v 0.00635877925557804 0.013662030868943353 0.0036912412012492235
v 0.006206456479178057 0.013696970636533079 0.004318446364477979
v 0.006206456479178057 0.013696970636533079 0.004318446364477979
v 0.00635877925557804 0.013662030868943353 0.0036912412012492235
v 0.006202758130003372 0.013675030404167732 0.0037114321564166164
v 0.006206456479178057 0.013696970636533079 0.004318446364477979
v 0.006202758130003372 0.013675030404167732 0.0037114321564166164
v 0.005870827476877893 0.013714510615393527 0.004363194196040643
v 0.007762474428756327 0.013358280816369028 0.0036426631750313687
v 0.008022784614155065 0.01325533071534879 0.00341814009689273
v 0.007788819206161202 0.013347770371228695 0.003610887222136594
v 0.007788819206161202 0.013347770371228695 0.003610887222136594
v 0.008022784614155065 0.01325533071534879 0.00341814009689273
v 0.007776690375629058 0.013318960822435999 0.0029721411686196852
v 0.007788819206161202 0.013347770371228695 0.003610887222136594
v 0.007776690375629058 0.013318960822435999 0.0029721411686196852
v 0.007543026328733493 0.013428450268554437 0.003610395126165955
v 0.007543026328733493 0.013428450268554437 0.003610395126165955
v 0.007776690375629058 0.013318960822435999 0.0029721411686196852
v 0.007532145381103639 0.013399240176529825 0.002978645227766502
v 0.007543026328733493 0.013428450268554437 0.003610395126165955
v 0.007532145381103639 0.013399240176529825 0.002978645227766502
v 0.0072996061931177025 0.013498600647252612 0.0036151332188134877
v 0.0072996061931177025 0.013498600647252612 0.0036151332188134877
v 0.007532145381103639 0.013399240176529825 0.002978645227766502
v 0.007289973128390137 0.013469130202127255 0.0029896570672025002
v 0.0072996061931177025 0.013498600647252612 0.0036151332188134877
v 0.007289973128390137 0.013469130202127255 0.0029896570672025002
v 0.007050668097645096 0.013558280635133646 0.0036264511877195926
v 0.007050668097645096 0.013558280635133646 0.0036264511877195926
v 0.007289973128390137 0.013469130202127255 0.0029896570672025002
v 0.007042327261677639 0.013528690980713076 0.0030065702435887187
v 0.007050668097645096 0.013558280635133646 0.0036264511877195926
v 0.007042327261677639 0.013528690980713076 0.0030065702435887187
v 0.0069218343207738675 0.01358421104102836 0.003634967261351013
v 0.0069218343207738675 0.01358421104102836 0.003634967261351013
v 0.007042327261677639 0.013528690980713076 0.0030065702435887187
v 0.006914169163091677 0.013554630923351407 0.0030176490786486265
v 0.0069218343207738675 0.01358421104102836 0.003634967261351013
v 0.006914169163091677 0.013554630923351407 0.0030176490786486265
v 0.006788965547678272 0.013607550313682326 0.0036455771270435533
v 0.006788965547678272 0.013607550313682326 0.0036455771270435533
v 0.006914169163091677 0.013554630923351407 0.0030176490786486265
v 0.006782001340651933 0.013578020740746544 0.0030306731709878187
v 0.006788965547678272 0.013607550313682326 0.0036455771270435533
v 0.006782001340651933 0.013578020740746544 0.0030306731709878187
v 0.006651290255799691 0.01362829082370065 0.003658421213346974
v 0.006651290255799691 0.01362829082370065 0.003658421213346974
v 0.006782001340651933 0.013578020740746544 0.0030306731709878187
v 0.006645058470683141 0.013598860432898485 0.003045782233900285
v 0.006651290255799691 0.01362829082370065 0.003658421213346974
v 0.006645058470683141 0.013598860432898485 0.003045782233900285
v 0.006508105110296369 0.013646450690896206 0.0036736060933711956
v 0.006508105110296369 0.013646450690896206 0.0036736060933711956
v 0.006645058470683141 0.013598860432898485 0.003045782233900285
v 0.006502638172017905 0.01361717098064319 0.0030630980992857326
v 0.006508105110296369 0.013646450690896206 0.0036736060933711956
v 0.006502638172017905 0.01361717098064319 0.0030630980992857326
v 0.00635877925557804 0.013662030868943353 0.0036912412012492235
v 0.00635877925557804 0.013662030868943353 0.0036912412012492235
v 0.006502638172017905 0.01361717098064319 0.0030630980992857326
v 0.006198938187347569 0.01364619033779546 0.0031047760530780733
v 0.00635877925557804 0.013662030868943353 0.0036912412012492235
v 0.006198938187347569 0.01364619033779546 0.0031047760530780733
v 0.006202758130003372 0.013675030404167732 0.0037114321564166164
v 0.006202758130003372 0.013675030404167732 0.0037114321564166164
v 0.006198938187347569 0.01364619033779546 0.0031047760530780733
v 0.005868865291878689 0.013693310434332862 0.0037597572205100294
v 0.006202758130003372 0.013675030404167732 0.0037114321564166164
v 0.005868865291878689 0.013693310434332862 0.0037597572205100294
v 0.005870827476877893 0.013714510615393527 0.004363194196040643
v 0.005870827476877893 0.013714510615393527 0.004363194196040643
v 0.005868865291878689 0.013693310434332862 0.0037597572205100294
v 0.0055038440457508275 0.013723010714979389 0.004471011374165834
v 0.005870827476877893 0.013714510615393527 0.004363194196040643
v 0.0055038440457508275 0.013723010714979389 0.004471011374165834
v 0.0055038440457508275 0.013735310253222277 0.00501937413214526
v 0.010835250415464626 0.01211755047179297 0.000992357718395294
v 0.010823960818370781 0.012127240756982238 0.0009919479364429995
v 0.010816610850065134 0.012134500126223524 0.0010084360124824887
v 0.010640160112314057 0.01221348057583671 0.0008469447299783855
v 0.010640640764192355 0.012223810776522681 0.000984720932525364
v 0.010645730524260766 0.012222330673913318 0.0009848326316349784
v 0.010640160112314057 0.01221348057583671 0.0008469447299783855
v 0.010645730524260766 0.012222330673913318 0.0009848326316349784
v 0.010645250826056829 0.012212000473227347 0.0008469447299783855
v 0.010645250826056829 0.012212000473227347 0.0008469447299783855
v 0.010645730524260766 0.012222330673913318 0.0009848326316349784
v 0.010663310557444405 0.012216790779546183 0.0009852424731919204
v 0.010645250826056829 0.012212000473227347 0.0008469447299783855
v 0.010663310557444405 0.012216790779546183 0.0009852424731919204
v 0.01066319039447483 0.01220633087914702 0.0008469447299783855
v 0.01066319039447483 0.01220633087914702 0.0008469447299783855
v 0.010663310557444405 0.012216790779546183 0.0009852424731919204
v 0.010680690319012087 0.012210600479264366 0.000985704468815518
v 0.01066319039447483 0.01220633087914702 0.0008469447299783855
v 0.010680690319012087 0.012210600479264366 0.000985704468815518
v 0.01068563035220571 0.012198160750890308 0.0008469447299783855
v 0.01068563035220571 0.012198160750890308 0.0008469447299783855
v 0.010680690319012087 0.012210600479264366 0.000985704468815518
v 0.010697830708314982 0.012203770263485847 0.0009862185589011238
v 0.01068563035220571 0.012198160750890308 0.0008469447299783855
v 0.010697830708314982 0.012203770263485847 0.0009862185589011238
v 0.010697360546854662 0.012193390471733068 0.0008469447299783855
v 0.010697360546854662 0.012193390471733068 0.0008469447299783855
v 0.010697830708314982 0.012203770263485847 0.0009862185589011238
v 0.010707490475924675 0.012189000708646147 0.0008469447299783855
v 0.010707490475924675 0.012189000708646147 0.0008469447299783855
v 0.010697830708314982 0.012203770263485847 0.0009862185589011238
v 0.010714730771678727 0.012196310622628603 0.0009867772332631392
v 0.010707490475924675 0.012189000708646147 0.0008469447299783855
v 0.010714730771678727 0.012196310622628603 0.0009867772332631392
v 0.010714260610218407 0.012185910803714228 0.0008469447299783855
v 0.010714260610218407 0.012185910803714228 0.0008469447299783855
v 0.010714730771678727 0.012196310622628603 0.0009867772332631392
v 0.010731340918036514 0.01218823013976189 0.0009873807303201546
v 0.010714260610218407 0.012185910803714228 0.0008469447299783855
v 0.010731340918036514 0.01218823013976189 0.0009873807303201546
v 0.01072878030237534 0.012178860289158155 0.0008469447299783855
v 0.01072878030237534 0.012178860289158155 0.0008469447299783855
v 0.010731340918036514 0.01218823013976189 0.0009873807303201546
v 0.010747660193713982 0.012179530722234433 0.0009880364410484732
v 0.01072878030237534 0.012178860289158155 0.0008469447299783855
v 0.010747660193713982 0.012179530722234433 0.0009880364410484732
v 0.010749520812393665 0.012167770963680269 0.0008469447299783855
v 0.010749520812393665 0.012167770963680269 0.0008469447299783855
v 0.010747660193713982 0.012179530722234433 0.0009880364410484732
v 0.010763650451736662 0.012170230489859102 0.0009887293450768983
v 0.010749520812393665 0.012167770963680269 0.0008469447299783855
v 0.010763650451736662 0.012170230489859102 0.0009887293450768983
v 0.010763210807855916 0.012159730535136748 0.0008469447299783855
v 0.010763210807855916 0.012159730535136748 0.0008469447299783855
v 0.010763650451736662 0.012170230489859102 0.0009887293450768983
v 0.010769690071469329 0.012155710797702168 0.0008469447299783855
v 0.010769690071469329 0.012155710797702168 0.0008469447299783855
v 0.010763650451736662 0.012170230489859102 0.0009887293450768983
v 0.010779300248012214 0.012160340886728238 0.0009894744627766267
v 0.010769690071469329 0.012155710797702168 0.0008469447299783855
v 0.010779300248012214 0.012160340886728238 0.0009894744627766267
v 0.010778870140875085 0.012149790387264714 0.0008469447299783855
v 0.010778870140875085 0.012149790387264714 0.0008469447299783855
v 0.010779300248012214 0.012160340886728238 0.0009894744627766267
v 0.01078932050453063 0.012142700772059811 0.0008469447299783855
v 0.01078932050453063 0.012142700772059811 0.0008469447299783855
v 0.010779300248012214 0.012160340886728238 0.0009894744627766267
v 0.010794590509053403 0.012149870495911097 0.0009902567737764614
v 0.01078932050453063 0.012142700772059811 0.0008469447299783855
v 0.010794590509053403 0.012149870495911097 0.0009902567737764614
v 0.010791560685606272 0.012141131024060448 0.0008469447299783855
v 0.010791560685606272 0.012141131024060448 0.0008469447299783855
v 0.010794590509053403 0.012149870495911097 0.0009902567737764614
v 0.010809480226862678 0.012138830761500019 0.0009910837286573534
v 0.010791560685606272 0.012141131024060448 0.0008469447299783855
v 0.010809480226862678 0.012138830761500019 0.0009910837286573534
v 0.01081097081989002 0.01212672100445511 0.0008469447299783855
v 0.01081097081989002 0.01212672100445511 0.0008469447299783855
v 0.010809480226862678 0.012138830761500019 0.0009910837286573534
v 0.010823960818370781 0.012127240756982238 0.0009919479364429995
v 0.01081097081989002 0.01212672100445511 0.0008469447299783855
v 0.010823960818370781 0.012127240756982238 0.0009919479364429995
v 0.010823550738395249 0.012116560557805522 0.0008469447299783855
v 0.010823550738395249 0.012116560557805522 0.0008469447299783855
v 0.010823960818370781 0.012127240756982238 0.0009919479364429995
v 0.01082948068557632 0.012111540415965516 0.0008469447299783855
v 0.01082948068557632 0.012111540415965516 0.0008469447299783855
v 0.010823960818370781 0.012127240756982238 0.0009919479364429995
v 0.010835250415464626 0.01211755047179297 0.000992357718395294
v 0.01082948068557632 0.012111540415965516 0.0008469447299783855
v 0.010835250415464626 0.01211755047179297 0.000992357718395294
v 0.010837610759509841 0.012104380228857847 0.0008469447299783855
v 0.010837610759509841 0.012104380228857847 0.0008469447299783855
v 0.010835250415464626 0.01211755047179297 0.000992357718395294
v 0.010847120800244747 0.012095610239427623 0.0008469447299783855
v 0.010847120800244747 0.012095610239427623 0.0008469447299783855
v 0.010835250415464626 0.01211755047179297 0.000992357718395294
v 0.010852840939066244 0.012100020983350501 0.00097718833557945
v 0.010847120800244747 0.012095610239427623 0.0008469447299783855
v 0.010852840939066244 0.012100020983350501 0.00097718833557945
v 0.01085122064632571 0.012091680147383044 0.0008469447299783855
v 0.01085122064632571 0.012091680147383044 0.0008469447299783855
v 0.010852840939066244 0.012100020983350501 0.00097718833557945
v 0.010869410077426478 0.012081960298288563 0.0009628981213158014
v 0.01085122064632571 0.012091680147383044 0.0008469447299783855
v 0.010869410077426478 0.012081960298288563 0.0009628981213158014
v 0.010863900700638918 0.012078950502003027 0.0008469447299783855
v 0.010863900700638918 0.012078950502003027 0.0008469447299783855
v 0.010869410077426478 0.012081960298288563 0.0009628981213158014
v 0.010877250234354041 0.012072830773623977 0.0009561330534171159
v 0.010863900700638918 0.012078950502003027 0.0008469447299783855
v 0.010877250234354041 0.012072830773623977 0.0009561330534171159
v 0.01087983087717681 0.012061560250017367 0.0008469447299783855
v 0.01087983087717681 0.012061560250017367 0.0008469447299783855
v 0.010877250234354041 0.012072830773623977 0.0009561330534171159
v 0.010884990255473626 0.012063400841535454 0.0009494573328851924
v 0.01087983087717681 0.012061560250017367 0.0008469447299783855
v 0.010884990255473626 0.012063400841535454 0.0009494573328851924
v 0.010889140646295759 0.012050600624252672 0.0008469447299783855
v 0.010889140646295759 0.012050600624252672 0.0008469447299783855
v 0.010884990255473626 0.012063400841535454 0.0009494573328851924
v 0.01089493040334566 0.012043450927562982 0.0008469447299783855
v 0.01089493040334566 0.012043450927562982 0.0008469447299783855
v 0.010884990255473626 0.012063400841535454 0.0009494573328851924
v 0.01089960054669492 0.012044350242486068 0.0009368584601020247
v 0.01089493040334566 0.012043450927562982 0.0008469447299783855
v 0.01089960054669492 0.012044350242486068 0.0009368584601020247
v 0.010900750677975135 0.012035970305869781 0.0008469447299783855
v 0.010900750677975135 0.012035970305869781 0.0008469447299783855
v 0.01089960054669492 0.012044350242486068 0.0009368584601020247
v 0.01091326097825196 0.012024840926068703 0.0009250715218285521
v 0.010900750677975135 0.012035970305869781 0.0008469447299783855
v 0.01091326097825196 0.012024840926068703 0.0009250715218285521
v 0.010910490554231211 0.01202279052619104 0.0008469447299783855
v 0.010910490554231211 0.01202279052619104 0.0008469447299783855
v 0.01091326097825196 0.012024840926068703 0.0009250715218285521
v 0.010919120353530265 0.012015890692184117 0.0009200200279439047
v 0.010910490554231211 0.01202279052619104 0.0008469447299783855
v 0.010919120353530265 0.012015890692184117 0.0009200200279439047
v 0.010924080413885484 0.012002720449248994 0.0008469447299783855
v 0.010924080413885484 0.012002720449248994 0.0008469447299783855
v 0.010919120353530265 0.012015890692184117 0.0009200200279439047
v 0.010926000160375593 0.012004870984934635 0.0009140894251117096
v 0.010924080413885484 0.012002720449248994 0.0008469447299783855
v 0.010926000160375593 0.012004870984934635 0.0009140894251117096
v 0.010929110092469108 0.011994730565446643 0.0008469447299783855
v 0.010967680498353838 0.011918240159591864 0.0008469447299783855
v 0.010963570161854896 0.011928180307463898 0.0008469447299783855
v 0.010965070291625856 0.01192719039347645 0.0008803904474712076
v 0.010965070291625856 0.01192719039347645 0.0008803904474712076
v 0.010963570161854896 0.011928180307463898 0.0008469447299783855
v 0.010958360238816911 0.011939980120341254 0.0008469447299783855
v 0.010965070291625856 0.01192719039347645 0.0008803904474712076
v 0.010958360238816911 0.011939980120341254 0.0008469447299783855
v 0.0109570107895951 0.011946020693748283 0.000887341839498311
v 0.0109570107895951 0.011946020693748283 0.000887341839498311
v 0.010958360238816911 0.011939980120341254 0.0008469447299783855
v 0.01094799093748211 0.011961300464371494 0.0008469447299783855
v 0.0109570107895951 0.011946020693748283 0.000887341839498311
v 0.01094799093748211 0.011961300464371494 0.0008469447299783855
v 0.01094813017393892 0.011964740367794158 0.000895001036715741
v 0.01094813017393892 0.011964740367794158 0.000895001036715741
v 0.01094799093748211 0.011961300464371494 0.0008469447299783855
v 0.01093658022374433 0.011982220265169818 0.0008469447299783855
v 0.01094813017393892 0.011964740367794158 0.000895001036715741
v 0.01093658022374433 0.011982220265169818 0.0008469447299783855
v 0.010938420815262417 0.01198334083254482 0.0009033829402853993
v 0.010938420815262417 0.01198334083254482 0.0009033829402853993
v 0.01093658022374433 0.011982220265169818 0.0008469447299783855
v 0.010929110092469108 0.011994730565446643 0.0008469447299783855
v 0.010938420815262417 0.01198334083254482 0.0009033829402853993
v 0.010929110092469108 0.011994730565446643 0.0008469447299783855
v 0.010927830261475702 0.012001830671069524 0.000912509961554786
v 0.010927830261475702 0.012001830671069524 0.000912509961554786
v 0.010929110092469108 0.011994730565446643 0.0008469447299783855
v 0.010926000160375593 0.012004870984934635 0.0009140894251117096
v 0.010967680498353838 0.011918240159591864 0.0008469447299783855
v 0.010965070291625856 0.01192719039347645 0.0008803904474712076
v 0.01097061018599299 0.011910760491573025 0.0008469447299783855
v 0.01097061018599299 0.011910760491573025 0.0008469447299783855
v 0.010965070291625856 0.01192719039347645 0.0008803904474712076
v 0.0109723506417031 0.011908250420653022 0.0008741096673343246
v 0.01097061018599299 0.011910760491573025 0.0008469447299783855
v 0.0109723506417031 0.011908250420653022 0.0008741096673343246
v 0.010975960299162146 0.011896110146028538 0.0008469447299783855
v 0.010975960299162146 0.011896110146028538 0.0008469447299783855
v 0.0109723506417031 0.011908250420653022 0.0008741096673343246
v 0.010978860422896086 0.011889180748116401 0.0008684918696927682
v 0.010975960299162146 0.011896110146028538 0.0008469447299783855
v 0.010978860422896086 0.011889180748116401 0.0008684918696927682
v 0.010977010294634382 0.011893080322581406 0.0008469447299783855
v 0.010977010294634382 0.011893080322581406 0.0008469447299783855
v 0.010978860422896086 0.011889180748116401 0.0008684918696927682
v 0.010984620616040774 0.011870000449353824 0.0008635297231748829
v 0.010977010294634382 0.011893080322581406 0.0008469447299783855
v 0.010984620616040774 0.011870000449353824 0.0008635297231748829
v 0.010983810946507688 0.0118715101158684 0.0008469447299783855
v 0.010983810946507688 0.0118715101158684 0.0008469447299783855
v 0.010984620616040774 0.011870000449353824 0.0008635297231748829
v 0.010985890910290563 0.011865370360327754 0.0008624345473797618
v 0.010983810946507688 0.0118715101158684 0.0008469447299783855
v 0.010985890910290563 0.011865370360327754 0.0008624345473797618
v 0.010989990756371526 0.011848220434281242 0.0008469447299783855
v 0.010985890910290563 0.011865370360327754 0.0008624345473797618
v 0.010987810656780672 0.01185805090960168 0.0008607805184086825
v 0.010989990756371526 0.011848220434281242 0.0008469447299783855
v 0.010989990756371526 0.011848220434281242 0.0008469447299783855
v 0.010987810656780672 0.01185805090960168 0.0008607805184086825
v 0.010990500972155037 0.01184697016719305 0.0008584559371520306
v 0.010989990756371526 0.011848220434281242 0.0008469447299783855
v 0.010990500972155037 0.01184697016719305 0.0008584559371520306
v 0.010992180392705997 0.011838680829641124 0.0008469447299783855
v 0.010992180392705997 0.011838680829641124 0.0008469447299783855
v 0.010990500972155037 0.01184697016719305 0.0008584559371520306
v 0.010992180392705997 0.011839440908107401 0.0008570030142619756
v 0.010992180392705997 0.011838680829641124 0.0008469447299783855
v 0.010992180392705997 0.011839440908107401 0.0008570030142619756
v 0.010995010898211532 0.011824850644047702 0.0008469447299783855
v 0.010995010898211532 0.011824850644047702 0.0008469447299783855
v 0.010992180392705997 0.011839440908107401 0.0008570030142619756
v 0.010994390056202064 0.011828670109866324 0.0008551031161195197
v 0.010994390056202064 0.011828670109866324 0.0008551031161195197
v 0.010995870158811427 0.011820700253225569 0.0008538216161959808
v 0.010995010898211532 0.011824850644047702 0.0008469447299783855
v 0.010995010898211532 0.011824850644047702 0.0008469447299783855
v 0.010995870158811427 0.011820700253225569 0.0008538216161959808
v 0.01099759058735994 0.01181046065160396 0.0008523390697960653
v 0.010995010898211532 0.011824850644047702 0.0008469447299783855
v 0.01099759058735994 0.01181046065160396 0.0008523390697960653
v 0.010998890445514942 0.0118013902547498 0.0008469447299783855
v 0.01099759058735994 0.01181046065160396 0.0008523390697960653
v 0.010998870418353346 0.011801870906628098 0.0008512363242106982
v 0.010998890445514942 0.0118013902547498 0.0008469447299783855
v 0.010998890445514942 0.0118013902547498 0.0008469447299783855
v 0.010998870418353346 0.011801870906628098 0.0008512363242106982
v 0.011000120685441539 0.01179232081157 0.0008501559303681835
v 0.010998890445514942 0.0118013902547498 0.0008469447299783855
v 0.011000120685441539 0.01179232081157 0.0008501559303681835
v 0.011001650379117711 0.011777860247223493 0.0008469447299783855
v 0.011000120685441539 0.01179232081157 0.0008501559303681835
v 0.011001170680913774 0.011782970988127861 0.0008492544696777835
v 0.011001650379117711 0.011777860247223493 0.0008469447299783855
v 0.011001650379117711 0.011777860247223493 0.0008469447299783855
v 0.011001170680913774 0.011782970988127861 0.0008492544696777835
v 0.01100199084086484 0.01177423056260285 0.0008485466644874567
v 0.011001650379117711 0.011777860247223493 0.0008469447299783855
v 0.01100199084086484 0.01177423056260285 0.0008485466644874567
v 0.011002760456074734 0.01176395090665805 0.0008469447299783855
v 0.011002760456074734 0.01176395090665805 0.0008469447299783855
v 0.011003210590373458 0.01175619085837687 0.0008474886223877945
v 0.011003310726181437 0.011754240594307186 0.0008469447299783855
v 0.011003310726181437 0.011754240594307186 0.0008469447299783855
v 0.011003210590373458 0.01175619085837687 0.0008474886223877945
v 0.011003790424385373 0.011738170227638123 0.0008469895526733856
v 0.011003310726181437 0.011754240594307186 0.0008469447299783855
v 0.011003790424385373 0.011738170227638123 0.0008469895526733856
v 0.011003840969126544 0.011730980476625241 0.0008469447299783855
v 0.010816610850065134 0.012134500126223524 0.0010084360124824887
v 0.010823960818370781 0.012127240756982238 0.0009919479364429995
v 0.010814160860629918 0.012136610607585974 0.0010105450633333957
v 0.010814160860629918 0.012136610607585974 0.0010105450633333957
v 0.010823960818370781 0.012127240756982238 0.0009919479364429995
v 0.010809480226862678 0.012138830761500019 0.0009910837286573534
v 0.010814160860629918 0.012136610607585974 0.0010105450633333957
v 0.010809480226862678 0.012138830761500019 0.0009910837286573534
v 0.010809530771603848 0.01214055023637417 0.0010145460849086269
v 0.010809530771603848 0.01214055023637417 0.0010145460849086269
v 0.010809480226862678 0.012138830761500019 0.0009910837286573534
v 0.010794590509053403 0.012149870495911097 0.0009902567737764614
v 0.010809530771603848 0.01214055023637417 0.0010145460849086269
v 0.010794590509053403 0.012149870495911097 0.0009902567737764614
v 0.01079231027365457 0.012154410939547167 0.001029402066487356
v 0.01079231027365457 0.012154410939547167 0.001029402066487356
v 0.010794590509053403 0.012149870495911097 0.0009902567737764614
v 0.010779300248012214 0.012160340886728238 0.0009894744627766267
v 0.01079231027365457 0.012154410939547167 0.001029402066487356
v 0.010779300248012214 0.012160340886728238 0.0009894744627766267
v 0.010779430901399767 0.012164060216738881 0.0010405030744761734
v 0.010779430901399767 0.012164060216738881 0.0010405030744761734
v 0.010779300248012214 0.012160340886728238 0.0009894744627766267
v 0.010769490753527733 0.012171110731294954 0.0010490789911737908
v 0.010769490753527733 0.012171110731294954 0.0010490789911737908
v 0.010779300248012214 0.012160340886728238 0.0009894744627766267
v 0.010763650451736662 0.012170230489859102 0.0009887293450768983
v 0.010769490753527733 0.012171110731294954 0.0010490789911737908
v 0.010763650451736662 0.012170230489859102 0.0009887293450768983
v 0.01076384023293464 0.012174970251436767 0.001053959062091922
v 0.01076384023293464 0.012174970251436767 0.001053959062091922
v 0.010763650451736662 0.012170230489859102 0.0009887293450768983
v 0.010747660193713982 0.012179530722234433 0.0009880364410484732
v 0.01076384023293464 0.012174970251436767 0.001053959062091922
v 0.010747660193713982 0.012179530722234433 0.0009880364410484732
v 0.010745720420062277 0.012186670882180506 0.0010695760758112904
v 0.010745720420062277 0.012186670882180506 0.0010695760758112904
v 0.010747660193713982 0.012179530722234433 0.0009880364410484732
v 0.010731340918036514 0.01218823013976189 0.0009873807303201546
v 0.010745720420062277 0.012186670882180506 0.0010695760758112904
v 0.010731340918036514 0.01218823013976189 0.0009873807303201546
v 0.010731620344624493 0.012195090873119985 0.00108174209964354
v 0.010731620344624493 0.012195090873119985 0.00108174209964354
v 0.010731340918036514 0.01218823013976189 0.0009873807303201546
v 0.010721010717350543 0.012201040847462652 0.0010908920090976076
v 0.010721010717350543 0.012201040847462652 0.0010908920090976076
v 0.010731340918036514 0.01218823013976189 0.0009873807303201546
v 0.010714730771678727 0.012196310622628603 0.0009867772332631392
v 0.010721010717350543 0.012201040847462652 0.0010908920090976076
v 0.010714730771678727 0.012196310622628603 0.0009867772332631392
v 0.010715060743007876 0.012204250915364145 0.0010960250421401807
v 0.010715060743007876 0.012204250915364145 0.0010960250421401807
v 0.010714730771678727 0.012196310622628603 0.0009867772332631392
v 0.010697830708314982 0.012203770263485847 0.0009862185589011238
v 0.010715060743007876 0.012204250915364145 0.0010960250421401807
v 0.010697830708314982 0.012203770263485847 0.0009862185589011238
v 0.010695350201300191 0.012214190109561818 0.0011130199961029152
v 0.010695350201300191 0.012214190109561818 0.0011130199961029152
v 0.010697830708314982 0.012203770263485847 0.0009862185589011238
v 0.010680690319012087 0.012210600479264366 0.000985704468815518
v 0.010695350201300191 0.012214190109561818 0.0011130199961029152
v 0.010680690319012087 0.012210600479264366 0.000985704468815518
v 0.010681130916567194 0.012220740898752358 0.0011252910433242475
v 0.010681130916567194 0.012220740898752358 0.0011252910433242475
v 0.010680690319012087 0.012210600479264366 0.000985704468815518
v 0.010663310557444405 0.012216790779546183 0.0009852424731919204
v 0.010681130916567194 0.012220740898752358 0.0011252910433242475
v 0.010663310557444405 0.012216790779546183 0.0009852424731919204
v 0.01066876080642154 0.012226040467180344 0.0011359680238499925
v 0.01066876080642154 0.012226040467180344 0.0011359680238499925
v 0.010663310557444405 0.012216790779546183 0.0009852424731919204
v 0.010645730524260766 0.012222330673913318 0.0009848326316349784
v 0.01066876080642154 0.012226040467180344 0.0011359680238499925
v 0.010645730524260766 0.012222330673913318 0.0009848326316349784
v 0.010646290331111086 0.012234720811220567 0.001155339057484911
v 0.010646290331111086 0.012234720811220567 0.001155339057484911
v 0.010645730524260766 0.012222330673913318 0.0009848326316349784
v 0.010640640764192355 0.012223810776522681 0.000984720932525364
v 0.010646290331111086 0.012234720811220567 0.001155339057484911
v 0.010640640764192355 0.012223810776522681 0.000984720932525364
v 0.010641210107786292 0.012236520394741102 0.0011597281053160602
usemtl material_01000
f 1 2 3
f 4 5 6
f 7 8 9
f 10 11 12
f 13 14 15
f 16 17 18
f 19 20 21
f 22 23 24
f 25 26 27
f 28 29 30
f 31 32 33
f 34 35 36
f 37 38 39
f 40 41 42
f 43 44 45
f 46 47 48
f 49 50 51
f 52 53 54
f 55 56 57
f 58 59 60
f 61 62 63
f 64 65 66
f 67 68 69
f 70 71 72
f 73 74 75
f 76 77 78
f 79 80 81
f 82 83 84
f 85 86 87
f 88 89 90
f 91 92 93
f 94 95 96
f 97 98 99
f 100 101 102
f 103 104 105
f 106 107 108
f 109 110 111
f 112 113 114
f 115 116 117
f 118 119 120
f 121 122 123
f 124 125 126
f 127 128 129
f 130 131 132
f 133 134 135
f 136 137 138
f 139 140 141
f 142 143 144
f 145 146 147
f 148 149 150
f 151 152 153
f 154 155 156
f 157 158 159
f 160 161 162
f 163 164 165
f 166 167 168
f 169 170 171
f 172 173 174
f 175 176 177
f 178 179 180
f 181 182 183
f 184 185 186
f 187 188 189
f 190 191 192
f 193 194 195
f 196 197 198
f 199 200 201
f 202 203 204
f 205 206 207
f 208 209 210
f 211 212 213
f 214 215 216
f 217 218 219
f 220 221 222
f 223 224 225
f 226 227 228
f 229 230 231
f 232 233 234
f 235 236 237
f 238 239 240
f 241 242 243
f 244 245 246
f 247 248 249
f 250 251 252
f 253 254 255
f 256 257 258
f 259 260 261
f 262 263 264
f 265 266 267
f 268 269 270
f 271 272 273
f 274 275 276
f 277 278 279
f 280 281 282
f 283 284 285
f 286 287 288
f 289 290 291
f 292 293 294
f 295 296 297
f 298 299 300
f 301 302 303
f 304 305 306
f 307 308 309
f 310 311 312
f 313 314 315
f 316 317 318
f 319 320 321
f 322 323 324
f 325 326 327
f 328 329 330
f 331 332 333
f 334 335 336
f 337 338 339
f 340 341 342
f 343 344 345
f 346 347 348
f 349 350 351
f 352 353 354
f 355 356 357
f 358 359 360
f 361 362 363
f 364 365 366
f 367 368 369
f 370 371 372
f 373 374 375
f 376 377 378
f 379 380 381
f 382 383 384
f 385 386 387
f 388 389 390
f 391 392 393
f 394 395 396
f 397 398 399
f 400 401 402
f 403 404 405
f 406 407 408
f 409 410 411
f 412 413 414
f 415 416 417
f 418 419 420
f 421 422 423
f 424 425 426
f 427 428 429
f 430 431 432
f 433 434 435
f 436 437 438
f 439 440 441
f 442 443 444
f 445 446 447
f 448 449 450
f 451 452 453
f 454 455 456
f 457 458 459
f 460 461 462
f 463 464 465
f 466 467 468
f 469 470 471
f 472 473 474
f 475 476 477
f 478 479 480
f 481 482 483
f 484 485 486
f 487 488 489
f 490 491 492
f 493 494 495
f 496 497 498
f 499 500 501
f 502 503 504
f 505 506 507
f 508 509 510
f 511 512 513
f 514 515 516
f 517 518 519
f 520 521 522
f 523 524 525
f 526 527 528
f 529 530 531
f 532 533 534
f 535 536 537
f 538 539 540
f 541 542 543
f 544 545 546
f 547 548 549
f 550 551 552
f 553 554 555
f 556 557 558
f 559 560 561
f 562 563 564
f 565 566 567
f 568 569 570
f 571 572 573
f 574 575 576
f 577 578 579
f 580 581 582
f 583 584 585
f 586 587 588
f 589 590 591
f 592 593 594
f 595 596 597
f 598 599 600
f 601 602 603
f 604 605 606
f 607 608 609
f 610 611 612
f 613 614 615
f 616 617 618
f 619 620 621
f 622 623 624
f 625 626 627
f 628 629 630
f 631 632 633
f 634 635 636
f 637 638 639
f 640 641 642
f 643 644 645
f 646 647 648
f 649 650 651
f 652 653 654
f 655 656 657
f 658 659 660
f 661 662 663
f 664 665 666
f 667 668 669
f 670 671 672
f 673 674 675
f 676 677 678
f 679 680 681
f 682 683 684
f 685 686 687
f 688 689 690
f 691 692 693
f 694 695 696
f 697 698 699
f 700 701 702
f 703 704 705
f 706 707 708
f 709 710 711
f 712 713 714
f 715 716 717
f 718 719 720
f 721 722 723
f 724 725 726
f 727 728 729
f 730 731 732
f 733 734 735
f 736 737 738
f 739 740 741
f 742 743 744
f 745 746 747
f 748 749 750
f 751 752 753
f 754 755 756
f 757 758 759
f 760 761 762
f 763 764 765
f 766 767 768
f 769 770 771
f 772 773 774
f 775 776 777
f 778 779 780
f 781 782 783
f 784 785 786
f 787 788 789
f 790 791 792
f 793 794 795
f 796 797 798
f 799 800 801
f 802 803 804
f 805 806 807
f 808 809 810
f 811 812 813
f 814 815 816
f 817 818 819
f 820 821 822
f 823 824 825
f 826 827 828
f 829 830 831
f 832 833 834
f 835 836 837
f 838 839 840
f 841 842 843
f 844 845 846
f 847 848 849
f 850 851 852
f 853 854 855
f 856 857 858
f 859 860 861
f 862 863 864
f 865 866 867
f 868 869 870
f 871 872 873
f 874 875 876
f 877 878 879
f 880 881 882
f 883 884 885
f 886 887 888
f 889 890 891
f 892 893 894
f 895 896 897
f 898 899 900
f 901 902 903
f 904 905 906
f 907 908 909
f 910 911 912
f 913 914 915
f 916 917 918
f 919 920 921
f 922 923 924
f 925 926 927
f 928 929 930
f 931 932 933
f 934 935 936
f 937 938 939
f 940 941 942
f 943 944 945
f 946 947 948
f 949 950 951
f 952 953 954
f 955 956 957
f 958 959 960
f 961 962 963
f 964 965 966
f 967 968 969
f 970 971 972
f 973 974 975
f 976 977 978
f 979 980 981
f 982 983 984
f 985 986 987
f 988 989 990
f 991 992 993
f 994 995 996
f 997 998 999
f 1000 1001 1002
f 1003 1004 1005
f 1006 1007 1008
f 1009 1010 1011
f 1012 1013 1014
f 1015 1016 1017
f 1018 1019 1020
f 1021 1022 1023
f 1024 1025 1026
f 1027 1028 1029
f 1030 1031 1032
f 1033 1034 1035
f 1036 1037 1038
f 1039 1040 1041
f 1042 1043 1044
f 1045 1046 1047
f 1048 1049 1050
f 1051 1052 1053
f 1054 1055 1056
f 1057 1058 1059
f 1060 1061 1062
f 1063 1064 1065
f 1066 1067 1068
f 1069 1070 1071
f 1072 1073 1074
f 1075 1076 1077
f 1078 1079 1080
f 1081 1082 1083
f 1084 1085 1086
f 1087 1088 1089
f 1090 1091 1092
f 1093 1094 1095
f 1096 1097 1098
f 1099 1100 1101
f 1102 1103 1104
f 1105 1106 1107
f 1108 1109 1110
f 1111 1112 1113
f 1114 1115 1116
f 1117 1118 1119
f 1120 1121 1122
f 1123 1124 1125
f 1126 1127 1128
f 1129 1130 1131
f 1132 1133 1134
f 1135 1136 1137
f 1138 1139 1140
f 1141 1142 1143
f 1144 1145 1146
f 1147 1148 1149
f 1150 1151 1152
f 1153 1154 1155
f 1156 1157 1158
f 1159 1160 1161
f 1162 1163 1164
f 1165 1166 1167
f 1168 1169 1170
f 1171 1172 1173
f 1174 1175 1176
f 1177 1178 1179
f 1180 1181 1182
f 1183 1184 1185
f 1186 1187 1188
f 1189 1190 1191
f 1192 1193 1194
f 1195 1196 1197
f 1198 1199 1200
f 1201 1202 1203
f 1204 1205 1206
f 1207 1208 1209
f 1210 1211 1212
f 1213 1214 1215
f 1216 1217 1218
f 1219 1220 1221
f 1222 1223 1224
f 1225 1226 1227
f 1228 1229 1230
f 1231 1232 1233
f 1234 1235 1236
f 1237 1238 1239
f 1240 1241 1242
f 1243 1244 1245
f 1246 1247 1248
f 1249 1250 1251
f 1252 1253 1254
f 1255 1256 1257
f 1258 1259 1260
f 1261 1262 1263
f 1264 1265 1266
f 1267 1268 1269
f 1270 1271 1272
f 1273 1274 1275
f 1276 1277 1278
f 1279 1280 1281
f 1282 1283 1284
f 1285 1286 1287
f 1288 1289 1290
f 1291 1292 1293
f 1294 1295 1296
f 1297 1298 1299
f 1300 1301 1302
f 1303 1304 1305
f 1306 1307 1308
f 1309 1310 1311
f 1312 1313 1314
f 1315 1316 1317
f 1318 1319 1320
f 1321 1322 1323
f 1324 1325 1326
f 1327 1328 1329
f 1330 1331 1332
f 1333 1334 1335
f 1336 1337 1338
f 1339 1340 1341
f 1342 1343 1344
f 1345 1346 1347
f 1348 1349 1350
f 1351 1352 1353
f 1354 1355 1356
f 1357 1358 1359
f 1360 1361 1362
f 1363 1364 1365
f 1366 1367 1368
f 1369 1370 1371
f 1372 1373 1374
f 1375 1376 1377
f 1378 1379 1380
f 1381 1382 1383
f 1384 1385 1386
f 1387 1388 1389
f 1390 1391 1392
f 1393 1394 1395
f 1396 1397 1398
f 1399 1400 1401
f 1402 1403 1404
f 1405 1406 1407
f 1408 1409 1410
f 1411 1412 1413
f 1414 1415 1416
f 1417 1418 1419
f 1420 1421 1422
f 1423 1424 1425
f 1426 1427 1428
f 1429 1430 1431
f 1432 1433 1434
f 1435 1436 1437
f 1438 1439 1440
f 1441 1442 1443
f 1444 1445 1446
f 1447 1448 1449
f 1450 1451 1452
f 1453 1454 1455
f 1456 1457 1458
f 1459 1460 1461
f 1462 1463 1464
f 1465 1466 1467
f 1468 1469 1470
f 1471 1472 1473
f 1474 1475 1476
f 1477 1478 1479
f 1480 1481 1482
f 1483 1484 1485
f 1486 1487 1488
f 1489 1490 1491
f 1492 1493 1494
f 1495 1496 1497
f 1498 1499 1500
f 1501 1502 1503
f 1504 1505 1506
f 1507 1508 1509
f 1510 1511 1512
f 1513 1514 1515
f 1516 1517 1518
f 1519 1520 1521
f 1522 1523 1524
f 1525 1526 1527
f 1528 1529 1530
f 1531 1532 1533
f 1534 1535 1536
f 1537 1538 1539
f 1540 1541 1542
f 1543 1544 1545
f 1546 1547 1548
f 1549 1550 1551
f 1552 1553 1554
f 1555 1556 1557
f 1558 1559 1560
f 1561 1562 1563
f 1564 1565 1566
f 1567 1568 1569
f 1570 1571 1572
f 1573 1574 1575
f 1576 1577 1578
f 1579 1580 1581
f 1582 1583 1584
f 1585 1586 1587
f 1588 1589 1590
f 1591 1592 1593
f 1594 1595 1596
f 1597 1598 1599
f 1600 1601 1602
f 1603 1604 1605
f 1606 1607 1608
f 1609 1610 1611
f 1612 1613 1614
f 1615 1616 1617
f 1618 1619 1620
f 1621 1622 1623
f 1624 1625 1626
f 1627 1628 1629
f 1630 1631 1632
f 1633 1634 1635
f 1636 1637 1638
f 1639 1640 1641
f 1642 1643 1644
f 1645 1646 1647
f 1648 1649 1650
f 1651 1652 1653
f 1654 1655 1656
f 1657 1658 1659
f 1660 1661 1662
f 1663 1664 1665
f 1666 1667 1668
f 1669 1670 1671
f 1672 1673 1674
f 1675 1676 1677
f 1678 1679 1680
f 1681 1682 1683
f 1684 1685 1686
f 1687 1688 1689
f 1690 1691 1692
f 1693 1694 1695
f 1696 1697 1698
f 1699 1700 1701
f 1702 1703 1704
f 1705 1706 1707
f 1708 1709 1710
f 1711 1712 1713
f 1714 1715 1716
f 1717 1718 1719
f 1720 1721 1722
f 1723 1724 1725
f 1726 1727 1728
f 1729 1730 1731
f 1732 1733 1734
f 1735 1736 1737
f 1738 1739 1740
f 1741 1742 1743
f 1744 1745 1746
f 1747 1748 1749
f 1750 1751 1752
f 1753 1754 1755
f 1756 1757 1758
f 1759 1760 1761
f 1762 1763 1764
f 1765 1766 1767
f 1768 1769 1770
f 1771 1772 1773
f 1774 1775 1776
f 1777 1778 1779
f 1780 1781 1782
f 1783 1784 1785
f 1786 1787 1788
f 1789 1790 1791
f 1792 1793 1794
f 1795 1796 1797
f 1798 1799 1800
f 1801 1802 1803
f 1804 1805 1806
f 1807 1808 1809
f 1810 1811 1812
f 1813 1814 1815
f 1816 1817 1818
f 1819 1820 1821
f 1822 1823 1824
f 1825 1826 1827
f 1828 1829 1830
f 1831 1832 1833
f 1834 1835 1836
f 1837 1838 1839
f 1840 1841 1842
f 1843 1844 1845
f 1846 1847 1848
f 1849 1850 1851
f 1852 1853 1854
f 1855 1856 1857
f 1858 1859 1860
f 1861 1862 1863
f 1864 1865 1866
f 1867 1868 1869
f 1870 1871 1872
f 1873 1874 1875
f 1876 1877 1878
f 1879 1880 1881
f 1882 1883 1884
f 1885 1886 1887
f 1888 1889 1890
f 1891 1892 1893
f 1894 1895 1896
f 1897 1898 1899
f 1900 1901 1902
f 1903 1904 1905
f 1906 1907 1908
f 1909 1910 1911
f 1912 1913 1914
f 1915 1916 1917
f 1918 1919 1920
f 1921 1922 1923
f 1924 1925 1926
f 1927 1928 1929
f 1930 1931 1932
f 1933 1934 1935
f 1936 1937 1938
f 1939 1940 1941
f 1942 1943 1944
f 1945 1946 1947
f 1948 1949 1950
f 1951 1952 1953
f 1954 1955 1956
f 1957 1958 1959
f 1960 1961 1962
f 1963 1964 1965
f 1966 1967 1968
f 1969 1970 1971
f 1972 1973 1974
f 1975 1976 1977
f 1978 1979 1980
f 1981 1982 1983
f 1984 1985 1986
